timestamps,Speed
s,m/s
0.0,7.1530000000000005
9.99e-07,7.1530000000000005
2e-06,7.1530000000000005
3e-06,7.1530000000000005
4e-06,7.1530000000000005
0.00705,7.144341704171175
0.19775,6.910004915296521
0.197751,6.91000368647295
0.197752,6.910002457648261
0.197753,6.910001228824689
0.197754,6.91
0.20045,6.906694611502954
0.39525,6.667863128153432
0.39595,6.667004904136665
0.395951,6.667003678103057
0.395952,6.667002452068332
0.395953,6.667001226033609
0.395954,6.667
0.40055,6.660772861476555
0.59375,6.399005419615143
0.593751,6.399004064711974
0.593752,6.399002709807572
0.593753,6.39900135490317
0.593754,6.399
0.59645,6.394207111110284
0.79175,6.047007111111902
0.791751,6.047005333333522
0.791752,6.047003555555143
0.791753,6.047001777778379
0.791754,6.047
0.79445,6.044685252525634
0.98975,5.877003434343816
0.989750999,5.8770025757576665
0.989752,5.877001717172298
0.989753,5.877000858586149
0.989754,5.877
0.99245,5.870886343435323
1.18775,5.4280090707060165
1.187751,5.428006803030543
1.187752,5.428004535353009
1.187753,5.428002267675473
1.187754,5.428
1.19045,5.421770090816266
1.3853,4.971511261350982
1.38595,4.970009243187624
1.385951,4.970006932389667
1.385952,4.970004621593812
1.385953,4.970002310795855
1.385954,4.97
1.3886,4.964756157733477
1.58375,4.578007927200073
1.583751,4.578005945399604
1.583752,4.5780039636009375
1.583753,4.578001981800469
1.583754,4.578
1.58645,4.574528755365374
1.7818,4.323005150215165
1.781801,4.323003862661081
1.781802,4.323002575108168
1.781803,4.323001287554084
1.781804,4.323
1.78325,4.32046046934262
1.9793,3.9761485844048554
1.97995,3.9750070249802585
1.979951,3.975005268734396
1.979952,3.9750035124901295
1.979953,3.975001756244266
1.979954,3.975
2.1778,3.626007055851176
2.177801,3.6260052918879806
2.177802,3.6260035279247855
2.177803,3.626001763963195
2.177804,3.626
2.18045,3.624117153671524
2.3753,3.485465374716405
2.37595,3.485002846328855
2.375951,3.4850021347464795
2.375952,3.4850014231647517
2.375953,3.485000711582376
2.375954,3.485
2.3786,3.4760695843768628
2.5733,2.818944897346675
2.57565,2.8110135002518764
2.575651,2.81101012518814
2.575652,2.811006750127473
2.575653,2.8110033750637364
2.575654,2.811
2.7718,2.607004160082033
2.771801,2.607003120061288
2.771802,2.607002080040544
2.771803,2.607001040020745
2.771804,2.607
2.7733,2.6041612616707184
2.9693,2.2322409992437464
2.96995,2.231007590210281
2.969951,2.231005692657279
2.969952,2.231003795106004
2.969953,2.2310018975530017
2.969954,2.231
3.16945,1.8330079799507617
3.169451,1.8330059849626177
3.169452,1.8330039899744737
3.169453,1.833001994988144
3.169454,1.833
3.17215,1.829775776081952
3.3653,1.5987821374050528
3.36595,1.5980047837155444
3.365951,1.5980035877863863
3.365952,1.5980023918572286
3.365953,1.5980011959291582
3.365954,1.598
3.36865,1.5932479595967437
3.5633,1.2501527575764524
3.56395,1.2490070505058344
3.563951,1.249005287878975
3.563952,1.2490035252537188
3.563953,1.2490017626268597
3.563954,1.249
3.7613,0.8884688266452694
3.7621,0.8870073075944069
3.762101,0.8870054806949744
3.762102,0.8870036537972035
3.762103,0.887001826897771
3.762104,0.887
3.9593,0.3000952804447915
3.96,0.298011905001143
3.960001,0.2980089287522107
3.960002,0.2980059525005715
3.960003,0.2980029762489323
3.960004,0.298
4.15735,0.3308909999999343
4.158,0.3309993333332592
4.158001,0.3309994999999823
4.158002,0.3309996666667054
4.158003,0.3309998333332769
4.158004,0.331
4.35535,0.2233567272729422
4.356,0.2230021818184243
4.356001,0.2230016363636942
4.356002,0.2230010909094602
4.356003,0.2230005454547301
4.356004,0.223
4.3586,0.2220035555557992
4.55335,0.1472510303028336
4.554,0.1470015353533569
4.554001,0.1470011515151922
4.554002,0.1470007676766784
4.554003,0.1470003838381646
4.554004,0.147
4.75135,0.1061663588191267
4.75215,0.1060008276557201
4.752151,0.1060006207418841
4.752152,0.10600041382786
4.752153,0.1060002069140241
4.752154,0.106
4.94935,0.0083239423807863
4.95,0.008001981299184
4.950001,0.0080014859742754
4.950002,0.0080009906498172
4.950003,0.0080004953249086
4.950004,0.008
5.14735,0.0040132121212017
5.148,0.0040000808080714
5.148001,0.0040000606060627
5.148002,0.0040000404040357
5.148003,0.0040000202020086
5.148004,0.004
5.34535,0.1584880303027218
5.346,0.1589968686865206
5.346001,0.1589976515150684
5.346002,0.1589984343436163
5.346003,0.1589992171714521
5.346004,0.159
5.3486,0.1589082222222125
5.54335,0.1520231212121031
5.544,0.152000141414125
5.544001,0.1520001060605776
5.544002,0.1520000707070624
5.544003,0.1520000353535151
5.544004,0.152
5.741349999,0.2377159393941632
5.742,0.2379982626264645
5.742001,0.2379986969696509
5.742002,0.2379991313132322
5.742003,0.2379995656564186
5.742003999,0.238
5.93935,0.1344219833460777
5.94015,0.1340020994198649
5.940151,0.1340015745647794
5.940152,0.1340010497096938
5.940153,0.1340005248550856
5.940154,0.134
6.13735,0.1599075088428445
6.13805,0.1599994744820032
6.138051,0.1599996058615323
6.138052,0.1599997372410613
6.138053,0.1599998686204709
6.138054,0.16
6.33535,0.1938449243187931
6.33625,0.1939993138243435
6.336251,0.1939994853682966
6.336252,0.1939996569122497
6.336253,0.1939998284560468
6.336254,0.194
6.33885,0.1926347206066882
6.5334,0.0903176536029491
6.534,0.0900021036664791
6.534001,0.0900015777497397
6.534002,0.0900010518334787
6.534003,0.0900005259167393
6.534004,0.09
6.7314,0.0700761039617054
6.73215,0.0700004037345894
6.732151,0.0700003028009191
6.732152,0.0700002018673406
6.732153,0.0700001009336703
6.732154,0.07
6.9294,0.1496953535354787
6.93015,0.1499983838385716
6.930151,0.149998787878745
6.930152,0.1499991919192858
6.930153,0.1499995959598266
6.930154,0.15
7.1274,0.1420244225423602
7.128,0.1420001617387089
7.128001,0.1420001213040225
7.128002,0.1420000808693728
7.128003,0.1420000404346864
7.128004,0.142
7.32535,0.1529498411097355
7.32625,0.1529997780580333
7.326251,0.1529998335434997
7.326252,0.1529998890290166
7.326253,0.1529999445145335
7.326254,0.153
7.32885,0.1515839999998567
7.5234,0.0454658181817575
7.52425,0.0450021818184243
7.524251,0.0450016363636942
7.524252,0.0450010909089641
7.524253,0.0450005454547301
7.524254,0.045
7.7214,0.0738822126799338
7.7222,0.0739994139935007
7.722201,0.0739995604950589
7.722202,0.0739997069967503
7.722203,0.0739998534984418
7.722204,0.074
7.9194,0.0401380606061022
7.9202,0.0400006868687632
7.920201,0.0400005151515333
7.920202,0.0400003434343035
7.920203,0.0400001717172298
7.920204,0.04
8.1174,0.1296345454548469
8.1182,0.1299981818183931
8.118201,0.1299986363640015
8.118202,0.1299990909091965
8.118203,0.1299995454548049
8.118204,0.13
8.3154,0.1568767895001919
8.3163,0.1569994548207369
8.316301,0.1569995911155837
8.316302,0.1569997274104304
8.316303,0.1569998637051532
8.316304,0.157
8.31885,0.1552383737375765
8.5134,0.0206254949498025
8.5143,0.0200027676770753
8.514301,0.0200020757576491
8.514302,0.0200013838388523
8.514303,0.0200006919194261
8.514304,0.02
8.7114,0.0847359272361953
8.7122,0.0849986862053068
8.712201,0.0849990146538307
8.712202,0.0849993431026534
8.712203,0.084999671551476
8.712204,0.085
8.9094,0.0700609090909274
8.9102,0.0700003030302678
8.910201,0.0700002272727353
8.910202,0.0700001515151339
8.910203,0.0700000757576014
8.910204,0.07
9.1074,0.0640243636363709
9.1082,0.0640001212121346
9.108201,0.0640000909090941
9.108202,0.0640000606060811
9.108203,0.0640000303030405
9.108204,0.064
9.3054,0.1097554401010247
9.30645,0.1099990718790485
9.306451,0.1099993039091809
9.306452,0.1099995359395243
9.306453,0.1099997679698676
9.306454,0.11
9.30905,0.1094751579478876
9.5034,0.0701827647208378
9.5043,0.0700008086935445
9.504301,0.0700006065201124
9.504302,0.0700004043468642
9.504303,0.0700002021734321
9.504304,0.07
9.70145,0.0202533434268603
9.70245,0.0200010093364735
9.702451,0.0200007570022977
9.702452,0.0200005046683515
9.702453,0.0200002523341757
9.702454,0.02
9.89945,0.0309552881698549
9.90025,0.0309997775530591
9.900251,0.030999833164807
9.900252,0.0309998887765043
9.900253,0.0309999443882521
9.900254,0.031
10.09775,0.0359809836065652
10.0985,0.0359998991172879
10.098501,0.0359999243379544
10.098502,0.0359999495586439
10.098503,0.0359999747793334
10.098504,0.036
10.29545,0.0459492801212101
10.29645,0.0459997979287474
10.296451,0.045999848446572
10.296452,0.0459998989643507
10.296453,0.0459999494821753
10.296454,0.046
10.29905,0.0471024469158044
10.49345,0.1296585642061652
10.49425,0.1299983013142702
10.494251,0.1299987259857992
10.494252,0.129999150656942
10.494253,0.129999575328471
10.494254,0.13
10.69145,0.1867112613522443
10.69245,0.1869988496466935
10.692451,0.1869991372350855
10.692452,0.1869994248234775
10.692453,0.1869997124116079
10.692454,0.187
10.88945,0.0365757471559547
10.8902,0.0360030543619071
10.890201,0.0360022907712567
10.890202,0.0360015271813008
10.890203,0.0360007635906504
10.890204,0.036
11.08745,0.1037239484977703
11.08825,0.1039986266092894
11.088251,0.1039989699570451
11.088252,0.1039993133044885
11.088253,0.1039996566522443
11.088254,0.104
11.28545,0.0892029014507594
11.28815,0.0890003001501084
11.288151,0.0890002251125642
11.288152,0.08900015007502
11.288153,0.0890000750375441
11.288154,0.089
11.29075,0.0892909424350788
11.48345,0.1108874783494941
11.48445,0.1109995517066236
11.484451,0.1109996637800187
11.484452,0.1109997758533118
11.484453,0.1109998879267068
11.484454,0.111
11.6815,0.0513041656146647
11.6825,0.0510012118150573
11.682501,0.0510009088611552
11.682502,0.0510006059075286
11.682503,0.0510003029536265
11.682504,0.051
11.8795,0.0907971717172247
11.8805,0.0909991919192858
11.880501,0.0909993939393725
11.880502,0.0909995959596429
11.880503,0.0909997979797295
11.880504,0.091
12.0775,0.0113050316058038
12.07825,0.0110016182049839
12.078251,0.0110012136536459
12.078252,0.0110008091023079
12.078253,0.0110004045513379
12.078254,0.011
12.2755,0.0269189709962377
12.2765,0.0269996771753212
12.276501,0.0269997578814542
12.276502,0.0269998385876606
12.276503,0.026999919293867
12.276504,0.027
12.281,0.0289982222224288
12.4735,0.1145537777778945
12.4745,0.1149982222224288
12.474501,0.1149986666666195
12.474502,0.1149991111112144
12.474503,0.1149995555554051
12.474504,0.115
12.67145,0.1020692020202212
12.6725,0.1020002626262918
12.672501,0.1020001969697039
12.672502,0.1020001313131757
12.672503,0.1020000656565879
12.672504,0.102
12.86945,0.0383406868684891
12.8705,0.0380012929291426
12.870501,0.038000969697004
12.870502,0.0380006464645713
12.870503,0.0380003232321386
12.870504,0.038
13.0675,0.0469656839443884
13.06825,0.0469998179519807
13.068251,0.0469998634639648
13.068252,0.0469999089759903
13.068253,0.0469999544879744
13.068254,0.047
13.2655,0.0559544211853426
13.2665,0.0559998184110769
13.266501,0.055999863808318
13.266502,0.0559999092055178
13.266503,0.0559999546027589
13.266504,0.056
13.2691,0.0566293333331794
13.4635,0.1037566060606686
13.4645,0.103999030303143
13.464501,0.103999272727247
13.464502,0.1039995151515715
13.464503,0.103999757575896
13.464504,0.104
13.6631,0.0811328760951756
13.66425,0.0810004605757708
13.664251,0.0810003454318019
13.664252,0.0810002302879377
13.664253,0.0810001151439688
13.664254,0.081
13.8595,0.0581234946510791
13.86055,0.0580004686704545
13.860551,0.0580003515028142
13.860552,0.058000234335174
13.860553,0.0580001171676402
13.860554,0.058
14.0575,0.058
14.05855,0.058
14.058551,0.058
14.058552,0.058
14.058553,0.058
14.058554,0.058
14.2555,0.154483646464946
14.25655,0.1549980404042681
14.256551,0.1549985303029783
14.256552,0.154999020202134
14.256553,0.1549995101012898
14.256554,0.155
14.2591,0.1544717975963298
14.4535,0.1141408678052317
14.6518,0.0730008298546147
14.651801,0.0730006223909138
14.651802,0.0730004149274017
14.651803,0.0730002074637008
14.651804,0.073
14.6546,0.0732259393939208
14.8498,0.0889996767677143
14.849801,0.0889997575757489
14.849802,0.0889998383838571
14.849803,0.0889999191919653
14.849804,0.089
14.85265,0.0889856262626246
15.0478,0.0880000202020224
15.047801,0.0880000151515156
15.047802,0.0880000101010089
15.047803,0.0880000050505067
15.047804,0.088
15.0506,0.089059090908999
15.2458,0.1629984848483164
15.245801,0.1629988636363234
15.245802,0.1629992424239859
15.245803,0.162999621211993
15.245804,0.163
15.2486,0.161390181818314
15.4438,0.0490023030300354
15.443801,0.0490017272727883
15.443802,0.0490011515150177
15.443803,0.049000575757247
15.443804,0.049
15.4464,0.0500357777778826
15.44675,0.0501754242426298
15.6418,0.1279984040402266
15.641801,0.1279988030302606
15.641802,0.1279992020202947
15.641803,0.1279996010099659
15.641804,0.128
15.6446,0.127266437941535
15.84,0.076001049444883
15.840001,0.0760007870837816
15.840002,0.0760005247224415
15.840003,0.0760002623611014
15.840004,0.076
15.8426,0.0773111111112438
16.038,0.1759979797977552
16.038001,0.1759984848484312
16.038002,0.1759989898991072
16.038003,0.1759994949493239
16.038004,0.176
16.04085,0.1796105433401722
16.23585,0.4269949254491618
16.235851,0.4269961940862944
16.235852,0.4269974627245809
16.235853,0.4269987313628673
16.235854,0.427
16.2387,0.4269712452639524
16.4338,0.4250000404142505
16.433801,0.4250000303106855
16.433802,0.4250000202071298
16.433803,0.4250000101035649
16.433804,0.425
16.4364,0.422548841202323
16.4368,0.4221711587989842
16.63185,0.2380037768244542
16.631851,0.2380028326181259
16.631852,0.2380018884126565
16.631853,0.2380009442063282
16.631854,0.238
16.63465,0.2374921493441396
16.83005,0.2020007265389304
16.830051,0.2020005449041565
16.830052,0.2020003632693826
16.830053,0.2020001816347739
16.830054,0.202
16.83265,0.2018174585635809
17.02915,0.1880002812657269
17.029151,0.1880002109492791
17.029152,0.1880001406328314
17.029153,0.1880000703164477
17.029154,0.188
17.03175,0.1889766344688324
17.22585,0.2619984951701428
17.225851,0.2619988713776927
17.225852,0.2619992475849003
17.225853,0.2619996237924502
17.225854,0.262
17.22865,0.2604482341070933
17.42405,0.1520022199800651
17.424051,0.1520016649849226
17.424052,0.1520011099902849
17.424053,0.1520005549951424
17.424054,0.152
17.42665,0.1519212537917282
17.4268,0.1519167037411491
17.62185,0.1460001213346949
17.621851,0.1460000910010143
17.621852,0.1460000606673336
17.621853,0.1460000303336806
17.621854,0.146
17.62465,0.1467335620584649
17.82005,0.1979989505551169
17.820051,0.1979992129162184
17.820052,0.1979994752775584
17.820053,0.1979997376386599
17.820054,0.198
17.82265,0.197882356495456
18.01865,0.1890001812688611
18.018651,0.1890001359516664
18.018652,0.1890000906344305
18.018652999,0.1890000453171946
18.018654,0.189
18.0213,0.1870812474645709
18.21585,0.0460029006088416
18.215851,0.0460021754564664
18.215852,0.046001450304091
18.215853,0.0460007251523753
18.215854,0.046
18.2187,0.0459856443884014
18.4141,0.0450000201765424
18.414101,0.0450000151324091
18.414102,0.0450000100882712
18.414103,0.0450000050441333
18.414104,0.045
18.41665,0.0453862452592592
18.4168,0.0454090012642931
18.61185,0.074999393173269
18.611851,0.0749995448798827
18.611852,0.0749996965866345
18.611853,0.0749998482932482
18.611854,0.075
18.6147,0.0747703102143505
18.8101,0.0590003228247521
18.810101,0.0590002421185457
18.810102,0.0590001614124127
18.810103,0.0590000807062063
18.810104,0.059
18.8127,0.0597331114471205
19.0084,0.1149988703982607
19.008401,0.1149991527987597
19.008402,0.1149994351990019
19.008402999,0.1149997175995009
19.008404,0.115
19.011,0.1152100961051582
19.2061,0.1309996762771516
19.206101,0.1309997572078821
19.206102,0.1309998381386126
19.206103,0.1309999190692695
19.206104,0.131
19.20635,0.1309788787879126
19.4041,0.1140003434343816
19.404101,0.1140002575757666
19.404102,0.1140001717172298
19.404103,0.1140000858586149
19.404104,0.114
19.40665,0.1133056363637131
19.40685,0.1132510909093052
19.6021,0.0600010909089641
19.602101,0.0600008181818471
19.602102,0.060000545454482
19.602103,0.060000272727117
19.602104,0.06
19.6047,0.060419555555598
19.8001,0.0919993535352816
19.800101,0.091999515151498
19.800102,0.0919996767677143
19.800103,0.0919998383837836
19.800104,0.092
19.8027,0.0935070166584113
19.9982,0.206997677940704
19.998201,0.206998258455264
19.998201999,0.206998838970352
19.998203,0.2069994194854399
19.998204,0.207
20.0008,0.2051780156524253
20.1956,0.0684590053013306
20.19625,0.0680028073715495
20.196251,0.0680021055289813
20.196252,0.0680014036857747
20.196253,0.0680007018425682
20.196254,0.068
20.3941,0.2179969673992079
20.394101,0.2179977255495783
20.394102,0.2179984836999487
20.394103,0.2179992418496296
20.394104,0.218
20.39665,0.2163930825550924
20.39685,0.2162668518050264
20.59215,0.0930025246152768
20.592151,0.0930018934613141
20.592152,0.0930012623073514
20.592153,0.0930006311539627
20.592154,0.093
20.5947,0.0927044764067963
20.78965,0.0700759121877823
20.7903,0.0700004642947778
20.790301,0.0700003482210569
20.790302,0.0700002321474417
20.790303,0.0700001160737208
20.790304,0.07
20.9881,0.0709999797775508
20.988101,0.0709999848331642
20.988101999,0.0709999898887777
20.988103,0.0709999949443865
20.988104,0.071
20.990699999,0.0714195555554529
21.1861,0.1029993535354286
21.186101,0.1029995151516449
21.186102,0.1029996767677143
21.186103,0.1029998383839306
21.186104,0.103
21.18635,0.1029342013624662
21.38365,0.0501615543779533
21.38425,0.0500010698964186
21.384251,0.0500008024224356
21.384252,0.0500005349482093
21.384253,0.050000267473983
21.384254,0.05
21.38685,0.0499344113188412
21.58215,0.0450001010611302
21.582151,0.0450000757958591
21.582152,0.0450000505305651
21.582153,0.045000025265294
21.582154,0.045
21.5847,0.0478395962651307
21.77965,0.2652705828913085
21.7803,0.265995538732787
21.780301,0.2659966540498438
21.780302,0.2659977693669006
21.780303,0.2659988846829431
21.780304,0.266
21.97815,0.3619980591359344
21.978151,0.3619985443521714
21.978152,0.3619990295679672
21.978153,0.3619995147842042
21.978154,0.362
21.98075,0.35775199999957
22.17615,0.0380065454537847
22.176151,0.0380049090910827
22.176152,0.0380032727268923
22.176153,0.0380016363641902
22.176154,0.038
22.17635,0.0379910976532947
22.37365,0.0290297047691322
22.3743,0.0290001816805652
22.374301,0.0290001362604136
22.374302,0.0290000908402619
22.374303,0.0290000454201516
22.374304,0.029
22.3769,0.0318057777780617
22.57165,0.2422931515147255
22.5723,0.2429956767671961
22.572301,0.2429967575756428
22.572302,0.2429978383831065
22.572303,0.2429989191915532
22.572304,0.243
22.7697,0.1854096177061335
22.7711,0.1850011670018764
22.771101,0.1850008752512746
22.771102,0.1850005835009382
22.771103,0.1850002917503364
22.771104,0.185
22.9677,0.1182052129816892
22.9683,0.1180013590265202
22.968301,0.1180010192698129
22.968302,0.1180006795131056
22.968303,0.1180003397567073
22.968304,0.118
23.1657,0.134948141414155
23.1663,0.1349996565656964
23.166301,0.1349997424243114
23.166302,0.1349998282828482
23.166303,0.1349999141414631
23.166304,0.135
23.36365,0.2416465757578542
23.3643,0.2419978383840896
23.364301,0.2419983787878214
23.364302,0.2419989191920448
23.364303,0.2419994595957766
23.364304,0.242
23.3669,0.2413970411511623
23.56165,0.1961635142640844
23.56235,0.1960009290582106
23.562351,0.1960006967937636
23.562352,0.1960004645291053
23.562353,0.196000232264447
23.562354,0.196
23.75965,0.1581351111111189
23.76035,0.158000767676853
23.760351,0.1580005757575961
23.760352,0.1580003838383392
23.760353,0.1580001919192569
23.760354,0.158
23.9577,0.1659735757575964
23.95835,0.1659998383838571
23.958351,0.1659998787879112
23.958352,0.1659999191919285
23.958353,0.1659999595959826
23.958354,0.166
24.1562,0.0970013949963643
24.156201,0.0970010462471939
24.156202,0.0970006974980235
24.156203,0.0970003487491703
24.156204,0.097
24.1564,0.0969357052737957
24.3537,0.0322145344437327
24.35435,0.0320013121374156
24.354351,0.0320009841029871
24.354352,0.0320006560688569
24.354353,0.0320003280344284
24.354354,0.032
24.35695,0.0349106666659548
24.5517,0.2532667272733018
24.55235,0.2539955151520363
24.552351,0.2539966363645372
24.552352,0.2539977575760181
24.552353,0.253998878788519
24.552354,0.254
24.7497,0.293837698713047
24.750499999,0.2939991925310047
24.750501,0.2939993943981617
24.750501999,0.2939995962655023
24.750503,0.293999798132843
24.750503999,0.294
24.9477,0.1973206368462885
24.94835,0.1970019610818455
24.948351,0.1970014708112726
24.948352,0.1970009805411457
24.948353,0.1970004902705728
24.948354,0.197
25.1457,0.2069669696969956
25.14635,0.2069997979798215
25.146351,0.2069998484848431
25.146352,0.2069998989899107
25.146353,0.2069999494949783
25.146354,0.207
25.3437,0.1751056969697607
25.34435,0.1750006464647183
25.344351,0.175000484848502
25.344352,0.1750003232322856
25.344353,0.1750001616162163
25.344354,0.175
25.34695,0.1734825598385933
25.54215,0.0593822826905537
25.5428,0.0590023381201616
25.542801,0.059001753590387
25.542802,0.0590011690600808
25.542803,0.0590005845303062
25.542804,0.059
25.7397,0.1257275265556121
25.7405,0.1259986444108808
25.740501,0.1259989833083147
25.740502,0.1259993222054404
25.740503,0.1259996611028743
25.740504,0.126
25.9377,0.0263557352198287
25.9384,0.0260020212226049
25.938401,0.0260015159171834
25.938402,0.0260010106113024
25.938403,0.0260005053054214
25.938404,0.026
26.13575,0.0658276488393952
26.1366,0.0659991927345217
26.136601,0.0659993945509372
26.136602,0.0659995963671691
26.136603,0.0659997981835845
26.136604,0.066
26.33375,0.0739654949494992
26.3346,0.0739998383838571
26.334601,0.0739998787878744
26.334602,0.0739999191919285
26.334603,0.0739999595959826
26.334604,0.074
26.33915,0.0757011580278549
26.53175,0.1477739772440554
26.53235,0.1479985031603898
26.532351,0.1479988773703774
26.532352,0.1479992515803651
26.532353,0.1479996257900123
26.532354,0.148
26.72975,0.1001947124117645
26.73055,0.1000009687183536
26.730551,0.1000007265388753
26.730552,0.1000004843591768
26.730553,0.1000002421796985
26.730554,0.1
26.92775,0.0422209244757865
26.9285,0.0420011720129984
26.928501,0.042000879009882
26.928502,0.0420005860064992
26.928503,0.0420002930031163
26.928504,0.042
27.12575,0.0938281556342939
27.1264,0.0939989489642454
27.126401,0.0939992117230645
27.126402,0.0939994744821227
27.126403,0.0939997372411808
27.126404,0.094
27.32375,0.113913824419789
27.3246,0.1139995963673526
27.324601,0.1139996972755603
27.324602,0.1139997981836763
27.324603,0.113999899091884
27.324604,0.114
27.32715,0.113034630940108
27.52175,0.0392479777551134
27.5224,0.0390015166833424
27.522401,0.0390011375123344
27.522402,0.0390007583416712
27.522403,0.0390003791706631
27.522404,0.039
27.71975,0.0708701589705845
27.72055,0.0709993540248038
27.720551,0.0709995155185294
27.720552,0.0709996770124019
27.720553,0.0709998385062744
27.720554,0.071
27.91775,0.0929106666666397
27.91855,0.0929995555555061
27.918551,0.0929996666666548
27.918552,0.0929997777778036
27.918553,0.0929998888888512
27.918554,0.093
28.1169,0.0880151796933862
28.1175,0.0880001005277819
28.117501,0.0880000753958307
28.117502,0.0880000502638795
28.117503,0.0880000251319512
28.117504,0.088
28.3138,0.1188657164595658
28.31465,0.1189993710373543
28.314651,0.1189995282779442
28.314652,0.1189996855186771
28.314653,0.118999842759267
28.314654,0.119
28.31715,0.1179410909090652
28.5118,0.0353623030302558
28.51265,0.0350016969698856
28.512651,0.0350012727273177
28.512652,0.0350008484851357
28.512653,0.0350004242425678
28.512654,0.035
28.70975,0.1067074886305329
28.71055,0.1069985447193935
28.710551,0.1069989085396279
28.710552,0.1069992723595313
28.710553,0.1069996361797656
28.710554,0.107
28.90775,0.0352923636364531
28.90855,0.0350014545452855
28.908551,0.0350010909091294
28.908552,0.0350007272726427
28.908553,0.035000363636156
28.908554,0.035
29.10575,0.0897075914248872
29.1068,0.0899988902899144
29.106801,0.0899991677174989
29.106802,0.0899994451450834
29.106803,0.0899997225724155
29.106804,0.09
29.30375,0.124840080869427
29.30465,0.1249992923933094
29.304651,0.1249994692949016
29.304652,0.1249996461966547
29.304653,0.1249998230984078
29.304654,0.125
29.3072,0.1246271010100107
29.5018,0.0961250808080645
29.50265,0.0960005858586509
29.502651,0.0960004393939549
29.502652,0.0960002929292588
29.502653,0.096000146464696
29.502654,0.096
29.6998,0.1756750694618864
29.7006,0.175998383430347
29.700601,0.1759987875725764
29.700602,0.1759991917151734
29.700603,0.1759995958577705
29.700604,0.176
29.8978,0.0963248484849464
29.8986,0.0960016161617958
29.898601,0.096001212121255
29.898602,0.0960008080807141
29.898603,0.0960004040405408
29.898604,0.096
30.0958,0.0382355151513208
30.0966,0.0380011717170355
30.096601,0.0380008787876434
30.096602,0.0380005858585177
30.096603,0.0380002929291256
30.096604,0.038
30.2938,0.140452398486607
30.29485,0.1409979218161305
30.294851,0.1409984413618616
30.294852,0.1409989609080652
30.294853,0.1409994804537963
30.294854,0.141
30.2974,0.141791436450148
30.4918,0.2022216194534835
30.4943,0.2029987565804584
30.494301,0.2029990674354145
30.494302,0.2029993782903705
30.494303,0.2029996891450439
30.494304,0.203
30.6898,0.0637153180659716
30.6908,0.0630028498730903
30.690801,0.0630021374046557
30.690802,0.0630014249362211
30.690803,0.0630007124684345
30.690804,0.063
30.8878,0.1018414762385767
30.8886,0.1019992113246619
30.888601,0.1019994084934067
30.888602,0.1019996056623309
30.888603,0.1019998028310758
30.888604,0.102
31.0858,0.067142121212164
31.0866,0.0670007070707856
31.086601,0.067000530303049
31.086602,0.0670003535354732
31.086603,0.0670001767677366
31.086604,0.067
31.2838,0.0222279515640176
31.2848,0.022000908173663
31.284801,0.0220006811301956
31.284802,0.0220004540867282
31.284803,0.0220002270434673
31.284804,0.022
31.28735,0.0246630722584127
31.4818,0.2280544315306102
31.4827,0.2289958160682564
31.482701,0.2289968620514302
31.482702,0.2289979080346038
31.482703,0.2289989540168262
31.482704,0.229
31.67985,0.2091013373707441
31.68085,0.2090004037345894
31.680851,0.2090003028009191
31.680852,0.2090002018673405
31.680853,0.2090001009336703
31.680854,0.209
31.8794,0.0856547895793417
31.88045,0.0850024849702161
31.880451,0.0850018637275208
31.880452,0.0850012424853905
31.880453,0.0850006212426952
31.880454,0.085
32.07585,0.0830102240325839
32.07685,0.0830000407332021
32.076851,0.0830000305498992
32.076852,0.0830000203665964
32.076853,0.0830000101833028
32.076854,0.083
32.27385,0.0511622626263671
32.27485,0.0510006464647183
32.274851,0.051000484848502
32.274852,0.0510003232324326
32.274853,0.0510001616162163
32.274854,0.051
32.27745,0.0533599999994228
32.47185,0.2300872727275074
32.47285,0.2309963636367862
32.472851,0.2309972727271762
32.472852,0.2309981818183931
32.472853,0.2309990909096099
32.472854,0.231
32.66985,0.3364625050506457
32.67085,0.3369978585856206
32.670851,0.3369983939393371
32.670852,0.3369989292930537
32.670853,0.3369994646462834
32.670854,0.337
32.86785,0.2892433939393313
32.86885,0.289000969696857
32.868851,0.2890007272725325
32.868852,0.2890004848484285
32.868853,0.289000242424104
32.868854,0.289
33.06585,0.0698942366028964
33.06665,0.069004448938816
33.066651,0.0690033367038591
33.066652,0.0690022244699138
33.066653,0.0690011122349569
33.066654,0.069
33.26385,0.0341772956610632
33.26485,0.0340007063572934
33.264851,0.0340005297679299
33.264852,0.0340003531785664
33.264853,0.0340001765893635
33.264854,0.034
33.26745,0.0348388992676541
33.46185,0.0976593991415356
33.4629,0.0979987073969782
33.462901,0.0979990305478071
33.462902,0.097999353698636
33.462903,0.097999676849171
33.462904,0.098
33.6615,0.0751156913827355
33.6625,0.0750004609218949
33.662501,0.0750003456913949
33.662502,0.075000230460895
33.662503,0.0750001152304999
33.662504,0.075
33.8579,0.0501278004072988
33.8589,0.0500005091649102
33.858901,0.0500003818737406
33.858902,0.0500002545824551
33.858903,0.0500001272912854
33.858904,0.05
34.05585,0.1096806060605172
34.0569,0.1099987878786531
34.056901,0.1099990909090587
34.056902,0.1099993939394643
34.056903,0.1099996969695943
34.056904,0.11
34.25385,0.0731969595958453
34.2549,0.0730007474746606
34.254901,0.0730005606059104
34.254902,0.0730003737373303
34.254903,0.0730001868685801
34.254904,0.073
34.25745,0.0728518456672632
34.45185,0.0615395117014674
34.65015,0.0500002327640992
34.650151,0.0500001745730612
34.650152,0.0500001163820231
34.650153,0.050000058191038
34.650154,0.05
34.653,0.0502587272727557
34.84815,0.0679996363635959
34.848151,0.0679997272727176
34.848152,0.0679998181817566
34.848153,0.0679999090908783
34.848154,0.068
34.8509,0.068097080808053
35.04615,0.074999858585875
35.046151,0.0749998939393901
35.046152,0.0749999292929375
35.046153,0.0749999646464848
35.046154,0.075
35.0489,0.0761069790879788
35.2446,0.1549983875033367
35.244601,0.1549987906273192
35.244602,0.1549991937516684
35.244603,0.1549995968760175
35.244604,0.155
35.24735,0.1539574791191657
35.44215,0.0800015186027088
35.442151,0.080001138951859
35.442152,0.0800007593013544
35.442153,0.0800003796505045
35.442154,0.08
35.44475,0.0805506666667224
35.44515,0.0806355151515494
35.64015,0.1219991515152501
35.640151,0.1219993636363411
35.640152,0.121999575757625
35.640153,0.121999787878716
35.640154,0.122
35.64295,0.1217038284993952
35.8384,0.1010004237074872
35.838401,0.1010003177805913
35.838402,0.1010002118537917
35.838403,0.1010001059268958
35.838404,0.101
35.841,0.1011571745711015
36.0366,0.1129997578203565
36.036601,0.1129998183652811
36.036602,0.1129998789102058
36.036603,0.1129999394550753
36.036604,0.113
36.03945,0.1120215975731966
36.2344,0.0450013751265431
36.234401,0.0450010313448291
36.234402,0.0450006875631152
36.234403,0.0450003437817139
36.234404,0.045
36.237,0.0453674823053968
36.4322,0.0729994337715521
36.432201,0.0729995753285997
36.432202,0.072999716885776
36.432203,0.0729998584428236
36.432204,0.073
36.43475,0.0730771515151426
36.43515,0.0730892727272883
36.6302,0.0789998787878653
36.630201,0.0789999090909058
36.630202,0.0789999393939188
36.630203,0.0789999696969594
36.630204,0.079
36.633,0.0792667537032167
36.82935,0.0979996183781513
36.829351,0.0979997137835701
36.829352,0.0979998091890756
36.829353,0.0979999045945812
36.829354,0.098
36.83195,0.0969449834898599
37.0262,0.0180016256030622
37.026201,0.0180012192024815
37.026202,0.0180008128015311
37.026203,0.0180004064009503
37.026204,0.018
37.029,0.0185648484847994
37.2242,0.0579991919191021
37.224201,0.0579993939393725
37.224202,0.0579995959594591
37.224203,0.0579997979797295
37.224204,0.058
37.227,0.058465529767872
37.4224,0.0909993340059804
37.422401,0.0909995005045232
37.422402,0.0909996670030659
37.422403,0.0909998335014572
37.422404,0.091
37.425,0.092653670374286
37.42515,0.0927492214358681
37.6202,0.2169974519714053
37.620201,0.2169980889786988
37.620202,0.2169987259859923
37.620203,0.2169993629927064
37.620204,0.217
37.623,0.2159419778002909
37.8184,0.1420015136224275
37.818401,0.1420011352169927
37.818402,0.1420007568112137
37.818403,0.1420003784054348
37.818404,0.142
37.821,0.1419475687957532
38.01645,0.1380000807876705
38.016451,0.138000060590762
38.016452,0.1380000403938352
38.016453,0.1380000201969084
38.016454,0.138
38.01905,0.137134666666579
38.21445,0.0720013333334815
38.214451,0.0720010000000353
38.214452,0.0720006666665891
38.214453,0.0720003333334461
38.214454,0.072
38.21705,0.072
38.41245,0.072
38.412451,0.072
38.412452,0.072
38.412453,0.072
38.412454,0.072
38.415,0.0714722649141142
38.41515,0.0714411729020121
38.610249999,0.0310008291204157
38.610250999,0.0310006218402646
38.610252,0.0310004145603021
38.610253,0.031000207280151
38.610254,0.031
38.613049999,0.0311410696266278
38.80845,0.0409997981836304
38.808451,0.0409998486377343
38.808452,0.0409998990918381
38.808453,0.0409999495458961
38.808454,0.041
38.81105,0.0409606666666625
39.00645,0.0380000606060535
39.006451,0.0380000454545332
39.006452,0.0380000303030267
39.006452999,0.0380000151515065
39.006454,0.038
39.00905,0.0384326666667104
39.20445,0.0709993333334108
39.204451,0.0709994999999823
39.204452,0.0709996666667054
39.204453,0.0709998333332769
39.204454,0.071
39.20845,0.0714238181818567
39.40245,0.0919995757575286
39.402451,0.0919996818181705
39.402452,0.0919997878788125
39.402453,0.091999893939358
39.402454,0.092
39.40505,0.0919213333333525
39.4052,0.0919167878787841
39.60045,0.0860001212121071
39.600451,0.0860000909090665
39.600452,0.0860000606060535
39.600453,0.086000030303013
39.600454,0.086
39.60305,0.0857902222222009
39.79845,0.0700003232322856
39.798451,0.070000242424251
39.798452,0.0700001616161428
39.798453,0.0700000808081081
39.798454,0.07
39.80105,0.069881999999988
39.99645,0.061000181818202
39.996451,0.0610001363636411
39.996452,0.0610000909091216
39.996452999,0.0610000454545608
39.996454,0.061
39.9991,0.0613471039354077
40.19395,0.0869076488395504
40.19465,0.0869994752774391
40.194651,0.0869996064581092
40.194652,0.0869997376387792
40.194653,0.0869998688193299
40.194654,0.087
40.3925,0.0760002223906741
40.392501,0.0760001667929803
40.392502,0.076000111195337
40.392503,0.0760000555976432
40.392504,0.076
40.39505,0.076552919192053
40.3952,0.0765854949495959
40.5905,0.1189991313132322
40.590501,0.1189993484848254
40.590502,0.1189995656566161
40.590503,0.1189997828282093
40.590504,0.119
40.59305,0.1205173131311384
40.7885,0.2369976161613511
40.788501,0.2369982121211489
40.788502,0.2369988080804045
40.788503,0.2369994040402023
40.788504,0.237
40.79105,0.2360741818182841
40.986499999,0.1650014545452855
40.986501,0.1650010909091295
40.986502,0.1650007272726427
40.986503,0.165000363636156
40.986503999,0.165
40.9891,0.1648558869543128
41.184,0.1540363058288889
41.18465,0.1540002220539736
41.184651,0.1540001665405055
41.184652,0.1540001110269868
41.184653,0.1540000555134681
41.184654,0.154
41.382,0.0742642424244016
41.38265,0.0740016161617958
41.382651,0.0740012121212549
41.382652,0.0740008080807141
41.382653,0.0740004040405408
41.382654,0.074
41.3852,0.0755956734898401
41.5805,0.1979974930505819
41.580501,0.1979981197876514
41.580502,0.1979987465252909
41.580503,0.1979993732629305
41.580504,0.198
41.5831,0.1972139288417063
41.778,0.1381980317939394
41.77865,0.1380012112034928
41.778651,0.1380009084027573
41.778652,0.1380006056017464
41.778653,0.1380003028010109
41.778654,0.138
41.9765,0.1270002223907247
41.976501,0.1270001667930309
41.976502,0.1270001111953876
41.976503,0.1270000555976938
41.976504,0.127
41.9791,0.1263313333334968
42.1745,0.0760010303029105
42.174501,0.0760007727273
42.174502,0.0760005151514552
42.174503,0.0760002575756105
42.174504,0.076
42.1774,0.0756785469223043
42.372,0.0540781432896111
42.3727,0.054000443995912
42.372701,0.0540003329968835
42.372702,0.054000221997956
42.372703,0.0540001109989275
42.372704,0.054
42.37525,0.0545277350860718
42.5705,0.0949991708795842
42.570501,0.0949993781597353
42.570502,0.0949995854396978
42.570503,0.0949997927198489
42.570504,0.095
42.5731,0.0948165833964615
42.76865,0.0810002826141483
42.768651,0.0810002119606433
42.768652,0.0810001413070741
42.768653,0.0810000706535049
42.768654,0.081
42.7715,0.0813020773313446
42.9665,0.1019995754358891
42.966501,0.1019996815769409
42.966502,0.1019997877179928
42.966503,0.1019998938589481
42.966504,0.102
42.9691,0.1016069644208532
43.16405,0.0720914458744509
43.16465,0.0720006056018841
43.164651,0.0720004542013786
43.164652,0.0720003028010109
43.164653,0.0720001514005054
43.164654,0.072
43.36205,0.0271372727272366
43.36265,0.0270009090908034
43.362651,0.0270006818182059
43.362652,0.0270004545454017
43.362653,0.0270002272725975
43.362654,0.027
43.36525,0.0277078212573311
43.56,0.0808080484725965
43.5607,0.0809989093664483
43.560701,0.0809991820247122
43.560702,0.0809994546832242
43.560703,0.080999727341736
43.560704,0.081
43.75805,0.0919636666666447
43.7587,0.091999777777753
43.758701,0.0919998333333274
43.758702,0.0919998888889018
43.758703,0.0919999444444256
43.758704,0.092
43.95605,0.0750561515151853
43.9567,0.0750003434343816
43.956701,0.0750002575757666
43.956702,0.0750001717172298
43.956703,0.0750000858586149
43.956704,0.075
44.15405,0.083970272727296
44.1547,0.0839998181818393
44.154701,0.0839998636363588
44.154702,0.0839999090909196
44.154703,0.0839999545454805
44.154704,0.084
44.35205,0.1129042121211544
44.3527,0.112999414141349
44.352701,0.112999560606045
44.352702,0.1129997070707411
44.352703,0.1129998535353039
44.352704,0.113
44.3553,0.1123313333332656
44.55005,0.062168454545556
44.5507,0.0620010303031448
44.550701,0.0620007727273
44.550702,0.0620005151516895
44.550703,0.0620002575758447
44.550704,0.062
44.74805,0.0899075151515876
44.7487,0.0899994343435
44.748700999,0.0899995757575607
44.748702,0.08999971717175
44.748702999,0.0899998585859393
44.748704,0.09
44.94605,0.089003303030305
44.9467,0.0890000202020224
44.946701,0.0890000151515156
44.946702,0.0890000101010089
44.946703,0.0890000050505067
44.946704,0.089
45.14405,0.0621163370332848
45.1449,0.0620005449040739
45.144901,0.0620004086781173
45.144902,0.0620002724520369
45.144903,0.0620001362260804
45.144904,0.062
45.34205,0.0580132254802727
45.3427,0.0580000808897782
45.342701,0.0580000606673428
45.342702,0.0580000404448891
45.342703,0.0580000202224353
45.342704,0.058
45.3453,0.0581048888888995
45.54005,0.0659735757575598
45.5407,0.0659998383838204
45.540701,0.0659998787878745
45.540702,0.0659999191919285
45.540703,0.0659999595959459
45.540704,0.066
45.73805,0.2532371839513211
45.738849999,0.2539962048948595
45.738851,0.2539971536713603
45.738851999,0.2539981024469983
45.738853,0.2539990512234991
45.738854,0.254
45.9361,0.0875518847898663
45.93675,0.0870033754417502
45.936751,0.0870025315809289
45.936752,0.0870016877208751
45.936753,0.0870008438600538
45.936754,0.087
46.1341,0.0690775580221895
46.13495,0.0690003632694652
46.134951,0.0690002724520782
46.134952,0.0690001816347739
46.134953,0.0690000908173869
46.134954,0.069
46.3321,0.0809603235591266
46.33275,0.08099975733061
46.332751,0.0809998179979713
46.332752,0.0809998786653326
46.332753,0.0809999393326387
46.332754,0.081
46.3353,0.0810128585858571
46.5301,0.0819966969696995
46.53075,0.0819999797979821
46.530751,0.0819999848484889
46.530752,0.081999989898991
46.530753,0.0819999949494978
46.530754,0.082
46.7281,0.1258214685845537
46.7289,0.1259991117841052
46.728901,0.1259993338379779
46.728902,0.1259995558920526
46.728903,0.1259997779461273
46.728904,0.126
46.9261,0.0931340000000404
46.9269,0.0930006666667407
46.926901,0.0930005000000176
46.926902,0.0930003333332945
46.926903,0.093000166666723
46.926904,0.093
47.1241,0.0860301842968908
47.12495,0.0860001413784555
47.124951,0.0860001060338336
47.124952,0.0860000706892116
47.124953,0.0860000353446219
47.124954,0.086
47.3221,0.1029266767676082
47.32295,0.1029996565656184
47.322951,0.1029997424242333
47.322952,0.1029998282827701
47.322953,0.102999914141385
47.322954,0.103
47.3255,0.1025752376137993
47.5201,0.0701091102124016
47.52075,0.0700006673408224
47.520751,0.0700005005055788
47.520752,0.070000333670487
47.520753,0.0700001668352435
47.520754,0.07
47.7181,0.1178052384558759
47.7189,0.1179990310372057
47.718901,0.1179992732780144
47.718902,0.1179995155186028
47.718903,0.1179997577594116
47.718904,0.118
47.91615,0.2036725050506411
47.9169,0.2039982626264645
47.916901,0.2039986969696509
47.916902,0.2039991313132322
47.916903,0.2039995656564186
47.916904,0.204
48.11415,0.0735647349828595
48.115,0.0730026451290169
48.115001,0.0730019838466123
48.115002,0.0730013225648091
48.115003,0.0730006612824046
48.115004,0.073
48.31215,0.077978434343437
48.313,0.0779998989899107
48.313001,0.0779999242424215
48.313002,0.0779999494949553
48.313003,0.0779999747474891
48.313004,0.078
48.3155,0.078
48.5102,0.078
48.51085,0.078
48.510851,0.078
48.510852,0.078
48.510853,0.078
48.510854,0.078
48.70815,0.2573147185048848
48.7089,0.2579963645540013
48.708901,0.2579972734157076
48.708902,0.2579981822765873
48.708903,0.2579990911382936
48.708904,0.258
48.9061,0.2669634545454847
48.9069,0.2669998181818393
48.906901,0.2669998636363588
48.906902,0.2669999090909197
48.906903,0.2669999545454805
48.906904,0.267
49.1041,0.2043349407314928
49.10515,0.2040012711224616
49.105151,0.2040009533417739
49.105152,0.2040006355610863
49.105153,0.2040003177806876
49.105154,0.204
49.30215,0.215948203184237
49.303,0.2159997573919918
49.303001,0.2159998180440214
49.303002,0.2159998786959959
49.303003,0.2159999393480255
49.303004,0.216
49.3055,0.2153696969696816
49.50015,0.1662156565656285
49.501,0.1660010101008927
49.501001,0.1660007575757844
49.501002,0.1660005050504463
49.501003,0.166000252525338
49.501004,0.166
49.69815,0.1789471987876162
49.69895,0.1789997373074313
49.698951,0.1789998029805436
49.698952,0.1789998686537157
49.698953,0.1789999343268877
49.698954,0.179
49.89615,0.1335654094666568
49.8986,0.1330009216129249
49.898601,0.1330006912096412
49.898602,0.1330004608063577
49.898603,0.1330002304032836
49.898604,0.133
50.09415,0.1310107222787415
50.0952,0.1310000406917644
50.095201,0.131000030518821
50.095202,0.1310000203458868
50.095203,0.1310000101729434
50.095204,0.131
50.29215,0.2584151528939048
50.29305,0.2589974121812459
50.293051,0.2589980591356402
50.293052,0.2589987060906229
50.293053,0.2589993530450173
50.293054,0.259
50.29555,0.2589369537762044
50.49015,0.2540215711038113
50.490999999,0.2540001010356033
50.491001,0.2540000757767139
50.491002,0.2540000505178016
50.491003,0.2540000252588894
50.491004,0.254
50.68815,0.1704256169567398
50.68915,0.17000169568489
50.689151,0.1700012717638603
50.689152,0.170000847842445
50.689153,0.1700004239210297
50.689154,0.17
50.88615,0.1470934883720156
50.88695,0.147000465116225
50.886951,0.1470003488372216
50.886952,0.1470002325581125
50.886953,0.1470001162790033
50.886954,0.147
51.08415,0.0823292633702476
51.08515,0.0820013118061038
51.085151,0.0820009838544287
51.085152,0.0820006559030519
51.085153,0.0820003279513768
51.085154,0.082
51.28215,0.0770266094420445
51.2832,0.0770001009845881
51.283201,0.0770000757384296
51.283202,0.077000050492294
51.283203,0.0770000252461355
51.283204,0.077
51.2857,0.0764701440485091
51.4802,0.0351812888551695
51.48105,0.0350008491282217
51.481051,0.035000636846118
51.481052,0.0350004245640143
51.481053,0.0350002122821037
51.481054,0.035
51.6782,0.1484223769867584
51.6792,0.1489976987128403
51.679201,0.148998274034761
51.679202,0.1489988493566817
51.679203,0.1489994246780792
51.679204,0.149
51.8762,0.1330650353893018
51.877,0.1330003235591866
51.877001,0.1330002426693715
51.877002,0.1330001617795565
51.877003,0.133000080889815
51.877004,0.133
52.0742,0.1509088193743929
52.0752,0.1509996367306174
52.075201,0.1509997275479217
52.075202,0.1509998183653086
52.075203,0.150999909182613
52.075204,0.151
52.2722,0.0594665050508055
52.2732,0.0590018585860651
52.273201,0.0590013939394432
52.273202,0.0590009292932438
52.273203,0.0590004646466219
52.273204,0.059
52.2758,0.058855777777813
52.4702,0.0480557777777634
52.4712,0.0480002222221963
52.471201,0.0480001666666725
52.471202,0.0480001111110982
52.471203,0.0480000555555238
52.471204,0.048
52.6682,0.2489757171719852
52.6692,0.2499959191914655
52.669201,0.2499969393938311
52.669202,0.2499979595961967
52.669203,0.2499989797976344
52.669204,0.25
52.8662,0.1624462222225096
52.8672,0.1620017777779754
52.867201,0.1620013333333805
52.867202,0.1620008888891898
52.867203,0.1620004444445949
52.867204,0.162
53.0642,0.1251876161615679
53.0652,0.1250007474746606
53.065201,0.1250005606060804
53.065202,0.1250003737373303
53.065203,0.1250001868685801
53.065204,0.125
53.2622,0.1429087272727511
53.2632,0.1429996363635959
53.263201,0.1429997272727176
53.263202,0.1429998181818393
53.263203,0.1429999090908783
53.263204,0.143
53.26575,0.1424343650593925
53.4602,0.0992341630901942
53.46125,0.0990008886645774
53.461251,0.0990006664983825
53.461252,0.0990004443321877
53.461253,0.0990002221661948
53.461254,0.099
53.65825,0.2014777171713807
53.65925,0.2019979191916879
53.659251,0.2019984393938842
53.659252,0.2019989595956073
53.659253,0.2019994797978037
53.659254,0.202
53.85625,0.1532484646464007
53.85725,0.1530009898988748
53.857251,0.1530007424242687
53.857252,0.1530004949494374
53.857253,0.1530002474746061
53.857254,0.153
54.05425,0.215680545454629
54.05525,0.2159987272725858
54.055251,0.2159990454545117
54.055252,0.2159993636364375
54.055253,0.2159996818180741
54.055254,0.216
54.2522,0.1522198912080198
54.4505,0.0880012953825186
54.450501,0.0880009715367417
54.450502,0.0880006476912593
54.450503,0.0880003238454824
54.450504,0.088
54.453,0.0873192727272561
54.45335,0.0872238181817327
54.6485,0.0340010909089641
54.648501,0.0340008181818471
54.648502,0.034000545454482
54.648503,0.034000272727365
54.648504,0.034
54.6529,0.0342664242424401
54.8465,0.0459997575757306
54.846501,0.0459998181818117
54.846502,0.0459998787878377
54.846503,0.0459999393939188
54.846504,0.046
54.84935,0.0457412727273257
55.0445,0.0280003636363213
55.044501,0.0280002727272823
55.044502,0.0280001818181606
55.044503,0.028000090909039
55.044504,0.028
55.04735,0.0285030808081361
55.2425,0.0629992929292143
55.242501,0.0629994696969509
55.242502,0.0629996464646875
55.242503,0.0629998232322634
55.242504,0.063
55.24535,0.063632444444514
55.4405,0.1069991111110123
55.440501,0.1069993333333097
55.440502,0.1069995555554051
55.440503,0.1069997777777025
55.440504,0.107
55.4431,0.1063575555557126
55.4435,0.1062585656567473
55.6385,0.0580009898988748
55.638501,0.0580007424242686
55.638502,0.0580004949494374
55.638503,0.0580002474746061
55.638504,0.058
55.6413,0.0583247878788653
55.8365,0.0809995353534837
55.836501,0.0809996515151391
55.836502,0.0809997676767946
55.836503,0.0809998838383445
55.836504,0.081
55.83935,0.0805401565260783
56.03455,0.0490006463015108
56.034551,0.0490004847260964
56.034552,0.0490003231506819
56.034553,0.0490001615754144
56.034554,0.049
56.03735,0.049126962663965
56.23275,0.0579998183653087
56.232751,0.0579998637739608
56.232752,0.0579999091826543
56.232753,0.0579999545913478
56.232754,0.058
56.23535,0.058472477249796
56.43055,0.0939992719919956
56.430551,0.0939994539939139
56.430552,0.0939996359959978
56.430553,0.0939998179980816
56.430554,0.094
56.43315,0.0937771111110885
56.4335,0.0937470606060163
56.62855,0.0770003434343816
56.628551,0.0770002575757666
56.628552,0.0770001717171517
56.628553,0.0770000858586149
56.628554,0.077
56.63135,0.0767601816347326
56.82675,0.0600003430877502
56.826751,0.0600002573158516
56.826752,0.0600001715438751
56.826753,0.0600000857719765
56.826754,0.06
56.82935,0.0605774721941951
57.02455,0.1039991102124391
57.024551,0.1039993326592281
57.024552,0.1039995551062195
57.024553,0.1039997775532109
57.024554,0.104
57.02735,0.1026316246217095
57.22275,0.0070019576183396
57.222751,0.0070014682135321
57.222752,0.0070009788091698
57.222753,0.0070004894043623
57.222754,0.007
57.22535,0.0077349646107904
57.42055,0.0629988675428468
57.420551,0.0629991506571994
57.420552,0.0629994337712946
57.420553,0.0629997168856473
57.420554,0.063
57.425,0.062528454545462
57.42535,0.0624913333334103
57.61855,0.0420004242423749
57.618551,0.0420003181818294
57.618552,0.0420002121211874
57.618553,0.0420001060605455
57.618554,0.042
57.62135,0.0444969323913134
57.81675,0.218996427851071
57.816751,0.2189973208878971
57.816752,0.2189982139255355
57.816753,0.2189991069631738
57.816754,0.219
57.81935,0.2178068888887681
58.014749999,0.1280018383840427
58.014751,0.1280013787879275
58.014752,0.1280009191918124
58.014753,0.1280004595961151
58.014753999,0.128
58.01735,0.1289306538753798
58.2128,0.1989985660188488
58.212801,0.1989989245139735
58.212802,0.1989992830094244
58.212803,0.1989996415045491
58.212804,0.199
58.2154,0.197505333333182
58.4108,0.085002303030559
58.410801,0.0850017272727883
58.410802,0.0850011515155413
58.410803,0.0850005757577706
58.410804,0.085
58.4134,0.0876379979771034
58.4135,0.0877396157730623
58.6086,0.285995935287718
58.608601,0.2859969514660196
58.608602,0.2859979676443211
58.608603,0.2859989838216984
58.608604,0.286
58.6114,0.284137880928512
58.8068,0.1540026639760781
58.806801,0.1540019979819072
58.806802,0.1540013319877362
58.806803,0.1540006659941709
58.806804,0.154
58.8093,0.1538235151515108
59.004799999,0.1400002828283142
59.004801,0.1400002121212196
59.004802,0.1400001414141893
59.004803,0.1400000707070946
59.004803999,0.14
59.0073,0.1396344242424137
59.2028,0.1110005858585177
59.202801,0.1110004393939549
59.202802,0.1110002929292588
59.202803,0.1110001464645628
59.202804,0.111
59.2053,0.1115798787878928
59.4008,0.1569990707069674
59.400801,0.1569993030302783
59.400802,0.1569995353535893
59.400803,0.156999767676689
59.400804,0.157
59.4033,0.1576435591506741
59.40345,0.1576822345803621
59.5986,0.2079989686553271
59.598601,0.2079992264913781
59.598602,0.2079994843276635
59.598603,0.2079997421637145
59.598604,0.208
59.6013,0.2095506760850342
59.7968,0.3219976992939101
59.796801,0.321998274470171
59.796802,0.3219988496469551
59.796803,0.3219994248237391
59.796804,0.322
59.79935,0.3226300707072232
59.9948,0.3709990101009001
59.994800999,0.3709992575757313
59.994802,0.3709995050505625
59.994803,0.3709997525251687
59.994804,0.371
59.9974,0.368891241170316
60.19235,0.2105312512609348
60.193,0.210003249242811
60.193001,0.2100024369324777
60.193002,0.2100016246214055
60.193003,0.2100008123110721
60.193004,0.21
60.39085,0.179000626737497
60.390851,0.1790004700530871
60.390852,0.1790003133688197
60.390853,0.1790001566844098
60.390854,0.179
60.3934,0.1782156262627129
60.39355,0.1781694141415473
60.58885,0.1180012323230891
60.588851,0.1180009242424569
60.588852,0.1180006161615445
60.588853,0.1180003080806322
60.588854,0.118
60.58905,0.1182177777777328
60.78685,0.3379955555550615
60.786851,0.3379966666665488
60.786852,0.3379977777780361
60.786853,0.3379988888885128
60.786854,0.338
60.7894,0.3375628080808584
60.98485,0.3040006868687632
60.984850999,0.3040005151515333
60.984852,0.3040003434344597
60.984853,0.3040001717172298
60.984854,0.304
60.9867,0.3035900883171067
61.18235,0.2601452233155563
61.183,0.2600008882158948
61.183001,0.260000666162022
61.183002,0.2600004441079473
61.183003,0.2600002220538727
61.183004,0.26
61.38085,0.2220007682588673
61.380851,0.2220005761941068
61.380852,0.2220003841293463
61.380853,0.2220001920647605
61.380854,0.222
61.38345,0.2214099999999375
61.38355,0.2213872727273709
61.57885,0.1770009090908034
61.578851,0.1770006818179992
61.578852,0.1770004545454017
61.578853,0.1770002272725975
61.578854,0.177
61.58025,0.1766336512741383
61.77635,0.1251716275547475
61.777,0.1250010497096938
61.777001,0.1250007872823897
61.777002,0.1250005248548469
61.777003,0.1250002624273041
61.777004,0.125
61.97485,0.0520014758657187
61.974851,0.0520011068992051
61.974852,0.0520007379330271
61.974853,0.0520003689665135
61.974854,0.052
61.9773,0.0519506357215033
62.17235,0.0480142078708383
62.17305,0.0480000807265478
62.173051,0.0480000605449062
62.173052,0.0480000403632647
62.173053,0.0480000201816415
62.173054,0.048
62.3704,0.0190957878788456
62.37105,0.0190005858586509
62.371051,0.0190004393939549
62.371052,0.019000292929392
62.371053,0.019000146464696
62.371054,0.019
62.3736,0.0217802628914955
62.56885,0.2349956319509805
62.568851,0.2349967239634837
62.568852,0.2349978159749937
62.568853,0.2349989079874968
62.568854,0.235
62.57075,0.2330480242243209
62.7664,0.0316218319462661
62.767,0.031004118092812
62.767001,0.0310030885693749
62.767002,0.0310020590468741
62.767003,0.031001029523437
62.767004,0.031
62.96485,0.0509995956532277
62.964851,0.0509996967399437
62.964852,0.0509997978266598
62.964853,0.0509998989132839
62.964854,0.051
62.967,0.0513032450163748
63.1624,0.0789146505173076
63.163,0.0789994347715748
63.163001,0.0789995760787132
63.163002,0.0789997173858516
63.163003,0.0789998586928615
63.163004,0.079
63.3604,0.0690330219641704
63.36105,0.0690002019692221
63.361051,0.0690001514769051
63.361052,0.0690001009845881
63.361053,0.069000050492317
63.361054,0.069
63.3636,0.0698879150870884
63.5589,0.1379986050039529
63.558901,0.137998953752806
63.558902,0.1379993025019764
63.558903,0.1379996512511468
63.558904,0.138
63.5621,0.1370483774916299
63.7564,0.0791947312640404
63.75705,0.0790011910167679
63.757051,0.0790008932627113
63.757052,0.0790005955083839
63.757053,0.0790002977540565
63.757054,0.079
63.9544,0.0253544726907554
63.9557,0.0250010873396627
63.955701,0.0250008155046852
63.955702,0.0250005436697077
63.955703,0.0250002718349775
63.955704,0.025
64.1524,0.0240033139092956
64.15305,0.024000020268556
64.153051,0.0240000152014147
64.153052,0.024000010134278
64.153053,0.0240000050671367
64.153054,0.024
64.3504,0.1286531818184551
64.35105,0.1289978787881253
64.351051,0.1289984090908528
64.351052,0.1289989393940626
64.351053,0.1289994696967902
64.351054,0.129
64.35365,0.1287508888888636
64.54845,0.110057959595944
64.54905,0.1100003838384265
64.549051,0.110000287878798
64.549052,0.1100001919192568
64.549053,0.1100000959596284
64.549054,0.11
64.746449999,0.0980366060605964
64.74705,0.0980002424242142
64.747051,0.0980001818181882
64.747052,0.0980001212121071
64.747053,0.098000060606026
64.747054,0.098
64.9444,0.0302246060607414
64.94505,0.030001373737214
64.945051,0.0300010303030667
64.945052,0.030000686868607
64.945053,0.0300003434344597
64.945054,0.03
65.1424,0.073854666666579
65.14305,0.0739991111110123
65.143051,0.0739993333333097
65.143052,0.073999555555405
65.143053,0.0739997777777025
65.143054,0.074
65.3404,0.1108777878788836
65.34105,0.1109992525253393
65.341051,0.1109994393939195
65.341052,0.1109996262626697
65.341053,0.1109998131314198
65.341054,0.111
65.3443,0.110524695783861
65.5384,0.0821030850795314
65.5391,0.082000585710611
65.539101,0.0820004392830248
65.539102,0.0820002928553055
65.539103,0.0820001464275861
65.539104,0.082
65.73645,0.0869809692074559
65.7372,0.0869998990408772
65.737201,0.0869999242806636
65.737202,0.08699994952045
65.737202999,0.0869999747602135
65.737204,0.087
65.93445,0.0919834765032745
65.9351,0.0919998989388467
65.935101,0.0919999242041408
65.935102,0.0919999494694119
65.935103,0.0919999747347059
65.935104,0.092
66.13245,0.0949870736629683
66.1333,0.0949999394550891
66.133301,0.0949999545913203
66.133302,0.0949999697275514
66.133303,0.0949999848637688
66.133304,0.095
66.33045,0.0959966936299272
66.3311,0.0959999797775508
66.331101,0.0959999848331642
66.331102,0.0959999898887777
66.331103,0.0959999949443865
66.331104,0.096
66.3343,0.0955641818182286
66.52845,0.0690891818182355
66.5291,0.0690005454546061
66.529101,0.0690004090909235
66.529102,0.069000272727365
66.529103,0.0690001363636825
66.529104,0.069
66.72645,0.0590405753216925
66.72725,0.0590002018672488
66.727251,0.0590001514004136
66.727252,0.0590001009336244
66.727253,0.0590000504667892
66.727254,0.059
66.92445,0.1357454738436679
66.9251,0.1359984432649268
66.925101,0.1359988324487835
66.925102,0.1359992216326404
66.925103,0.1359996108161432
66.925104,0.136
67.12245,0.0764538094040259
67.12395,0.0760012069397642
67.123951,0.0760009052049603
67.123952,0.0760006034698821
67.123953,0.0760003017348038
67.123954,0.076
67.32045,0.0570870111448388
67.32135,0.0570003850050211
67.321351,0.0570002887538096
67.321352,0.0570001925025105
67.321353,0.0570000962512115
67.321354,0.057
67.32455,0.0564343362830855
67.51845,0.0221157522124591
67.5191,0.0220007079646804
67.519101,0.0220005309734701
67.519102,0.0220003539822597
67.519103,0.0220001769912103
67.519104,0.022
67.71645,0.0917159727478323
67.71725,0.091998586928937
67.717251,0.0919989401967831
67.717252,0.0919992934643078
67.717253,0.0919996467321539
67.717254,0.092
67.9145,0.0989733434343543
67.91525,0.098999858585875
67.915251,0.0989998939393902
67.915252,0.0989999292929375
67.915253,0.0989999646464848
67.915254,0.099
68.1125,0.2573145583039768
68.11335,0.2579967894998956
68.113351,0.2579975921251041
68.113352,0.2579983947495827
68.113353,0.2579991973747914
68.113354,0.258
68.3105,0.2510301919191881
68.31135,0.2510001414141249
68.311351,0.2510001060606098
68.311352,0.2510000707070625
68.311353,0.2510000353535151
68.311354,0.251
68.31395,0.2508298991935311
68.5085,0.2380821673386958
68.50975,0.2380002620967437
68.509751,0.2380001965725876
68.509752,0.2380001310483719
68.509753,0.2380000655242157
68.509754,0.238
68.7065,0.2150878075949002
68.70725,0.2150004658228365
68.707251,0.2150003493671009
68.707252,0.2150002329113653
68.707253,0.2150001164557356
68.707254,0.215
68.9045,0.1990609292929774
68.90525,0.1990003232323591
68.905251,0.199000242424251
68.905252,0.1990001616162163
68.905253,0.1990000808081081
68.905254,0.199
69.1025,0.0914655830388103
69.10335,0.0910021807170521
69.103351,0.0910016355376651
69.103352,0.0910010903582781
69.103353,0.0910005451793869
69.103354,0.091
69.3005,0.2284047878782314
69.30135,0.2289972121209022
69.301351,0.2289979090908351
69.301352,0.2289986060601341
69.301353,0.2289993030300671
69.301354,0.229
69.30395,0.2274926028784339
69.4985,0.1145249179502717
69.4994,0.1140023226460547
69.499401,0.114001741984409
69.499402,0.1140011613232914
69.499403,0.1140005806616457
69.499404,0.114
69.6965,0.1369065588680869
69.6973,0.1369995351186951
69.697301,0.1369996513390478
69.697302,0.1369997675592947
69.697303,0.1369998837796474
69.697304,0.137
69.8945,0.1150893333333606
69.8953,0.1150004444443928
69.895301,0.1150003333333451
69.895302,0.1150002222221964
69.895303,0.1150001111110476
69.895304,0.115
70.09255,0.0662481513242455
70.09355,0.0660009886508034
70.093551,0.0660007414880464
70.093552,0.0660004943255141
70.093553,0.066000247162757
70.093554,0.066
70.2905,0.0392046258503186
70.292,0.0390005442177475
70.292001,0.0390004081632797
70.292002,0.0390002721088119
70.292003,0.0390001360544678
70.292004,0.039
70.2945,0.0388862006078997
70.4885,0.0300412158054914
70.4894,0.0300001823708409
70.489401,0.0300001367781203
70.489402,0.0300000911853997
70.489403,0.0300000455927206
70.489404,0.03
70.6865,0.1893499747345177
70.6873,0.1899967660430968
70.687301,0.1899975745325064
70.687302,0.1899983830211807
70.687303,0.1899991915105903
70.687304,0.19
70.8845,0.0874182424238974
70.8853,0.087002080807839
70.885301,0.0870015606056427
70.885302,0.0870010404039195
70.885303,0.0870005202017232
70.885304,0.087
71.0825,0.0840159495586425
71.08355,0.084000060529641
71.083551,0.0840000453972273
71.083552,0.0840000302648136
71.083553,0.0840000151324137
71.083554,0.084
71.28055,0.0790253535353698
71.28155,0.0790001010101122
71.281551,0.0790000757575784
71.281552,0.0790000505050676
71.281553,0.0790000252525338
71.281554,0.079
71.2847,0.0797950467525959
71.47855,0.1287841799343209
71.4794,0.1289989891332991
71.479401,0.1289992418498594
71.479402,0.1289994945666495
71.479403,0.1289997472832098
71.479404,0.129
71.67655,0.0774326358148078
71.6782,0.0770010462777823
71.678201,0.0770007847082772
71.678202,0.0770005231387722
71.678203,0.077000261569505
71.678204,0.077
71.87455,0.0999062033983991
71.87535,0.0999995333502951
71.875351,0.0999996500126683
71.875352,0.0999997666751476
71.875353,0.0999998833375207
71.875354,0.1
72.07255,0.0353292633702476
72.07355,0.0350013118061038
72.073551,0.035000983854727
72.073552,0.0350006559030519
72.073553,0.0350003279513768
72.073554,0.035
72.27055,0.0598732323232654
72.27155,0.0599994949494388
72.271551,0.0599996212121078
72.271552,0.0599997474747768
72.271553,0.0599998737373309
72.271554,0.06
72.2747,0.060779145817544
72.46855,0.1087884963356345
72.4694,0.1089990093506332
72.469401,0.1089992570128622
72.469402,0.1089995046753165
72.469403,0.1089997523377709
72.469404,0.109
72.66655,0.1537719909160322
72.66755,0.1539990915973803
72.667551,0.153999318697932
72.667552,0.1539995457986901
72.667553,0.1539997728994483
72.667554,0.154
72.86455,0.1828529494949879
72.86555,0.182999414141349
72.865551,0.182999560606045
72.865552,0.1829997070707411
72.865553,0.1829998535353039
72.865554,0.183
73.06255,0.2655791313132395
73.06355,0.2659983232325181
73.063551,0.2659987424245792
73.063552,0.265999161616259
73.063553,0.2659995808083201
73.063554,0.266
73.26055,0.1635481545065886
73.2616,0.1630020802829881
73.261601,0.1630015602121228
73.261602,0.1630010401417305
73.261603,0.1630005200708653
73.261604,0.163
73.26415,0.1635397879858055
73.4586,0.2047659363957717
73.4597,0.2049991519433686
73.459701,0.2049993639575746
73.459702,0.2049995759717807
73.459703,0.2049997879857939
73.459704,0.205
73.6566,0.1353551288528635
73.6576,0.1350014148561451
73.657601,0.1350010611420284
73.657602,0.1350007074279117
73.657603,0.1350003537141167
73.657604,0.135
73.8546,0.2275284242425455
73.8556,0.2279981212123395
73.855601,0.2279985909094682
73.855602,0.2279990606061697
73.855603,0.2279995303032985
73.855604,0.228
74.0526,0.1324867878786604
74.0536,0.132001939393714
74.053601,0.132001454545506
74.053602,0.132000969696857
74.053603,0.1320004848486489
74.053604,0.132
74.2506,0.1210350107527199
74.44885,0.110000222643921
74.448851,0.1100001669829281
74.448852,0.1100001113219858
74.448853,0.1100000556609929
74.448854,0.11
74.45145,0.1103277777776976
74.4518,0.1103719696969216
74.64685,0.1349994949495536
74.646851,0.1349996212121078
74.646852,0.1349997474747768
74.646853,0.1349998737374458
74.646854,0.135
74.6503,0.1350870202020357
74.84485,0.1399998989898877
74.844851,0.1399999242424215
74.844852,0.1399999494949553
74.844853,0.1399999747474662
74.844854,0.14
74.8477,0.1399281313131234
75.04285,0.1350001010101122
75.042851,0.1350000757575784
75.042852,0.1350000505050676
75.042853,0.1350000252525338
75.042854,0.135
75.0457,0.1351006161615955
75.24085,0.141999858585875
75.240851,0.1419998939393902
75.240852,0.1419999292929375
75.240853,0.1419999646464848
75.240854,0.142
75.2443,0.1403118080809516
75.43885,0.0450019595961774
75.438851,0.0450014696970216
75.438852,0.0450009797978659
75.438853,0.0450004898991557
75.438854,0.045
75.44145,0.0447508888888625
75.44185,0.0447125050504882
75.63685,0.0260003838383392
75.636851,0.0260002878787107
75.636852,0.0260001919191696
75.636853,0.0260000959595411
75.636854,0.026
75.6403,0.0269572222223934
75.83485,0.080998888889018
75.834851,0.0809991666666372
75.834852,0.080999444444509
75.834853,0.0809997222221281
75.834854,0.081
75.8377,0.0810143556116031
76.0331,0.081999979823453
76.033101,0.0819999848675909
76.033102,0.0819999899117242
76.033103,0.0819999949558621
76.033104,0.082
76.03635,0.081819484327642
76.2309,0.0710002224469408
76.230901,0.0710001668351929
76.230902,0.0710001112234451
76.230903,0.0710000556117478
76.230904,0.071
76.2336,0.0708502222222462
76.4289,0.0600002222221963
76.428901,0.060000166666622
76.428902,0.0600001111110981
76.428903,0.0600000555555238
76.428904,0.06
76.4321,0.0599838748738619
76.4324,0.05998236125126
76.6271,0.0590000201816369
76.627101,0.0590000151362265
76.627102,0.0590000100908207
76.627103,0.0590000050454103
76.627104,0.059
76.6303,0.0593389696969348
76.8251,0.079999575757625
76.825101,0.0799996818181705
76.825102,0.0799997878788125
76.825103,0.0799998939394545
76.825104,0.08
76.8277,0.0810355162838733
77.02315,0.1589984044435078
77.023151,0.1589988033324494
77.023152,0.1589992022217539
77.023153,0.1589996011110583
77.023154,0.159
77.02635,0.1598070707072136
77.22115,0.2089989898988776
77.221151,0.2089992424242156
77.221152,0.2089994949495536
77.221153,0.208999747474662
77.221154,0.209
77.2237,0.2073520202277493
77.4189,0.0810025891279742
77.418901,0.0810019418458335
77.418902,0.0810012945642814
77.418903,0.0810006472821407
77.418904,0.081
77.4222,0.0807503030303126
77.4225,0.0807275757576082
77.6169,0.0660003030302678
77.616901,0.0660002272727353
77.616902,0.0660001515151339
77.616903,0.0660000757575325
77.616904,0.066
77.6197,0.0674671241174004
77.8151,0.1699979011097566
77.815101,0.1699984258324367
77.815102,0.1699989505546397
77.815103,0.1699994752773198
77.815104,0.17
77.81835,0.1686707482308187
78.0129,0.0890016380183822
78.012901,0.0890012285136936
78.012902,0.0890008190093773
78.012903,0.0890004095046886
78.012903999,0.089
78.015699999,0.0889576897856277
78.21115,0.0860000605296272
78.211151,0.0860000453972273
78.211152,0.0860000302648136
78.211153,0.0860000151323999
78.211154,0.086
78.21375,0.0872074418605897
78.40895,0.1779981395350999
78.408951,0.1779986046511134
78.408952,0.1779990697675499
78.408953,0.1779995348839864
78.408954,0.178
78.4122,0.1760163333332036
78.4125,0.1758330000000555
78.60695,0.0570024444447161
78.606951,0.0570018333333981
78.606952,0.0570012222220801
78.606953,0.057000611111318
78.606954,0.057
78.609749999,0.056661432896093
78.80515,0.0330004843591768
78.805151,0.0330003632694376
78.805152,0.0330002421795884
78.805153,0.0330001210897391
78.805154,0.033
78.8084,0.0352278879638112
79.002699999,0.1685854453697801
79.0033,0.1689972546047919
79.003301,0.16899794095375
79.003301999,0.1689986273027081
79.003303,0.1689993136510419
79.003304,0.169
79.20115,0.169
79.201151,0.169
79.201152,0.169
79.201153,0.169
79.201154,0.169
79.2044,0.1677212727271891
79.39915,0.0910015757573926
79.399151,0.0910011818182236
79.399152,0.0910007878786963
79.399153,0.0910003939395273
79.399154,0.091
79.40175,0.0919964444445452
79.4019,0.0920540202020628
79.59715,0.1669984646462939
79.597151,0.1669988484848077
79.597152,0.1669992323229724
79.597153,0.1669996161614862
79.597154,0.167
79.59975,0.167957111110877
79.79515,0.2399985252526966
79.795151,0.2399988939396901
79.795152,0.2399992626263483
79.795153,0.2399996313133418
79.795154,0.24
79.7984,0.238590121212029
79.99315,0.1540017373735354
79.993151,0.1540013030303491
79.993151999,0.1540008686867677
79.993153,0.1540004343435813
79.993154,0.154
79.9934,0.1540372633172844
80.1912,0.1839993940924713
80.191201,0.1839995455692846
80.191202,0.1839996970462356
80.191203,0.1839998485230489
80.191204,0.184
80.1944,0.181788626262864
80.3892,0.0470027676770753
80.389201,0.0470020757576491
80.389202,0.0470013838388523
80.389203,0.0470006919194261
80.389204,0.047
80.3918,0.0470655555555395
80.3919,0.0470680808080698
80.5872,0.0519998989899107
80.587201,0.0519999242424215
80.587202,0.0519999494949553
80.587203,0.0519999747474891
80.587204,0.052
80.58805,0.0522990909090587
80.7852,0.1219985858587502
80.785201,0.1219989393939018
80.785202,0.1219992929293751
80.785203,0.1219996464645267
80.785204,0.122
80.7877,0.121760484848479
80.9832,0.1030003838384265
80.983201,0.103000287878798
80.983202,0.1030001919192569
80.983202999,0.1030000959596284
80.983204,0.103
80.98405,0.1029231491294552
81.1807,0.0850594095381821
81.18135,0.0850003633610478
81.181351,0.0850002725207445
81.181352,0.0850001816805239
81.181353,0.0850000908402206
81.181354,0.085
81.3792,0.0760001819560475
81.379201,0.0760001364670252
81.379202,0.076000090978003
81.379203,0.0760000454890222
81.379204,0.076
81.3817,0.077512727272764
81.38185,0.0776036363635812
81.5772,0.1959975757573063
81.577201,0.1959981818181175
81.577202,0.1959987878783775
81.577203,0.1959993939391887
81.577204,0.196
81.57805,0.196059818181812
81.7752,0.20999971717175
81.775201,0.2099997878787803
81.775202,0.209999858585875
81.775203,0.2099999292929696
81.775204,0.21
81.7777,0.208652172596484
81.9727,0.103353156699192
81.97335,0.1030021599795622
81.973351,0.1030016199849172
81.973352,0.1030010799897811
81.973353,0.1030005399951361
81.973354,0.103
82.1707,0.1099751173945958
82.1714,0.1099998586215766
82.171401,0.1099998939661664
82.171402,0.1099999293107883
82.171403,0.109999964655378
82.171404,0.11
82.36875,0.1717952121210887
82.3694,0.1719987474746082
82.369401,0.1719990606060273
82.369402,0.1719993737374465
82.369403,0.1719996868685808
82.369404,0.172
82.3725,0.1710305454547118
82.56675,0.1102047878786274
82.5674,0.1100012525251069
82.567401,0.1100009393936878
82.567402,0.1100006262625535
82.567403,0.1100003131311343
82.567404,0.11
82.76475,0.0820924848485405
82.7654,0.0820005656564999
82.765401,0.0820004242424392
82.765402,0.0820002828282499
82.765403,0.0820001414141892
82.765404,0.082
82.9632,0.0700002426693348
82.963201,0.0700001820020286
82.963202,0.0700001213346674
82.963203,0.0700000606673061
82.963204,0.07
82.9641,0.0701717860747616
83.16075,0.1078746115036302
83.1614,0.10799923309797
83.161401,0.1079994248233903
83.161402,0.107999616548985
83.161403,0.1079998082745797
83.161404,0.108
83.35875,0.1687985151513937
83.3594,0.1689987676766307
83.359401,0.168999075757543
83.359402,0.1689993838384554
83.359403,0.1689996919190876
83.359404,0.169
83.36255,0.168793287844325
83.55725,0.1560002628253422
83.557251,0.1560001971189767
83.557252,0.1560001314126711
83.557253,0.1560000657063056
83.557254,0.156
83.55745,0.1560474791826481
83.75475,0.2038415745648484
83.7554,0.2039990310372057
83.755401,0.2039992732777941
83.755402,0.2039995155186028
83.755403,0.2039997577594116
83.755404,0.204
83.95325,0.0710026889060355
83.953251,0.0710020166793738
83.953252,0.071001344452712
83.953253,0.0710006722266617
83.953254,0.071
83.95345,0.0710907042253335
84.15075,0.1623965392352528
84.15205,0.1629981488931544
84.152051,0.162998611669971
84.152052,0.1629990744463667
84.152053,0.1629995372231834
84.152054,0.163
84.34875,0.2467216316191692
84.3494,0.2469982974412923
84.349401,0.2469987230807757
84.349402,0.2469991487206461
84.349403,0.2469995743605166
84.349404,0.247
84.35255,0.2464915555555539
84.5468,0.21509761616159
84.5474,0.2150006464647183
84.547401,0.2150004848485019
84.547402,0.2150003232322856
84.547403,0.2150001616162163
84.547404,0.215
84.7448,0.1252745454548853
84.745399999,0.1250018181820203
84.745401,0.1250013636364118
84.745402,0.1250009090912168
84.745403,0.1250004545456084
84.745404,0.125
84.9428,0.0314049230768721
84.94365,0.0310018965949876
84.943651,0.0310014224464563
84.943652,0.0310009482974938
84.943653,0.0310004741485313
84.943654,0.031
85.14075,0.2233617092284394
85.1414,0.2239960960804762
85.141401,0.2239970720605791
85.141402,0.2239980480406819
85.141403,0.2239990240198971
85.141404,0.224
85.33875,0.2937511739459585
85.33945,0.2939985862154449
85.339451,0.293998939661664
85.339452,0.2939992931078832
85.339453,0.2939996465537808
85.339454,0.294
85.34195,0.2918022641508816
85.5368,0.1202362264147787
85.5382,0.1190035220121693
85.538201,0.1190026415095273
85.538202,0.1190017610060846
85.538203,0.1190008805026419
85.538204,0.119
85.734799999,0.088102783269881
85.73545,0.0880006286437799
85.735451,0.0880004714829064
85.735452,0.0880003143218899
85.735453,0.0880001571608735
85.735453999,0.088
85.9328,0.0730495454545753
85.93345,0.0730003030303367
85.933451,0.0730002272727353
85.933452,0.0730001515151339
85.933453,0.0730000757576014
85.933454,0.073
86.1308,0.0710091197982299
86.1317,0.0710000403530848
86.131701,0.071000030264809
86.131702,0.0710000201765424
86.131703,0.0710000100882666
86.131704,0.071
86.3288,0.2723319443747362
86.32945,0.2729959140333446
86.329451,0.2729969355245439
86.329452,0.2729979570166723
86.329453,0.2729989785078716
86.329454,0.273
86.33195,0.2724453333333199
86.5268,0.2291453333334209
86.52745,0.2290008888889877
86.527451,0.2290006666666902
86.527452,0.2290004444443928
86.527453,0.2290002222222974
86.527454,0.229
86.7248,0.1891623012869529
86.7256,0.1890008074691788
86.725601,0.1890006056018382
86.725602,0.1890004037346812
86.725603,0.1890002018673406
86.725604,0.189
86.9228,0.1282016376043679
86.92345,0.128001233257375
86.923451,0.1280009249431714
86.923452,0.1280006166286875
86.923453,0.1280003083144839
86.923454,0.128
87.1208,0.1439270416140877
87.1217,0.1439996771752478
87.121701,0.1439997578814542
87.121702,0.1439998385875872
87.121703,0.1439999192937936
87.121704,0.144
87.3188,0.1390328629032117
87.3201,0.1390001008064399
87.320101,0.1390000756048184
87.320102,0.1390000504032199
87.320103,0.1390000252015985
87.320104,0.139
87.3226,0.140238521519018
87.5168,0.2366010531644364
87.5176,0.2369980151901041
87.517601,0.2369985113923524
87.517602,0.236999007595052
87.517603,0.2369995037977516
87.517604,0.237
87.7148,0.1433816969698121
87.7156,0.1430018989901101
87.715601,0.1430014242424746
87.715602,0.1430009494948391
87.715603,0.1430004747476355
87.715604,0.143
87.91285,0.1519544211853837
87.91385,0.1519998184111182
87.913851,0.1519998638083592
87.913852,0.1519999092055591
87.913853,0.1519999546028002
87.913854,0.152
88.11085,0.1390561132170763
88.1117,0.1390002628254019
88.111701,0.1390001971190365
88.111702,0.1390001314126711
88.111703,0.1390000657063654
88.111704,0.139
88.30885,0.2266204444440896
88.3097,0.2269982222220246
88.309701,0.2269986666666195
88.309702,0.2269991111108102
88.309703,0.2269995555554051
88.309704,0.227
88.31285,0.2308460823440494
88.50685,0.4680170851222064
88.50765,0.4689951098756878
88.507651,0.4689963324070438
88.507652,0.4689975549383998
88.507653,0.468998777468644
88.507654,0.469
88.70485,0.4243181268881361
88.70625,0.4240009063443055
88.706251,0.4240006797583322
88.706252,0.4240004531721527
88.706253,0.4240002265861794
88.706254,0.424
88.90285,0.276751983806152
88.90385,0.27600299595175
88.903851,0.2760022469636422
88.903852,0.2760014979762156
88.903853,0.2760007489881078
88.903854,0.276
89.10085,0.3397237503159308
89.1017,0.339998706090623
89.101701,0.3399990295678201
89.101702,0.3399993530453115
89.101703,0.3399996765228029
89.101704,0.34
89.29885,0.2304744444443827
89.2997,0.2300022222224692
89.299701,0.2300016666667256
89.299702,0.2300011111109819
89.299703,0.2300005555557436
89.299704,0.23
89.3029,0.2279172316243655
89.49685,0.1015239504927081
89.49765,0.1010026067185654
89.497651,0.1010019550392204
89.497652,0.1010013033592827
89.497653,0.1010006516799377
89.497654,0.101
89.69485,0.101
89.69565,0.101
89.695651,0.101
89.695652,0.101
89.695653,0.101
89.695654,0.101
89.89285,0.0791169634299447
89.8939,0.0790004438839332
89.893901,0.0790003329130004
89.893902,0.0790002219419666
89.893903,0.0790001109709328
89.893904,0.079
90.0909,0.0700456363636244
90.0919,0.070000181818202
90.091901,0.0700001363636411
90.091902,0.0700000909090803
90.091903,0.0700000454545608
90.091904,0.07
90.2889,0.0301726560525432
90.28975,0.0300008086933606
90.289751,0.0300006065199285
90.289752,0.0300004043466803
90.289753,0.0300002021732482
90.289754,0.03
90.29225,0.0305920363361238
90.48685,0.0767499974768051
90.4879,0.0769990512239306
90.487901,0.0769992884178401
90.487902,0.0769995256119653
90.487903,0.0769997628060905
90.487904,0.077
90.68485,0.0750081314791427
90.68565,0.0750000404551246
90.685651,0.0750000303413411
90.685652,0.0750000202275577
90.685653,0.0750000101137834
90.685654,0.075
90.88285,0.0640584817150225
90.8839,0.0640002219420171
90.883901,0.0640001664565002
90.883902,0.0640001109710337
90.883903,0.0640000554855168
90.883904,0.064
91.0809,0.0809137979798201
91.0819,0.0809996565656964
91.081901,0.0809997424242333
91.081902,0.0809998282828482
91.081903,0.0809999141414631
91.081904,0.081
91.2789,0.1467151175133049
91.27975,0.1469986656556515
91.279751,0.1469989992418144
91.279752,0.146999332827674
91.279753,0.146999666413837
91.279754,0.147
91.28225,0.1456521725964778
91.4769,0.0405421549329925
91.4779,0.0400021599795622
91.477901,0.0400016199844261
91.477902,0.0400010799897811
91.477903,0.040000539994645
91.477904,0.04
91.6749,0.0270528412538075
91.6757,0.0270002628918391
91.675701,0.0270001971688644
91.675702,0.0270001314459494
91.675703,0.0270000657229747
91.675704,0.027
91.873,0.0250166272932957
91.87465,0.0250000402111127
91.874651,0.0250000301583323
91.874652,0.0250000201055609
91.874653,0.0250000100527804
91.874654,0.025
92.0709,0.0866687886466379
92.07195,0.0869987430307776
92.071951,0.0869990572731547
92.071952,0.0869993715155317
92.071953,0.0869996857576229
92.071954,0.087
92.2689,0.070086223793865
92.2699,0.0700003435210512
92.269901,0.0700002576408275
92.269902,0.0700001717605256
92.269903,0.0700000858803018
92.269904,0.07
92.2725,0.0695935555555144
92.4669,0.0391571919192931
92.4679,0.0390006262626958
92.467901,0.0390004696969863
92.467902,0.0390003131314191
92.467903,0.0390001565657095
92.467904,0.039
92.6649,0.1355081414142678
92.6659,0.1359980404042681
92.665901,0.1359985303029783
92.665902,0.135999020202134
92.665903,0.1359995101012898
92.665904,0.136
92.8629,0.2593712323233968
92.8639,0.2599974949492165
92.863901,0.2599981212120548
92.863902,0.259998747474893
92.863903,0.2599993737371617
92.863904,0.26
93.0609,0.4560010707064272
93.0619,0.4569960202015778
93.061901,0.4569970151514096
93.061902,0.4569980101003364
93.061903,0.4569990050501682
93.061904,0.457
93.25895,0.2749277051255677
93.25995,0.2740036960367653
93.259951,0.2740027720273639
93.259952,0.2740018480188029
93.259953,0.2740009240094014
93.259954,0.274
93.2631,0.2709032306915489
93.45695,0.0800867238767741
93.45805,0.0790039374048932
93.458051,0.0790029530541175
93.458052,0.0790019687024466
93.458053,0.0790009843516709
93.458054,0.079
93.65495,0.1348075465013957
93.8532,0.1909988662531955
93.853201,0.190999149689961
93.853202,0.1909994331267266
93.853203,0.1909997165632344
93.853204,0.191
93.856,0.1911553333333202
94.05095,0.2019858888888866
94.2492,0.2129997777778036
94.249201,0.2129998333333274
94.249202,0.2129998888889017
94.249203,0.2129999444444256
94.249204,0.213
94.25265,0.2110507474749132
94.4472,0.1010022626265141
94.447201,0.1010016969697569
94.447202,0.1010011313135143
94.447203,0.1010005656567571
94.447204,0.101
94.44975,0.1002027676768557
94.45015,0.1000775151516343
94.6452,0.0390012525251069
94.645201,0.0390009393936878
94.645202,0.0390006262625534
94.645203,0.0390003131311343
94.645204,0.039
94.64865,0.0432455137599187
94.84325,0.2829950719521001
94.843251,0.2829963039646353
94.843252,0.28299753597605
94.843253,0.2829987679885853
94.843254,0.283
94.84605,0.2837627380653486
95.0412,0.3369989088152361
95.041201,0.3369991816114891
95.041202,0.336999454407494
95.041203,0.336999727203747
95.041204,0.337
95.04405,0.3357926060608535
95.2392,0.2530016969694997
95.239201,0.2530012727273177
95.239202,0.2530008484847499
95.239203,0.253000424242182
95.239204,0.253
95.24265,0.2543053030305365
95.4372,0.3279984848483164
95.437201,0.3279988636363234
95.437202,0.3279992424243305
95.437203,0.327999621211993
95.437204,0.328
95.4398,0.325813205548329
95.4402,0.3254762572508102
95.63545,0.1610033694833506
95.635451,0.1610025271123214
95.635452,0.1610016847420583
95.635453,0.1610008423710291
95.635454,0.161
95.6387,0.1622800202221745
95.83325,0.2389984226489652
95.833251,0.2389988169868135
95.833252,0.2389992113243033
95.833253,0.2389996056621516
95.833254,0.239
95.83605,0.2361927144301052
96.03145,0.0400040161457542
96.031451,0.0400030121090874
96.031452,0.0400020080724205
96.031453,0.0400010040366668
96.031454,0.04
96.0347,0.0394748634984479
96.22925,0.0080006471183732
96.229251,0.0080004853387431
96.229252,0.008000323559113
96.229253,0.0080001617796301
96.229254,0.008
96.23205,0.0080282424242399
96.42725,0.0099999595959551
96.427251,0.0099999696969686
96.427252,0.0099999797979729
96.427253,0.0099999898989864
96.427254,0.01
96.43045,0.0116770131178865
96.43085,0.0118869021188431
96.62545,0.1139979011097565
96.625451,0.1139984258324367
96.625452,0.1139989505551169
96.625453,0.1139994752773198
96.625454,0.114
96.6287,0.1126871587461197
96.82325,0.0340016177959331
96.823251,0.0340012133468578
96.823252,0.0340008088977826
96.823253,0.0340004044490752
96.823254,0.034
96.8261,0.034100489281222
97.0215,0.040999858764203
97.021501,0.0409998940731683
97.021502,0.0409999293821015
97.021503,0.0409999646910668
97.021504,0.041
97.0247,0.0420814747476662
97.2195,0.1079986464648037
97.219501,0.1079989848484489
97.219502,0.1079993232324018
97.219503,0.1079996616163548
97.219504,0.108
97.22205,0.1066481415930756
97.41725,0.0030021238940413
97.417251,0.0030015929204103
97.417252,0.0030010619467792
97.417253,0.003000530973631
97.417254,0.003
97.42045,0.0065475277493753
97.42085,0.0069915237129374
97.61545,0.2229955600408792
97.615451,0.2229966700301547
97.615452,0.2229977800204396
97.615453,0.222998890009715
97.615454,0.223
97.61805,0.2218855555554427
97.81345,0.138001717171908
97.813451,0.1380012878788334
97.813452,0.1380008585861492
97.813453,0.1380004292930746
97.813454,0.138
97.8167,0.1370493915679884
98.0115,0.0800011714214884
98.011501,0.0800008785660497
98.011502,0.0800005857108774
98.011502999,0.0800002928554387
98.011504,0.08
98.0141,0.0796984444445182
98.2095,0.0570004646464106
98.209501,0.0570003484848608
98.209502,0.0570002323232053
98.209503,0.0570001161615498
98.209504,0.057
98.2121,0.0570524974721995
98.4073,0.0609999191102217
98.407301,0.0609999393326754
98.407302,0.0609999595551108
98.407303,0.0609999797775646
98.407304,0.061
98.4105,0.0620320080728345
98.41085,0.0621450252273053
98.6055,0.1249987083752348
98.605501,0.1249990312814995
98.605502,0.1249993541874705
98.605503,0.1249996770937352
98.605504,0.125
98.6081,0.1255768888887478
98.8035,0.1689991111112144
98.803501,0.1689993333333097
98.803502,0.1689995555556072
98.803503,0.1689997777779046
98.803504,0.169
98.80675,0.1672622424241288
99.0015,0.0630021414143794
99.001501,0.0630016060606628
99.001502,0.0630010707069462
99.001502999,0.0630005353537165
99.001504,0.063
99.0041,0.0638784444445333
99.1995,0.129998646464496
99.199501,0.1299989848484489
99.199502,0.1299993232320941
99.199503,0.129999661616047
99.199504,0.13
99.20275,0.1292130909092563
99.3975,0.082000969696857
99.397501,0.082000727272753
99.397502,0.0820004848484285
99.397503,0.082000242424104
99.397504,0.082
99.4,0.0823151515151591
99.40025,0.0823467171717312
99.5955,0.1069994949494388
99.595501,0.1069996212121078
99.595502,0.1069997474747768
99.595503,0.106999873737331
99.595504,0.107
99.5981,0.1064755555555024
99.7935,0.0670008080808979
99.793501,0.0670006060606275
99.793502,0.0670004040405408
99.793503,0.0670002020202704
99.793504,0.067
99.79675,0.0675568314832319
99.99105,0.1008878102925658
99.991699999,0.1009993138243435
99.991701,0.1009994853682966
99.991702,0.1009996569122497
99.991703,0.1009998284560468
99.991703999,0.101
100.18955,0.1539989284812971
100.189551,0.153999196360851
100.189552,0.1539994642406485
100.189553,0.1539997321204461
100.189554,0.154
100.19275,0.1521275959592644
100.38755,0.0380023434346039
100.387551,0.0380017575758197
100.387552,0.0380011717170355
100.387553,0.0380005858587842
100.387554,0.038
100.39005,0.0382771233913771
100.39025,0.0382993287912705
100.5857,0.0599995558919516
100.585701,0.0599996669189889
100.585702,0.0599997779459253
100.585703,0.0599998889729626
100.585704,0.06
100.5889,0.0598384634824529
100.78355,0.0500002021733401
100.783551,0.0500001516300281
100.783552,0.05000010108667
100.783553,0.050000050543312
100.783554,0.05
100.78615,0.0502742253521407
100.98105,0.0708622535210903
100.98235,0.0709995774648378
100.982351,0.0709996830985803
100.982352,0.0709997887324189
100.982353,0.0709998943661614
100.982354,0.071
101.17905,0.1168475601721909
101.1797,0.11699906764621
101.179701,0.1169993007347105
101.179702,0.116999533822999
101.179703,0.1169997669114995
101.179704,0.117
101.37755,0.0430014960827172
101.377551,0.0430011220622079
101.377552,0.0430007480413586
101.377553,0.0430003740205092
101.377554,0.043
101.38005,0.0428362452687317
101.3803,0.0428198435528565
101.57505,0.0300429068887465
101.5757,0.0300002624274831
101.575701,0.0300001968205974
101.575702,0.0300001312137117
101.575703,0.0300000656068856
101.575704,0.03
101.7736,0.0699991915107742
101.773601,0.0699993936331266
101.773602,0.069999595755479
101.773603,0.0699997978776476
101.773604,0.07
101.7762,0.0706419581126064
101.97105,0.1188259096643855
101.97175,0.1189990108502559
101.971751,0.1189992581377481
101.971752,0.1189995054250155
101.971753,0.1189997527125077
101.971754,0.119
102.1691,0.2336201515154491
102.16975,0.2339976767679467
102.169751,0.2339982575756959
102.169752,0.2339988383839734
102.169753,0.2339994191922508
102.169754,0.234
102.3676,0.0730032549915167
102.367601,0.0730024412434525
102.367602,0.0730016274953883
102.367603,0.0730008137480641
102.367604,0.073
102.3707,0.0747811960632756
102.37095,0.074925026494796
102.5651,0.1866237395909917
102.56575,0.1869976987128403
102.565751,0.186998274034761
102.565752,0.1869988493561585
102.565753,0.1869994246780792
102.565754,0.187
102.7636,0.0290031943387746
102.763601,0.0290023957544441
102.763602,0.0290015971693873
102.763603,0.0290007985850568
102.763604,0.029
102.76615,0.0295268029270152
102.9611,0.0698646782739531
102.96175,0.0699991723440917
102.961751,0.0699993792581158
102.961752,0.0699995861721399
102.961753,0.0699997930859758
102.961754,0.07
103.1591,0.1437555757574284
103.15975,0.1439985050503389
103.159751,0.1439988787878391
103.159752,0.1439992525249995
103.159753,0.1439996262624997
103.159754,0.144
103.3571,0.0702444242422327
103.35775,0.0700014949493212
103.357751,0.0700011212121608
103.357752,0.0700007474746606
103.357753,0.0700003737371603
103.357754,0.07
103.36095,0.069289777777652
103.5551,0.0261453333334209
103.55575,0.0260008888889877
103.555751,0.0260006666666902
103.555752,0.0260004444443927
103.555753,0.0260002222222974
103.555754,0.026
103.7531,0.0299867878787982
103.75375,0.0299999191919285
103.753751,0.0299999393939556
103.753752,0.0299999595959642
103.753753,0.0299999797979913
103.753754,0.03
103.9511,0.0399669696969957
103.95175,0.0399997979798214
103.951751,0.0399998484848431
103.951752,0.0399998989899107
103.951753,0.0399999494949324
103.951754,0.04
104.1491,0.0380131286181761
104.1504,0.0380000402718393
104.150401,0.0380000302038772
104.150402,0.0380000201359151
104.150403,0.0380000100679621
104.150404,0.038
104.34715,0.0210520293893959
104.34775,0.0210003445654527
104.347751,0.0210002584240503
104.347752,0.0210001722827263
104.347753,0.021000086141324
104.347754,0.021
104.351,0.0218196969697505
104.54515,0.0708474747475155
104.54575,0.0709989898991073
104.545751,0.0709992424242156
104.545752,0.0709994949495536
104.545753,0.0709997474746619
104.545754,0.071
104.74315,0.0241433737373353
104.74375,0.024000949495055
104.743751,0.0240007121212373
104.743752,0.0240004747476354
104.743752999,0.0240002373738177
104.743754,0.024
104.94115,0.0936984615384994
104.942,0.0939985876420304
104.942001,0.0939989407313622
104.942002,0.0939992938210152
104.942003,0.0939996469106682
104.942004,0.094
105.13915,0.1996762376739171
105.13975,0.1999978558783963
105.139751,0.1999983919089191
105.139752,0.1999989279394419
105.139753,0.1999994639694772
105.139754,0.2
105.3371,0.1830604291845529
105.3378,0.1830003433475995
105.337801,0.1830002575107387
105.337802,0.1830001716737997
105.337803,0.1830000858369389
105.337804,0.183
105.34035,0.1832946314465067
105.53515,0.2058375245282389
105.53655,0.2059995371068668
105.536551,0.2059996528301764
105.536552,0.2059997685533807
105.536553,0.2059998842766904
105.536554,0.206
105.73315,0.2428399696125804
105.734,0.2429992504430668
105.734001,0.2429994378323427
105.734002,0.2429996252216186
105.734003,0.2429998126107241
105.734004,0.243
105.93115,0.1733195152740784
105.93205,0.173001413784555
105.932051,0.1730010603383359
105.932052,0.1730007068921168
105.932053,0.1730003534462191
105.932054,0.173
106.12915,0.1052248900127778
106.1298,0.1050013754742363
106.129801,0.105001031605599
106.129802,0.1050006877372745
106.129803,0.1050003438686372
106.129804,0.105
106.32715,0.0561618484847216
106.3278,0.0560009898988748
106.327801,0.0560007424242686
106.327802,0.0560004949494374
106.327803,0.0560002474746061
106.327804,0.056
106.3304,0.0565502498108055
106.52515,0.0978295836486994
106.52595,0.097999152157555
106.525951,0.0979993641180698
106.525952,0.0979995760787775
106.525953,0.0979997880392923
106.525954,0.098
106.72315,0.1049715757575671
106.72395,0.1049998585858428
106.723951,0.1049998939393901
106.723952,0.1049999292929053
106.723953,0.1049999646464526
106.723954,0.105
106.92115,0.0223578995202772
106.922,0.0220016763445438
106.922001,0.0220012572583125
106.922002,0.0220008381720813
106.922003,0.0220004190862312
106.922004,0.022
107.11915,0.0578356778590453
107.12005,0.0579992729108002
107.120051,0.0579994546831415
107.120052,0.0579996364554828
107.120053,0.0579998182276587
107.120054,0.058
107.31715,0.0947568145160648
107.31845,0.0949992540321751
107.318451,0.0949994405241737
107.318452,0.0949996270160027
107.318453,0.0949998135080013
107.318454,0.095
107.32105,0.0952891746834737
107.51515,0.1169104405064029
107.51595,0.1169995544304315
107.515950999,0.1169996658227729
107.515951999,0.1169997772152157
107.515953,0.1169998886076585
107.515954,0.117
107.7132,0.0553139873895772
107.7142,0.0550012509459145
107.714201,0.0550009382093648
107.714202,0.055000625472815
107.714203,0.0550003127365497
107.714204,0.055
107.9112,0.0739179883750419
107.91205,0.0739996158706536
107.912051,0.0739997119030339
107.912052,0.0739998079353268
107.912053,0.073999903967707
107.912054,0.074
108.1092,0.1347368989899332
108.11005,0.1349987676769109
108.110051,0.134999075757543
108.110052,0.1349993838384554
108.110053,0.1349996919190876
108.110054,0.135
108.3072,0.1320099191102045
108.30785,0.1320000606673337
108.307851,0.1320000455005071
108.307852,0.1320000303336668
108.307853,0.1320000151668265
108.307854,0.132
108.31105,0.1331290436539984
108.5052,0.2017159727478323
108.506,0.201998586928937
108.506001,0.2019989401967831
108.506002,0.2019992934646292
108.506003,0.2019996467321539
108.506004,0.202
108.7032,0.2248086899673477
108.70485,0.224999537339757
108.704851,0.2249996530047652
108.704852,0.2249997686698785
108.704853,0.2249998843349918
108.704854,0.225
108.9012,0.1692848948567786
108.9022,0.1690011350393965
108.902201,0.1690008512794828
108.902202,0.1690005675195692
108.902203,0.1690002837599136
108.902204,0.169
109.0992,0.3293050593885134
109.10005,0.3299967450092234
109.100051,0.3299975587565474
109.100052,0.3299983725046116
109.100053,0.3299991862526759
109.100054,0.33
109.2972,0.314073032062573
109.2981,0.3140003231506819
109.298101,0.3140002423630482
109.298102,0.314000161575341
109.298103,0.3140000807876337
109.298104,0.314
109.30125,0.3113929055078212
109.4952,0.1506662758971192
109.496,0.150003314805072
109.496001,0.1500024861041809
109.496002,0.150001657402536
109.496003,0.1500008287008911
109.496004,0.15
109.6932,0.0206911475411755
109.69425,0.0200026229511112
109.694251,0.0200019672131843
109.694252,0.0200013114752574
109.694253,0.0200006557379269
109.694254,0.02
109.89125,0.0846704040404887
109.89225,0.0849986868688394
109.892251,0.0849990151517788
109.892252,0.0849993434344197
109.892253,0.0849996717173591
109.892254,0.085
110.08925,0.0421856052564831
110.0901,0.0420008693455603
110.090101,0.0420006520091208
110.090102,0.0420004346726813
110.090103,0.0420002173364395
110.090104,0.042
110.28725,0.0260690101010746
110.2881,0.0260003232323591
110.288101,0.026000242424251
110.288102,0.0260001616162163
110.288103,0.0260000808081081
110.288104,0.026
110.2906,0.0263275094625381
110.48525,0.0518682614181513
110.48625,0.0519994751451531
110.486251,0.0519996063589244
110.486252,0.0519997375725765
110.486253,0.0519998687863479
110.486254,0.052
110.6832,0.0689095050504799
110.68425,0.0689996565656964
110.684251,0.0689997424242333
110.684252,0.0689998282828482
110.684253,0.068999914141385
110.684254,0.069
110.8812,0.0520904949495201
110.88225,0.0520003434343816
110.882251,0.0520002575757666
110.882252,0.0520001717172298
110.882253,0.0520000858586149
110.882254,0.052
111.07925,0.0350862020201798
111.08025,0.0350003434343035
111.080251,0.0350002575757666
111.080252,0.0350001717171517
111.080253,0.0350000858585368
111.080254,0.035
111.27725,0.1007151175133049
111.2781,0.1009986656556515
111.278101,0.1009989992418144
111.278102,0.1009993328279774
111.278103,0.100999666413837
111.278104,0.101
111.2806,0.1004331566994559
111.47525,0.0562280090841743
111.47625,0.0560009084028261
111.476251,0.056000681302068
111.476252,0.0560004542015163
111.476253,0.0560002271007581
111.476254,0.056
111.67325,0.0530152121212082
111.67425,0.0530000606060535
111.674251,0.053000045454547
111.674252,0.0530000303030267
111.674253,0.0530000151515065
111.674254,0.053
111.87125,0.0024246362949108
111.8729,0.0020010269319037
111.872901,0.0020007701988694
111.872902,0.0020005134658351
111.872903,0.0020002567330343
111.872904,0.002
112.06925,0.1233485916918138
112.0703,0.1239975278619339
112.070301,0.1239981458965909
112.070302,0.123998763931248
112.070303,0.1239993819653429
112.070304,0.124
112.26725,0.2165049393938017
112.2683,0.2169981212119123
112.268301,0.216998590909041
112.268302,0.2169990606057426
112.268303,0.2169995303028712
112.268304,0.217
112.2708,0.2158651679716792
112.46525,0.1274564789086971
112.46625,0.1270018186412731
112.466251,0.1270013639808515
112.466252,0.1270009093204298
112.466253,0.1270004546604216
112.466254,0.127
112.66325,0.0941921877366458
112.6644,0.0940006661620725
112.664401,0.0940004996215165
112.664402,0.094000333081112
112.664403,0.094000166540556
112.664404,0.094
112.86125,0.0760913419256777
112.86225,0.0760003639120122
112.862251,0.0760002729340506
112.862252,0.0760001819560061
112.862253,0.0760000909779617
112.862254,0.076
113.05925,0.0720212875536356
113.0603,0.0720000807876704
113.060301,0.072000060590762
113.060302,0.0720000403938352
113.060303,0.0720000201969084
113.060304,0.072
113.2573,0.0530963434343182
113.2583,0.0530003838384265
113.258301,0.053000287878798
113.258302,0.0530001919191696
113.258303,0.0530000959596284
113.258304,0.053
113.26145,0.0539533333333407
113.4553,0.1126957575758358
113.4563,0.1129987878789287
113.456301,0.1129990909093343
113.456302,0.1129993939394643
113.456303,0.11299969696987
113.456304,0.113
113.6533,0.1174834087748166
113.85175,0.1219999089644607
113.851751,0.1219999317233507
113.851752,0.12199995448222
113.851753,0.12199997724111
113.851754,0.122
113.85435,0.1217506370071394
114.04955,0.1030003842265341
114.049551,0.1030002881698787
114.049552,0.1030001921133107
114.049553,0.1030000960566553
114.049554,0.103
114.053,0.1025474949495313
114.24755,0.0770005252524642
114.247551,0.0770003939394078
114.247552,0.0770002626262321
114.247553,0.0770001313130563
114.247554,0.077
114.25035,0.0770141212121245
114.44555,0.0779999797979775
114.445551,0.0779999848484843
114.445552,0.077999989898991
114.445553,0.0779999949494932
114.445554,0.078
114.4489,0.0776621055289562
114.44915,0.0776368593789889
114.6436,0.0580004039384443
114.643601,0.0580003029538102
114.643602,0.0580002019691762
114.643603,0.058000100984634
114.643604,0.058
114.6464,0.0584518787878395
114.8416,0.0899993535352816
114.841601,0.089999515151498
114.841602,0.0899996767675673
114.841603,0.0899998383837836
114.841604,0.09
114.84505,0.0890253737374521
115.0396,0.0340011313129998
115.039601,0.0340008484848785
115.039602,0.0340005656564999
115.039603,0.0340002828281213
115.039604,0.034
115.0424,0.0341694545454398
115.2376,0.0459997575757306
115.237601,0.0459998181818117
115.237602,0.0459998787878928
115.237603,0.0459999393939188
115.237604,0.046
115.2404,0.046903985854938
115.43555,0.1099987067442776
115.435551,0.1099990300580611
115.435552,0.1099993533721388
115.435553,0.1099996766862164
115.435554,0.11
115.4388,0.110081969696975
115.43915,0.1100908080808198
115.63355,0.1149998989898877
115.633551,0.1149999242424215
115.633552,0.1149999494949553
115.633553,0.1149999747474662
115.633554,0.115
115.6364,0.1158469810843155
115.8318,0.1739988095839971
115.831801,0.1739991071881331
115.831802,0.1739994047919985
115.831803,0.1739997023961346
115.831804,0.174
115.83505,0.1727868484847692
116.0298,0.1000014949493212
116.029801,0.1000011212121608
116.029802,0.1000007474746606
116.029803,0.1000003737375002
116.029804,0.1
116.0324,0.099173164812857
116.2276,0.0370012740140076
116.227601,0.0370009555106505
116.227602,0.0370006370070038
116.227603,0.0370003185036467
116.227604,0.037
116.23105,0.0375569292928819
116.4256,0.0689993535352816
116.425601,0.068999515151498
116.425602,0.0689996767677143
116.425603,0.0689998383837836
116.425604,0.069
116.4283,0.0689047830474423
116.42855,0.0688959535822538
116.6238,0.0620001412714586
116.623801,0.0620001059535859
116.623802,0.0620000706357132
116.623803,0.0620000353178727
116.623804,0.062
116.62645,0.0628016157535714
116.82185,0.1219987881849426
116.821851,0.1219990911385692
116.821852,0.1219993940924713
116.821853,0.1219996970460979
116.821854,0.122
116.82505,0.1222421212120951
117.019849999,0.1369996969696633
117.019851,0.1369997727272647
117.019852,0.1369998484847972
117.019853,0.1369999242423986
117.019853999,0.137
117.02245,0.1373413198482099
117.2176,0.1629994740834998
117.217601,0.162999605562565
117.217602,0.1629997370417499
117.217603,0.1629998685209347
117.217604,0.163
117.22105,0.1617817171714992
117.4156,0.0930014141412498
117.415601,0.0930010606060981
117.415602,0.0930007070706249
117.415603,0.0930003535354732
117.415604,0.093
117.41835,0.0926260176544616
117.41855,0.0925987793190954
117.61385,0.0660005447667692
117.613851,0.0660004085750459
117.613852,0.0660002723834465
117.613853,0.0660001361917232
117.613853999,0.066
117.617049999,0.0685000252331536
117.81135,0.220488417865654
117.812,0.2209968710576434
117.812001,0.2209976532935883
117.812002,0.2209984355288217
117.812003,0.2209992177647665
117.812004,0.221
118.009849999,0.0270039221636909
118.009851,0.0270029416225452
118.009852,0.0270019610813996
118.009853,0.0270009805411456
118.009853999,0.027
118.0131,0.0268360606060498
118.20785,0.0170002020202244
118.207851,0.0170001515151568
118.207852,0.0170001010101352
118.207853,0.0170000505050676
118.207854,0.017
118.21045,0.0180630738116685
118.40565,0.0979983619816177
118.405651,0.0979987714863064
118.405652,0.0979991809906226
118.405653,0.0979995904953113
118.405654,0.098
118.40835,0.0975375176590054
118.4086,0.0974946316852328
118.60385,0.0640006861756565
118.603851,0.0640005146317033
118.603852,0.0640003430877502
118.603853,0.0640001715439531
118.603854,0.064
118.6071,0.063934490413719
118.8014,0.0600131987891099
118.80205,0.0600000807265294
118.802051,0.0600000605449062
118.802052,0.0600000403632647
118.802053,0.0600000201816415
118.802054,0.06
118.99985,0.1259986653186586
118.999850999,0.1259989989888422
118.999852,0.1259993326593293
118.999853,0.1259996663298164
118.999854,0.126
119.0031,0.1270164242424906
119.19785,0.1879987474746082
119.197851,0.1879990606060274
119.197852,0.1879993737374465
119.197853,0.1879996868685808
119.197854,0.188
119.20045,0.1858738523766628
119.39565,0.0260032760367645
119.395651,0.0260024570273872
119.395652,0.0260016380180098
119.395653,0.0260008190093773
119.395654,0.026
119.399,0.0258311806256552
119.39925,0.0258185671039573
119.59385,0.0160002018163236
119.593851,0.0160001513622656
119.593852,0.0160001009081618
119.593853,0.0160000504541038
119.593854,0.016
119.59645,0.0169170830180092
119.792,0.085998586928937
119.792001,0.0859989401967831
119.792002,0.0859992934646291
119.792003,0.0859996467321539
119.792004,0.086
119.9894,0.0830099065892511
119.99005,0.0830000605907666
119.990051,0.0830000454430715
119.990051999,0.0830000302953764
119.990053,0.0830000151476951
119.990054,0.083
120.1879,0.1549985443519508
120.187901,0.1549989082641286
120.187902,0.1549992721759754
120.187903,0.1549996360881532
120.187904,0.155
120.1905,0.153833111110993
120.3859,0.066001797979589
120.385901,0.0660013484848961
120.385902,0.0660008989897945
120.385903,0.0660004494951016
120.385904,0.066
120.38675,0.0661879999999797
120.38925,0.0667435555556476
120.5839,0.1099991111110123
120.583901,0.1099993333333097
120.583902,0.1099995555554051
120.583903,0.1099997777777025
120.583904,0.11
120.5865,0.1110349936913906
120.7814,0.1887392581376171
120.78205,0.1889984052483718
120.782051,0.1889988039363695
120.782052,0.1889992026240046
120.782053,0.1889996013120023
120.782054,0.189
120.97945,0.075347757575666
120.98005,0.0750023030300354
120.980051,0.0750017272727883
120.980052,0.0750011515150177
120.980053,0.075000575757247
120.980054,0.075
121.1779,0.0510004852161267
121.177901,0.0510003639120674
121.177902,0.0510002426081185
121.177903,0.0510001213040592
121.177904,0.051
121.18105,0.0514607777777813
121.3759,0.0799994141414822
121.375901,0.079999560606045
121.375902,0.0799997070707411
121.375903,0.0799998535354371
121.375904,0.08
121.3761,0.0800801211203469
121.37855,0.081081635124869
121.5734,0.1607326570781817
121.57405,0.1609983648752846
121.574051,0.1609987736562776
121.574052,0.1609991824376423
121.574053,0.1609995912186352
121.574054,0.161
121.7714,0.1460495454545753
121.77205,0.1460003030303367
121.772051,0.1460002272727353
121.772052,0.1460001515151339
121.772053,0.1460000757576014
121.772054,0.146
121.9694,0.2008044938146816
121.9701,0.2009988891692782
121.970101,0.2009991668770218
121.970102,0.2009994445847653
121.970103,0.2009997222922564
121.970104,0.201
122.16745,0.2388744848485832
122.1681,0.2389992323233215
122.168101,0.2389994242425784
122.168102,0.2389996161616608
122.168103,0.2389998080809176
122.168104,0.239
122.36595,0.2070006469548356
122.365951,0.2070004852160899
122.365952,0.2070003234773443
122.365953,0.2070001617387457
122.365954,0.207
122.36615,0.206841736058574
122.3686,0.2048634367903822
122.56345,0.0475280847845729
122.5641,0.0470032298767153
122.564101,0.0470024224073528
122.564102,0.0470016149387248
122.564103,0.0470008074693624
122.564104,0.047
122.76145,0.3121213939400822
122.7621,0.3129946262632507
122.762101,0.312995969698049
122.762102,0.3129973131316254
122.762103,0.3129986565664236
122.762104,0.313
122.95945,0.2275430211483373
122.9607,0.2270017321250666
122.960701,0.2270012990937015
122.960702,0.2270008660627302
122.960703,0.2270004330313651
122.960704,0.227
123.15745,0.1502551063831328
123.1581,0.1500015602838613
123.158101,0.1500011702128073
123.158102,0.150000780142108
123.158103,0.150000390071054
123.158104,0.15
123.35545,0.1579735757575964
123.3561,0.1579998383838571
123.356101,0.1579998787878745
123.356102,0.1579999191919285
123.356103,0.1579999595959826
123.356104,0.158
123.3586,0.1569789090908843
123.55345,0.0772675454547066
123.5541,0.0770016363638182
123.554101,0.0770012272727706
123.554102,0.0770008181817231
123.554103,0.0770004090910475
123.554104,0.077
123.751449999,0.2143707339215065
123.75235,0.2149972156365127
123.752351,0.2149979117275428
123.752352,0.2149986078179397
123.752353,0.2149993039089699
123.752354,0.215
123.94945,0.0714762376734576
123.9501,0.0710029127683088
123.950101,0.0710021845765627
123.950102,0.0710014563841544
123.950103,0.071000728191746
123.950104,0.071
124.14745,0.136765392577618
124.14815,0.1369986670034369
124.148151,0.1369990002524261
124.148152,0.1369993335017184
124.148153,0.1369996667510107
124.148154,0.137
124.3455,0.1688943030302393
124.34615,0.1689993535352816
124.346151,0.168999515151498
124.346152,0.1689996767677143
124.346153,0.1689998383837836
124.346154,0.169
124.3495,0.1687971608991913
124.5435,0.1570366153068859
124.5441,0.1570002424854479
124.544101,0.1570001818641135
124.544102,0.1570001212427239
124.544103,0.1570000606213344
124.544104,0.157
124.7415,0.2276941538461937
124.74235,0.2279985674651623
124.742351,0.2279989255989531
124.742352,0.227999283732744
124.742353,0.2279996418662091
124.742354,0.228
124.9395,0.2748564450061433
124.9401,0.274999049304572
124.940101,0.274999286978483
124.940102,0.2749995246521779
124.940103,0.2749997623260889
124.940104,0.275
125.1375,0.2530671111110935
125.1381,0.2530004444443928
125.138101,0.2530003333333451
125.138102,0.2530002222221964
125.138103,0.2530001111110477
125.138104,0.253
125.3355,0.4622009084030566
125.33625,0.4629957607868111
125.336251,0.4629968205903493
125.336252,0.4629978803938875
125.336253,0.4629989401964618
125.336254,0.463
125.33955,0.4597872323233702
125.5335,0.2707349595965408
125.53425,0.2700038989903324
125.534251,0.2700029242425277
125.534252,0.2700019494956095
125.534253,0.2700009747478047
125.534254,0.27
125.7315,0.1455388692578823
125.73235,0.1450025239774956
125.732351,0.1450018929834086
125.732352,0.1450012619887478
125.732353,0.1450006309946608
125.732354,0.145
125.9295,0.1300684675586622
125.9304,0.1300003029537643
125.930401,0.1300002272153577
125.930402,0.1300001514768821
125.930403,0.1300000757384755
125.930404,0.13
126.1275,0.1925859274192455
126.1288,0.1929987298385684
126.128801,0.1929990473789985
126.128802,0.1929993649194286
126.128803,0.1929996824595699
126.128804,0.193
126.3255,0.1402157569620905
126.3263,0.1400010734178408
126.326301,0.1400008050633196
126.326302,0.1400005367090424
126.326303,0.1400002683545212
126.326304,0.14
126.3295,0.1386764040405402
126.5235,0.058332969696695
126.5243,0.058001656565464
126.524301,0.0580012424242863
126.524302,0.058000828282732
126.524303,0.0580004141411776
126.524304,0.058
126.7215,0.1376349318524205
126.7224,0.1379983846540355
126.722401,0.1379987884906184
126.722402,0.1379991923268341
126.722403,0.137999596163417
126.722404,0.138
126.9195,0.1131141414140832
126.9204,0.1130005050504463
126.920401,0.1130003787878921
126.920402,0.1130002525252231
126.920403,0.1130001262625541
126.920404,0.113
127.1175,0.0801506666667407
127.1184,0.0800006666667407
127.118401,0.0800005000000176
127.118402,0.0800003333332946
127.118403,0.080000166666723
127.118404,0.08
127.3155,0.1059140126421731
127.31615,0.1059994740833802
127.316151,0.105999605562565
127.316152,0.1059997370416303
127.316153,0.1059998685208151
127.316154,0.106
127.3189,0.1056823038229244
127.5135,0.0831682193159177
127.51495,0.0830004627767114
127.514951,0.0830003470825072
127.514951999,0.0830002313884083
127.514952999,0.0830001156942041
127.514954,0.083
127.71155,0.113842489878583
127.71255,0.1139993724697085
127.712551,0.11399952935221
127.712552,0.1139996862348542
127.712553,0.1139998431173558
127.712554,0.114
127.90955,0.1777237503156378
127.9104,0.1779987060903287
127.910401,0.1779990295678201
127.910402,0.1779993530450172
127.910403,0.1779996765225086
127.910404,0.178
128.10755,0.0993407373736945
128.1084,0.0990015959594105
128.108401,0.0990011969697393
128.108402,0.0990007979797052
128.108403,0.0990003989896711
128.108404,0.099
128.30555,0.13189088978775
128.3062,0.1319993326593293
128.306201,0.1319994994944211
128.306202,0.1319996663296646
128.306203,0.1319998331649082
128.306204,0.132
128.30895,0.1320970073176926
128.50355,0.1389715972747832
128.50435,0.1389998586929258
128.504351,0.1389998940196783
128.504352,0.1389999293464629
128.504353,0.1389999646732475
128.504354,0.139
128.70155,0.1340253279515575
128.70255,0.1340001009081618
128.702551,0.1340000756811328
128.702552,0.1340000504540809
128.702553,0.134000025227029
128.702554,0.134
128.89955,0.0563366793024578
128.9004,0.0560015769524118
128.900401,0.0560011827142192
128.900402,0.0560007884760266
128.900403,0.0560003942381926
128.900404,0.056
129.09755,0.2680813030304184
129.0984,0.268995696970197
129.098401,0.268996772728137
129.098402,0.2689978484850985
129.098403,0.2689989242430384
129.098404,0.269
129.29555,0.0339718209251818
129.2972,0.0320047686111158
129.297201,0.032003576458879
129.297202,0.0320023843055579
129.297203,0.0320011921522368
129.297204,0.032
129.2998,0.0320790058331301
129.49355,0.0379755313213491
129.49435,0.0379998782652943
129.494351,0.0379999086989569
129.494352,0.0379999391326471
129.494353,0.0379999695663374
129.494354,0.038
129.69155,0.0797767061790048
129.6926,0.0799991525850256
129.692601,0.0799993644388173
129.692602,0.0799995762926091
129.692603,0.0799997881462082
129.692604,0.08
129.8896,0.1237768888887451
129.8906,0.1239991111110123
129.890601,0.1239993333333097
129.890602,0.1239995555554051
129.890603,0.1239997777777025
129.890604,0.124
130.0876,0.0831769724538568
130.08845,0.0830008289106946
130.088451,0.0830006216831152
130.088452,0.0830004144553473
130.088453,0.0830002072277679
130.088454,0.083
130.2856,0.0591035151515016
130.28645,0.0590004848485387
130.286451,0.0590003636363765
130.286452,0.0590002424243245
130.286453,0.0590001212121622
130.286454,0.059
130.28975,0.0586502475998125
130.4836,0.0380800101061775
130.48435,0.0380004244568435
130.484351,0.0380003183426085
130.484352,0.03800021222847
130.484353,0.038000106114235
130.484354,0.038
130.6816,0.0558503167421091
130.68325,0.0559996380090918
130.683251,0.0559997285067777
130.683252,0.0559998190045459
130.683253,0.0559999095023141
130.683254,0.056
130.87955,0.0440640891816747
130.8806,0.0440002432227278
130.880601,0.044000182417032
130.880602,0.0440001216113362
130.880603,0.0440000608056957
130.880604,0.044
131.0776,0.0798174545453369
131.0786,0.0799992727271918
131.078601,0.0799994545454352
131.078602,0.0799996363635132
131.078603,0.0799998181817566
131.078604,0.08
131.2756,0.0690474804144494
131.27645,0.0690002223907247
131.276451,0.0690001667930309
131.276452,0.0690001111953371
131.276453,0.0690000555976938
131.276454,0.069
131.27975,0.0688336613676577
131.4736,0.0590506686853261
131.4746,0.0590002018672947
131.474601,0.0590001514004595
131.474602,0.0590001009336244
131.474603,0.0590000504668351
131.474604,0.059
131.6716,0.044076060606041
131.6726,0.0440003030302678
131.672601,0.0440002272726664
131.672602,0.0440001515151339
131.672603,0.0440000757575325
131.672604,0.044
131.8696,0.0499695757575837
131.8706,0.0499998787878928
131.870601,0.0499999090909058
131.870602,0.0499999393939464
131.870603,0.0499999696969594
131.870604,0.05
132.0676,0.1415103862659574
132.06865,0.1419981418835787
132.068651,0.1419986064124728
132.068652,0.1419990709417893
132.068653,0.1419995354711059
132.068654,0.142
132.2656,0.2384836464645029
132.26665,0.2389980404038226
132.266651,0.2389985303029783
132.266652,0.2389990202021341
132.266653,0.2389995101008442
132.266654,0.239
132.26915,0.2365922424241729
132.4636,0.0490167373731474
132.46465,0.0480038585854102
132.464651,0.0480028939386189
132.464652,0.0480019292927051
132.464653,0.0480009646459138
132.464654,0.048
132.6616,0.114592894271968
132.6628,0.1149986474894329
132.662801,0.1149989856169209
132.662802,0.1149993237447165
132.662803,0.114999661872512
132.662804,0.115
132.8596,0.0304314459048424
132.8606,0.0300017189077881
132.860601,0.0300012891810364
132.860602,0.030000859453894
132.860603,0.0300004297267516
132.860604,0.03
133.0576,0.0608350214593236
133.05865,0.0609993738955536
133.058651,0.060999530421594
133.058652,0.0609996869477768
133.058653,0.0609998434739596
133.058654,0.061
133.25565,0.053040565656555
133.25665,0.0530001616161428
133.256651,0.0530001212121254
133.256652,0.0530000808080714
133.256653,0.053000040404054
133.256654,0.053
133.2593,0.0529196660341581
133.45365,0.0470190967741971
133.6519,0.0410001214421111
133.651901,0.0410000910815695
133.651902,0.0410000607210555
133.651903,0.0410000303605139
133.651904,0.041
133.65525,0.0427236969699104
133.8499,0.1429979393941788
133.849901,0.1429984545453999
133.849902,0.1429989696970894
133.849903,0.142999484848779
133.849904,0.143
133.85265,0.1420153232322833
134.0479,0.0720014343435938
134.047901,0.0720010757576138
134.047902,0.0720007171716338
134.047903,0.0720003585859799
134.047904,0.072
134.0506,0.0723540202019634
134.2459,0.0979994747475357
134.245901,0.0979996060607115
134.245902,0.0979997373737679
134.245903,0.0979998686869436
134.245904,0.098
134.24925,0.0986759595960433
134.4439,0.1379991919192858
134.443901,0.1379993939393725
134.443902,0.1379995959596429
134.443903,0.1379997979797296
134.443904,0.138
134.4465,0.138
134.44685,0.138
134.64195,0.138
134.641951,0.138
134.641952,0.138
134.641953,0.138
134.641954,0.138
134.6454,0.1375305650858106
134.84015,0.1110005449040739
134.840151,0.1110004086781173
134.840152,0.1110002724520369
134.840153,0.1110001362259565
134.840154,0.111
134.84275,0.110645642062653
135.03795,0.0840005460060032
135.037951,0.0840004095044403
135.037952,0.0840002730030016
135.037953,0.0840001365014387
135.037954,0.084
135.0414,0.08412182828285
135.23595,0.090999858585875
135.235951,0.0909998939393901
135.235952,0.0909999292929375
135.235953,0.0909999646464526
135.235954,0.091
135.23875,0.0909858930373372
135.43415,0.0900000201816323
135.434151,0.0900000151362265
135.434152,0.0900000100908161
135.434153,0.0900000050454058
135.434154,0.09
135.4373,0.0898250012642219
135.43755,0.0898110948166843
135.6319,0.0790002225031853
135.631901,0.0790001668773763
135.631902,0.0790001112515673
135.631903,0.0790000556258089
135.631904,0.079
135.63535,0.079486698612821
135.83015,0.1069994350566837
135.830151,0.1069995762925449
135.830152,0.1069997175282776
135.830153,0.1069998587641388
135.830154,0.107
135.83275,0.1058450556120143
136.02795,0.0190017795755264
136.027951,0.0190013346815436
136.027952,0.0190008897879655
136.027953,0.0190004448939827
136.027954,0.019
136.0314,0.0195743333332871
136.22595,0.0519993333334108
136.225951,0.0519994999999823
136.225952,0.0519996666667054
136.225953,0.0519998333334284
136.225954,0.052
136.22875,0.0518870303030033
136.42395,0.0440001616161795
136.423951,0.0440001212121255
136.423952,0.0440000808080714
136.423953,0.044000040404054
136.423954,0.044
136.4273,0.045418082744496
136.42755,0.0455240363267579
136.62215,0.1279983047428811
136.622151,0.1279987285569681
136.622152,0.1279991523714406
136.622153,0.127999576185913
136.622154,0.128
136.6248,0.1283340065639881
136.8202,0.1529994950770594
136.820201,0.1529996213077371
136.820202,0.1529997475385297
136.820203,0.1529998737693222
136.820204,0.153
136.8234,0.1511598787875529
137.0182,0.039002303030559
137.018201,0.0390017272727883
137.018202,0.0390011515150177
137.018203,0.0390005757577706
137.018204,0.039
137.0208,0.0396038735778109
137.21595,0.0849990695321342
137.215951,0.0849993021491535
137.215952,0.0849995347659613
137.215953,0.0849997673829806
137.215954,0.085
137.2188,0.085618070706944
137.41395,0.1279991313132322
137.413951,0.1279993484848254
137.413952,0.1279995656566161
137.413953,0.1279997828284068
137.413954,0.128
137.4173,0.1265316418661489
137.41755,0.1264219319039578
137.6122,0.0410017553595898
137.612201,0.0410013165195926
137.612202,0.0410008776795953
137.612203,0.0410004388399972
137.612204,0.041
137.61475,0.0408842727272855
137.8102,0.0320001818181606
137.810201,0.0320001363635998
137.810202,0.0320000909090803
137.810203,0.0320000454545195
137.810204,0.032
137.8134,0.033307454545686
138.0082,0.1129983636365538
138.008201,0.1129987727272293
138.008201999,0.1129991818182769
138.008203,0.1129995909089524
138.008204,0.113
138.010799999,0.1143518099091385
138.206,0.2159979170882097
138.206001,0.2159984378159204
138.206002,0.2159989585441048
138.206003,0.2159994792722892
138.206004,0.216
138.20945,0.2153914732593842
138.4042,0.1810007063571328
138.404201,0.1810005297679299
138.404202,0.1810003531785664
138.404203,0.1810001765892029
138.404204,0.181
138.40675,0.1807942626262128
138.407,0.1807740606060067
138.6022,0.1650003232322856
138.602201,0.165000242424251
138.602202,0.1650001616161428
138.602203,0.1650000808081081
138.602204,0.165
138.6048,0.1636378203833097
138.79975,0.0613431685163802
138.8004,0.0610020988897661
138.800401,0.0610015741675632
138.800402,0.061001049444883
138.800403,0.0610005247222029
138.800404,0.061
138.99825,0.1329985443516198
138.998251,0.1329989082637976
138.998251999,0.1329992721756444
138.998253,0.1329996360878222
138.998254,0.133
139.0008,0.1330385855013849
139.1962,0.1359999393786242
139.196201,0.1359999545339716
139.196202,0.135999969689319
139.196203,0.1359999848446526
139.196204,0.136
139.19945,0.1341638787877587
139.3942,0.0240022626265141
139.394201,0.0240016969697569
139.394202,0.0240011313135142
139.394203,0.0240005656567571
139.394204,0.024
139.3967,0.0244033939394055
139.39695,0.0244437979796709
139.5922,0.0559993535354286
139.592201,0.055999515151498
139.592202,0.0559996767677143
139.592203,0.0559998383839306
139.592204,0.056
139.59545,0.0564094349142558
139.78975,0.0809175075681778
139.7904,0.0809994954591908
139.790401,0.0809996215944504
139.790402,0.0809997477295954
139.790403,0.080999873864855
139.790404,0.081
139.98825,0.1099994136971802
139.988251,0.1099995602729184
139.988252,0.1099997068486567
139.988252999,0.1099998534242617
139.988254,0.11
139.991499999,0.1101967272727401
140.18625,0.1219997575757306
140.186251,0.1219998181818117
140.186252,0.1219998787878377
140.186253,0.1219999393939188
140.186254,0.122
140.18885,0.1224847438807801
140.38375,0.1588778803937367
140.3844,0.1589992530911794
140.384401,0.1589994398184694
140.384402,0.1589996265455897
140.384403,0.1589998132728797
140.384404,0.159
140.387,0.1584357947939792
140.58225,0.1160008693455603
140.582251,0.1160006520091208
140.582252,0.1160004346726813
140.582253,0.1160002173364395
140.582254,0.116
140.5855,0.1153775018924645
140.77975,0.078125420136336
140.7804,0.0780007670957198
140.780401,0.0780005753217463
140.780402,0.0780003835479471
140.780403,0.0780001917739735
140.780404,0.078
140.97775,0.0500924848484123
140.9784,0.0500005656564999
140.978401,0.0500004242424392
140.978402,0.0500002828282499
140.978403,0.0500001414140606
140.978404,0.05
141.17625,0.0480000404346772
141.176251,0.0480000303260056
141.176252,0.048000020217334
141.176253,0.0480000101086716
141.176254,0.048
141.17875,0.0477732626797823
141.3738,0.0300548675246705
141.3744,0.0300003633611304
141.374401,0.0300002725208272
141.374402,0.0300001816806065
141.374403,0.0300000908403032
141.374404,0.03
141.37755,0.030572433661869
141.57225,0.0659992721759754
141.572251,0.0659994541318988
141.572252,0.0659996360879877
141.572253,0.0659998180439111
141.572254,0.066
141.5748,0.0660642442593921
141.76975,0.0709834973504821
141.7704,0.0709998990663526
141.770401,0.0709999242997702
141.770402,0.0709999495331878
141.770403,0.0709999747665824
141.770404,0.071
141.96775,0.1258044938146816
141.96845,0.1259988891692781
141.968451,0.1259991668770217
141.968452,0.1259994445847653
141.968453,0.1259997222922564
141.968454,0.126
142.1663,0.061001314126711
142.166301,0.0610009855948839
142.166302,0.0610006570633555
142.166303,0.0610003285315283
142.166304,0.061
142.1688,0.0612519303557973
142.3638,0.0809339894020201
142.36445,0.0809995962655023
142.364451,0.0809996971990808
142.364452,0.0809997981327512
142.364453,0.0809998990664215
142.364454,0.081
142.3676,0.0822234444444483
142.5618,0.1577456666665134
142.56245,0.1579984444442715
142.562451,0.157998833333292
142.562452,0.1579992222223126
142.562453,0.1579996111109794
142.562454,0.158
142.7598,0.1320858787879305
142.76045,0.1320005252525836
142.760451,0.1320003939394078
142.760452,0.1320002626263515
142.760453,0.1320001313131757
142.760454,0.132
142.9578,0.1130627575757084
142.95845,0.1130003838383392
142.958451,0.113000287878798
142.958452,0.1130001919191696
142.958453,0.1130000959595411
142.958454,0.113
143.1558,0.1497571205637416
143.1571,0.1499992549709718
143.157101,0.1499994412282712
143.157102,0.1499996274855706
143.157103,0.1499998137427006
143.157104,0.15
143.3538,0.0762452292882146
143.35445,0.0760014998734882
143.354451,0.0760011249050309
143.354452,0.0760007499369146
143.354453,0.0760003749684573
143.354454,0.076
143.35765,0.0761614141413975
143.5518,0.0859669696969955
143.55245,0.0859997979798214
143.552451,0.0859998484848431
143.552452,0.0859998989899107
143.552453,0.0859999494949783
143.552454,0.086
143.7498,0.0252014848486062
143.750449999,0.0250012323233693
143.750451,0.0250009242424569
143.750451999,0.0250006161615445
143.750453,0.0250003080809123
143.750454,0.025
143.9478,0.1246696969699557
143.94845,0.1249979797982145
143.948451,0.1249984848488905
143.948452,0.1249989898991072
143.948453,0.1249994949497833
143.948454,0.125
144.1458,0.1658542590256782
144.1465,0.1659991719263774
144.146501,0.1659993789448772
144.146502,0.1659995859631887
144.146503,0.1659997929816885
144.146504,0.166
144.34385,0.1241598586571772
144.3446,0.1240008480566313
144.344601,0.1240006360424253
144.344602,0.1240004240282192
144.344603,0.124000212014206
144.344604,0.124
144.3472,0.1235815012594017
144.54185,0.0922021561712512
144.5431,0.0920006448361971
144.543101,0.0920004836270745
144.543102,0.0920003224180985
144.543103,0.0920001612089759
144.543104,0.092
144.739849999,0.135809838056705
144.7407,0.1359991093116418
144.740700999,0.135999331983782
144.740702,0.1359995546559222
144.740702999,0.1359997773278598
144.740704,0.136
144.93785,0.3214318887485716
144.93845,0.3219962376734123
144.938451,0.3219971782552731
144.938452,0.3219981188362785
144.938453,0.3219990594181392
144.938454,0.322
145.13585,0.1943904646463619
145.13645,0.1940025858582853
145.136451,0.194001939394008
145.136452,0.1940012929291427
145.136453,0.1940006464642773
145.136454,0.194
145.33385,0.1292473378752444
145.3346,0.1290013121371172
145.334601,0.1290009841029871
145.334602,0.1290006560685586
145.334603,0.1290003280341301
145.334604,0.129
145.3371,0.1284955027791686
145.53185,0.0891321879738039
145.5325,0.0890008084890419
145.532501,0.0890006063668733
145.532502,0.0890004042445209
145.532503,0.0890002021223524
145.532504,0.089
145.72985,0.1328104137235358
145.7307,0.1329991120081758
145.730701,0.1329993340060309
145.730702,0.1329995560040879
145.730703,0.1329997780021449
145.730704,0.133
145.92785,0.0941682121211902
145.9287,0.0940007878788754
145.928701,0.0940005909091118
145.928702,0.0940003939393481
145.928703,0.0940001969697636
145.928704,0.094
146.12585,0.0371884630941483
146.1265,0.0370011526796023
146.126501,0.0370008645096362
146.126502,0.0370005763396701
146.126503,0.0370002881699661
146.126504,0.037
146.32385,0.037
146.3253,0.037
146.325301,0.037
146.325302,0.037
146.325303,0.037
146.325304,0.037
146.32785,0.0373870281225819
146.52185,0.0668777805929562
146.52265,0.0669993919433187
146.522651,0.0669995439575581
146.522652,0.0669996959716593
146.522653,0.0669998479858988
146.522654,0.067
146.71985,0.0998494093891234
146.72075,0.0999993336697896
146.720751,0.0999995002523801
146.720752,0.0999996668349705
146.720753,0.0999998334174095
146.720754,0.1
146.91785,0.0482374141415309
146.91875,0.0480010505051672
146.918751,0.0480007878788157
146.918752,0.048000525252703
146.918753,0.0480002626263515
146.918754,0.048
147.11585,0.048
147.1165,0.048
147.116501,0.048
147.116502,0.048
147.116503,0.048
147.116504,0.048
147.31385,0.2033670249808835
147.31465,0.2039968508709186
147.314651,0.2039976381528309
147.314652,0.2039984254354593
147.314653,0.2039992127173716
147.314654,0.204
147.3179,0.2033278484848045
147.51185,0.163166484848535
147.51265,0.1630008282829203
147.512651,0.1630006212121432
147.512652,0.1630004141415543
147.512653,0.1630002070707771
147.512654,0.163
147.7099,0.164983368526901
147.71155,0.1649999597787879
147.711551,0.1649999698340864
147.711552,0.164999979889394
147.711553,0.1649999899447015
147.711554,0.165
147.9079,0.128160233265699
147.90875,0.1280007505071828
147.908751,0.1280005628803444
147.908752,0.1280003752536767
147.908753,0.1280001876268383
147.908754,0.128
148.1059,0.1608576666666845
148.10675,0.1609993333334108
148.106751,0.1609995000001339
148.106752,0.1609996666667054
148.106753,0.1609998333334285
148.106754,0.161
148.3039,0.1380934175297072
148.3047,0.1380004647638809
148.304701,0.1380003485728843
148.304702,0.1380002323819933
148.304703,0.1380001161909966
148.304704,0.138
148.3079,0.1372252121212918
148.5019,0.0901949090907482
148.5027,0.090000969696857
148.502701,0.0900007272727529
148.502702,0.0900004848484285
148.502703,0.090000242424104
148.502704,0.09
148.6999,0.0909949344096839
148.7009,0.090999979818363
148.700901,0.0909999848637734
148.700902,0.0909999899091792
148.700903,0.0909999949545896
148.700904,0.091
148.8979,0.1587064847106764
148.89875,0.1589986252209743
148.898751,0.1589989689158088
148.898752,0.1589993126106434
148.898753,0.1589996563051654
148.898754,0.159
149.0959,0.0773536767676307
149.09675,0.0770016565658407
149.096751,0.0770012424242863
149.096752,0.0770008282831086
149.096753,0.0770004141415543
149.096754,0.077
149.2939,0.0062883758525758
149.2947,0.0060014347058932
149.294701,0.0060010760293384
149.294702,0.0060007173527835
149.294703,0.0060003586765548
149.294704,0.006
149.29725,0.0068229494948547
149.4919,0.0697401212120428
149.4927,0.0699987070705633
149.492701,0.069999030302996
149.492702,0.0699993535351347
149.492703,0.0699996767675673
149.492704,0.07
149.6899,0.0650253279515804
149.6909,0.0650001009081847
149.690901,0.0650000756811328
149.690902,0.0650000504541038
149.690903,0.0650000252270519
149.690904,0.065
149.8879,0.14159021459216
149.88895,0.1419984448369894
149.888951,0.1419988336278305
149.888952,0.1419992224186715
149.888953,0.141999611209159
149.888954,0.142
150.08595,0.2017410159211851
150.0868,0.201998786959959
150.086801,0.2019990902198313
150.086802,0.2019993934799795
150.086803,0.2019996967401276
150.086804,0.202
150.28395,0.0527600302798925
150.28495,0.0520030280087321
150.284951,0.0520022710068933
150.284952,0.052001514004366
150.284953,0.0520007570025272
150.284954,0.052
150.28755,0.0544811327436145
150.48195,0.2402793628312883
150.4827,0.2409961769907254
150.482701,0.2409971327432614
150.482702,0.2409980884957973
150.482703,0.240999044247464
150.482704,0.241
150.67995,0.0370381841107038
150.68095,0.0360041361911965
150.680951,0.0360031021438676
150.680952,0.0360020680955982
150.680953,0.0360010340473289
150.680954,0.036
150.87795,0.1272569587109592
150.87955,0.1279981470289984
150.879551,0.1279986102718541
150.879552,0.1279990735142885
150.879553,0.1279995367571443
150.879554,0.128
151.07595,0.1439307275031037
151.0768,0.1439996755386204
151.076801,0.1439997566539838
151.076802,0.1439998377692733
151.076803,0.1439999188846367
151.076804,0.144
151.27395,0.0793293464546216
151.27495,0.0790013121371172
151.274951,0.0790009841029871
151.274952,0.0790006560685586
151.274953,0.0790003280341301
151.274954,0.079
151.27755,0.0802848888890189
151.47195,0.1765030707072007
151.47295,0.1769980202018001
151.472951,0.1769985151514626
151.472952,0.1769990101011251
151.472953,0.1769995050503374
151.472954,0.177
151.66995,0.027760606061096
151.67095,0.0270030303033671
151.670951,0.0270022727273531
151.670952,0.027001515152028
151.670953,0.027000757576014
151.670954,0.027
151.86795,0.0419239393939589
151.86895,0.0419996969697321
151.868951,0.0419997727272646
151.868952,0.0419998484848661
151.868953,0.0419999242424675
151.868954,0.042
152.06595,0.0559254935622752
152.067,0.0559997172431532
152.067001,0.0559997879323328
152.067002,0.0559998586215766
152.067003,0.0559999293108204
152.067004,0.056
152.26395,0.1335847878786724
152.265,0.1339984242422491
152.265001,0.1339988181817764
152.265002,0.1339992121213037
152.265003,0.1339996060604727
152.265004,0.134
152.2682,0.1329508080809208
152.46195,0.0693460101011063
152.463,0.0690013131314591
152.463001,0.0690009848485196
152.463002,0.0690006565658788
152.463003,0.0690003282829394
152.463004,0.069
152.65995,0.0331916363635251
152.661,0.0330007272726427
152.661001,0.0330005454545647
152.661002,0.0330003636363213
152.661003,0.033000181818078
152.661004,0.033
152.85795,0.0887159686787768
152.85895,0.0889988684009855
152.858951,0.0889991513008035
152.858952,0.0889994342003641
152.858953,0.088999717100182
152.858954,0.089
153.05595,0.0661166262625962
153.05695,0.0660004646464106
153.056951,0.0660003484848608
153.056952,0.0660002323232053
153.056953,0.0660001161615498
153.056954,0.066
153.25395,0.0450694864659205
153.45225,0.0240004249937229
153.452251,0.024000318745268
153.452252,0.0240002124968131
153.452253,0.0240001062484548
153.452254,0.024
153.45545,0.0260822424240233
153.45585,0.0263428484845641
153.65,0.1528345151514884
153.84825,0.2819973939396968
153.848251,0.2819980454544764
153.848252,0.2819986969698484
153.848253,0.2819993484852205
153.848254,0.282
153.85105,0.282776666666852
154.04625,0.3369988888887654
154.046251,0.3369991666666372
154.046252,0.336999444444509
154.046253,0.3369997222221282
154.046254,0.337
154.04905,0.3337521212124029
154.24425,0.1070046464651629
154.244251,0.107003484848608
154.244252,0.1070023232331096
154.244253,0.1070011616165548
154.244254,0.107
154.2477,0.1090014646463036
154.44225,0.2219976767679467
154.442251,0.2219982575756959
154.442252,0.2219988383839733
154.442253,0.2219994191922508
154.442254,0.222
154.44485,0.2215411111110646
154.4452,0.2214792424241513
154.64025,0.1870007070707856
154.640251,0.187000530303049
154.640252,0.1870003535353124
154.640253,0.1870001767677366
154.640254,0.187
154.64375,0.1869470436758353
154.8383,0.1840000605907666
154.838301,0.1840000454430715
154.838302,0.1840000302953764
154.838303,0.1840000151476951
154.838304,0.184
154.8411,0.1832092121212807
155.0363,0.128001131313257
155.036301,0.1280008484848785
155.036302,0.1280005656567571
155.036303,0.1280002828283785
155.036304,0.128
155.03975,0.1276867272727525
155.2343,0.1100003636363213
155.234301,0.1100002727272823
155.234302,0.1100001818181607
155.234303,0.110000090909039
155.234304,0.11
155.2371,0.1105078506558603
155.4325,0.1459992734612347
155.432501,0.1459994550960086
155.432502,0.1459996367306174
155.432503,0.1459998183653912
155.432504,0.146
155.43575,0.1442112537915964
155.4359,0.1441285945399107
155.6303,0.0370022042469588
155.630301,0.0370016531850938
155.630302,0.03700110212373
155.630303,0.037000551061865
155.630304,0.037
155.6337,0.038319334005728
155.8285,0.1139984460139544
155.828501,0.1139988345105541
155.828502,0.1139992230068005
155.828503,0.1139996115034002
155.828504,0.114
155.8311,0.1138425075834565
156.0263,0.1020002426693899
156.026301,0.1020001820020286
156.026302,0.1020001213346674
156.026303,0.1020000606673613
156.026304,0.102
156.02975,0.1008165252526204
156.2243,0.0340013737372141
156.224301,0.0340010303027543
156.224302,0.034000686868607
156.224303,0.0340003434341473
156.224304,0.034
156.2271,0.0340564278506692
156.4225,0.0379999192734521
156.422501,0.0379999394550937
156.422502,0.0379999596367169
156.422503,0.0379999798183584
156.422504,0.038
156.42575,0.0409703033360717
156.4259,0.0411075631952084
156.6203,0.2189963397367013
156.620301,0.218997254802734
156.620302,0.2189981698687667
156.620303,0.2189990849339672
156.620304,0.219
156.6231,0.2195077225724676
156.81855,0.2549992736444728
156.818551,0.254999455233272
156.818552,0.2549996368222364
156.818553,0.2549998184112008
156.818554,0.255
156.82175,0.2526080505684759
157.0163,0.1070029936785395
157.016301,0.107002245259245
157.016301999,0.1070014968392697
157.016303,0.1070007484199752
157.016304,0.107
157.01915,0.1055769999998433
157.2143,0.0080020000002223
157.214301,0.008001500000053
157.214302,0.0080010000003385
157.214303,0.0080005000001692
157.214304,0.008
157.21715,0.0098805851194124
157.41255,0.1389973568729427
157.412551,0.1389980176544065
157.412552,0.1389986784364713
157.412553,0.1389993392185362
157.412554,0.139
157.41575,0.1384350505049504
157.4159,0.1384085353534621
157.61055,0.1040007070707856
157.610550999,0.104000530303049
157.610551999,0.1040003535353124
157.610552999,0.1040001767677366
157.610553999,0.104
157.6131,0.1034213636364302
157.80855,0.0590009090910101
157.808551,0.0590006818182059
157.808552,0.0590004545456084
157.808553,0.0590002272728042
157.808554,0.059
157.81175,0.0593389696969348
158.00655,0.079999575757625
158.006551,0.0799996818181705
158.006552,0.0799997878788125
158.006552999,0.0799998939394545
158.006554,0.08
158.0091,0.0804891203236785
158.20435,0.1179992315471065
158.204351,0.1179994236602425
158.204352,0.1179996157735532
158.204353,0.117999807886864
158.204354,0.118
158.20775,0.1165949949545691
158.40255,0.0360016548942303
158.402551,0.0360012411705787
158.402552,0.0360008274473033
158.402553,0.0360004137236516
158.402554,0.036
158.4051,0.0373758686867166
158.40525,0.0374569292926957
158.60055,0.1429978383840896
158.600551,0.1429983787878214
158.600552,0.1429989191920448
158.600553,0.1429994595962681
158.600554,0.143
158.60315,0.1425546720483897
158.79805,0.1091207669021263
158.79875,0.1090006861755004
158.798751,0.1090005146315473
158.798752,0.1090003430877502
158.798753,0.1090001715437971
158.798754,0.109
158.996649999,0.0580010308235285
158.996651,0.0580007731177635
158.996652,0.0580005154117642
158.996653,0.0580002577057649
158.996653999,0.058
158.9993,0.0579331649406439
159.1946,0.0530001010356262
159.194601,0.0530000757767139
159.194602,0.0530000505178246
159.194603,0.0530000252589123
159.194604,0.053
159.1978,0.05291927254358
159.39255,0.0480001010356262
159.392551,0.0480000757767139
159.392552,0.0480000505178016
159.392553,0.0480000252589123
159.392554,0.048
159.39515,0.0500453333328331
159.3953,0.0501635151516126
159.59055,0.2039968484852147
159.590551,0.2039976363642693
159.590552,0.2039984242426074
159.590553,0.203999212121662
159.590554,0.204
159.5938,0.2015106357213358
159.7881,0.052501553986174
159.78875,0.0520030676088172
159.788751,0.0520023007064385
159.788752,0.0520015338047573
159.788753,0.0520007669023786
159.788754,0.052
159.986599999,0.1829973515292438
159.986601,0.1829980136466317
159.986602,0.1829986757646219
159.986603,0.1829993378820099
159.986603999,0.183
159.9898,0.1827417373737651
160.1846,0.1670003232323591
160.184601,0.167000242424251
160.184602,0.1670001616161428
160.184603,0.1670000808081082
160.184604,0.167
160.1872,0.166160888889094
160.3826,0.1030012929291426
160.382601,0.10300096969671
160.382602,0.1030006464645713
160.382603,0.1030003232321386
160.382604,0.103
160.38515,0.1024727979796703
160.3853,0.1024417373736411
160.5806,0.062000828282732
160.580601,0.0620006212121431
160.580602,0.062000414141366
160.580603,0.0620002070707771
160.580604,0.062
160.58385,0.0634251930356733
160.7781,0.1487128538983884
160.77875,0.148998243754536
160.778751,0.1489986828160018
160.778752,0.1489991218774676
160.778753,0.1489995609385341
160.778754,0.149
160.9761,0.2885375757572971
160.97675,0.2889971717168573
160.976751,0.2889978787878037
160.976752,0.2889985858581071
160.976753,0.2889992929290536
160.976754,0.289
161.1746,0.2320011523883009
161.174601,0.2320008642911602
161.174602,0.2320005761940194
161.174603,0.2320002880971407
161.174604,0.232
161.1772,0.2302182387078677
161.37215,0.0964145546302199
161.37275,0.096002745395208
161.372751,0.0960020590462499
161.372752,0.0960013726972919
161.372753,0.096000686348958
161.372754,0.096
161.37595,0.0956930806166605
161.5706,0.0770003841293463
161.570601,0.0770002880970534
161.570602,0.0770001920646731
161.570603,0.0770000960322929
161.570604,0.077
161.5727,0.0785020539996123
161.7681,0.2185313247543432
161.76875,0.2189971334850669
161.768751,0.2189978501134742
161.768752,0.2189985667425334
161.768753,0.2189992833709408
161.768754,0.219
161.9661,0.1452444242425715
161.96675,0.1450014949496611
161.966751,0.1450011212121608
161.966752,0.1450007474750005
161.966753,0.1450003737375002
161.966754,0.145
162.16465,0.1200005053057661
162.164651,0.1200003789792958
162.164652,0.1200002526529405
162.164653,0.1200001263264702
162.164654,0.12
162.1665,0.1212297350486799
162.36215,0.2515643300533312
162.3628,0.2519973353523157
162.362801,0.2519980015145397
162.362802,0.2519986676761578
162.362803,0.2519993338383819
162.362804,0.252
162.366,0.2510307808944462
162.56065,0.1920012130403168
162.560651,0.1920009097801686
162.560652,0.1920006065200205
162.560653,0.1920003032601481
162.560654,0.192
162.5625,0.1911615442845817
162.75815,0.1022970476913223
162.7588,0.1020018168056523
162.758801,0.102001362604136
162.758802,0.1020009084030327
162.758803,0.1020004542015163
162.758804,0.102
162.95615,0.1159537575757938
162.9568,0.11599971717175
162.956801,0.1159997878787803
162.956802,0.115999858585875
162.956803,0.1159999292929696
162.956804,0.116
163.15415,0.1279242296072087
163.1554,0.1279997583081302
163.155401,0.1279998187311114
163.155402,0.1279998791540376
163.155403,0.1279999395770188
163.155404,0.128
163.35215,0.1130496960486622
163.3528,0.1130003039514015
163.352801,0.1130002279635339
163.352802,0.1130001519757353
163.352803,0.1130000759878676
163.352804,0.113
163.356,0.1133551111110745
163.55015,0.1349273333333902
163.5508,0.1349995555556072
163.550801,0.1349996666666549
163.550802,0.1349997777778036
163.550803,0.1349998888889523
163.550804,0.135
163.74815,0.179851363636274
163.7488,0.1799990909089898
163.748801,0.179999318181794
163.748802,0.1799995454545983
163.748802999,0.1799997727271957
163.748804,0.18
163.9462,0.061392961373628
163.94685,0.061002403433197
163.946851,0.061001802575171
163.946852,0.0610012017165985
163.946853,0.0610006008585725
163.946854,0.061
164.14415,0.1397389946958351
164.1448,0.1399984036374676
164.144801,0.1399988027279192
164.144802,0.1399992018187338
164.144803,0.1399996009095484
164.144804,0.14
164.34215,0.1230604291845529
164.34285,0.1230003433475995
164.342851,0.1230002575107387
164.342852,0.1230001716737997
164.342853,0.1230000858368608
164.342854,0.123
164.3454,0.1228846223564677
164.5402,0.1140568277945934
164.54145,0.1140001812689023
164.541451,0.1140001359516664
164.541452,0.1140000906344717
164.541453,0.1140000453172358
164.541454,0.114
164.7382,0.1309265283400902
164.73905,0.1309996558704853
164.739051,0.1309997419028248
164.739052,0.1309998279352426
164.739053,0.1309999139676604
164.739054,0.131
164.9362,0.0342962730719814
164.9368,0.034001962073543
164.936801,0.0340014715550457
164.936802,0.0340009810365484
164.936803,0.0340004905184972
164.936804,0.034
165.1342,0.2403685454537636
165.1348,0.2409958181813533
165.134801,0.2409968636362527
165.134802,0.2409979090902012
165.134803,0.2409989545451006
165.134804,0.241
165.3322,0.1702701690637297
165.33295,0.1700014332574665
165.332951,0.1700010749432629
165.332952,0.1700007166287332
165.332953,0.1700003583142037
165.332954,0.17
165.33555,0.1693309954521802
165.5302,0.1191685396663655
165.53085,0.1190010308235285
165.530851,0.1190007731177635
165.530852,0.1190005154117642
165.530853,0.1190002577057649
165.530854,0.119
165.7282,0.0652326740665697
165.72905,0.0650010898081478
165.729051,0.0650008173559869
165.729052,0.0650005449040739
165.729053,0.065000272451913
165.729054,0.065
165.9262,0.0231388675428635
165.92685,0.0230008493426717
165.926851,0.0230006370069072
165.926852,0.0230004246713358
165.926853,0.0230002123355713
165.926854,0.023
166.1242,0.0499108181818884
166.12485,0.0499994545455179
166.124851,0.0499995909090764
166.124852,0.0499997272727589
166.124853,0.0499998636364414
166.124854,0.05
166.3222,0.1254441448691413
166.32365,0.1259984708247797
166.323651,0.1259988531186717
166.323652,0.1259992354125637
166.323653,0.125999617706108
166.323654,0.126
166.3262,0.1256645756270972
166.5202,0.1001059234862239
166.521,0.1000005269825769
166.521001,0.1000003952369027
166.521002,0.1000002634913483
166.521003,0.1000001317456742
166.521004,0.1
166.71825,0.0940258657243783
166.7191,0.0940001211509198
166.719101,0.0940000908632036
166.719102,0.0940000605754599
166.719103,0.0940000302877437
166.719104,0.094
166.9162,0.0302922020203457
166.9171,0.0300012929294366
166.917101,0.0300009696970039
166.917102,0.0300006464648653
166.917103,0.0300003232324326
166.917104,0.03
167.1142,0.0319933855878686
167.11485,0.0319999595448846
167.114851,0.0319999696586588
167.114852,0.0319999797724423
167.114853,0.0319999898862257
167.114854,0.032
167.3122,0.0977322028765276
167.313,0.0979986676761578
167.313001,0.0979990007569669
167.313002,0.0979993338380789
167.313003,0.0979996669191909
167.313004,0.098
167.3162,0.097112222222065
167.5102,0.0432233333334007
167.511,0.0430011111112346
167.511001,0.0430008333333628
167.511002,0.0430005555554909
167.511003,0.0430002777778718
167.511004,0.043
167.7082,0.0340703698112976
167.70975,0.0340001811320544
167.709751,0.0340001358490614
167.709752,0.0340000905660272
167.709753,0.034000045282993
167.709754,0.034
167.90625,0.092744687104163
167.9071,0.0929988041549215
167.907101,0.0929991031162591
167.907102,0.0929994020775967
167.907103,0.0929997010386624
167.907104,0.093
168.10425,0.02123805864524
168.1049,0.0210014560163398
168.104901,0.021001092012172
168.104902,0.0210007280080043
168.104903,0.0210003640041677
168.104904,0.021
168.30225,0.0638255261165255
168.30305,0.0639991319706327
168.303051,0.0639993489780239
168.303052,0.063999565985415
168.303053,0.0639997829926088
168.303054,0.064
168.30625,0.0649039191918261
168.50025,0.1197726060607936
168.50105,0.1199988686870001
168.501051,0.1199991515153787
168.501052,0.1199994343435
168.501053,0.1199997171718786
168.501054,0.12
168.69825,0.0702532795158034
168.69925,0.0700010090818478
168.699251,0.0700007568113284
168.699252,0.0700005045410386
168.699253,0.0700002522705193
168.699254,0.07
168.89625,0.0919050391711012
168.8971,0.0919995552186516
168.897101,0.0919996664139381
168.897102,0.0919997776093258
168.897103,0.0919998888047134
168.897104,0.092
169.09425,0.105939616161624
169.0951,0.1059997171716857
169.095101,0.1059997878787803
169.095102,0.105999858585875
169.095103,0.1059999292929053
169.095104,0.106
169.29225,0.0293127456429343
169.29305,0.029001555948291
169.293051,0.0290011669613951
169.293052,0.0290007779741455
169.293053,0.0290003889872496
169.293054,0.029
169.2956,0.0287428282828578
169.49025,0.0090812121212366
169.49105,0.0090004040404489
169.491051,0.0090003030303137
169.491051999,0.0090002020202704
169.491053,0.0090001010101352
169.491054,0.009
169.68825,0.0756606054491293
169.68925,0.0759986478303239
169.689251,0.0759989858728198
169.689252,0.0759993239153157
169.689253,0.0759996619575041
169.689254,0.076
169.88625,0.0879451844365571
169.88715,0.0879997574532322
169.887151,0.0879998180899379
169.887152,0.0879998787266437
169.887153,0.0879999393632942
169.887154,0.088
170.0843,0.2025039898990522
170.08515,0.2029976767679467
170.085151,0.2029982575762242
170.085152,0.2029988383839734
170.085153,0.2029994191922508
170.085154,0.203
170.2823,0.1064914862476638
170.2833,0.1060019581123134
170.283301,0.1060014685844576
170.283302,0.1060009790561567
170.283303,0.1060004895278557
170.283304,0.106
170.28585,0.1055493805308642
170.4803,0.0711334513273782
170.48105,0.0710007079646804
170.481051,0.0710005309734701
170.481052,0.0710003539822597
170.481053,0.0710001769912103
170.481054,0.071
170.6783,0.1466151122317824
170.6793,0.1469984665824272
170.679301,0.1469988499369076
170.679302,0.1469992332910393
170.679303,0.1469996166455196
170.679304,0.147
170.8763,0.1300862020201798
170.8773,0.1300003434343035
170.877301,0.1300002575757667
170.877302,0.1300001717171517
170.877303,0.1300000858585368
170.877304,0.13
171.0743,0.1738100783422033
171.07515,0.173999110437101
171.075151,0.1739993328278763
171.075152,0.1739995552184494
171.075153,0.1739997776092247
171.075154,0.174
171.2739,0.160073853853811
171.27495,0.1600002802802477
171.274951,0.1600002102102176
171.274952,0.1600001401401238
171.274953,0.16000007007003
171.274954,0.16
171.2775,0.1589486311493777
171.4703,0.0793320112160057
171.4711,0.0790016517972776
171.471101,0.0790012388478643
171.471102,0.0790008258988266
171.471103,0.0790004129494133
171.471104,0.079
171.6683,0.0342279515642241
171.6693,0.034000908173663
171.669301,0.0340006811301956
171.669302,0.0340004540867282
171.669303,0.0340002270434673
171.669304,0.034
171.8663,0.0946906868687664
171.8673,0.0949987676769108
171.867301,0.0949990757578232
171.867302,0.0949993838384554
171.867303,0.0949996919193678
171.867304,0.095
172.0643,0.0552128755363565
172.06535,0.0550008078767049
172.065351,0.0550006059074368
172.065352,0.0550004039383524
172.065353,0.0550002019690843
172.065354,0.055
172.2623,0.0052661616162356
172.26335,0.0050010101008927
172.263351,0.0050007575757843
172.263352,0.0050005050504463
172.263353,0.005000252525338
172.263354,0.005
172.26585,0.0053652990159062
172.4603,0.033823790058016
172.4615,0.0339994145848453
172.461501,0.0339995609386672
172.461502,0.0339997072924892
172.461503,0.033999853646178
172.461504,0.034
172.6583,0.0300213090725173
172.65935,0.030000080869336
172.659351,0.0300000606519928
172.659352,0.030000040434668
172.659353,0.0300000202173248
172.659354,0.03
172.8563,0.057850949494908
172.85735,0.0579994343435
172.857351,0.0579995757575607
172.857352,0.05799971717175
172.857353,0.0579998585858107
172.857354,0.058
173.0543,0.100738723189472
173.0555,0.1009991319706327
173.055501,0.1009993489780239
173.055502,0.100999565985415
173.055503,0.1009997829926088
173.055504,0.101
173.25235,0.151818253606671
173.4506,0.202998967350158
173.450601,0.2029992255125011
173.450602,0.2029994836750789
173.450603,0.2029997418376569
173.450604,0.203
173.4532,0.2036817777778468
173.4536,0.2037868282828707
173.6486,0.2549989494948327
173.648601,0.2549992121211842
173.648602,0.2549994747475358
173.648603,0.2549997373736484
173.648604,0.255
173.6514,0.2551129696969604
173.8466,0.2629998383838571
173.846601,0.2629998787879112
173.846602,0.2629999191919286
173.846603,0.2629999595959826
173.846604,0.263
173.8494,0.2692913510813473
174.0457,0.7109909994967394
174.045701,0.7109932496230662
174.045702,0.7109954997473464
174.045703,0.7109977498736733
174.045704,0.711
174.0485,0.7116532046723671
174.2426,0.7569990655153862
174.242601,0.7569992991365928
174.242602,0.7569995327577994
174.242603,0.7569997663787934
174.242604,0.757
174.2454,0.7617306060602175
174.4406,1.091993232324019
174.440601,1.0919949242437834
174.440602,1.0919966161620094
174.440603,1.091998308081774
174.440604,1.092
174.44325,1.0939377272733268
174.44355,1.0941574242428018
174.6386,1.2369970707074112
174.638601,1.236997803030225
174.638602,1.2369985353537056
174.638603,1.2369992676765198
174.638604,1.237
174.64145,1.2483092754367613
174.83665,2.023984105025831
174.836651,2.0239880787675664
174.836652,2.023992052512916
174.836653,2.023996026254651
174.836654,2.024
174.83945,2.029803818181315
175.03465,2.434991696968774
175.034651,2.4349937727270525
175.034652,2.4349958484834437
175.034653,2.434997924241721
175.034654,2.435
175.03745,2.445477939393079
175.23265,3.176985010102752
175.232651,3.1769887575787683
175.232652,3.176992505051376
175.232653,3.1769962525273923
175.232654,3.177
175.23545,3.183834666668297
175.43065,3.6609902222233583
175.430651,3.660992666666407
175.430652,3.660995111111679
175.430653,3.660997555554728
175.430654,3.661
175.4352,3.669899334006295
175.43555,3.6705845005052775
175.62885,4.048992169526642
175.628851,4.048994127144091
175.628852,4.0489960847633215
175.628853,4.048998042382551
175.628854,4.049
175.63145,4.055844000000693
175.82685,4.570989454544282
175.826851,4.570992090908811
175.826852,4.57099472727334
175.826853,4.57099736363547
175.826854,4.571
175.82945,4.574123599595874
176.02465,4.808995187057099
176.024651,4.808996390293098
176.024652,4.808997593529097
176.024653,4.808998796764001
176.024654,4.809
176.02745,4.811200686175395
176.22285,4.964996851665351
176.222851,4.964997638748655
176.222852,4.964998425832675
176.222853,4.964999212916696
176.222854,4.965
176.2255,4.9705747379030365
176.42125,5.382991572579709
176.421251,5.38299367943526
176.421252,5.382995786290812
176.421253,5.382997893144448
176.421254,5.383
176.4251,5.389936048631519
176.4253,5.390296737588682
176.61865,5.738992786220069
176.618651,5.738994589665462
176.618652,5.738996393110854
176.618653,5.738998196554607
176.618654,5.739
176.6216,5.747707974778152
176.8169,6.324988176543453
176.816901,6.324991132408261
176.816902,6.324994088270382
176.816903,6.324997044135191
176.816904,6.325
176.8196,6.327890275600043
177.01465,6.536995711757768
177.014651,6.536996783817838
177.014652,6.536997855878884
177.014652999,6.536998927939929
177.014654,6.537
177.01755,6.540934464646409
177.21265,6.805994565655961
177.212651,6.80599592424228
177.212652,6.805997282828598
177.212653,6.805998641413682
177.212654,6.806
177.21555,6.809651954602739
177.4109,7.055994955864395
177.410901,7.055996216898869
177.410902,7.055997477932197
177.410903,7.0559987389666725
177.410904,7.056
177.41535,7.054898336282983
177.4156,7.054836389380541
177.60865,7.007000991150328
177.608651,7.007000743362859
177.608652,7.007000495575165
177.608653,7.007000247787469
177.608654,7.007000000000001
177.6116,7.00894666330425
177.8069,7.137997356872342
177.806901,7.1379980176544064
177.806902,7.137998678436471
177.806903,7.137999339217935
177.806904,7.138
177.80955,7.140993454545366
178.0049,7.361995474748
178.004900999,7.361996606061515
178.004902,7.361997737374001
178.004903,7.361998868687515
178.004904,7.362
178.00755,7.363645389282608
178.2027,7.484997512638754
178.202701,7.4849981344792065
178.202702,7.484998756319094
178.202703,7.484999378159547
178.202704,7.485
178.2056,7.482319859929993
178.4026,7.300003701851336
178.402601,7.300002776388292
178.402602,7.300001850925248
178.402603,7.300000925463045
178.402604,7.3
178.4052,7.298942835326948
178.4054,7.298861389666681
178.5984,7.220266327309909
178.59905,7.220001628913391
178.599051,7.22000122168495
178.599052,7.22000081445688
178.599053,7.22000040722844
178.599054,7.22
178.79695,6.8130082263760015
178.796951,6.813006169781066
178.796952,6.813004113188001
178.796953,6.813002056593065
178.796954,6.813
178.7996,6.817904454545285
178.99495,7.179992585859448
178.994950999,7.179994439393743
178.994952,7.179996292929723
178.994953,7.179998146464019
178.994954,7.18
178.997599999,7.1806147272727054
179.19295,7.225999070706967
179.192951,7.225999303030278
179.192952,7.225999535353378
179.192953,7.225999767676689
179.192954,7.226
179.1956,7.228659363636284
179.39095,7.424995979798447
179.390951,7.424996984848378
179.390952,7.424997989899223
179.390953,7.424998994950067
179.390954,7.425
179.3935,7.420266845161782
179.39375,7.419802081332439
179.5889,7.057007436222095
179.588901,7.057005577166149
179.588902,7.057003718111893
179.588903,7.057001859055947
179.588904,7.057
179.58915,7.057125358223816
179.78645,7.157666730574976
179.7871,7.157997961654668
179.787101,7.157998471241116
179.787102,7.157998980827566
179.787103,7.157999490413552
179.787104,7.158
179.98495,7.166999818043994
179.984951,7.166999863532975
179.984952,7.166999909021997
179.984953,7.166999954511019
179.984954,7.167
179.987599999,7.16271027272742
180.18295,6.846006484849206
180.182951,6.846004863636535
180.182952,6.8460032424238655
180.182953,6.84600162121267
180.182954,6.846
180.18315,6.845932686868701
180.38095,6.778001373737527
180.380951,6.778001030303067
180.380952,6.77800068686892
180.380953,6.77800034343446
180.380954,6.7780000000000005
180.38355,6.776283744638319
180.38375,6.776151521574716
180.57845,6.64743236941677
180.5791,6.64700264446096
180.579101,6.647001983345419
180.579102,6.64700132223048
180.579103,6.647000661114939
180.579104,6.647
180.77645,6.621085878787931
180.7771,6.621000525252465
180.777101,6.621000393939409
180.777102,6.621000262626232
180.777103,6.621000131313176
180.777104,6.621
180.97495,6.810996158705663
180.974951,6.810997119029466
180.974952,6.8109980793523945
180.974953,6.810999039676197
180.974954,6.811
180.97765,6.80989159187784
181.17375,6.72926887941819
181.1744,6.729001644522246
181.174401,6.7290012333914975
181.174402,6.729000822261123
181.174403,6.729000411130374
181.174404,6.729
181.3705,6.443878210472566
181.3711,6.443005815964043
181.371101,6.443004361972702
181.371102,6.44300290798136
181.371103,6.443001453991342
181.371104,6.4430000000000005
181.3738,6.442319191919305
181.5685,6.393152525252714
181.5691,6.3930010101011225
181.569101,6.393000757575784
181.569102,6.393000505050676
181.569103,6.393000252525338
181.569104,6.393
181.76765,6.400973734939743
181.7683,6.400999839357412
181.768301,6.400999879518068
181.768302,6.400999919678688
181.768303,6.400999959839344
181.768304,6.401
181.96445,6.308332598425217
181.96515,6.30800188976356
181.965151,6.308001417322885
181.965152,6.30800094488178
181.965153,6.308000472440675
181.965154,6.308
182.16245,6.175472888888915
182.16315,6.175002686868986
182.163151,6.175002015151586
182.163152,6.175001343434187
182.163153,6.175000671717399
182.163154,6.175
182.3605,6.107224606060742
182.36115,6.107001373737527
182.361151,6.107001030303067
182.361152,6.107000686868919
182.361153,6.10700034343446
182.361154,6.107
182.36375,6.104585726561118
182.559,5.923003719989459
182.559001,5.923002789992517
182.559002,5.92300185999473
182.559003,5.923000929997787
182.559004,5.923
182.5592,5.922764582387129
182.7565,5.685785526117053
182.75715,5.685004804441615
182.757151,5.685003603330938
182.757152,5.685002402220261
182.757153,5.685001201110677
182.757154,5.6850000000000005
182.9545,5.703937242424204
182.95515,5.703999616161573
182.955151,5.703999712121202
182.955152,5.703999808080743
182.955153,5.703999904040371
182.955154,5.704
183.15285,5.551466021180608
183.15345,5.551003086233323
183.153451,5.551002314674817
183.153452,5.551001543117013
183.153453,5.551000771558506
183.153454,5.551
183.3505,5.468274567526722
183.35115,5.468001679312276
183.351151,5.468001259484112
183.351152,5.4680008396559465
183.351153,5.468000419828164
183.351154,5.468
183.35375,5.467187931382358
183.5485,5.406267144298654
183.549349999,5.406001251261206
183.549350999,5.406000938446047
183.549352,5.406000625630603
183.549353,5.406000312815444
183.549354,5.406
183.746499999,5.171776996966022
183.74715,5.171004752274473
183.747151,5.171003564206395
183.747152,5.171002376137237
183.747153,5.171001188068078
183.747154,5.171
183.9445,5.063356727272942
183.94515,5.063002181818424
183.945151,5.063001636363694
183.945152,5.063001090908964
183.945153,5.06300054545473
183.945154,5.063
184.1425,4.715416078728665
184.1433,4.714007045168586
184.143301,4.714005283876039
184.143302,4.714003522585094
184.143303,4.714001761292547
184.143304,4.714
184.3405,4.669160080848718
184.3412,4.6690009095501726
184.341201,4.669000682162526
184.341202,4.669000454775087
184.341203,4.66900022738744
184.341204,4.6690000000000005
184.34375,4.666808796596924
184.5385,4.499198088566931
184.54105,4.497003442582319
184.541051,4.497002581936544
184.541052,4.497001721291551
184.541053,4.497000860645775
184.541054,4.497
184.73655,4.299660168238993
184.7372,4.299004037726679
184.737201,4.29900302829478
184.737202,4.299002018862881
184.737202999,4.299001009431899
184.737204,4.299
184.93455,4.280062757575709
184.9352,4.280000383838339
184.935201,4.280000287878711
184.935202,4.28000019191917
184.935203,4.280000095959541
184.935204,4.28
185.13255,4.210284027251847
185.13335,4.210001413070741
185.133351,4.210001059803217
185.133352,4.210000706535371
185.133353,4.2100003532675245
185.133354,4.21
185.33055,4.538659999999596
185.33135,4.539993333332593
185.331351,4.539994999999824
185.331352,4.539996666667054
185.331353,4.539998333332769
185.331354,4.54
185.3339,4.543397240333208
185.52855,4.803127338893786
185.5292,4.80399466262382
185.529201,4.8039959969672585
185.529202,4.80399733131191
185.529203,4.803998665656562
185.529204,4.804
185.72655,4.949370918263793
185.7274,4.949997053481004
185.727401,4.949997790110921
185.727402,4.949998526740168
185.727403,4.949999263370084
185.727404,4.95
185.92455,4.743466095238303
185.9269,4.741004190476656
185.926901,4.741003142857254
185.926902,4.741002095237851
185.926903,4.7410010476194016
185.926904,4.741
186.12255,5.165580723383691
186.1232,5.1669913194100765
186.123201,5.16699348955657
186.123202,5.166995659705038
186.123203,5.166997829853506
186.123204,5.167
186.32055,5.480721877365246
186.32135,5.481993641181663
186.321351,5.481995230885524
186.321352,5.481996820590831
186.321353,5.481998410294693
186.321354,5.482
186.32395,5.484978478645738
186.51855,5.708249643668996
186.5192,5.708995410664135
186.519201,5.708996557998362
186.519202,5.708997705331546
186.519203,5.708998852665774
186.519204,5.7090000000000005
186.7166,5.7806898461538845
186.71745,5.780998547288945
186.717451,5.780998910466543
186.717452,5.780999273644473
186.717453,5.7809996368224015
186.717454,5.781
186.9146,6.081488262723036
186.9169,6.084993903234602
186.916901,6.084995427425258
186.916902,6.084996951617301
186.916903,6.084998475807957
186.916904,6.085
187.1126,6.298341538460725
187.1132,6.298995639327075
187.113201,6.298996729495554
187.113202,6.298997819663042
187.113203,6.298998909831521
187.113204,6.299
187.31055,6.523087055261918
187.31135,6.523995457986902
187.311351,6.52399659348966
187.311352,6.523997728993451
187.311353,6.5239988644972415
187.311354,6.524
187.3159,6.527714764186723
187.50855,6.685138723833304
187.5096,6.685996731399384
187.509601,6.685997548549724
187.509602,6.685998365700064
187.509603,6.6859991828496605
187.509604,6.686
187.70655,6.878118160222841
187.70745,6.878996098054535
187.707451,6.8789970735413455
187.707452,6.878998049027268
187.707453,6.878999024514078
187.707454,6.879
187.90455,6.934744323232455
187.90545,6.934998868687001
187.905451,6.934999151515122
187.905452,6.9349994343435
187.905453,6.934999717171622
187.905454,6.9350000000000005
188.1026,6.9838133097524775
188.10335,6.983999009600699
188.103351,6.98399925720058
188.103352,6.983999504800462
188.103353,6.983999752400118
188.103354,6.984
188.3006,7.280790244887288
188.3014,7.28199398131718
188.301401,7.281995485988227
188.301402,7.281996990659274
188.301403,7.281998495328953
188.301404,7.282
188.30395,7.28013550505072
188.4986,7.137588787878966
188.4994,7.137002929293256
188.499401,7.137002196969776
188.499402,7.137001464646961
188.499403,7.1370007323234805
188.499404,7.1370000000000005
188.6966,7.255486866952856
188.69745,7.255997596566257
188.697451,7.255998197424829
188.697452,7.255998798282855
188.697453,7.2559993991414276
188.697454,7.256
188.8946,7.220155272727253
188.89545,7.220000727272643
188.895451,7.220000545454565
188.895452,7.220000363636321
188.895453,7.220000181818078
188.895454,7.22
189.0926,7.400082896795596
189.0936,7.400996346202796
189.093601,7.400997259651682
189.093602,7.400998173101398
189.093603,7.400999086551114
189.093604,7.401
189.2906,7.440837411526745
189.2914,7.440999191102217
189.291401,7.440999393326571
189.291402,7.440999595551109
189.291403,7.440999797775646
189.291404,7.441
189.294,7.440449889000952
189.4886,7.3992127547930835
189.4896,7.399000847628559
189.489601,7.399000635721324
189.489602,7.39900042381428
189.489603,7.399000211907044
189.489604,7.399
189.6866,7.377111555555526
189.6876,7.377000444444392
189.687601,7.377000333333345
189.687602,7.377000222222196
189.687603,7.3770001111111485
189.687604,7.377
189.8846,7.410844689236912
189.8855,7.410999312784159
189.885501,7.410999484588158
189.885502,7.410999656392158
189.885503,7.410999828196001
189.885504,7.411
190.0826,7.194159586172416
190.08365,7.193004400707025
190.083651,7.193003300530019
190.083652,7.193002200353012
190.083653,7.193001100177007
190.083654,7.1930000000000005
190.28065,7.22984960566224
190.28145,7.229999251769382
190.281451,7.229999438827079
190.281452,7.229999625884776
190.281453,7.229999812942303
190.281454,7.23
190.284,7.228959505550067
190.47865,7.149410312815232
190.47965,7.149001634712222
190.479651,7.149001226034352
190.479652,7.149000817356111
190.479653,7.1490004086782415
190.479654,7.149
190.67665,6.965933010101611
190.67765,6.96500371717213
190.677651,6.965002787878887
190.677652,6.965001858586487
190.677653,6.965000929293244
190.677654,6.965
190.87465,7.036634909091003
190.87565,7.036998545454715
190.875651,7.036998909090871
190.875652,7.036999272727357
190.875653,7.036999636363844
190.875654,7.037
191.07265,6.86089751515128
191.07365,6.860003575757974
191.073651,6.860002681818277
191.073652,6.860001787878581
191.073653,6.860000893939697
191.073654,6.86
191.27065,6.905766747474598
191.27165,6.905999070706968
191.271651,6.905999303030279
191.271652,6.905999535353379
191.271653,6.90599976767669
191.271654,6.906000000000001
191.2742,6.907478737373575
191.46865,7.020416868687018
191.46965,7.020997676767947
191.469651,7.020998257575696
191.469652,7.020998838383973
191.469653,7.0209994191922505
191.469654,7.021
191.66665,6.937425939393828
191.66765,6.937001696969886
191.667651,6.937001272727318
191.667652,6.93700084848475
191.667653,6.9370004242425685
191.667654,6.937
191.86465,6.816613555555951
191.86565,6.816002444444716
191.865651,6.816001833333398
191.865652,6.816001222222636
191.865653,6.816000611111318
191.865654,6.816
192.06295,6.704567060010452
192.06395,6.704002259203478
192.063951,6.70400169440248
192.063952,6.704001129601996
192.063953,6.704000564800998
192.063954,6.704
192.26065,6.7925256333757495
192.2617,6.792998199747365
192.261701,6.792998649810319
192.261702,6.792999099873683
192.261703,6.792999549937046
192.261704,6.793
192.2642,6.790657047691084
192.45865,6.608130174110657
192.45985,6.607003754730828
192.459851,6.607002816048548
192.459852,6.607001877365414
192.459853,6.607000938683134
192.459854,6.607
192.65665,6.477692544857407
192.6577,6.47700262825402
192.657701,6.477001971190366
192.657702,6.477001314127309
192.657703,6.477000657063655
192.657704,6.477
192.85465,6.421298101009929
192.8557,6.421001131313
192.855701,6.421000848484879
192.855702,6.421000565656501
192.855703,6.421000282828121
192.855704,6.421
193.05265,6.299419167615568
193.25095,6.177002469323488
193.250951,6.177001851992475
193.250952,6.177001234662025
193.250953,6.177000617331013
193.250954,6.1770000000000005
193.2538,6.172989727273549
193.44895,5.898005636362981
193.448951,5.898004227272876
193.448952,5.8980028181814905
193.448953,5.898001409090104
193.448954,5.898
193.45155,5.892781777777249
193.45195,5.891977737373412
193.64695,5.500008040404934
193.646951,5.500006030303243
193.646952,5.500004020201553
193.646953,5.50000201010169
193.646954,5.5
193.6498,5.495702252524779
193.84495,5.201006040404712
193.844951,5.201004530303191
193.844952,5.201003020203043
193.844953,5.201001510101522
193.844954,5.2010000000000005
193.84775,5.198670000000192
194.04295,5.036003333332946
194.042951,5.036002500000089
194.042952,5.036001666666474
194.042953,5.036000833332858
194.042954,5.0360000000000005
194.04755,5.027736484847286
194.24095,4.680007191919991
194.240951,4.6800053939395845
194.240952,4.680003595959178
194.240953,4.680001797980406
194.240954,4.68
194.24375,4.673165333333926
194.43895,4.1960097777788645
194.438951,4.1960073333335925
194.438952,4.196004888890544
194.438953,4.196002444445272
194.438954,4.196
194.44155,4.190167605705721
194.4419,4.189381265950336
194.6388,3.747008986741054
194.638801,3.74700674005528
194.638802,3.747004493371549
194.638803,3.747002246685774
194.638804,3.747
194.6413,3.7435260871780858
194.83495,3.4740055671686028
194.834951,3.474004175376136
194.834952,3.4740027835836687
194.834953,3.4740013917924677
194.834954,3.474
194.8377,3.474707124463549
195.033,3.524998969956967
195.033001,3.524999227467784
195.033002,3.5249994849786006
195.033003,3.5249997424891832
195.033004,3.525
195.0357,3.5203479717464665
195.2312,3.1830069021182696
195.231201,3.183005176589487
195.231202,3.183003451059135
195.231203,3.183001725530352
195.231204,3.1830000000000003
195.23375,3.1801939939335835
195.429,2.9650044084929155
195.429001,2.965003306370188
195.429002,2.9650022042464577
195.429003,2.965001102122728
195.429004,2.965
195.4316,2.96527429433965
195.43195,2.9653112754717523
195.62775,2.985999577358444
195.627751,2.985999683018857
195.627752,2.985999788679174
195.627753,2.985999894339587
195.627754,2.986
195.63035,2.9812488922698748
195.825,2.625007320659876
195.825001,2.6250054904944906
195.825002,2.62500366033077
195.825003,2.625001830165385
195.825004,2.625
195.8278,2.62498587878788
196.023,2.624000020202018
196.023001,2.624000015151516
196.023002,2.624000010101009
196.023003,2.6240000050505023
196.023004,2.624
196.0277,2.622744258324932
196.2212,2.5710010696265155
196.221201,2.5710008022200084
196.221202,2.571000534813258
196.221203,2.5710002674065078
196.221204,2.571
196.2238,2.5707115555555267
196.4192,2.5490004444444936
196.419201,2.549000333333345
196.419202,2.549000222222196
196.419203,2.5490001111111487
196.419204,2.549
196.42175,2.5466340202022923
196.42195,2.546448161616058
196.6172,2.3650037171721308
196.617201,2.365002787878886
196.617202,2.365001858586488
196.617203,2.365000929293244
196.617204,2.365
196.62175,2.3644030505050333
196.8152,2.339000525252464
196.815201,2.339000393939408
196.815202,2.3390002626262323
196.815203,2.3390001313130564
196.815204,2.339
196.81785,2.3387725884732125
197.013,2.322000343781557
197.013000999,2.3220002578361294
197.013002,2.322000171890779
197.013003,2.3220000859453505
197.013004,2.322
197.015849999,2.319920860645252
197.21285,2.176002922191304
197.212851,2.1760021916431462
197.212852,2.176001461095652
197.212853,2.1760007305474938
197.212854,2.176
197.2155,2.176916130346514
197.40925,2.243998615071129
197.409251,2.2439989613034257
197.409252,2.2439993075354074
197.409253,2.243999653767704
197.409254,2.244
197.41175,2.2463825454546145
197.412,2.2466211818183
197.60725,2.432996181818625
197.607251,2.432997136363535
197.607252,2.4329980909093125
197.607253,2.4329990454550905
197.607254,2.433
197.60985,2.436146666666985
197.80525,2.6729951515146126
197.805251,2.6729963636362357
197.805252,2.672997575757857
197.805253,2.6729987878783774
197.805254,2.673
197.80785,2.6761637724402707
198.003,2.913995125157486
198.003000999,2.913996343868392
198.003002,2.913997562578189
198.003003,2.9139987812890946
198.003004,2.914
198.005799999,2.9170181286252244
198.20125,3.1279956822199217
198.201251,3.1279967616644506
198.201252,3.127997841109961
198.201253,3.1279989205554712
198.201254,3.128
198.20375,3.1283529696969783
198.39925,3.1559994343433715
198.399251,3.1559995757575607
198.399252,3.15599971717175
198.399253,3.155999858585811
198.399254,3.156
198.40175,3.15982934140812
198.402,3.1602128892255084
198.59675,3.458996638909311
198.5974,3.459993863234241
198.597401,3.4599953974260296
198.597402,3.4599969316164225
198.597403,3.4599984658082112
198.597404,3.46
198.79525,3.878991528937047
198.795251,3.8789936467018222
198.795252,3.8789957644685233
198.795253,3.878997882235225
198.795254,3.879
198.79785,3.8817402222225
198.99325,4.087995777777309
198.993251,4.0879968333332215
198.993252,4.087997888889134
198.993253,4.087998944444087
198.993254,4.088
198.9959,4.092742893208631
199.1913,4.442992830092615
199.191301,4.442994622569868
199.191302,4.442996415047123
199.191303,4.442998207522747
199.191304,4.4430000000000005
199.19385,4.449094969696269
199.3893,4.91699042424136
199.389301,4.916992818181564
199.389302,4.916995212119591
199.389303,4.916997606059796
199.389304,4.917
199.39185,4.919248549078733
199.392,4.919381024476027
199.58745,5.091996467323146
199.587451,5.091997350491958
199.587452,5.091998233661573
199.587453,5.091999116831189
199.587454,5.0920000000000005
199.5901,5.093351092012091
199.78525,5.192997957533099
199.785251,5.192998468150057
199.785252,5.19299897876655
199.785253,5.192999489383507
199.785254,5.1930000000000005
199.7898,5.198257747474877
199.98325,5.421995373737911
199.983251,5.421996530302907
199.983252,5.421997686868956
199.983252999,5.421998843433951
199.983254,5.422
199.98595,5.425917497477981
200.1808,5.709049687185408
200.18145,5.709994187689878
200.181451,5.709995640766748
200.181452,5.709997093844939
200.181453,5.7099985469231305
200.181454,5.71
200.3793,5.930995531968167
200.379301,5.930996648976379
200.379302,5.930997765983575
200.379303,5.930998882991788
200.379304,5.931
200.3819,5.9317074640422165
200.3821,5.931761968205839
200.5768,5.984821771385207
200.57745,5.984998909916609
200.577451,5.984999182437519
200.577452,5.984999454958181
200.577453,5.9849997274790905
200.577454,5.985
200.7748,6.170737411764852
200.7772,6.1729962352937
200.777201,6.1729971764704885
200.777202,6.1729981176472775
200.777203,6.172999058823211
200.777204,6.173
200.9733,6.0020034880167055
200.973301,6.002002616012331
200.973302,6.00200174400875
200.973303,6.002000872004374
200.973304,6.002
200.976,6.004585112288257
201.1708,6.191372899319189
201.17145,6.191996164522273
201.171451,6.191997123392141
201.171452,6.1919980822611365
201.171453,6.191999041131004
201.171454,6.192
201.36945,6.322997353535661
201.369451,6.3229980151514455
201.369452,6.322998676767831
201.369453,6.322999338384217
201.369454,6.323
201.37205,6.320482666666412
201.3723,6.320240242423939
201.56685,6.13158569696954
201.56745,6.13100387878831
201.567451,6.131002909091012
201.567452,6.131001939393714
201.567453,6.131000969697298
201.567454,6.131
201.76485,6.061213535353479
201.76545,6.061001414141249
201.765451,6.0610010606057765
201.765452,6.061000707070625
201.765453,6.061000353535151
201.765454,6.061
201.9633,6.138998423047588
201.963301,6.138998817285781
201.963302,6.1389992115239735
201.963303,6.138999605761808
201.963304,6.139
201.9659,6.140453864783199
202.1608,6.249605731584235
202.1615,6.249997759838808
202.161501,6.249998319878851
202.161502,6.249998879919404
202.161503,6.249999439959956
202.161504,6.25
202.3588,5.959961424601418
202.35945,5.959005880272113
202.359451,5.959004410203416
202.359452,5.959002940136057
202.359453,5.95900147006736
202.359454,5.9590000000000005
202.36205,5.960114163090244
202.55685,6.043719313304942
202.5575,6.0439982832620025
202.557501,6.043998712446697
202.557502,6.0439991416310015
202.557503,6.043999570815696
202.557504,6.0440000000000005
202.75485,5.8436639090903855
202.7555,5.843004060605589
202.755501,5.843003045454653
202.755502,5.843002030302794
202.755503,5.8430010151518585
202.755504,5.843
202.95285,5.647647393939784
202.9535,5.6470039595964
202.953501,5.647002969697075
202.953502,5.647001979798651
202.953503,5.647000989899325
202.953504,5.647
203.15085,5.583211393939228
203.1515,5.583001292929143
203.151501,5.583000969697004
203.151502,5.583000646464572
203.151503,5.583000323232139
203.151504,5.583
203.34885,5.252096606061267
203.3495,5.251006707069928
203.349501,5.251005030303209
203.349502,5.251003353534964
203.349503,5.251001676768245
203.349504,5.251
203.3541,5.243502484848864
203.54685,4.929066878787783
203.5475,4.928006525252509
203.547501,4.928004893938826
203.74485,4.606066878787041
203.7455,4.605006525251767
203.745501,4.605004893939568
203.745501999,4.605003262625884
203.745503,4.6050016313122
203.745503999,4.605
203.94285,3.678071818183669
203.9435,3.6750187878808767
203.943501,3.6750140909095896
203.943502,3.675009393938303
203.943503,3.6750046969712873
203.943504,3.675
204.14085,3.3543065253599718
204.14165,3.35300650012689
204.141651,3.353004875094798
204.141652,3.353003250062706
204.141653,3.353001625032092
204.141654,3.353
204.33885,3.373930583775642
204.3395,3.373999575435986
204.339501,3.373999681576941
204.339502,3.373999787717993
204.339503,3.373999893859045
204.339504,3.374
204.34415,3.374843662042932
204.53685,3.4098358436316976
204.53775,3.409999273644308
204.537751,3.409999455233272
204.537752,3.4099996368222367
204.537753,3.409999818411036
204.537754,3.41
204.734849999,3.512633407482284
204.73555,3.512997917087736
204.735551,3.5129984378159205
204.735552,3.5129989585441046
204.735553,3.5129994792718158
204.735554,3.513
204.9329,3.4661552424243363
204.93355,3.466000949495055
204.933551,3.4660007121212373
204.933552,3.466000474747636
204.933553,3.466000237373818
204.933554,3.466
205.1309,3.3524625586672947
205.1317,3.352002301286636
205.131701,3.3520017259647155
205.131702,3.3520011506433183
205.131703,3.352000575321397
205.131704,3.352
205.3289,4.190431931244364
205.3295,4.1929829929241205
205.329501,4.192987244695024
205.329502,4.192991496462061
205.329503,4.192995748232964
205.329504,4.1930000000000005
205.3322,4.186159707438923
205.5269,3.692166769230487
205.52775,3.6900101488008383
205.527751,3.690007611601783
205.527752,3.6900050744004194
205.527753,3.690002537201363
205.527754,3.69
205.7249,3.615323484848443
205.72575,3.615001515151684
205.725751,3.6150011363636767
205.725752,3.615000757576014
205.725753,3.615000378788008
205.725754,3.615
205.9229,3.4326050657233185
205.92355,3.432003700708197
205.923551,3.432002775530937
205.923552,3.4320018503536778
205.923553,3.43200092517726
205.923554,3.432
206.1209,3.405109553368693
206.1217,3.405000545041696
206.121701,3.405000408781241
206.121702,3.40500027252091
206.121703,3.405000136260455
206.121704,3.405
206.3189,3.0504455757563838
206.3197,3.0490071919183563
206.319701,3.0490053939395847
206.319702,3.049003595959178
206.319703,3.049001797978772
206.319704,3.049
206.32435,3.053033881878107
206.5169,3.220215103482704
206.5178,3.2209965270061764
206.517801,3.22099739525483
206.517802,3.220998263502693
206.517803,3.2209991317513467
206.517804,3.221
206.7149,3.4599042424248005
206.7158,3.4609951515157147
206.715801,3.460996363636234
206.715802,3.4609975757578573
206.715803,3.46099878787948
206.715804,3.461
206.9129,3.5806031352721206
206.91355,3.580997572693076
206.913551,3.580998179519531
206.913552,3.580998786346538
206.913553,3.580999393172993
206.913554,3.581
207.11095,3.522224506686761
207.1117,3.522001191017039
207.111701,3.522000893262712
207.111702,3.522000595508384
207.111703,3.522000297754328
207.111704,3.522
207.30895,3.417399848485165
207.3097,3.417002121212357
207.309701,3.417001590909148
207.309702,3.41700106060642
207.309703,3.41700053030321
207.309704,3.4170000000000003
207.31235,3.420203228247067
207.5069,3.655724035308593
207.50795,3.6569951576298183
207.507951,3.656996368221813
207.507952,3.656997578814909
207.507953,3.656998789406904
207.507954,3.657
207.7049,3.7057761132169738
207.7058,3.705999009350408
207.705801,3.7059992570128624
207.705802,3.7059995046750913
207.705803,3.7059997523375454
207.705804,3.706
207.9029,3.9060823030307703
207.9038,3.9069959393944114
207.903801,3.9069969545453462
207.903802,3.9069979696972057
207.903803,3.906998984849064
207.903804,3.907
208.102,3.719712500628004
208.10275,3.719003779843743
208.102751,3.719002834883237
208.102752,3.7190018899218713
208.102753,3.7190009449605057
208.102754,3.719
208.29895,3.779766468646681
208.2997,3.7799987611067434
208.299701,3.779999070830127
208.299702,3.779999380553512
208.299703,3.779999690276616
208.299704,3.78
208.3024,3.783372549810304
208.49695,4.026744050441685
208.49795,4.02799499621748
208.497951,4.027996247162541
208.497952,4.02799749810874
208.497953,4.027998749054939
208.497954,4.0280000000000005
208.69495,4.357488004043222
208.69585,4.358993309753178
208.695851,4.3589949823141225
208.695852,4.358996654876589
208.695853,4.358998327439055
208.695854,4.359
208.89295,4.559082303029852
208.89385,4.559995939393488
208.893851,4.559996954545348
208.893852,4.559997969697206
208.893853,4.559998984848142
208.893854,4.5600000000000005
209.09095,4.5511129058116255
209.09345,4.551000180360742
209.093451,4.551000135270546
209.093452,4.551000090180351
209.093453,4.551000045090196
209.093454,4.551
209.28895,4.617725583291108
209.28975,4.6179986347429
209.289751,4.61799897605733
209.289752,4.61799931737145
209.289753,4.61799965868588
209.289754,4.618
209.2924,4.622312098889854
209.48695,4.93936381432791
209.48795,4.940993481331264
209.487951,4.940995110998818
209.487952,4.9409967406648905
209.487953,4.940998370332445
209.487954,4.941
209.68495,5.048452363636505
209.68595,5.048997818182072
209.685951,5.048998363636306
209.685952,5.048998909091036
209.685953,5.048999454545767
209.685954,5.049
209.88295,5.379483436079607
209.88385,5.380993289540952
209.883851,5.380994967154951
209.883852,5.380996644770476
209.883853,5.380998322384476
209.883854,5.381
210.08265,5.440698498498304
210.08365,5.440998798798665
210.083651,5.440999099099067
210.083652,5.440999399399469
210.083653,5.4409996996995975
210.083654,5.441
210.27895,5.748733115756883
210.27975,5.749993697092619
210.279751,5.749995272819823
210.279752,5.749996848545593
210.279753,5.749998424272796
210.279754,5.75
210.28245,5.750747944514382
210.477,5.804721462799567
210.478,5.804998890290166
210.478001,5.804999167717499
210.478002,5.804999445145083
210.478003,5.804999722572668
210.478004,5.805
210.6756,6.130264998741023
210.67665,6.131993415554265
210.676651,6.131995061666073
210.676652,6.131996707777882
210.676653,6.131998353888193
210.676654,6.132000000000001
210.873,6.32018151115629
210.87385,6.320996166329046
210.873851,6.320997124746349
210.873852,6.320998083164523
210.873853,6.320999041582697
210.873854,6.321
211.071,6.247374948271413
211.072,6.247001493817641
211.072001,6.2470011203634
211.072002,6.247000746908821
211.072003,6.247000373454241
211.072004,6.247
211.269,6.71819650063286
211.26975,6.719990432363033
211.269751,6.719992824272818
211.269752,6.719995216182603
211.269753,6.719997608090214
211.269754,6.72
211.27245,6.719102466582742
211.467,6.654334244640519
211.468,6.654001331651799
211.468001,6.654000998738699
211.468002,6.6540006658259
211.468003,6.654000332912799
211.468004,6.654
211.6656,6.535631391895469
211.66665,6.535002396173898
211.666651,6.535001797130695
211.666652,6.535001198086949
211.666653,6.535000599043202
211.666654,6.535
211.863,6.635486171775701
211.864,6.635997952875374
211.864001,6.635998464656647
211.864002,6.63599897643792
211.864003,6.635999488218728
211.864004,6.636
212.061,6.747247116441583
212.0641,6.748997741129185
212.064101,6.748998305847017
212.064102,6.748998870564336
212.064103,6.748999435282168
212.064104,6.7490000000000006
212.259,7.145853809646563
212.26005,7.147991855066015
212.260051,7.1479938913004375
212.260052,7.147995927533008
212.260053,7.147997963767431
212.260054,7.148000000000001
212.2627,7.149737272727811
212.457,7.277307979797788
212.45805,7.277997373737679
212.458051,7.277998030302961
212.458052,7.27799868686884
212.458053,7.2779993434341215
212.458054,7.278
212.655,7.429995268218669
212.85325,7.582996912955824
212.853251,7.582997684716517
212.853252,7.582998456477912
212.853253,7.5829992282393075
212.853254,7.583
212.85615,7.583870152758479
213.05265,7.642911940411515
213.2493,7.701998798131416
213.249301,7.701999098598629
213.249302,7.701999399065844
213.249303,7.701999699532785
213.249304,7.702
213.2522,7.704691232323195
213.4473,7.88599628282787
213.447301,7.885997212121113
213.447302,7.885998141413513
213.447303,7.885999070706756
213.447304,7.886
213.4502,7.888596463811644
213.45035,7.88873094916087
213.64695,8.064996413723618
213.646951,8.064997310292917
213.646952,8.064998206862217
213.646953,8.0649991034307
213.646954,8.065
213.64985,8.063348092691644
213.8433,7.953002281640183
213.843301,7.953001711230008
213.843302,7.953001140819832
213.843303,7.953000570410175
213.843304,7.953
213.8462,7.953841523046083
214.0429,8.010998837675222
214.042901,8.010999128256483
214.042902,8.010999418837743
214.042903,8.01099970941874
214.042904,8.011000000000001
214.0458,8.015276171079382
214.2393,8.300994093687041
214.239301,8.30099557026461
214.239302,8.30099704684352
214.239303,8.30099852342109
214.239304,8.301
214.2422,8.303720484848448
214.4373,8.486996242423825
214.437301,8.486997181818083
214.437302,8.486998121211485
214.437303,8.486999060605743
214.437304,8.487
214.4402,8.487190141414139
214.44035,8.48719998989898
214.6353,8.499999737373768
214.635301,8.499999803030356
214.635302,8.499999868686883
214.635303,8.499999934343473
214.635304,8.5
214.6382,8.501009212121199
214.8333,8.568998606060768
214.833301,8.56899895454542
214.833302,8.568999303030385
214.833303,8.568999651515034
214.833304,8.569
214.8362,8.569845334675382
215.032,8.626998832410806
215.032001,8.626999124307972
215.032002,8.626999416205404
215.032003,8.626999708102835
215.032004,8.627
215.03485,8.62828217666428
215.22955,8.715998197924785
215.229551,8.715998648443383
215.229552,8.715999098962392
215.229553,8.7159995494814
215.229554,8.716
215.23225,8.716531567239729
215.42735,8.754999211324662
215.427351,8.754999408493408
215.427352,8.754999605662332
215.427353,8.754999802831255
215.427354,8.755
215.4302,8.757196962664214
215.43035,8.75731275479326
215.62555,8.907996912209546
215.625551,8.907997684157335
215.625552,8.907998456104421
215.625553,8.90799922805221
215.625554,8.908
215.62825,8.908558827097988
215.82335,8.948999170879585
215.823351,8.948999378159735
215.823352,8.948999585439697
215.823353,8.94899979271985
215.823354,8.949
215.82625,8.950152273986387
216.0219,9.027998408461167
216.021901,9.027998806345966
216.021902,9.027999204230404
216.021903,9.027999602115202
216.021904,9.028
216.0248,9.030901128256984
216.21955,9.225995992916328
216.219551,9.225996994687474
216.219552,9.225997996457709
216.219553,9.225998998228857
216.219554,9.226
216.22225,9.22533213346826
216.41735,9.177000990900009
216.417351,9.17700074317495
216.417352,9.177000495450116
216.417353,9.177000247725058
216.417354,9.177
216.42215,9.176903208879931
216.4223,9.176900181634712
216.615549999,9.173000080726547
216.615550999,9.173000060544906
216.615551999,9.173000040363265
216.615553,9.17300002018164
216.615554,9.173
216.61825,9.173299555555507
216.81355,9.194999555555608
216.813551,9.194999666666757
216.813552,9.194999777777804
216.813553,9.194999888888953
216.813554,9.195
216.81625,9.19301103587636
217.01145,9.049002950985004
217.011451,9.049002213239088
217.011452,9.0490014754925
217.011452999,9.049000737745915
217.011454,9.049
217.01435,9.047333868281626
217.2096,8.935002301286637
217.209601,8.93500172596524
217.209602,8.935001150643318
217.209603,8.935000575321398
217.209604,8.935
217.2123,8.936075676767862
217.4076,9.013998404040226
217.407601,9.01399880303026
217.407602,9.013999202020294
217.407603,9.013999601009964
217.407604,9.014
217.4078,9.014001979797978
217.4124,9.014048444444446
217.6056,9.015999959595964
217.605601,9.015999969696978
217.605602,9.015999979797982
217.605603,9.015999989898996
217.605604,9.016
217.608249999,9.016641454545653
217.8036,9.063999030303144
217.803601,9.063999272727248
217.803602,9.063999515151572
217.803603,9.063999757575676
217.803604,9.064
217.80625,9.064066902654863
218.00135,9.06899989886219
218.001351,9.068999924146649
218.001352,9.068999949431106
218.001352999,9.068999974715542
218.001354,9.069
218.00425,9.067992060529646
218.1996,9.000001392181428
218.199601,9.000001044135912
218.199602,9.000000696090714
218.199603,9.000000348045198
218.199604,9.0
218.2023,8.998965171716993
218.3976,8.924001535353357
218.397601,8.924001151515192
218.397602,8.924000767676677
218.397603,8.924000383838512
218.397604,8.924
218.3978,8.924155414141381
218.40245,8.927842535353383
218.5956,9.080996828282474
218.595601,9.080997621212036
218.595602,9.080998414140875
218.595603,9.080999207070438
218.595604,9.081
218.59825,9.079904181818216
218.7936,8.999001656565465
218.793601,8.999001242424287
218.793602,8.999000828282732
218.793603,8.999000414141179
218.793604,8.999
218.7965,9.000389494949475
218.991599999,9.093998080807866
218.991601,9.093998560606009
218.991602,9.093999040404151
218.991603,9.093999520201857
218.991603999,9.094
218.9918,9.093874282828308
219.1896,8.967002565656852
219.189601,8.967001924242492
219.189602,8.967001282828718
219.189603,8.967000641414359
219.189604,8.967
219.1923,8.964889494949833
219.3876,8.812003131312768
219.387601,8.812002348484931
219.387602,8.812001565656383
219.387603,8.812000782827836
219.387604,8.812
219.38785,8.811942906155279
219.3925,8.810863693239064
219.58515,8.766151786074554
219.5858,8.766000928355089
219.585801,8.766000696266211
219.585802,8.766000464177544
219.585803,8.766000232088667
219.585804,8.766
219.78365,9.14699229719399
219.783651,9.146994222895929
219.783652,9.14699614859787
219.783653,9.14699807429806
219.783654,9.147
219.7863,9.144727607981885
219.9816,8.977003435210513
219.981601,8.977002576408275
219.981602,8.977001717605257
219.981603,8.977000858802239
219.981604,8.977
219.983499999,8.978608727272523
220.1796,9.144996606060229
220.179601,9.144997454545363
220.179602,9.1449983030305
220.179603,9.144999151514863
220.179604,9.145
220.1823,9.143706464646678
220.3776,9.050001919192134
220.377601,9.050001439393991
220.377602,9.050000959596286
220.377603,9.050000479798143
220.377604,9.05
220.37785,9.049882088799382
220.3825,9.047653279515895
220.57515,8.955313471241361
220.5758,8.955001917255512
220.575801,8.955001437941524
220.575802,8.955000958627974
220.575803,8.955000479313986
220.575804,8.955
220.77315,9.080583818182143
220.7738,9.08099745454575
220.773801,9.080998090909024
220.773802,9.080998727272874
220.773803,9.080999363636726
220.773804,9.081
220.97165,8.975002143037893
220.971651,8.975001607278298
220.971652,8.975001071518703
220.971653,8.975000535759595
220.971654,8.975
220.97185,8.975089023467051
221.16915,9.064702952308677
221.1698,9.064998183194348
221.169801,9.064998637395863
221.169802,9.064999091596968
221.169803,9.064999545798484
221.169804,9.065
221.36765,9.063000040434668
221.367651,9.063000030326004
221.367652,9.063000020217334
221.367653,9.063000010108665
221.367654,9.063
221.3679,9.062882059045933
221.3705,9.06163552863977
221.56515,8.96831355034084
221.5658,8.968001917739299
221.565801,8.968001438304366
221.565802,8.968000958869432
221.565803,8.968000479434934
221.565804,8.968
221.7632,9.05174375757544
221.7638,9.051998303030114
221.763801,9.051998727272682
221.763802,9.051999151514863
221.763803,9.051999575757431
221.763804,9.052
221.96165,8.934002385645416
221.961651,8.934001789234333
221.961652,8.934001192822707
221.961653,8.934000596411625
221.961654,8.934000000000001
221.9619,8.93413532172625
222.1592,9.042667746656663
222.1598,9.04299779964649
222.159801,9.042998349734992
222.159802,9.042998899823496
222.159803,9.042999449911498
222.159804,9.043
222.35715,8.844657303030699
222.3578,8.844004020202467
222.357801,8.844003015151621
222.357802,8.84400201010169
222.357803,8.844001005050846
222.357804,8.844
222.3607,8.843839111111112
222.55515,8.833036333333306
222.5558,8.833000222222196
222.555801,8.833000166666674
222.555802,8.8330001111111
222.555803,8.833000055555525
222.555804,8.833
222.75315,8.782181287553659
222.75385,8.7820010300428
222.753851,8.782000772532216
222.753852,8.7820005150214
222.753853,8.782000257510582
222.753854,8.782
222.9512,8.709241121212266
222.95185,8.709001474747637
222.951851,8.709001106060645
222.951852,8.709000737373652
222.951853,8.709000368686993
222.951854,8.709
223.1492,8.773785303030175
223.14985,8.773998686868541
223.149851,8.773999015151482
223.149852,8.773999343434122
223.149853,8.773999671717062
223.149854,8.774000000000001
223.3472,8.605558212120775
223.34785,8.605003414141018
223.347851,8.605002560606152
223.347852,8.605001707070508
223.347853,8.605000853534866
223.347854,8.605
223.35075,8.605292525252521
223.5452,8.6249339393939
223.54585,8.624999595959551
223.545851,8.624999696969686
223.545851999,8.624999797979822
223.545852999,8.624999898989865
223.545853999,8.625
223.7432,8.609052848484808
223.74385,8.609000323232285
223.743851,8.609000242424177
223.743852,8.609000161616143
223.743853,8.609000080808034
223.743854,8.609
223.9412,8.566174473883278
223.942,8.566000868029171
223.942001,8.566000651021977
223.942002,8.566000434014585
223.942003,8.566000217007195
223.942004,8.566
224.1392,8.536121818181854
224.14,8.536000606060673
224.140001,8.536000454545471
224.140002,8.536000303030267
224.140003,8.536000151515202
224.140004,8.536
224.3372,8.408423108415134
224.33785,8.408002587818753
224.337851,8.408001940863771
224.337852,8.408001293909377
224.337853,8.408000646954394
224.337854,8.408
224.34075,8.4108193089533
224.5352,8.600119939470819
224.5361,8.600996105927313
224.536101,8.600997079445042
224.536102,8.600998052963657
224.536103,8.600999026481386
224.536104,8.601
224.7332,8.506314184576675
224.733849999,8.506001921618418
224.733851,8.506001441213705
224.733851999,8.506000960809429
224.733853,8.506000480404714
224.733853999,8.506
224.9312,8.193116162585271
224.9319,8.192006341833576
224.931901,8.192004756374821
224.931902,8.192003170916067
224.931903,8.192001585458755
224.931904,8.192
225.12925,8.136227221801736
225.13005,8.136001130456851
225.130051,8.136000847842574
225.130052,8.136000565228555
225.130053,8.136000282614278
225.130054,8.136000000000001
225.32725,7.946628051554589
225.3279,7.946003841293463
225.327901,7.946002880970534
225.327902,7.946001920646731
225.327903,7.946000960323802
225.327904,7.946
225.3308,7.943106922300739
225.52525,7.7488531382440895
225.5261,7.748003995963208
225.526101,7.748002996972861
225.526102,7.748001997981604
225.526103,7.748000998990348
225.526104,7.748
225.72325,7.642323762326083
225.72385,7.642002144121604
225.723851,7.642001608091081
225.723852,7.642001072060558
225.723853,7.642000536030523
225.723854,7.642
225.92125,7.615102740348303
225.922,7.615000545041695
225.922001,7.615000408781241
225.922002,7.615000272520786
225.922003,7.615000136260455
225.922004,7.615
226.1193,7.422831804189524
226.12015,7.422003896038788
226.120151,7.42200292202887
226.120152,7.422001948019838
226.120153,7.422000974009919
226.120154,7.422000000000001
226.31725,7.06943818089826
226.31805,7.068007155128022
226.318051,7.068005366345203
226.318052,7.068003577564011
226.318053,7.068001788781192
226.318054,7.0680000000000005
226.32295,7.065640481927533
226.5164,6.972411566265008
226.51725,6.97200192771062
226.517251,6.9720014457827455
226.517252,6.97200096385531
226.517253,6.972000481927436
226.517254,6.972
226.71325,6.754945755651389
226.7141,6.7540044297683455
226.714101,6.754003322326763
226.714102,6.7540022148841725
226.714103,6.754001107441583
226.714104,6.754
226.91125,6.404160535893931
226.9119,6.403007098078043
226.911901,6.40300532355934
226.911902,6.403003549039022
226.911903,6.403001774518704
226.911904,6.4030000000000005
227.10925,5.984704163513007
227.11005,5.98300847842445
227.110051,5.983006358819302
227.110052,5.983004239212225
227.110053,5.983002119607077
227.110054,5.9830000000000005
227.3073,5.649275707071715
227.30805,5.648006767677519
227.308051,5.648005075757755
227.308052,5.648003383839529
227.308053,5.648001691919764
227.308054,5.648
227.313,5.6418081373043565
227.5053,5.401069116607639
227.50615,5.400005007571352
227.506151,5.400003755679084
227.506152,5.400002503785676
227.506153,5.400001251893407
227.506154,5.4
227.70325,5.240730505050864
227.70415,5.240003232323592
227.704151,5.24000242424251
227.704152,5.240001616161429
227.704153,5.240000808081082
227.704154,5.24
227.90125,4.88717075094725
227.9019,4.886007160555426
227.901901,4.886005370415756
227.901902,4.886003580277713
227.901903,4.886001790138042
227.901904,4.886
228.09925,4.728641090082738
228.10005,4.728003189502531
228.100051,4.7280023921272605
228.100052,4.728001594751265
228.100053,4.72800079737527
228.100054,4.728
228.29725,4.678265825977375
228.2983,4.678001008827351
228.298301,4.678000756620455
228.298302,4.678000504413561
228.298303,4.678000252206895
228.298304,4.678
228.30095,4.676850727272766
228.49525,4.592457797979926
228.4963,4.592001737373931
228.496301,4.59200130303035
228.496302,4.592000868687164
228.496303,4.592000434343582
228.496304,4.5920000000000005
228.6933,4.476500702552375
228.69415,4.476002345210746
228.694151,4.476001758908326
228.694152,4.476001172605373
228.694153,4.476000586302953
228.694154,4.476
228.8913,4.311836033307881
228.8923,4.311003330810363
228.892301,4.311002498107583
228.892302,4.3110016654048025
228.892303,4.31100083270278
228.892304,4.311
229.0893,4.2263455005056665
229.0901,4.226001718908179
229.090101,4.226001289181037
229.090102,4.226000859453894
229.090103,4.226000429727143
229.090104,4.226
229.2873,3.997929878788159
229.2881,3.997004626263141
229.288101,3.997003469697092
229.288102,3.997002313132096
229.288103,3.997001156566048
229.288104,3.997
229.291,3.993181419225008
229.48575,3.736389773528321
229.4868,3.735005274283425
229.486801,3.7350039557122687
229.486802,3.735002637142312
229.486803,3.735001318571156
229.486804,3.735
229.6833,3.7827922878135554
229.68415,3.7829990271093097
229.684151,3.782999270331872
229.684152,3.782999513554655
229.684153,3.782999756777438
229.684154,3.783
229.8813,3.9970726767677975
229.88215,3.997995656565174
229.882151,3.997996742424128
229.882152,3.997997828283081
229.882153,3.997998914141047
229.882154,3.998
230.0793,3.9850691321897274
230.08035,3.9850002623612206
230.080351,3.985000196770945
230.080352,3.98500013118061
230.080353,3.985000065590335
230.080354,3.985
230.2773,4.143353547408148
230.2781,4.143996783817594
230.278101,4.143997587863379
230.278102,4.143998391909163
230.278103,4.143999195954216
230.278104,4.144
230.281,4.142451180625648
230.4753,4.038536952573019
230.4763,4.038002139253031
230.476301,4.038001604440017
230.476302,4.038001069626516
230.476303,4.038000534813501
230.476304,4.038
230.6733,4.047946781115865
230.67435,4.047999798030824
230.674351,4.047999848523095
230.674352,4.047999899015412
230.674353,4.047999949507683
230.674354,4.048
230.87135,4.124667637098502
230.8722,4.124998443264927
230.872201,4.124998832448783
230.872202,4.124999221632287
230.872203,4.124999610816143
230.872204,4.125
231.07095,4.276236005005764
231.07195,4.276996956194906
231.071951,4.276997717146353
231.071952,4.276998478097799
231.071953,4.276999239048553
231.071954,4.277
231.26735,4.199398737270772
231.26835,4.199001588594881
231.268351,4.199001191446071
231.268352,4.19900079429726
231.268353,4.199000397148811
231.268354,4.199
231.27105,4.200225454545253
231.46535,4.288543636363342
231.46635,4.28899818181798
231.466351,4.288998636363588
231.466352,4.288999090908783
231.466353,4.288999545454391
231.466354,4.289
231.66335,4.52864970212754
231.6661,4.531995133916856
231.666101,4.531996350437918
231.666102,4.531997566958981
231.666103,4.5319987834789375
231.666104,4.532
231.8613,4.446527209776031
231.8625,4.446001751527291
231.862501,4.446001313645668
231.862502,4.446000875763645
231.862503,4.446000437882022
231.862504,4.446
232.05935,4.533553439474062
232.06035,4.533998220874202
232.060351,4.533998665655752
232.060352,4.533999110436898
232.060353,4.5339995552184496
232.060354,4.534
232.25735,4.755869232323523
232.25835,4.756995494950018
232.258351,4.756996621212001
232.258352,4.756997747475009
232.258353,4.756998873738016
232.258354,4.757
232.2633,4.758126223908921
232.45535,4.8018567741936256
232.6536,4.84699908918396
232.653601,4.846999316888022
232.653602,4.846999544591877
232.653603,4.846999772295939
232.653604,4.847
232.6565,4.84979361616159
232.8516,5.03799614141459
232.851601,5.037997106060504
232.851602,5.037998070707295
232.851603,5.037999035354086
232.851604,5.038
232.8545,5.041173898989855
233.0496,5.254995616161128
233.049601,5.254996712121096
233.049602,5.254997808081063
233.049603,5.254998904040033
233.049604,5.255
233.05255,5.256328024041901
233.24925,5.344998196844687
233.249251,5.34499864763372
233.249252,5.344999098422344
233.249253,5.344999549211376
233.249254,5.345
233.25215,5.348951771895271
233.44565,5.612994541750921
233.445651,5.612995906313501
233.445652,5.61299727087484
233.445653,5.61299863543742
233.445654,5.613
233.44835,5.616771676767073
233.44865,5.617191373736347
233.64365,5.889994404041054
233.643651,5.889995803030154
233.643652,5.889997202020527
233.643653,5.889998601010899
233.643654,5.89
233.64655,5.895791999999918
233.84165,6.285991999999111
233.841651,6.285993999999788
233.841652,6.285996000000465
233.841653,6.285997999999323
233.841654,6.2860000000000005
233.8464,6.289187969696705
234.03965,6.418997313131015
234.039651,6.418997984848414
234.039652,6.418998656565202
234.039653,6.4189993282826014
234.039654,6.4190000000000005
234.04255,6.4222762828282525
234.23765,6.642995474748
234.237651,6.6429966060604855
234.237652,6.642997737374
234.237653,6.642998868687514
234.237654,6.643
234.24055,6.651881553593821
234.4359,7.250987732659419
234.435901,7.250990799495261
234.435902,7.250993866331104
234.435903,7.250996933164157
234.435904,7.251
234.43855,7.252177486725624
234.4387,7.2522442376737235
234.63365,7.338998219974518
234.633651,7.338998664980989
234.633652,7.338999109987057
234.633653,7.338999554993529
234.633654,7.339
234.63655,7.342407919191888
234.83165,7.57199529292984
234.831651,7.5719964696968445
234.831652,7.57199764646492
234.831653,7.571998823232995
234.831654,7.572
234.8365,7.575691957618431
235.02985,7.722996952573513
235.029851,7.72299771443048
235.029852,7.722998476286756
235.029853,7.722999238143725
235.029854,7.723
235.03255,7.723640606673516
235.22765,7.769999049544889
235.227651,7.769999287158721
235.227652,7.769999524772337
235.227653,7.769999762386169
235.227654,7.77
235.2306,7.7741809393934
235.42565,8.050994323232983
235.425651,8.050995742424092
235.425652,8.050997161616491
235.425653,8.05099858080889
235.425654,8.051
235.42855,8.055236267339158
235.4287,8.055455687263274
235.6239,8.340994148801366
235.623901,8.340995611601357
235.623902,8.340997074400018
235.623903,8.340998537200008
235.623904,8.341
235.6266,8.342771890798497
235.8217,8.470997371081609
235.821701,8.470998028311357
235.821702,8.470998685541103
235.821703,8.470999342770252
235.821704,8.471
235.82645,8.470401362260391
236.019899999,8.446000504540809
236.019901,8.446000378405664
236.019902,8.446000252270405
236.019903,8.44600012613526
236.019903999,8.446
236.02265,8.447137232323279
236.2179,8.52799834343416
236.217901,8.527998757575714
236.217902,8.527999171716893
236.217903,8.527999585858446
236.217904,8.528
236.22255,8.541482325579693
236.4157,9.10198839231418
236.415701,9.101991294236296
236.415702,9.10199419615841
236.415703,9.101997098077886
236.415704,9.102
236.41855,9.102459495459035
236.41875,9.102491786074642
236.6139,9.133999354187615
236.613901,9.13399951564075
236.613902,9.133999677093882
236.613903,9.133999838546869
236.613904,9.134
236.616549999,9.135132762528292
236.81245,9.2189982875848
236.812451,9.218998715688697
236.812452,9.218999143792594
236.812453,9.218999571896102
236.812454,9.219
236.81535,9.221290372623544
237.009699999,9.37499683650155
237.009701,9.374997627376342
237.009702,9.374998418250415
237.009703,9.374999209125209
237.009703999,9.375
237.0126,9.37372879919275
237.2079,9.288001755802416
237.207901,9.288001316851712
237.207902,9.288000877901007
237.207903,9.288000438950704
237.207904,9.288
237.2106,9.28937384460119
237.4054,9.38864125126133
237.4061,9.38899796165513
237.406101,9.388998471241116
237.406102,9.388998980827564
237.406103,9.388999490414012
237.406104,9.389
237.40875,9.39124679302494
237.60395,9.556996603487113
237.603951,9.556997452615528
237.603952,9.556998301743173
237.603953,9.556999150871585
237.603954,9.557
237.6066,9.555730454545492
237.80195,9.462001919191696
237.801951,9.46200143939399
237.801952,9.462000959595848
237.801953,9.462000479797704
237.801954,9.462
237.8046,9.46031618181824
237.99995,9.336002545454829
237.999950999,9.336001909090976
237.999952,9.336001272727126
237.999953,9.336000636363853
237.999954,9.336
238.002599999,9.33641427272726
238.19795,9.366999373737306
238.197951,9.366999530303014
238.197952,9.36699968686858
238.197953,9.366999843434291
238.197954,9.367
238.2006,9.366973460381145
238.39665,9.365007061183553
238.39735,9.365000040120355
238.397351,9.365000030090272
238.397352,9.365000020060178
238.397353,9.365000010030094
238.397354,9.365
238.4,9.36576715157678
238.59395,9.421998840284711
238.593951,9.4219991302136
238.593952,9.42199942014249
238.593953,9.421999710071113
238.593954,9.422
238.5966,9.418832818181928
238.79195,9.18500478787932
238.791951,9.185003590909218
238.791952,9.185002393940206
238.791953,9.185001196970102
238.791954,9.185
238.7946,9.185384728001996
238.9914,9.21399941840067
238.991401,9.213999563800568
238.991402,9.213999709200335
238.991402999,9.213999854600234
238.991404,9.214
238.9943,9.211848812007156
239.18795,9.068002971254463
239.187951,9.06800222844068
239.187952,9.068001485626894
239.187953,9.068000742813783
239.187954,9.068
239.19065,9.069865414141114
239.38595,9.204997232323556
239.385951,9.20499792424298
239.385952,9.204998616161776
239.385953,9.204999308081204
239.385954,9.205
239.38615,9.204892209889024
239.39075,9.202362441977716
239.58345,9.096387164480344
239.58415,9.096002199798429
239.584151,9.096001649848697
239.584152,9.096001099899464
239.584153,9.096000549949732
239.584154,9.096
239.782,9.470992418499744
239.782001,9.470994313873948
239.782002,9.470996209249872
239.782003,9.470998104625798
239.782004,9.471
239.78465,9.469556727272776
239.98,9.363002181818423
239.980001,9.363001636363691
239.980002,9.363001090908964
239.980003,9.36300054545473
239.980004,9.363
239.9802,9.362984157615562
240.17795,9.34700032331393
240.177951,9.347000242485484
240.177952,9.347000161656965
240.177953,9.34700008082852
240.177954,9.347
240.18065,9.341103556557783
240.3766,8.912539724103427
240.3773,8.911008748431389
240.377301,8.911006561324536
240.377302,8.911004374215693
240.377303,8.911002187106853
240.377304,8.911
240.37995,8.90879500000008
240.5735,8.747503333333956
240.5741,8.747003333333703
240.574101,8.747002500000088
240.574102,8.74700166666723
240.574103,8.747000833333615
240.574104,8.747
240.77195,8.729000363912096
240.771951,8.729000272934051
240.771952,8.729000181956007
240.771953,8.729000090978046
240.771954,8.729000000000001
240.77465,8.727813463366036
240.9695,8.642058024506056
240.9719,8.641001760440306
240.971901,8.64100132033013
240.971902,8.641000880219952
240.971903,8.641000440110176
240.971904,8.641
241.1675,8.526383235669021
241.16815,8.526002343949305
241.168151,8.526001757961845
241.168152,8.526001171974386
241.168153,8.52600058598746
241.168154,8.526
241.3655,8.592778696969871
241.36615,8.592998646464803
241.366151,8.592998984848757
241.366152,8.592999323232402
241.366153,8.592999661616355
241.366154,8.593
241.3688,8.592251636363406
241.5635,8.537184969696824
241.56415,8.537001131313001
241.564151,8.53700084848488
241.564152,8.5370005656565
241.564153,8.537000282828123
241.564154,8.537
241.7615,8.047621787879764
241.76215,8.046009919193022
241.762151,8.046007439394202
241.762152,8.046004959595383
241.762153,8.046002479798819
241.762154,8.046
241.9595,7.914435999999659
241.96015,7.914002666666358
241.960151,7.914001999999465
241.960152,7.914001333333179
241.960153,7.914000666666286
241.960154,7.914000000000001
242.15755,7.809320303030217
242.15815,7.809002121211875
242.158151,7.809001590909148
242.158152,7.8090010606059375
242.158153,7.80900053030321
242.158154,7.809
242.356,7.873998685872991
242.356001,7.873999014404818
242.356002,7.873999342936346
242.356003,7.873999671468173
242.356004,7.874
242.35625,7.874043451930287
242.3588,7.874493868281565
242.5535,7.908884481453534
242.55415,7.908999293464629
242.554151,7.908999470098391
242.554152,7.908999646732314
242.554153,7.908999823366237
242.554154,7.909
242.751499999,7.598030545455167
242.75215,7.597006303029571
242.752151,7.597004727272894
242.752152,7.597003151514786
242.752153,7.597001575758109
242.752154,7.597
242.9495,7.173510729613823
242.9502,7.17200858368999
242.950201,7.172006437768467
242.950202,7.172004291844995
242.950203,7.172002145923473
242.950204,7.172
243.1475,6.685735111111211
243.1482,6.684009858586955
243.148201,6.684007393939655
243.148202,6.684004929294598
243.148203,6.684002464647299
243.148204,6.684
243.34555,5.709218294651328
243.3464,5.70501975782258
243.346401,5.705014818365812
243.346402,5.705009878909044
243.346403,5.705004939456768
243.346404,5.705
243.349,5.704593144590453
243.54355,5.674102497472257
243.5442,5.674000626895925
243.544201,5.674000470171908
243.544202,5.674000313447891
243.544203,5.674000156724017
243.544204,5.674
243.74155,5.771676303030108
243.7422,5.7719980202018
243.742200999,5.771998515151463
243.742202,5.771999010100675
243.742202999,5.771999505050338
243.742204,5.772
243.93955,5.541937289931098
243.94035,5.541004663133448
243.940351,5.541003497349556
243.940352,5.541002331566724
243.940353,5.541001165782832
243.940354,5.541
244.13755,5.380532191054149
244.1382,5.380003254991516
244.138201,5.380002441243453
244.138202,5.380001627495388
244.138203,5.380000813748064
244.138204,5.38
244.33555,5.420823340060568
244.3364,5.420999172553073
244.336401,5.420999379414711
244.336402,5.420999586276537
244.336403,5.420999793138362
244.336404,5.421
244.3391,5.416897391303633
244.53355,5.120995217390522
244.5342,5.120006086955814
244.534201,5.1200045652175525
244.534202,5.120003043477907
244.534203,5.120001521738262
244.534204,5.12
244.73155,4.426298909092295
244.7322,4.424014060607624
244.732201,4.424010545454919
244.732202,4.424007030302214
244.732203,4.424003515152705
244.732204,4.424
244.92955,4.664022134746109
244.93035,4.664995134998198
244.930351,4.6649963512489245
244.930352,4.6649975674985455
244.930353,4.664998783749273
244.930354,4.665
245.12755,4.8412812727278665
245.12835,4.84199642424284
245.128351,4.841997318181724
245.128352,4.84199821212142
245.128353,4.841999106061117
245.128354,4.8420000000000005
245.32555,4.57124123170177
245.32645,4.570005492176279
245.326451,4.570004119131897
245.326452,4.570002746087516
245.326453,4.570001373044383
245.326454,4.57
245.3291,4.571550181818136
245.5236,4.68549967676774
245.52445,4.685997656565929
245.524451,4.685998242424713
245.524452,4.6859988282829645
245.524453,4.685999414141748
245.524454,4.686
245.7228,4.722878402009977
245.72345,4.722999256281324
245.723451,4.722999442211036
245.723452,4.722999628140746
245.723453,4.722999814070288
245.723454,4.723
245.9196,5.221954790557668
245.9204,5.223989824829819
245.920401,5.223992368621207
245.920402,5.22399491241491
245.920403,5.223997456208612
245.920404,5.224
246.1176,5.15227425107372
246.11835,5.152001454913019
246.118351,5.152001091184681
246.118352,5.152000727456675
246.118353,5.152000363728337
246.118354,5.152
246.3156,5.294383533568983
246.31645,5.294997112569745
246.316451,5.29499783442698
246.316452,5.294998556284872
246.316453,5.294999278142108
246.316454,5.295
246.3191,5.293089000000066
246.5136,5.152616777777697
246.51445,5.15200288888921
246.514451,5.152002166666743
246.514452,5.152001444444934
246.514452999,5.152000722222467
246.514454,5.152
246.7116,5.180874919191935
246.71245,5.180999414141482
246.712451,5.180999560606045
246.712452,5.180999707070741
246.712453,5.180999853535437
246.712454,5.181
246.9096,5.281745951904069
246.91205,5.282997955912061
246.912051,5.282998466934279
246.912052,5.282998977956031
246.912053,5.282999488978248
246.912054,5.283
247.1076,5.651484950343316
247.1084,5.652992462440397
247.108401,5.652994346829441
247.108402,5.652996231220199
247.108403,5.6529981156109566
247.108404,5.6530000000000005
247.3056,5.622125878787917
247.3064,5.622000626262696
247.306401,5.622000469696986
247.306402,5.622000313131276
247.306403,5.62200015656571
247.306404,5.622
247.30925,5.62682348549866
247.50375,5.956467873897377
247.50465,5.957993220681747
247.504651,5.957994915512081
247.504652,5.9579966103408735
247.504653,5.957998305171207
247.504654,5.958
247.70165,5.987870507960594
247.7025,5.987999393479842
247.702501,5.987999545109916
247.702502,5.98799969673999
247.702503,5.987999848369927
247.702504,5.988
247.8996,6.148264929292568
247.9005,6.148996747474386
247.900501,6.148997560605975
247.900502,6.148998373736824
247.900503,6.148999186868411
247.900504,6.149
248.0976,6.233654674078101
248.0984,6.233998281960786
248.098401,6.233998711470784
248.098402,6.2339991409803925
248.098403,6.233999570490392
248.098404,6.234
248.2956,6.174318991172851
248.29665,6.174001210592546
248.296651,6.174000907944547
248.296652,6.174000605296273
248.296653,6.174000302648274
248.296654,6.174
248.2993,6.173879696893159
248.4936,6.16504564789087
248.4946,6.165000181864086
248.494601,6.165000136398085
248.494602,6.165000090932043
248.494603,6.165000045466001
248.494604,6.165
248.6916,6.421821465387164
248.6925,6.422994785245679
248.692501,6.422996088933667
248.692502,6.42299739262284
248.692503,6.422998696312012
248.692504,6.423
248.88965,6.4996098511229885
248.89065,6.499998445621831
248.890651,6.499998834216461
248.890652,6.499999222811092
248.890653,6.49999961140537
248.890654,6.5
249.08765,6.505926176986701
249.0901,6.505999879669077
249.090101,6.505999909751814
249.090102,6.5059999398345525
249.090103,6.505999969917262
249.090104,6.506
249.28565,6.428398432968607
249.28665,6.428001587382161
249.286651,6.4280011905368015
249.286652,6.428000793691081
249.286653,6.42800039684536
249.286654,6.428
249.2893,6.428935454545423
249.48365,6.497645050505144
249.48465,6.497998585858429
249.484651,6.497998939393902
249.484652,6.497999292929375
249.484653,6.497999646464527
249.484654,6.498
249.68165,6.685188516553047
249.6825,6.685996199141205
249.682501,6.685997149356336
249.682502,6.685998099570602
249.682503,6.685999049785734
249.682504,6.686
249.87965,6.658141872318914
249.88065,6.658000565228297
249.880651,6.658000423921287
249.880652,6.6580002826141484
249.880653,6.65800014130701
249.880654,6.658
250.07765,6.507613771485842
250.07845,6.50700305358913
250.078451,6.507002290192195
250.078452,6.507001526794565
250.078453,6.507000763396936
250.078454,6.507000000000001
250.27565,6.639459939393777
250.27645,6.639997313131016
250.276451,6.639997984848415
250.276452,6.639998656565814
250.276453,6.6399993282826015
250.276454,6.640000000000001
250.2793,6.637903551967474
250.47365,6.494739576185479
250.47465,6.494002946518325
250.474651,6.494002209889079
250.474652,6.494001473259162
250.474653,6.494000736629246
250.474654,6.494
250.67165,6.390527353535216
250.67265,6.390002101010335
250.672651,6.390001575757632
250.672652,6.390001050504929
250.672653,6.390000525252703
250.672654,6.390000000000001
250.8707,6.545213142426019
250.8717,6.545996865108921
250.871701,6.545997648831869
250.871702,6.5459984325541045
250.871703,6.545999216277052
250.871704,6.546
251.06765,6.6902242131977525
251.0687,6.690997055837236
251.068701,6.690997791878094
251.068702,6.690998527918283
251.068703,6.690999263959141
251.068704,6.691
251.2657,6.748705898989975
251.2667,6.748998828282965
251.266701,6.748999121212091
251.266702,6.748999414141482
251.266703,6.748999707070875
251.266704,6.7490000000000006
251.2714,6.756660646464581
251.4637,7.070362161616591
251.4647,7.071993474746749
251.464701,7.071995106060433
251.464702,7.071996737374117
251.464703,7.071998368686317
251.464704,7.072
251.6617,7.347595414141775
251.6627,7.348994404041054
251.662701,7.3489958030314275
251.662702,7.348997202020527
251.662703,7.3489986010109
251.662704,7.349
251.8597,7.183841737373517
251.8607,7.183003353534963
251.860701,7.183002515151604
251.860702,7.183001676767482
251.860703,7.183000838384122
251.860704,7.183
252.05765,7.286446383838229
252.0587,7.286997898989665
252.058701,7.286998424242368
252.058702,7.286998949494594
252.058703,7.286999474747297
252.058704,7.287
252.25565,7.414061935484023
252.45395,7.541997419355138
252.453951,7.5419980645160605
252.453952,7.54199870967757
252.453953,7.541999354839078
252.453954,7.542
252.4567,7.542943070707109
252.457,7.543046101010034
252.65195,7.609998626262474
252.651951,7.609998969696933
252.651952,7.609999313131393
252.651953,7.609999656565541
252.651954,7.61
252.65495,7.609061858585808
252.84995,7.548001252525392
252.849951,7.548000939393972
252.849952,7.548000626262838
252.849953,7.5480003131314195
252.849954,7.548
252.85295,7.550360484847906
253.04795,7.703996848485215
253.047951,7.703997636363552
253.047952,7.703998424242607
253.047953,7.703999212121662
253.047954,7.704
253.05095,7.706284828282952
253.24595,7.854996949494611
253.245951,7.854997712121132
253.245952,7.854998474747653
253.245953,7.854999237373479
253.245954,7.855
253.24895,7.850445474747208
253.44395,7.554006080807374
253.443951,7.55400456060484
253.443952,7.554003040403687
253.443953,7.554001520201153
253.443954,7.554
253.4467,7.551545242424143
253.4471,7.5511876666666575
253.64195,7.37700357575716
253.641951,7.377002681818277
253.641952,7.37700178787858
253.641953,7.377000893939696
253.641954,7.377
253.64485,7.379895268871461
253.84,7.574996001010311
253.840001,7.574997000757278
253.840002,7.574998000505156
253.840003,7.574999000253032
253.840004,7.575
253.84285,7.5786185267410735
254.0382,7.826994914228644
254.038201,7.826996185670905
254.038202,7.826997457114322
254.038203,7.826998728557739
254.038204,7.827
254.0428,7.82725559150661
254.236,7.83799977755311
254.236001,7.837999833164858
254.236002,7.837999888776555
254.236003,7.837999944388303
254.236004,7.838
254.23885,7.84176117024001
254.43425,8.099994713745884
254.434251,8.099996035308813
254.434252,8.099997356872942
254.434253,8.09999867843587
254.434254,8.1
254.4369,8.102702867256545
254.437,8.102805016435006
254.632,8.301995914032416
254.632001,8.301996935524544
254.632002,8.301997957015743
254.632003,8.301998978507871
254.632004,8.302
254.6367,8.301525656565659
254.83,8.282000404040357
254.830001,8.282000303030314
254.830002,8.282000202020178
254.830003,8.282000101010043
254.830004,8.282
254.8329,8.281868496468215
255.0282,8.273000181634732
255.028201,8.273000136226038
255.028202,8.273000090817387
255.028203,8.273000045408693
255.028204,8.273
255.0309,8.276257553083392
255.226,8.51199516683465
255.226001,8.511996375126262
255.226002,8.511997583416775
255.226003,8.511998791708388
255.226004,8.512
255.2289,8.514483955600376
255.4242,8.681996569121718
255.424201,8.681997426841484
255.424202,8.68199828456125
255.424203,8.681999142280235
255.424204,8.682
255.4269,8.681863700707808
255.42705,8.681856117290176
255.622,8.672000202224492
255.622001,8.672000151668358
255.622002,8.672000101112223
255.622003,8.672000050556136
255.622004,8.672
255.62685,8.67353185148012
255.8213,8.73499873557437
255.821301,8.734999051680848
255.821302,8.73499936778704
255.821303,8.73499968389352
255.821304,8.735
255.8246,8.737393135313438
256.01825,8.877997095709908
256.018251,8.8779978217821
256.018251999,8.877998547854954
256.018253,8.877999273927808
256.018254,8.878
256.02095,8.874459797979188
256.21625,8.618005252525837
256.216251,8.618003939394079
256.216252,8.61800262626232
256.216253,8.618001313131758
256.216254,8.618
256.21895,8.622752040403258
256.41425,8.966992949494166
256.414251,8.966994712121025
256.414252,8.966996474746281
256.414253,8.966998237373142
256.414254,8.967
256.41695,8.966441737373827
256.41705,8.966421030303078
256.612249999,8.926000828282731
256.612251,8.926000621212143
256.612252,8.926000414141367
256.612253,8.926000207070588
256.612254,8.926
256.6149,8.925986619469027
256.81,8.925000020227563
256.810001,8.92500001517067
256.810002,8.925000010113779
256.810003,8.925000005056893
256.810004,8.925
256.81295,8.928551546027284
257.00825,9.163995177806362
257.008251,9.163996383355318
257.008251999,9.16399758890318
257.008253,9.16399879445214
257.008254,9.164
257.01095,9.166845777778269
257.20625,9.372995777778268
257.206251,9.37299683333322
257.206252,9.372997888889133
257.206253,9.372998944444086
257.206254,9.373
257.2089,9.378773090908892
257.40425,9.804991272726305
257.404251,9.804993454545222
257.404252,9.80499563636216
257.404253,9.80499781818108
257.404254,9.805
257.40695,9.80505401452541
257.40705,9.80505601803155
257.6039,9.808999919859763
257.603901,9.808999939894814
257.603902,9.808999959929883
257.603903,9.808999979964952
257.603904,9.809
257.60655,9.808015253632457
257.80005,9.736001488656468
257.800051,9.73600111649218
257.800052,9.736000744328232
257.800053,9.736000372163948
257.800054,9.736
257.80295,9.732127951562925
257.99825,9.471005348133794
257.998251,9.47100401110004
257.998251999,9.471002674067504
257.998253,9.471001337033751
257.998254,9.471
258.00095,9.472269023535096
258.19795,9.564998117175554
258.197951,9.564998587881773
258.197952,9.564999058587563
258.197953,9.56499952929378
258.197954,9.565
258.20065,9.56550764376582
258.3938,9.601876854961755
258.39445,9.601999246819256
258.394451,9.601999435114484
258.394452,9.601999623409542
258.394453,9.601999811704772
258.394454,9.602
258.3972,9.60234698003528
258.5923,9.62699949456665
258.592301,9.62699962092493
258.592302,9.626999747283325
258.592303,9.626999873641603
258.592304,9.627
258.59495,9.627521181818164
258.7903,9.665999212121124
258.790301,9.665999409090889
258.790302,9.665999606060472
258.790303,9.665999803030235
258.790304,9.666
258.7913,9.666261575757511
258.9883,9.71799894949507
258.988301,9.717999212121184
258.988302,9.717999474747536
258.988302999,9.717999737373887
258.988304,9.718
258.99095,9.722396636363484
259.1863,10.046993353534615
259.186301,10.04699501515134
259.186302,10.046996676768064
259.186303,10.046998338383275
259.186304,10.047
259.18895,10.04701335352006
259.3838,10.047996699470096
259.38445,10.047999979813271
259.384451,10.047999984859954
259.384452,10.047999989906636
259.384453,10.047999994953315
259.384454,10.048
259.3872,10.04218902020176
259.5818,9.630383969695885
259.58245,9.62900846464548
259.582451,9.629006348483149
259.582452,9.62900423232274
259.582453,9.629002116160407
259.582454,9.629
259.7798,9.795406372128982
259.7805,9.795996627114755
259.780501,9.79599747033645
259.780502,9.795998313557378
259.780503,9.795999156779072
259.780504,9.796
259.9778,9.684370032836798
259.97845,9.68400226319803
259.978451,9.684001697398394
259.978452,9.684001131599272
259.978453,9.684000565799638
259.978454,9.684
260.1763,9.837996886530563
260.176301,9.837997664897568
260.176302,9.83799844326528
260.176303,9.837999221632996
260.176304,9.838
260.17905,9.837307265388468
260.3738,9.78817759838548
260.3745,9.78800100908162
260.374501,9.7880007568111
260.374502,9.78800050454081
260.374503,9.78800025227029
260.374504,9.788
260.3772,9.786229451881486
260.57185,9.658396665825194
260.57245,9.658002626926285
260.572451,9.658001970194563
260.572452,9.65800131346344
260.572453,9.65800065673172
260.572454,9.658
260.772,9.515002866449178
260.772001,9.51500214983721
260.772002,9.51500143322459
260.772003,9.515000716611969
260.772004,9.515
260.77225,9.514855993891274
260.96785,9.400353575973435
260.96845,9.400002341563
260.968451,9.400001756172117
260.968452,9.400001170781234
260.968453,9.400000585390885
260.968454,9.4
261.1663,9.202004003032137
261.166301,9.202003002273646
261.166302,9.202002001516068
261.166303,9.202001000757578
261.166304,9.202
261.169,9.198737024255498
261.36385,8.962909567391655
261.36625,8.960004841209741
261.366251,8.960003630907856
261.366252,8.960002420604871
261.366253,8.960001210301886
261.366254,8.96
261.3689,8.95747871592365
261.56185,8.773623174521802
261.5625,8.773003811464525
261.562501,8.773002858598828
261.562502,8.773001905732261
261.562503,8.773000952865697
261.562504,8.773
261.75985,8.635455818182093
261.7605,8.635002787879097
261.760501,8.635002090909165
261.760502,8.635001393939232
261.760503,8.635000696969932
261.760504,8.635
261.95785,8.529350121212332
261.9585,8.529002141414379
261.958501,8.529001606060662
261.958502,8.529001070707434
261.958503,8.529000535353717
261.958504,8.529
262.15585,7.731642424240354
262.1565,7.729016161614283
262.156501,7.72901212121255
262.156502,7.729008080807142
262.156503,7.729004040401733
262.156504,7.729
262.35385,7.493779515151985
262.3545,7.493004767677298
262.354501,7.493003575757703
262.354502,7.493002383838107
262.354503,7.493001191919595
262.354504,7.493
262.35715,7.486999727272934
262.55185,7.045483060606955
262.5525,7.044009070708079
262.552501,7.044006803030544
262.552502,7.044004535355072
262.552503,7.044002267677536
262.552504,7.0440000000000005
262.74985,6.93843009840994
262.75065,6.938002139792837
262.750651,6.938001604844871
262.750652,6.938001069896418
262.750653,6.938000534947966
262.750654,6.938
262.94785,6.449619711903932
262.9485,6.448009906495921
262.948501,6.448007429871378
262.948502,6.448004953246834
262.948503,6.448002476624543
262.948504,6.448
263.1466,6.411121750943301
263.14725,6.411000744654002
263.147251,6.411000558490587
263.147252,6.411000372327001
263.147253,6.411000186163416
263.147254,6.4110000000000005
263.34385,6.341320405063127
263.34475,6.341001417721355
263.344751,6.341001063291177
263.344752,6.341000708860677
263.344753,6.3410003544305
263.344754,6.341
263.3474,6.339220839231604
263.54185,6.20847336703744
263.54255,6.208002689585127
263.542551,6.208002017189151
263.542552,6.208001344792564
263.542553,6.208000672395976
263.542554,6.208
263.739899999,6.135860500751198
263.74225,6.13500146219312
263.742251,6.135001096645006
263.742252,6.13500073109656
263.742253,6.135000365548446
263.742254,6.135
263.9379,6.002510600814453
263.93865,6.002002708757322
263.938651,6.0020020315683
263.938652,6.002001354378661
263.938653,6.002000677189023
263.938654,6.002
264.1359,5.882396563920861
264.13655,5.882002425467126
264.136551,5.882001819100621
264.136552,5.882001212733564
264.136553,5.882000606367058
264.136554,5.882000000000001
264.3339,5.650999636730448
264.33475,5.650004682138709
264.334751,5.650003511604565
264.334752,5.650002341069355
264.334753,5.6500011705341455
264.334754,5.65
264.33745,5.648078179979443
264.5319,5.509466198179614
264.53255,5.509002851364684
264.532551,5.509002138523189
264.532552,5.509001425682342
264.532553,5.509000712840847
264.532554,5.509
264.7299,5.551825526116526
264.7307,5.551999131970831
264.730701,5.551999348978025
264.730702,5.551999565985415
264.730703,5.551999782992807
264.730704,5.5520000000000005
264.9279,5.594825393939341
264.9287,5.594999131313035
264.928701,5.5949993484848255
264.928702,5.594999565656616
264.928703,5.594999782828209
264.928704,5.595
265.1259,5.582042971948412
265.12655,5.582000262825342
265.126551,5.5820001971190365
265.126552,5.582000131412671
265.126553,5.582000065706305
265.126554,5.582
265.3239,5.76814729886465
265.3248,5.76899622698571
265.324801,5.768997170239497
265.324802,5.768998113493284
265.324803,5.768999056746213
265.324804,5.769
265.32935,5.779002805955337
265.5221,6.203120898309605
265.52295,6.204991198585951
265.522951,6.204993398939964
265.522952,6.2049955992939765
265.522953,6.204997799645987
265.522954,6.205
265.7199,6.298665185934714
265.7206,6.298998097647146
265.720601,6.298998573235467
265.720602,6.298999048823356
265.720603,6.298999524411679
265.720604,6.299
265.9179,6.384650964159409
265.9187,6.3849982635034825
265.918701,6.384998697627415
265.918702,6.384999131751742
265.918703,6.384999565875673
265.918704,6.385
266.11595,6.515468194900117
266.11675,6.515997354203791
266.116751,6.515998015652543
266.116752,6.515998677101896
266.116753,6.515999338551248
266.116754,6.516
266.31395,6.614573107801116
266.3148,6.614998000505156
266.314801,6.61499850037864
266.314802,6.614999000252578
266.314803,6.614999500126516
266.314804,6.615
266.31745,6.613885056433444
266.5133,6.5313598495108645
266.51415,6.531001685477607
266.514151,6.531001264108396
266.514152,6.531000842738803
266.514153,6.531000421369209
266.514154,6.531
266.70995,6.5300038361740045
266.7107,6.530000020351058
266.710701,6.530000015263292
266.710702,6.530000010175532
266.710703,6.530000005087766
266.710704,6.53
266.9079,6.708273151515751
266.9087,6.708996383838804
266.908701,6.7089972878786925
266.908702,6.708998191919402
266.908703,6.708999095960112
266.908704,6.7090000000000005
267.1068,6.738886245913916
267.10755,6.73899939652998
267.107551,6.73899954739752
267.107552,6.738999698264921
267.107553,6.738999849132461
267.107554,6.739
267.30395,6.764867760891506
267.30495,6.764999473150905
267.304951,6.764999604863209
267.304952,6.764999736575392
267.304953,6.764999868287696
267.304954,6.765000000000001
267.30765,6.764414061157537
267.50195,6.722185605256485
267.5028,6.722000869345363
267.502801,6.722000652009121
267.502802,6.722000434672681
267.502803,6.72200021733644
267.502804,6.722
267.70085,6.788662054760199
267.70185,6.788998653604472
267.701851,6.788998990203431
267.701852,6.788999326802389
267.701853,6.788999663401041
267.701854,6.789
267.89795,7.1007219299132736
267.89875,7.10199364144165
267.898751,7.101995231081599
267.898752,7.101996820721548
267.898753,7.101998410360052
267.898754,7.102
268.09595,7.245415272727096
268.09675,7.245997090908768
268.096751,7.245997818181741
268.096752,7.245998545454054
268.096753,7.245999272727027
268.096754,7.246
268.29395,7.125643298864696
268.295,7.125002441361633
268.295001,7.125001831021502
268.295002,7.125001220680817
268.295003,7.12500061034013
268.295004,7.125
268.29765,7.123528513650199
268.49195,7.015474924165764
268.4928,7.015002224468903
268.492801,7.01500166835193
268.492802,7.015001112234452
268.492803,7.0150005561169735
268.492804,7.015000000000001
268.68995,6.964258410295164
268.69095,6.9640010295229695
268.690951,6.964000772142344
268.690952,6.9640005147614845
268.690953,6.964000257380626
268.690954,6.964
268.88795,7.308245535352405
268.88895,7.309993010100234
268.888951,7.309994757575573
268.888952,7.309996505050912
268.888953,7.309998252524662
268.888954,7.31
269.08595,7.422540687563056
269.08675,7.422997714863245
269.086751,7.422998286147563
269.086752,7.422998857431882
269.086753,7.4229994287156815
269.086754,7.423
269.28395,7.521473664565249
269.285,7.5219980025223006
269.285001,7.521998501891953
269.285002,7.52199900126115
269.285003,7.521999500630803
269.285004,7.522
269.28765,7.523710545455075
269.48195,7.649318626262437
269.483,7.649997414141715
269.483001,7.649998060605992
269.483002,7.649998707070858
269.483003,7.649999353535135
269.483004,7.65
269.68,7.514855022534108
269.6827,7.513002744116479
269.682701,7.513002058087204
269.682702,7.513001372057928
269.682703,7.513000686029276
269.682704,7.513
269.878,7.187672480896155
269.879,7.18600666326973
269.879001,7.18600499745154
269.879002,7.186003331634865
269.879003,7.186001665816675
269.879004,7.186
270.076,6.849373872597448
270.0768,6.848006835186263
270.076801,6.84800512638892
270.076802,6.848003417593132
270.076803,6.848001708795788
270.076804,6.848
270.274,6.7922836730577
270.275,6.792001130171669
270.275001,6.792000847628688
270.275002,6.792000565085963
270.275003,6.792000282542982
270.275004,6.792
270.2777,6.794587070706656
270.472,6.981036565656813
270.473,6.981996161616608
270.473001,6.98199712121202
270.473002,6.981998080808304
270.473003,6.981999040404588
270.473004,6.982
270.67,6.785003999999737
270.671,6.7840040000004445
270.671001,6.784003000000106
270.671002,6.784001999999767
270.671003,6.784001000000338
270.671004,6.784
270.868,6.762292451790623
270.87065,6.762000440771299
270.870651,6.762000330578425
270.870652,6.76200022038565
270.870653,6.762000110192775
270.870654,6.7620000000000005
271.066,6.692357932263722
271.067,6.69200142602479
271.067001,6.692001069518755
271.067002,6.692000713012395
271.067003,6.692000356506036
271.067004,6.692
271.264,6.61839381974226
271.26505,6.618001494571905
271.265051,6.618001120929098
271.265052,6.618000747285953
271.265053,6.618000373642807
271.265054,6.618
271.2696,6.619239818181849
271.462,6.671712545454465
271.46305,6.671998909090788
271.463051,6.671999181818153
271.463052,6.671999454545517
271.463053,6.671999727272635
271.463054,6.672
271.66005,6.775394317436025
271.6612,6.775997900580135
271.661201,6.775998425435221
271.661202,6.775998950290306
271.661203,6.775999475144914
271.661204,6.776
271.85805,6.854599110437304
271.85905,6.8549984028306135
271.859051,6.854998802122778
271.859052,6.854999201415307
271.859053,6.854999600707835
271.859054,6.855
272.05605,6.985018854469981
272.2545,7.115997359969962
272.254501,7.115998019977171
272.254502,7.1159986799849815
272.254503,7.115999339992791
272.254504,7.1160000000000005
272.2572,7.116504307381281
272.4523,7.152999251769551
272.452301,7.152999438827249
272.452302,7.152999625884776
272.452303,7.152999812942474
272.452304,7.1530000000000005
272.45505,7.155135777777865
272.4554,7.155408000000284
272.6503,7.306996888889251
272.650301,7.306997666666584
272.650302,7.306998444444625
272.650303,7.306999222221959
272.650304,7.307
272.6532,7.307496791120076
272.8485,7.3409993138245
272.848501,7.340999485368297
272.848502,7.34099965691225
272.848503,7.340999828456203
272.848504,7.341
272.8531,7.3371196562186
273.0463,7.174003377148243
273.046301,7.174002532861566
273.046302,7.174001688574122
273.046303,7.174000844286677
273.046304,7.174
273.0492,7.177539555555507
273.2443,7.415995111110568
273.244301,7.415996333333204
273.244302,7.41599755555584
273.244303,7.415998777777364
273.244304,7.416
273.2472,7.414917656565672
273.4423,7.342001494949661
273.442301,7.342001121212161
273.442302,7.342000747475001
273.442303,7.342000373737501
273.442304,7.342
273.44505,7.341944525252542
273.44535,7.341938464646469
273.6403,7.338000080808071
273.640301,7.3380000606060625
273.640302,7.338000040404036
273.640303,7.338000020202009
273.640304,7.338
273.6432,7.341272151324039
273.83855,7.56199548045347
273.838551,7.561996610340359
273.838552,7.561997740227249
273.838553,7.5619988701131104
273.838554,7.562
273.8412,7.559323893805401
274.0363,7.36200404551246
274.036301,7.362003034134115
274.036302,7.36200202275669
274.036303,7.362001011378345
274.036304,7.362
274.0392,7.361985373737374
274.2343,7.361000020202018
274.234301,7.361000015151515
274.234302,7.361000010101009
274.234303,7.361000005050502
274.234304,7.361
274.2372,7.3630325372380465
274.43235,7.49999719262845
274.432351,7.499997894471019
274.432352,7.499998596314225
274.432353,7.499999298157432
274.432354,7.5
274.43505,7.503063636364165
274.43535,7.503404545454729
274.63035,7.72499545454495
274.630351,7.724996590908971
274.630352,7.724997727272992
274.630353,7.72499886363598
274.630354,7.725
274.63325,7.723990787878803
274.82835,7.656001393939549
274.828351,7.656001045454583
274.828352,7.656000696969934
274.828353,7.656000348484967
274.828354,7.656000000000001
274.83125,7.656935136226024
275.02655,7.719998708375234
275.026551,7.7199990312815
275.026552,7.71999935418747
275.026553,7.719999677093735
275.026554,7.72
275.02925,7.72119943377129
275.22435,7.807998220424474
275.224351,7.807998665318456
275.224352,7.807999110212439
275.224353,7.807999555106017
275.224354,7.808
275.22725,7.809102133199786
275.42405,7.883998477716406
275.424051,7.883998858287391
275.424052,7.8839992388580304
275.424053,7.883999619429015
275.424054,7.884
275.4267,7.883393428425898
275.42685,7.883359042282275
275.62035,7.839000916963725
275.620351,7.839000687722898
275.620352,7.839000458481863
275.620353,7.839000229240828
275.620354,7.839
275.62325,7.842886659939412
275.81855,8.104994631685791
275.818551,8.104995973763733
275.818552,8.104997315842896
275.818553,8.104998657922058
275.818554,8.105
275.82125,8.104169414141271
276.01655,8.04400123232337
276.016551,8.044000924242457
276.016552,8.044000616161545
276.016552999,8.044000308080912
276.016554,8.044
276.01925,8.047012214357448
276.21435,8.264995530839752
276.214351,8.264996648129305
276.214352,8.264997765419876
276.214353,8.26499888270943
276.214354,8.265
276.21725,8.266358527112214
276.4126,8.357998123581128
276.412601,8.357998592685954
276.412602,8.357999061790352
276.412603,8.357999530895176
276.412604,8.358
276.41715,8.357586727272716
276.41725,8.35757763636369
276.6106,8.340000363636321
276.610601,8.340000272727282
276.610602,8.34000018181816
276.610603,8.340000090909038
276.610604,8.34
276.613299999,8.337943959595606
276.8086,8.18900305050539
276.808601,8.18900228787887
276.808602,8.189001525252348
276.808603,8.18900076262652
276.808604,8.189
276.8113,8.192145333332814
277.0066,8.419995333332814
277.006601,8.419996499999876
277.006602,8.419997666665877
277.006602999,8.419998833332938
277.006604,8.42
277.00925,8.418717090909128
277.2046,8.324001939393714
277.204601,8.324001454545506
277.204602,8.324000969696856
277.204603,8.324000484848208
277.204604,8.324
277.20485,8.32381984848447
277.4026,8.179002929293254
277.402601,8.179002196969774
277.402602,8.179001464646294
277.402603,8.17900073232348
277.402604,8.179
277.40525,8.181011306317576
277.4054,8.18112532594998
277.60125,8.329996959476128
277.601251,8.329997719607269
277.601252,8.329998479737718
277.601253,8.32999923986886
277.601254,8.33
277.6039,8.329839108183435
277.7986,8.318000243222672
277.798601,8.318000182417032
277.798602,8.318000121611336
277.798603,8.31800006080564
277.798604,8.318
277.8013,8.317768525252484
277.996599999,8.301000343434382
277.996601,8.301000257575767
277.996602,8.301000171717153
277.996603,8.301000085858615
277.996603999,8.301
278.00115,8.305290194297358
278.1941,8.48738280090803
278.19475,8.487996225081588
278.194751,8.487997168811406
278.194752,8.487998112540366
278.194753,8.487999056270182
278.194754,8.488
278.3921,8.67832106033826
278.3928,8.678996142387858
278.392801,8.678997106791112
278.392802,8.67899807119349
278.392803,8.678999035596746
278.392804,8.679
278.39545,8.680979317664837
278.59065,8.826997007834565
278.590651,8.826997755875585
278.590652,8.826998503917283
278.590653,8.826999251958982
278.590654,8.827
278.5933,8.82456965934906
278.78815,8.645600696442452
278.7888,8.645003673984764
278.788801,8.645002755488363
278.788802,8.645001836991964
278.788803,8.645000918496399
278.788804,8.645
278.988,8.43500421686794
278.988001,8.435003162650714
278.988001999,8.43500210843349
278.988003,8.435001054217224
278.988004,8.435
278.990699999,8.435589514365528
279.18465,8.477999125349708
279.184651,8.477999344012181
279.184652,8.477999562674853
279.184653,8.477999781337527
279.184654,8.478
279.18485,8.478085345345328
279.38375,8.564693453453435
279.38445,8.564998258258065
279.384451,8.564998693693648
279.384452,8.56499912912923
279.384453,8.564999564564417
279.384454,8.565
279.3871,8.566200581187829
279.5806,8.653998185062663
279.580601,8.653998638796791
279.580602,8.65399909253133
279.580603,8.65399954626546
279.580604,8.654
279.5833,8.659304944501432
279.77815,9.042713118063574
279.7788,9.043992129163378
279.778801,9.043994096871636
279.778802,9.04399606458169
279.778803,9.04399803229174
279.778804,9.044
279.9773,8.992001047859059
279.977301,8.992000785894236
279.977302,8.992000523929411
279.977303,8.992000261964826
279.977304,8.992
279.98,8.990784170256086
280.17465,8.903001803901489
280.174651,8.90300135292632
280.174652,8.903000901950744
280.174653,8.903000450975167
280.174654,8.903
280.17485,8.902938182728423
280.3738,8.840190498122888
280.3744,8.840001261577111
280.374401,8.840000946182762
280.374402,8.8400006307887
280.374403,8.840000315394349
280.374404,8.84
280.3771,8.83858646983988
280.57015,8.737369111733289
280.57085,8.737002097225513
280.570851,8.737001572919374
280.570852,8.737001048612758
280.570853,8.73700052430614
280.570854,8.737
280.76815,8.721056888888892
280.76885,8.72100032323236
280.768851,8.721000242424251
280.768852,8.721000161616143
280.768853,8.721000080808109
280.768854,8.721
280.96775,8.772816593186361
280.96845,8.772998957915716
280.968451,8.772999218436846
280.968452,8.772999478957976
280.968453,8.77299973947887
280.968454,8.773
281.1642,8.754058446651372
281.1648,8.754000387063959
281.164801,8.754000290297947
281.164802,8.754000193531935
281.164803,8.754000096766012
281.164804,8.754
281.3622,8.68720438383833
281.3628,8.687001353535196
281.362801,8.687001015151242
281.362802,8.687000676767598
281.362803,8.687000338383644
281.362804,8.687
281.36745,8.686390073213792
281.5602,8.661085857106723
281.56085,8.661000525119858
281.560851,8.661000393839833
281.560852,8.661000262559929
281.560853,8.661000131279904
281.560854,8.661
281.75815,8.6091848888889
281.75885,8.60900105050493
281.758851,8.609000787878816
281.758852,8.609000525252464
281.758853,8.60900026262635
281.758854,8.609
281.95615,8.56416000000001
281.95685,8.56400090909101
281.956851,8.564000681818206
281.956852,8.564000454545402
281.956853,8.564000227272805
281.956854,8.564
282.1542,8.63277209090927
282.15485,8.632998606060768
282.154851,8.632998954545736
282.154852,8.632999303030385
282.154853,8.632999651515352
282.154854,8.633000000000001
282.3526,8.786492358871369
282.35325,8.786996895161652
282.353251,8.786997671370885
282.353252,8.786998447580826
282.353253,8.786999223790767
282.353254,8.787
282.3559,8.787990910931141
282.5502,8.860755080971513
282.55085,8.860998502024126
282.550851,8.86099887651818
282.550852,8.860999251011894
282.550853,8.860999625505947
282.550854,8.861
282.7482,9.096042422406978
282.748999999,9.096995235931844
282.749001,9.096996426949154
282.749001999,9.09699761796538
282.749003,9.09699880898269
282.749003999,9.097
282.9462,9.24849755875633
282.94685,9.248996926964532
282.946851,9.248997695223574
282.946852,9.248998463482616
282.946853,9.248999231740958
282.946854,9.249
283.1442,8.616097424243689
283.14485,8.614012828284254
283.144851,8.614009621212462
283.144852,8.614006414143587
283.144853,8.614003207071793
283.144854,8.614
283.3422,8.614
283.34285,8.614
283.342851,8.614
283.342852,8.614
283.342853,8.614
283.342854,8.614
283.3455,8.618209545454402
283.5402,8.927959545453918
283.54085,8.928993636362929
283.540851,8.928995227272559
283.540852,8.928996818182188
283.540853,8.92899840909037
283.540854,8.929
283.7382,8.663878606061136
283.738849999,8.66300537373797
283.738851,8.663004030303172
283.738851999,8.663002686869596
283.738853,8.663001343434798
283.738854,8.663
283.9362,8.598263739591003
283.937,8.598001312137118
283.937001,8.59800098410269
283.937002,8.59800065606856
283.937003,8.59800032803413
283.937004,8.598
284.13425,8.510379363957547
284.1351,8.51000177688056
284.135101,8.51000133266032
284.135102,8.510000888440079
284.135103,8.51000044422024
284.135104,8.51
284.3322,8.44286988229391
284.33475,8.442001362384014
284.334751,8.442001021788165
284.334752,8.442000681192008
284.334753,8.442000340595849
284.334754,8.442
284.33745,8.44044686209507
284.53025,8.329376762681848
284.5309,8.329002304359166
284.530901,8.329001728269244
284.530902,8.329001152179845
284.530903,8.329000576089923
284.530904,8.329
284.72825,8.305097380772061
284.72905,8.305000484481397
284.729051,8.305000363360993
284.729052,8.305000242240698
284.729053,8.305000121120294
284.729054,8.305
284.92625,8.07095424242453
284.92705,8.070004747474195
284.927051,8.070003560606187
284.927052,8.070002373737099
284.927053,8.070001186869089
284.927054,8.07
285.12425,7.845687057633791
285.12485,7.845004550050027
285.124851,7.845003412538038
285.124852,7.845002275025013
285.124853,7.845001137511989
285.124854,7.845
285.32225,7.953594948737356
285.3248,7.954997799449618
285.324801,7.954998349587338
285.324802,7.95499889972506
285.324803,7.95499944986228
285.324804,7.955
285.3275,7.953597695053774
285.52025,7.853340173381133
285.5209,7.853002080571368
285.520901,7.853001560428408
285.520902,7.853001040285448
285.520903,7.85300052014296
285.520904,7.853
285.71825,7.697632975019117
285.71905,7.697003149129798
285.719051,7.6970023618471695
285.719052,7.697001574565257
285.719053,7.697000787282628
285.719054,7.697
285.91625,7.48685678787808
285.91705,7.486004262625767
285.917051,7.4860031969698095
285.917052,7.486002131312883
285.917053,7.486001065655957
285.917054,7.486
286.11425,7.413296424242514
286.11505,7.413001474747639
286.115051,7.413001106060645
286.115052,7.413000737373652
286.115053,7.413000368686994
286.115054,7.413
286.31225,7.276625179202104
286.31315,7.276002766279335
286.313151,7.276002074709815
286.313152,7.2760013831396675
286.313153,7.276000691569519
286.313154,7.276
286.31785,7.272537185854047
286.5116,7.12966660647069
286.5125,7.1290029495858125
286.512501,7.129002212189024
286.512502,7.129001474792907
286.512503,7.129000737396118
286.512504,7.129
286.7083,6.921639674134247
286.7089,6.921004236253017
286.708901,6.921003177189522
286.708902,6.921002118126991
286.708903,6.921001059063495
286.708904,6.921
286.9063,6.86421689629086
286.90705,6.864001150643579
286.907051,6.86400086298262
286.907052,6.864000575321921
286.907053,6.86400028766096
286.907054,6.864
287.10425,6.812276459016472
287.1053,6.812001049180206
287.105301,6.812000786885274
287.105302,6.812000524590103
287.105303,6.812000262295171
287.105304,6.812
287.30225,6.610922961840231
287.30315,6.610004083902401
287.303151,6.610003062926568
287.303152,6.610002041951665
287.303153,6.610001020975832
287.303154,6.61
287.3058,6.606218090909204
287.50025,6.328292080807422
287.50115,6.327005717171053
287.501151,6.32700428787894
287.501152,6.327002858585527
287.501153,6.327001429292113
287.501154,6.327
287.6983,6.072971551288127
287.69905,6.072005154117643
287.699051,6.072003865588818
287.699052,6.0720025770588215
287.699053,6.0720012885299965
287.699054,6.072
287.8963,5.8050879676852585
287.8971,5.804005412773924
287.897101,5.804004059581057
287.897102,5.804002706386962
287.897103,5.804001353192866
287.897104,5.804
288.0943,5.794040606060618
288.0951,5.794000202020225
288.095101,5.794000151515157
288.095102,5.79400010101009
288.095103,5.794000050505068
288.095104,5.7940000000000005
288.2923,5.6039675277494965
288.2933,5.603003854692658
288.293301,5.603002891019274
288.293302,5.603001927345891
288.293303,5.603000963673384
288.293304,5.603
288.296,5.598096953908614
288.4903,5.2447357314633765
288.4929,5.240007274548253
288.492901,5.240005455912017
288.492902,5.240003637274127
288.492903,5.24000181863789
288.492904,5.24
288.6883,5.348415189615516
288.68935,5.348997780605505
288.689351,5.348998335454255
288.689352,5.348998890302501
288.689353,5.34899944515125
288.689354,5.349
288.8863,5.368918685208664
288.8871,5.368999595448845
288.887101,5.36899969658668
288.887102,5.368999797724423
288.887103,5.368999898862257
288.887104,5.369
289.08595,5.275378542449401
289.08675,5.275001883295977
289.086751,5.275001412471876
289.086752,5.275000941647774
289.086753,5.275000470824102
289.086754,5.275
289.2823,5.310816107860643
289.2833,5.31099926736208
289.283301,5.310999450521476
289.283302,5.31099963368104
289.283303,5.310999816840603
289.283304,5.311
289.286,5.308658611461344
289.4803,5.139915364806334
289.48135,5.139003473869831
289.481351,5.139002605402768
289.481352,5.139001736934916
289.481353,5.139000868467063
289.481354,5.139
289.6783,5.095223167466675
289.6793,5.095000889113512
289.679301,5.095000666835083
289.679302,5.095000444556857
289.679303,5.095000222278428
289.679304,5.095
289.8763,5.071127725321924
289.87735,5.071000484726133
289.877351,5.071000363544572
289.877352,5.071000242363121
289.877353,5.0710001211815605
289.877354,5.071
290.07435,5.211285030303213
290.07535,5.211997151515482
290.075351,5.211997863636288
290.075352,5.211998575757741
290.075353,5.211999287879194
290.075354,5.212
290.27315,5.142353521126669
290.27415,5.1420014084505405
290.274151,5.142001056338066
290.274152,5.1420007042252704
290.274153,5.142000352112795
290.274154,5.142
290.27685,5.142765598377413
290.47035,5.197714888437951
290.47135,5.197998864097237
290.471351,5.197999148072992
290.471352,5.19799943204849
290.471353,5.197999716024245
290.471354,5.198
290.66835,5.487524424242803
290.66935,5.488994121212804
290.669351,5.488995590908935
290.669352,5.488997060606402
290.669353,5.48899853030387
290.669354,5.489
290.86635,5.1855465656561615
290.86735,5.184006161616847
290.867351,5.184004621212285
290.867352,5.184003080807723
290.867353,5.184001540404562
290.867354,5.184
291.06435,5.216874174462607
291.0651,5.2169993324904445
291.065101,5.216999499367872
291.065102,5.2169996662451465
291.065103,5.216999833122574
291.065104,5.2170000000000005
291.26235,5.583136332913468
291.26335,5.5849925750323886
291.263351,5.584994431273447
291.263352,5.584996287516194
291.263353,5.584998143757253
291.263354,5.585
291.26795,5.58112357575778
291.46035,5.418846808081354
291.46135,5.418003373737749
291.461351,5.41800253030312
291.461352,5.418001686868491
291.461353,5.418000843434629
291.461354,5.418
291.65835,5.528200609801985
291.8582,5.639997762378483
291.858201,5.63999832178399
291.858202,5.639998881188987
291.858203,5.639999440594494
291.858204,5.64
291.86115,5.642726394522965
292.05435,5.821524568964824
292.2526,6.004996298174031
292.252601,6.004997223630733
292.252602,6.004998149086594
292.252603,6.0049990745432975
292.252604,6.005
292.2555,6.005862949494941
292.4506,6.063998808080947
292.450601,6.063999106060575
292.450602,6.063999404040473
292.450603,6.063999702020372
292.450604,6.064
292.45335,6.065428114112658
292.45365,6.065584135319267
292.64865,6.166997919717485
292.648651,6.166998439787877
292.648652,6.166998959858742
292.648653,6.166999479929608
292.648654,6.167
292.65155,6.167219393939391
292.84665,6.181999696969664
292.846651,6.181999772727265
292.846652,6.181999848484867
292.846653,6.181999924242399
292.846654,6.182
292.84955,6.183652767676753
293.04465,6.294997717171983
293.044651,6.294998287879246
293.044652,6.294998858585991
293.044653,6.294999429293255
293.044654,6.295
293.04755,6.296621467844118
293.2429,6.405997760403791
293.242901,6.405998320302588
293.242902,6.405998880201896
293.242903,6.405999440100693
293.242904,6.406
293.24555,6.406040141592919
293.44065,6.4089999393173125
293.440651,6.408999954487988
293.440652,6.408999969658663
293.440653,6.408999984829324
293.440654,6.409
293.4434,6.407945979797932
293.4437,6.407830828282896
293.63865,6.3330015353533575
293.638651,6.333001151514844
293.638652,6.333000767676679
293.638653,6.333000383838165
293.638654,6.333
293.64155,6.333972591478682
293.83815,6.399998656641455
293.838151,6.399998992481168
293.838152,6.399999328320575
293.838153,6.399999664160288
293.838154,6.4
293.84085,6.401577811704577
294.03465,6.51499765903282
294.034651,6.514998244274747
294.034652,6.514998829516144
294.034653,6.514999414758072
294.034654,6.515000000000001
294.03755,6.513495394703672
294.2329,6.412002078183869
294.232901,6.4120015586381385
294.232902,6.412001039091935
294.232903,6.412000519545731
294.232904,6.412
294.23745,6.419908085967325
294.43065,6.755993041720151
294.430651,6.755994781289322
294.430652,6.755996520860076
294.430653,6.755998260429247
294.430654,6.756
294.4334,6.7586489191920265
294.4337,6.758938313131128
294.62865,6.946996141413712
294.628651,6.946997106060504
294.628652,6.946998070706417
294.628653,6.946999035353209
294.628654,6.947
294.63155,6.94624039344263
294.8269,6.895001049180206
294.826901,6.895000786885274
294.826902,6.895000524590103
294.826903,6.895000262294933
294.826904,6.8950000000000005
294.8296,6.894809373737341
295.0249,6.881000282828315
295.024901,6.88100021212122
295.024902,6.881000141414125
295.024903,6.881000070707095
295.024904,6.881
295.0276,6.880755526448402
295.2234,6.863000362720362
295.223401,6.86300027204023
295.223402,6.863000181360181
295.223403,6.86300009068005
295.223404,6.863
295.22635,6.860464202531201
295.4209,6.693003443037575
295.420901,6.693002582278573
295.420902,6.693001721518788
295.420903,6.693000860759002
295.420904,6.6930000000000005
295.4236,6.693204448938357
295.42375,6.693215824064737
295.6187,6.707999696663332
295.618701,6.707999772497464
295.618702,6.707999848331666
295.618703,6.707999924165867
295.618704,6.708
295.6236,6.70241727547891
295.8169,6.482004561049952
295.816901,6.482003420787205
295.816902,6.482002280525495
295.816903,6.482001140262748
295.816904,6.482
295.8196,6.483838181817887
296.014899999,6.616997272727589
296.014901,6.616997954545382
296.014902,6.616998636363795
296.014903,6.616999318182208
296.014903999,6.617
296.0176,6.619689209068472
296.2134,6.814996010075124
296.213401,6.81499700755657
296.213402,6.814998005037109
296.213403,6.8149990025185545
296.213404,6.815
296.21605,6.816152182278448
296.4109,6.90099825822805
296.410901,6.900998693671236
296.410902,6.900999129114025
296.410903,6.90099956455721
296.410904,6.901
296.4136,6.899527967643834
296.4138,6.899418766430764
296.6087,6.79300218402451
296.608701,6.793001638018258
296.608702,6.793001092012504
296.608703,6.793000546006252
296.608704,6.793
296.6116,6.792620100908178
296.8069,6.767000524722561
296.806901,6.767000393541891
296.806902,6.76700026236134
296.806903,6.76700013118067
296.806904,6.767
296.8096,6.774134868685725
297.0049,7.290989414142644
297.004900999,7.290992060608187
297.004902,7.290994707071323
297.004903,7.290997353536865
297.004904,7.291
297.0076,7.291122421796187
297.20245,7.299970302724502
297.2031,7.299999818365267
297.203101,7.29999986377396
297.203102,7.299999909182612
297.203103,7.299999954591306
297.203104,7.3
297.40095,7.415997654789255
297.400951,7.415998241091675
297.400952,7.415998827394628
297.400953,7.415999413697047
297.400954,7.416
297.4036,7.417202727272686
297.40375,7.417270909090799
297.59895,7.50599818181798
297.598951,7.505998636363588
297.598952,7.505999090908784
297.598953,7.505999545454392
297.598954,7.506
297.6016,7.50694881818179
297.79695,7.576998565656733
297.796951,7.576998924242386
297.796952,7.576999282828366
297.796953,7.576999641414346
297.796954,7.577
297.7996,7.579098090909019
297.99495,7.733996828283197
297.994950999,7.733997621212037
297.994952,7.733998414141598
297.994953,7.733999207070439
297.994954,7.734
297.9995,7.734482151515163
298.19295,7.754999575757528
298.192951,7.754999681818171
298.192952,7.754999787878716
298.192953,7.754999893939358
298.192954,7.755
298.19315,7.755052464646454
298.39095,7.807998929293054
298.390951,7.807999196969669
298.390952,7.807999464646526
298.390953,7.807999732323385
298.390954,7.808
298.3936,7.806409727272782
298.39375,7.806319575757175
298.58895,7.689002404040671
298.588951,7.689001803030367
298.588952,7.689001202020062
298.588953,7.689000601010305
298.588954,7.689
298.59165,7.688768700479473
298.78645,7.672056109008362
298.7871,7.6720003431744015
298.787101,7.672000257380782
298.787102,7.672000171587162
298.787103,7.67200008579362
298.787104,7.672000000000001
298.986499999,7.660000240722138
298.986501,7.660000180541632
298.986502,7.66000012036107
298.986503,7.660000060180508
298.986503999,7.66
298.98945,7.663086071701539
299.18245,7.865262527333734
299.18315,7.865995809814878
299.183151,7.865996857361635
299.183152,7.86599790490744
299.183153,7.865998952454197
299.183154,7.866
299.3805,7.744402969696652
299.38115,7.744002464646178
299.381151,7.744001848484913
299.381152,7.744001232323089
299.381153,7.744000616161824
299.381154,7.744
299.3838,7.74466868840028
299.579,7.79399898913307
299.579001,7.79399924184986
299.579002,7.79399949456642
299.579003,7.793999747283211
299.579004,7.794
299.58255,7.796791703255054
299.7765,7.9494851173357555
299.77715,7.949996850870919
299.777151,7.9499976381535475
299.777152,7.949998425435459
299.777153,7.949999212718088
299.777154,7.95
299.97495,8.039998179979577
299.974951,8.039998634984785
299.974952,8.039999089989582
299.974953,8.03999954499479
299.974954,8.040000000000001
299.97955,8.037216654050095
300.1725,7.920365783497254
300.1731,7.920002422406986
300.173101,7.920001816805515
300.173102,7.920001211203493
300.173103,7.920000605601471
300.173104,7.92
300.3705,8.254890462005417
300.37115,8.255993213835678
300.371151,8.255994910375987
300.371152,8.25599660691784
300.371153,8.255998303459691
300.371154,8.256
300.37575,8.254327460196878
300.569,8.184001455648382
300.569001,8.184001091736203
300.569002,8.184000727824026
300.569003,8.18400036391218
300.569004,8.184000000000001
300.5717,8.184476204895205
300.7665,8.218884481453374
300.76715,8.218999293464467
300.767151,8.21899947009839
300.767152,8.218999646732154
300.767153,8.218999823366076
300.767154,8.219
300.96455,8.237937258268076
300.9652,8.237999616258477
300.965201,8.23799971219388
300.965202,8.237999808129194
300.965203,8.237999904064598
300.965204,8.238
301.1625,8.412421823692503
301.16315,8.41299646375308
301.163151,8.412997347815011
301.163152,8.412998231876943
301.163153,8.412999115938069
301.163154,8.413
301.3621,8.303360420841901
301.36275,8.303002204408562
301.362751,8.303001653306673
301.362752,8.30300110220428
301.362753,8.303000551102391
301.362754,8.303
301.3654,8.302973054989819
301.55855,8.30100615071283
301.55915,8.301000040733193
301.559151,8.301000030549899
301.559152,8.301000020366597
301.559153,8.301000010183294
301.559154,8.301
301.75655,8.253146424242384
301.75715,8.253000969697078
301.757151,8.253000727272752
301.757152,8.253000484848428
301.757153,8.253000242424324
301.757154,8.253
301.95455,8.164293895481116
301.9552,8.164001797526076
301.955201,8.164001348144456
301.955202,8.164000898762835
301.955203,8.164000449381621
301.955204,8.164
302.1525,8.084264309168773
302.15315,8.084001616569653
302.153151,8.084001212427424
302.153152,8.084000808284825
302.153153,8.084000404142229
302.153154,8.084
302.3516,8.280352898041695
302.35225,8.280996042190315
302.352251,8.280997031643187
302.352252,8.280998021095158
302.352253,8.28099901054803
302.352254,8.281
302.3549,8.273409291698668
302.5485,7.71801959888308
302.5492,7.716011474994929
302.549201,7.716008606245545
302.549202,7.71600573749616
302.549203,7.716002868749385
302.549204,7.716
302.74655,7.861444300858381
302.7473,7.861997051994285
302.747301,7.861997788995379
302.747302,7.8619985259971426
302.747303,7.861999262998906
302.747304,7.862
302.94455,8.00452742799431
302.9452,8.004997109651676
302.945201,8.004997832238429
302.945202,8.004998554825839
302.945203,8.004999277413248
302.945204,8.005
303.14255,8.06771272635547
303.14345,8.067998728877537
303.143451,8.067999046658226
303.143452,8.067999364438913
303.143453,8.067999682219313
303.143454,8.068
303.3416,7.759019818914097
303.34225,7.75800623742524
303.342251,7.758004678068576
303.342252,7.758003118713329
303.342253,7.758001559356665
303.342254,7.758
303.3449,7.758738918507213
303.53855,7.812817364813547
303.5392,7.812998882965349
303.539201,7.812999162223885
303.539202,7.812999441482674
303.539203,7.81299972074121
303.539204,7.813
303.73655,7.900642937168703
303.737349999,7.9009982235678065
303.737351,7.900998667675956
303.737351999,7.900999111784105
303.737353,7.90099955589185
303.737354,7.901
303.93455,7.597008188020437
303.9352,7.596006166286875
303.935201,7.596004624714455
303.935202,7.596003083143437
303.935203,7.596001541571018
303.935204,7.596
304.13255,7.924578102925011
304.1334,7.925993340059804
304.133401,7.925995005045232
304.133402,7.9259966700291455
304.133403,7.925998335014572
304.133404,7.926
304.33055,7.654246109568906
304.33145,7.653005513759765
304.331451,7.65300413531951
304.331452,7.653002756880509
304.331453,7.653001378440255
304.331454,7.653
304.33405,7.653761405815238
304.52855,7.710808182048191
304.5292,7.710998826801654
304.529201,7.710999120101107
304.529202,7.710999413400827
304.529203,7.710999706700547
304.529204,7.711
304.7273,7.536707390648781
304.7281,7.536003519356852
304.728101,7.536002639517439
304.728102,7.536001759678026
304.728103,7.536000879839413
304.728104,7.536
304.92455,7.373705534718613
304.9254,7.373003304611882
304.925401,7.373002478459287
304.925402,7.373001652305941
304.925403,7.373000826152594
304.925404,7.373
305.1226,7.486508427164921
305.12345,7.486997697551391
305.123451,7.486998273163282
305.123452,7.486998848775696
305.123453,7.486999424388109
305.123454,7.487
305.3206,7.415310545454505
305.32145,7.415001454545616
305.321451,7.415001090909129
305.321452,7.415000727272643
305.321453,7.415000363636487
305.321454,7.415
305.32405,7.416404662452734
305.5186,7.521673183311859
305.5192,7.521997835650835
305.519201,7.521998376738249
305.519202,7.521998917825171
305.519203,7.521999458912585
305.519204,7.522
305.71795,7.264043527936999
305.71875,7.26300519168068
305.718751,7.2630038937611
305.718752,7.26300259584034
305.718753,7.26300129791958
305.718754,7.263
305.9146,6.920406437832551
305.9154,6.91900699720234
305.915401,6.91900524790096
305.915402,6.91900349860117
305.915403,6.91900174929979
305.915404,6.9190000000000005
306.1126,6.980685933400403
306.1136,6.980998748738509
306.113601,6.980999061553953
306.113602,6.980999374369112
306.113603,6.980999687184556
306.113604,6.981
306.3106,6.572769724538568
306.31145,6.571008289106946
306.311451,6.571006216831152
306.311452,6.5710041445534735
306.311453,6.571002072275794
306.311454,6.571
306.31415,6.574118101010638
306.5086,6.799012292929421
306.50945,6.799995373736859
306.509451,6.799996530302908
306.509452,6.799997686868956
306.509453,6.799998843433952
306.509454,6.8
306.7066,6.969309522606508
306.7074,6.969996564789487
306.707401,6.969997423591725
306.707402,6.969998282394744
306.707403,6.969999141196981
306.707404,6.97
306.9046,6.924186787878845
306.9054,6.924000929293033
306.905401,6.924000696969722
306.905402,6.924000464646622
306.905403,6.924000232323311
306.905404,6.924
307.10265,6.752871061790444
307.10365,6.752003470365296
307.103651,6.752002602774367
307.103652,6.752001735182648
307.103653,6.7520008675909295
307.103654,6.752
307.30155,6.801772635815007
307.30245,6.8019989939639
307.302451,6.80199924547281
307.302452,6.80199949698195
307.302453,6.80199974849109
307.302454,6.8020000000000005
307.30505,6.799325612788355
307.4986,6.599931296624746
307.4995,6.599004120781049
307.499501,6.599003090585319
307.499501999,6.599002060390524
307.499503,6.599001030194794
307.499504,6.599
307.6966,6.414751591712363
307.6974,6.414003739261819
307.697401,6.414002804446789
307.697402,6.414001869630909
307.697403,6.4140009348150295
307.697404,6.414
307.8946,6.233734969697192
307.8954,6.233003656566064
307.895401,6.23300274242434
307.895402,6.2330018282826165
307.895403,6.233000914141724
307.895404,6.2330000000000005
308.0926,6.162377472887873
308.09365,6.162001432534837
308.093651,6.162001074401047
308.093652,6.162000716267581
308.093653,6.162000358133791
308.093654,6.162
308.2906,6.117239545454614
308.29165,6.117000909090804
308.291651,6.117000681818206
308.291652,6.117000454545401
308.291653,6.117000227272597
308.291654,6.117
308.2943,6.116050462471603
308.48865,6.046306464493263
308.4895,6.046001435431042
308.489501,6.0460010765732
308.489502,6.0460007177156845
308.489503,6.046000358857842
308.489504,6.046
308.68665,5.931582689881254
308.68765,5.931002321473361
308.687651,5.931001741104757
308.687652,5.931001160736681
308.687653,5.931000580368076
308.687654,5.931
308.88465,5.9957357937309625
308.88545,5.995998685540805
308.885451,5.995999014155679
308.885452,5.995999342770253
308.885453,5.995999671385127
308.885454,5.996
309.08265,6.055696064581035
309.08365,6.055998789101783
309.083651,6.055999091826406
309.083652,6.055999394551029
309.083653,6.055999697275377
309.083654,6.056
309.28065,6.312691757576094
309.28165,6.313994787879394
309.281651,6.313996090910138
309.281652,6.3139973939396965
309.281653,6.313998696970441
309.281654,6.314
309.28435,6.309026333079763
309.47865,5.95057548647945
309.4795,5.949007379328593
309.479501,5.949005534496026
309.479502,5.949003689663458
309.479503,5.949001844832567
309.479504,5.949
309.67665,5.817668826646911
309.67765,5.817002664648291
309.677651,5.817001998486067
309.677652,5.817001332324448
309.677653,5.817000666162224
309.677654,5.817
309.87465,5.855802242424293
309.87565,5.855999212121303
309.875651,5.855999409090888
309.875652,5.855999606060652
309.875653,5.855999803030415
309.875654,5.856
310.07375,5.972410005022223
310.07475,5.97299764942214
310.074751,5.972998237066738
310.074752,5.972998824710802
310.074753,5.972999412355401
310.074754,5.973
310.27065,5.782027509520472
310.2717,5.781003899466416
310.271701,5.781002924600256
310.271702,5.781001949733208
310.271703,5.781000974867047
310.271704,5.781
310.27435,5.779222636363697
310.46865,5.6487079898991865
310.4697,5.648002686868985
310.469701,5.648002015151586
310.469702,5.648001343434798
310.469703,5.648000671717399
310.469704,5.648
310.6667,5.416181474747171
310.6677,5.41500470707016
310.667701,5.415003530303156
310.667702,5.41500235353508
310.667703,5.415001176767005
310.667704,5.415
310.8647,5.427934080808098
310.8657,5.4279997373737086
310.865701,5.427999803030296
310.865702,5.427999868686884
310.865703,5.427999934343412
310.865704,5.428
311.0627,5.43297464646463
311.0637,5.432999898989888
311.063701,5.432999924242421
311.063702,5.432999949494932
311.063703,5.432999974747466
311.063704,5.433
311.2607,5.210135838383547
311.2617,5.209004525252
311.261701,5.209003393939515
311.261702,5.209002262626
311.261703,5.209001131312486
311.261704,5.2090000000000005
311.2663,5.207909030302872
311.45865,5.162250191919261
311.4597,5.162000949495055
311.459701,5.1620007121212375
311.459702,5.162000474747419
311.459703,5.162000237373817
311.459704,5.162
311.65665,5.108683815306704
311.85495,5.055001082858824
311.854951,5.055000812143994
311.854952,5.055000541429412
311.854953,5.055000270714583
311.854954,5.055
311.85785,5.050948525252582
312.0527,4.778355343433764
312.25095,4.501005595960218
312.250951,4.501004196969846
312.250952,4.501002797980745
312.250953,4.501001398990373
312.250954,4.501
312.25385,4.5026235151515
312.44895,4.6119977575760185
312.448951,4.611998318181759
312.448952,4.611998878788009
312.448953,4.61199943939426
312.448954,4.612
312.45165,4.613375232323469
312.452,4.613553767677134
312.64695,4.712997959595733
312.646951,4.712998469696916
312.646952,4.7129989797980985
312.646953,4.7129994898988175
312.646954,4.713
312.64985,4.712289236163293
312.8466,4.6640009817178925
312.846601,4.664000736288307
312.846602,4.664000490858946
312.846603,4.664000245429361
312.846604,4.664
312.8495,4.66336578558697
313.04295,4.621000875986657
313.042951,4.621000656990092
313.042952,4.621000437993329
313.042953,4.621000218996565
313.042954,4.621
313.04585,4.620122424242437
313.24095,4.561001212121347
313.240951,4.561000909090941
313.240952,4.561000606060536
313.240953,4.561000303030405
313.240954,4.561
313.2438,4.557594284271268
313.439,4.324004786670565
313.439001,4.324003590002651
313.439002,4.324002393334738
313.439003,4.324001196667913
313.439004,4.324
313.44165,4.323906454545457
313.442,4.323894080808075
313.637,4.317000141414157
313.637001,4.31700010606061
313.637002,4.317000070707095
313.637003,4.317000035353548
313.637004,4.317
313.6398,4.3136414414417175
313.8368,4.077004804804246
313.836801,4.077003603603731
313.836802,4.077002402402123
313.836803,4.077001201200515
313.836804,4.077
313.8395,4.073647176350084
314.033,3.833004974516353
314.033001,3.833003730886982
314.033002,3.833002487257611
314.033003,3.8330012436293712
314.033004,3.833
314.0359,3.828325498108494
314.23125,3.513006456493575
314.231251,3.513004842369447
314.231252,3.513003228246788
314.231253,3.5130016141226594
314.231254,3.513
314.23575,3.5011091883679204
314.429,2.990010579012677
314.429001,2.990007934260711
314.429002,2.990005289506339
314.429003,2.990002644751967
314.429004,2.99
314.43165,2.9876880909091708
314.43205,2.987338595959764
314.627,2.8170034949498834
314.627001,2.817002621212214
314.627002,2.8170017474745443
314.627003,2.817000873737669
314.627004,2.817
314.6299,2.8155509131849064
314.82685,2.7170020015013483
314.826851,2.717001501125897
314.826852,2.7170010007504466
314.826853,2.717000500375451
314.826854,2.717
314.82955,2.7185393933211883
315.023,2.8289977160339133
315.023001,2.8289982870251755
315.023002,2.828998858016957
315.023003,2.8289994290087384
315.023004,2.829
315.0259,2.831921563682178
315.22125,3.028995964690598
315.221251,3.028996973518178
315.221252,3.02899798234484
315.221253,3.02899899117242
315.221254,3.029
315.22395,3.027052888889201
315.41925,2.8860028888885534
315.419251,2.8860021666660867
315.419252,2.8860014444442768
315.419253,2.88600072222181
315.419254,2.886
315.4238,2.883517228824212
315.424,2.883407999999718
315.617,2.7780021845762315
315.617001,2.778001638432422
315.617002,2.778001092288116
315.617003,2.7780005461443062
315.617004,2.778
315.61995,2.776900358133477
315.81525,2.704001493064479
315.815251,2.7040011197982743
315.815252,2.7040007465324094
315.815253,2.704000373266205
315.815254,2.704
315.81795,2.704735272727155
316.01325,2.757998909091036
316.013251,2.757999181818153
316.013251999,2.757999454545518
316.013253,2.757999727272883
316.013254,2.758
316.01595,2.7592526868689027
316.21125,2.849998141413935
316.211251,2.8499986060605567
316.211252,2.8499990707071787
316.211253,2.849999535353378
316.211254,2.85
316.2139,2.8485032727273243
316.40925,2.738002262626514
316.409251,2.738001696969757
316.409252,2.7380011313135144
316.409253,2.738000565656757
316.409254,2.738
316.4139,2.7327607686479287
316.41405,2.732591615677176
316.607,2.515004510745367
316.607001,2.5150033830595384
316.607002,2.515002255372684
316.607003,2.515001127685829
316.607004,2.515
316.6099,2.517848524590124
316.80525,2.7099960655733333
316.805251,2.7099970491802234
316.805252,2.709998032787114
316.805253,2.70999901639311
316.805254,2.71
316.80795,2.714193777777086
317.00325,3.0179937777770864
317.003251,3.0179953333331686
317.003251999,3.017996888887836
317.003253,3.017998444443918
317.003254,3.018
317.00595,3.021022787878304
317.20125,3.2399955151520365
317.201251,3.239996636363517
317.201252,3.2399977575760186
317.201253,3.239998878788519
317.201254,3.24
317.20395,3.2456643232333
317.39925,3.6559915959586617
317.399251,3.655993696969474
317.399252,3.655995797980287
317.399253,3.655997898989188
317.399254,3.656
317.4038,3.658961040141456
317.40395,3.659058742741711
317.5973,3.7849973945970334
317.597301,3.784998045947924
317.597302,3.7849986972988137
317.597303,3.7849993486491114
317.597304,3.785
317.59995,3.785507818181801
317.7953,3.8229992323231463
317.795301,3.822999424242404
317.795302,3.822999616161486
317.795303,3.822999808080743
317.795304,3.823
317.79795,3.82160771736411
317.99485,3.718002104735411
317.994850999,3.718001578551797
317.994852,3.7180010523677054
317.994853,3.7180005261836135
317.994854,3.718
317.997549999,3.719974689725672
318.1908,3.861520976601949
318.19145,3.8619970701936266
318.191451,3.861997802644887
318.191452,3.861998535096813
318.191453,3.8619992675480734
318.191454,3.862
318.3893,4.170993752843789
318.389301,4.1709953146335526
318.389302,4.170996876421895
318.389303,4.170998438211658
318.389304,4.171
318.39195,4.172804090909649
318.3921,4.172906363636819
318.5873,4.3059972727275895
318.587301,4.305997954545382
318.587302,4.305998636363795
318.587303,4.305999318182208
318.587304,4.306
318.58995,4.309180545454436
318.7853,4.543995191918658
318.785301,4.543996393939267
318.785302,4.543997595959876
318.785303,4.543998797979391
318.785304,4.5440000000000005
318.788,4.546627919191498
318.9833,4.736996101010554
318.983301,4.736997075758359
318.983302,4.736998050505277
318.983302999,4.736999025253082
318.983304,4.737
318.986,4.74248315922376
319.1808,5.138669886450706
319.18145,5.139991864749873
319.181451,5.13999389856148
319.181452,5.139995932374936
319.181453,5.1399979661883926
319.181454,5.14
319.3788,5.556619333332501
319.37945,5.557991555554617
319.379451,5.557993666666443
319.379452,5.5579957777782685
319.379453,5.557997888888174
319.379454,5.558
319.38215,5.558353573770435
319.5777,5.583999475409898
319.577701,5.583999606557483
319.577702,5.583999737704949
319.577703,5.583999868852534
319.577704,5.5840000000000005
319.5804,5.582705156723744
319.7748,5.489338119312455
319.7755,5.489001921132671
319.775501,5.4890014408493935
319.775502,5.489000960566553
319.775503,5.489000480283277
319.775504,5.489
319.9733,5.651996703740786
319.973301,5.6519975278057775
319.973302,5.651998351870018
319.973303,5.65199917593501
319.973304,5.652
319.976,5.652962615036303
320.1715,5.722766487301845
320.17215,5.72299857178762
320.172151,5.722998928840797
320.172152,5.722999285893973
320.172153,5.722999642946824
320.172154,5.723
320.36885,5.511649001520355
320.36945,5.511004298022815
320.369451,5.5110032235176005
320.369452,5.511002149011408
320.369453,5.511001074505216
320.369454,5.511
320.37215,5.510223290371361
320.5673,5.454001152388301
320.567301,5.45400086429116
320.567302,5.454000576194281
320.567303,5.4540002880971405
320.567304,5.454
320.57,5.4564756407665
320.76485,5.6353994550955
320.7655,5.635996326942074
320.765501,5.635997245206765
320.765502,5.635998163471455
320.765503,5.63599908173531
320.765504,5.636
320.9633,5.428004206269426
320.963301,5.42800315470183
320.963302,5.428002103134235
320.963303,5.428001051567596
320.963304,5.428
320.96595,5.426153181019396
321.1618,5.289456469997764
321.16245,5.289002791865738
321.162451,5.289002093899144
321.162452,5.2890013959331865
321.162453,5.289000697966593
321.162454,5.289
321.35885,5.116574179142698
321.3595,5.116003511799427
321.359501,5.11600263384937
321.359502,5.1160017558993145
321.359503,5.116000877950056
321.359504,5.1160000000000005
321.36215,5.1150912727273
321.55685,5.048224606060431
321.5575,5.048001373737214
321.557501,5.048001030302754
321.557502,5.048000686868607
321.557503,5.048000343434148
321.557504,5.048
321.7563,5.045009837051885
321.75695,5.045000060165448
321.756951,5.045000045124093
321.756952,5.045000030082724
321.756953,5.045000015041355
321.756954,5.045
321.95285,5.080880213686013
321.9535,5.080999267361913
321.953501,5.080999450521476
321.953502,5.080999633680873
321.953503,5.080999816840437
321.953504,5.081
322.1525,5.03315723516141
322.15315,5.033000961682834
322.153151,5.033000721262235
322.153152,5.033000480841417
322.153153,5.033000240420599
322.153154,5.033
322.34885,4.925359724981118
322.3495,4.925002200153033
322.349501,4.925001650114649
322.349502,4.925001100076266
322.349503,4.925000550038384
322.349504,4.925
322.35215,4.923489909090961
322.54685,4.812373242424467
322.5475,4.812002282828537
322.547501,4.812001712121273
322.547502,4.8120011414145285
322.547502999,4.812000570707264
322.547503999,4.812
322.74485,4.950540878788239
322.7455,4.950997191919519
322.745501,4.95099789393932
322.745501999,4.95099859595976
322.745503,4.950999297980199
322.745503999,4.9510000000000005
322.94285,5.403500424241521
322.9435,5.404990828281809
322.943501,5.404993121211878
322.943502,5.404995414141947
322.943503,5.404997707069931
322.943504,5.405
323.14245,5.288529236927957
323.14335,5.288002341756578
323.143351,5.288001756317301
323.143352,5.288001170878022
323.143353,5.288000585439278
323.143354,5.288
323.33885,5.097685341488317
323.33955,5.097003893986162
323.339551,5.0970029204894
323.339552,5.097001946993524
323.339553,5.097000973496762
323.339554,5.097
323.3422,5.088540818182071
323.5369,4.466090818180181
323.53755,4.464012787877302
323.537551,4.464009590909431
323.537552,4.464006393938652
323.537553,4.464003196967872
323.537554,4.464
323.734899999,4.242900772142589
323.7357,4.242004481452923
323.735701,4.242003361090202
323.735702,4.242002240726462
323.735703,4.24200112036374
323.735704,4.242
323.9329,4.029704078848035
323.93355,4.029004306293125
323.933551,4.029003229719598
323.933552,4.029002153147052
323.933553,4.029001076573526
323.933554,4.029
324.1309,3.857741109989815
324.13175,3.8570034712415566
324.131751,3.85700260343097
324.131752,3.857001735620384
324.131753,3.8570008678105863
324.131754,3.857
324.3289,3.805171931243785
324.32955,3.805001051567357
324.329551,3.805000788675458
324.329552,3.805000525783559
324.329553,3.805000262891899
324.329554,3.805
324.3322,3.806630363636308
324.5269,3.926597030302788
324.52755,3.926997535353261
324.527551,3.926998151515086
324.527552,3.926998767676351
324.527553,3.926999383838176
324.527554,3.927
324.7249,3.7925477668428496
324.7257,3.792002725207859
324.725701,3.792002043906204
324.725702,3.79200136260393
324.725703,3.792000681301656
324.725704,3.792
324.9229,3.6256781212123257
324.9237,3.6250033737377487
324.923701,3.62500253030312
324.923702,3.6250016868684902
324.923703,3.625000843434629
324.923704,3.625
325.1209,3.6339589298334394
325.1218,3.63399981827362
325.121801,3.633999863705236
325.121802,3.63399990913681
325.121803,3.633999954568426
325.121804,3.634
325.3189,3.6718265050505945
325.3198,3.6719992323233215
325.319801,3.671999424242404
325.319802,3.671999616161661
325.319803,3.671999808080743
325.319804,3.672
325.32245,3.670180247787673
325.5169,3.5364497800255554
325.51755,3.5360027509484726
325.517551,3.536002063211198
325.517552,3.536001375473924
325.517553,3.5360006877372747
325.517554,3.536
325.71495,3.6166917789550928
325.7157,3.6169983648749127
325.715701,3.616998773656277
325.715702,3.6169991824372714
325.715703,3.6169995912186352
325.715704,3.617
325.91295,3.5731675555554867
325.9137,3.5730008888887856
325.913701,3.5730006666666903
325.913702,3.573000444444393
325.913703,3.573000222222096
325.913704,3.573
326.1126,3.5739957246558207
326.11345,3.5739999799749715
326.113451,3.573999984981231
326.113452,3.573999989987486
326.113453,3.5739999949937453
326.113454,3.5740000000000003
326.30895,3.478417540106898
326.3098,3.4780019556911403
326.309801,3.478001466768577
326.309802,3.4780009778455705
326.309803,3.478000488922563
326.309804,3.478
326.3124,3.4784199797775965
326.5069,3.509886107178962
326.5076,3.509999352881774
326.507601,3.5099995146614043
326.507602,3.5099996764408874
326.507603,3.509999838220517
326.507604,3.51
326.70615,3.352637231000943
326.70695,3.3520031703038384
326.706951,3.3520023777276986
326.706952,3.3520015851522795
326.706953,3.35200079257614
326.706954,3.352
326.90295,3.4266935975608823
326.90375,3.4269984756095866
326.903751,3.426998856707277
326.903752,3.4269992378049667
326.903753,3.42699961890231
326.903754,3.427
327.10095,3.3332615961970973
327.1036,3.3320019014262807
327.103601,3.3320014260696023
327.103602,3.332000950712924
327.103603,3.3320004753566783
327.103604,3.332
327.29895,3.17870938089207
327.29985,3.178003138853852
327.299851,3.1780023541402107
327.299852,3.178001569426569
327.299853,3.1780007847136416
327.299854,3.178
327.3024,3.179182989898853
327.49695,3.269579959595753
327.49785,3.269998141413935
327.497851,3.2699986060605566
327.497852,3.2699990707067563
327.497853,3.269999535353378
327.497854,3.27
327.69495,3.25306906518438
327.69575,3.2530003436078427
327.695751,3.253000257705843
327.695752,3.253000171803921
327.695753,3.2530000859019217
327.695754,3.253
327.89295,3.2271055757576077
327.89375,3.227000525252464
327.893751,3.227000393939408
327.893752,3.227000262626232
327.893753,3.227000131313176
327.893754,3.227
328.0926,3.303613169877509
328.0936,3.3039984588443123
328.093601,3.303998844133059
328.093602,3.3039992294221565
328.093603,3.3039996147112536
328.093604,3.3040000000000003
328.28895,3.062057706421881
328.2898,3.061004954128991
328.289801,3.0610037155964616
328.289802,3.061002477063932
328.289803,3.0610012385325294
328.289804,3.061
328.2924,3.0604101489524305
328.48695,3.016205402676193
328.48785,3.0160009088615
328.487851,3.016000681646073
328.487852,3.0160004544306465
328.487853,3.0160002272154265
328.487854,3.016
328.68495,2.687672488641668
328.68595,2.686006663300589
328.685951,2.686004997476199
328.685952,2.6860033316502943
328.685953,2.686001665824389
328.685954,2.686
328.88295,2.3961828311415894
328.88375,2.395005884731369
328.883751,2.3950044135491955
328.883752,2.3950029423656845
328.883753,2.395001471182173
328.883754,2.395
329.08095,2.2696698814629856
329.082,2.269002542244923
329.082001,2.269001906683548
329.082002,2.2690012711221725
329.082003,2.269000635561375
329.082004,2.269
329.279,1.809342666668176
329.28,1.8070093333343709
329.280001,1.807007000000248
329.280002,1.8070046666682464
329.280003,1.8070023333341232
329.280004,1.807
329.2827,1.805405701289112
329.477,1.690505018953689
329.47785,1.6900023654280798
329.477851,1.690001774071329
329.477852,1.69000118271404
329.477853,1.6900005913572889
329.477854,1.69
329.67575,1.2682462729335264
329.6768,1.266008524753973
329.676801,1.2660063935664487
329.676802,1.2660042623769865
329.676803,1.2660021311894625
329.676804,1.266
329.873,1.0000896852795176
329.8738,0.9990054213203996
329.873801,0.9990040659899916
329.873802,0.9990027106595836
329.873803,0.999001355330408
329.873804,0.999
330.0717,0.8139388838618417
330.0727,0.8130037405735682
330.072701,0.8130028054299635
330.072702,0.8130018702872094
330.072703,0.8130009351436047
330.072704,0.8130000000000001
330.269,0.7264427166749993
330.27,0.7260017638116507
330.270001,0.7260013228586377
330.270002,0.7260008819056248
330.270003,0.726000440953013
330.270004,0.726
330.2727,0.7224053333339097
330.467,0.4633386666663225
330.468,0.4620053333327135
330.468001,0.4620039999989288
330.468002,0.4620026666663568
330.468003,0.4620013333325721
330.468004,0.462
330.665,0.4271774747474283
330.666,0.4270007070706249
330.666001,0.4270005303030491
330.666002,0.4270003535353124
330.666003,0.4270001767677366
330.666004,0.427
330.863,0.2319938585864988
330.864,0.2310039595963997
330.864001,0.2310029696970747
330.864002,0.2310019797977497
330.864003,0.231000989899325
330.864004,0.231
331.061,0.1816770155233969
331.0637,0.1810010015023647
331.063701,0.1810007511267166
331.063702,0.1810005007512962
331.063703,0.1810002503756481
331.063704,0.181
331.259,0.1083918614716344
331.26005,0.1080014871401378
331.260051,0.1080011153549343
331.260052,0.1080007435700689
331.260053,0.1080003717848653
331.260054,0.108
331.26265,0.1083802222222607
331.45705,0.136852949494988
331.45805,0.1369994141414822
331.458051,0.136999560606045
331.458052,0.1369997070707411
331.458053,0.1369998535353039
331.458054,0.137
331.65505,0.1041050322581599
331.8533,0.071000667931763
331.853301,0.0710005009487843
331.853302,0.0710003339659574
331.853303,0.0710001669829787
331.853304,0.071
331.8561,0.0710280160320617
332.0529,0.0729999599198352
332.052901,0.0729999699398786
332.052902,0.072999979959913
332.052903,0.0729999899799565
332.052904,0.073
332.0557,0.0726440936863843
332.2493,0.048000509165026
332.249301,0.0480003818737405
332.249302,0.0480002545824551
332.249303,0.0480001272912854
332.249304,0.048
332.25215,0.0484887070707608
332.4473,0.0819993131312367
332.447301,0.0819994848484666
332.447302,0.0819996565655403
332.447303,0.0819998282827701
332.447304,0.082
332.45,0.0817154259864751
332.45035,0.0816784820306806
332.64625,0.0610004222166842
332.646251,0.0610003166624892
332.646252,0.0610002111083901
332.646253,0.061000105554195
332.646254,0.061
332.64905,0.0615250038060965
332.8433,0.09799924892151
332.843301,0.0979994366911752
332.843302,0.0979996244608404
332.843303,0.0979998122303348
332.843304,0.098
332.84615,0.0970381740228959
333.04155,0.0310013518283422
333.041551,0.031001013871103
333.041552,0.0310006759141711
333.041553,0.0310003379569318
333.041554,0.031
333.0441,0.0318883640962962
333.2393,0.0999986042985187
333.239301,0.0999989532237303
333.239302,0.0999993021492593
333.239303,0.099999651074471
333.239304,0.1
333.24215,0.0991232020201055
333.4373,0.0390012323233693
333.437301,0.0390009242424569
333.437302,0.0390006161618247
333.437303,0.0390003080809123
333.437304,0.039
333.43995,0.0393457954259751
333.44025,0.0393850012565463
333.63625,0.0649994772555337
333.636251,0.06499960794168
333.636252,0.0649997386278263
333.636253,0.0649998693138537
333.636254,0.065
333.63905,0.0662486577009863
333.8333,0.1529982136515651
333.833301,0.1529986602384707
333.833302,0.1529991068257825
333.833303,0.1529995534126881
333.833304,0.153
333.83615,0.152971518638976
334.03315,0.1510000400300178
334.033151,0.1510000300225179
334.033152,0.1510000200150089
334.033153,0.151000010007509
334.033154,0.151
334.03575,0.1527447657842951
334.22955,0.2829973116092737
334.229551,0.2829979837066497
334.229552,0.2829986558046369
334.229553,0.2829993279026241
334.229554,0.283
334.23215,0.2853230131448304
334.42735,0.4599964206273118
334.427351,0.4599973154700769
334.427352,0.4599982103136559
334.427353,0.4599991051572348
334.427354,0.46
334.43,0.4593609660377583
334.4303,0.4592885132074232
334.6261,0.4120009660378432
334.626101,0.4120007245283275
334.626102,0.4120004830188118
334.626103,0.4120002415095157
334.626104,0.412
334.6287,0.4105932033424713
334.82355,0.3050021676371246
334.823551,0.3050016257280899
334.823552,0.3050010838185623
334.823553,0.3050005419090347
334.823554,0.305
334.82615,0.303553796737622
335.0228,0.1940022283565839
335.022801,0.1940016712673113
335.022802,0.1940011141785453
335.022803,0.1940005570892726
335.022804,0.194
335.02565,0.1946075324013982
335.21955,0.2359991461244286
335.219551,0.2359993595933699
335.219552,0.2359995730621172
335.219553,0.2359997865310586
335.219554,0.236
335.22215,0.2363806066733134
335.41735,0.2649994135489742
335.417351,0.264999560161764
335.417352,0.2649997067744205
335.417353,0.2649998533872102
335.417354,0.265
335.42,0.2662294545454179
335.4203,0.2663688484846717
335.61535,0.3569981414143574
335.615351,0.3569986060605567
335.615351999,0.3569990707071787
335.615352999,0.3569995353538006
335.615353999,0.357
335.61815,0.3572116044400106
335.81355,0.3719996972755145
335.813551,0.3719997729566703
335.813552,0.3719998486377572
335.813553,0.371999924318913
335.813554,0.372
335.8162,0.3718009528585142
336.01295,0.3570003009027415
336.012950999,0.357000225677039
336.012952,0.3570001504513365
336.012953,0.3570000752257025
336.012954,0.357
336.0132,0.3570437833714021
336.2096,0.3919992880753433
336.209601,0.3919994660564266
336.209602,0.3919996440376717
336.209603,0.3919998220189168
336.209604,0.392
336.2122,0.3966937777782529
336.4076,0.7499927676759637
336.407601,0.7499945757573838
336.407602,0.7499963838388041
336.407603,0.7499981919185799
336.407604,0.75
336.4102,0.7499737446270516
336.4103,0.7499727332490562
336.60535,0.7480000404551154
336.605351,0.748000030341332
336.605352,0.7480000202275577
336.605353,0.7480000101137743
336.605354,0.748
336.6082,0.7502107641868758
336.8036,0.9019968928124672
336.803601,0.9019976696089972
336.803602,0.9019984464062336
336.803603,0.9019992232027636
336.803604,0.902
336.80625,0.902961453444328
337.0011,0.973762361846942
337.001749999,0.973998546555478
337.001751,0.9739989099166912
337.001752,0.9739992732779044
337.001753,0.9739996366387867
337.001753999,0.974
337.1996,0.8730020419507356
337.199601,0.8730015314628196
337.199602,0.8730010209753678
337.199603,0.8730005104874518
337.199604,0.873
337.20225,0.8771828181816744
337.3976,1.1859936767684116
337.397601,1.18599525757559
337.397602,1.1859968383842057
337.397603,1.185998419191384
337.397604,1.186
337.40025,1.182231454545584
337.4004,1.1820178181821634
337.5956,0.9040056969703304
337.595601,0.9040042727274238
337.595602,0.9040028484858128
337.595603,0.9040014242429064
337.595604,0.904
337.59825,0.9006056363637375
337.7936,0.650005131312535
337.793601,0.6500038484849846
337.793602,0.6500025656562676
337.793603,0.6500012828275504
337.793604,0.65
337.7962,0.6506424444445095
337.991599999,0.6989990101009002
337.991601,0.6989992575757313
337.991602,0.6989995050505626
337.991603,0.6989997525251688
337.991603999,0.6990000000000001
337.99185,0.6990273057517222
338.1891,0.7209218567103888
338.1898,0.7209995560040879
338.189801,0.7209996670030154
338.189802,0.720999778002044
338.189803,0.7209998890010725
338.189804,0.721
338.38765,0.7789988273943604
338.387651,0.778999120545837
338.387652,0.778999413697047
338.387653,0.7789997068485235
338.387654,0.779
338.3902,0.7761654363092416
338.39035,0.7759984353064007
338.58705,0.5570044533595627
338.587051,0.5570033400201784
338.587052,0.5570022266797814
338.587053,0.5570011133393844
338.587054,0.557
338.5873,0.5572677721267056
338.78365,0.7709956459812047
338.783651,0.770996734486151
338.783652,0.7709978229910973
338.783653,0.7709989114950537
338.783654,0.771
338.7862,0.7723633543822667
338.9816,0.8769978580452098
338.981601,0.8769983935336638
338.981602,0.8769989290226049
338.981603,0.876999464511546
338.981604,0.877
338.98185,0.8769200300073343
339.17915,0.8127814953737915
339.18155,0.8120013003249302
339.181551,0.8120009752438455
339.181552,0.8120006501624651
339.181553,0.8120003250813804
339.181554,0.812
339.3776,0.7580011017598777
339.377601,0.7580008263198457
339.377602,0.7580005508800641
339.377603,0.758000275440032
339.377604,0.758
339.38025,0.757465589497619
339.38035,0.7574453925777922
339.57565,0.7180008078768886
339.575651,0.7180006059076205
339.575652,0.7180004039385361
339.575653,0.7180002019692681
339.575654,0.718
339.57585,0.7183026797879786
339.77315,1.022990037850904
339.7738,1.0239938228621863
339.773801,1.0239953671459376
339.773802,1.0239969114310932
339.773803,1.023998455716249
339.773804,1.024
339.97115,0.8645284848488033
339.9718,0.8640032323228567
339.971801,0.86400242424251
339.971802,0.8640016161614283
339.971803,0.8640008080810816
339.971804,0.864
340.16915,0.7075185757578882
340.1698,0.7070031717175242
340.169801,0.7070023787879629
340.169802,0.7070015858591228
340.169803,0.7070007929295613
340.169804,0.707
340.36715,0.5584921515147659
340.3678,0.5580030101006603
340.367801,0.5580022575758374
340.367802,0.5580015050503302
340.367803,0.558000752524823
340.367804,0.558
340.3704,0.5564397777776199
340.5652,0.4393630101009129
340.5658,0.4390024040406712
340.565801,0.4390018030303668
340.565802,0.4390012020200623
340.565803,0.4390006010103044
340.565804,0.439
340.7632,0.2166802626271048
340.7638,0.2160045050510058
340.763801,0.2160033787879982
340.763802,0.216002252526015
340.763803,0.2160011262630075
340.763804,0.216
340.96165,0.1980003639120123
340.961651,0.1980002729340506
340.961652,0.1980001819560061
340.961653,0.1980000909780444
340.961654,0.198
340.9619,0.1979441332322826
341.1592,0.1531371688114698
341.1598,0.1530009084028261
341.159801,0.153000681302068
341.159802,0.1530004542013098
341.159803,0.1530002271007581
341.159804,0.153
341.35715,0.1081486363637259
341.3578,0.1080009090910101
341.357801,0.1080006818182059
341.357802,0.1080004545456084
341.357803,0.1080002272728042
341.357804,0.108
341.3604,0.1078820000000288
341.55515,0.0990297272727039
341.5558,0.0990001818181607
341.555801,0.0990001363636411
341.555802,0.0990000909090803
341.555803,0.0990000454545195
341.555804,0.099
341.75315,0.2564383640494492
341.75385,0.2569968088870156
341.753851,0.2569976066648989
341.753852,0.2569984044435078
341.753853,0.2569992022221167
341.753854,0.257
341.9527,0.2560032781954907
341.95335,0.2560000200501275
341.953351,0.2560000150375945
341.953352,0.256000010025066
341.953353,0.256000005012533
341.953354,0.256
342.1492,0.4902178625949472
342.14985,0.4909952162844555
342.149851,0.4909964122136135
342.149852,0.4909976081416839
342.149853,0.4909988040708419
342.149854,0.491
342.3472,0.6684120606065213
342.34785,0.668996404040822
342.347851,0.6689973030302077
342.347852,0.668998202020411
342.347853,0.6689991010106143
342.347854,0.669
342.35045,0.6692884444444737
342.5452,0.6909273333332896
342.54585,0.6909995555555062
342.545851,0.6909996666666549
342.545851999,0.6909997777778036
342.545852999,0.6909998888888513
342.545853999,0.6910000000000001
342.7432,0.9302072727278938
342.74385,0.930995151515715
342.743851,0.9309963636373376
342.743852,0.9309975757578576
342.743853,0.93099878787948
342.743854,0.931
342.9412,0.7947972093018667
342.9438,0.7930027606898518
342.943801,0.7930020705177027
342.943802,0.7930013803449258
342.943803,0.7930006901721491
342.943804,0.793
343.1392,1.4727249273130916
343.13985,1.4749860851808048
343.139851,1.4749895638863946
343.139852,1.4749930425919844
343.139853,1.4749965212944105
343.139854,1.475
343.3372,1.4112113939392283
343.33785,1.411001292929143
343.337851,1.41100096969671
343.337852,1.4110006464645717
343.337853,1.4110003232321386
343.337854,1.411
343.3405,1.413096502650158
343.5352,1.5673629674494305
343.536,1.5679968306841938
343.536001,1.567997623012785
343.536002,1.567998415342097
343.536003,1.5679992076714089
343.536004,1.568
343.7332,1.5122273939394626
343.734,1.512001131313257
343.734001,1.5120008484848786
343.734002,1.5120005656565
343.734003,1.5120002828283785
343.734004,1.512
343.9312,1.4222974981043914
343.93185,1.4220018195600614
343.931851,1.422001364670253
343.931852,1.4220009097800306
343.931853,1.4220004548898084
343.931854,1.422
344.1292,1.2906019066837764
344.1301,1.2900026633042052
344.130101,1.2900019974780026
344.130102,1.2900013316518
344.130103,1.2900006658262029
344.130104,1.29
344.32725,1.09265466127441
344.3279,1.0920040040440242
344.327901,1.0920030030334733
344.327902,1.092002002022012
344.327903,1.0920010010114614
344.327904,1.092
344.33055,1.0901582674011632
344.52525,0.9546384877317328
344.5276,0.953002784176574
344.527601,0.9530020881322724
344.527602,0.9530013920879704
344.527603,0.9530006960443018
344.527604,0.953
344.72325,0.8225361364216429
344.72405,0.8220026673456771
344.724051,0.8220020005091062
344.724052,0.8220013336731418
344.724053,0.8220006668365709
344.724054,0.8220000000000001
344.92125,0.7093735253982553
344.9219,0.7090022845592633
344.921901,0.7090017134193176
344.921902,0.7090011422793718
344.921903,0.7090005711399456
344.921904,0.709
345.11925,0.7020911627907063
345.12185,0.7020001400350244
345.121851,0.7020001050262603
345.121852,0.7020000700174963
345.121853,0.7020000350087641
345.121854,0.7020000000000001
345.31725,0.6412034889057318
345.3179,0.6410012445803196
345.317901,0.6410009334353811
345.317902,0.6410006222901597
345.317903,0.6410003111449384
345.317904,0.641
345.3205,0.6406328888888517
345.515249999,0.6130924848485406
345.5159,0.6130005656566285
345.515901,0.6130004242424393
345.515902,0.6130002828282499
345.515902999,0.6130001414141892
345.515904,0.613
345.71325,0.6707646631339182
345.71405,0.6709988291696908
345.714051,0.6709991218773346
345.714052,0.6709994145847122
345.714053,0.6709997072923561
345.714054,0.671
345.91125,0.6242380827446407
345.91225,0.6240009485369369
345.912251,0.6240007114026488
345.912252,0.6240004742683606
345.912253,0.6240002371342881
345.912254,0.624
346.10925,0.4746851945430361
346.11015,0.4740030318345968
346.110151,0.4740022738757752
346.110152,0.4740015159169537
346.110153,0.4740007579588216
346.110154,0.474
346.30725,0.4252237171716031
346.30815,0.4250009898988748
346.308151,0.4250007424240436
346.308152,0.4250004949494374
346.308153,0.4250002474746062
346.308154,0.425
346.31065,0.424646851945418
346.5053,0.3971066801414414
346.50605,0.3970005659423294
346.506051,0.3970004244568114
346.506052,0.3970002829711647
346.506053,0.397000141485518
346.506054,0.397
346.70325,0.1450273333336432
346.70405,0.1440051111116793
346.704051,0.1440038333334689
346.704052,0.1440025555552586
346.704053,0.1440012777782103
346.704054,0.144
346.90125,0.0643248484849464
346.90205,0.0640016161617958
346.902051,0.064001212121255
346.902052,0.0640008080810816
346.902053,0.0640004040405408
346.902054,0.064
347.09925,0.0998086052964541
347.1003,0.0999992736444728
347.100301,0.099999455233272
347.100302,0.0999996368222364
347.100303,0.0999998184112007
347.100304,0.1
347.29725,0.2194517058374866
347.29815,0.2199975739193664
347.298151,0.2199981804396626
347.298152,0.2199987869594074
347.298153,0.2199993934797036
347.298154,0.22
347.3026,0.2229864545454071
347.4953,0.3524263535354255
347.49615,0.3529973131316253
347.496151,0.3529979848484135
347.496152,0.3529986565658126
347.496153,0.3529993282832118
347.496154,0.353
347.6933,0.3011981202626768
347.69405,0.3010010510357546
347.694051,0.3010007882769354
347.694052,0.3010005255178772
347.694053,0.3010002627588191
347.694054,0.301
347.8913,0.7682140101017523
347.89205,0.769990525251472
347.892051,0.7699928939391427
347.892052,0.7699952626268132
347.892053,0.7699976313123296
347.892054,0.77
348.0893,0.7829341639344432
348.0903,0.7829997377049486
348.090301,0.7829998032787412
348.090302,0.7829998688524743
348.090303,0.782999934426267
348.090304,0.783
348.2873,0.8198402931513983
348.28815,0.8199992519584713
348.288151,0.819999438968896
348.288152,0.8199996259793207
348.288153,0.8199998129895754
348.288154,0.8200000000000001
348.2907,0.8196013838384297
348.4853,0.7891337070708321
348.48615,0.789000626262696
348.486151,0.7890004696969863
348.486152,0.7890003131314192
348.486153,0.7890001565657097
348.486154,0.789
348.6833,0.6933899166457363
348.6841,0.6930019398840248
348.684101,0.6930014549129083
348.684102,0.6930009699417918
348.684103,0.6930004849711165
348.684104,0.6930000000000001
348.88225,0.701952379518059
348.8833,0.7019998192770884
348.883301,0.7019998644578266
348.883302,0.7019999096385647
348.883303,0.7019999548192619
348.883304,0.7020000000000001
349.0793,1.0860327715723348
349.0803,1.087992162435677
349.080301,1.0879941218272031
349.080302,1.0879960812169476
349.080303,1.0879980406084735
349.080304,1.088
349.2773,0.9049330101007702
349.2783,0.9040037171712852
349.278301,0.9040027878788864
349.278302,0.9040018585856426
349.278303,0.9040009292923988
349.278304,0.904
349.28285,0.9006946528653513
349.4753,0.7607663519308836
349.47635,0.7600029083561377
349.476351,0.7600021812667725
349.476352,0.7600014541780689
349.476353,0.7600007270887038
349.476354,0.76
349.6733,0.8694420813333117
349.6743,0.8699977772162217
349.674301,0.8699983329122927
349.674302,0.8699988886078581
349.674303,0.8699994443039291
349.674304,0.87
349.8713,0.7765002575108696
349.87235,0.7760018985106882
349.872351,0.7760014238829083
349.872352,0.77600094925556
349.872353,0.77600047462778
349.872354,0.776
350.06935,0.6377048282826471
350.07035,0.6370028080804817
350.070351,0.6370021060606805
350.070352,0.6370014040402409
350.070353,0.6370007020198012
350.070354,0.637
350.26735,0.977265818182272
350.26835,0.9789930909083228
350.268351,0.9789948181816348
350.268352,0.978996545454947
350.268353,0.978998272726688
350.268354,0.979
350.27095,0.9782258579731308
350.46535,0.9202546676775012
350.4662,0.920001192822707
350.466201,0.9200008946168948
350.466202,0.9200005964113536
350.466203,0.9200002982055412
350.466204,0.92
350.66335,0.8722432096895656
350.66435,0.8720009689627943
350.664351,0.8720007267222059
350.664352,0.8720004844813971
350.664353,0.8720002422405884
350.664354,0.872
350.8613,0.8839361212121034
350.86235,0.8839997575757307
350.862351,0.8839998181818117
350.862352,0.8839998787878929
350.862353,0.8839999393939189
350.862354,0.884
351.0593,0.8572046258503185
351.0608,0.8570005442176238
351.060801,0.8570004081632797
351.060802,0.8570002721088119
351.060803,0.8570001360544678
351.060804,0.857
351.25735,0.7594980612501872
351.25835,0.7590019843075396
351.258351,0.7590014882308803
351.258352,0.7590009921537698
351.258353,0.7590004960766593
351.258354,0.759
351.26095,0.7568628888886726
351.45535,0.596826525252309
351.45635,0.5960032929296589
351.456351,0.596002469697057
351.456352,0.5960016464644551
351.456353,0.596000823232602
351.456354,0.596
351.65335,0.5890222795698966
351.8516,0.582000141682463
351.851601,0.5820001062618633
351.851602,0.5820000708412314
351.851603,0.5820000354205996
351.851604,0.582
351.85445,0.5815256666666144
352.0496,0.5490006666667409
352.049601,0.5490005000000178
352.049602,0.5490003333332947
352.049603,0.5490001666667231
352.049604,0.549
352.0525,0.5498483232323115
352.2476,0.606998828282698
352.247601,0.6069991212120901
352.247602,0.6069994141412158
352.247603,0.6069997070706079
352.247604,0.607
352.2505,0.6050259530421851
352.44565,0.472002726584499
352.445651,0.4720020449382193
352.445652,0.4720013632925595
352.445653,0.4720006816462797
352.445654,0.472
352.4482,0.4676581836533646
352.4486,0.4669760444002557
352.64385,0.1340068213932911
352.643851,0.1340051160445806
352.643852,0.13400341069587
352.643853,0.1340017053487105
352.643854,0.134
352.6483,0.135843134479238
352.84165,0.2159983417591685
352.841651,0.2159987563194706
352.841652,0.2159991708797728
352.841653,0.2159995854396978
352.841654,0.216
352.84445,0.2161129696969599
353.03965,0.2239998383838204
353.039651,0.2239998787878745
353.039652,0.2239999191918918
353.039653,0.2239999595959459
353.039654,0.224
353.04245,0.2272055151512518
353.23765,0.4509954141419471
353.237651,0.4509965606059389
353.237652,0.4509977070709735
353.237653,0.4509988535360081
353.237654,0.451
353.24045,0.450830545454505
353.43565,0.4390002424242694
353.435651,0.4390001818181882
353.435652,0.4390001212121071
353.435653,0.4390000606060811
353.435654,0.439
353.43825,0.441963111111411
353.4386,0.4423626060601562
353.63365,0.6649954343429268
353.633651,0.6649965757574546
353.633652,0.6649977171709444
353.633653,0.6649988585854723
353.633654,0.665
353.63835,0.6658063838383806
353.83165,0.698999313131393
353.831651,0.6989994848484666
353.831652,0.6989996565656965
353.831653,0.6989998282829264
353.831654,0.6990000000000001
353.83445,0.7005235519675812
354.02985,0.8069978203837044
354.029851,0.8069983652880262
354.029852,0.8069989101918522
354.029853,0.8069994550961739
354.029854,0.807
354.03435,0.8141282201471775
354.2279,1.1209936581678666
354.227901,1.1209952436266208
354.227902,1.1209968290839334
354.227903,1.1209984145426877
354.227904,1.121
354.2309,1.1214696637168395
354.42565,1.1519993729457114
354.425651,1.1519995297092125
354.425652,1.151999686472856
354.425653,1.1519998432364993
354.425654,1.152
354.42835,1.1530881937438835
354.4287,1.153229465186606
354.62385,1.2319983854694103
354.623851,1.2319987891018744
354.623852,1.2319991927347054
354.623853,1.2319995963675363
354.623854,1.232
354.6266,1.2337573293021582
354.8223,1.358997440160965
354.822301,1.3589980801208694
354.822302,1.3589987200801916
354.822303,1.3589993600400958
354.822304,1.359
354.82615,1.3640605263152916
355.019899999,1.6189947368427169
355.019901,1.6189960526314393
355.019902,1.6189973684213586
355.019903,1.618998684210081
355.019903999,1.619
355.0226,1.621219434343817
355.2179,1.781996707070341
355.217901,1.781997530302943
355.217902,1.7819983535347963
355.217903,1.7819991767673982
355.217904,1.782
355.2206,1.7803369709130057
355.4173,1.65900246740192
355.417301,1.6590018505517206
355.417302,1.65900123370096
355.417303,1.6590006168501996
355.417304,1.659
355.42,1.6617014852497043
355.42035,1.6620521973548448
355.6139,1.8559959918612023
355.613901,1.8559969938961296
355.613902,1.855997995931057
355.613903,1.8559989979650728
355.613904,1.856
355.616549999,1.856975545454512
355.8119,1.9289985252523612
355.811901,1.928998893939355
355.811902,1.928999262626013
355.811903,1.9289996313130064
355.811904,1.929
355.81455,1.930937727272669
356.0099,2.073997070707411
356.009900999,2.0739978030302253
356.009902,2.0739985353537054
356.009903,2.073999267677185
356.009903999,2.074
356.0126,2.073782141414104
356.2079,2.058000323232359
356.207901,2.0580002424242507
356.207902,2.0580001616161425
356.207903,2.058000080808108
356.207904,2.058
356.2106,2.0561214440800843
356.40595,1.9200027871752656
356.405951,1.9200020903812909
356.405952,1.920001393587316
356.405953,1.920000696793975
356.405954,1.92
356.4086,1.917366698661361
356.40875,1.9172174185402688
356.6039,1.7230039808027706
356.603901,1.7230029856025306
356.603902,1.7230019904013854
356.603903,1.72300099520024
356.603904,1.723
356.6066,1.722223878787745
356.8019,1.6660011515152795
356.801901,1.666000863636394
356.801902,1.6660005757575087
356.801903,1.666000287878885
356.801904,1.666
356.8046,1.6650886377398049
356.99945,1.5992210797172834
357.0001,1.599001352169369
357.000101,1.5990010141271802
357.000101999,1.5990006760846842
357.000103,1.5990003380424958
357.000104,1.599
357.19795,1.673998483699604
357.197951,1.673998862774789
357.197952,1.6739992418496294
357.197953,1.6739996209248147
357.197954,1.674
357.2006,1.6751893636363282
357.39595,1.7629982020204111
357.395951,1.762998651515104
357.395952,1.7629991010102055
357.395953,1.762999550505307
357.395954,1.763
357.3985,1.762537090908979
357.39875,1.762491636363681
357.59395,1.7270007272728083
357.593951,1.727000545454565
357.593952,1.7270003636363214
357.593953,1.7270001818182434
357.593954,1.727
357.5985,1.7218800101008616
357.79195,1.5040045050499815
357.791951,1.504003378786974
357.791952,1.5040022525249908
357.791953,1.5040011262619832
357.791954,1.504
357.7946,1.5023842240721712
357.98945,1.383399364117778
357.9901,1.3830024425937106
357.990101,1.3830018319455606
357.990101999,1.3830012212968552
357.990103,1.38300061064815
357.990104,1.383
358.18745,1.5982865454541155
358.1881,1.5989956363631512
358.188101,1.5989967272726116
358.188102,1.5989978181820717
358.188103,1.5989989090905397
358.188104,1.599
358.38595,1.759996745009223
358.385951,1.7599975587572876
358.385952,1.7599983725046118
358.385953,1.7599991862526758
358.385954,1.76
358.38855,1.7582313398938394
358.38875,1.7580950794847825
358.58345,1.6254455715363638
358.5841,1.625002725207859
358.584101,1.625002043906204
358.584102,1.6250013626039297
358.584103,1.6250006813016549
358.584104,1.625
358.78195,1.7599972706592872
358.781951,1.7599979529946206
358.781952,1.759998635329333
358.781953,1.7599993176646669
358.781954,1.76
358.78465,1.7608977598384012
358.97945,1.8257655701311664
358.98015,1.825998668011961
358.980151,1.8259990010090463
358.980152,1.825999334006132
358.980153,1.8259996670029144
358.980154,1.826
359.1775,1.916699424242243
359.17815,1.9169981616159573
359.178151,1.9169986212120724
359.178152,1.9169990808077697
359.178153,1.9169995404038849
359.178154,1.917
359.37595,1.9040002628918395
359.375951,1.9040001971688645
359.375952,1.9040001314459496
359.375953,1.9040000657229748
359.375954,1.904
359.37865,1.9017686399196088
359.3788,1.901644491547289
359.5735,1.7404999041129146
359.5741,1.7400033106228805
359.574101,1.740002482966784
359.574102,1.74000165531144
359.574103,1.7400008276553438
359.574104,1.74
359.7737,1.541003987976395
359.773701,1.5410029909820695
359.773702,1.541001993988651
359.773703,1.5410009969943257
359.773704,1.541
359.7764,1.5426472505088975
359.9695,1.6606309572302405
359.9701,1.660997556007875
359.970101,1.6609981670060452
359.970102,1.6609987780042157
359.970103,1.6609993890018298
359.970104,1.661
360.1675,1.4436650101008353
360.1681,1.4430044040398924
360.168101,1.4430033030294185
360.168102,1.4430022020199462
360.168103,1.4430011010094723
360.168104,1.443
360.3655,1.5018051704116655
360.36615,1.5019988083818605
360.366151,1.5019991062865308
360.366152,1.50199940419093
360.366153,1.5019997020956006
360.366154,1.502
360.36885,1.5038245656568805
360.5635,1.635557393939743
360.56415,1.6359972929296076
360.564151,1.635997969696898
360.564152,1.635998646464804
360.564153,1.6359993232320942
360.564154,1.636
360.7615,1.6718810909090192
360.76215,1.6719992727271915
360.762151,1.671999454545435
360.762152,1.6719996363636789
360.762153,1.6719998181817566
360.762154,1.672
360.9595,1.6191750606059234
360.96015,1.6190010707069462
360.960151,1.619000803030088
360.960152,1.619000535353473
360.960153,1.6190002676766149
360.960154,1.619
361.1575,1.6170066060606008
361.15815,1.6170000404040357
361.158151,1.6170000303030314
361.158152,1.6170000202020178
361.158153,1.6170000101010136
361.158154,1.617
361.3567,1.497423989962385
361.3574,1.4970024090335972
361.357401,1.497001806774924
361.357402,1.4970012045167986
361.357403,1.4970006022581257
361.357404,1.497
361.36005,1.4966906836085443
361.5535,1.4740764523506389
361.55415,1.4740004675984208
361.554151,1.4740003506988688
361.554152,1.4740002337992104
361.554153,1.474000116899552
361.554154,1.474
361.751499999,1.3962576363637915
361.75215,1.3960015757573927
361.752151,1.3960011818182236
361.752152,1.3960007878786964
361.752153,1.3960003939395274
361.752154,1.396
361.9495,1.4627786969695638
361.95015,1.4629986464644962
361.950151,1.462998984848449
361.950152,1.462999323232094
361.950153,1.4629996616160472
361.950154,1.463
362.1475,1.4929009090909868
362.14815,1.4929993939394646
362.148151,1.4929995454545295
362.148152,1.4929996969697323
362.148153,1.4929998484849352
362.148154,1.493
362.3455,1.5218969149204686
362.3462,1.521999414289389
362.346201,1.5219995607169752
362.346202,1.5219997071446945
362.346203,1.5219998535724135
362.346204,1.522
362.34885,1.519156417759942
362.5435,1.309971503532262
362.5444,1.3090042986886716
362.544401,1.3090032240162592
362.544402,1.3090021493448245
362.544403,1.309001074672412
362.544404,1.309
362.74155,1.2093306370072778
362.7422,1.2090020222449165
362.742200999,1.2090015166835724
362.742202,1.209001011122688
362.742202999,1.2090005055613442
362.742204,1.209
362.93955,1.2816671273646083
362.94045,1.2819985271124033
362.940451,1.281998895334135
362.940452,1.2819992635562016
362.940453,1.2819996317782685
362.940454,1.282
363.13755,1.3218677117571895
363.1382,1.3219991908975082
363.138201,1.321999393173177
363.138202,1.3219995954488462
363.138203,1.3219997977243312
363.138204,1.322
363.33555,1.2013996666669076
363.3362,1.2010024444447165
363.336201,1.2010018333333985
363.336202,1.201001222222636
363.336203,1.201000611111318
363.336204,1.201
363.33875,1.200511743628618
363.53355,1.1631541862224315
363.53435,1.1630007670955456
363.534351,1.163000575321572
363.534352,1.163000383547773
363.534353,1.163000191773799
363.534354,1.163
363.73155,1.1809269090908872
363.73235,1.1809996363636788
363.732351,1.1809997272727175
363.732352,1.1809998181818393
363.732353,1.1809999090908785
363.732354,1.181
363.92955,1.0057589194646843
363.9304,1.0050035546575016
363.930401,1.0050026659935305
363.930402,1.005001777328751
363.930403,1.0050008886647797
363.930404,1.005
364.12755,0.6983284444442717
364.1284,0.6970062222229139
364.128401,0.6970046666668318
364.128402,0.6970031111121644
364.128403,0.6970015555560822
364.128404,0.6970000000000001
364.32555,0.4588504220369487
364.32625,0.45800483194283
364.326251,0.4580036239576718
364.326252,0.458002415971415
364.326253,0.4580012079851582
364.326254,0.458
364.3288,0.4581670772337606
364.52355,0.470947238768283
364.52435,0.4709997375062807
364.524351,0.4709998031297255
364.524352,0.4709998687531105
364.524353,0.4709999343765553
364.524354,0.471
364.72155,0.3305725454540731
364.72235,0.3300028484845175
364.722351,0.3300021363637119
364.722352,0.3300014242422587
364.722353,0.3300007121208055
364.722354,0.33
364.9196,0.3429603133687243
364.9202,0.342999737174598
364.920201,0.3429998028809635
364.920202,0.3429998685873289
364.920203,0.3429999342936346
364.920204,0.343
365.1176,0.2501774687343903
365.1201,0.2490018809402516
365.120101,0.2490014107054025
365.120102,0.2490009404701258
365.120103,0.249000470234849
365.120104,0.249
365.3156,0.2659476389597284
365.3162,0.2659996532381841
365.316201,0.2659997399285986
365.316202,0.265999826619092
365.316203,0.2659999133095066
365.316204,0.266
365.3188,0.2669563865759239
365.5136,0.3387222205401102
365.51435,0.3389985263687486
365.514351,0.3389988947766452
365.514352,0.3389992631845419
365.514353,0.3389996315921034
365.514354,0.339
365.71155,0.3528244566850245
365.71405,0.3529997195793378
365.714051,0.3529997896845193
365.714052,0.352999859789637
365.714053,0.3529999298948185
365.714054,0.353
365.90955,0.4683779496309621
365.9106,0.4689976392778119
365.910601,0.4689982294580905
365.910602,0.4689988196389059
365.910603,0.4689994098191846
365.910604,0.469
366.10755,0.5068263735152041
366.10845,0.5069992317411327
366.108451,0.5069994238058932
366.108452,0.506999615870479
366.108453,0.5069998079352395
366.108454,0.507
366.3056,0.5375882182182337
366.30825,0.5379993793794515
366.308251,0.5379995345345181
366.308252,0.5379996896897258
366.308253,0.5379998448449335
366.308254,0.538
366.31085,0.5368882793779165
366.5036,0.4543443079277097
366.5044,0.4540017129749546
366.504401,0.4540012847311186
366.504402,0.4540008564876721
366.504403,0.454000428243836
366.504404,0.454
366.7016,0.4380649696969896
366.7024,0.4380003232322856
366.702401,0.438000242424251
366.702402,0.4380001616161428
366.702403,0.4380000808080346
366.702404,0.438
366.8996,0.6599564782386222
366.9023,0.662995497748374
366.902301,0.6629966233115364
366.902302,0.6629977488736751
366.902303,0.6629988744368376
366.902304,0.663
367.0976,0.9198112538232356
367.0985,0.9209947400617732
367.098501,0.920996055045732
367.098502,0.9209973700308868
367.098503,0.9209986850160414
367.098504,0.921
367.2956,0.9020819701944832
367.29645,0.9020003839352926
367.296451,0.9020002879514258
367.296452,0.9020001919676464
367.296453,0.9020000959837796
367.296454,0.902
367.299,0.9002268584401447
367.4936,0.7646992278575011
367.4946,0.7640027857680336
367.494601,0.764002089326342
367.494602,0.7640013928840168
367.494603,0.7640006964416917
367.494604,0.764
367.6916,0.6414999595546924
367.6924,0.6410024873606817
367.692401,0.6410018655202284
367.692402,0.6410012436803408
367.692403,0.6410006218398876
367.692404,0.641
367.8896,0.7842705549944862
367.8906,0.7849970938442784
367.890601,0.7849978203833741
367.890602,0.7849985469218088
367.890603,0.7849992734609044
367.890604,0.785
368.0876,0.6059127272724926
368.0886,0.6050036363632137
368.088601,0.6050027272728238
368.088602,0.6050018181816069
368.088603,0.6050009090903901
368.088604,0.605
368.2856,0.8399219605867079
368.2865,0.8409952299146524
368.286501,0.8409964224354469
368.286502,0.8409976149573262
368.286503,0.8409988074781207
368.286504,0.841
368.28905,0.8439166893764013
368.4836,1.0667925410039532
368.48465,1.0679954176124102
368.484651,1.067996563209568
368.484652,1.067997708806726
368.484653,1.067998854402842
368.484654,1.068
368.68165,0.9713698508220372
368.6824,0.971001962073543
368.682401,0.9710014715550456
368.682402,0.9710009810369944
368.682403,0.9710004905184972
368.682404,0.971
368.87965,0.9315508000000196
368.8824,0.931000800000089
368.882401,0.9310006000000212
368.882402,0.9310003999999537
368.882403,0.9310002000000678
368.882404,0.931
369.07765,0.8852353324840153
369.07865,0.8850009375797221
369.078651,0.8850007031847382
369.078652,0.8850004687897545
369.078653,0.8850002343949839
369.078654,0.885
369.27565,0.8342201364669927
369.2765,0.8340010310840348
369.276501,0.8340007733131434
369.276502,0.8340005155420174
369.276503,0.8340002577708915
369.276504,0.834
369.2791,0.8318198038720487
369.47435,0.6678431883334559
369.47535,0.6670033593164408
369.475351,0.6670025194871396
369.475352,0.6670016796586024
369.475353,0.6670008398293013
369.475354,0.667
369.67165,0.7436081702991385
369.67265,0.7439984389253207
369.672651,0.7439988291940792
369.672652,0.7439992194628378
369.672653,0.7439996097312415
369.672654,0.744
369.86965,0.7957363232323911
369.87065,0.7959989494950717
369.870651,0.7959992121214231
369.870652,0.7959994747475359
369.870653,0.7959997373738874
369.870654,0.796
370.06765,0.6865577777776318
370.06865,0.686002222221964
370.068651,0.6860016666667257
370.068652,0.686001111110982
370.068653,0.6860005555557437
370.068654,0.686
370.26565,0.7078884444443726
370.26665,0.7079995555555061
370.266651,0.7079996666666548
370.266652,0.7079997777778035
370.266653,0.7079998888888512
370.266654,0.708
370.26925,0.7061513333337853
370.46365,0.5677149696967859
370.46465,0.5670028484845175
370.464651,0.5670021363630644
370.464652,0.5670014242422587
370.464653,0.5670007121208056
370.464654,0.5670000000000001
370.6617,0.8445856298918091
370.6627,0.8459943650599833
370.662701,0.8459957737956281
370.662702,0.8459971825299917
370.662703,0.8459985912656365
370.662704,0.846
370.8597,0.7416115064343002
370.86085,0.7410021196061125
370.860851,0.7410015897048253
370.860852,0.7410010598030563
370.860853,0.7410005299012872
370.860854,0.741
371.05765,0.7159304458598675
371.0587,0.7157966878981034
371.058701,0.7157965605095251
371.25565,0.6907075159235386
371.2567,0.6905737579617744
371.256701,0.6905736305731962
371.25895,0.6902871337580104
371.45365,0.6654845859873256
371.45485,0.66533171974521
371.454851,0.6653315923567477
371.65165,0.6402616560509966
371.84995,0.6150005095541968
371.849951,0.6150003821656186
371.849952,0.6150002547771563
371.849953,0.6150001273885781
371.849954,0.615
371.8528,0.6146694040404718
372.04795,0.5920004646464107
372.047951,0.5920003484848608
372.047952,0.5920002323232053
372.047953,0.5920001161615498
372.047954,0.592
372.0508,0.5901601616159591
372.24595,0.4640025858588733
372.245951,0.464001939394008
372.245952,0.4640012929291427
372.245953,0.4640006464648654
372.245954,0.464
372.2488,0.461024636364246
372.44395,0.2570041818176958
372.443951,0.2570031363627965
372.443952,0.2570020909088479
372.443953,0.2570010454539485
372.443954,0.257
372.44845,0.2579253131314099
372.44875,0.25798705555559
372.64195,0.2977491767678192
372.641951,0.2977493825757825
372.64445,0.2982636969697568
372.83995,0.3384991767676788
372.839951,0.3384993825758293
372.84245,0.3390136969698036
373.03815,0.3792903383837833
373.038151,0.3792905441919337
373.0422,0.3801238611111506
373.23595,0.4199991767677724
373.235951,0.4199993825757357
373.235952,0.4199995883838862
373.235953,0.4199997941918495
373.235954,0.42
373.2388,0.4188213535352237
373.43395,0.3380016565658407
373.433951,0.3380012424242864
373.433952,0.3380008282831087
373.433953,0.3380004141415543
373.433954,0.338
373.43655,0.3380261891551008
373.4369,0.3380297200504375
373.6322,0.3399999596469152
373.632201,0.3399999697351818
373.632202,0.3399999798234576
373.632203,0.3399999899117334
373.632204,0.34
373.6348,0.3399724673619325
373.83,0.3379022166106877
373.830001,0.337902206004901
373.8325,0.3378757021287344
374.0282,0.3358001484810972
374.028201,0.3358001378753008
374.0305,0.3357757551576951
374.226,0.3337023226686187
374.226001,0.3337023120628223
374.2285,0.3336758081866557
374.424,0.3316023756975793
374.424001,0.3316023650917926
374.42625,0.3315785126638224
374.42665,0.3315742703467102
374.6238,0.3294833382995402
374.623801,0.3294833276937438
374.6261,0.3294589449761381
374.82,0.3274024817555103
374.820001,0.3274024711497139
374.8225,0.3273759672735473
375.0182,0.3253004136259196
375.018201,0.3253004030201233
375.0205,0.3252760203025176
375.21625,0.3231999363652449
375.216251,0.3231999257594485
375.2185,0.3231760733314783
375.414,0.3211026408424018
375.414001,0.3211026302366054
375.41625,0.3210787778086352
375.41665,0.3210745354915231
375.612249999,0.3190000424231662
375.612251,0.3190000318173794
375.612252,0.3190000212115831
375.612253,0.3190000106057867
375.612254,0.319
375.61485,0.3192622222222487
375.81025,0.3389995959595511
375.810251,0.3389996969696863
375.810252,0.3389997979798215
375.810253,0.3389998989898648
375.810254,0.339
375.81285,0.3409535555557623
376.00825,0.4879969898993397
376.008251,0.4879977424248469
376.008251999,0.4879984949496698
376.008253,0.4879992474751771
376.008254,0.488
376.010849999,0.4858891111108974
376.20625,0.3270032525248745
376.206251,0.3270024393940257
376.206252,0.3270016262624373
376.206253,0.3270008131315884
376.206254,0.327
376.21085,0.3257217193426714
376.404,0.2720011125159264
376.404001,0.2720008343868816
376.404002,0.2720005562578367
376.404003,0.2720002781290448
376.404004,0.272
376.40665,0.2719466128625489
376.407,0.2719395510718754
376.60225,0.2680000807061697
376.602251,0.2680000605296181
376.602252,0.2680000403530848
376.602253,0.2680000201765332
376.602254,0.268
376.60485,0.2670247933883318
376.8019,0.1930015026297688
376.801901,0.1930011269722412
376.801902,0.1930007513147136
376.801903,0.1930003756575276
376.801904,0.193
376.8045,0.1924583409668654
376.997749999,0.1521364580153496
376.9984,0.1520008346056907
376.998401,0.1520006259542206
376.998402,0.1520004173027505
376.998402999,0.1520002086514701
376.998404,0.152
377.19785,0.1080008824267714
377.197851,0.1080006618200284
377.197852,0.1080004412132853
377.197853,0.108000220606743
377.197854,0.108
377.20045,0.1087534215884089
377.39425,0.1649988391037406
377.394251,0.1649991293278714
377.394252,0.1649994195520022
377.394253,0.1649997097758691
377.394254,0.165
377.39685,0.1659833333334328
377.397,0.1660401515151936
377.59225,0.2399984848483164
377.592251,0.2399988636363234
377.592252,0.2399992424239859
377.592253,0.2399996212119929
377.592254,0.24
377.59485,0.2396460000000865
377.79025,0.213000545454482
377.790251,0.2130004090909235
377.790252,0.213000272727241
377.790253,0.2130001363635585
377.790254,0.213
377.7948,0.2151330877901686
377.9878,0.3056931281536215
377.98845,0.3059981231081898
377.988451,0.3059985923313557
377.988452,0.3059990615540949
377.988452999,0.3059995307772608
377.988454,0.306
378.1863,0.3929982410915407
378.186301,0.3929986808187555
378.186302,0.3929991205459703
378.186303,0.3929995602727852
378.186304,0.393
378.18885,0.3930771710027698
378.38425,0.398999878757276
378.384251,0.3989999090679432
378.384252,0.398999939378638
378.384253,0.3989999696893328
378.384254,0.399
378.38685,0.3990131111111125
378.387,0.3990138686868693
378.58225,0.3999999797979776
378.582251,0.3999999848484843
378.582252,0.3999999898989911
378.582253,0.3999999949494933
378.582254,0.4
378.58485,0.3998427063872597
378.7803,0.3880002423630665
378.780301,0.3880001817722862
378.780302,0.3880001211815057
378.780303,0.3880000605907804
378.780304,0.388
378.7848,0.3876911838384138
378.9778,0.3744346181818307
378.97845,0.3743899717171877
378.978451,0.3743899030302957
379.1758,0.3608346181818057
379.17645,0.3607899717171627
379.176451,0.3607899030303332
379.37495,0.3471556282828497
379.374951,0.3471555595959578
379.37725,0.3469976484848627
379.3774,0.34698734545457
379.57195,0.3336243151515256
379.57255,0.3335831030302926
379.572551,0.3335830343434006
379.7703,0.3200002747474428
379.770301,0.3200002060606133
379.770302,0.3200001373737214
379.770303,0.3200000686868294
379.770304,0.32
379.7729,0.3190647385538191
379.9678,0.2488480760571134
379.97015,0.2480014410806431
379.970151,0.2480010808106462
379.970152,0.2480007205403215
379.970153,0.2480003602699969
379.970154,0.248
380.16585,0.3427076923073307
380.16645,0.342998064187253
380.166451,0.3429985481405498
380.166452,0.3429990320934064
380.166453,0.3429995160467032
380.166454,0.343
380.3643,0.2700014758653832
380.364301,0.2700011068992052
380.364302,0.2700007379326916
380.364303,0.2700003689665136
380.364304,0.27
380.3669,0.2717948624781038
380.36705,0.271898571789127
380.5618,0.4065478274032094
380.56245,0.4069972344180625
380.562451,0.4069979258137041
380.562452,0.4069986172093457
380.562453,0.4069993086043584
380.562454,0.407
380.7598,0.3372312121213515
380.76045,0.3370014141415713
380.760451,0.3370010606060981
380.760452,0.3370007070709465
380.760453,0.3370003535354732
380.760454,0.337
380.9578,0.4785309696973372
380.95845,0.4789971313134647
380.958451,0.4789978484847724
380.958452,0.4789985656567324
380.958453,0.4789992828286923
380.958454,0.479
381.1558,0.5427725018934478
381.1565,0.5429987073972722
381.156501,0.5429990305478072
381.156502,0.5429993536986362
381.156503,0.542999676849465
381.156504,0.543
381.35385,0.3366837272731393
381.3545,0.3360041818186466
381.354501,0.3360031363637473
381.354502,0.3360020909088479
381.354503,0.3360010454548994
381.354504,0.336
381.3571,0.3359738108448901
381.5521,0.3340065977301336
381.55275,0.3340000403530848
381.552751,0.334000030264809
381.552752,0.3340000201765424
381.552753,0.3340000100882666
381.552754,0.334
381.74985,0.410745345132944
381.750499999,0.4109984424780571
381.750501,0.4109988318583658
381.750501999,0.4109992212390286
381.750503,0.4109996106196913
381.750503999,0.411
381.94785,0.4080099090909151
381.9485,0.4080000606060673
381.948501,0.4080000454545471
381.948502,0.4080000303030268
381.948503,0.4080000151515203
381.948504,0.408
382.14585,0.2614855454541651
382.1465,0.2610029696966246
382.146501,0.2610022272721308
382.146502,0.2610014848483123
382.146503,0.2610007424238185
382.146504,0.261
382.34385,0.1045185757571671
382.3445,0.1040031717168031
382.344501,0.1040023787879629
382.344502,0.1040015858584015
382.344503,0.1040007929295613
382.344504,0.104
382.34705,0.1038598298298459
382.5435,0.0930442642642776
382.5443,0.0930002202202447
382.544301,0.093000165165171
382.544302,0.0930001101100973
382.544303,0.0930000550550737
382.544304,0.093
382.739849999,0.1936633333335971
382.7405,0.1939979408768957
382.740501,0.1939984556579059
382.740502,0.1939989704384478
382.740503,0.193999485219458
382.740504,0.194
382.93785,0.0645601412713689
382.9387,0.0640026236128042
382.938701,0.064001967709454
382.938702,0.0640013118067003
382.938703,0.0640006559033501
382.938704,0.064
383.1368,0.1158288905661719
383.13745,0.1159989534592411
383.137451,0.1159992150943118
383.137452,0.1159994767296205
383.137453,0.1159997383646913
383.137454,0.116
383.33385,0.1458928462709223
383.33455,0.1459993911719262
383.334551,0.1459995433789792
383.334552,0.1459996955860323
383.334553,0.1459998477929469
383.334554,0.146
383.3371,0.1457815143866977
383.53185,0.129068995456861
383.53265,0.1290003432609394
383.532651,0.1290002574457436
383.532652,0.1290001716304697
383.532653,0.1290000858151958
383.532654,0.129
383.7299,0.2156249469961162
383.73075,0.2159982433112635
383.730751,0.2159986824835475
383.730752,0.215999121655432
383.730753,0.215999560827716
383.730754,0.216
383.9279,0.4748785858587266
383.92875,0.4759947474753578
383.928751,0.4759960606059212
383.928752,0.4759973737376789
383.928753,0.4759986868694366
383.928754,0.476
384.1272,0.4122262415265005
384.1279,0.4120012854633616
384.127901,0.4120009640974481
384.127902,0.4120006427315347
384.127903,0.4120003213659134
384.127904,0.412
384.3239,0.2893778840289522
384.3245,0.2890025025435131
384.324501,0.2890018769074925
384.324502,0.289001251272041
384.324503,0.2890006256360205
384.324504,0.289
384.3271,0.2924962522059536
384.5221,0.5551192030271721
384.52275,0.5559946128631734
384.522751,0.5559959596467676
384.522752,0.5559973064315866
384.522753,0.5559986532164058
384.522754,0.556
384.71985,0.9362653971428117
384.7223,0.940992282635073
384.722301,0.9409942119767436
384.722302,0.940996141318414
384.722303,0.9409980706583296
384.722304,0.941
384.9179,0.8673216899974143
384.91875,0.8670015067445437
384.918751,0.8670011300582364
384.918752,0.8670007533722718
384.918753,0.8670003766859646
384.918754,0.867
385.1159,0.8072587878787543
385.11675,0.8070012121210713
385.116751,0.8070009090909414
385.116752,0.8070006060605357
385.116753,0.80700030303013
385.116754,0.807
385.3139,0.5289224772490222
385.31455,0.528005642062034
385.314551,0.5280042315471669
385.314552,0.528002821031017
385.314553,0.5280014105148672
385.314554,0.528
385.31715,0.5301223921273929
385.5119,0.6893426797878406
385.5127,0.6899967297505694
385.512701,0.6899975473125552
385.512702,0.6899983648752848
385.512703,0.6899991824372707
385.512704,0.6900000000000001
385.7099,0.5834344848486159
385.7107,0.5830021616164018
385.710701,0.5830016212121785
385.710702,0.5830010808084467
385.710703,0.5830005404042233
385.710704,0.583
385.9079,0.6447170721859092
385.9088,0.6449987481071622
385.908801,0.6449990610802293
385.908802,0.6449993740535811
385.908803,0.6449996870266482
385.908804,0.645
386.1059,0.4907076767680248
386.1068,0.4900031313134794
386.106801,0.4900023484849315
386.106802,0.4900015656563837
386.106803,0.4900007828285478
386.106804,0.49
386.3039,0.5058328207482112
386.30475,0.5059011016754833
386.304751,0.50590118200594
386.30875,0.5062224236860334
386.5019,0.5217382602708444
386.5027,0.5218025246729397
386.502701,0.5218026050033966
386.6999,0.5376436997934044
386.7007,0.5377079641954998
386.700701,0.5377080445260297
386.8979,0.5535491393160376
386.8989,0.5536294698186933
386.898901,0.5536295501491502
387.0959,0.5694545788386707
387.0968,0.5695268762910463
387.096801,0.5695269566215031
387.29395,0.5853640348864073
387.2948,0.5854323158136063
387.294801,0.5854323961441362
387.2988,0.5857536378241565
387.49195,0.6012694744089674
387.49275,0.6013337388110629
387.492751,0.6013338191415927
387.68995,0.6171749139316005
387.69075,0.6172391783336959
387.690751,0.6172392586642258
387.88795,0.6330803534541606
387.88895,0.6331606839568165
387.888951,0.6331607642873462
388.08595,0.6489857929767937
388.08695,0.6490661234794495
388.086951,0.6490662038099794
388.28445,0.6649313977507547
388.2853,0.6649996786779537
388.285301,0.6649997590084835
388.285302,0.6649998393390134
388.285303,0.6649999196694703
388.285304,0.665
388.28805,0.6609709587653263
388.48195,0.3764731090320664
388.48295,0.3750058689609357
388.482951,0.3750044017203682
388.482952,0.3750029344811351
388.482953,0.3750014672405675
388.482954,0.375
388.67995,0.1093538787875307
388.68095,0.1080053939387671
388.680951,0.1080040454546885
388.680952,0.1080026969693835
388.680953,0.1080013484840785
388.680954,0.108
388.87795,0.2234117979799519
388.87895,0.223997656565396
388.878951,0.2239982424241802
388.878952,0.2239988282829644
388.878953,0.2239994141412158
388.878954,0.224
389.07595,0.1842028282829589
389.07695,0.1840008080808979
389.076951,0.1840006060606275
389.076952,0.1840004040405408
389.076953,0.1840002020202704
389.076954,0.184
389.27395,0.1949497524001773
389.27485,0.1949997776654629
389.274851,0.1949998332491098
389.274852,0.1949998888327062
389.274853,0.1949999444163531
389.274854,0.195
389.2776,0.1985029014497193
389.47195,0.4464231115561003
389.47475,0.4499948974481571
389.474751,0.4499961730864079
389.474752,0.4499974487246586
389.474753,0.4499987243617492
389.474754,0.45
389.67,0.27788505477684
389.671,0.2770035261150416
389.671001,0.2770026445860808
389.671002,0.27700176305712
389.671003,0.2770008815289608
389.671004,0.277
389.868,0.3675385656562684
389.869,0.3679981616159572
389.869001,0.3679986212120724
389.869002,0.3679990808077696
389.869003,0.3679995404038848
389.869004,0.368
390.06595,0.4286752828284712
390.067,0.4289987676769108
390.067001,0.428999075757543
390.067002,0.4289993838384554
390.067003,0.4289996919193678
390.067004,0.429
390.26395,0.2668676868689281
390.265,0.2660032929296589
390.265001,0.2660024696970571
390.265002,0.2660016464644551
390.265003,0.2660008232326019
390.265004,0.266
390.26775,0.2627131212119881
390.46195,0.0302616060609568
390.463,0.02900478787932
390.463001,0.0290035909092179
390.463002,0.0290023939402043
390.463003,0.0290011969701022
390.463004,0.029
390.6604,0.0428350137671951
390.66275,0.0429997196495307
390.662751,0.042999789737164
390.662752,0.0429998598247972
390.662753,0.0429999299123667
390.662754,0.043
390.858,0.0678721019108612
390.859,0.0679994904458032
390.859001,0.0679996178343814
390.859002,0.0679997452229595
390.859003,0.0679998726114218
390.859004,0.068
391.056,0.1356551919189698
391.057,0.1359986262624735
391.057001,0.1359989696969332
391.057002,0.1359993131310806
391.057003,0.1359996565655403
391.057004,0.136
391.254,0.1320127311827981
391.45225,0.1280000809614258
391.452251,0.1280000607210647
391.452252,0.1280000404807037
391.452253,0.128000020240361
391.452254,0.128
391.45505,0.1287201818181193
391.45525,0.1287716969697386
391.65025,0.1789989696968551
391.650251,0.1789992272726999
391.650252,0.1789994848483104
391.650253,0.1789997424241552
391.650254,0.179
391.6531,0.1787125252525841
391.84825,0.1590004040403571
391.848251,0.1590003030303137
391.848252,0.1590002020201785
391.848253,0.1590001010100433
391.848254,0.159
391.8511,0.1598049292930179
392.04625,0.2149988686867429
392.046251,0.2149991515151215
392.046252,0.2149994343435
392.046253,0.2149997171716214
392.046254,0.215
392.0491,0.2142527543548772
392.2443,0.1630010502399551
392.244301,0.1630007876799067
392.244302,0.1630005251198582
392.244303,0.1630002625600485
392.244304,0.163
392.2471,0.1625340000000404
392.4423,0.1300006666667407
392.442301,0.1300005000000176
392.442302,0.1300003333334461
392.442303,0.1300001666667231
392.442304,0.13
392.4451,0.1308755151514432
392.44525,0.1309224848483657
392.6403,0.191998747474893
392.640301,0.1919990606060274
392.640302,0.1919993737374465
392.640303,0.1919996868688656
392.640304,0.192
392.64505,0.1974342597736026
392.83855,0.4189954199238288
392.838551,0.418996564943132
392.838552,0.4189977099624351
392.838553,0.4189988549806968
392.838554,0.419
392.8411,0.4189742503160585
393.0363,0.4170000404551245
393.036301,0.4170000303413411
393.036302,0.4170000202275669
393.036303,0.4170000101137834
393.036304,0.417
393.0391,0.4151218787880331
393.2343,0.2840026868683746
393.234301,0.2840020151515864
393.234302,0.2840013434341873
393.234303,0.2840006717167882
393.234304,0.284
393.2371,0.2820250252272097
393.4325,0.1440028254285314
393.432501,0.1440021190710773
393.432502,0.1440014127142657
393.432503,0.1440007063568116
393.432504,0.144
393.4351,0.144377079889845
393.43525,0.1443988680190491
393.63215,0.172999418983156
393.632151,0.1729995642374001
393.632152,0.1729997094916441
393.632153,0.172999854745756
393.632154,0.173
393.6348,0.1730404175152737
393.82855,0.1759999389002107
393.828551,0.1759999541751511
393.828552,0.1759999694501053
393.828553,0.1759999847250457
393.828554,0.176
393.83115,0.175252666666591
394.02655,0.1190011515152795
394.026551,0.1190008636363941
394.026552,0.1190005757577706
394.026553,0.1190002878788853
394.026554,0.119
394.02915,0.1199023879090987
394.22505,0.18799860957195
394.225051,0.1879989571788044
394.225052,0.1879993047859749
394.225053,0.1879996523931456
394.225054,0.188
394.2279,0.1864565534716964
394.42235,0.0810021692851001
394.422351,0.0810016269635785
394.422352,0.08100108464255
394.422353,0.0810005423210284
394.422354,0.081
394.42515,0.0812116044400096
394.4253,0.0812229566095239
394.62055,0.0959996972754456
394.620551,0.0959997729566014
394.620552,0.0959998486376884
394.620553,0.0959999243188442
394.620554,0.096
394.62315,0.0958951111111367
394.81855,0.0880001616161428
394.818551,0.0880001212121255
394.818552,0.0880000808080714
394.818553,0.0880000404040173
394.818554,0.088
394.82305,0.0903615353537795
395.01655,0.1919978989896654
395.016551,0.1919984242423685
395.016552,0.1919989494950715
395.016552999,0.1919994747472969
395.016554,0.192
395.01915,0.1925776182048626
395.2143,0.2359991099872588
395.214301,0.2359993324904947
395.214302,0.2359995549935282
395.214303,0.2359997774967641
395.214304,0.236
395.21715,0.2348524193550732
395.4127,0.1560016129030383
395.412701,0.1560012096770954
395.412702,0.1560008064515191
395.412703,0.1560004032255762
395.412704,0.156
395.4155,0.1554488551931972
395.41565,0.1554192873387919
395.61055,0.1170007884762059
395.610550999,0.1170005913571096
395.610551999,0.1170003942380133
395.610552999,0.1170001971190963
395.610553999,0.117
395.61315,0.1163187383294788
395.80805,0.0651716275549862
395.8087,0.0650010497099324
395.808701,0.0650007872823897
395.808702,0.0650005248550855
395.808703,0.0650002624275428
395.808704,0.065
396.00655,0.1299986858732889
396.006551,0.1299990144048173
396.006552,0.1299993429366444
396.006552999,0.1299996714684716
396.006554,0.13
396.00915,0.1307866666667463
396.20455,0.1899987878786531
396.204551,0.1899990909090587
396.204552,0.1899993939394643
396.204553,0.1899996969695943
396.204554,0.19
396.20715,0.1913601209069442
396.40305,0.2939979042823594
396.403051,0.2939984282120078
396.403052,0.2939989521411796
396.403053,0.2939994760708281
396.403054,0.294
396.4056,0.2946572817009928
396.40575,0.2946960060745299
396.6006,0.3449989673499232
396.600601,0.3449992255125011
396.600602,0.3449994836748442
396.600603,0.3449997418374221
396.600604,0.345
396.6032,0.3443973454455166
396.7981,0.2991518243753542
396.79875,0.2990009285893445
396.798751,0.2990006964421139
396.798752,0.2990004642946722
396.798753,0.2990002321472305
396.798754,0.299
396.996599999,0.1640027293407128
396.996601,0.1640020470053794
396.996602,0.1640013646700461
396.996603,0.1640006823353333
396.996603999,0.164
396.99915,0.1641543030302852
397.1946,0.1759997575757306
397.194601,0.1759998181818117
397.194602,0.1759998787878377
397.194603,0.1759999393939188
397.194604,0.176
397.19715,0.1764869048816761
397.3933,0.2139992350275948
397.393301,0.2139994262707396
397.393302,0.2139996175137104
397.393303,0.2139998087568552
397.393304,0.214
397.3935,0.2142573586818241
397.396,0.2175399949297267
397.59055,0.4729947477826128
397.590551,0.4729960608375567
397.590552,0.4729973738913064
397.590553,0.4729986869462503
397.590554,0.473
397.5932,0.4723725428857809
397.7881,0.4261550857720406
397.78875,0.4260009485369369
397.788751,0.4260007114026488
397.788752,0.4260004742685763
397.788753,0.4260002371342881
397.788754,0.426
397.9867,0.2695170090637573
397.98735,0.2690031621352962
397.987351,0.2690023716012923
397.987352,0.2690015810672886
397.987352999,0.2690007905340038
397.987354,0.269
398.1846,0.1960014803550441
398.184601,0.1960011102661989
398.184602,0.1960007401776903
398.184603,0.1960003700888452
398.184604,0.196
398.1872,0.1957784538153159
398.3838,0.1790003413654997
398.383801,0.1790002560241054
398.383802,0.1790001706827887
398.383803,0.1790000853413943
398.383804,0.179
398.38405,0.1789801362604405
398.38655,0.1787782689881311
398.58195,0.1630003229876715
398.581951,0.1630002422407352
398.581952,0.1630001614938725
398.581953,0.1630000807469362
398.581954,0.163
398.58455,0.1635276422762929
398.77815,0.2028772357723902
398.77875,0.2029991869917795
398.778751,0.2029993902438809
398.778752,0.2029995934959822
398.778753,0.2029997967478987
398.778754,0.203
398.97745,0.2807441083519897
398.9781,0.2809984349132948
398.978101,0.2809988261850601
398.978102,0.2809992174568253
398.978103,0.2809996087282347
398.978104,0.281
399.1746,0.4879957862590736
399.174601,0.4879968396945446
399.174602,0.4879978931300158
399.174603,0.4879989465645288
399.174604,0.488
399.1772,0.4871877264697632
399.37215,0.4261889881402473
399.37275,0.4260012515772272
399.372751,0.4260009386828492
399.372752,0.4260006257884713
399.372753,0.4260003128943779
399.372754,0.426
399.37535,0.4257509517798279
399.57015,0.4070627417319238
399.5708,0.4070003837415221
399.570801,0.4070002878061198
399.570802,0.4070001918707174
399.570803,0.4070000959354024
399.570804,0.407
399.7681,0.2953982222217324
399.7688,0.2950022626259996
399.768801,0.2950016969692425
399.768802,0.2950011313129998
399.768803,0.2950005656562426
399.768804,0.295
399.96615,0.0996473939388837
399.9668,0.0990039595954994
399.966801,0.0990029696970747
399.966802,0.0990019797977497
399.966803,0.0990009898984247
399.966804,0.099
400.16415,0.1727555757574284
400.1648,0.1729985050503388
400.164801,0.1729988787878391
400.164802,0.1729992525253394
400.164803,0.1729996262624997
400.164804,0.173
400.36265,0.0590023047760778
400.362651,0.0590017285823204
400.362652,0.0590011523880389
400.362653,0.0590005761937574
400.362654,0.059
400.36285,0.0589832141057969
400.3654,0.0587648261964641
400.5605,0.0420560100756004
400.56115,0.0420003425693076
400.561151,0.0420002569269612
400.561152,0.0420001712846148
400.561153,0.0420000856423463
400.561154,0.042
400.75815,0.1289608628040262
400.7605,0.1299982342611531
400.760501,0.1299986756959652
400.760502,0.1299991171307773
400.760503,0.1299995585651879
400.760504,0.13
400.95615,0.101096617422237
400.9568,0.1010005909321778
400.956801,0.1010004431992006
400.956802,0.1010002954660889
400.956803,0.1010001477329773
400.956804,0.101
401.15415,0.1558183333332238
401.1548,0.155998888889018
401.154801,0.1559991666666371
401.154802,0.155999444444509
401.154803,0.1559997222221281
401.154804,0.156
401.35215,0.2008174110521779
401.35295,0.2009990915971738
401.352951,0.200999318697932
401.352952,0.2009995457986902
401.352953,0.2009997728992418
401.352954,0.201
401.3575,0.201
401.55015,0.201
401.5508,0.201
401.550801,0.201
401.550802,0.201
401.550803,0.201
401.550804,0.201
401.74815,0.1840775182850318
401.74905,0.1840003430012991
401.749051,0.1840002572509548
401.749052,0.1840001715006105
401.749053,0.1840000857503443
401.749053999,0.184
401.94615,0.1600793729456862
401.9468,0.1600004854614951
401.946801,0.1600003640960938
401.946802,0.1600002427308028
401.946803,0.1600001213654014
401.946804,0.16
402.14415,0.233736955314299
402.14485,0.2339985054277561
402.144851,0.233998879070902
402.144852,0.2339992527137081
402.144853,0.233999626356854
402.144854,0.234
402.34245,0.1842026209675749
402.34325,0.1840010080643989
402.343251,0.1840007560481846
402.343252,0.1840005040321994
402.343253,0.1840002520159851
402.343254,0.184
402.34585,0.182870161943206
402.5402,0.0982846356277017
402.54085,0.0980017408908817
402.540851,0.0980013056680623
402.540852,0.0980008704452429
402.540853,0.0980004352228194
402.540854,0.098
402.7382,0.1547543995963986
402.73905,0.154998849646955
402.739051,0.1549991372350855
402.739052,0.1549994248234775
402.739053,0.1549997124118695
402.739054,0.155
402.9362,0.1082027171716907
402.93705,0.108000949495055
402.937051,0.1080007121212373
402.937052,0.1080004747474195
402.937053,0.1080002373738177
402.937054,0.108
403.13535,0.1309243930635381
403.136,0.1309995375722029
403.136001,0.1309996531791785
403.136002,0.130999768786154
403.136003,0.1309998843930244
403.136004,0.131
403.3322,0.1210332232664665
403.33285,0.1210002032004289
403.332851,0.1210001524003101
403.332852,0.1210001016002376
403.332853,0.1210000508001188
403.332854,0.121
403.33555,0.121394569770313
403.5302,0.1498823315670917
403.531,0.1499994145849784
403.531001,0.1499995609386673
403.531002,0.1499997072924892
403.531003,0.1499998536463111
403.531004,0.15
403.7282,0.0663622115626901
403.72905,0.0660016965410803
403.729051,0.0660012724056173
403.729052,0.0660008482705401
403.729053,0.0660004241350772
403.729054,0.066
403.9262,0.1894651717172413
403.92705,0.189997494949786
403.927051,0.1899981212120547
403.927052,0.189998747474893
403.927053,0.1899993737371617
403.927054,0.19
404.1242,0.1142512841251816
404.12485,0.114001536905787
404.124851,0.114001152679515
404.124852,0.1140007684528935
404.124853,0.1140003842266214
404.124854,0.114
404.3222,0.1379207272726795
404.32285,0.1379995151514612
404.322851,0.1379996363636235
404.322852,0.1379997575757857
404.322853,0.1379998787878377
404.322854,0.138
404.3256,0.1404944738835245
404.52025,0.3173150643446509
404.521,0.3179963663886952
404.521001,0.317997274791728
404.521002,0.3179981831939345
404.521003,0.3179990915969672
404.521004,0.318
404.71825,0.146741484098846
404.7191,0.146003472993034
404.719101,0.1460026047451703
404.719102,0.146001736496517
404.719103,0.1460008682486533
404.719104,0.146
404.9162,0.1141461010101728
404.9171,0.1140006464647183
404.917101,0.114000484848502
404.917102,0.1140003232324326
404.917103,0.1140001616162163
404.917104,0.114
405.1142,0.2473882020205138
405.1151,0.2479972929296075
405.115101,0.2479979696968978
405.115102,0.2479986464648037
405.115103,0.2479993232327096
405.115104,0.248
405.3122,0.1324712683174746
405.313,0.1320023446182217
405.313001,0.1320017584639328
405.313002,0.1320011723091108
405.313003,0.1320005861542889
405.313004,0.132
405.3156,0.1304694784578914
405.5102,0.0157393197277677
405.51145,0.0150023582763699
405.511451,0.0150017687075455
405.511452,0.0150011791381849
405.511453,0.0150005895688243
405.511454,0.015
405.7082,0.2132252932329952
405.71095,0.215995969924364
405.710951,0.2159969774435021
405.710952,0.2159979849617238
405.710953,0.2159989924808619
405.710954,0.216
405.90625,0.2030565995411603
405.9071,0.2030002651032668
405.907101,0.203000198827435
405.907102,0.2030001325516032
405.907103,0.2030000662758317
405.907104,0.203
406.10425,0.1412674141416641
406.1051,0.1410012525253917
406.105101,0.1410009393939726
406.105102,0.1410006262628383
406.105103,0.1410003131314191
406.105104,0.141
406.30225,0.1350198382204366
406.3029,0.135000121334695
406.302901,0.1350000910010143
406.302902,0.1350000606673612
406.302903,0.1350000303336806
406.302904,0.135
406.3056,0.1351622467401945
406.5015,0.1469516148445188
406.5023,0.1469997592778614
406.502301,0.1469998194583687
406.502302,0.1469998796389307
406.502303,0.1469999398194927
406.502304,0.147
406.69825,0.0286066311250412
406.69925,0.0280024168573389
406.699251,0.0280018126428668
406.699252,0.0280012084289442
406.699253,0.0280006042144721
406.699254,0.028
406.89625,0.1732596767678671
406.89725,0.1739970505053932
406.897251,0.1739977878787096
406.897252,0.1739985252526966
406.897253,0.1739992626266836
406.897254,0.174
407.09425,0.3143913874147878
407.0951,0.3149971493552555
407.095101,0.3149978620166037
407.095102,0.3149985746779518
407.095103,0.3149992873386518
407.095104,0.315
407.29225,0.1845650202019492
407.2931,0.1840026464643389
407.293101,0.1840019848479533
407.293102,0.1840013232321694
407.293103,0.1840006616157838
407.293104,0.184
407.29585,0.1820995099771934
407.49025,0.0475564435465169
407.49105,0.0470027683761602
407.491051,0.0470020762819627
407.491051999,0.0470013841883948
407.491053,0.0470006920941974
407.491054,0.047
407.68825,0.0668986881937699
407.68925,0.0669995963672608
407.689251,0.0669996972754686
407.689252,0.0669997981836763
407.689253,0.0669998990917922
407.689254,0.067
407.88625,0.1276906868684876
407.88725,0.1279987676766307
407.887251,0.127999075757543
407.887252,0.1279993838381752
407.887253,0.1279996919190876
407.887254,0.128
408.0843,0.1379568468923752
408.08515,0.1379997978777395
408.085151,0.1379998484083276
408.085152,0.1379998989388697
408.085153,0.1379999494694578
408.085154,0.138
408.2823,0.0912381428210329
408.2833,0.0910009487760694
408.283301,0.0910007115821599
408.283302,0.0910004743880347
408.283303,0.0910002371939094
408.283304,0.091
408.2859,0.0906459999999641
408.4803,0.0641369090908732
408.4813,0.0640005454546061
408.481301,0.0640004090909235
408.481302,0.064000272727241
408.481303,0.0640001363636825
408.481304,0.064
408.6783,0.0829036565655945
408.6793,0.0829996161615735
408.679301,0.0829997121212019
408.679302,0.0829998080807431
408.679303,0.0829999040403715
408.679304,0.083
408.8763,0.186472646464782
408.8773,0.1869978989901431
408.877301,0.1869984242423685
408.877302,0.1869989494950715
408.877303,0.1869994747477746
408.877304,0.187
409.0743,0.1760557777777631
409.0753,0.1760002222222469
409.075301,0.1760001666666725
409.075302,0.1760001111110982
409.075303,0.1760000555555743
409.075304,0.176
409.27225,0.1541005205963601
409.27315,0.1540004447813483
409.273151,0.1540003335860618
409.273152,0.1540002223906741
409.273153,0.1540001111952865
409.273154,0.154
409.2759,0.1527111884935123
409.4703,0.0614712187735333
409.4713,0.0610018773654139
409.471301,0.0610014080242738
409.471302,0.0610009386827069
409.471303,0.0610004693415669
409.471304,0.061
409.6683,0.1192011216823916
409.671,0.1199988182272096
409.671001,0.1199991136704744
409.671002,0.1199994091137391
409.671003,0.1199997045567352
409.671004,0.12
409.8663,0.0662761895057871
409.8673,0.0660011003564691
409.867301,0.0660008252672267
409.867302,0.0660005501782345
409.867303,0.0660002750889922
409.867304,0.066
410.0643,0.099827595959641
410.0653,0.0999993131313929
410.065301,0.0999994848484666
410.065302,0.0999996565656964
410.065303,0.0999998282827701
410.065304,0.1
410.2623,0.1209040727639749
410.2632,0.1209995755431564
410.263201,0.1209996816573914
410.263202,0.1209997877716264
410.263203,0.1209998938857649
410.263204,0.121
410.2659,0.1205399548306891
410.4614,0.0871798544540986
410.46245,0.0870006825595191
410.462451,0.0870005119197169
410.462452,0.0870003412797595
410.462453,0.0870001706398022
410.462454,0.087
410.6583,0.0551955239787082
410.6595,0.0550006495813967
410.659501,0.0550004871860106
410.659502,0.0550003247907722
410.659503,0.0550001623953861
410.659504,0.055
410.8563,0.1723713823601968
410.85735,0.172997614354586
410.857351,0.1729982107656683
410.857352,0.172998807177293
410.857353,0.1729994035883753
410.857354,0.173
411.0543,0.1122095838077837
411.2526,0.0510012346617438
411.252601,0.0510009259962376
411.252602,0.0510006173310122
411.252603,0.0510003086655061
411.252604,0.051
411.2554,0.0517142299022698
411.45225,0.1019989782117571
411.452251,0.1019992336588759
411.452252,0.1019994891059947
411.452253,0.1019997445528812
411.452254,0.102
411.4548,0.1007941023683579
411.4552,0.1006046447671833
411.6486,0.0090018945762228
411.648601,0.0090014209320594
411.648602,0.009000947287896
411.648603,0.0090004736441634
411.648604,0.009
411.6514,0.0095224848484419
411.8466,0.0459992525253393
411.846601,0.0459994393940895
411.846602,0.0459996262626696
411.846603,0.0459998131314198
411.846604,0.046
411.8494,0.0465789696971078
412.0446,0.0869991717172679
412.044601,0.0869993787878568
412.044602,0.0869995858586339
412.044603,0.0869997929292228
412.044604,0.087
412.0474,0.0871550592387065
412.24295,0.0979997781699274
412.242951,0.0979998336274708
412.242952,0.0979998890849637
412.242953,0.097999944542507
412.242954,0.098
412.2458,0.098806354667431
412.4406,0.1539988666836632
412.440601,0.1539991500128762
412.440602,0.1539994333418315
412.440603,0.1539997166710446
412.440604,0.154
412.4434,0.1541553333333704
412.44355,0.1541636666666953
412.6386,0.1649997777778036
412.638601,0.1649998333333274
412.638602,0.1649998888889018
412.638603,0.1649999444444256
412.638604,0.165
412.64145,0.1644401311474795
412.83685,0.1260007868853333
412.836851,0.1260005901639553
412.836852,0.1260003934427561
412.836853,0.126000196721378
412.836854,0.126
412.83945,0.1253175328616448
413.03465,0.0740010515673565
413.034651,0.0740007886754576
413.034652,0.0740005257837978
413.034653,0.0740002628918989
413.034654,0.074
413.03745,0.0736610909091187
413.23265,0.0500004848484285
413.232651,0.0500003636363765
413.232652,0.0500002424242142
413.232653,0.050000121212052
413.232654,0.05
413.2373,0.0510782845611199
413.43085,0.0959990716447
413.430851,0.0959993037335777
413.430852,0.0959995358222444
413.430853,0.0959997679111222
413.430854,0.096
413.43345,0.0957243882710488
413.4336,0.0957084630941185
413.62865,0.0750004246714324
413.628651,0.0750003185035501
413.628652,0.0750002123357645
413.628653,0.0750001061678822
413.628654,0.075
413.63145,0.0764389101916043
413.82685,0.1769979414730305
413.826851,0.1769984561048899
413.826852,0.1769989707367492
413.826853,0.1769994853681405
413.826854,0.177
413.82945,0.1764225278058048
414.02465,0.1330008897877632
414.024651,0.1330006673407718
414.024652,0.1330004448937804
414.024653,0.1330002224469914
414.024654,0.133
414.02745,0.1325762566304978
414.2226,0.1030006062136198
414.222601,0.1030004546602838
414.222602,0.1030003031068099
414.222603,0.103000151553336
414.222604,0.103
414.22545,0.1027566909730678
414.42145,0.0860003419662665
414.421451,0.086000256474661
414.421452,0.0860001709831332
414.421453,0.0860000854915277
414.421454,0.086
414.42405,0.086841661600897
414.4242,0.0868902938196929
414.61885,0.1499987031409815
414.618851,0.1499990273558835
414.618852,0.1499993515704907
414.618853,0.1499996757853928
414.618854,0.15
414.62145,0.1498951111111005
414.81685,0.1420001616161428
414.816851,0.1420001212121255
414.816852,0.1420000808080714
414.816853,0.1420000404040541
414.816854,0.142
414.81945,0.1409644837161266
415.014899999,0.0630015955564921
415.014901,0.0630011966675505
415.014902,0.063000797778246
415.014903,0.0630003988889416
415.014903999,0.063
415.0175,0.0626077562326467
415.21345,0.0330006043816975
415.213451,0.0330004532863418
415.213452,0.0330003021908487
415.213453,0.0330001510954931
415.213454,0.033
415.21625,0.0351948847807741
415.4109,0.1879968599649129
415.410901,0.1879976449740416
415.410902,0.1879984299824564
415.410903,0.1879992149915852
415.410904,0.188
415.4135,0.1888653333334209
415.41365,0.1889153333333703
415.6089,0.2539986666668216
415.608901,0.2539989999999646
415.608902,0.2539993333334108
415.608903,0.2539996666665538
415.608904,0.254
415.611499999,0.2534755555555025
415.8069,0.2140008080808979
415.806901,0.2140006060606274
415.806902,0.2140004040405408
415.806903,0.2140002020202704
415.806904,0.214
415.80945,0.2128555858587123
416.0049,0.125001797979589
416.004900999,0.1250013484844873
416.004902,0.1250008989897945
416.004903,0.1250004494946928
416.004904,0.125
416.00745,0.1254757676768828
416.2029,0.1619992525253394
416.202901,0.1619994393939196
416.202902,0.1619996262626697
416.202903,0.1619998131312499
416.202904,0.162
416.20545,0.1617814040404292
416.4009,0.1450003434343816
416.400901,0.1450002575757666
416.400902,0.1450001717172298
416.400903,0.1450000858586149
416.400904,0.145
416.40345,0.1448328383838568
416.4036,0.1448229898990182
416.5989,0.1320002626262321
416.598901,0.1320001969697039
416.598902,0.132000131313116
416.598903,0.1320000656565281
416.598904,0.132
416.6015,0.1332315114813267
416.7964,0.2256897501894948
416.79705,0.2259981024478612
416.797051,0.2259985768356802
416.797052,0.2259990512239306
416.797053,0.225999525612181
416.797054,0.226
416.9965,0.3599973126099889
416.996501,0.3599979844571861
416.996502,0.3599986563049944
416.996502999,0.3599993281521917
416.996504,0.36
416.9991,0.36
