timestamps,Speed
s,m/s
195.48350399999998,12.494
195.68165399999998,12.562
195.879504,12.58
196.077654,12.501
196.275654,12.623000000000001
196.473504,12.804
196.671654,12.598
196.870204,12.239
197.067704,11.562
197.265704,11.623000000000001
197.463854,11.877
197.661704,12.028
197.859704,12.135
198.057704,12.136000000000001
198.25570399999998,12.364
198.45385399999998,12.254
198.651854,12.206
198.849954,12.312
199.047954,12.355
199.245754,12.312
199.443854,12.378
199.641854,12.16
199.83995399999998,12.106
200.038054,12.215
200.235704,12.292
200.433854,12.519
200.633504,12.277000000000001
200.83010399999998,12.291
201.027954,12.458
201.226004,12.272
201.423904,12.323
201.621904,12.308
201.820154,12.446
202.017954,12.411
202.21775399999999,12.449
202.413904,12.531
202.61190399999998,12.587
202.811004,12.757
203.008154,12.463000000000001
203.207654,12.647
203.40415399999998,12.438
203.60195399999998,12.55
203.800154,12.524000000000001
203.998154,12.335
204.196004,12.615
204.394454,12.542
204.591954,12.583
204.790154,12.728
204.98815399999998,12.605
205.186154,12.758000000000001
205.384154,12.386000000000001
205.582204,12.585
205.781104,12.744
205.97820399999998,12.689
206.17620399999998,12.597
206.374204,12.692
206.572204,12.421
206.967454,12.012
207.16715399999998,12.194
207.363454,12.321
207.561704,12.465
207.75945399999998,12.421
207.95745399999998,12.433
208.155454,12.469
208.353454,12.36
208.551504,12.345
208.749504,12.32
208.947704,12.408
209.14610399999998,12.389000000000001
209.343504,12.343
209.543354,12.127
209.73950399999998,12.237
209.937704,12.307
210.13715399999998,12.299
210.33370399999998,12.207
210.531704,12.233
210.72990399999998,12.196
210.927754,12.007
211.125754,12.136000000000001
211.32375399999998,12.093
211.521754,12.137
211.72095399999998,12.078
211.917754,12.041
212.11575399999998,11.876
212.313754,11.77
212.511754,11.567
212.709754,11.547
212.907954,11.574
213.105754,11.509
213.303754,11.537
213.50175399999998,11.715
213.699904,11.576
213.897954,11.562
214.095804,11.482000000000001
214.295704,11.264
214.491804,11.326
214.68980399999998,11.244
214.88795399999998,11.374
215.085954,11.289
215.285654,11.105
215.481954,11.194
215.67995399999998,11.49
215.877954,11.233
216.075954,11.188
216.274004,11.222
216.472004,11.149000000000001
216.67000399999998,11.053
216.86800399999998,11.149000000000001
217.066004,11.211
217.264154,11.045
217.46200399999998,10.929
217.660204,10.992
217.85840399999998,11.055
218.056004,11.238
218.254154,11.256
218.453304,11.049
218.650254,11.117
218.848254,11.302
219.04600399999998,11.171
219.24415399999998,11.144
219.442154,11.152000000000001
219.640254,11.112
219.83825399999998,11.207
220.03605399999998,11.207
220.234154,11.182
220.43220399999998,11.207
220.63025399999998,11.168000000000001
220.828304,11.13
221.02745399999998,11.113
221.224204,11.07
221.422204,11.078
221.62040399999998,11.119
221.818254,11.134
222.017954,11.175
222.214204,11.175
222.412204,11.125
222.61045399999998,11.105
222.80845399999998,11.122
223.007354,11.05
223.204454,11.063
223.402254,11.045
223.60045399999998,11.065
223.798454,11.07
223.99630399999998,11.079
224.19615399999998,11.064
224.39225399999998,11.057
224.590454,11.039
224.788504,11.055
224.986604,11.032
225.184504,10.967
225.38250399999998,10.988
225.580454,11.064
225.77845399999998,11.073
226.173754,10.997
226.373654,11.011000000000001
226.767754,10.982000000000001
226.96575399999998,10.977
227.16375399999998,10.984
227.361754,10.989
227.560004,10.984
227.757804,10.866
227.956304,10.768
228.154004,10.726
228.351804,10.707
228.54975399999998,10.75
228.747804,10.753
228.946454,10.696
229.144004,10.721
229.342004,10.678
229.539804,10.642
229.738004,10.557
229.935804,10.478
230.133804,10.397
230.332054,10.337
230.53005399999998,10.254
230.728054,10.147
230.927054,10.094
231.12400399999999,9.971
231.32205399999998,9.875
231.52020399999998,9.838000000000001
231.718054,9.727
231.916504,9.64
232.11405399999998,9.585
232.312054,9.527000000000001
232.510204,9.428
232.70805399999998,9.301
232.90605399999998,9.178
233.10420399999998,9.074
233.30370399999998,8.987
233.50025399999998,8.833
233.698254,8.639
233.896254,8.507
234.09425399999998,8.370000000000001
234.292104,8.236
234.490254,8.053
234.688254,7.8020000000000005
234.88740399999998,7.593
235.084254,7.446
235.282254,7.219
235.480254,7.021
235.678304,6.784
235.87630399999998,6.571
236.07430399999998,6.282
236.272304,6.035
236.470304,5.846
236.668254,5.6610000000000005
236.86630399999999,5.404
237.064304,5.24
237.262304,5.055
237.460554,4.8870000000000005
237.658504,4.639
237.856304,4.3950000000000005
238.054454,4.211
238.25345399999998,3.982
238.45055399999998,3.77
238.648304,3.532
238.84630399999998,3.273
239.044454,3.0060000000000002
239.24245399999998,2.761
239.440554,2.511
239.638554,2.2840000000000003
239.836354,1.931
240.034504,1.61
240.23250399999998,1.329
240.430554,1.049
240.629754,0.788
240.82635399999998,0.639
241.02450399999998,0.558
241.222504,0.495
241.420704,0.545
241.61860399999998,0.679
241.81660399999998,0.921
242.01455399999998,1.11
242.212504,1.472
242.410754,1.79
242.60860399999999,2.061
242.806604,2.435
243.004754,2.721
243.203654,2.994
243.40075399999998,3.293
243.59875399999999,3.613
243.796654,3.857
243.994804,4.0600000000000005
244.19435399999998,4.198
244.390804,4.391
244.58880399999998,4.535
244.786754,4.8020000000000005
244.98475399999998,5.023
245.182754,5.337
245.38080399999998,5.57
245.58045399999997,5.821
245.776804,6.061
246.172054,6.378
246.568054,6.909
246.766054,7.259
246.964104,7.446
247.162104,7.659
247.36030399999999,7.938
247.558054,8.142
247.75625399999998,8.403
247.95430399999998,8.615
248.15210399999998,8.829
248.350304,9.056000000000001
248.548104,9.244
248.746104,9.431000000000001
248.944304,9.593
249.14235399999998,9.721
249.340354,9.828
249.538354,9.908
249.73610399999998,9.979000000000001
249.93435399999998,10.03
250.13230399999998,10.111
250.330354,10.184000000000001
250.52835399999998,10.271
250.72615399999998,10.367
250.924354,10.494
251.122354,10.579
251.32035399999998,10.695
251.518354,10.771
251.716354,10.904
251.91435399999997,10.919
252.11235399999998,11.005
252.31050399999998,11.117
252.508354,11.158
252.706404,11.208
252.904404,11.265
253.10330399999998,11.312
253.30055399999998,11.39
253.49855399999998,11.406
253.696404,11.403
253.894554,11.437
254.092404,11.391
254.290554,11.409
254.488554,11.504
254.686454,11.543000000000001
254.884604,11.546
255.08260399999998,11.545
255.28060399999998,11.549
255.478604,11.528
255.67655399999998,11.545
255.87460399999998,11.503
256.072604,11.506
256.270604,11.515
256.46860399999997,11.524000000000001
256.666604,11.585
256.864604,11.598
257.062854,11.57
257.260604,11.582
257.458604,11.599
257.656604,11.583
257.854754,11.542
258.054304,11.562
258.250854,11.587
258.448654,11.626
258.64820399999996,11.658
258.844804,11.614
259.04290399999996,11.63
259.240904,11.648
259.438854,11.652000000000001
259.63665399999996,11.679
259.83480399999996,11.67
260.033004,11.642
260.23085399999997,11.61
260.428904,11.615
260.626654,11.603
260.824804,11.609
261.023054,11.646
261.22090399999996,11.694
261.418904,11.654
261.617054,11.652000000000001
261.814804,11.697000000000001
262.013054,11.68
262.211054,11.703
262.408904,11.741
262.607054,11.764000000000001
262.805904,11.773
263.003104,11.834
263.201104,11.83
263.398954,11.856
263.597104,11.929
263.795054,11.957
263.993054,12.021
264.191104,12.051
264.389104,12.037
264.587104,12.11
264.785104,12.138
264.98310399999997,12.182
265.182354,12.188
265.379104,12.206
265.57890399999997,12.297
265.972404,12.356
266.17040399999996,12.363
266.368404,12.421
266.566404,12.365
266.76435399999997,12.291
266.962354,12.23
267.160354,12.192
267.358404,12.192
267.556404,12.051
267.754604,11.982000000000001
267.953854,11.914
268.150654,11.883000000000001
268.34840399999996,11.798
268.546404,11.802
268.74465399999997,11.789
268.942404,11.716000000000001
269.140654,11.777000000000001
269.33840399999997,11.727
269.536404,11.713000000000001
269.734654,11.718
269.932654,11.778
270.130654,11.801
270.328654,11.787
270.526454,11.798
270.724654,11.827
270.92265399999997,11.837
271.120654,11.863
271.318654,11.88
271.51665399999996,11.875
271.714654,11.878
271.91270399999996,11.895
272.11085399999996,11.896
272.308704,11.915000000000001
272.506704,11.899000000000001
272.704704,11.964
272.90270399999997,11.943
273.10085399999997,11.922
273.298704,11.937
273.49670399999997,11.924
273.694904,11.93
273.892704,11.944
274.09090399999997,11.93
274.289354,11.927
274.486704,11.985
274.68535399999996,12.013
274.882704,12.001
275.080904,12.076
275.278904,12.079
275.476904,12.078
275.67490399999997,12.179
275.872904,12.181000000000001
276.07100399999996,12.109
276.26890399999996,12.049
276.466904,12.012
276.664904,12.129
276.862904,11.952
277.060954,12.057
277.25895399999996,11.967
277.457254,12.084
277.655054,12.174
277.853204,11.992
278.051204,12.122
278.24895399999997,12.341000000000001
278.44710399999997,12.175
278.645104,12.255
278.84315399999997,12.343
279.041204,12.354000000000001
279.238954,12.23
279.436954,11.946
279.635104,12.094
279.833104,11.979000000000001
280.032854,12.172
280.229204,11.934000000000001
280.42695399999997,11.866
280.62510399999996,11.752
280.823354,11.792
281.02295399999997,11.527000000000001
281.219204,11.436
281.417154,11.322000000000001
281.61515399999996,11.238
281.813154,11.044
282.01140399999997,10.847
282.209254,10.628
282.408304,10.485
282.60515399999997,10.163
282.803404,9.973
283.001404,9.75
283.199254,9.433
283.39910399999997,9.259
283.595154,8.992
283.793404,8.729000000000001
283.991404,8.489
284.18940399999997,8.203
284.387404,7.869
284.585404,7.614
284.78340399999996,7.448
284.981404,7.162
285.179404,6.868
285.377454,6.545
285.772654,6.208
285.97065399999997,5.909
286.168704,5.706
286.36670399999997,5.356
286.564704,5.042
286.762704,4.707
286.96070399999996,4.417
287.158704,4.108
287.356704,3.799
287.554954,3.56
287.752704,3.354
287.95095399999997,3.115
288.148704,2.7
288.346704,2.372
288.546654,1.952
288.742754,1.653
288.940954,1.244
289.13915399999996,0.98
289.336754,0.584
289.53495399999997,0.268
289.732754,0.131
289.930954,0.036000000000000004
290.129554,0.042
290.326754,0.114
290.524954,0.029
290.723004,0.012
290.921004,0.081
291.11900399999996,0.131
291.316754,0.157
291.515004,0.066
291.713004,0.059000000000000004
291.911154,0.054
292.10900399999997,0.101
292.30715399999997,0.077
292.505004,0.115
292.703604,0.10200000000000001
292.901204,0.045
293.09905399999997,0.11
293.298704,0.031
293.495054,0.112
293.693004,0.061
293.89120399999996,0.017
294.089204,0.06
294.287054,0.051000000000000004
294.485204,0.008
294.683204,0.043000000000000003
294.881254,0.02
295.079204,0.025
295.277204,0.047
295.47520399999996,0.015
295.673204,0.069
295.871204,0.078
296.069204,0.10400000000000001
296.267254,0.17400000000000002
296.46525399999996,0.015
296.663254,0.059000000000000004
296.861254,0.096
297.059254,0.038
297.257254,0.075
297.45525399999997,0.056
297.653454,0.039
297.851504,0.039
298.04925399999996,0.054
298.24740399999996,0.08
298.446254,0.067
298.643504,0.048
298.841504,0.052000000000000005
299.03930399999996,0.092
299.237454,0.084
299.435404,0.063
299.63350399999996,0.15
299.831504,0.106
300.029954,0.074
300.22745399999997,0.034
300.425454,0.036000000000000004
300.623654,0.014
300.821554,0.059000000000000004
301.01955399999997,0.058
301.217454,0.063
301.415454,0.057
301.613704,0.014
301.811554,0.122
302.009554,0.096
302.20935399999996,0.256
302.405504,0.20600000000000002
302.603704,0.135
302.801704,0.039
302.999554,0.036000000000000004
303.197704,0.066
303.39550399999996,0.036000000000000004
303.593704,0.043000000000000003
303.791704,0.073
303.98970399999996,0.121
304.187704,0.042
304.38575399999996,0.031
304.58455399999997,0.031
304.781754,0.058
304.979904,0.114
305.375004,0.123
305.57300399999997,0.099
305.771004,0.063
305.969004,0.084
306.167254,0.099
306.365004,0.026000000000000002
306.563004,0.045
306.761004,0.096
306.959004,0.088
307.15725399999997,0.036000000000000004
307.355054,0.049
307.553904,0.105
307.751304,0.074
307.949054,0.11
308.14730399999996,0.059000000000000004
308.345304,0.07200000000000001
308.543254,0.034
308.74125399999997,0.048
308.939054,0.056
309.137304,0.024
309.335304,0.055
309.533704,0.083
309.73130399999997,0.099
309.929304,0.122
310.127304,0.068
310.32530399999996,0.075
310.524254,0.108
310.721304,0.08
310.919304,0.063
311.117304,0.031
311.31530399999997,0.092
311.513504,0.043000000000000003
311.711654,0.015
311.909354,0.057
312.107504,0.056
312.30535399999997,0.07200000000000001
312.50350399999996,0.022
312.701504,0.053
312.89935399999996,0.057
313.09750399999996,0.039
313.295354,0.084
313.493354,0.051000000000000004
313.691554,0.025
313.889554,0.101
314.08750399999997,0.041
314.285504,0.083
314.483504,0.123
314.68150399999996,0.057
314.879504,0.01
315.07755399999996,0.032
315.275554,0.024
315.473554,0.05
315.67155399999996,0.09
315.869554,0.046
316.067704,0.114
316.265554,0.034
316.463804,0.169
316.66155399999997,0.084
316.859554,0.043000000000000003
317.059254,0.058
317.255604,0.055
317.453804,0.109
317.653154,0.094
317.849604,0.078
318.047754,0.077
318.245754,0.018000000000000002
318.443804,0.057
318.641804,0.091
318.839604,0.042
319.037754,0.027
319.235754,0.062
319.433854,0.054
319.631854,0.057
319.829854,0.049
320.02775399999996,0.056
320.225754,0.044
320.42400399999997,0.044
320.621854,0.093
320.81985399999996,0.03
321.017804,0.026000000000000002
321.215804,0.049
321.414004,0.037
321.611904,0.026000000000000002
321.80990399999996,0.17400000000000002
322.00805399999996,0.048
322.205804,0.022
322.404004,0.024
322.60200399999997,0.11800000000000001
322.79995399999996,0.066
322.99805399999997,0.047
323.195804,0.026000000000000002
323.394054,0.049
323.59205399999996,0.066
323.790054,0.006
323.988054,0.038
324.186054,0.059000000000000004
324.384454,0.049
324.58205399999997,0.069
324.780054,0.09
325.175304,0.123
325.571304,0.182
325.769304,0.453
325.967554,1.068
326.165354,1.431
326.36335399999996,2.02
326.561354,2.378
326.759554,2.84
326.957354,3.094
327.155354,3.491
327.35335399999997,3.668
327.551354,3.89
327.749354,4.085
327.94735399999996,4.26
328.145604,4.378
328.34520399999997,4.491
328.541604,4.673
328.739404,4.792
328.93760399999996,5.026
329.135604,5.312
329.333404,5.612
329.53160399999996,5.675
329.729404,5.686
329.92740399999997,6.114
330.125604,6.431
330.323654,6.6370000000000005
330.521654,7.094
330.719654,7.082
330.917404,7.131
331.115654,7.594
331.313804,7.585
331.51165399999996,7.595
331.709654,7.869
331.907804,7.9510000000000005
332.10565399999996,8.067
332.303654,8.253
332.501854,8.446
332.699704,8.540000000000001
332.898154,8.816
333.09565399999997,9.247
333.293654,9.197000000000001
333.491854,9.295
333.689704,9.623
333.887854,9.747
334.085854,9.99
334.28385399999996,10.173
334.481854,10.379
334.679854,10.488
334.87785399999996,10.677
335.075854,10.763
335.273854,10.88
335.471854,11.132
335.669854,11.169
335.86810399999996,11.370000000000001
336.065904,11.398
336.264404,11.344
336.461904,11.327
336.659904,11.572000000000001
336.858054,11.612
337.055904,11.620000000000001
337.255854,11.76
337.45190399999996,11.807
337.649904,11.768
337.848054,11.942
338.04630399999996,11.913
338.245754,11.986
338.44215399999996,12.034
338.639904,12.064
338.838154,11.978
339.036154,12.192
339.235804,12.251
339.43215399999997,12.274000000000001
339.629954,12.263
339.828104,12.527000000000001
340.026304,12.673
340.226004,12.325000000000001
340.42220399999997,12.089
340.620204,11.932
340.818104,12.066
341.016354,12.079
341.216054,11.788
341.412204,12.047
341.610204,11.614
341.808354,11.679
342.006354,11.789
342.20435399999997,11.68
342.402354,11.561
342.600354,11.641
342.79835399999996,11.42
342.996354,11.415000000000001
343.196054,11.297
343.392354,11.441
343.59025399999996,11.43
343.78835399999997,11.41
343.986554,11.355
344.184604,11.521
344.382404,11.394
344.580404,11.419
344.97565399999996,11.663
345.173654,11.397
345.371654,11.623000000000001
345.56965399999996,11.686
345.767654,11.664
345.96730399999996,11.665000000000001
346.163654,11.68
346.361654,11.642
346.55965399999997,11.71
346.757704,11.688
346.956504,11.882
347.153904,12.01
347.351704,11.987
347.54970399999996,11.941
347.747704,11.892
347.945904,12.012
348.14390399999996,12.093
348.341904,12.029
348.539904,11.939
348.737954,11.829
348.935954,11.727
349.13395399999996,11.631
349.331954,11.646
349.529704,11.756
349.727954,11.756
349.925954,11.758000000000001
350.124104,11.903
350.321954,11.702
350.519954,11.949
350.71775399999996,11.792
350.915954,11.85
351.115904,11.775
351.312004,11.771
351.510004,11.519
351.70800399999996,11.696
351.906004,11.502
352.104154,11.656
352.302154,11.696
352.500004,11.587
352.698154,11.538
352.896004,11.603
353.094204,11.486
353.29220399999997,11.318
353.490004,11.397
353.688154,11.398
353.886154,11.309000000000001
354.084204,11.139
354.282204,11.061
354.48020399999996,11.183
354.679854,11.311
354.876204,11.094
355.075854,11.156
355.272204,11.203
355.47020399999997,11.185
355.668204,10.941
355.866204,10.957
356.064454,10.9
356.262204,10.907
356.46025399999996,10.906
356.658354,10.807
356.856254,10.769
357.05445399999996,10.891
357.252254,10.941
357.450254,10.741
357.64840399999997,10.733
357.846254,10.647
358.044904,10.566
358.242454,10.473
358.440254,10.594
358.638404,10.604000000000001
358.83640399999996,10.495000000000001
359.03450399999997,10.58
359.232504,10.57
359.430404,10.395
359.628404,10.532
359.82640399999997,10.488
360.024654,10.573
360.22250399999996,10.319
360.420554,10.446
360.618454,10.472
360.81645399999996,10.328
361.014704,10.389
361.21250399999997,10.517
361.410504,10.528
361.608454,10.485
361.807904,10.32
362.004704,10.288
362.202704,10.103
362.40070399999996,10.062
362.598704,10.14
362.79650399999997,9.992
362.99470399999996,9.879
363.192704,9.755
363.392254,9.908
363.588704,9.747
363.786454,9.49
363.98470399999997,9.279
364.182704,8.856
364.380854,8.483
364.578754,8.17
364.974004,8.066
365.17200399999996,7.87
365.370004,7.716
365.568004,7.508
365.766004,7.157
365.965654,6.7540000000000004
366.16200399999997,6.805
366.361704,6.524
366.558254,6.357
366.75600399999996,6.285
366.954004,6.112
367.152004,6.165
367.350054,5.736
367.548054,5.94
367.74605399999996,6.194
367.945354,6.393
368.142254,6.587
368.340054,6.064
368.538254,5.984
368.736254,6.195
368.934304,6.45
369.132304,6.53
369.33005399999996,6.5440000000000005
369.528304,6.791
369.72630399999997,6.836
369.92445399999997,7.11
370.122304,7.2780000000000005
370.32030399999996,7.557
370.518304,7.825
370.716304,8.081
370.914454,8.221
371.112304,8.373
371.31035399999996,8.557
371.508304,8.815
371.706304,8.75
371.904504,9.122
372.102354,9.351
372.300304,9.525
372.498454,9.788
372.696304,9.841000000000001
372.894504,9.951
373.09250399999996,10.221
373.290354,10.218
373.488504,10.371
373.686354,10.398
373.884504,10.459
374.082504,10.635
374.280504,10.715
374.48015399999997,10.753
374.67650399999997,10.727
374.874554,10.802
375.07255399999997,10.987
375.270554,10.904
375.468554,11.012
375.66655399999996,11.045
375.864554,11.121
376.062554,11.169
376.26055399999996,11.14
376.45870399999995,11.074
376.65820399999996,11.228
376.854804,11.219
377.052604,11.263
377.250604,11.290000000000001
377.44870399999996,11.247
377.64660399999997,11.295
377.844804,11.299
378.042804,11.219
378.24060399999996,11.15
378.438704,11.094
378.636954,11.196
378.834854,11.21
379.032854,11.173
379.23060399999997,11.175
379.42875399999997,11.09
379.627254,11.119
379.82485399999996,11.172
380.02345399999996,11.251
380.221004,11.101
380.418754,11.312
380.61675399999996,11.272
380.815004,11.237
381.013554,11.290000000000001
381.21090399999997,11.324
381.408804,11.483
381.607054,11.661
381.805004,11.587
382.003004,11.627
382.20100399999995,11.646
382.399004,11.721
382.59680399999996,11.788
382.795454,11.67
382.993054,11.718
383.190904,11.887
383.389054,11.819
383.586804,11.84
383.785054,11.91
383.983054,11.819
384.18105399999996,11.684000000000001
384.379054,11.877
384.77595399999996,11.987
385.170304,11.779
385.36830399999997,11.672
385.566304,11.738
385.76435399999997,11.847
385.962354,11.92
386.160354,11.774000000000001
386.35855399999997,11.734
386.556354,11.911
386.754604,11.913
386.95235399999996,11.811
387.150354,11.823
387.348554,11.787
387.546354,11.812
387.745254,11.843
387.94260399999996,11.742
388.140404,11.818
388.338604,11.689
388.53660399999995,11.466000000000001
388.734604,11.424
388.93260399999997,11.431000000000001
389.130404,11.238
389.328604,11.123000000000001
389.52660399999996,11.028
389.724654,11.007
389.92265399999997,11.002
390.12080399999996,10.687
390.318654,10.700000000000001
390.518304,10.497
390.71480399999996,10.494
390.912654,10.435
391.11065399999995,10.383000000000001
391.308654,10.518
391.50665399999997,10.539
391.70480399999997,10.456
391.90270399999997,10.553
392.100704,10.421
392.298854,10.594
392.496654,10.671
392.694804,10.508000000000001
392.892854,10.496
393.09070399999996,10.527000000000001
393.28885399999996,10.809000000000001
393.486704,10.854000000000001
393.684854,11.027000000000001
393.884054,11.049
394.081004,11.22
394.27885399999997,11.089
394.476854,11.031
394.674854,11.099
394.87285399999996,11.331
395.07100399999996,11.493
395.268854,11.51
395.467104,11.543000000000001
395.664904,11.644
395.86290399999996,11.723
396.06105399999996,11.686
396.259054,11.577
396.456904,11.68
396.656854,11.777000000000001
396.85290399999997,11.599
397.05105399999997,11.606
397.250704,11.829
397.446954,11.863
397.645154,11.903
397.84295399999996,11.963000000000001
398.04110399999996,12.012
398.24080399999997,12.129
398.437304,12.086
398.635154,12.127
398.833154,12.177
399.03110399999997,12.226
399.229104,12.200000000000001
399.427104,12.333
399.625204,12.244
399.823204,12.24
400.021354,12.336
400.21910399999996,12.402000000000001
400.417104,12.447000000000001
400.61585399999996,12.454
400.813204,12.484
401.01305399999995,12.528
401.20915399999996,12.495000000000001
401.407354,12.408
401.605354,12.568
401.803204,12.602
402.001354,12.637
402.19960399999997,12.801
402.397154,12.729000000000001
402.595354,12.726
402.79335399999997,12.675
402.991354,12.664
403.18940399999997,12.68
403.387404,12.772
403.585404,12.772
403.78340399999996,12.917
403.98155399999996,12.858
404.180054,12.878
404.574654,12.831
404.97065399999997,12.793000000000001
405.168654,12.669
405.366654,12.736
405.56465399999996,12.983
405.762704,12.804
405.960654,12.832
406.158904,12.862
406.356704,12.825000000000001
406.554954,12.943
406.752704,12.945
406.950704,12.842
407.148954,12.809000000000001
407.346704,12.769
407.54495399999996,12.859
407.742704,12.771
407.940704,12.723
408.13895399999996,12.704
408.336954,12.678
408.536254,12.783
408.732954,12.676
408.930754,12.791
409.12895399999996,12.699
409.326954,12.705
409.52660399999996,12.574
409.72295399999996,12.623000000000001
409.920754,12.596
410.118954,12.579
410.316954,12.592
410.515154,12.5
410.71300399999996,12.48
410.911004,12.495000000000001
411.110254,12.462
411.307004,12.381
411.505154,12.42
411.70300399999996,12.349
411.901054,12.27
412.100804,12.223
412.29720399999997,12.317
412.495204,12.3
412.694904,12.292
412.891154,12.319
413.089154,12.345
413.28700399999997,12.24
413.48520399999995,12.128
413.684854,12.178
413.881054,12.167
414.079204,12.181000000000001
414.277204,11.983
414.47520399999996,12.02
414.673204,11.938
414.871204,11.884
415.06920399999996,11.775
415.267454,12.119
415.46520399999997,11.961
415.663254,12.179
415.861354,12.022
416.059404,11.843
416.257254,12.05
416.455454,11.838000000000001
416.653254,11.982000000000001
416.853004,11.879
417.049404,11.859
417.247254,11.814
417.446304,11.851
417.643304,11.88
417.841254,11.723
418.039454,11.788
418.23765399999996,11.801
418.435504,11.731
418.63350399999996,11.803
418.83140399999996,11.734
419.03065399999997,11.758000000000001
419.227654,11.781
419.425554,11.785
419.62350399999997,11.749
419.821304,11.692
420.019454,11.774000000000001
420.217454,11.621
420.415704,11.716000000000001
420.61355399999997,11.586
420.81170399999996,11.692
421.009454,11.623000000000001
421.207654,11.599
421.40590399999996,11.592
421.60360399999996,11.59
421.801704,11.547
422.001154,11.484
422.197704,11.593
422.39570399999997,11.563
422.59545399999996,11.578
422.791704,11.592
422.98970399999996,11.464
423.187704,11.464
423.38575399999996,11.377
423.583754,11.226
423.781754,11.316
424.17700399999995,11.202
424.375454,11.063
424.57300399999997,10.98
424.771004,10.924
424.969004,10.959
425.16700399999996,10.998000000000001
425.365004,10.772
425.563004,10.718
425.76100399999996,10.616
425.960154,10.516
426.15705399999996,10.363
426.355254,10.316
426.553954,10.204
426.75105399999995,10.129
426.949254,9.953
427.14705399999997,9.846
427.345304,9.681000000000001
427.544654,9.436
427.74105399999996,9.182
427.939304,9.046
428.13805399999995,8.737
428.335304,8.63
428.533304,8.301
428.73110399999996,8.095
428.929304,7.706
429.127454,7.57
429.32530399999996,7.2410000000000005
429.523304,6.787
429.721304,6.305
429.91930399999995,5.938
430.11745399999995,5.535
430.315504,5.074
430.513354,4.68
430.711354,4.325
430.909354,3.981
431.107504,3.737
431.305504,3.023
431.503354,2.856
431.702954,2.613
431.89935399999996,2.249
432.09750399999996,2.1350000000000002
432.295504,2.074
432.49355399999996,2.35
432.691554,2.119
432.889554,2.067
433.08750399999997,2.137
433.285554,1.979
433.48355399999997,2.141
433.681404,2.1350000000000002
433.879554,2.318
434.07775399999997,2.435
434.276104,2.748
434.473554,3.1270000000000002
434.67155399999996,3.4370000000000003
434.869554,3.594
435.06780399999997,3.946
435.26555399999995,4.183
435.463554,4.437
435.661704,4.883
435.859554,5.325
436.057804,5.663
436.257504,5.8
436.453604,6.313
436.65160399999996,6.53
436.850354,6.871
437.047804,7.046
437.245854,7.547000000000001
437.443604,7.856
437.641754,7.981
437.83975399999997,8.444
438.038004,8.591
438.23585399999996,8.607
438.435504,8.731
438.631754,9.142
438.831104,9.17
439.02800399999995,9.328
439.22585399999997,9.547
439.423854,9.728
439.621804,9.917
439.819804,10.041
440.01800399999996,10.361
440.216054,10.509
440.415604,10.599
440.612054,10.742
440.811104,10.832
441.00805399999996,10.959
441.206004,10.945
441.405604,11.126
441.60205399999995,11.11
441.799804,11.265
441.99805399999997,11.349
442.196054,11.616
442.394054,11.392
442.59205399999996,11.511000000000001
442.790054,11.607000000000001
442.988054,11.363
443.18605399999996,11.55
443.384054,11.56
443.582204,11.718
443.780104,11.675
444.175304,11.628
444.373354,11.729000000000001
444.571354,11.812
444.76935399999996,11.842
444.967354,11.790000000000001
445.165354,11.9
445.36335399999996,11.928
445.561354,11.977
445.759354,11.924
445.95735399999995,11.957
446.155604,12.063
446.35340399999995,12.196
446.551404,12.246
446.749604,12.086
446.947404,12.1
447.145654,12.280000000000001
447.34340399999996,12.184000000000001
447.541404,12.212
447.739604,12.233
447.93740399999996,12.242
448.135654,12.186
448.33365399999997,12.265
448.53140399999995,12.387
448.729654,12.263
448.927804,12.323
449.125654,12.296
449.323654,12.294
449.52165399999996,12.239
449.719654,12.217
449.91765399999997,12.195
450.11580399999997,12.13
450.313704,12.072000000000001
450.51170399999995,12.134
450.709704,12.183
450.90770399999997,12.159
451.10585399999997,12.239
451.303704,12.295
451.50170399999996,12.465
451.699704,12.233
451.897854,12.243
452.095854,12.297
452.29520399999996,12.367
452.491854,12.447000000000001
452.68990399999996,12.356
452.887704,12.323
453.08590399999997,12.347
453.28385399999996,12.293000000000001
453.481704,12.216000000000001
453.681004,12.265
453.877704,12.237
454.076154,12.172
454.27390399999996,12.187
454.471904,12.021
454.669904,12.057
454.868154,11.911
455.066804,11.883000000000001
455.26390399999997,11.904
455.46205399999997,11.898
455.659904,11.986
455.85815399999996,11.845
456.056154,11.863
456.25395399999996,11.945
456.451954,11.964
456.650104,11.901
456.84820399999995,11.955
457.046704,12.031
457.243954,12.019
457.442104,11.906
457.641254,11.995000000000001
457.83820399999996,11.965
458.036204,11.968
458.234204,11.88
458.432104,11.654
458.63055399999996,11.639000000000001
458.828354,11.587
459.026204,11.561
459.224204,11.381
459.422104,11.269
459.62010399999997,11.128
459.818354,10.698
460.016354,10.519
460.21590399999997,10.288
460.412404,10.085
460.61015399999997,10.345
460.808404,10.272
461.006404,10.23
461.204254,9.888
461.40275399999996,9.749
461.600154,9.59
461.798404,9.489
461.996404,9.671
462.19440399999996,9.672
462.392404,9.711
462.590404,9.688
462.78840399999996,9.743
462.986404,9.787
463.184404,9.835
463.38240399999995,9.999
463.580454,10.22
463.97570399999995,10.246
464.173704,10.231
464.37170399999997,10.204
464.569704,10.088000000000001
464.767704,10.11
464.967104,10.199
465.163704,10.626
465.361704,10.598
465.55970399999995,10.831
465.757704,10.814
465.95570399999997,11.182
466.153754,11.073
466.35175399999997,11.528
466.54995399999996,11.653
466.747754,11.578
466.945954,11.691
467.143754,12.004
467.341754,11.831
467.54000399999995,11.866
467.737754,11.982000000000001
467.935954,11.8
468.134004,11.879
468.333604,12.084
468.53000399999996,11.959
468.72815399999996,11.971
468.926004,11.904
469.12400399999996,11.937
469.322004,11.969
469.520004,12.027000000000001
469.71815399999997,11.939
469.916004,12.075000000000001
470.11400399999997,12.022
470.311804,12.097
470.510004,11.975
470.708154,11.943
470.906204,12.003
471.105704,12.181000000000001
471.302054,12.15
471.500054,12.098
471.699904,12.163
471.89620399999995,12.162
472.094204,12.168000000000001
472.29220399999997,12.31
472.490204,12.299
472.68805399999997,12.133000000000001
472.88625399999995,12.154
473.08590399999997,12.156
473.28205399999996,12.194
473.48020399999996,12.19
473.678204,12.245000000000001
473.87625399999996,12.167
474.07595399999997,12.177
474.272254,12.217
474.47025399999995,12.229000000000001
474.668504,12.276
474.86625399999997,12.313
475.065454,12.302
475.262404,12.317
475.46025399999996,12.211
475.658504,12.095
475.85630399999997,11.996
476.055954,12.096
476.25240399999996,12.036
476.450454,11.977
476.648554,11.793000000000001
476.84655399999997,11.785
477.045804,11.646
477.24245399999995,11.647
477.440454,11.56
477.639254,11.375
477.836554,11.424
478.03455399999996,11.417
478.23245399999996,11.417
478.430454,11.581
478.628804,11.468
478.826554,11.26
479.02455399999997,11.242
479.22245399999997,11.178
479.420454,11.276
479.61925399999996,11.243
479.816604,11.174
480.01460399999996,11.114
480.212704,11.067
480.410504,11.17
480.608754,11.062
480.80675399999996,10.978
481.004754,10.956
481.20350399999995,10.944
481.40050399999996,10.891
481.598754,11.119
481.79675399999996,11.241
481.994754,11.231
482.192754,11.319
482.39075399999996,11.293000000000001
482.588754,11.41
482.786754,11.483
482.984904,11.494
483.184354,11.486
483.38075399999997,11.555
483.776054,11.767
483.97405399999997,11.834
484.17225399999995,11.885
484.370054,11.928
484.56825399999997,11.941
484.76690399999995,12.001
484.964054,12.038
485.162304,11.931000000000001
485.360104,12.113
485.55830399999996,12.226
485.756054,12.118
485.954054,12.082
486.15230399999996,12.201
486.350304,12.194
486.548304,12.001
486.74630399999995,12.530000000000001
486.944104,12.433
487.14230399999997,12.212
487.340304,12.202
487.538104,12.103
487.736354,12.354000000000001
487.935754,12.132
488.132304,12.085
488.33030399999996,12.117
488.528504,12.096
488.72635399999996,12.078
488.924354,11.96
489.122354,11.874
489.32035399999995,11.832
489.51850399999995,11.954
489.71635399999997,11.983
489.914354,11.934000000000001
490.112504,11.985
490.31035399999996,12.043000000000001
490.508554,11.878
490.706554,11.879
490.904404,11.944
491.102554,12.004
491.30040399999996,12.159
491.49855399999996,12.058
491.696554,12.139000000000001
491.89440399999995,12.107000000000001
492.09255399999995,12.095
492.290554,12.18
492.488404,12.08
492.686604,12.175
492.88460399999997,12.159
493.082604,12.296
493.28155399999997,12.209
493.47840399999995,12.171
493.676604,12.122
493.874604,11.924
494.072704,12.031
494.270604,12.025
494.46885399999996,11.765
494.66660399999995,11.574
494.864604,11.584
495.062754,11.49
495.260604,11.466000000000001
495.458854,11.291
495.658254,11.263
495.854654,11.261000000000001
496.052754,11.179
496.252704,11.097
496.44890399999997,11.032
496.64690399999995,10.866
496.844854,10.866
497.042804,10.876
497.24080399999997,10.801
497.438854,10.806000000000001
497.63690399999996,10.723
497.834654,10.763
498.032804,10.634
498.230804,10.751
498.42905399999995,10.601
498.62690399999997,10.376
498.825154,10.326
499.022854,10.304
499.220854,10.27
499.41905399999996,10.264
499.616904,10.117
499.814954,9.902000000000001
500.013104,9.646
500.210854,9.712
500.40910399999996,9.786
500.607104,9.716000000000001
500.805104,9.637
501.00310399999995,9.589
501.200854,9.629
501.39910399999997,9.306000000000001
501.597104,9.374
501.79500399999995,9.226
501.99310399999996,9.125
502.19125399999996,9.065
502.389104,9.076
502.587154,9.148
502.786754,8.93
502.98310399999997,8.874
503.181854,8.735
503.57640399999997,8.888
503.77480399999996,8.503
503.972404,8.555
504.17040399999996,8.588000000000001
504.368404,8.571
504.566404,8.386000000000001
504.76530399999996,8.238
504.962404,8.062
505.16045399999996,7.892
505.358454,7.727
505.556454,7.641
505.756104,7.792
505.952654,7.507000000000001
506.15045399999997,7.678
506.348454,7.7250000000000005
506.546654,7.533
506.746104,7.328
506.942454,7.364
507.140654,7.431
507.33845399999996,7.361
507.536704,7.324
507.73445399999997,7.339
507.93245399999995,7.5440000000000005
508.130704,7.652
508.328854,7.828
508.526704,8.041
508.724704,8.067
508.92270399999995,8.322000000000001
509.120704,8.434000000000001
509.318904,8.332
509.51780399999996,8.562
509.714704,8.884
509.91270399999996,8.954
510.11245399999996,9.01
510.308704,9.223
510.508354,9.322000000000001
510.704754,9.466000000000001
510.90275399999996,9.445
511.100754,9.563
511.299204,9.449
511.496904,9.342
511.69645399999996,9.355
511.892904,9.77
512.090754,9.882
512.288954,9.899000000000001
512.486954,9.857
512.684954,9.826
512.8829539999999,9.633000000000001
513.080954,9.998
513.278954,9.832
513.476954,9.857
513.674954,9.812
513.8729539999999,9.877
514.070954,10.029
514.269204,9.849
514.467104,9.856
514.665004,9.786
514.863154,9.562
515.0609539999999,9.889
515.259204,9.911
515.456954,9.688
515.655004,9.620000000000001
515.853104,10.007
516.052604,10.319
516.249254,9.926
516.4472539999999,10.233
516.646654,10.181000000000001
516.843154,10.485
517.041154,10.818
517.239254,10.78
517.4372539999999,10.51
517.635004,9.754
517.8331539999999,9.351
518.031204,9.6
518.231054,9.27
518.427254,9.357
518.6252539999999,9.305
518.823204,9.367
519.021204,8.78
519.2194039999999,8.998
519.417254,8.984
519.615454,9.004
519.8136539999999,9.024000000000001
520.011454,8.913
520.2094539999999,9.039
520.407454,8.884
520.6053039999999,8.956
520.803454,8.885
521.001454,9.017
521.199854,8.883000000000001
521.3974539999999,8.878
521.5953539999999,8.972
521.793454,9.136000000000001
521.991454,9.291
522.191154,9.272
522.3875039999999,9.218
522.585654,9.149000000000001
522.783504,9.361
522.9816539999999,9.324
523.181204,9.489
523.574754,9.753
523.772754,9.732
523.9707539999999,10.003
524.1687539999999,10.046
524.366754,9.914
524.564754,10.22
524.762754,10.21
524.9608039999999,10.492
525.159004,10.58
525.3571039999999,10.629
525.554804,10.606
525.753004,10.795
525.950804,10.85
526.149004,10.675
526.347004,10.974
526.544804,10.966000000000001
526.742804,11.015
526.941004,11.042
527.139454,11.077
527.337054,11.200000000000001
527.534804,11.398
527.7330539999999,11.207
527.931054,11.144
528.129204,11.159
528.327954,11.14
528.5251039999999,11.143
528.7230539999999,11.027000000000001
528.921054,11.037
529.119254,11.097
529.317104,11.086
529.515104,11.034
529.712854,10.975
529.912204,10.924
530.109254,10.927
530.307254,10.815
530.506754,10.645
530.703354,10.554
530.901104,10.535
531.099254,10.641
531.297254,10.605
531.495104,10.494
531.693254,10.427
531.8911039999999,10.244
532.089304,10.014
532.287304,10.121
532.4866539999999,10.078
532.683304,9.906
532.881304,9.746
533.079304,9.752
533.277304,9.707
533.4753039999999,9.718
533.673754,9.766
533.871304,9.923
534.069354,9.805
534.267354,9.758000000000001
534.4653539999999,9.755
534.663504,9.796
534.861354,9.844
535.0595539999999,9.806000000000001
535.257354,9.982000000000001
535.4553539999999,9.96
535.653504,9.878
535.851354,9.916
536.050004,10.008000000000001
536.247604,10.120000000000001
536.445354,10.099
536.643504,10.182
536.841504,10.11
537.0396039999999,10.129
537.2376039999999,10.225
537.435404,10.057
537.633554,10.065
537.831504,10.241
538.0296539999999,10.161
538.227654,10.116
538.425654,10.024000000000001
538.623554,9.903
538.8218039999999,9.872
539.020004,9.957
539.2176539999999,9.705
539.415804,9.524000000000001
539.615354,9.407
539.811554,9.477
540.009804,9.475
540.207804,9.396
540.405654,9.295
540.603804,9.069
540.801604,9.162
540.9998039999999,8.99
541.197804,8.834
541.3965039999999,8.606
541.593804,8.718
541.791604,8.359
541.9898539999999,8.122
542.187854,7.9350000000000005
542.386004,7.688
542.583854,7.546
542.781854,7.368
543.177104,7.28
543.573104,6.988
543.7711039999999,7.03
543.969104,6.844
544.167104,6.946
544.365854,7.001
544.5631539999999,7.1000000000000005
544.7611539999999,7.069
544.959354,7.066
545.157154,7.255
545.355154,7.314
545.553404,7.268
545.7511539999999,7.237
545.949154,7.328
546.1474039999999,7.113
546.345154,6.885
546.543154,7.01
546.741904,7.133
546.939204,7.013
547.137404,6.994
547.336004,6.865
547.533154,6.916
547.731404,7.2410000000000005
547.929404,7.3870000000000005
548.127404,7.489
548.327104,7.829
548.523404,7.873
548.721404,7.857
548.919454,8.008000000000001
549.117454,8.014
549.3154539999999,7.994
549.513454,8.088000000000001
549.711454,8.27
549.909604,8.283
550.1076039999999,8.26
550.3054539999999,8.252
550.503654,8.465
550.701504,8.841
550.8996539999999,9.025
551.0976539999999,9.053
551.295454,9.215
551.493604,9.281
551.691454,9.357
551.889504,9.273
552.089104,9.450000000000001
552.285654,9.524000000000001
552.483654,9.55
552.681654,9.699
552.879654,9.766
553.0776539999999,9.867
553.275654,9.834
553.473654,9.997
553.671804,9.907
553.869704,9.879
554.0677039999999,9.879
554.265704,9.788
554.463854,9.842
554.6632539999999,9.91
554.859904,9.851
555.058304,9.97
555.2557039999999,9.947000000000001
555.453854,9.887
555.653404,9.886000000000001
555.849954,9.987
556.047954,9.893
556.2457539999999,9.904
556.443904,9.927
556.641904,9.97
556.8417039999999,9.932
557.037954,9.979000000000001
557.2357539999999,10.054
557.433904,9.791
557.6320039999999,9.716000000000001
557.830004,9.731
558.028004,9.938
558.226004,9.903
558.423904,9.914
558.621904,9.937
558.820154,9.884
559.018004,10.007
559.216154,10.029
559.413904,9.962
559.611954,9.917
559.810154,9.794
560.008154,9.727
560.206004,9.638
560.404504,9.387
560.601954,9.091
560.800204,8.983
560.998154,9.299
561.196054,9.276
561.394204,8.55
561.5922039999999,8.756
561.790204,8.59
561.988204,8.466
562.1863539999999,8.213000000000001
562.384204,7.873
562.583804,7.618
562.780204,7.482
563.1755039999999,7.548
563.3734539999999,7.43
563.5731539999999,7.088
563.769454,7.3340000000000005
563.967454,7.388
564.1655039999999,7.418
564.363704,7.118
564.561504,7.32
564.7597539999999,7.681
564.957504,7.503
565.156704,7.533
565.353754,7.4590000000000005
565.551504,7.458
565.749504,7.522
565.947504,7.556
566.145504,7.6930000000000005
566.3435539999999,7.643
566.541754,7.596
566.739554,7.613
566.9377539999999,7.721
567.135554,6.656000000000001
567.333754,6.59
567.531754,7.109
567.729754,7.615
567.9278039999999,7.7780000000000005
568.127354,8.004
568.323804,8.122
568.521804,8.088000000000001
568.719954,7.8740000000000006
568.9178039999999,7.9350000000000005
569.115804,7.753
569.313804,7.472
569.511804,7.142
569.7099539999999,6.952
569.9078039999999,6.761
570.105854,6.771
570.304004,6.774
570.501854,6.495
570.7000039999999,6.298
570.898454,6.651
571.0958539999999,6.3100000000000005
571.294004,6.623
571.491954,6.772
571.6900039999999,6.732
571.888004,6.773000000000001
572.086054,6.869
572.284054,7.003
572.482054,6.962
572.6800039999999,6.966
572.8780039999999,7.341
573.0763039999999,7.354
573.274054,7.455
573.472054,7.604
573.6700539999999,7.8100000000000005
573.868054,7.929
574.067504,7.9670000000000005
574.264204,7.846
574.462054,7.986
574.660304,8.384
574.8580539999999,8.33
575.056604,8.047
575.254204,8.11
575.452304,8.214
575.650954,8.096
575.8481039999999,7.9030000000000005
576.046204,7.5040000000000004
576.245904,7.237
576.442454,6.9750000000000005
576.640354,7.0
576.838304,6.861
577.036254,6.705
577.235904,6.503
577.432504,6.5360000000000005
577.630354,6.572
577.828354,6.503
578.0265039999999,6.563
578.225904,6.662
578.422504,6.63
578.620504,6.824
578.818354,6.723
579.0165039999999,6.851
579.215054,6.997
579.412304,6.963
579.610504,6.99
579.808404,6.936
580.0065539999999,6.884
580.206204,6.855
580.402554,6.836
580.600554,6.863
580.798554,6.774
580.996554,6.731
581.1945539999999,6.695
581.392554,6.667
581.590554,6.63
581.788554,6.532
581.986554,6.527
582.1845539999999,6.4750000000000005
582.382554,6.632000000000001
582.580554,6.6000000000000005
582.975854,6.594
583.1755539999999,6.577
583.371854,6.522
583.569854,6.389
583.7678539999999,6.335
583.9658539999999,6.215
584.164054,5.9750000000000005
584.361854,6.184
584.560104,5.9990000000000006
584.757854,5.767
584.957054,5.61
585.154104,5.433
585.351854,5.211
585.549854,4.993
585.747904,4.6290000000000004
585.9459039999999,4.358
586.144104,3.837
586.342104,3.119
586.540154,2.677
586.738154,2.519
586.9359039999999,2.115
587.135754,2.0
587.332104,1.848
587.5301539999999,1.588
587.728154,1.492
587.926154,1.282
588.124154,0.8290000000000001
588.322154,1.0230000000000001
588.520304,1.235
588.719754,1.299
588.916154,1.187
589.114154,1.281
589.312154,1.335
589.510354,1.198
589.708204,1.336
589.906204,1.609
590.104354,1.337
590.302204,1.555
590.500354,2.149
590.698354,2.101
590.897354,2.332
591.094354,2.618
591.292204,2.738
591.490404,2.741
591.688404,2.902
591.886404,3.048
592.084404,3.361
592.2824039999999,3.2960000000000003
592.480404,3.4530000000000003
592.678404,3.465
592.876404,3.494
593.074404,3.361
593.2724039999999,3.422
593.4704039999999,3.855
593.668454,3.7520000000000002
593.866404,3.7560000000000002
594.0646039999999,4.025
594.262404,4.094
594.460654,4.333
594.658404,4.452
594.856454,4.581
595.056154,4.603
595.252654,4.755
595.450654,4.777
595.648454,4.793
595.846604,5.2
596.044704,5.26
596.242604,5.022
596.440704,5.347
596.638704,5.61
596.837354,5.869
597.0346539999999,6.168
597.2326039999999,6.283
597.430704,6.5280000000000005
597.628704,6.63
597.826704,6.718
598.0256539999999,6.824
598.222854,6.836
598.420854,6.839
598.618704,6.96
598.8168539999999,7.417
599.016404,7.37
599.2126539999999,7.3100000000000005
599.410904,7.234
599.610404,7.239
599.806754,7.222
600.004904,7.1690000000000005
600.2040539999999,7.428
600.400904,7.097
600.598904,7.067
600.7977539999999,7.332
600.994954,7.299
601.192954,7.242
601.390954,7.452
601.588954,7.569
601.7869539999999,7.393
601.984954,7.308
602.183054,7.448
602.382654,7.4830000000000005
602.776204,7.618
602.974204,7.824
603.172204,7.9110000000000005
603.370204,7.906000000000001
603.5682039999999,7.728
603.766204,7.924
603.965904,7.963
604.162254,8.015
604.360454,8.061
604.5582539999999,8.179
604.756254,8.05
604.9544539999999,8.098
605.152254,8.175
605.350454,8.069
605.5482539999999,8.139
605.7470539999999,8.187
605.944454,8.206
606.1425039999999,7.923
606.340504,8.056000000000001
606.538504,7.772
606.7362539999999,7.73
606.936154,7.301
607.1325039999999,7.156000000000001
607.330504,7.246
607.528504,7.432
607.726304,7.127
607.924554,7.167
608.1225539999999,7.266
608.320554,7.102
608.518504,7.057
608.716504,6.668
608.914554,6.665
609.1125539999999,6.473
609.310704,6.304
609.508554,5.8420000000000005
609.706554,5.442
609.9047039999999,4.866
610.1025539999999,4.3100000000000005
610.300704,3.722
610.498704,3.402
610.696954,2.938
610.8947539999999,2.406
611.092554,1.863
611.291304,1.441
611.488754,1.133
611.686604,0.933
611.884904,0.78
612.082754,0.437
612.280754,0.41300000000000003
612.478754,0.24
612.676754,0.217
612.8748039999999,0.182
613.073004,0.20500000000000002
613.270804,0.201
613.468804,0.007
613.666804,0.068
613.864954,0.055
614.062804,0.052000000000000005
614.261004,0.058
614.458804,0.054
614.656804,0.031
614.854954,0.077
615.053054,0.045
615.251054,0.096
615.448804,0.031
615.648054,0.112
615.8449539999999,0.083
616.043204,0.089
616.241054,0.123
616.4390539999999,0.266
616.636854,0.23900000000000002
616.8367039999999,0.53
617.033204,0.491
617.231104,0.905
617.4291039999999,1.093
617.626854,1.479
617.8250039999999,1.95
618.023204,2.232
618.221204,2.273
618.419104,2.5260000000000002
618.6180039999999,3.013
618.8150539999999,3.207
619.013254,3.533
619.2112539999999,3.8200000000000003
619.409104,3.672
619.6071039999999,3.791
619.805254,3.7720000000000002
620.003254,3.971
620.201254,4.0120000000000005
620.3992539999999,4.116
620.5971539999999,4.164
620.795304,4.3870000000000005
620.993304,4.48
621.191304,4.4
621.3893039999999,4.758
621.587304,5.138
621.785304,5.093
621.9834539999999,5.3260000000000005
622.181304,5.531
622.576554,5.939
622.774604,5.997
622.972554,5.9830000000000005
623.170604,6.118
623.368604,6.375
623.567154,6.698
623.764804,7.067
623.9626039999999,7.1770000000000005
624.160854,7.363
624.358604,7.445
624.556604,7.4190000000000005
624.756054,7.534
624.952604,7.892
625.150854,7.998
625.349604,8.195
625.546654,8.184000000000001
625.7448539999999,8.241
625.942854,8.182
626.140854,8.137
626.338854,8.184000000000001
626.536654,8.226
626.7348539999999,8.115
626.934254,8.101
627.130904,8.11
627.328904,8.379
627.526654,8.584
627.7249039999999,8.767
627.924304,8.944
628.121054,8.973
628.318904,8.977
628.516904,8.734
628.7149039999999,8.798
628.912904,8.861
629.111104,8.823
629.308954,8.731
629.508504,8.854000000000001
629.7049539999999,8.674
629.9029039999999,8.77
630.101054,8.798
630.2991039999999,8.744
630.496954,8.646
630.695104,8.59
630.8929539999999,8.624
631.091104,8.505
631.289104,8.462
631.486954,8.34
631.685104,8.372
631.883104,8.269
632.0827039999999,8.183
632.279104,8.248
632.477254,8.154
632.676754,7.745
632.873154,7.565
633.071154,7.751
633.269154,7.869
633.4671539999999,7.845
633.667004,7.807
633.863154,7.58
634.0614039999999,7.617
634.259154,7.7490000000000006
634.457154,7.461
634.655354,7.325
634.853204,6.96
635.0514039999999,6.801
635.249204,6.83
635.4472039999999,6.648000000000001
635.645304,6.493
635.843304,6.57
636.0414039999999,6.707
636.239454,6.558
636.4372539999999,6.788
636.635354,6.6530000000000005
636.833354,6.813
637.0314539999999,6.5760000000000005
637.2294539999999,6.6000000000000005
637.427204,6.452
637.625354,6.464
637.824404,6.361
638.021604,6.364
638.2194539999999,6.335
638.418504,6.23
638.615404,6.368
638.813404,6.345
639.011654,6.228
639.2094539999999,6.228
639.407504,6.0120000000000005
639.605654,5.93
639.803404,6.014
640.003304,5.743
640.199654,5.846
640.397504,5.662
640.597304,5.575
640.793654,5.339
640.9916539999999,5.227
641.189654,5.166
641.387654,5.071
641.587304,5.015
641.7838039999999,5.071
642.178904,4.923
642.575154,4.9
642.772954,4.623
642.970954,4.457
643.168954,4.482
643.366954,4.526
643.565204,4.423
643.7629539999999,4.463
643.961204,4.42
644.158954,4.253
644.356954,4.16
644.555204,3.9290000000000003
644.753804,3.962
644.951254,3.743
645.149004,3.519
645.347004,3.548
645.545254,3.673
645.743254,3.466
645.941254,3.2920000000000003
646.139204,2.848
646.337004,3.222
646.535254,3.483
646.733254,3.203
646.931254,3.336
647.129254,3.073
647.327054,3.08
647.525254,3.1510000000000002
647.723254,2.976
647.921254,3.021
648.119254,3.109
648.3173039999999,3.223
648.515254,3.081
648.713304,3.073
648.9114539999999,3.1470000000000002
649.109304,3.192
649.3073039999999,3.0260000000000002
649.505304,3.096
649.703304,3.083
649.9015039999999,2.868
650.0994539999999,2.858
650.2973039999999,2.991
650.495504,2.836
650.693304,2.873
650.892154,3.088
651.0894539999999,2.945
651.287304,3.129
651.485504,3.373
651.6837039999999,3.472
651.883104,3.543
652.0795039999999,3.72
652.277654,3.9250000000000003
652.475504,3.8770000000000002
652.673504,4.1
652.873254,4.519
653.0695039999999,4.641
653.2675039999999,4.634
653.465654,4.747
653.663554,4.913
653.861754,5.015
654.0595539999999,4.98
654.2575539999999,4.953
654.455704,5.023
654.6538039999999,5.045
654.851804,5.032
655.049554,5.014
655.247704,5.014
655.445704,4.797
655.643704,4.796
655.8435039999999,4.374
656.039804,4.4270000000000005
656.2376039999999,4.472
656.435754,4.29
656.633754,4.082
656.8318039999999,4.17
657.029804,4.156
657.228654,3.994
657.425754,3.9330000000000003
657.623954,3.978
657.822004,3.9090000000000003
658.019854,3.996
658.218004,3.977
658.415754,3.856
658.614204,3.9130000000000003
658.812004,3.85
659.009854,3.736
659.207854,3.355
659.405804,3.352
659.605254,3.404
659.802054,3.227
660.000054,3.112
660.197904,3.0220000000000002
660.3960539999999,3.186
660.5940039999999,3.0260000000000002
660.792054,3.015
660.990004,2.934
661.188054,2.839
661.386054,2.855
661.584204,2.672
661.782054,2.453
662.1773039999999,2.11
662.3753039999999,2.072
662.573304,2.353
662.771354,2.186
662.969354,2.092
663.1673539999999,2.282
663.365554,2.692
663.563304,2.278
663.7615539999999,2.237
663.959354,2.162
664.1573539999999,2.224
664.355554,2.396
664.553354,1.814
664.7516039999999,1.681
664.949354,1.741
665.147354,1.697
665.345604,1.696
665.543604,1.45
665.7416039999999,1.2530000000000001
665.9396039999999,1.246
666.137404,1.1500000000000001
666.335604,1.249
666.533604,1.325
666.7316539999999,1.357
666.9296539999999,1.1520000000000001
667.127404,1.328
667.325604,1.2570000000000001
667.5237539999999,1.403
667.7217539999999,1.622
667.920904,1.562
668.117654,1.6380000000000001
668.315654,1.718
668.513654,1.736
668.7118039999999,1.9140000000000001
668.9096539999999,1.964
669.107654,1.9040000000000001
669.305654,1.991
669.503654,1.665
669.701854,1.7690000000000001
669.899854,1.621
670.097854,1.935
670.295854,1.808
670.494054,1.749
670.6918539999999,1.7530000000000001
670.8910539999999,1.948
671.087854,2.115
671.285854,1.805
671.484104,2.225
671.6819039999999,1.901
671.879904,1.653
672.078054,1.551
672.275904,1.361
672.473904,1.212
672.6719039999999,0.86
672.869954,0.624
673.068004,0.421
673.265904,0.11900000000000001
673.463904,0.074
673.662154,0.044
673.8599039999999,0.047
674.058054,0.088
674.257804,0.106
674.454154,0.113
674.652154,0.195
674.849954,0.126
675.048104,0.16
675.247854,0.463
675.443954,0.392
675.642204,0.502
675.840204,0.509
676.038104,0.611
676.237754,0.493
676.4341039999999,0.482
676.632204,0.5650000000000001
676.830204,0.684
677.028104,0.769
677.227854,0.659
677.424354,0.641
677.622354,0.646
677.820204,0.683
678.0183539999999,0.708
678.217854,0.519
678.4141539999999,0.5740000000000001
678.612354,0.684
678.810254,0.465
679.0084039999999,0.352
679.206204,0.384
679.404154,0.544
679.602404,0.654
679.800404,0.459
679.9984039999999,0.381
680.197954,0.593
680.394404,0.583
680.592404,0.496
680.790404,0.45
680.988404,0.319
681.1864539999999,0.332
681.384454,0.508
681.583754,0.362
681.977704,0.557
682.175704,0.368
682.373704,0.28400000000000003
682.573354,0.391
682.7697039999999,0.28
682.9677039999999,0.391
683.165904,0.256
683.363704,0.311
683.5632539999999,0.327
683.7597539999999,0.395
683.957754,0.156
684.155954,0.291
684.353754,0.314
684.553454,0.3
684.7497539999999,0.312
684.9477539999999,0.184
685.145954,0.127
685.3439539999999,0.127
685.543454,0.165
685.740004,0.122
685.9377539999999,0.067
686.136004,0.101
686.3340039999999,0.057
686.533454,0.165
686.730004,0.22
686.9278039999999,0.241
687.126004,0.124
687.324004,0.138
687.522204,0.131
687.720054,0.055
687.918054,0.04
688.116054,0.046
688.3140539999999,0.053
688.512554,0.07200000000000001
688.710054,0.05
688.908704,0.076
689.106054,0.07
689.304054,0.069
689.502204,0.23500000000000001
689.700254,0.11900000000000001
689.898504,0.08700000000000001
690.096204,0.115
690.294054,0.099
690.492204,0.155
690.690254,0.3
690.888104,0.404
691.0862539999999,0.532
691.284504,0.32
691.482654,0.271
691.680254,0.405
691.8784039999999,0.496
692.076254,0.402
692.2742539999999,0.659
692.472254,0.136
692.670304,0.38
692.868304,0.255
693.066304,0.17500000000000002
693.2643039999999,0.241
693.4635539999999,0.212
693.660304,0.095
693.858654,0.133
694.0564539999999,0.085
694.2543039999999,0.079
694.452604,0.096
694.650304,0.025
694.849104,0.096
695.0465039999999,0.257
695.244504,0.28200000000000003
695.442554,0.333
695.640554,0.329
695.838304,0.316
696.0364539999999,0.444
696.234504,0.277
696.432554,0.268
696.630604,0.24
696.828354,0.192
697.0265039999999,0.12
697.224754,0.112
697.4227539999999,0.116
697.620504,0.081
697.818754,0.032
698.0169539999999,0.34500000000000003
698.214554,0.508
698.412754,0.23600000000000002
698.610654,0.17
698.808604,0.182
699.007304,0.157
699.2045539999999,0.147
699.402754,0.095
699.6007539999999,0.225
699.798804,0.03
699.996754,0.069
700.194804,0.064
700.392804,0.11800000000000001
700.591904,0.11800000000000001
700.7888039999999,0.09
700.986804,0.139
701.184804,0.22
701.382804,0.218
701.582504,0.051000000000000004
701.976054,0.045
702.174054,0.046
702.3720539999999,0.042
702.571254,0.252
702.768104,0.183
702.9663039999999,0.148
703.164104,0.091
703.362354,0.136
703.560104,0.132
703.758104,0.076
703.957304,0.076
704.154104,0.08700000000000001
704.352354,0.08
704.5501039999999,0.024
704.748104,0.056
704.9463539999999,0.11900000000000001
705.144354,0.044
705.342354,0.021
705.540354,0.138
705.738154,0.062
705.9363539999999,0.08600000000000001
706.1343539999999,0.015
706.332354,0.005
706.5319039999999,0.031
706.728154,0.113
706.9264039999999,0.049
707.1244039999999,0.038
707.322554,0.097
707.520404,0.213
707.718404,0.218
707.9164039999999,0.10400000000000001
708.1144039999999,0.009000000000000001
708.3127039999999,0.015
708.510404,0.081
708.708454,0.022
708.9064539999999,0.069
709.106304,0.082
709.302604,0.069
709.500604,0.094
709.698454,0.042
709.898254,0.015
710.094604,0.17
710.292604,0.059000000000000004
710.490604,0.099
710.688504,0.039
710.886654,0.101
711.084854,0.059000000000000004
711.282604,0.038
711.480604,0.056
711.6786539999999,0.024
711.8766539999999,0.026000000000000002
712.074904,0.038
712.272654,0.041
712.470654,0.093
712.668654,0.047
712.8666539999999,0.016
713.064904,0.057
713.2629039999999,0.066
713.460654,0.084
713.6588039999999,0.034
713.856804,0.091
714.054954,0.041
714.252904,0.05
714.4523039999999,0.012
714.6488539999999,0.017
714.846854,0.11900000000000001
715.0450539999999,0.07
715.242904,0.024
715.4418539999999,0.029
715.6388539999999,0.037
715.836854,0.036000000000000004
716.0351039999999,0.033
716.232954,0.044
716.4309539999999,0.023
716.628704,0.11800000000000001
716.8268539999999,0.062
717.0251039999999,0.04
717.2231039999999,0.009000000000000001
717.4209539999999,0.032
717.619104,0.1
717.818504,0.137
718.0151539999999,0.053
718.2131539999999,0.08600000000000001
718.4110039999999,0.031
718.6090039999999,0.036000000000000004
718.807854,0.062
719.005154,0.096
719.2031539999999,0.033
719.401154,0.11800000000000001
719.599154,0.062
719.797154,0.046
719.995204,0.035
720.1932039999999,0.029
720.3911539999999,0.128
720.589154,0.07100000000000001
720.787154,0.126
720.9853539999999,0.106
721.1832039999999,0.008
721.3812039999999,0.046
721.776454,0.033
721.9744539999999,0.107
722.172454,0.009000000000000001
722.370454,0.048
722.568454,0.043000000000000003
722.767554,0.005
722.9645039999999,0.047
723.162704,0.022
723.360454,0.055
723.558454,0.018000000000000002
723.756704,0.038
723.9545039999999,0.044
724.152704,0.051000000000000004
724.350504,0.067
724.548504,0.033
724.746754,0.03
724.944754,0.095
725.142754,0.023
725.341204,0.018000000000000002
725.538504,0.066
725.736754,0.05
725.934754,0.027
726.132754,0.028
726.330804,0.097
726.528554,0.042
726.7275539999999,0.026000000000000002
726.924754,0.053
727.122904,0.066
727.320754,0.05
727.5188039999999,0.019
727.7167539999999,0.054
727.914804,0.032
728.112954,0.049
728.310804,0.025
728.5088039999999,0.089
728.7068039999999,0.064
728.904804,0.05
729.102954,0.033
729.3009539999999,0.031
729.4988539999999,0.057
729.697004,0.07
729.894854,0.088
730.093004,0.043000000000000003
730.2910039999999,0.036000000000000004
730.488854,0.022
730.687004,0.032
730.885004,0.016
731.083004,0.049
731.2810039999999,0.009000000000000001
731.479154,0.063
731.677054,0.077
731.8757539999999,0.01
732.073054,0.016
732.2710539999999,0.018000000000000002
732.4690039999999,0.037
732.667054,0.053
732.865054,0.038
733.0632539999999,0.023
733.261054,0.017
733.4590539999999,0.037
733.657204,0.056
733.8553039999999,0.041
734.0533039999999,0.031
734.251054,0.039
734.449204,0.038
734.647204,0.065
734.845204,0.039
735.0433039999999,0.014
735.241304,0.057
735.439254,0.022
735.637254,0.122
735.835254,0.033
736.0333539999999,0.027
736.2312539999999,0.079
736.4291039999999,0.059000000000000004
736.627254,0.109
736.8255039999999,0.066
737.023504,0.048
737.223004,0.101
737.419504,0.093
737.617304,0.052000000000000005
737.815304,0.023
738.013504,0.059000000000000004
738.211404,0.084
738.409404,0.039
738.607304,0.08700000000000001
738.805304,0.07200000000000001
739.003554,0.1
739.201554,0.051000000000000004
739.399404,0.03
739.597554,0.026000000000000002
739.7955539999999,0.055
739.993554,0.044
740.191554,0.035
740.389554,0.073
740.587554,0.032
740.7855539999999,0.021
741.180804,0.045
741.578304,0.019
741.774854,0.023
741.972854,0.058
742.170854,0.041
742.3688539999999,0.046
742.567104,0.038
742.764854,0.107
742.9631039999999,0.15
743.160854,0.081
743.358854,0.032
743.557104,0.052000000000000005
743.754904,0.026000000000000002
743.9531039999999,0.12
744.150904,0.075
744.348904,0.073
744.547104,0.033
744.745104,0.069
744.943104,0.06
745.1411039999999,0.068
745.338904,0.059000000000000004
745.537154,0.08
745.735154,0.023
745.933154,0.066
746.1311539999999,0.114
746.328904,0.023
746.527154,0.082
746.725154,0.073
746.9233039999999,0.032
747.1211539999999,0.02
747.319204,0.076
747.517154,0.1
747.715204,0.031
747.9133539999999,0.117
748.1112039999999,0.027
748.309204,0.048
748.5088539999999,0.02
748.705204,0.014
748.9033539999999,0.025
749.101354,0.079
749.2992039999999,0.014
749.498804,0.092
749.695204,0.151
749.8933539999999,0.082
750.0913539999999,0.1
750.2892039999999,0.078
750.487404,0.083
750.685404,0.08600000000000001
750.8834039999999,0.031
751.081404,0.114
751.279404,0.039
751.477404,0.059000000000000004
751.675404,0.094
751.8734039999999,0.046
752.0714039999999,0.14100000000000001
752.269404,0.014
752.467404,0.032
752.665454,0.064
752.863654,0.07
753.0614539999999,0.046
753.259454,0.068
753.457604,0.028
753.655454,0.025
753.853654,0.048
754.0514539999999,0.10200000000000001
754.251004,0.04
754.447604,0.084
754.645504,0.06
754.843704,0.01
755.041704,0.03
755.2394539999999,0.069
755.439254,0.018000000000000002
755.635604,0.084
755.833704,0.031
756.031704,0.088
756.229504,0.043000000000000003
756.427654,0.068
756.625854,0.047
756.823904,0.068
757.021754,0.051000000000000004
757.2199039999999,0.10200000000000001
757.417654,0.049
757.615654,0.029
757.813904,0.007
758.011754,0.052000000000000005
758.209754,0.026000000000000002
758.407704,0.032
758.605704,0.051000000000000004
758.803904,0.032
759.001904,0.085
759.199754,0.022
759.3979039999999,0.038
759.595904,0.026000000000000002
759.793904,0.024
759.991954,0.039
760.189954,0.027
760.3879539999999,0.013000000000000001
760.585704,0.098
760.7860539999999,0.032
761.1792039999999,0.03
761.575254,0.053
761.773204,0.063
761.971204,0.041
762.1692039999999,0.048
762.367454,0.035
762.565254,0.048
762.7634539999999,0.029
762.9613539999999,0.054
763.1592539999999,0.063
763.357504,0.057
763.555254,0.029
763.753504,0.047
763.951254,0.03
764.1492539999999,0.133
764.347454,0.041
764.5455039999999,0.036000000000000004
764.7435039999999,0.07
764.941504,0.019
765.1393039999999,0.057
765.337504,0.07100000000000001
765.535504,0.053
765.7335039999999,0.032
765.931504,0.06
766.1293039999999,0.019
766.327504,0.067
766.5255539999999,0.031
766.723704,0.009000000000000001
766.921554,0.06
767.119554,0.084
767.317554,0.06
767.515554,0.042
767.714354,0.047
767.9115539999999,0.044
768.109554,0.083
768.307554,0.01
768.505554,0.047
768.703754,0.025
768.901754,0.038
769.099604,0.08
769.2977539999999,0.091
769.495554,0.007
769.693754,0.018000000000000002
769.891754,0.044
770.089754,0.028
770.2878039999999,0.046
770.4858039999999,0.022
770.683804,0.081
770.882404,0.049
771.0799539999999,0.02
771.277754,0.08600000000000001
771.4758039999999,0.07200000000000001
771.673804,0.03
771.871804,0.047
772.0699539999999,0.018000000000000002
772.268454,0.08
772.4658039999999,0.026000000000000002
772.664054,0.018000000000000002
772.861854,0.021
773.059954,0.025
773.2579539999999,0.058
773.4558539999999,0.061
773.654054,0.083
773.851854,0.015
774.050654,0.07
774.2480039999999,0.064
774.4458539999999,0.065
774.644054,0.02
774.842054,0.046
775.040004,0.107
775.2380039999999,0.034
775.436654,0.022
775.634104,0.021
775.832104,0.039
776.030054,0.06
776.2280539999999,0.054
776.426254,0.036000000000000004
776.624254,0.02
776.822104,0.057
777.0202539999999,0.099
777.2180539999999,0.013000000000000001
777.4160539999999,0.002
777.614304,0.018000000000000002
777.812154,0.041
778.010304,0.025
778.208054,0.005
778.4060539999999,0.012
778.6049039999999,0.062
778.8023039999999,0.075
779.0003039999999,0.016
779.198304,0.015
779.396304,0.054
779.594304,0.077
779.7923539999999,0.056
779.9903539999999,0.063
780.188304,0.029
780.3861039999999,0.026000000000000002
780.584304,0.043000000000000003
780.7823539999999,0.048
781.177604,0.038
781.375604,0.121
781.5736039999999,0.051000000000000004
781.7716039999999,0.034
781.969604,0.116
782.1678539999999,0.089
782.365654,0.051000000000000004
782.563854,0.057
782.761654,0.063
782.959654,0.03
783.1578539999999,0.069
783.355654,0.08600000000000001
783.553854,0.034
783.7516539999999,0.032
783.949654,0.043000000000000003
784.1479039999999,0.02
784.345904,0.039
784.543904,0.015
784.741904,0.047
784.939654,0.079
785.1379039999999,0.077
785.3359039999999,0.07100000000000001
785.533904,0.056
785.731904,0.031
785.929704,0.03
786.127904,0.034
786.3259539999999,0.031
786.524104,0.045
786.721904,0.048
786.919904,0.031
787.117904,0.021
787.3159539999999,0.009000000000000001
787.514104,0.04
787.711954,0.031
787.909954,0.048
788.107954,0.037
788.3059539999999,0.051000000000000004
788.504104,0.058
788.702104,0.03
788.899954,0.038
789.0981539999999,0.022
789.2959539999999,0.06
789.494154,0.053
789.692154,0.021
789.890004,0.05
790.0881539999999,0.047
790.286154,0.028
790.484154,0.015
790.682154,0.016
790.880154,0.026000000000000002
791.078854,0.049
791.276204,0.089
791.474204,0.015
791.672204,0.045
791.870204,0.055
792.0682039999999,0.018000000000000002
792.266204,0.048
792.465054,0.06
792.662204,0.046
792.860204,0.131
793.058354,0.022
793.256254,0.007
793.4544539999999,0.056
793.652204,0.011
793.850204,0.042
794.048354,0.1
794.2462539999999,0.21
794.444454,0.05
794.6424539999999,0.14200000000000002
794.840254,0.074
795.038404,0.049
795.236404,0.012
795.434504,0.026000000000000002
795.633104,0.074
795.830254,0.052000000000000005
796.0284039999999,0.03
796.2266539999999,0.026000000000000002
796.4246539999999,0.028
796.6225039999999,0.041
796.820654,0.061
797.018454,0.065
797.216454,0.038
797.4146539999999,0.037
797.612504,0.032
797.8105039999999,0.013000000000000001
798.008654,0.048
798.206654,0.02
798.4047039999999,0.027
798.602704,0.042
798.801204,0.061
798.998704,0.019
799.196704,0.045
799.3947039999999,0.029
799.5927039999999,0.061
799.790704,0.044
799.988704,0.01
800.187504,0.055
800.3847539999999,0.02
800.779954,0.044
800.9780039999999,0.024
801.1760039999999,0.013000000000000001
801.374004,0.076
801.572004,0.082
801.770004,0.074
801.968004,0.038
802.1660039999999,0.07
802.364254,0.073
802.562004,0.017
802.760004,0.054
802.958254,0.054
803.1560539999999,0.022
803.354254,0.025
803.552054,0.049
803.750054,0.049
803.948254,0.056
804.146254,0.069
804.344254,0.03
804.542254,0.042
804.740054,0.019
804.938304,0.019
805.136304,0.048
805.334304,0.034
805.532304,0.09
805.730054,0.038
805.9283039999999,0.065
806.126304,0.037
806.324304,0.046
806.522304,0.04
806.7203539999999,0.015
806.9183039999999,0.057
807.116354,0.082
807.3145039999999,0.057
807.512354,0.097
807.7103539999999,0.043000000000000003
807.9083539999999,0.025
808.106354,0.049
808.304504,0.02
808.5025039999999,0.021
808.700354,0.068
808.898554,0.056
809.096554,0.025
809.294554,0.033
809.493154,0.026000000000000002
809.690354,0.036000000000000004
809.888554,0.048
810.086554,0.04
810.284554,0.01
810.4825539999999,0.01
810.6805539999999,0.035
810.878554,0.037
811.0768039999999,0.058
811.274554,0.081
811.472554,0.056
811.6705539999999,0.031
811.868704,0.061
812.0668039999999,0.018000000000000002
812.2648039999999,0.032
812.4626039999999,0.055
812.661204,0.048
812.858754,0.048
813.0568039999999,0.035
813.2548039999999,0.032
813.452604,0.042
813.650754,0.047
813.848754,0.063
814.047004,0.021
814.2448539999999,0.028
814.442854,0.039
814.6406539999999,0.017
814.838804,0.021
815.0370039999999,0.042
815.2348539999999,0.044
815.4328539999999,0.064
815.6306539999999,0.011
815.8294539999999,0.052000000000000005
816.0270539999999,0.082
816.225054,0.063
816.422904,0.024
816.621054,0.031
816.818804,0.016
817.0170539999999,0.023
817.215704,0.027
817.4129039999999,0.021
817.610954,0.038
817.809054,0.02
818.0071039999999,0.028
818.205104,0.042
818.403104,0.068
818.601054,0.037
818.799054,0.049
818.997704,0.039
819.195104,0.016
819.393104,0.045
819.591104,0.034
819.789104,0.055
819.987254,0.009000000000000001
820.1851039999999,0.03
820.383754,0.094
820.7784039999999,0.032
820.976404,0.05
821.174404,0.053
821.372404,0.064
821.5704039999999,0.04
821.7684039999999,0.026000000000000002
821.966404,0.042
822.1646539999999,0.027
822.362404,0.04
822.560404,0.047
822.758654,0.056
822.9564039999999,0.027
823.1546539999999,0.018000000000000002
823.352404,0.02
823.550404,0.029
823.748654,0.079
823.946654,0.026000000000000002
824.144654,0.036000000000000004
824.3427039999999,0.04
824.540454,0.018000000000000002
824.738704,0.041
824.936704,0.04
825.134654,0.003
825.3327039999999,0.023
825.530454,0.034
825.728704,0.015
825.926704,0.03
826.1248539999999,0.042
826.3227039999999,0.047
826.5207039999999,0.022
826.718704,0.042
826.916704,0.035
827.1148539999999,0.06
827.3127539999999,0.028
827.5107539999999,0.037
827.708754,0.02
827.906754,0.032
828.1049039999999,0.032
828.302904,0.068
828.5007539999999,0.053
828.698904,0.011
828.896754,0.044
829.0949039999999,0.023
829.292954,0.036000000000000004
829.4908039999999,0.03
829.6896039999999,0.073
829.886954,0.055
830.0849539999999,0.069
830.282954,0.016
830.480954,0.046
830.678954,0.046
830.876954,0.03
831.0749539999999,0.02
831.2729539999999,0.054
831.471004,0.025
831.669004,0.02
831.866954,0.014
832.065204,0.07100000000000001
832.2629539999999,0.049
832.461004,0.03
832.659104,0.063
832.857854,0.017
833.055254,0.035
833.2530039999999,0.108
833.451154,0.049
833.649154,0.023
833.8471539999999,0.058
834.045254,0.059000000000000004
834.2439039999999,0.01
834.441154,0.05
834.639154,0.056
834.8371539999999,0.077
835.035254,0.045
835.233304,0.025
835.431054,0.033
835.629204,0.03
835.827404,0.046
836.0260539999999,0.018000000000000002
836.223304,0.025
836.4214039999999,0.012
836.619204,0.003
836.817204,0.048
837.015454,0.029
837.213304,0.034
837.4119539999999,0.023
837.609204,0.013000000000000001
837.807204,0.006
838.005454,0.046
838.203454,0.052000000000000005
838.401354,0.027
838.5995039999999,0.042
838.797504,0.038
838.995504,0.028
839.193504,0.005
839.3915039999999,0.033
839.5895039999999,0.029
839.787504,0.011
840.1827539999999,0.026000000000000002
840.578754,0.049
840.776754,0.016
840.974754,0.045
841.1728039999999,0.026000000000000002
841.3708039999999,0.041
841.568804,0.041
841.766804,0.02
841.965054,0.032
842.1628039999999,0.049
842.3608039999999,0.008
842.559004,0.036000000000000004
842.756804,0.008
842.954804,0.039
843.1528539999999,0.038
843.3508539999999,0.044
843.549054,0.052000000000000005
843.7470539999999,0.014
843.9450539999999,0.063
844.143054,0.057
844.3408539999999,0.009000000000000001
844.539054,0.033
844.737054,0.074
844.9351039999999,0.074
845.133104,0.046
845.3308539999999,0.022
845.529104,0.037
845.7271039999999,0.075
845.925254,0.077
846.123104,0.07
846.321104,0.053
846.519104,0.084
846.717104,0.046
846.915304,0.069
847.113154,0.008
847.311154,0.02
847.509104,0.031
847.707104,0.054
847.905304,0.015
848.103304,0.025
848.301154,0.021
848.4993039999999,0.038
848.697154,0.012
848.895304,0.024
849.093304,0.051000000000000004
849.291154,0.035
849.489304,0.024
849.6873039999999,0.025
849.885354,0.017
850.083354,0.025
850.281354,0.027
850.479354,0.057
850.6773539999999,0.023
850.875354,0.039
851.073354,0.03
851.271354,0.037
851.469354,0.064
851.6673539999999,0.02
851.865604,0.028
852.063404,0.049
852.261404,0.047
852.4595539999999,0.022
852.6574039999999,0.031
852.8562539999999,0.064
853.053404,0.023
853.251404,0.02
853.4495539999999,0.035
853.647554,0.049
853.845654,0.03
854.043654,0.007
854.2420539999999,0.023
854.4396039999999,0.048
854.6375539999999,0.034
854.835654,0.037
855.033654,0.067
855.231454,0.064
855.4296039999999,0.039
855.6276039999999,0.024
855.825804,0.01
856.0243039999999,0.021
856.221854,0.048
856.4196039999999,0.052000000000000005
856.6176039999999,0.064
856.815854,0.052000000000000005
857.013704,0.006
857.2117039999999,0.035
857.410504,0.036000000000000004
857.6076539999999,0.013000000000000001
857.805854,0.023
858.0038539999999,0.022
858.201704,0.03
858.399854,0.038
858.597854,0.066
858.795854,0.046
858.9938539999999,0.017
859.192004,0.051000000000000004
859.389904,0.022
859.587904,0.057
859.785904,0.036000000000000004
860.181154,0.029
860.577154,0.064
860.7752039999999,0.016
860.973204,0.054
861.171154,0.047
861.3694039999999,0.04
861.567154,0.035
861.765404,0.07
861.9632039999999,0.047
862.161204,0.051000000000000004
862.3594039999999,0.047
862.557204,0.026000000000000002
862.755454,0.021
862.9532039999999,0.07200000000000001
863.151204,0.033
863.3494539999999,0.028
863.5474039999999,0.061
863.745454,0.048
863.943454,0.02
864.141254,0.024
864.3394539999999,0.008
864.5374539999999,0.023
864.735454,0.023
864.933454,0.036000000000000004
865.131254,0.038
865.3294539999999,0.035
865.5274539999999,0.006
865.725654,0.019
865.923504,0.04
866.121504,0.06
866.3195039999999,0.021
866.5175039999999,0.049
866.715654,0.049
866.913504,0.055
867.111504,0.037
867.3096539999999,0.049
867.5075039999999,0.009000000000000001
867.705704,0.01
867.903704,0.042
868.101554,0.008
868.2997039999999,0.037
868.4975539999999,0.035
868.695704,0.017
868.893704,0.044
869.091554,0.035
869.2897039999999,0.057
869.487754,0.022
869.6863539999999,0.015
869.883754,0.017
870.0817539999999,0.038
870.2797039999999,0.053
870.477754,0.035
870.675754,0.026000000000000002
870.873754,0.019
871.0719039999999,0.025
871.269904,0.031
871.467754,0.011
871.6660039999999,0.016
871.863754,0.021
872.061754,0.014
872.259904,0.01
872.4577539999999,0.034
872.6560039999999,0.033
872.8544539999999,0.034
873.0519539999999,0.076
873.249954,0.085
873.447954,0.035
873.6460539999999,0.05
873.8440039999999,0.037
874.0419539999999,0.018000000000000002
874.240604,0.053
874.437954,0.021
874.636054,0.04
874.8340539999999,0.052000000000000005
875.0320039999999,0.061
875.230004,0.045
875.428004,0.026000000000000002
875.6262039999999,0.054
875.8240539999999,0.042
876.0228539999999,0.016
876.220004,0.019
876.418004,0.054
876.6162539999999,0.036000000000000004
876.8141039999999,0.061
877.012254,0.052000000000000005
877.210254,0.048
877.408654,0.005
877.6062539999999,0.006
877.804254,0.047
878.002254,0.041
878.200254,0.052000000000000005
878.398254,0.084
878.5962539999999,0.038
878.794304,0.011
878.992304,0.054
879.190304,0.049
879.388304,0.015
879.5862539999999,0.038
879.7843039999999,0.073
880.1795539999999,0.049
880.3775539999999,0.041
880.575554,0.018000000000000002
880.773554,0.01
880.971554,0.015
881.169804,0.047
881.3676039999999,0.013000000000000001
881.565804,0.021
881.763604,0.034
881.961604,0.029
882.159804,0.018000000000000002
882.3576039999999,0.056
882.555804,0.009000000000000001
882.753604,0.082
882.951604,0.054
883.149854,0.023
883.347854,0.048
883.5456039999999,0.026000000000000002
883.7438539999999,0.032
883.941604,0.05
884.139854,0.035
884.337854,0.085
884.535854,0.067
884.733854,0.123
884.931654,0.036000000000000004
885.129904,0.023
885.327904,0.053
885.5260539999999,0.017
885.723904,0.029
885.9219039999999,0.099
886.1199039999999,0.069
886.317904,0.047
886.5160539999999,0.011
886.713904,0.029
886.9119539999999,0.008
887.110104,0.029
887.307904,0.068
887.506054,0.05
887.7040539999999,0.047
887.9019539999999,0.014
888.100104,0.035
888.297954,0.016
888.495954,0.013000000000000001
888.6941039999999,0.034
888.8919539999999,0.035
889.090104,0.02
889.288104,0.028
889.486104,0.036000000000000004
889.6841039999999,0.07
889.882754,0.068
890.080154,0.03
890.278154,0.015
890.476154,0.017
890.6741539999999,0.035
890.8721539999999,0.066
891.070304,0.009000000000000001
891.2688039999999,0.042
891.4663539999999,0.028
891.6641539999999,0.045
891.8621539999999,0.018000000000000002
892.060404,0.035
892.258204,0.044
892.4564039999999,0.056
892.654154,0.039
892.8521539999999,0.008
893.0509539999999,0.069
893.248304,0.07100000000000001
893.4464039999999,0.02
893.644454,0.02
893.8422039999999,0.081
894.040354,0.067
894.238354,0.024
894.437054,0.077
894.634454,0.031
894.8322039999999,0.018000000000000002
895.030354,0.056
895.2286039999999,0.066
895.426604,0.054
895.624504,0.021
895.822504,0.02
896.020404,0.046
896.218404,0.015
896.416654,0.037
896.614504,0.006
896.812504,0.047
897.0106539999999,0.042
897.208404,0.039
897.406654,0.035
897.6053039999999,0.065
897.802654,0.069
898.0006539999999,0.063
898.1986539999999,0.037
898.396654,0.045
898.594654,0.013000000000000001
898.7928039999999,0.048
898.990654,0.047
899.1887039999999,0.036000000000000004
899.386704,0.03
899.584704,0.025
899.980154,0.043000000000000003
900.177954,0.015
900.375954,0.033
900.573954,0.07
900.7719539999999,0.058
900.9699539999999,0.038
901.167954,0.037
901.3662039999999,0.044
901.563954,0.037
901.7620039999999,0.023
901.960204,0.035
902.158004,0.021
902.356004,0.012
902.554004,0.033
902.7520039999999,0.049
902.9500039999999,0.043000000000000003
903.148204,0.024
903.346004,0.021
903.5442539999999,0.029
903.7420539999999,0.028
903.9400539999999,0.03
904.138254,0.022
904.3362539999999,0.063
904.5342539999999,0.054
904.732254,0.052000000000000005
904.930254,0.041
905.128254,0.019
905.326254,0.021
905.5243039999999,0.02
905.722304,0.039
905.920304,0.089
906.118304,0.041
906.3164539999999,0.064
906.5143039999999,0.056
906.7123039999999,0.023
906.9111039999999,0.04
907.108304,0.018000000000000002
907.3065039999999,0.054
907.504504,0.021
907.702354,0.041
907.900504,0.063
908.098354,0.061
908.297104,0.055
908.494504,0.05
908.692504,0.073
908.890504,0.026000000000000002
909.088504,0.004
909.2865539999999,0.037
909.484554,0.073
909.682554,0.067
909.880504,0.038
910.0791539999999,0.041
910.2765039999999,0.019
910.474554,0.032
910.672554,0.039
910.8707039999999,0.051000000000000004
911.068554,0.005
911.266804,0.03
911.465204,0.015
911.662554,0.027
911.8607039999999,0.026000000000000002
912.058554,0.04
912.256804,0.048
912.4546039999999,0.042
912.652604,0.015
912.8507539999999,0.036000000000000004
913.0487539999999,0.017
913.246854,0.051000000000000004
913.444804,0.032
913.642604,0.026000000000000002
913.840754,0.024
914.0387539999999,0.074
914.236854,0.035
914.434854,0.032
914.6335039999999,0.035
914.830804,0.042
915.029004,0.055
915.227004,0.077
915.424854,0.049
915.622854,0.012
915.820804,0.059000000000000004
916.019054,0.059000000000000004
916.217004,0.07200000000000001
916.414904,0.073
916.612904,0.021
916.811054,0.018000000000000002
917.009054,0.043000000000000003
917.207054,0.021
917.405054,0.037
917.602904,0.025
917.801704,0.04
917.999054,0.017
918.197054,0.054
918.395054,0.018000000000000002
918.593204,0.025
918.7911039999999,0.054
918.989254,0.009000000000000001
919.1877039999999,0.014
919.385054,0.034
919.7805539999999,0.044
919.978354,0.036000000000000004
920.176354,0.053
920.3743539999999,0.028
920.5723539999999,0.011
920.770554,0.066
920.968404,0.028
921.166604,0.043000000000000003
921.3644039999999,0.021
921.562404,0.055
921.760604,0.003
921.958404,0.032
922.1566039999999,0.027
922.3544039999999,0.06
922.5524039999999,0.031
922.750404,0.062
922.9486539999999,0.047
923.146654,0.04
923.344654,0.04
923.5424039999999,0.064
923.740654,0.035
923.9386539999999,0.052000000000000005
924.1366539999999,0.048
924.334654,0.037
924.532654,0.05
924.730654,0.022
924.9287039999999,0.007
925.126854,0.044
925.324704,0.023
925.522654,0.036000000000000004
925.7204539999999,0.035
925.9187039999999,0.026000000000000002
926.116854,0.02
926.314704,0.049
926.512704,0.046
926.710704,0.05
926.908704,0.013000000000000001
927.107504,0.041
927.304854,0.02
927.502704,0.019
927.7009039999999,0.039
927.898704,0.019
928.096904,0.043000000000000003
928.294904,0.068
928.4935539999999,0.025
928.6909039999999,0.014
928.8889039999999,0.052000000000000005
929.086904,0.033
929.284904,0.007
929.482904,0.047
929.6809539999999,0.019
929.8789539999999,0.053
930.076954,0.037
930.274954,0.064
930.472954,0.05
930.671104,0.034
930.8689539999999,0.042
931.067154,0.06
931.264954,0.037
931.462954,0.074
931.661754,0.051000000000000004
931.8590039999999,0.036000000000000004
932.057204,0.026000000000000002
932.2552039999999,0.026000000000000002
932.452954,0.08
932.6511039999999,0.047
932.849104,0.035
933.047204,0.015
933.245204,0.026000000000000002
933.443004,0.032
933.6411539999999,0.019
933.839154,0.045
934.037254,0.044
934.235154,0.05
934.4332539999999,0.08600000000000001
934.6311539999999,0.047
934.829804,0.064
935.0274039999999,0.093
935.225254,0.017
935.4233039999999,0.042
935.6212039999999,0.019
935.819204,0.021
936.0174539999999,0.014
936.216054,0.038
936.4133039999999,0.09
936.611404,0.053
936.8092039999999,0.038
937.0074539999999,0.008
937.2054539999999,0.03
937.4033039999999,0.05
937.601454,0.079
937.7992039999999,0.024
937.998104,0.054
938.1954539999999,0.043000000000000003
938.3934539999999,0.038
938.591454,0.036000000000000004
938.789504,0.069
938.987504,0.014
939.1855039999999,0.068
939.3843039999999,0.05
939.7787539999999,0.03
939.9767539999999,0.074
940.174754,0.03
940.372754,0.031
940.570754,0.022
940.768754,0.002
940.967004,0.022
941.1647539999999,0.019
941.362804,0.052000000000000005
941.5610039999999,0.057
941.7588039999999,0.025
941.9568039999999,0.034
942.155054,0.005
942.352804,0.014
942.550804,0.054
942.749004,0.068
942.947054,0.026000000000000002
943.145054,0.039
943.342854,0.008
943.540854,0.034
943.739054,0.053
943.937054,0.016
944.135054,0.009000000000000001
944.333054,0.018000000000000002
944.5310539999999,0.012
944.7290539999999,0.023
944.927254,0.068
945.125104,0.033
945.323104,0.049
945.5211039999999,0.01
945.7191039999999,0.061
945.917104,0.062
946.1152539999999,0.028
946.313104,0.043000000000000003
946.5111039999999,0.055
946.7091039999999,0.08
946.907254,0.06
947.1053039999999,0.012
947.303154,0.017
947.501304,0.07100000000000001
947.6991539999999,0.049
947.897154,0.036000000000000004
948.0953039999999,0.018000000000000002
948.2933039999999,0.035
948.491304,0.051000000000000004
948.689954,0.031
948.887304,0.022
949.0853539999999,0.016
949.2833539999999,0.022
949.4813039999999,0.021
949.679304,0.035
949.877304,0.016
950.075354,0.012
950.2733539999999,0.045
950.471504,0.06
950.669354,0.077
950.8676039999999,0.059000000000000004
951.065354,0.018000000000000002
951.2633539999999,0.011
951.461504,0.02
951.659354,0.027
951.858254,0.063
952.0556039999999,0.055
952.2534039999999,0.053
952.451554,0.038
952.649554,0.046
952.8476539999999,0.056
953.0456039999999,0.054
953.244054,0.028
953.441554,0.07200000000000001
953.639554,0.037
953.8376539999999,0.039
954.0356539999999,0.038
954.233654,0.03
954.431604,0.034
954.629604,0.032
954.8278039999999,0.005
955.026304,0.022
955.223654,0.021
955.4215539999999,0.024
955.619604,0.054
955.8178039999999,0.064
956.015804,0.065
956.213704,0.048
956.412504,0.015
956.609604,0.019
956.8078539999999,0.079
957.005854,0.043000000000000003
957.2037039999999,0.027
957.401854,0.043000000000000003
957.5998539999999,0.079
957.7978539999999,0.029
957.995854,0.042
958.194004,0.062
958.391904,0.044
958.589854,0.029
958.7878539999999,0.007
959.183154,0.038
959.5791539999999,0.01
959.777154,0.028
959.975154,0.017
960.173154,0.074
960.3711539999999,0.05
960.569204,0.03
960.7674039999999,0.04
960.965204,0.027
961.163204,0.027
961.3612039999999,0.056
961.5591539999999,0.06
961.757204,0.024
961.9554039999999,0.031
962.153204,0.016
962.3512039999999,0.05
962.549454,0.069
962.747204,0.023
962.9454539999999,0.10200000000000001
963.143204,0.047
963.341204,0.061
963.539454,0.051000000000000004
963.7376039999999,0.056
963.9354539999999,0.054
964.1334539999999,0.018000000000000002
964.331454,0.025
964.529504,0.07200000000000001
964.7276539999999,0.077
964.9255039999999,0.083
965.1234539999999,0.038
965.321254,0.024
965.519504,0.031
965.717504,0.057
965.9156539999999,0.034
966.1135039999999,0.045
966.311704,0.011
966.509504,0.006
966.7076539999999,0.038
966.9056539999999,0.069
967.1035039999999,0.083
967.301704,0.069
967.499504,0.039
967.6977039999999,0.091
967.8957039999999,0.032
968.093704,0.02
968.2915539999999,0.05
968.489704,0.049
968.688354,0.051000000000000004
968.8857039999999,0.03
969.083704,0.056
969.2815539999999,0.064
969.479754,0.043000000000000003
969.677954,0.042
969.8757539999999,0.042
970.073754,0.043000000000000003
970.271904,0.031
970.469754,0.026000000000000002
970.667954,0.017
970.8657539999999,0.008
971.0637539999999,0.025
971.261904,0.046
971.459804,0.038
971.658004,0.024
971.8566539999999,0.004
972.0537539999999,0.019
972.251904,0.032
972.449904,0.021
972.6480039999999,0.054
972.846004,0.017
973.0438039999999,0.006
973.2426039999999,0.024
973.439954,0.039
973.638204,0.033
973.836054,0.033
974.034054,0.053
974.231954,0.035
974.429954,0.124
974.628204,0.065
974.826054,0.024
975.024854,0.013000000000000001
975.222004,0.028
975.420004,0.032
975.618254,0.018000000000000002
975.816204,0.029
976.014104,0.055
976.2122039999999,0.077
976.410754,0.02
976.608254,0.032
976.806254,0.042
977.004254,0.028
977.2022539999999,0.012
977.400004,0.064
977.598254,0.045
977.796254,0.014
977.9944039999999,0.051000000000000004
978.1922539999999,0.022
978.3903039999999,0.013000000000000001
978.588304,0.056
978.786304,0.077
979.181554,0.018000000000000002
979.379554,0.019
979.577554,0.038
979.7755539999999,0.044
979.9735539999999,0.08
980.171804,0.032
980.369554,0.026000000000000002
980.5678039999999,0.043000000000000003
980.765554,0.031
980.9636039999999,0.04
981.161804,0.063
981.359604,0.08600000000000001
981.557604,0.08600000000000001
981.755854,0.04
981.9536039999999,0.022
982.151804,0.043000000000000003
982.349804,0.046
982.547604,0.033
982.745854,0.083
982.9436539999999,0.022
983.1416539999999,0.058
983.339854,0.045
983.538004,0.045
983.7358539999999,0.015
983.933854,0.024
984.131854,0.052000000000000005
984.329854,0.004
984.5278539999999,0.005
984.7259039999999,0.041
984.923904,0.08700000000000001
985.121904,0.032
985.319904,0.02
985.518054,0.038
985.7167039999999,0.05
985.913904,0.035
986.112054,0.039
986.309904,0.028
986.508104,0.074
986.706104,0.058
986.903954,0.02
987.1021039999999,0.016
987.299954,0.069
987.497904,0.054
987.696104,0.031
987.894104,0.04
988.092104,0.032
988.2901039999999,0.051000000000000004
988.488154,0.044
988.686154,0.025
988.8847539999999,0.024
989.082104,0.006
989.2801039999999,0.023
989.478354,0.022
989.676154,0.037
989.874154,0.028
990.0723039999999,0.059000000000000004
990.270804,0.077
990.468404,0.041
990.666154,0.016
990.864154,0.027
991.0623039999999,0.012
991.2603039999999,0.033
991.458404,0.045
991.656404,0.035
991.854204,0.031
992.053004,0.013000000000000001
992.2503539999999,0.016
992.448454,0.075
992.646404,0.074
992.844204,0.062
993.0423539999999,0.018000000000000002
993.2403539999999,0.053
993.4392039999999,0.018000000000000002
993.636454,0.032
993.8344539999999,0.059000000000000004
994.0324039999999,0.051000000000000004
994.2304039999999,0.032
994.428604,0.07200000000000001
994.626454,0.096
994.824454,0.025
995.0224039999999,0.03
995.2204039999999,0.052000000000000005
995.418604,0.023
995.6166539999999,0.026000000000000002
995.8145039999999,0.037
996.012654,0.034
996.2104039999999,0.004
996.408654,0.043000000000000003
996.607254,0.008
996.804504,0.011
997.002654,0.037
997.200654,0.045
997.398654,0.056
997.5967039999999,0.035
997.7947039999999,0.033
997.992704,0.009000000000000001
998.190654,0.073
998.388654,0.075
998.5867039999999,0.011
998.981954,0.049
999.179954,0.047
999.3779539999999,0.035
999.5759539999999,0.045
999.773954,0.024
999.971954,0.016
1000.170004,0.027
1000.368204,0.033
1000.5660039999999,0.015
1000.764004,0.016
1000.9622039999999,0.042
1001.160004,0.015
1001.3580039999999,0.059000000000000004
1001.556204,0.051000000000000004
1001.754004,0.029
1001.952004,0.043000000000000003
1002.1502539999999,0.033
1002.348004,0.037
1002.546254,0.018000000000000002
1002.7440039999999,0.02
1002.942004,0.036000000000000004
1003.1402539999999,0.028
1003.338404,0.083
1003.536254,0.009000000000000001
1003.734304,0.03
1003.932254,0.055
1004.1303039999999,0.006
1004.328304,0.043000000000000003
1004.526304,0.026000000000000002
1004.724304,0.042
1004.922054,0.063
1005.1203039999999,0.008
1005.3183039999999,0.014
1005.516454,0.027
1005.714304,0.017
1005.912304,0.046
1006.1103039999999,0.05
1006.308454,0.002
1006.506454,0.07200000000000001
1006.704354,0.015
1006.9025039999999,0.024
1007.100504,0.006
1007.2983539999999,0.128
1007.496504,0.034
1007.6945039999999,0.032
1007.892354,0.012
1008.090504,0.019
1008.2883539999999,0.039
1008.486504,0.041
1008.6845539999999,0.013000000000000001
1008.882404,0.05
1009.081204,0.095
1009.2788039999999,0.057
1009.476554,0.009000000000000001
1009.674554,0.024
1009.872704,0.037
1010.0705539999999,0.043000000000000003
1010.268554,0.055
1010.4672039999999,0.017
1010.6646039999999,0.036000000000000004
1010.8626039999999,0.015
1011.060754,0.049
1011.2588039999999,0.008
1011.4568039999999,0.018000000000000002
1011.654554,0.009000000000000001
1011.8527039999999,0.029
1012.050704,0.037
1012.248804,0.015
1012.4468539999999,0.038
1012.644604,0.033
1012.8427539999999,0.036000000000000004
1013.040754,0.061
1013.2390039999999,0.064
1013.4368539999999,0.021
1013.635504,0.038
1013.8327539999999,0.021
1014.030754,0.067
1014.2290039999999,0.015
1014.4269039999999,0.048
1014.6249039999999,0.056
1014.8228039999999,0.053
1015.020804,0.04
1015.2190039999999,0.035
1015.4170039999999,0.034
1015.6149039999999,0.016
1015.813054,0.045
1016.010804,0.031
1016.2090539999999,0.029
1016.4070539999999,0.018000000000000002
1016.6049039999999,0.019
1016.8037039999999,0.045
1017.001054,0.06
1017.1990539999999,0.048
1017.3970539999999,0.051000000000000004
1017.595054,0.029
1017.793104,0.03
1017.9912539999999,0.013000000000000001
1018.189754,0.08
1018.3871039999999,0.036000000000000004
1018.7823539999999,0.026000000000000002
1018.9803539999999,0.074
1019.178604,0.008
1019.376354,0.041
1019.574354,0.007
1019.772354,0.014
1019.9703539999999,0.031
1020.168604,0.047
1020.366404,0.048
1020.564404,0.013000000000000001
1020.762404,0.027
1020.960604,0.01
1021.158654,0.044
1021.3566539999999,0.061
1021.554404,0.037
1021.752404,0.028
1021.950604,0.027
1022.148654,0.032
1022.346654,0.04
1022.544454,0.039
1022.742454,0.041
1022.940654,0.03
1023.1388039999999,0.035
1023.336654,0.052000000000000005
1023.5346539999999,0.024
1023.7326539999999,0.04
1023.930654,0.031
1024.128854,0.028
1024.326704,0.031
1024.524704,0.037
1024.722704,0.021
1024.920704,0.033
1025.118854,0.028
1025.316854,0.016
1025.514704,0.027
1025.712704,0.063
1025.910704,0.027
1026.1110039999999,0.111
1026.306904,0.10300000000000001
1026.504754,0.17200000000000001
1026.702904,0.07200000000000001
1026.9009039999999,0.164
1027.098904,0.134
1027.296904,0.096
1027.497004,0.185
1027.692754,0.156
1027.890954,0.058
1028.0887539999999,0.053
1028.286954,0.099
1028.484904,0.062
1028.682904,0.132
1028.880954,0.106
1029.079154,0.098
1029.276954,0.112
1029.474954,0.107
1029.673104,0.094
1029.870954,0.054
1030.069204,0.022
1030.266954,0.108
1030.464954,0.096
1030.665054,0.044
1030.8611039999998,0.106
1031.059004,0.116
1031.257204,0.019
1031.455004,0.178
1031.653004,0.24
1031.851154,0.088
1032.049204,0.043000000000000003
1032.247204,0.028
1032.445004,0.045
1032.6431539999999,0.051000000000000004
1032.841154,0.023
1033.0394039999999,0.049
1033.237254,0.033
1033.435254,0.043000000000000003
1033.633054,0.057
1033.8312039999998,0.112
1034.0294039999999,0.058
1034.227254,0.073
1034.4253039999999,0.073
1034.623454,0.01
1034.8212039999999,0.059000000000000004
1035.019454,0.025
1035.2174539999999,0.052000000000000005
1035.4153039999999,0.025
1035.613454,0.038
1035.8112039999999,0.017
1036.009454,0.008
1036.2074539999999,0.03
1036.405454,0.009000000000000001
1036.603454,0.041
1036.801454,0.075
1036.999754,0.048
1037.197504,0.035
1037.3955039999998,0.10300000000000001
1037.593504,0.094
1037.791954,0.038
1037.989504,0.051000000000000004
1038.187504,0.094
1038.582754,0.08600000000000001
1038.978754,0.032
1039.1767539999998,0.047
1039.374804,0.044
1039.572804,0.039
1039.770804,0.03
1039.9688039999999,0.054
1040.166804,0.031
1040.364804,0.099
1040.562804,0.023
1040.761004,0.083
1040.9588039999999,0.033
1041.157054,0.021
1041.354854,0.063
1041.552854,0.034
1041.7510539999998,0.024
1041.9488039999999,0.07
1042.147054,0.025
1042.346754,0.106
1042.542854,0.089
1042.7410539999998,0.069
1042.939054,0.045
1043.137104,0.026000000000000002
1043.335104,0.041
1043.532854,0.04
1043.731104,0.028
1043.9307039999999,0.057
1044.127104,0.033
1044.325104,0.027
1044.5231039999999,0.017
1044.721104,0.075
1044.919104,0.076
1045.1173039999999,0.056
1045.315104,0.019
1045.5131039999999,0.028
1045.711104,0.056
1045.909304,0.05
1046.1073039999999,0.046
1046.305654,0.033
1046.503354,0.053
1046.701304,0.078
1046.899154,0.107
1047.097304,0.026000000000000002
1047.295304,0.057
1047.493154,0.034
1047.691304,0.05
1047.889154,0.079
1048.087354,0.048
1048.2853539999999,0.047
1048.483354,0.065
1048.681354,0.022
1048.879604,0.017
1049.077354,0.073
1049.2753539999999,0.059000000000000004
1049.473504,0.01
1049.671354,0.07100000000000001
1049.869404,0.096
1050.067404,0.08600000000000001
1050.265404,0.054
1050.4634039999999,0.035
1050.661554,0.068
1050.859404,0.051000000000000004
1051.0576039999999,0.048
1051.255404,0.07
1051.4534039999999,0.095
1051.651554,0.075
1051.8496539999999,0.036000000000000004
1052.047654,0.044
1052.245654,0.114
1052.445254,0.037
1052.641554,0.044
1052.839804,0.041
1053.037654,0.03
1053.2356539999998,0.07200000000000001
1053.433604,0.061
1053.631604,0.02
1053.829604,0.044
1054.0277039999999,0.025
1054.225704,0.025
1054.423704,0.054
1054.6237039999999,0.061
1054.819804,0.027
1055.017854,0.135
1055.215704,0.055
1055.413854,0.022
1055.611654,0.082
1055.809654,0.043000000000000003
1056.007854,0.02
1056.205704,0.01
1056.403704,0.079
1056.601854,0.096
1056.799654,0.024
1056.997904,0.054
1057.195904,0.047
1057.393904,0.008
1057.5919039999999,0.043000000000000003
1057.792004,0.063
1058.185154,0.099
1058.5812039999998,0.074
1058.779154,0.07200000000000001
1058.977154,0.039
1059.175154,0.012
1059.373204,0.079
1059.5712039999999,0.033
1059.769204,0.042
1059.967204,0.047
1060.165204,0.09
1060.363204,0.08
1060.561454,0.07100000000000001
1060.759204,0.082
1060.9574539999999,0.045
1061.155204,0.019
1061.3532539999999,0.017
1061.551454,0.043000000000000003
1061.749254,0.053
1061.9474539999999,0.038
1062.1455039999998,0.01
1062.343254,0.03
1062.541454,0.069
1062.739454,0.07
1062.937454,0.077
1063.1355039999999,0.121
1063.333304,0.095
1063.531504,0.051000000000000004
1063.729504,0.07
1063.927504,0.061
1064.1255039999999,0.021
1064.323504,0.044
1064.521504,0.034
1064.719504,0.058
1064.9176539999999,0.097
1065.115554,0.078
1065.3135539999998,0.043000000000000003
1065.511554,0.052000000000000005
1065.709554,0.006
1065.907704,0.024
1066.105704,0.059000000000000004
1066.3035539999998,0.039
1066.501704,0.084
1066.699554,0.037
1066.897704,0.047
1067.095754,0.07200000000000001
1067.293754,0.094
1067.491754,0.065
1067.689604,0.145
1067.889904,0.095
1068.085754,0.107
1068.283754,0.02
1068.481754,0.003
1068.679754,0.045
1068.8777539999999,0.067
1069.075804,0.039
1069.275854,0.048
1069.471754,0.047
1069.669754,0.046
1069.868004,0.018000000000000002
1070.0658039999998,0.049
1070.263804,0.07100000000000001
1070.4619539999999,0.022
1070.659804,0.038
1070.858054,0.019
1071.0576039999999,0.053
1071.253804,0.06
1071.451954,0.035
1071.650054,0.063
1071.848054,0.012
1072.046054,0.11
1072.243954,0.037
1072.444054,0.15
1072.6400039999999,0.06
1072.838054,0.126
1073.036054,0.20700000000000002
1073.234004,0.183
1073.432004,0.14200000000000002
1073.6300039999999,0.131
1073.828204,0.083
1074.026104,0.334
1074.224104,0.092
1074.422054,0.20800000000000002
1074.620254,0.083
1074.818254,0.185
1075.016104,0.025
1075.214254,0.099
1075.412054,0.05
1075.612104,0.1
1075.808254,0.11900000000000001
1076.006254,0.068
1076.2043039999999,0.093
1076.402304,0.043000000000000003
1076.600304,0.064
1076.798304,0.185
1076.996304,0.136
1077.194154,0.021
1077.392304,0.009000000000000001
1077.590304,0.095
1077.788304,0.067
1078.183554,0.068
1078.579604,0.032
1078.7776039999999,0.062
1078.975604,0.025
1079.1736039999998,0.125
1079.371604,0.066
1079.569604,0.16
1079.7678039999998,0.124
1079.965604,0.20400000000000001
1080.1636039999999,0.035
1080.361804,0.051000000000000004
1080.559654,0.099
1080.757854,0.044
1080.9556539999999,0.011
1081.153654,0.023
1081.351854,0.153
1081.549654,0.076
1081.747854,0.085
1081.945854,0.045
1082.143654,0.074
1082.341854,0.11900000000000001
1082.539904,0.08600000000000001
1082.7379039999998,0.147
1082.935904,0.081
1083.133654,0.107
1083.331904,0.08700000000000001
1083.529904,0.146
1083.728054,0.067
1083.925904,0.085
1084.123954,0.092
1084.321904,0.096
1084.5199539999999,0.10300000000000001
1084.718104,0.079
1084.915904,0.139
1085.113904,0.037
1085.311904,0.111
1085.5099539999999,0.268
1085.708104,0.091
1085.906104,0.10300000000000001
1086.103954,0.129
1086.3021039999999,0.163
1086.499954,0.089
1086.698104,0.059000000000000004
1086.896104,0.136
1087.094154,0.114
1087.292154,0.106
1087.4901539999998,0.093
1087.688154,0.067
1087.886154,0.088
1088.084304,0.17400000000000002
1088.282154,0.193
1088.480404,0.076
1088.678154,0.013000000000000001
1088.876154,0.098
1089.074304,0.07200000000000001
1089.272454,0.132
1089.470204,0.077
1089.6684539999999,0.045
1089.866204,0.026000000000000002
1090.0643539999999,0.41400000000000003
1090.262354,0.169
1090.460204,0.093
1090.658454,0.14100000000000001
1090.856204,0.114
1091.0543539999999,0.07100000000000001
1091.252354,0.052000000000000005
1091.450404,0.158
1091.648454,0.095
1091.846454,0.135
1092.0443539999999,0.108
1092.2424039999999,0.184
1092.440404,0.034
1092.638504,0.031
1092.8365039999999,0.061
1093.034404,0.022
1093.2324039999999,0.12
1093.430404,0.053
1093.6286539999999,0.057
1093.8265039999999,0.31
1094.024654,0.096
1094.2224039999999,0.181
1094.422304,0.14400000000000002
1094.6186539999999,0.054
1094.816554,0.042
1095.014704,0.061
1095.212704,0.04
1095.4104539999998,0.091
1095.608654,0.092
1095.806654,0.051000000000000004
1096.0046539999998,0.109
1096.202704,0.063
1096.400504,0.099
1096.598704,0.021
1096.7967039999999,0.032
1096.994704,0.01
1097.192704,0.007
1097.390854,0.067
1097.588704,0.02
1097.7867039999999,0.055
1098.182004,0.06
1098.3800039999999,0.037
1098.578004,0.046
1098.776004,0.043000000000000003
1098.974004,0.078
1099.1722539999998,0.016
1099.3700039999999,0.046
1099.568004,0.068
1099.7660039999998,0.051000000000000004
1099.964004,0.041
1100.162404,0.013000000000000001
1100.360004,0.033
1100.558254,0.107
1100.756054,0.047
1100.954054,0.027
1101.153004,0.04
1101.350304,0.04
1101.548304,0.015
1101.746304,0.017
1101.944054,0.061
1102.1422539999999,0.082
1102.340304,0.004
1102.538304,0.052000000000000005
1102.736304,0.035
1102.934104,0.065
1103.132304,0.026000000000000002
1103.3303039999998,0.023
1103.528454,0.08
1103.726304,0.033
1103.924304,0.041
1104.122304,0.015
1104.3203039999999,0.003
1104.518504,0.076
1104.716354,0.035
1104.915454,0.051000000000000004
1105.112504,0.064
1105.310354,0.018000000000000002
1105.508504,0.07200000000000001
1105.706504,0.037
1105.904354,0.015
1106.102554,0.046
1106.300354,0.07100000000000001
1106.498554,0.025
1106.6965539999999,0.056
1106.894404,0.075
1107.0925539999998,0.1
1107.290554,0.046
1107.488554,0.10300000000000001
1107.686554,0.061
1107.884554,0.018000000000000002
1108.0825539999998,0.048
1108.280604,0.021
1108.478604,0.047
1108.678704,0.06
1108.874554,0.10300000000000001
1109.072704,0.037
1109.270604,0.044
1109.4688039999999,0.039
1109.666604,0.013000000000000001
1109.8646039999999,0.024
1110.062754,0.014
1110.260604,0.073
1110.458854,0.037
1110.656604,0.039
1110.8546039999999,0.09
1111.052754,0.025
1111.250754,0.019
1111.448854,0.09
1111.6468539999998,0.053
1111.846804,0.008
1112.042804,0.034
1112.240804,0.056
1112.438854,0.125
1112.6368539999999,0.099
1112.834654,0.083
1113.032804,0.024
1113.2328539999999,0.049
1113.429054,0.03
1113.626904,0.035
1113.824904,0.092
1114.022854,0.09
1114.2210539999999,0.029
1114.419054,0.045
1114.616904,0.052000000000000005
1114.814954,0.063
1115.015254,0.037
1115.210854,0.07200000000000001
1115.4091039999998,0.008
1115.607104,0.08
1115.804954,0.056
1116.003104,0.063
1116.200854,0.063
1116.401154,0.008
1116.597104,0.098
1116.795104,0.024
1116.993104,0.053
1117.191304,0.013000000000000001
1117.389154,0.023
1117.587154,0.056
1117.9824039999999,0.05
1118.180404,0.093
1118.378404,0.016
1118.576404,0.041
1118.774404,0.009000000000000001
1118.9724039999999,0.053
1119.170404,0.062
1119.368404,0.108
1119.566454,0.054
1119.764454,0.047
1119.962454,0.124
1120.1604539999998,0.034
1120.358654,0.03
1120.556454,0.055
1120.754454,0.02
1120.952654,0.034
1121.150654,0.019
1121.348454,0.031
1121.5467039999999,0.024
1121.744504,0.011
1121.942454,0.052000000000000005
1122.140704,0.043000000000000003
1122.338454,0.11
1122.5367039999999,0.106
1122.734704,0.033
1122.932704,0.01
1123.130704,0.005
1123.328904,0.058
1123.526754,0.07
1123.7247539999998,0.015
1123.922754,0.05
1124.120754,0.069
1124.318904,0.035
1124.516754,0.014
1124.7147539999999,0.005
1124.912904,0.067
1125.110754,0.022
1125.310954,0.03
1125.506954,0.076
1125.7047539999999,0.046
1125.902904,0.043000000000000003
1126.100754,0.056
1126.2989539999999,0.083
1126.496954,0.039
1126.694954,0.044
1126.892954,0.025
1127.093054,0.033
1127.2889539999999,0.097
1127.486954,0.045
1127.684954,0.094
1127.882954,0.024
1128.081004,0.009000000000000001
1128.279004,0.054
1128.479054,0.036000000000000004
1128.675004,0.016
1128.8731539999999,0.07
1129.071004,0.03
1129.269254,0.044
1129.4670039999999,0.056
1129.665004,0.089
1129.863154,0.068
1130.061004,0.075
1130.259254,0.009000000000000001
1130.457254,0.007
1130.6550539999998,0.011
1130.853204,0.018000000000000002
1131.051404,0.046
1131.2492539999998,0.079
1131.447254,0.032
1131.647154,0.081
1131.843204,0.042
1132.041454,0.085
1132.239304,0.04
1132.437304,0.082
1132.635304,0.07
1132.833204,0.064
1133.031454,0.026000000000000002
1133.229454,0.098
1133.427304,0.031
1133.625304,0.066
1133.823254,0.036000000000000004
1134.021454,0.007
1134.219504,0.043000000000000003
1134.417504,0.028
1134.6155039999999,0.064
1134.815654,0.011
1135.011454,0.017
1135.209504,0.098
1135.407504,0.048
1135.605354,0.116
1135.803504,0.10300000000000001
1136.0015039999998,0.112
1136.201554,0.044
1136.397504,0.061
1136.595504,0.013000000000000001
1136.793504,0.082
1136.991654,0.045
1137.189554,0.068
1137.5848039999998,0.043000000000000003
1137.782804,0.10400000000000001
1137.980804,0.082
1138.178804,0.049
1138.376804,0.062
1138.574854,0.042
1138.772854,0.038
1138.970854,0.052000000000000005
1139.169054,0.031
1139.366804,0.037
1139.564854,0.014
1139.762854,0.018000000000000002
1139.960854,0.066
1140.1591039999998,0.035
1140.3568539999999,0.015
1140.554854,0.048
1140.753104,0.027
1140.951104,0.049
1141.1491039999999,0.055
1141.347104,0.059000000000000004
1141.5449039999999,0.058
1141.742904,0.109
1141.941104,0.075
1142.1391039999999,0.077
1142.337154,0.045
1142.535154,0.038
1142.733104,0.092
1142.931104,0.017
1143.129304,0.066
1143.3271539999998,0.045
1143.525154,0.016
1143.723154,0.023
1143.921154,0.051000000000000004
1144.119304,0.064
1144.317304,0.101
1144.515154,0.049
1144.713154,0.073
1144.911154,0.059000000000000004
1145.109354,0.025
1145.307354,0.059000000000000004
1145.505204,0.014
1145.703204,0.01
1145.901204,0.012
1146.099354,0.028
1146.297354,0.024
1146.495354,0.029
1146.693354,0.048
1146.892004,0.05
1147.089404,0.045
1147.287404,0.034
1147.485404,0.025
1147.6834039999999,0.011
1147.881404,0.003
1148.0794039999998,0.037
1148.2780539999999,0.038
1148.475404,0.024
1148.673554,0.02
1148.871404,0.011
1149.069654,0.013000000000000001
1149.267454,0.012
1149.465404,0.034
1149.663554,0.032
1149.861404,0.021
1150.0603039999999,0.022
1150.257654,0.009000000000000001
1150.455454,0.015
1150.6536039999999,0.023
1150.851604,0.037
1151.049704,0.023
1151.2477039999999,0.024
1151.4461039999999,0.011
1151.6436039999999,0.017
1151.841604,0.006
1152.0398539999999,0.034
1152.237704,0.033
1152.435704,0.051000000000000004
1152.633654,0.018000000000000002
1152.8316539999998,0.016
1153.029854,0.011
1153.227704,0.004
1153.425704,0.013000000000000001
1153.623854,0.017
1153.821754,0.024
1154.019854,0.068
1154.2179039999999,0.062
1154.4157539999999,0.063
1154.614554,0.053
1154.811704,0.026000000000000002
1155.009904,0.068
1155.2079039999999,0.05
1155.405754,0.018000000000000002
1155.603904,0.022
1155.801704,0.027
1155.999904,0.008
1156.197954,0.01
1156.3959539999998,0.024
1156.593954,0.027
1156.7921039999999,0.009000000000000001
1157.1872039999998,0.026000000000000002
1157.5834539999998,0.032
1157.781204,0.022
1157.979204,0.022
1158.1772039999998,0.019
1158.375204,0.026000000000000002
1158.573254,0.01
1158.771254,0.014
1158.9692539999999,0.022
1159.167254,0.017
1159.365254,0.018000000000000002
1159.563254,0.027
1159.761254,0.045
1159.959454,0.023
1160.157504,0.017
1160.355254,0.002
1160.553504,0.013000000000000001
1160.7515039999998,0.02
1160.949304,0.024
1161.147504,0.038
1161.345304,0.043000000000000003
1161.543304,0.061
1161.7415039999998,0.056
1161.939504,0.094
1162.137554,0.096
1162.335554,0.082
1162.533354,0.077
1162.731554,0.031
1162.929704,0.02
1163.127554,0.017
1163.325554,0.024
1163.5235539999999,0.034
1163.721554,0.015
1163.9195539999998,0.008
1164.1177539999999,0.006
1164.315604,0.012
1164.513604,0.015
1164.7116039999999,0.022
1164.909754,0.022
1165.1077539999999,0.025
1165.305604,0.036000000000000004
1165.5037539999998,0.029
1165.701754,0.052000000000000005
1165.899754,0.06
1166.097804,0.049
1166.2958039999999,0.054
1166.4937539999999,0.027
1166.691754,0.023
1166.890404,0.042
1167.087804,0.081
1167.2858039999999,0.015
1167.483804,0.032
1167.681804,0.02
1167.880054,0.017
1168.077804,0.026000000000000002
1168.276454,0.039
1168.473954,0.057
1168.6718039999998,0.07200000000000001
1168.870054,0.059000000000000004
1169.067854,0.08700000000000001
1169.265854,0.076
1169.464004,0.093
1169.662004,0.1
1169.8601039999999,0.063
1170.058704,0.057
1170.255854,0.077
1170.454004,0.047
1170.652004,0.032
1170.8501039999999,0.031
1171.048104,0.027
1171.2459039999999,0.042
1171.444654,0.033
1171.642054,0.048
1171.840254,0.029
1172.038104,0.04
1172.2361039999998,0.054
1172.434054,0.025
1172.632054,0.014
1172.830254,0.041
1173.0281539999999,0.047
1173.226154,0.047
1173.4240539999998,0.037
1173.622054,0.064
1173.8203039999999,0.046
1174.018304,0.06
1174.216154,0.024
1174.414304,0.06
1174.612754,0.049
1174.8103039999999,0.015
1175.008304,0.008
1175.2062039999998,0.021
1175.404354,0.021
1175.6023539999999,0.05
1175.8003039999999,0.068
1175.998304,0.056
1176.196354,0.065
1176.394354,0.027
1176.592354,0.038
1176.790354,0.008
1177.185604,0.016
1177.5816539999998,0.03
1177.779854,0.054
1177.977654,0.061
1178.175654,0.037
1178.373654,0.019
1178.5716539999999,0.016
1178.769654,0.017
1178.967654,0.042
1179.165654,0.022
1179.363654,0.043000000000000003
1179.561904,0.028
1179.759904,0.03
1179.9579039999999,0.015
1180.155654,0.035
1180.353654,0.047
1180.551904,0.045
1180.7497039999998,0.031
1180.9479039999999,0.025
1181.145704,0.011
1181.343704,0.023
1181.541954,0.056
1181.739954,0.06
1181.937954,0.009000000000000001
1182.1359539999999,0.009000000000000001
1182.333704,0.004
1182.531954,0.025
1182.730104,0.022
1182.927954,0.014
1183.126004,0.025
1183.324154,0.011
1183.521954,0.023
1183.719954,0.03
1183.9181039999999,0.054
1184.116004,0.044
1184.3140039999998,0.034
1184.512004,0.028
1184.710004,0.016
1184.908154,0.025
1185.106004,0.036000000000000004
1185.3040039999998,0.028
1185.502154,0.034
1185.7001539999999,0.043000000000000003
1185.898154,0.038
1186.096204,0.012
1186.294204,0.013000000000000001
1186.492204,0.07100000000000001
1186.690054,0.055
1186.888804,0.022
1187.086204,0.036000000000000004
1187.284354,0.042
1187.482204,0.08600000000000001
1187.680204,0.047
1187.8782039999999,0.039
1188.0762539999998,0.014
1188.274854,0.008
1188.472254,0.021
1188.6704539999998,0.022
1188.868254,0.024
1189.0662539999998,0.036000000000000004
1189.264354,0.02
1189.4624039999999,0.028
1189.660254,0.024
1189.858504,0.023
1190.056904,0.035
1190.254254,0.039
1190.452404,0.019
1190.650254,0.033
1190.848504,0.025
1191.046304,0.013000000000000001
1191.244304,0.031
1191.443104,0.031
1191.640654,0.02
1191.838554,0.023
1192.036554,0.023
1192.234454,0.01
1192.432454,0.017
1192.630704,0.025
1192.828554,0.009000000000000001
1193.026554,0.031
1193.224704,0.02
1193.422504,0.022
1193.620704,0.001
1193.818704,0.024
1194.016554,0.027
1194.214704,0.029
1194.412504,0.026000000000000002
1194.611354,0.045
1194.808704,0.038
1195.006754,0.023
1195.2047539999999,0.008
1195.402754,0.031
1195.600754,0.011
1195.798754,0.034
1195.996754,0.039
1196.1947539999999,0.013000000000000001
1196.392754,0.012
1196.5907539999998,0.022
1196.788754,0.012
1197.184004,0.032
1197.382004,0.037
1197.580054,0.039
1197.7780539999999,0.035
1197.976054,0.019
1198.174254,0.013000000000000001
1198.372054,0.004
1198.570054,0.018000000000000002
1198.768054,0.05
1198.966054,0.03
1199.1640539999999,0.039
1199.362304,0.016
1199.560104,0.033
1199.758304,0.043000000000000003
1199.9561039999999,0.02
1200.154104,0.006
1200.3523539999999,0.03
1200.550104,0.04
1200.748304,0.057
1200.946304,0.012
1201.144304,0.012
1201.342354,0.032
1201.540354,0.017
1201.7383539999998,0.022
1201.936354,0.027
1202.134354,0.014
1202.332354,0.016
1202.530354,0.027
1202.7283539999999,0.039
1202.926354,0.038
1203.124554,0.015
1203.322404,0.01
1203.5204039999999,0.013000000000000001
1203.718554,0.016
1203.916404,0.009000000000000001
1204.114554,0.023
1204.312404,0.026000000000000002
1204.5104039999999,0.025
1204.708554,0.024
1204.906554,0.033
1205.1046039999999,0.015
1205.303204,0.012
1205.500454,0.045
1205.698604,0.042
1205.896604,0.018000000000000002
1206.094604,0.039
1206.292604,0.009000000000000001
1206.490454,0.016
1206.688604,0.009000000000000001
1206.886604,0.006
1207.085404,0.012
1207.282604,0.03
1207.4806039999999,0.015
1207.678604,0.043000000000000003
1207.876604,0.033
1208.074754,0.033
1208.2726539999999,0.056
1208.4715039999999,0.058
1208.6686539999998,0.052000000000000005
1208.866654,0.045
1209.0648039999999,0.051000000000000004
1209.262804,0.037
1209.460904,0.023
1209.658904,0.018000000000000002
1209.856654,0.025
1210.0548039999999,0.046
1210.252804,0.045
1210.4507039999999,0.02
1210.648954,0.006
1210.846904,0.021
1211.044854,0.035
1211.2428539999999,0.017
1211.441054,0.027
1211.639604,0.013000000000000001
1211.8369539999999,0.031
1212.034854,0.027
1212.2328539999999,0.005
1212.430904,0.025
1212.6291039999999,0.041
1212.826954,0.04
1213.025104,0.061
1213.2228539999999,0.048
1213.4209039999998,0.023
1213.6191039999999,0.048
1213.817004,0.084
1214.015154,0.08
1214.212904,0.069
1214.411154,0.05
1214.609154,0.049
1214.807754,0.029
1215.005154,0.023
1215.203154,0.013000000000000001
1215.401154,0.038
1215.599154,0.033
1215.7971539999999,0.018000000000000002
1215.995204,0.022
1216.193804,0.017
1216.391154,0.012
1216.589154,0.052000000000000005
1216.984454,0.031
1217.182454,0.04
1217.3804539999999,0.059000000000000004
1217.578454,0.043000000000000003
1217.776454,0.065
1217.974454,0.105
1218.172454,0.084
1218.370504,0.059000000000000004
1218.568704,0.074
1218.766504,0.053
1218.964504,0.054
1219.1627039999998,0.032
1219.360504,0.049
1219.558704,0.036000000000000004
1219.756504,0.023
1219.954504,0.027
1220.1527039999999,0.024
1220.350504,0.013000000000000001
1220.548754,0.025
1220.746754,0.055
1220.944504,0.059000000000000004
1221.142754,0.061
1221.3407539999998,0.055
1221.538754,0.036000000000000004
1221.736754,0.028
1221.934554,0.014
1222.132754,0.032
1222.330804,0.02
1222.528804,0.018000000000000002
1222.726804,0.016
1222.924804,0.032
1223.122754,0.016
1223.320804,0.02
1223.518954,0.006
1223.716804,0.026000000000000002
1223.9148539999999,0.025
1224.1128039999999,0.009000000000000001
1224.310804,0.049
1224.508954,0.035
1224.706954,0.024
1224.904854,0.032
1225.103004,0.035
1225.3008539999998,0.016
1225.499654,0.005
1225.6970039999999,0.016
1225.894854,0.011
1226.0930039999998,0.042
1226.2908539999999,0.059000000000000004
1226.489004,0.037
1226.687004,0.026000000000000002
1226.8850539999999,0.018000000000000002
1227.083054,0.048
1227.281054,0.043000000000000003
1227.479054,0.034
1227.677054,0.028
1227.875204,0.032
1228.073054,0.019
1228.271254,0.006
1228.469304,0.032
1228.667704,0.029
1228.865204,0.044
1229.063204,0.039
1229.261104,0.022
1229.459304,0.018000000000000002
1229.657054,0.041
1229.855204,0.031
1230.053204,0.023
1230.251104,0.039
1230.4493539999999,0.067
1230.647354,0.051000000000000004
1230.845104,0.066
1231.043254,0.07100000000000001
1231.2415039999998,0.096
1231.4393539999999,0.1
1231.637354,0.076
1231.835904,0.034
1232.033254,0.022
1232.231304,0.042
1232.429504,0.061
1232.6274039999998,0.028
1232.825404,0.037
1233.023304,0.022
1233.222154,0.043000000000000003
1233.4195539999998,0.017
1233.6174039999999,0.013000000000000001
1233.815404,0.01
1234.0133039999998,0.054
1234.211554,0.068
1234.4095539999998,0.02
1234.607554,0.056
1234.805554,0.033
1235.0042039999998,0.08600000000000001
1235.201354,0.081
1235.3995539999999,0.025
1235.597554,0.0
1235.7954539999998,0.016
1235.993604,0.025
1236.1916039999999,0.064
1236.390254,0.032
1236.784854,0.047
1237.180854,0.055
1237.378904,0.081
1237.576854,0.027
1237.774854,0.043000000000000003
1237.973104,0.056
1238.170854,0.059000000000000004
1238.3691039999999,0.05
1238.566904,0.03
1238.764904,0.052000000000000005
1238.963104,0.045
1239.1609039999998,0.083
1239.359154,0.058
1239.556904,0.064
1239.754904,0.133
1239.953154,0.035
1240.151154,0.079
1240.349154,0.07100000000000001
1240.5471539999999,0.059000000000000004
1240.744954,0.054
1240.943154,0.02
1241.141154,0.031
1241.339154,0.076
1241.5371539999999,0.019
1241.734954,0.046
1241.9331539999998,0.061
1242.131204,0.043000000000000003
1242.330004,0.022
1242.527204,0.059000000000000004
1242.7252039999998,0.04
1242.923204,0.036000000000000004
1243.121204,0.038
1243.319354,0.076
1243.517204,0.075
1243.7152039999999,0.05
1243.913404,0.05
1244.111254,0.057
1244.3094039999999,0.022
1244.507404,0.036000000000000004
1244.705254,0.034
1244.903404,0.042
1245.101404,0.084
1245.2994039999999,0.053
1245.498054,0.04
1245.695254,0.062
1245.893454,0.046
1246.0916539999998,0.014
1246.289454,0.07100000000000001
1246.4874539999998,0.059000000000000004
1246.6854039999998,0.07100000000000001
1246.883454,0.07200000000000001
1247.0816539999998,0.043000000000000003
1247.279454,0.015
1247.4774539999999,0.033
1247.675454,0.052000000000000005
1247.873604,0.04
1248.071704,0.05
1248.269704,0.057
1248.4674539999999,0.039
1248.666254,0.033
1248.863604,0.011
1249.061704,0.101
1249.259704,0.059000000000000004
1249.457504,0.056
1249.6555039999998,0.06
1249.853654,0.04
1250.051904,0.059000000000000004
1250.249754,0.029
1250.447754,0.059000000000000004
1250.6455039999998,0.042
1250.843654,0.06
1251.041904,0.02
1251.239754,0.055
1251.437754,0.055
1251.635704,0.092
1251.834304,0.12
1252.031904,0.145
1252.229904,0.084
1252.427804,0.073
1252.625804,0.029
1252.823704,0.057
1253.021954,0.057
1253.2206039999999,0.045
1253.417804,0.07
1253.615804,0.105
1253.813954,0.023
1254.0119539999998,0.061
1254.209954,0.033
1254.407954,0.026000000000000002
1254.6059539999999,0.056
1254.8040039999998,0.039
1255.002604,0.061
1255.200004,0.053
1255.398004,0.05
1255.596004,0.052000000000000005
1255.7940039999999,0.028
1256.189254,0.006
1256.5852539999998,0.058
1256.783254,0.051000000000000004
1256.981254,0.038
1257.179304,0.065
1257.3773039999999,0.026000000000000002
1257.575304,0.05
1257.773504,0.036000000000000004
1257.971304,0.059000000000000004
1258.1695539999998,0.099
1258.3673039999999,0.121
1258.565304,0.067
1258.7633039999998,0.026000000000000002
1258.961304,0.009000000000000001
1259.1595539999998,0.063
1259.357354,0.116
1259.5553539999999,0.012
1259.753554,0.038
1259.951554,0.061
1260.1495539999999,0.075
1260.347554,0.048
1260.5453539999999,0.07200000000000001
1260.743554,0.031
1260.941554,0.122
1261.139604,0.047
1261.337604,0.054
1261.535604,0.066
1261.733604,0.061
1261.9316039999999,0.027
1262.129754,0.059000000000000004
1262.3276039999998,0.037
1262.525604,0.05
1262.723604,0.058
1262.921604,0.012
1263.119804,0.021
1263.317654,0.075
1263.515654,0.024
1263.713804,0.039
1263.911604,0.032
1264.110454,0.047
1264.307804,0.1
1264.505654,0.043000000000000003
1264.7038539999999,0.027
1264.901654,0.074
1265.099804,0.035
1265.297804,0.075
1265.4964539999999,0.036000000000000004
1265.6938539999999,0.033
1265.891854,0.06
1266.0898539999998,0.042
1266.287854,0.052000000000000005
1266.485854,0.061
1266.6838539999999,0.089
1266.881854,0.006
1267.0798539999998,0.1
1267.277854,0.021
1267.475854,0.068
1267.674004,0.074
1267.8719039999999,0.092
1268.070104,0.035
1268.267904,0.162
1268.465904,0.051000000000000004
1268.664654,0.035
1268.8619039999999,0.194
1269.060104,0.138
1269.2581539999999,0.07200000000000001
1269.455904,0.025
1269.6540539999999,0.069
1269.852054,0.01
1270.050154,0.024
1270.2481539999999,0.048
1270.445904,0.08
1270.6440539999999,0.012
1270.842304,0.022
1271.040154,0.032
1271.238204,0.018000000000000002
1271.4363039999998,0.038
1271.634104,0.10400000000000001
1271.832754,0.125
1272.030354,0.108
1272.228204,0.024
1272.4262039999999,0.04
1272.624104,0.107
1272.8221039999999,0.014
1273.020354,0.028
1273.219004,0.02
1273.416254,0.115
1273.614404,0.026000000000000002
1273.812404,0.026000000000000002
1274.0104039999999,0.062
1274.2083539999999,0.031
1274.406354,0.038
1274.604404,0.034
1274.802154,0.022
1275.0010539999998,0.067
1275.198404,0.037
1275.3964039999998,0.066
1275.594404,0.07100000000000001
1275.792404,0.078
1276.187704,0.025
1276.583704,0.025
1276.781704,0.008
1276.9797039999999,0.081
1277.177704,0.034
1277.375704,0.074
1277.5739039999999,0.052000000000000005
1277.771704,0.039
1277.969754,0.043000000000000003
1278.167704,0.03
1278.365704,0.031
1278.563704,0.051000000000000004
1278.761704,0.043000000000000003
1278.959754,0.065
1279.157954,0.014
1279.355754,0.012
1279.553754,0.079
1279.7519539999998,0.054
1279.950004,0.041
1280.148004,0.093
1280.345754,0.015
1280.5440039999999,0.055
1280.7419539999999,0.098
1280.9408039999998,0.08600000000000001
1281.138004,0.033
1281.336004,0.052000000000000005
1281.533804,0.011
1281.732004,0.052000000000000005
1281.930004,0.014
1282.128004,0.07200000000000001
1282.326004,0.031
1282.5240039999999,0.036000000000000004
1282.722004,0.022
1282.920204,0.057
1283.1182039999999,0.026000000000000002
1283.316054,0.016
1283.5142039999998,0.043000000000000003
1283.7120539999999,0.05
1283.910204,0.057
1284.1088539999998,0.062
1284.306054,0.06
1284.504054,0.073
1284.7020539999999,0.069
1284.900254,0.021
1285.098254,0.055
1285.2962539999999,0.04
1285.494904,0.078
1285.692254,0.079
1285.890254,0.073
1286.088254,0.041
1286.2862539999999,0.01
1286.4843039999998,0.036000000000000004
1286.682304,0.045
1286.880504,0.069
1287.078304,0.115
1287.276304,0.021
1287.474454,0.048
1287.672304,0.048
1287.870504,0.036000000000000004
1288.068304,0.018000000000000002
1288.266304,0.028
1288.464454,0.038
1288.662954,0.025
1288.8605539999999,0.04
1289.058554,0.07100000000000001
1289.256304,0.017
1289.454454,0.022
1289.652454,0.08
1289.850504,0.088
1290.0486039999998,0.063
1290.2463539999999,0.058
1290.444504,0.042
1290.642504,0.076
1290.840604,0.045
1291.0386039999999,0.045
1291.236604,0.026000000000000002
1291.4345039999998,0.077
1291.632504,0.078
1291.831404,0.061
1292.028654,0.051000000000000004
1292.226604,0.014
1292.424554,0.033
1292.622554,0.079
1292.8207539999999,0.044
1293.018754,0.063
1293.217304,0.069
1293.414804,0.093
1293.612554,0.04
1293.810804,0.04
1294.008804,0.029
1294.206804,0.021
1294.404804,0.015
1294.6028039999999,0.009000000000000001
1294.800804,0.041
1294.999454,0.068
1295.196804,0.013000000000000001
1295.394854,0.038
1295.592854,0.033
1295.7908539999999,0.018000000000000002
1296.186104,0.052000000000000005
1296.384104,0.04
1296.5821039999998,0.017
1296.780354,0.02
1296.978104,0.016
1297.176104,0.042
1297.374354,0.062
1297.5721039999999,0.006
1297.770104,0.044
1297.968154,0.02
1298.166154,0.019
1298.3641539999999,0.054
1298.562354,0.064
1298.7601539999998,0.066
1298.9583539999999,0.045
1299.156154,0.049
1299.3541539999999,0.039
1299.552354,0.065
1299.750404,0.025
1299.948404,0.07200000000000001
1300.146204,0.026000000000000002
1300.344404,0.081
1300.542404,0.031
1300.740404,0.125
1300.938404,0.054
1301.1364039999999,0.031
1301.334204,0.07
1301.532404,0.036000000000000004
1301.730454,0.079
1301.9284539999999,0.032
1302.126454,0.03
1302.3244539999998,0.055
1302.522454,0.057
1302.7206039999999,0.044
1302.918604,0.04
1303.116454,0.037
1303.314604,0.076
1303.512454,0.043000000000000003
1303.710654,0.062
1303.9086539999998,0.052000000000000005
1304.1065039999999,0.027
1304.3044539999999,0.066
1304.502654,0.009000000000000001
1304.700504,0.105
1304.8986539999999,0.028
1305.096654,0.049
1305.294504,0.039
1305.492704,0.046
1305.691304,0.022
1305.8886539999999,0.03
1306.086654,0.027
1306.284804,0.03
1306.482704,0.053
1306.6809039999998,0.03
1306.878704,0.02
1307.0767039999998,0.045
1307.274704,0.008
1307.472704,0.002
1307.670704,0.054
1307.868704,0.063
1308.0667039999998,0.048
1308.264854,0.022
1308.4628539999999,0.022
1308.660954,0.096
1308.859904,0.06
1309.056754,0.059000000000000004
1309.254904,0.032
1309.452904,0.07100000000000001
1309.650954,0.078
1309.848954,0.007
1310.046754,0.038
1310.2455539999999,0.006
1310.442904,0.021
1310.641154,0.019
1310.839004,0.089
1311.037004,0.008
1311.234904,0.062
1311.432904,0.011
1311.631154,0.036000000000000004
1311.829054,0.061
1312.0278039999998,0.041
1312.224954,0.033
1312.422954,0.044
1312.621204,0.041
1312.819204,0.075
1313.017204,0.026000000000000002
1313.2152039999999,0.081
1313.4136039999999,0.075
1313.611204,0.026000000000000002
1313.809204,0.036000000000000004
1314.007204,0.042
1314.205254,0.048
1314.4032539999998,0.053
1314.601254,0.022
1314.799204,0.058
1314.997204,0.04
1315.195254,0.034
1315.3932539999998,0.046
1315.591254,0.07
1315.986504,0.035
1316.1845039999998,0.069
1316.382504,0.08
1316.580504,0.068
1316.778554,0.032
1316.9765539999999,0.099
1317.174754,0.046
1317.372554,0.043000000000000003
1317.570554,0.018000000000000002
1317.768554,0.045
1317.9665539999999,0.122
1318.164754,0.015
1318.362754,0.017
1318.560554,0.009000000000000001
1318.7588039999998,0.041
1318.9565539999999,0.02
1319.154554,0.036000000000000004
1319.3528039999999,0.047
1319.550804,0.048
1319.7488039999998,0.038
1319.946604,0.012
1320.144804,0.006
1320.342804,0.036000000000000004
1320.5408539999999,0.02
1320.738854,0.031
1320.936854,0.035
1321.134854,0.006
1321.332804,0.058
1321.5308539999999,0.051000000000000004
1321.728854,0.027
1321.926854,0.067
1322.125004,0.033
1322.322854,0.019
1322.521054,0.055
1322.719654,0.034
1322.9168539999998,0.032
1323.115004,0.09
1323.312854,0.096
1323.510904,0.027
1323.709054,0.008
1323.906904,0.079
1324.1050539999999,0.006
1324.303054,0.076
1324.500904,0.022
1324.699054,0.04
1324.897054,0.035
1325.095054,0.032
1325.2931039999999,0.088
1325.491104,0.027
1325.689104,0.014
1325.8877539999999,0.049
1326.0852539999998,0.032
1326.2831039999999,0.023
1326.481104,0.035
1326.679104,0.056
1326.877104,0.061
1327.0752539999999,0.092
1327.273754,0.039
1327.471354,0.052000000000000005
1327.669154,0.074
1327.867154,0.088
1328.065304,0.038
1328.2633039999998,0.022
1328.461354,0.037
1328.659404,0.042
1328.857154,0.044
1329.055954,0.064
1329.2533039999998,0.038
1329.4511539999999,0.046
1329.649404,0.028
1329.847154,0.031
1330.045304,0.037
1330.2433039999999,0.059000000000000004
1330.442204,0.039
1330.639404,0.01
1330.837454,0.016
1331.0353539999999,0.022
1331.233354,0.022
1331.4316039999999,0.057
1331.629454,0.066
1331.827454,0.049
1332.025604,0.044
1332.223354,0.044
1332.421604,0.028
1332.619604,0.036000000000000004
1332.817454,0.046
1333.015604,0.024
1333.2134039999999,0.059000000000000004
1333.411604,0.056
1333.610254,0.021
1333.8076039999999,0.024
1334.005604,0.094
1334.203654,0.061
1334.401654,0.03
1334.5996539999999,0.056
1334.797654,0.01
1334.9956539999998,0.018000000000000002
1335.193654,0.067
1335.391654,0.043000000000000003
1335.786954,0.02
1335.984904,0.056
1336.182904,0.054
1336.3809039999999,0.095
1336.5789539999998,0.095
1336.776954,0.10400000000000001
1336.974954,0.062
1337.172954,0.064
1337.370954,0.043000000000000003
1337.5689539999998,0.038
1337.766954,0.048
1337.964954,0.013000000000000001
1338.163204,0.039
1338.360954,0.015
1338.559204,0.006
1338.757004,0.035
1338.955004,0.018000000000000002
1339.153204,0.03
1339.3510039999999,0.028
1339.549204,0.051000000000000004
1339.747204,0.029
1339.945004,0.077
1340.143204,0.057
1340.341254,0.025
1340.539254,0.028
1340.737254,0.031
1340.935054,0.046
1341.1332539999999,0.024
1341.331254,0.018000000000000002
1341.529254,0.025
1341.727254,0.041
1341.925254,0.07200000000000001
1342.1232539999999,0.053
1342.321454,0.035
1342.519454,0.026000000000000002
1342.717304,0.015
1342.916104,0.074
1343.113304,0.08600000000000001
1343.3113039999998,0.066
1343.509454,0.05
1343.7074539999999,0.073
1343.905304,0.029
1344.103504,0.089
1344.301354,0.065
1344.499504,0.133
1344.697504,0.034
1344.895304,0.035
1345.093504,0.083
1345.291504,0.01
1345.489504,0.09
1345.687504,0.037
1345.885654,0.035
1346.084154,0.005
1346.281504,0.054
1346.479504,0.043000000000000003
1346.677504,0.002
1346.8755039999999,0.024
1347.0735539999998,0.058
1347.271554,0.022
1347.470404,0.014
1347.6675539999999,0.08
1347.865554,0.058
1348.063704,0.03
1348.261804,0.029
1348.4598039999998,0.062
1348.657554,0.031
1348.8557039999998,0.027
1349.053704,0.034
1349.251804,0.033
1349.4498039999999,0.046
1349.647854,0.09
1349.8456039999999,0.074
1350.043754,0.047
1350.241754,0.04
1350.4398039999999,0.07
1350.638504,0.032
1350.8356039999999,0.075
1351.033754,0.031
1351.232004,0.023
1351.4300039999998,0.064
1351.6278539999998,0.054
1351.826004,0.062
1352.0237539999998,0.044
1352.221754,0.055
1352.4200039999998,0.093
1352.617904,0.022
1352.815904,0.082
1353.013804,0.021
1353.211804,0.044
1353.410054,0.04
1353.608054,0.015
1353.806654,0.079
1354.004054,0.131
1354.2020539999999,0.074
1354.400054,0.081
1354.598054,0.019
1354.796054,0.053
1354.9941039999999,0.005
1355.192854,0.027
1355.587354,0.016
1355.983354,0.073
1356.1813539999998,0.026000000000000002
1356.379354,0.033
1356.577354,0.063
1356.7753539999999,0.034
1356.973554,0.024
1357.1713539999998,0.008
1357.369604,0.05
1357.567404,0.074
1357.765404,0.046
1357.963604,0.018000000000000002
1358.161404,0.025
1358.359604,0.02
1358.557404,0.041
1358.755404,0.08
1358.953604,0.014
1359.151654,0.067
1359.3496539999999,0.009000000000000001
1359.547654,0.046
1359.745404,0.049
1359.943654,0.03
1360.141654,0.025
1360.3396539999999,0.02
1360.537654,0.049
1360.735454,0.039
1360.933654,0.069
1361.131704,0.067
1361.329804,0.034
1361.5277039999999,0.088
1361.725704,0.073
1361.923704,0.037
1362.121704,0.076
1362.3198539999999,0.019
1362.5177039999999,0.074
1362.715704,0.067
1362.9137039999998,0.056
1363.1119039999999,0.053
1363.309904,0.032
1363.507854,0.058
1363.705704,0.026000000000000002
1363.903904,0.017
1364.1019039999999,0.045
1364.300554,0.019
1364.4979039999998,0.031
1364.6957539999999,0.01
1364.893904,0.024
1365.092154,0.092
1365.289904,0.073
1365.4879039999998,0.023
1365.686054,0.092
1365.883954,0.107
1366.082804,0.011
1366.2799539999999,0.053
1366.477954,0.04
1366.675954,0.041
1366.874104,0.012
1367.072154,0.048
1367.270154,0.069
1367.468604,0.093
1367.6659539999998,0.018000000000000002
1367.864104,0.012
1368.0622039999998,0.044
1368.260204,0.013000000000000001
1368.4580039999998,0.026000000000000002
1368.656004,0.007
1368.8541539999999,0.091
1369.052354,0.126
1369.250254,0.059000000000000004
1369.448254,0.025
1369.646054,0.084
1369.844154,0.109
1370.042404,0.047
1370.240254,0.06
1370.438254,0.051000000000000004
1370.636654,0.09
1370.834154,0.095
1371.032404,0.085
1371.230404,0.067
1371.428304,0.029
1371.6264039999999,0.007
1371.824204,0.021
1372.022454,0.054
1372.220454,0.054
1372.418304,0.024
1372.616304,0.06
1372.8144539999998,0.044
1373.012454,0.02
1373.210454,0.014
1373.408454,0.055
1373.606304,0.081
1373.805104,0.044
1374.002454,0.037
1374.200454,0.028
1374.398454,0.066
1374.596454,0.089
1374.794504,0.082
1375.189754,0.051000000000000004
1375.585754,0.07100000000000001
1375.783754,0.019
1375.981754,0.046
1376.1798039999999,0.054
1376.377804,0.078
1376.5758039999998,0.031
1376.7740039999999,0.044
1376.971754,0.033
1377.1700039999998,0.018000000000000002
1377.367804,0.053
1377.5658039999998,0.074
1377.7640039999999,0.116
1377.961804,0.039
1378.160054,0.031
1378.357804,0.036000000000000004
1378.5558039999999,0.006
1378.753804,0.021
1378.9520539999999,0.035
1379.150054,0.005
1379.348054,0.05
1379.545854,0.049
1379.744054,0.017
1379.942104,0.062
1380.1401039999998,0.048
1380.3380539999998,0.079
1380.536054,0.067
1380.734054,0.033
1380.932104,0.039
1381.130254,0.015
1381.328104,0.045
1381.526104,0.056
1381.724104,0.039
1381.922104,0.058
1382.120254,0.022
1382.318104,0.07
1382.516104,0.057
1382.7143039999999,0.10200000000000001
1382.9121539999999,0.02
1383.110304,0.064
1383.308304,0.026000000000000002
1383.506154,0.031
1383.7043039999999,0.038
1383.9021539999999,0.039
1384.100304,0.049
1384.2989539999999,0.033
1384.4963539999999,0.054
1384.694354,0.057
1384.8923539999998,0.016
1385.090354,0.07
1385.288354,0.083
1385.486354,0.023
1385.684354,0.074
1385.8823539999999,0.041
1386.081004,0.033
1386.278354,0.049
1386.476404,0.036000000000000004
1386.6745039999998,0.033
1386.872554,0.073
1387.070604,0.135
1387.268404,0.025
1387.466404,0.054
1387.6645039999999,0.10300000000000001
1387.862404,0.147
1388.062004,0.041
1388.258404,0.046
1388.4565539999999,0.311
1388.654554,0.016
1388.852854,0.109
1389.050654,0.256
1389.248654,0.213
1389.446454,0.057
1389.644554,0.248
1389.842604,0.014
1390.040704,0.039
1390.2387039999999,0.073
1390.436704,0.03
1390.6346039999999,0.078
1390.832804,0.05
1391.032454,0.056
1391.2287039999999,0.106
1391.426704,0.047
1391.6246039999999,0.08700000000000001
1391.8226539999998,0.031
1392.021704,0.154
1392.220454,0.105
1392.416704,0.067
1392.614854,0.111
1392.8126539999998,0.08700000000000001
1393.010904,0.027
1393.2089039999998,0.092
1393.4067539999999,0.032
1393.604904,0.061
1393.802904,0.123
1394.000904,0.05
1394.1989039999999,0.10400000000000001
1394.397054,0.229
1394.594904,0.107
1394.9901539999998,0.355
1395.188154,0.121
1395.3868539999999,0.129
1395.584154,0.091
1395.782154,0.151
1395.980204,0.152
1396.1782039999998,0.028
1396.376204,0.134
1396.574204,0.015
1396.7722039999999,0.134
1396.970454,0.085
1397.1682039999998,0.20800000000000002
1397.366204,0.031
1397.564404,0.04
1397.7622039999999,0.029
1397.9602539999998,0.091
1398.158454,0.076
1398.3569539999999,0.043000000000000003
1398.554254,0.09
1398.752454,0.139
1398.9502539999999,0.132
1399.148454,0.097
1399.346254,0.018000000000000002
1399.5444539999999,0.106
1399.7425039999998,0.092
1399.940504,0.046
1400.1401039999998,0.016
1400.3365039999999,0.126
1400.534504,0.105
1400.7325039999998,0.08600000000000001
1400.930504,0.16
1401.128504,0.121
1401.326554,0.052000000000000005
1401.524304,0.295
1401.722554,0.121
1401.920704,0.077
1402.118704,0.13
1402.316554,0.326
1402.5145539999999,0.323
1402.712554,0.126
1402.910704,0.183
1403.1087539999999,0.277
1403.306554,0.331
1403.504754,0.296
1403.7026039999998,0.521
1403.900754,0.387
1404.098704,0.382
1404.296754,0.361
1404.4947539999998,0.299
1404.692754,0.219
1404.890804,0.145
1405.0887539999999,0.101
1405.286754,0.177
1405.4847539999998,0.07200000000000001
1405.682754,0.11900000000000001
1405.8810039999998,0.153
1406.078754,0.40800000000000003
1406.2768039999999,0.578
1406.474904,0.6910000000000001
1406.672804,0.546
1406.871054,0.618
1407.068804,0.662
1407.2668039999999,0.833
1407.464954,1.208
1407.6628039999998,1.453
1407.861054,1.708
1408.0590539999998,1.843
1408.2582539999999,1.937
1408.455004,1.983
1408.653004,2.055
1408.852754,2.086
1409.0490539999998,2.2520000000000002
1409.246854,2.557
1409.445004,2.578
1409.643004,2.751
1409.8412039999998,2.793
1410.039104,3.117
1410.237104,2.975
1410.435054,3.299
1410.633054,3.364
1410.831254,3.669
1411.029654,3.791
1411.2271039999998,4.083
1411.425054,4.042
1411.623554,4.481
1411.821254,4.5760000000000005
1412.019304,4.6610000000000005
1412.217204,4.57
1412.4153039999999,4.766
1412.613054,4.586
1412.812854,4.674
1413.009304,4.617
1413.207154,4.6370000000000005
1413.405304,4.45
1413.6034539999998,4.382
1413.8013039999998,4.363
1413.999354,4.377
1414.1974539999999,4.345
1414.3969539999998,4.845
1414.593304,5.09
1414.988604,4.734
1415.186604,4.825
1415.385454,4.827
1415.582604,4.732
1415.780604,4.849
1415.978604,4.559
1416.176604,4.57
1416.3746039999999,4.558
1416.5726539999998,4.267
1416.7708539999999,4.0760000000000005
1416.968654,4.329
1417.1666539999999,4.2860000000000005
1417.364854,4.468
1417.563304,4.526
1417.760654,4.165
1417.958854,4.146
1418.156654,4.204
1418.3547039999999,4.4430000000000005
1418.552904,4.589
1418.750654,4.532
1418.9489039999999,4.937
1419.146654,4.687
1419.344654,4.821
1419.542904,4.673
1419.7410539999998,4.723
1419.9389039999999,4.715
1420.1369539999998,4.531
1420.3349039999998,4.5120000000000005
1420.532954,4.741
1420.7309539999999,5.215
1420.9289039999999,5.797
1421.1269539999998,6.115
1421.3247039999999,6.091
1421.522954,6.297
1421.721554,6.486
1421.919154,6.4350000000000005
1422.1169539999999,6.405
1422.314954,6.542
1422.512954,6.795
1422.712754,6.712
1422.909154,6.752
1423.107004,6.503
1423.305154,5.932
1423.503154,6.24
1423.7011539999999,5.678
1423.899154,5.952
1424.097154,6.2090000000000005
1424.295154,6.312
1424.493154,5.875
1424.691004,5.4990000000000006
1424.8892039999998,4.518
1425.087204,4.251
1425.2853539999999,4.001
1425.483204,4.41
1425.681454,4.8580000000000005
1425.879504,5.2780000000000005
1426.077204,5.3420000000000005
1426.2753539999999,5.547
1426.473204,6.0
1426.671454,6.1690000000000005
1426.869254,6.468
1427.067254,6.463
1427.265354,6.345
1427.4634039999999,6.346
1427.661454,6.382000000000001
1427.859454,6.61
1428.0572539999998,6.641
1428.255354,6.855
1428.455104,6.957
1428.651504,6.640000000000001
1428.849504,6.7010000000000005
1429.0472539999998,6.344
1429.245404,6.101
1429.4434039999999,6.162
1429.641654,7.1930000000000005
1429.839504,7.219
1430.037504,6.864
1430.235404,6.9110000000000005
1430.433704,6.994
1430.631654,6.74
1430.829554,7.857
1431.027554,7.838
1431.225704,7.79
1431.423454,7.34
1431.621654,7.532
1431.819704,6.916
1432.017554,6.92
1432.215704,6.901
1432.4135039999999,6.968
1432.611704,7.279
1432.809704,6.963
1433.007554,6.913
1433.205704,6.921
1433.4037039999998,6.03
1433.601704,6.234
1433.800354,6.482
1433.997754,6.578
1434.1957539999999,6.774
1434.393754,6.917
1434.591754,6.649
1434.9870039999998,6.575
1435.185004,6.355
1435.383054,6.502
1435.581004,6.414
1435.779004,6.488
1435.9770039999999,6.5040000000000004
1436.1757539999999,6.4830000000000005
1436.373054,6.48
1436.571254,6.531
1436.770754,6.5680000000000005
1436.967054,6.2410000000000005
1437.1653039999999,6.408
1437.363304,6.343
1437.5613039999998,6.565
1437.7600539999999,6.3790000000000004
1437.957054,5.846
1438.156204,5.631
1438.353304,5.643
1438.551104,5.602
1438.749354,5.251
1438.947354,5.1450000000000005
1439.145904,4.874
1439.343304,4.464
1439.541504,4.812
1439.740854,4.572
1439.937354,4.976
1440.135354,5.124
1440.3333539999999,5.304
1440.531354,5.457
1440.7302539999998,5.654
1440.927354,5.487
1441.127154,5.561
1441.3233539999999,5.4350000000000005
1441.521354,4.913
1441.721204,4.488
1441.917404,4.089
1442.115554,3.842
1442.313404,3.593
1442.511554,3.6350000000000002
1442.710904,3.702
1442.907404,3.601
1443.105554,3.3930000000000002
1443.3035539999998,3.4290000000000003
1443.5014039999999,3.148
1443.699604,3.231
1443.897604,2.842
1444.0956039999999,2.615
1444.293604,2.569
1444.4914039999999,2.726
1444.690654,2.91
1444.887604,2.984
1445.0856039999999,3.1910000000000003
1445.283604,3.025
1445.4818539999999,3.165
1445.681004,3.358
1445.877604,3.236
1446.075754,3.24
1446.274354,3.4050000000000002
1446.4716039999998,3.5460000000000003
1446.669654,3.204
1446.867654,3.015
1447.065754,3.551
1447.263804,3.581
1447.461654,3.94
1447.6599039999999,4.117
1447.857654,4.023
1448.0558039999999,3.793
1448.253804,3.96
1448.451904,3.822
1448.6499039999999,3.685
1448.849354,3.509
1449.0458039999999,3.259
1449.2438539999998,3.103
1449.4420539999999,2.6
1449.639904,2.448
1449.837904,2.336
1450.035854,2.084
1450.2338539999998,1.919
1450.431854,1.792
1450.6301039999998,1.6340000000000001
1450.8279539999999,1.561
1451.026104,1.459
1451.223904,1.1400000000000001
1451.422104,1.314
1451.6201039999999,1.299
1451.8179539999999,1.5170000000000001
1452.016104,1.959
1452.213904,2.2680000000000002
1452.412104,2.653
1452.610154,2.783
1452.8081539999998,3.069
1453.006154,3.287
1453.204154,3.307
1453.4021539999999,3.4330000000000003
1453.600154,3.368
1453.7981539999998,3.4090000000000003
1453.996154,3.569
1454.194154,3.657
1454.589954,3.4490000000000003
1454.985404,3.146
1455.183454,3.219
1455.3814539999998,3.234
1455.580104,3.052
1455.777454,3.516
1455.975454,3.468
1456.173454,3.376
1456.3714539999999,3.263
1456.569704,3.133
1456.767454,3.364
1456.965454,3.481
1457.1637039999998,3.697
1457.361504,3.5700000000000003
1457.559704,3.447
1457.7579039999998,3.443
1457.955454,3.694
1458.1549539999999,3.6910000000000003
1458.351504,3.951
1458.549704,4.175
1458.749404,4.324
1458.945504,4.683
1459.143754,4.839
1459.341754,4.734
1459.539754,4.896
1459.737754,4.8340000000000005
1459.935504,5.194
1460.133754,5.633
1460.331754,5.767
1460.5299539999999,6.117
1460.7278039999999,6.164
1460.925804,5.775
1461.1238039999998,6.094
1461.321804,6.0760000000000005
1461.5199539999999,6.162
1461.719504,6.056
1461.915804,6.389
1462.1138039999998,6.539
1462.311804,6.7010000000000005
1462.510004,6.782
1462.7097039999999,6.501
1462.906004,6.577
1463.103954,6.681
1463.301804,6.925
1463.500004,7.029
1463.6980039999999,7.186
1463.8958539999999,7.284
1464.094004,7.295
1464.292004,7.563
1464.490004,7.295
1464.6880039999999,7.3100000000000005
1464.886004,7.625
1465.0840039999998,8.249
1465.282254,7.994
1465.481704,7.9030000000000005
1465.678054,7.711
1465.876204,7.2090000000000005
1466.0758039999998,7.001
1466.272154,6.898000000000001
1466.470304,6.672
1466.668054,6.748
1466.8660539999998,6.071
1467.064204,5.855
1467.262104,5.766
1467.460304,5.799
1467.6581039999999,5.4
1467.856104,5.054
1468.054254,5.219
1468.252454,5.091
1468.450404,5.2940000000000005
1468.6483039999998,5.398
1468.846254,5.436
1469.044254,5.3020000000000005
1469.242454,5.211
1469.4403539999998,5.589
1469.638354,5.519
1469.836104,5.557
1470.034254,5.46
1470.2325039999998,5.255
1470.430554,5.164
1470.628404,5.697
1470.8265039999999,5.833
1471.024304,6.061
1471.2225039999998,5.979
1471.420554,6.245
1471.6184039999998,6.284
1471.816554,6.2780000000000005
1472.016154,6.349
1472.212304,6.425
1472.4105539999998,6.4830000000000005
1472.608554,6.390000000000001
1472.806404,6.285
1473.0045539999999,6.239
1473.202554,6.18
1473.4005539999998,6.131
1473.598554,6.045
1473.796554,5.962
1474.191854,5.663
1474.5878539999999,5.62
1474.786304,5.593
1474.9838539999998,5.681
1475.181854,5.766
1475.379854,6.009
1475.577854,5.9110000000000005
1475.7759039999999,6.006
1475.974104,5.906
1476.171904,5.743
1476.3718039999999,5.563
1476.567854,5.974
1476.7659039999999,6.449
1476.964104,6.463
1477.1619039999998,6.804
1477.360154,6.766
1477.557904,6.745
1477.7559039999999,6.777
1477.954154,7.401
1478.1521539999999,7.572
1478.350154,7.489
1478.5481539999998,7.162
1478.745954,6.801
1478.944154,7.226
1479.1422539999999,7.344
1479.3402039999999,7.289000000000001
1479.538204,7.557
1479.735954,7.3
1479.934154,7.357
1480.132154,7.0040000000000004
1480.330354,7.168
1480.528204,7.274
1480.7262039999998,7.057
1480.924204,6.383
1481.122404,6.3790000000000004
1481.320354,6.461
1481.518204,6.432
1481.7162039999998,6.583
1481.914354,6.6850000000000005
1482.112404,6.6080000000000005
1482.3104039999998,6.869
1482.508404,7.0520000000000005
1482.706254,6.441
1482.906054,6.315
1483.102404,6.4
1483.3004039999998,6.025
1483.499754,6.121
1483.696254,6.429
1483.894404,6.248
1484.092654,6.207
1484.290454,6.276
1484.4884539999998,6.44
1484.686454,6.58
1484.884454,6.863
1485.0826539999998,7.058
1485.280454,7.13
1485.4800539999999,7.287
1485.676604,7.456
1485.8746039999999,7.465
1486.072704,7.575
1486.270704,7.619
1486.468504,7.58
1486.666454,7.4190000000000005
1486.8646039999999,7.474
1487.062704,7.672000000000001
1487.260704,7.728
1487.458504,7.8020000000000005
1487.656504,7.831
1487.854654,7.8660000000000005
1488.0530039999999,7.926
1488.250754,7.761
1488.448754,7.7010000000000005
1488.6465039999998,7.682
1488.844654,7.97
1489.042904,7.931
1489.240754,7.936
1489.438754,7.863
1489.636904,7.861
1489.8347039999999,7.832
1490.032954,7.849
1490.2309539999999,7.913
1490.428754,8.002
1490.626904,7.787
1490.8247039999999,7.838
1491.0237539999998,7.995
1491.220954,7.976
1491.418954,8.034
1491.6169539999999,7.954
1491.814954,7.829
1492.012954,7.6770000000000005
1492.210954,7.671
1492.408954,7.694
1492.6069539999999,7.548
1492.8050039999998,7.932
1493.003004,8.143
1493.201004,8.205
1493.3990039999999,7.868
1493.597004,7.737
1493.7950039999998,7.67
1494.1902539999999,7.961
1494.5862539999998,7.4270000000000005
1494.784254,7.559
1494.982254,7.4910000000000005
1495.180304,7.469
1495.378254,7.803
1495.576304,7.934
1495.774304,7.69
1495.9739539999998,7.635
1496.170554,7.604
1496.3683039999999,7.613
1496.566304,7.4030000000000005
1496.7645539999999,7.34
1496.962304,7.265000000000001
1497.1605539999998,7.363
1497.358554,7.329
1497.5563539999998,7.623
1497.7545539999999,7.5520000000000005
1497.952554,7.313
1498.1505539999998,7.178
1498.349104,7.09
1498.5463539999998,7.271
1498.7445539999999,7.2540000000000004
1498.942554,7.202
1499.140604,6.905
1499.338604,6.918
1499.536604,6.939
1499.736254,7.049
1499.9326039999999,6.859
1500.130754,7.008
1500.328604,6.738
1500.526604,6.598
1500.724604,6.715
1500.9226039999999,6.598
1501.120804,6.549
1501.318804,5.961
1501.516654,5.752
1501.714804,5.468
1501.912654,5.369
1502.110804,5.65
1502.308804,5.498
1502.506654,5.433
1502.704804,5.3260000000000005
1502.902654,5.646
1503.100854,5.7940000000000005
1503.298854,5.825
1503.498454,5.633
1503.694804,5.507
1503.892854,5.906
1504.090854,5.981
1504.288854,6.553
1504.486854,6.623
1504.684904,6.6850000000000005
1504.882854,6.392
1505.0811039999999,6.486
1505.278854,6.7330000000000005
1505.476854,7.222
1505.6767539999998,7.267
1505.8729039999998,7.596
1506.0711039999999,7.735
1506.268904,7.884
1506.4669039999999,7.964
1506.6650539999998,8.011000000000001
1506.8629039999998,8.113
1507.061154,8.509
1507.2590539999999,8.468
1507.456904,8.538
1507.6550539999998,8.666
1507.853054,8.795
1508.051154,8.815
1508.249204,8.707
1508.446954,8.586
1508.645104,8.788
1508.843104,8.633000000000001
1509.0413039999999,8.741
1509.239204,8.503
1509.4372039999998,8.491
1509.635104,8.52
1509.8331039999998,8.644
1510.0318539999998,8.722
1510.229204,8.703
1510.4272039999998,8.84
1510.625104,8.98
1510.8233539999999,9.142
1511.023004,9.324
1511.2193539999998,9.399000000000001
1511.417354,9.6
1511.615354,9.665000000000001
1511.813154,9.651
1512.0118539999999,9.777000000000001
1512.209404,9.836
1512.407254,10.102
1512.605404,10.169
1512.803404,10.283
1513.0014039999999,10.397
1513.199404,10.487
1513.3974039999998,10.545
1513.595454,10.654
1513.990654,10.76
1514.188704,10.733
1514.3883039999998,10.65
1514.5847039999999,10.624
1514.782704,10.671
1514.9807039999998,10.703
1515.178704,10.66
1515.376704,10.672
1515.5747039999999,10.853
1515.772704,10.641
1515.970954,10.754
1516.168754,10.609
1516.3675039999998,10.727
1516.564754,10.683
1516.762954,10.587
1516.960954,10.678
1517.158954,10.505
1517.356754,10.601
1517.554954,10.73
1517.7541039999999,10.729000000000001
1517.950754,10.737
1518.1490039999999,10.828
1518.346754,10.89
1518.544754,10.76
1518.743804,10.659
1518.941004,10.897
1519.1390039999999,10.761000000000001
1519.337004,10.978
1519.534804,10.927
1519.7337539999999,10.643
1519.931204,10.736
1520.129054,10.486
1520.3270539999999,10.575000000000001
1520.5250039999999,10.449
1520.723004,10.466000000000001
1520.921054,10.284
1521.1192039999999,10.114
1521.3170539999999,10.205
1521.5151039999998,10.091000000000001
1521.7142039999999,10.024000000000001
1521.911054,10.206
1522.1092039999999,10.148
1522.3070539999999,10.111
1522.5052039999998,10.113
1522.703254,9.991
1522.9012539999999,10.069
1523.0994039999998,10.093
1523.2972539999998,9.945
1523.495254,9.923
1523.693254,9.773
1523.891254,9.716000000000001
1524.089254,9.565
1524.2872539999998,9.565
1524.485404,9.65
1524.683304,9.578
1524.881504,9.328
1525.0793039999999,9.134
1525.2790539999999,9.098
1525.475454,9.040000000000001
1525.673304,8.578
1525.871704,8.448
1526.0693039999999,8.154
1526.268504,8.02
1526.465454,7.821
1526.663454,7.47
1526.8615539999998,7.277
1527.059554,7.186
1527.257554,6.8950000000000005
1527.455454,6.9670000000000005
1527.653454,6.917
1527.8515539999999,6.58
1528.0496039999998,6.474
1528.2473539999999,6.273
1528.445504,6.221
1528.644404,6.043
1528.841754,5.9590000000000005
1529.0396039999998,6.046
1529.237604,6.048
1529.435504,6.38
1529.633504,6.423
1529.8317539999998,6.517
1530.029654,6.62
1530.227654,6.706
1530.425804,6.835
1530.623554,6.992
1530.8221039999999,7.21
1531.019804,7.413
1531.219304,7.9350000000000005
1531.415804,8.378
1531.613554,8.508000000000001
1531.811804,8.828
1532.009804,8.74
1532.2076539999998,8.809000000000001
1532.405804,8.375
1532.6038039999999,8.238
1532.8021039999999,8.179
1532.999804,8.615
1533.197954,8.929
1533.3958539999999,9.198
1533.792704,9.103
1534.1871039999999,9.159
1534.385104,9.271
1534.5831039999998,8.777000000000001
1534.782054,8.567
1534.9791539999999,9.03
1535.1771039999999,9.735
1535.375104,9.601
1535.5731039999998,9.181000000000001
1535.772454,9.39
1535.969154,9.643
1536.167154,9.911
1536.3651539999998,9.97
1536.563404,9.686
1536.7614039999999,9.444
1536.959404,9.606
1537.157154,9.697000000000001
1537.355404,9.71
1537.553404,9.402000000000001
1537.751204,9.474
1537.949404,9.443
1538.1474039999998,9.471
1538.345204,9.379
1538.543404,9.278
1538.7414039999999,9.252
1538.939404,9.147
1539.1374039999998,8.918000000000001
1539.335204,9.074
1539.533404,9.058
1539.7316039999998,8.905
1539.9294539999999,8.91
1540.127454,8.96
1540.3262539999998,8.764
1540.523454,8.827
1540.721454,8.673
1540.919654,9.137
1541.117454,8.48
1541.315654,8.078
1541.513454,8.082
1541.7115039999999,8.147
1541.9096539999998,7.995
1542.1075039999998,7.7620000000000005
1542.305504,7.83
1542.5036539999999,7.82
1542.701654,8.007
1542.8996539999998,8.071
1543.097654,7.828
1543.295704,7.863
1543.495354,7.824
1543.6917039999998,7.724
1543.889704,7.548
1544.087704,7.457
1544.285704,7.269
1544.484154,6.99
1544.6817039999999,6.752
1544.879704,6.571
1545.077704,6.236
1545.275754,6.021
1545.473704,5.691
1545.6736039999998,5.719
1545.869704,5.609
1546.0677039999998,5.516
1546.265854,5.4750000000000005
1546.463904,4.797
1546.663554,4.899
1546.860004,5.001
1547.057754,5.131
1547.2559039999999,5.423
1547.453904,5.721
1547.652004,6.082
1547.850004,6.424
1548.048004,6.805
1548.2459039999999,7.0760000000000005
1548.4439539999998,7.4670000000000005
1548.642154,7.79
1548.840054,8.167
1549.038004,8.176
1549.235954,8.214
1549.4339539999999,8.52
1549.632154,9.06
1549.8302039999999,8.834
1550.0280539999999,8.998
1550.2266539999998,9.200000000000001
1550.424004,9.409
1550.622204,9.462
1550.821904,9.621
1551.018054,9.742
1551.2162039999998,9.827
1551.414004,10.012
1551.612204,9.958
1551.810254,10.104000000000001
1552.008204,10.203
1552.206254,10.403
1552.404254,10.359
1552.602254,10.336
1552.800254,10.391
1552.998404,10.518
1553.196254,10.620000000000001
1553.591504,10.558
1553.7895039999999,10.633000000000001
1553.987604,10.742
1554.1857539999999,10.897
1554.383504,10.884
1554.583154,10.837
1554.779554,10.817
1554.9775539999998,10.819
1555.175554,10.934000000000001
1555.373554,10.878
1555.5715539999999,10.771
1555.769804,10.938
1555.9675539999998,10.896
1556.1657539999999,10.929
1556.3638039999998,10.921
1556.561604,10.86
1556.759804,10.722
1556.957604,10.749
1557.155804,10.593
1557.3538039999999,10.704
1557.551804,10.559000000000001
1557.749804,10.531
1557.947804,10.511000000000001
1558.145804,10.603
1558.343854,10.623000000000001
1558.5418539999998,10.537
1558.739854,10.529
1558.937854,10.461
1559.1358539999999,10.634
1559.333854,10.615
1559.532004,10.389
1559.730004,10.498
1559.927904,10.655
1560.1260539999998,10.548
1560.3239039999999,10.647
1560.522154,10.846
1560.720054,10.994
1560.917904,11.068
1561.1160539999998,11.018
1561.3139039999999,11.165000000000001
1561.513504,11.242
1561.710054,11.3
1561.9081039999999,11.242
1562.106104,11.307
1562.3041039999998,11.153
1562.502104,11.28
1562.700104,11.201
1562.8981039999999,11.219
1563.096104,11.121
1563.2941039999998,11.129
1563.492104,10.901
1563.690104,11.165000000000001
1563.8881039999999,11.001
1564.0862539999998,11.041
1564.2841039999998,10.99
1564.482104,11.143
1564.680154,11.287
1564.878154,11.379
1565.076304,11.209
1565.274154,11.249
1565.474004,11.411
1565.670404,11.200000000000001
1565.868154,11.205
1566.067454,11.26
1566.264304,11.237
1566.4621539999998,11.189
1566.660404,11.284
1566.858204,11.47
1567.057454,11.292
1567.254354,11.415000000000001
1567.452354,11.472
1567.650404,11.51
1567.8484039999998,11.434000000000001
1568.047404,11.581
1568.244354,11.635
1568.4426039999998,11.504
1568.6418039999999,11.59
1568.838454,11.72
1569.0363539999998,11.632
1569.234404,11.704
1569.432354,11.463000000000001
1569.630604,11.566
1569.828454,11.606
1570.026604,11.63
1570.2244039999998,11.592
1570.422404,11.59
1570.6223539999999,11.624
1570.8185039999998,11.591000000000001
1571.016654,11.545
1571.2144039999998,11.631
1571.412654,11.613
1571.6106539999998,11.657
1571.808654,11.649000000000001
1572.006654,11.601
1572.204654,11.46
1572.402904,11.504
1572.600704,11.843
1572.7987039999998,11.563
1573.1939539999998,11.524000000000001
1573.589954,11.334
1573.787954,11.376
1573.987604,11.192
1574.1839539999999,11.27
1574.381954,11.189
1574.5799539999998,11.163
1574.777954,10.962
1574.975954,10.941
1575.174204,11.081
1575.372054,11.099
1575.5702039999999,11.109
1575.767954,11.193
1575.9660039999999,11.296
1576.164204,11.057
1576.362604,10.969
1576.560254,11.023
1576.758004,10.957
1576.956004,11.128
1577.154254,11.248000000000001
1577.352254,11.294
1577.550254,11.138
1577.7482539999999,11.23
1577.946054,11.372
1578.1442539999998,11.292
1578.3433539999999,11.396
1578.5403039999999,11.619
1578.738304,11.644
1578.936054,11.724
1579.134304,11.684000000000001
1579.332304,11.71
1579.5305039999998,11.647
1579.728304,11.832
1579.9263039999998,12.009
1580.124304,12.032
1580.322304,12.031
1580.5205039999998,12.07
1580.718304,11.986
1580.9163039999999,12.085
1581.114454,11.966000000000001
1581.312304,12.148
1581.5105039999999,12.169
1581.708504,12.085
1581.906354,12.111
1582.104504,12.014000000000001
1582.302354,12.049
1582.5005039999999,11.982000000000001
1582.698504,12.068
1582.896654,12.023
1583.094504,12.104000000000001
1583.292504,11.963000000000001
1583.490554,12.025
1583.690154,12.034
1583.886554,12.156
1584.084554,12.073
1584.282554,12.153
1584.480554,12.038
1584.678704,12.197000000000001
1584.876554,11.998000000000001
1585.0747039999999,12.133000000000001
1585.2728539999998,12.087
1585.4708039999998,11.950000000000001
1585.668604,12.122
1585.866754,12.199
1586.064754,12.18
1586.262554,12.261000000000001
1586.4608039999998,12.231
1586.658804,12.229000000000001
1586.8566039999998,12.265
1587.054754,12.153
1587.2527539999999,12.257
1587.450854,12.006
1587.648854,12.313
1587.846754,12.264000000000001
1588.044754,12.055
1588.243004,11.909
1588.442104,12.047
1588.638854,11.976
1588.837004,11.898
1589.034804,11.798
1589.232804,11.755
1589.431054,11.929
1589.628904,12.011000000000001
1589.827404,12.094
1590.024804,12.035
1590.224554,11.924
1590.421054,11.902000000000001
1590.619054,11.694
1590.8171539999998,11.791
1591.015054,11.648
1591.2143039999999,11.693
1591.411054,11.892
1591.609054,11.870000000000001
1591.8070539999999,11.996
1592.005054,12.043000000000001
1592.202854,11.961
1592.401104,11.964
1592.599104,11.950000000000001
1592.7972539999998,11.923
1592.996754,11.924
1593.390354,12.038
1593.588354,11.889000000000001
1593.7863539999998,11.88
1593.984404,11.981
1594.182354,12.079
1594.380354,12.215
1594.578354,12.113
1594.7763539999999,12.122
1594.974604,12.111
1595.172404,12.189
1595.370404,12.066
1595.5684039999999,12.235
1595.766404,12.067
1595.9644039999998,11.993
1596.162404,12.07
1596.3606539999998,12.014000000000001
1596.558654,12.06
1596.7564539999998,12.137
1596.954654,12.102
1597.152654,11.935
1597.351804,12.019
1597.5487039999998,11.823
1597.7464539999999,12.072000000000001
1597.944654,12.032
1598.142654,12.104000000000001
1598.3419039999999,12.292
1598.5387039999998,12.079
1598.736704,12.034
1598.934704,12.313
1599.1327039999999,12.045
1599.331854,12.022
1599.5287039999998,11.97
1599.726704,11.922
1599.924704,11.737
1600.1227039999999,11.609
1600.321454,11.932
1600.518904,11.792
1600.716754,11.75
1600.914904,11.68
1601.112754,11.766
1601.310904,11.696
1601.508904,11.639000000000001
1601.7067539999998,11.727
1601.904904,11.83
1602.102954,11.752
1602.3009539999998,11.586
1602.498954,11.529
1602.696954,10.914
1602.8949539999999,11.037
1603.092954,11.078
1603.2909539999998,11.145
1603.488954,11.259
1603.686954,11.131
1603.8849539999999,11.146
1604.083204,11.1
1604.281504,11.087
1604.478954,10.926
1604.676954,11.036
1604.875104,10.912
1605.073204,10.961
1605.271204,11.038
1605.469004,11.11
1605.667004,10.792
1605.8651539999998,10.612
1606.063254,10.465
1606.261254,10.196
1606.4592539999999,9.870000000000001
1606.657004,9.515
1606.8551539999999,9.207
1607.053404,9.027000000000001
1607.251254,8.627
1607.4501539999999,8.31
1607.647054,7.96
1607.845204,7.771
1608.043404,7.640000000000001
1608.2414039999999,7.529
1608.439254,7.456
1608.6374039999998,7.487
1608.835204,7.369
1609.033404,7.468
1609.231454,7.647
1609.429304,7.589
1609.627454,7.805000000000001
1609.8252539999999,8.126
1610.023454,8.415000000000001
1610.221454,8.659
1610.4194539999999,8.814
1610.617454,8.917
1610.8154539999998,9.151
1611.013504,9.41
1611.2115039999999,9.619
1611.409504,9.558
1611.6075039999998,9.746
1611.805504,9.909
1612.0036539999999,9.977
1612.2015039999999,10.031
1612.399504,9.99
1612.5975039999998,10.122
1612.795504,10.062
1613.191004,9.993
1613.3887539999998,10.187
1613.586804,10.001
1613.784804,10.157
1613.983454,9.892
1614.181054,9.763
1614.378804,9.531
1614.576804,9.648
1614.7750039999999,9.444
1614.972804,9.467
1615.172404,9.432
1615.3688539999998,9.32
1615.566854,9.237
1615.764854,9.17
1615.9630539999998,8.781
1616.161054,8.719
1616.359054,8.653
1616.556854,8.14
1616.754854,8.104000000000001
1616.9530539999998,7.832
1617.1527039999999,7.493
1617.349104,7.212
1617.546904,6.926
1617.7451039999999,6.939
1617.943104,6.574
1618.141254,6.293
1618.339104,5.963
1618.537104,5.44
1618.7351039999999,5.104
1618.933104,4.569
1619.131304,4.465
1619.329554,4.143
1619.5271539999999,3.811
1619.724904,3.3970000000000002
1619.9231539999998,3.027
1620.121304,2.396
1620.321054,1.6440000000000001
1620.517154,1.345
1620.7153039999998,1.031
1620.9131539999998,0.782
1621.111354,0.53
1621.309354,0.47300000000000003
1621.507154,0.186
1621.7053039999998,0.152
1621.903354,0.243
1622.101404,0.117
1622.299354,0.12
1622.4973539999999,0.20700000000000002
1622.6952039999999,0.196
1622.8933539999998,0.538
1623.092954,0.393
1623.289354,0.243
1623.4873539999999,0.276
1623.685504,0.302
1623.883404,0.22
1624.081604,0.195
1624.281004,0.077
1624.477404,0.077
1624.675554,0.132
1624.874004,0.078
1625.0716539999999,0.107
1625.269404,0.042
1625.467404,0.004
1625.665554,0.133
1625.863554,0.114
1626.062904,0.243
1626.259654,0.354
1626.4574539999999,0.677
1626.655604,0.805
1626.853604,0.682
1627.0516539999999,0.435
1627.2497039999998,0.375
1627.4474539999999,0.234
1627.6456039999998,0.032
1627.843604,0.07
1628.0418539999998,0.101
1628.2397039999998,0.14
1628.437704,0.07
1628.6356039999998,0.083
1628.833604,0.136
1629.0318539999998,0.073
1629.229754,0.132
1629.4277539999998,0.074
1629.625854,0.063
1629.825304,0.046
1630.021904,0.054
1630.2199039999998,0.044
1630.4177539999998,0.028
1630.615904,0.08
1630.8136539999998,0.059000000000000004
1631.011904,0.122
1631.209954,0.041
1631.407904,0.039
1631.6059539999999,0.089
1631.8039039999999,0.05
1632.001904,0.043000000000000003
1632.1999039999998,0.046
1632.397904,0.125
1632.595954,0.128
1632.991204,0.242
1633.189204,0.47200000000000003
1633.3872039999999,0.8290000000000001
1633.585204,1.1480000000000001
1633.7832039999998,1.506
1633.981254,2.009
1634.179254,2.499
1634.377254,2.9
1634.575454,3.185
1634.7732039999999,3.459
1634.972554,3.6510000000000002
1635.169254,4.023
1635.367254,4.218
1635.5652539999999,4.3100000000000005
1635.763454,4.621
1635.961804,5.029
1636.159504,5.189
1636.357254,5.355
1636.5552539999999,5.458
1636.753504,5.663
1636.9515039999999,5.6770000000000005
1637.149504,5.817
1637.3475039999998,5.979
1637.545504,6.016
1637.743504,5.937
1637.941854,5.87
1638.1395539999999,5.829
1638.3375039999999,5.748
1638.535304,5.636
1638.733504,5.6160000000000005
1638.9326039999999,5.351
1639.129704,5.611
1639.327554,5.735
1639.5255539999998,5.636
1639.723554,5.595
1639.9217039999999,5.898
1640.1197539999998,6.023
1640.317554,6.191
1640.515754,6.265000000000001
1640.713604,6.4990000000000006
1640.911604,6.7700000000000005
1641.1097539999998,6.934
1641.307754,6.9910000000000005
1641.5070039999998,7.149
1641.703754,7.421
1641.901754,7.644
1642.0997539999998,7.732
1642.297754,7.885
1642.495804,7.9190000000000005
1642.693804,8.029
1642.8918039999999,8.203
1643.0907539999998,8.194
1643.2878039999998,8.114
1643.485954,8.246
1643.683804,8.532
1643.8820039999998,8.529
1644.080804,8.664
1644.2778039999998,8.801
1644.475854,8.734
1644.673854,8.644
1644.872054,8.845
1645.070054,8.842
1645.2678039999998,8.925
1645.465954,8.88
1645.6639539999999,9.027000000000001
1645.8621039999998,9.087
1646.060104,9.223
1646.257854,9.120000000000001
1646.456004,9.047
1646.654004,9.183
1646.851854,9.285
1647.051354,9.384
1647.248104,9.574
1647.445904,9.607
1647.644004,9.496
1647.842054,9.622
1648.041804,9.762
1648.238154,9.863
1648.436054,9.790000000000001
1648.6340539999999,9.836
1648.832304,9.965
1649.030254,9.991
1649.229654,9.795
1649.4263039999998,9.941
1649.6257039999998,10.115
1649.822304,9.994
1650.020304,10.099
1650.218154,10.182
1650.4163039999999,10.122
1650.614054,10.172
1650.8135539999998,10.105
1651.010354,10.185
1651.2083539999999,10.154
1651.406354,10.200000000000001
1651.6043539999998,10.367
1651.802354,10.283
1652.000354,10.222
1652.1983539999999,10.344
1652.593604,10.351
1652.9896039999999,10.5
1653.187604,10.319
1653.3856039999998,10.423
1653.583604,10.269
1653.7823039999998,10.285
1653.979654,10.293000000000001
1654.1776539999998,10.253
1654.375654,10.202
1654.573654,10.285
1654.771654,10.156
1654.9699039999998,10.237
1655.1676539999999,10.085
1655.365654,10.133000000000001
1655.5639039999999,10.218
1655.761704,10.205
1655.959954,10.251
1656.157704,10.332
1656.3557039999998,10.266
1656.5539039999999,10.212
1656.7528539999998,10.357000000000001
1656.9499039999998,10.513
1657.147904,10.252
1657.3457039999998,10.315
1657.543954,10.438
1657.743554,10.22
1657.939954,10.388
1658.137954,10.345
1658.3357039999999,10.346
1658.533954,10.456
1658.7319539999999,10.406
1658.930104,10.326
1659.128004,10.407
1659.326004,10.262
1659.5240039999999,10.408
1659.722004,10.219
1659.9218039999998,10.213000000000001
1660.118004,10.101
1660.3161539999999,10.061
1660.514154,10.104000000000001
1660.712004,9.986
1660.911604,9.811
1661.108204,9.839
1661.306054,9.700000000000001
1661.5042039999998,9.685
1661.7020539999999,9.669
1661.9019039999998,9.482
1662.098204,9.434000000000001
1662.2977039999998,9.431000000000001
1662.4942039999999,9.335
1662.692454,9.104000000000001
1662.8918039999999,8.907
1663.088254,8.743
1663.288104,8.455
1663.4842039999999,8.217
1663.682204,8.017
1663.880254,7.857
1664.078254,7.795
1664.2762539999999,7.618
1664.475004,7.564
1664.6722539999998,7.516
1664.870504,7.3740000000000006
1665.068254,6.8950000000000005
1665.266254,6.82
1665.4644039999998,6.988
1665.662504,6.847
1665.860504,6.652
1666.058304,6.4430000000000005
1666.2564539999998,6.3
1666.455154,6.272
1666.652454,6.21
1666.850504,6.083
1667.0485039999999,5.9430000000000005
1667.246304,5.998
1667.444454,5.941
1667.6424539999998,6.0
1667.8405539999999,6.146
1668.038554,6.157
1668.2365539999998,6.303
1668.4345039999998,6.365
1668.6327039999999,6.5680000000000005
1668.830704,6.765000000000001
1669.030304,6.99
1669.2279039999999,7.168
1669.4245039999998,7.555
1669.622504,7.7330000000000005
1669.8207539999999,8.132
1670.0186039999999,8.342
1670.216604,8.634
1670.414754,8.997
1670.612754,9.286
1670.8107539999999,9.738
1671.008754,9.815
1671.2067539999998,9.875
1671.404754,10.03
1671.6028039999999,9.968
1671.800804,9.826
1671.9988039999998,9.978
1672.196954,10.056000000000001
1672.593704,10.011000000000001
1672.988054,9.914
1673.186054,9.926
1673.3840539999999,9.987
1673.582054,9.956
1673.7800539999998,9.92
1673.978054,9.86
1674.176054,10.022
1674.374304,10.398
1674.5721039999999,10.324
1674.770304,10.225
1674.9681039999998,10.224
1675.166104,10.316
1675.3646039999999,10.573
1675.5621039999999,10.509
1675.760354,10.64
1675.9583539999999,10.764
1676.156154,10.911
1676.3543539999998,10.897
1676.552354,11.097
1676.750354,11.314
1676.9483539999999,11.257
1677.146154,11.321
1677.3443539999998,11.346
1677.542354,11.416
1677.740404,11.446
1677.938404,11.315
1678.1364039999999,11.214
1678.334404,11.285
1678.5324039999998,11.047
1678.730554,11.238
1678.928404,11.21
1679.1264039999999,11.15
1679.324404,11.304
1679.5226539999999,11.215
1679.7206039999999,11.13
1679.918604,11.158
1680.1166039999998,11.202
1680.314604,11.019
1680.5124039999998,10.908
1680.7106039999999,10.752
1680.908604,10.595
1681.1066039999998,10.422
1681.304604,10.237
1681.5041039999999,10.033
1681.7006039999999,9.803
1681.898604,9.502
1682.096754,9.472
1682.294604,9.273
1682.492654,9.024000000000001
1682.690654,8.733
1682.8886539999999,8.613
1683.086804,8.337
1683.2846539999998,8.065
1683.482654,7.966
1683.6809039999998,7.785
1683.8786539999999,7.488
1684.078454,7.376
1684.274804,7.095
1684.472704,7.009
1684.6726039999999,6.585
1684.868704,6.357
1685.066854,6.252
1685.264854,6.079
1685.462704,5.949
1685.6609039999998,5.564
1685.858904,5.17
1686.056854,4.799
1686.254854,4.5200000000000005
1686.4530539999998,4.38
1686.650954,4.104
1686.8489539999998,3.5620000000000003
1687.0469039999998,3.5460000000000003
1687.244854,3.354
1687.4447539999999,3.2960000000000003
1687.640954,3.203
1687.8389539999998,3.16
1688.037104,3.172
1688.234904,2.954
1688.433104,3.1910000000000003
1688.631154,3.013
1688.829004,2.9290000000000003
1689.0271539999999,2.777
1689.224904,2.809
1689.422904,2.632
1689.621154,2.569
1689.819154,2.701
1690.017154,2.628
1690.215154,2.609
1690.412954,2.594
1690.6112039999998,2.509
1690.8107539999999,2.583
1691.007154,2.561
1691.205154,3.075
1691.403354,3.295
1691.6012039999998,3.498
1691.799204,3.741
1692.195104,4.065
1692.591604,4.736
1692.788454,4.699
1692.986504,4.827
1693.1845039999998,4.769
1693.382504,4.758
1693.580454,4.665
1693.7785039999999,4.743
1693.976504,4.62
1694.174704,4.627
1694.372504,4.755
1694.5707539999999,4.57
1694.768504,4.41
1694.966504,4.431
1695.164754,4.341
1695.362754,4.181
1695.5605039999998,4.029
1695.758754,3.989
1695.9565539999999,3.924
1696.154754,3.8890000000000002
1696.352754,3.92
1696.550554,4.11
1696.7488039999998,4.275
1696.9465539999999,4.46
1697.145654,4.531
1697.342754,4.797
1697.5409539999998,4.984
1697.7388039999998,5.0840000000000005
1697.936804,5.3
1698.135754,5.375
1698.332804,5.605
1698.531004,5.634
1698.730404,5.839
1698.926804,5.804
1699.1248039999998,5.779
1699.322804,5.9190000000000005
1699.520804,5.978
1699.7190039999998,6.014
1699.9168539999998,6.1930000000000005
1700.115004,6.187
1700.312854,6.288
1700.511004,6.353
1700.7090039999998,6.296
1700.9068539999998,6.554
1701.105004,6.538
1701.303054,6.533
1701.5010539999998,6.659
1701.699054,6.702
1701.897054,6.728
1702.095054,6.982
1702.293054,7.282
1702.491104,7.191
1702.689054,7.256
1702.887054,7.398000000000001
1703.085204,7.327
1703.2831039999999,7.268
1703.481304,7.3500000000000005
1703.6791039999998,7.3260000000000005
1703.877104,7.351
1704.0752539999999,7.581
1704.2731039999999,7.531000000000001
1704.471304,7.855
1704.6691039999998,7.674
1704.867104,7.678
1705.0652539999999,7.8180000000000005
1705.263254,7.852
1705.462554,7.79
1705.659354,7.91
1705.857104,8.077
1706.0552539999999,8.374
1706.253254,8.623
1706.4513539999998,8.623
1706.649354,8.574
1706.8471539999998,8.81
1707.045304,8.673
1707.2433039999999,8.894
1707.442354,8.762
1707.639354,8.832
1707.8374039999999,8.85
1708.035304,9.034
1708.2333039999999,9.018
1708.432004,8.937
1708.629404,8.936
1708.827404,8.793000000000001
1709.026954,8.745000000000001
1709.223354,8.794
1709.421554,8.719
1709.621304,8.669
1709.817454,8.53
1710.0155539999998,8.453
1710.213354,8.489
1710.411604,8.374
1710.609604,8.249
1710.807454,8.191
1711.005604,8.218
1711.2036039999998,8.134
1711.401604,8.256
1711.599804,8.298
1711.797754,8.388
1712.192854,8.521
1712.588904,8.822000000000001
1712.7869039999998,8.984
1712.984904,9.135
1713.182904,9.338000000000001
1713.381154,9.39
1713.579904,9.554
1713.7769039999998,9.487
1713.974904,9.477
1714.1744039999999,9.517
1714.371154,9.469
1714.5689539999998,9.588000000000001
1714.766954,9.51
1714.965154,9.63
1715.1631539999998,9.56
1715.3612039999998,9.053
1715.559154,8.687
1715.758654,8.806000000000001
1715.955154,9.337
1716.1531539999999,9.601
1716.3510039999999,9.689
1716.549204,9.787
1716.747204,9.997
1716.9452039999999,9.968
1717.143204,10.082
1717.3424539999999,9.939
1717.539204,9.934000000000001
1717.737204,9.929
1717.9352039999999,9.921
1718.133204,10.071
1718.3330039999998,10.021
1718.5292539999998,9.853
1718.727254,9.915000000000001
1718.9268539999998,9.915000000000001
1719.1232539999999,9.851
1719.322954,9.926
1719.519404,9.909
1719.717254,9.620000000000001
1719.916954,9.783
1720.1132539999999,9.621
1720.311454,9.613
1720.509454,9.406
1720.7074539999999,9.473
1720.905454,9.31
1721.1034539999998,9.265
1721.3013039999998,9.182
1721.499454,9.024000000000001
1721.697504,8.722
1721.897004,8.442
1722.093504,8.044
1722.2913039999999,7.905
1722.489454,7.679
1722.687504,7.3
1722.8855039999999,6.956
1723.083504,6.8100000000000005
1723.2818539999998,6.776
1723.479504,6.59
1723.677504,6.2780000000000005
1723.875654,6.243
1724.073504,5.977
1724.2717539999999,6.071
1724.469504,5.932
1724.667504,5.996
1724.867204,5.966
1725.0636539999998,6.0440000000000005
1725.262454,5.897
1725.4598039999998,6.09
1725.657554,5.931
1725.8557039999998,6.151
1726.053704,5.969
1726.251904,6.01
1726.4498039999999,6.064
1726.647804,6.095
1726.8457039999998,6.8870000000000005
1727.043704,6.798
1727.2419539999999,6.663
1727.4398039999999,6.289
1727.637804,6.497
1727.8358039999998,6.559
1728.0337539999998,6.613
1728.233604,6.84
1728.4300039999998,7.025
1728.6278539999998,7.022
1728.827654,7.152
1729.0237539999998,7.431
1729.222004,7.69
1729.4200039999998,7.739
1729.6178539999999,7.888
1729.816004,8.085
1730.013804,8.109
1730.212004,8.268
1730.410054,8.514
1730.6080539999998,8.454
1730.806054,8.645
1731.0042039999998,8.737
1731.2020539999999,8.841
1731.4000039999999,9.031
1731.5980539999998,9.031
1731.9933039999999,9.17
1732.191304,9.347
1732.3893039999998,9.383000000000001
1732.587304,9.465
1732.785304,9.55
1732.983354,9.648
1733.181554,9.664
1733.3810039999998,9.65
1733.577354,9.768
1733.7753539999999,9.795
1733.973554,9.834
1734.171554,9.94
1734.3695539999999,9.914
1734.568104,10.017
1734.765354,9.995000000000001
1734.963604,9.96
1735.161604,10.054
1735.359604,9.923
1735.557354,10.119
1735.755354,10.11
1735.9536039999998,10.149000000000001
1736.153404,10.116
1736.349604,10.098
1736.5476039999999,10.031
1736.745404,10.135
1736.943654,10.257
1737.1418039999999,10.387
1737.3396539999999,10.397
1737.537654,10.452
1737.7356539999998,10.289
1737.933654,10.435
1738.1318039999999,10.554
1738.3298539999998,10.67
1738.527654,10.599
1738.725704,10.66
1738.9237039999998,10.69
1739.121854,10.744
1739.3198539999999,10.704
1739.5191539999998,10.875
1739.715704,10.873000000000001
1739.913854,10.844
1740.111854,10.803
1740.309904,10.885
1740.508654,10.790000000000001
1740.7058539999998,10.809000000000001
1740.903854,10.848
1741.101854,10.967
1741.2998539999999,11.144
1741.4979039999998,10.933
1741.6957539999999,10.871
1741.893904,10.83
1742.092154,10.841000000000001
1742.289904,10.933
1742.4879039999998,10.93
1742.685904,11.051
1742.883904,11.03
1743.082154,10.964
1743.2799539999999,11.018
1743.477954,11.062
1743.676104,11.036
1743.874104,10.913
1744.072154,11.009
1744.271804,10.726
1744.467954,10.81
1744.6659539999998,10.962
1744.864204,10.954
1745.0622039999998,10.69
1745.260204,10.814
1745.458154,10.821
1745.656104,10.689
1745.8541539999999,10.859
1746.052354,10.816
1746.250204,10.544
1746.448204,10.533
1746.646154,10.651
1746.844154,10.714
1747.042354,10.623000000000001
1747.2402539999998,10.504
1747.438254,10.496
1747.636254,10.472
1747.834154,10.483
1748.0324039999998,10.388
1748.230404,10.381
1748.428254,10.401
1748.6264039999999,10.271
1748.824204,10.34
1749.023354,10.368
1749.220454,10.33
1749.4184539999999,10.338000000000001
1749.6164039999999,10.417
1749.814404,10.193
1750.0133039999998,10.301
1750.210454,10.308
1750.408454,10.204
1750.606454,10.39
1750.8044539999999,10.326
1751.002454,10.308
1751.2004539999998,10.325000000000001
1751.398454,10.109
1751.5966039999998,10.081
1751.991754,10.258000000000001
1752.189754,10.412
1752.3877539999999,10.325000000000001
1752.585754,10.278
1752.7837539999998,10.046
1752.982354,9.938
1753.1800039999998,10.115
1753.3777539999999,10.07
1753.577454,10.194
1753.7740039999999,10.215
1753.971754,10.226
1754.1700039999998,10.34
1754.3677539999999,10.348
1754.565754,10.414
1754.7640039999999,10.562
1754.961804,10.543000000000001
1755.160054,10.384
1755.3580539999998,10.239
1755.5558039999999,10.311
1755.754054,10.423
1755.9520539999999,10.061
1756.150054,10.232000000000001
1756.3480539999998,10.298
1756.5458039999999,10.159
1756.744054,10.223
1756.9420539999999,10.226
1757.140254,10.31
1757.3380539999998,10.225
1757.536054,10.366
1757.734054,10.285
1757.9320539999999,10.36
1758.130254,10.356
1758.329554,10.127
1758.526104,10.094
1758.724104,10.317
1758.922504,10.249
1759.120254,10.157
1759.318254,10.088000000000001
1759.5161039999998,9.914
1759.714254,9.918000000000001
1759.913004,9.853
1760.1103039999998,9.708
1760.308304,9.575000000000001
1760.506154,9.501
1760.7043039999999,9.285
1760.9038039999998,9.166
1761.1003039999998,8.911
1761.298304,8.733
1761.496504,8.561
1761.6943039999999,8.313
1761.8933539999998,8.125
1762.090354,8.0
1762.288354,7.841
1762.486354,7.6000000000000005
1762.684354,7.353
1762.882304,7.19
1763.080554,6.947
1763.2783539999998,6.581
1763.476354,6.371
1763.6745039999998,5.924
1763.872604,5.743
1764.070604,5.575
1764.2683539999998,5.168
1764.466354,4.823
1764.6645039999999,4.6370000000000005
1764.862504,4.173
1765.060604,3.931
1765.2600539999999,3.6390000000000002
1765.456404,3.343
1765.654554,3.005
1765.853104,2.765
1766.050654,2.356
1766.248654,2.07
1766.4465539999999,1.669
1766.644554,1.42
1766.8425539999998,1.02
1767.040804,0.722
1767.240354,0.171
1767.436704,0.037
1767.6346039999999,0.097
1767.833704,0.01
1768.030804,0.054
1768.228654,0.074
1768.426704,0.10300000000000001
1768.6246039999999,0.176
1768.822854,0.077
1769.0208539999999,0.082
1769.218854,0.089
1769.4168539999998,0.107
1769.614854,0.039
1769.812604,0.132
1770.0108539999999,0.046
1770.208854,0.062
1770.4077539999998,0.06
1770.604854,0.022
1770.802854,0.04
1771.000904,0.035
1771.1989039999999,0.027
1771.398504,0.093
1771.792154,0.041
1771.9901539999998,0.051000000000000004
1772.188154,0.037
1772.386154,0.047
1772.584404,0.075
1772.782154,0.063
1772.9801539999999,0.125
1773.1782039999998,0.027
1773.377804,0.066
1773.574204,0.012
1773.7722039999999,0.059000000000000004
1773.970204,0.153
1774.1682039999998,0.049
1774.366204,0.026000000000000002
1774.564204,0.067
1774.7624039999998,0.036000000000000004
1774.960454,0.029
1775.158454,0.08
1775.3562539999998,0.076
1775.5544539999999,0.055
1775.753254,0.023
1775.9502539999999,0.029
1776.148454,0.018000000000000002
1776.3462539999998,0.04
1776.544254,0.078
1776.7425039999998,0.06
1776.940504,0.061
1777.138504,0.107
1777.3365039999999,0.07200000000000001
1777.534254,0.048
1777.7334039999998,0.03
1777.930654,0.032
1778.128504,0.096
1778.3265039999999,0.112
1778.5246539999998,0.062
1778.7225039999998,0.07
1778.920704,0.048
1779.118704,0.044
1779.316554,0.067
1779.514704,0.068
1779.7125039999999,0.045
1779.910704,0.041
1780.108704,0.035
1780.306554,0.06
1780.504704,0.038
1780.704154,0.064
1780.900754,0.067
1781.098704,0.038
1781.2967039999999,0.008
1781.494704,0.03
1781.692754,0.022
1781.890754,0.067
1782.0887539999999,0.038
1782.286754,0.061
1782.486504,0.045
1782.682754,0.053
1782.8810039999998,0.082
1783.080454,0.011
1783.276754,0.033
1783.474904,0.025
1783.673454,0.047
1783.8710039999999,0.026000000000000002
1784.068804,0.042
1784.2668039999999,0.006
1784.4649539999998,0.042
1784.662954,0.062
1784.8610039999999,0.043000000000000003
1785.059004,0.055
1785.2568039999999,0.004
1785.4549539999998,0.078
1785.653404,0.096
1785.851054,0.088
1786.0490539999998,0.023
1786.246854,0.045
1786.445004,0.031
1786.642954,0.063
1786.8412039999998,0.009000000000000001
1787.040654,0.033
1787.2371039999998,0.056
1787.435004,0.052000000000000005
1787.6336039999999,0.058
1787.831254,0.036000000000000004
1788.029104,0.022
1788.2271039999998,0.031
1788.425254,0.096
1788.623104,0.081
1788.821254,0.025
1789.0192539999998,0.029
1789.217304,0.063
1789.4153039999999,0.042
1789.613054,0.013000000000000001
1789.8113039999998,0.006
1790.009304,0.084
1790.207304,0.035
1790.405304,0.018000000000000002
1790.603304,0.052000000000000005
1790.8013039999998,0.044
1790.999304,0.05
1791.197304,0.05
1791.5925539999998,0.033
1791.790554,0.042
1791.988604,0.033
1792.186604,0.035
1792.384804,0.048
1792.582604,0.125
1792.7806039999998,0.044
1792.978604,0.043000000000000003
1793.176604,0.036000000000000004
1793.375804,0.037
1793.572604,0.09
1793.7708539999999,0.02
1793.968854,0.054
1794.1666539999999,0.091
1794.3646039999999,0.073
1794.562854,0.033
1794.7608539999999,0.074
1794.958854,0.036000000000000004
1795.156654,0.022
1795.3549039999998,0.032
1795.552854,0.024
1795.750654,0.018000000000000002
1795.9489039999999,0.074
1796.147354,0.037
1796.344654,0.045
1796.542904,0.019
1796.740904,0.097
1796.9389039999999,0.068
1797.137104,0.038
1797.3347039999999,0.123
1797.532904,0.051000000000000004
1797.7320539999998,0.065
1797.9291039999998,0.07100000000000001
1798.126904,0.10200000000000001
1798.325104,0.063
1798.522904,0.065
1798.720954,0.066
1798.9191039999998,0.027
1799.1169539999999,0.043000000000000003
1799.315104,0.025
1799.5129539999998,0.065
1799.712654,0.059000000000000004
1799.9091039999998,0.032
1800.107104,0.026000000000000002
1800.3050039999998,0.07100000000000001
1800.503154,0.012
1800.7011539999999,0.079
1800.899154,0.065
1801.0971539999998,0.034
1801.295154,0.035
1801.493154,0.036000000000000004
1801.692754,0.012
1801.889154,0.094
1802.0871539999998,0.099
1802.285304,0.025
1802.483204,0.06
1802.681504,0.002
1802.8792039999998,0.07100000000000001
1803.077204,0.065
1803.2753539999999,0.051000000000000004
1803.473204,0.063
1803.671404,0.03
1803.869454,0.045
1804.067204,0.038
1804.266854,0.066
1804.4634039999999,0.069
1804.6614539999998,0.051000000000000004
1804.859454,0.048
1805.0572539999998,0.039
1805.255354,0.03
1805.4534039999999,0.05
1805.651604,0.038
1805.849504,0.073
1806.047504,0.036000000000000004
1806.2462039999998,0.03
1806.4434039999999,0.052000000000000005
1806.641654,0.07
1806.8395039999998,0.03
1807.037504,0.027
1807.235404,0.038
1807.433454,0.043000000000000003
1807.633404,0.067
1807.829654,0.042
1808.027554,0.023
1808.227154,0.029
1808.423454,0.052000000000000005
1808.6216539999998,0.037
1808.8208539999998,0.017
1809.017554,0.023
1809.215704,0.008
1809.4137039999998,0.146
1809.611704,0.28600000000000003
1809.811154,0.47000000000000003
1810.007854,0.807
1810.205704,1.1280000000000001
1810.4037039999998,1.597
1810.601704,2.009
1810.801454,2.432
1811.195004,2.914
1811.392954,3.138
1811.5912039999998,3.4050000000000002
1811.789004,3.649
1811.9870039999998,3.81
1812.1852039999999,3.8080000000000003
1812.383054,3.985
1812.5826539999998,4.138
1812.779904,4.369
1812.9770039999999,4.763
1813.176904,4.96
1813.3732539999999,5.091
1813.571054,5.283
1813.770904,5.6000000000000005
1813.967054,5.589
1814.165254,5.65
1814.363304,6.077
1814.561054,6.039
1814.759304,6.22
1814.957054,6.566
1815.155254,7.001
1815.353304,7.023000000000001
1815.5513039999998,7.064
1815.749304,7.1690000000000005
1815.947304,7.296
1816.145304,7.831
1816.343304,8.05
1816.5413039999999,8.138
1816.739304,8.488
1816.937354,8.666
1817.135304,8.891
1817.3333539999999,9.185
1817.5315039999998,9.434000000000001
1817.729504,9.745000000000001
1817.927354,9.93
1818.1255039999999,10.200000000000001
1818.3233539999999,10.448
1818.521354,10.698
1818.719504,10.853
1818.9175539999999,11.153
1819.115554,11.414
1819.313804,11.566
1819.5114039999999,11.595
1819.709554,11.805
1819.907554,11.912
1820.105554,12.069
1820.3035539999998,12.09
1820.501554,12.191
1820.6995539999998,12.288
1820.8987539999998,12.389000000000001
1821.0957039999998,12.473
1821.293604,12.549
1821.4916039999998,12.642
1821.689604,12.608
1821.887604,12.903
1822.0857039999999,13.018
1822.283604,13.021
1822.4818539999999,13.185
1822.679654,13.183
1822.8792039999998,13.353
1823.0758039999998,13.364
1823.2737539999998,13.392
1823.473554,13.517
1823.669854,13.679
1823.867654,13.662
1824.065754,13.571
1824.263804,13.684000000000001
1824.4636039999998,13.612
1824.6599039999999,13.700000000000001
1824.857904,13.602
1825.0558039999999,13.648
1825.253804,13.76
1825.4520539999999,13.646
1825.6499039999999,13.526
1825.848354,13.627
1826.045854,13.689
1826.2438539999998,13.551
1826.442104,13.701
1826.639904,13.517
1826.837904,13.484
1827.036054,13.386000000000001
1827.2338539999998,13.233
1827.433804,13.293000000000001
1827.630054,13.217
1827.8279539999999,13.033
1828.0261039999998,13.108
1828.223904,13.054
1828.423854,13.011000000000001
1828.6201039999999,12.927
1828.818104,12.948
1829.0161039999998,12.823
1829.214104,12.781
1829.412104,12.851
1829.610154,12.763
1829.8081539999998,12.706
1830.007104,12.644
1830.204154,12.786
1830.4021539999999,12.795
1830.600154,12.780000000000001
1830.9955539999999,12.818
1831.1934039999999,12.802
1831.391404,12.921000000000001
1831.5894039999998,12.818
1831.787404,12.767
1831.986354,12.854000000000001
1832.183454,12.916
1832.3814539999998,13.038
1832.579654,12.924
1832.7774539999998,12.995000000000001
1832.975454,13.066
1833.1737039999998,13.036
1833.3714539999999,13.036
1833.569654,13.039
1833.7674539999998,12.961
1833.965504,12.996
1834.1637039999998,13.009
1834.361504,13.102
1834.560454,13.06
1834.7577039999999,13.188
1834.955454,13.104000000000001
1835.1537039999998,13.053
1835.351704,12.997
1835.549704,12.898
1835.747754,12.882
1835.945554,12.856
1836.143754,12.978
1836.3417539999998,13.018
1836.540654,12.902000000000001
1836.737754,12.909
1836.9357539999999,12.835
1837.133754,12.695
1837.3317539999998,12.882
1837.5299539999999,12.825000000000001
1837.7278039999999,12.849
1837.925804,12.843
1838.1238039999998,12.841000000000001
1838.321804,12.732000000000001
1838.5199539999999,12.798
1838.717954,12.866
1838.915804,12.849
1839.113954,12.847
1839.311804,12.8
1839.510004,12.995000000000001
1839.7080039999998,13.072000000000001
1839.905804,13.107000000000001
1840.103954,13.057
1840.301804,13.07
1840.500004,13.178
1840.6980039999999,13.182
1840.896004,13.33
1841.0940039999998,13.241
1841.292004,13.343
1841.490004,13.302
1841.6880039999999,13.361
1841.886004,13.411
1842.084154,13.354000000000001
1842.2836539999998,13.361
1842.4802539999998,13.283
1842.678054,13.279
1842.876454,13.352
1843.074204,13.267
1843.272054,13.287
1843.470304,13.209
1843.668054,13.152000000000001
1843.8660539999998,13.18
1844.064204,13.143
1844.2622039999999,13.106
1844.460304,13.052
1844.6583039999998,13.007
1844.856104,12.872
1845.054254,12.832
1845.252254,12.531
1845.4509039999998,12.4
1845.648354,12.228
1845.8462539999998,12.089
1846.044254,11.916
1846.242454,11.728
1846.441104,11.532
1846.638354,11.279
1846.8365039999999,11.135
1847.035654,11.047
1847.232254,10.876
1847.430504,10.620000000000001
1847.628354,10.479000000000001
1847.826404,10.343
1848.024504,10.155
1848.223604,9.827
1848.4205539999998,9.67
1848.618554,9.402000000000001
1848.816404,9.137
1849.0145539999999,8.814
1849.2125039999999,8.628
1849.4105539999998,8.322000000000001
1849.6102039999998,8.145
1849.806554,7.909
1850.004604,7.7010000000000005
1850.204204,7.328
1850.4005539999998,7.109
1850.795854,6.853
1851.191854,6.1370000000000005
1851.389854,5.856
1851.5878539999999,5.541
1851.785854,5.33
1851.9838539999998,4.857
1852.181854,4.446
1852.3801039999998,3.973
1852.577904,3.712
1852.7759039999999,3.3770000000000002
1852.974104,3.0180000000000002
1853.1719039999998,2.6310000000000002
1853.3701039999999,2.32
1853.567904,2.219
1853.7659039999999,1.924
1853.964104,1.682
1854.162104,1.463
1854.360154,1.223
1854.5581539999998,1.016
1854.7559039999999,0.67
1854.954154,0.545
1855.1521539999999,0.446
1855.350154,0.453
1855.5481539999998,0.329
1855.746154,0.191
1855.944154,0.051000000000000004
1856.1428039999998,0.013000000000000001
1856.340354,0.096
1856.538204,0.057
1856.7362039999998,0.093
1856.9341539999998,0.129
1857.132204,0.134
1857.330354,0.084
1857.528204,0.043000000000000003
1857.7262039999998,0.02
1857.9244039999999,0.062
1858.122204,0.042
1858.320354,0.012
1858.5183539999998,0.074
1858.7162039999998,0.024
1858.9144039999999,0.042
1859.112204,0.038
1859.3104039999998,0.085
1859.508404,0.027
1859.706404,0.066
1859.9044039999999,0.048
1860.102404,0.14
1860.3004039999998,0.028
1860.498404,0.048
1860.6964039999998,0.105
1860.894454,0.033
1861.0924539999999,0.047
1861.290454,0.058
1861.4884539999998,0.048
1861.686454,0.196
1861.8846039999999,0.619
1862.082604,0.889
1862.280654,1.401
1862.4784539999998,2.09
1862.677354,2.6
1862.8746039999999,3.209
1863.0735539999998,3.6910000000000003
1863.270704,4.122
1863.468704,4.535
1863.666454,4.7
1863.8646039999999,4.827
1864.064604,4.989
1864.2607039999998,5.253
1864.458754,5.468
1864.6565039999998,5.6770000000000005
1864.854654,6.3260000000000005
1865.052904,6.564
1865.250754,6.83
1865.448754,7.002
1865.6467539999999,7.335
1865.844654,7.436
1866.042904,7.546
1866.240904,7.73
1866.438804,8.083
1866.636704,8.186
1866.8347039999999,8.258000000000001
1867.032954,8.639
1867.2309539999999,8.692
1867.430504,8.888
1867.626804,9.036
1867.824954,9.072000000000001
1868.022954,9.166
1868.220954,9.251
1868.418954,9.46
1868.616804,9.504
1868.814954,9.76
1869.0129539999998,9.88
1869.210954,9.977
1869.408954,9.96
1869.6069539999999,10.012
1869.8050039999998,10.202
1870.003154,10.578
1870.201004,10.426
1870.3990039999999,10.5
1870.795954,10.541
1871.190504,10.8
1871.3883039999998,10.922
1871.5862539999998,11.113
1871.784254,11.126
1871.9823039999999,11.246
1872.180504,11.187
1872.379504,11.229000000000001
1872.576304,11.184000000000001
1872.774504,11.244
1872.972304,11.327
1873.170304,11.263
1873.368604,11.424
1873.566304,11.370000000000001
1873.7645539999999,11.436
1873.9625039999999,11.439
1874.1605539999998,11.52
1874.358554,11.628
1874.5563539999998,11.543000000000001
1874.7547539999998,11.627
1874.952554,11.658
1875.150754,11.841000000000001
1875.348554,11.619
1875.546554,12.112
1875.7445539999999,11.942
1875.9426039999998,12.057
1876.140754,12.115
1876.3386039999998,12.222
1876.536604,12.111
1876.7344039999998,11.979000000000001
1876.934254,12.049
1877.130754,12.151
1877.328754,12.24
1877.5278039999998,12.219
1877.7246539999999,12.07
1877.9226039999999,12.128
1878.1224539999998,11.950000000000001
1878.318804,11.977
1878.516654,12.095
1878.714804,12.132
1878.9128039999998,12.289
1879.110804,12.252
1879.308804,12.223
1879.507154,12.207
1879.704654,12.443
1879.902854,12.446
1880.101254,12.473
1880.298854,12.474
1880.496854,12.562
1880.694654,12.497
1880.892854,12.44
1881.091954,12.451
1881.288854,12.508000000000001
1881.486854,12.503
1881.685004,12.647
1881.882854,12.656
1882.0811039999999,12.546
1882.278854,12.639000000000001
1882.476854,12.748000000000001
1882.674904,12.68
1882.8729039999998,12.707
1883.071154,12.81
1883.2691539999998,12.73
1883.4669039999999,12.790000000000001
1883.664904,12.796000000000001
1883.863054,12.705
1884.061154,12.666
1884.2591539999999,12.848
1884.456954,12.783
1884.6550539999998,12.787
1884.8531039999998,12.768
1885.0513039999998,12.870000000000001
1885.250904,12.896
1885.447154,12.855
1885.645104,12.805
1885.8431039999998,12.729000000000001
1886.0413039999999,12.753
1886.239204,13.09
1886.4372039999998,12.784
1886.635354,12.864
1886.8343539999998,12.968
1887.031354,12.932
1887.2293539999998,12.904
1887.4272039999998,12.825000000000001
1887.625354,12.749
1887.824754,12.622
1888.021354,12.678
1888.219404,12.662
1888.417254,12.674
1888.615404,12.633000000000001
1888.8149039999998,12.713000000000001
1889.0114039999999,12.517
1889.209404,12.579
1889.4074039999998,12.780000000000001
1889.605404,12.715
1889.804854,12.8
1890.1986539999998,12.790000000000001
1890.594654,13.007
1890.7926539999999,13.046000000000001
1890.9907039999998,12.903
1891.1903539999998,12.844
1891.386704,12.96
1891.5847039999999,12.716000000000001
1891.782704,12.851
1891.9807039999998,12.66
1892.178704,12.686
1892.376704,12.832
1892.5747039999999,12.935
1892.7738539999998,12.934000000000001
1892.970754,12.919
1893.168954,12.961
1893.366754,12.839
1893.564754,12.952
1893.7629539999998,12.896
1893.960754,12.882
1894.158954,12.911
1894.3569539999999,12.959
1894.554754,12.869
1894.7542039999998,12.88
1894.951004,12.975
1895.1490039999999,12.967
1895.347004,12.987
1895.5450039999998,12.792
1895.743004,12.892
1895.941004,12.852
1896.1390039999999,12.788
1896.337004,12.929
1896.535054,12.921000000000001
1896.7330539999998,12.711
1896.932654,12.861
1897.1292039999998,12.747
1897.3270539999999,12.876
1897.5252039999998,12.931000000000001
1897.7230539999998,12.892
1897.921054,12.953
1898.1192039999999,12.927
1898.3172539999998,13.071
1898.516704,12.778
1898.713254,12.846
1898.911054,12.94
1899.1092039999999,13.0
1899.3072539999998,13.120000000000001
1899.5051039999998,13.054
1899.703254,13.051
1899.9011039999998,12.91
1900.099254,12.876
1900.2972539999998,12.766
1900.495254,12.774000000000001
1900.693254,12.865
1900.891504,12.971
1901.0893039999999,12.919
1901.287304,12.871
1901.485404,12.911
1901.683304,12.864
1901.881304,12.829
1902.080054,12.913
1902.277304,12.950000000000001
1902.4753039999998,13.123000000000001
1902.673454,13.030000000000001
1902.8713539999999,12.905000000000001
1903.069554,12.919
1903.2673539999998,12.764000000000001
1903.465454,12.88
1903.6635039999999,12.844
1903.8632539999999,12.901
1904.059554,13.042
1904.257554,12.898
1904.455454,12.996
1904.6535039999999,13.084
1904.851504,12.972
1905.0496039999998,13.024000000000001
1905.247604,13.0
1905.445354,12.997
1905.643504,12.848
1905.841504,12.811
1906.039754,12.799
1906.237604,12.752
1906.435604,12.836
1906.634104,12.773
1906.831804,12.641
1907.029804,12.64
1907.2292539999999,12.586
1907.425804,12.592
1907.623554,12.587
1907.8215539999999,12.632
1908.019804,12.604000000000001
1908.217804,12.471
1908.415804,12.645
1908.6138039999998,12.574
1908.8118539999998,12.625
1909.009854,12.545
1909.207804,12.524000000000001
1909.405804,12.643
1909.6038039999999,12.57
1909.802004,12.74
1910.1971039999999,12.674
1910.5931039999998,12.885
1910.7927539999998,12.757
1910.989104,12.623000000000001
1911.1871039999999,12.466000000000001
1911.385104,12.518
1911.5833539999999,12.666
1911.781154,12.516
1911.979504,12.552
1912.1771039999999,12.548
1912.3751539999998,12.334
1912.573404,12.399000000000001
1912.771154,12.345
1912.9710539999999,12.496
1913.167154,12.439
1913.3651539999998,12.399000000000001
1913.563404,12.341000000000001
1913.7614039999999,12.142
1913.959404,12.251
1914.1574039999998,12.347
1914.3551539999999,12.356
1914.553404,12.364
1914.7514039999999,12.239
1914.951004,12.371
1915.147454,12.382
1915.345204,12.436
1915.5441039999998,12.42
1915.7414039999999,12.424
1915.939604,12.478
1916.137454,12.487
1916.3354539999998,12.477
1916.533454,12.488
1916.732204,12.469
1916.9296539999998,12.51
1917.127454,12.506
1917.3254539999998,12.551
1917.523604,12.545
1917.723104,12.455
1917.9196539999998,12.578
1918.117654,12.577
1918.315504,12.581
1918.5136539999999,12.623000000000001
1918.7121539999998,12.71
1918.9096539999998,12.618
1919.107654,12.559000000000001
1919.305504,12.411
1919.5036539999999,12.386000000000001
1919.7030539999998,12.317
1919.899704,12.351
1920.0979539999998,12.462
1920.295704,12.374
1920.493704,12.386000000000001
1920.6917039999998,12.303
1920.889704,12.429
1921.0877039999998,12.501
1921.285704,12.489
1921.4838539999998,12.546
1921.6834039999999,12.382
1921.879954,12.5
1922.077754,12.479000000000001
1922.275754,12.567
1922.473904,12.344
1922.673454,12.419
1922.869954,12.459
1923.067754,12.516
1923.265754,12.527000000000001
1923.463904,12.603
1923.6619039999998,12.496
1923.860004,12.565
1924.058004,12.372
1924.255754,12.289
1924.453904,12.201
1924.6519039999998,12.23
1924.850004,12.157
1925.048004,12.148
1925.246054,12.105
1925.4439539999998,12.187
1925.641954,12.127
1925.8402039999999,12.125
1926.038004,12.052
1926.236054,12.137
1926.4339539999999,12.276
1926.631954,12.323
1926.831854,12.271
1927.0280539999999,12.265
1927.2262039999998,12.191
1927.424204,12.207
1927.6220039999998,12.265
1927.8202039999999,12.323
1928.018204,12.317
1928.2162039999998,12.313
1928.414204,12.185
1928.6120039999998,12.166
1928.810254,12.266
1929.0082539999999,12.345
1929.206254,12.327
1929.4042539999998,12.258000000000001
1929.602404,12.128
1929.997504,12.3
1930.195554,12.277000000000001
1930.393504,12.161
1930.591504,12.064
1930.791154,12.023
1930.987504,11.946
1931.185554,11.876
1931.383554,11.864
1931.5815539999999,11.871
1931.7796039999998,11.819
1931.9775539999998,11.794
1932.175554,11.722
1932.374554,11.609
1932.5715539999999,11.682
1932.769804,11.699
1932.967804,11.643
1933.1656039999998,11.448
1933.3638039999998,11.438
1933.561804,11.306000000000001
1933.7596039999999,11.385
1933.957804,11.123000000000001
1934.1556039999998,10.967
1934.3538039999999,11.042
1934.551804,10.888
1934.751454,10.85
1934.947854,10.804
1935.1458539999999,10.648
1935.343854,10.687
1935.5418539999998,10.631
1935.741654,10.532
1935.937854,10.398
1936.137454,10.309000000000001
1936.333854,10.169
1936.5318539999998,10.165000000000001
1936.7299039999998,9.979000000000001
1936.928054,10.002
1937.125904,9.906
1937.3239039999999,9.774000000000001
1937.521904,9.698
1937.721554,9.534
1937.918054,9.304
1938.115904,9.041
1938.3139039999999,8.798
1938.511904,8.538
1938.710104,8.432
1938.9081039999999,8.051
1939.106104,7.7620000000000005
1939.3041039999998,7.643
1939.502104,7.519
1939.701554,7.239
1939.8981039999999,6.9430000000000005
1940.097704,6.757000000000001
1940.2941039999998,6.4350000000000005
1940.4921539999998,6.349
1940.6903539999998,6.048
1940.8881039999999,5.755
1941.0866039999999,5.5120000000000005
1941.284254,5.5360000000000005
1941.4821539999998,5.679
1941.680854,5.6160000000000005
1941.878154,5.247
1942.0776039999998,5.074
1942.2743039999998,4.857
1942.472304,5.449
1942.6721539999999,5.644
1942.8684039999998,5.787
1943.067754,5.856
1943.2643039999998,5.9750000000000005
1943.462304,6.227
1943.661654,6.447
1943.8584039999998,6.583
1944.056204,6.898000000000001
1944.254354,7.0120000000000005
1944.452354,6.982
1944.6521539999999,7.229
1944.848454,7.444
1945.0464539999998,7.41
1945.244354,7.511
1945.442354,7.4430000000000005
1945.640604,7.574
1945.838454,7.6930000000000005
1946.036604,7.743
1946.235604,7.588
1946.4323539999998,7.721
1946.630604,7.851
1946.8286039999998,7.8790000000000004
1947.026504,7.928
1947.2246539999999,7.993
1947.422404,8.142
1947.6206539999998,8.187
1947.818654,8.213000000000001
1948.016504,8.229000000000001
1948.2146539999999,8.326
1948.412654,8.467
1948.6106539999998,8.675
1948.808654,8.639
1949.0066539999998,8.735
1949.204704,8.753
1949.4027039999999,8.869
1949.797954,8.959
1950.1941539999998,9.125
1950.392104,9.306000000000001
1950.5899539999998,9.229000000000001
1950.787954,9.299
1950.985954,9.314
1951.1841539999998,9.206
1951.381954,9.226
1951.580004,9.272
1951.778004,9.362
1951.977404,9.391
1952.174204,9.364
1952.372204,9.378
1952.570004,9.471
1952.768204,9.483
1952.9660039999999,9.604000000000001
1953.164204,9.393
1953.362204,9.631
1953.561904,9.59
1953.7582539999999,9.518
1953.956254,9.603
1954.154004,9.662
1954.352254,9.63
1954.5508539999998,9.576
1954.7482539999999,9.649000000000001
1954.946254,9.681000000000001
1955.1442539999998,9.700000000000001
1955.342254,9.685
1955.540454,9.737
1955.738304,9.737
1955.9363039999998,9.729000000000001
1956.134454,9.695
1956.3326539999998,9.726
1956.530304,9.722
1956.7284539999998,9.682
1956.9263039999998,9.707
1957.124504,9.719
1957.3223039999998,9.562
1957.5205039999998,9.55
1957.718504,9.555
1957.916454,9.427
1958.114504,9.533
1958.312504,9.497
1958.5105039999999,9.321
1958.708504,9.392
1958.9065039999998,9.444
1959.104504,9.364
1959.302504,9.324
1959.5020539999998,9.241
1959.698504,9.054
1959.8965039999998,9.177
1960.094654,9.137
1960.2925539999999,9.09
1960.4908039999998,9.067
1960.6885539999998,9.120000000000001
1960.886554,9.117
1961.0847039999999,9.226
1961.282554,9.275
1961.4808039999998,9.136000000000001
1961.678804,9.325000000000001
1961.8766039999998,9.559000000000001
1962.0747039999999,9.437
1962.272704,9.352
1962.4706039999999,9.512
1962.668804,9.587
1962.8666039999998,9.58
1963.064754,9.625
1963.263054,9.719
1963.4606039999999,9.724
1963.658854,9.792
1963.8583039999999,9.697000000000001
1964.054754,9.71
1964.2527539999999,9.662
1964.451004,9.5
1964.6488539999998,9.638
1964.846854,9.489
1965.044754,9.517
1965.2427539999999,9.436
1965.442454,9.422
1965.6390039999999,9.506
1965.836904,9.553
1966.035054,9.700000000000001
1966.232804,9.672
1966.431054,9.753
1966.629054,9.65
1966.826904,9.824
1967.025054,9.886000000000001
1967.224504,9.868
1967.421104,9.928
1967.619054,9.914
1967.8170539999999,10.03
1968.0151039999998,10.229000000000001
1968.2144039999998,10.258000000000001
1968.411054,10.178
1968.609054,10.224
1968.8070539999999,10.306000000000001
1969.0051039999998,10.283
1969.204354,10.277000000000001
1969.4011039999998,10.222
1969.7963539999998,10.371
1969.994354,10.269
1970.193804,10.436
1970.390404,10.389
1970.5884039999999,10.223
1970.786404,10.427
1970.9844039999998,10.247
1971.1826039999999,10.189
1971.380804,10.284
1971.5786039999998,10.263
1971.776404,10.435
1971.9744039999998,10.282
1972.1726039999999,10.327
1972.372054,10.404
1972.568654,10.46
1972.766404,10.334
1972.9644039999998,10.402000000000001
1973.162654,10.326
1973.3611039999998,10.437
1973.558654,10.6
1973.7566539999998,10.434000000000001
1973.954454,10.31
1974.152654,10.323
1974.350704,10.293000000000001
1974.5487039999998,10.33
1974.7466539999998,10.511000000000001
1974.944454,10.335
1975.1427039999999,10.251
1975.340704,10.107000000000001
1975.5400539999998,10.238
1975.736704,10.241
1975.934704,10.043000000000001
1976.1327039999999,10.06
1976.330704,9.944
1976.528854,9.788
1976.726704,9.623
1976.924754,9.604000000000001
1977.1239039999998,9.5
1977.3207539999999,9.554
1977.518904,9.616
1977.7169039999999,9.242
1977.914754,9.534
1978.1141539999999,9.514
1978.3107539999999,9.624
1978.5089039999998,9.732
1978.706904,9.707
1978.9049539999999,9.634
1979.104054,9.739
1979.3009539999998,9.615
1979.498954,9.664
1979.696954,9.863
1979.8949539999999,9.884
1980.094304,9.999
1980.2912039999999,9.796
1980.488954,9.812
1980.687004,9.73
1980.885004,9.921
1981.084854,9.835
1981.281004,9.916
1981.479204,10.014
1981.678604,10.019
1981.875004,9.969
1982.073154,9.926
1982.271004,10.08
1982.4692539999999,10.137
1982.667004,10.05
1982.865004,10.111
1983.063154,10.424
1983.2611539999998,10.441
1983.4592539999999,10.467
1983.657254,10.339
1983.8550539999999,10.424
1984.0532039999998,10.397
1984.2514039999999,10.362
1984.449304,10.382
1984.648954,10.263
1984.845454,10.275
1985.0432039999998,10.375
1985.241204,10.374
1985.439404,10.468
1985.6373039999999,10.503
1985.835304,10.548
1986.033254,10.436
1986.232204,10.417
1986.4294539999999,10.403
1986.627454,10.578
1986.8254539999998,10.605
1987.023454,10.416
1987.2215039999999,10.507
1987.4194539999999,10.599
1987.6186539999999,10.446
1987.815504,10.375
1988.014454,10.484
1988.2115039999999,10.365
1988.409504,10.274000000000001
1988.6075039999998,10.488
1988.805654,10.449
1989.2008039999998,10.206
1989.596754,10.214
1989.794754,10.217
1989.992804,10.122
1990.1908039999998,10.299
1990.389604,10.3
1990.5868039999998,10.314
1990.784804,10.432
1990.9830539999998,10.349
1991.1808039999999,10.253
1991.379054,10.356
1991.5768039999998,10.491
1991.774804,10.543000000000001
1991.9730539999998,10.51
1992.170854,10.42
1992.3696539999999,10.465
1992.567104,10.555
1992.764854,10.57
1992.9630539999998,10.617
1993.161054,10.543000000000001
1993.359054,10.627
1993.5570539999999,10.429
1993.7552039999998,10.472
1993.953104,10.662
1994.1511039999998,10.713000000000001
1994.348904,10.523
1994.547104,10.639
1994.745154,10.536
1994.942904,10.589
1995.1411039999998,10.334
1995.339104,10.46
1995.5371539999999,10.657
1995.735154,10.81
1995.9331539999998,10.799
1996.131154,10.885
1996.331004,10.931000000000001
1996.527304,10.939
1996.725154,11.131
1996.923304,11.023
1997.121154,10.955
1997.3193039999999,10.997
1997.5173539999998,11.047
1997.7152039999999,11.03
1997.9133539999998,11.003
1998.111354,10.933
1998.309354,10.798
1998.5073539999999,10.835
1998.705354,10.825000000000001
1998.9033539999998,10.758000000000001
1999.101354,10.835
1999.2994039999999,10.777000000000001
1999.497404,10.683
1999.695354,10.633000000000001
1999.8933539999998,10.5
2000.0926539999998,10.579
2000.2896039999998,10.561
2000.487404,10.502
2000.6854039999998,10.567
2000.883554,10.518
2001.083154,10.47
2001.279654,10.418000000000001
2001.477404,10.355
2001.6754039999998,10.46
2001.873554,10.489
2002.0734539999999,10.472
2002.269654,10.421
2002.4676539999998,10.539
2002.665454,10.463000000000001
2002.863604,10.435
2003.061604,10.611
2003.259654,10.811
2003.4576539999998,10.677
2003.655454,10.758000000000001
2003.853604,10.709
2004.051604,10.679
2004.249854,10.659
2004.449204,10.543000000000001
2004.6457039999998,10.615
2004.843654,10.662
2005.0418539999998,10.626
2005.239854,10.492
2005.437704,10.549
2005.6357039999998,10.41
2005.834754,10.347
2006.031654,10.208
2006.231554,10.151
2006.427904,10.024000000000001
2006.625754,9.952
2006.8239039999999,9.776
2007.021904,9.685
2007.2199039999998,9.671
2007.417904,9.5
2007.615754,9.39
2007.8139039999999,9.306000000000001
2008.012104,9.239
2008.209954,8.98
2008.407954,9.013
2008.6059539999999,8.950000000000001
2008.8039039999999,8.733
2009.2010539999999,8.577
2009.595204,8.462
2009.7932039999998,8.256
2009.991204,8.18
2010.1894539999998,7.974
2010.3872039999999,7.863
2010.586904,7.87
2010.783454,7.674
2010.9812539999998,7.604
2011.179254,7.382000000000001
2011.377254,7.29
2011.5752539999999,7.126
2011.773254,7.018
2011.971454,6.791
2012.169504,6.6530000000000005
2012.3675039999998,6.556
2012.5652539999999,6.314
2012.7633039999998,6.176
2012.9615039999999,6.066
2013.160404,5.838
2013.3575039999998,5.928
2013.555504,5.793
2013.7541039999999,5.522
2013.9515039999999,5.457
2014.149704,5.16
2014.347554,4.95
2014.5455539999998,5.043
2014.7439539999998,5.049
2014.941554,5.0
2015.139704,4.944
2015.337554,5.016
2015.5355539999998,4.788
2015.735254,5.2860000000000005
2015.931554,5.473
2016.1297539999998,5.708
2016.328904,5.7330000000000005
2016.5255539999998,5.803
2016.723704,5.982
2016.921554,6.007000000000001
2017.1197539999998,6.12
2017.317754,6.134
2017.515754,6.281
2017.7136039999998,6.191
2017.911754,6.297
2018.1097539999998,6.37
2018.307754,6.167
2018.5057539999998,6.338
2018.7036039999998,6.303
2018.9018039999999,6.413
2019.099804,6.567
2019.2978039999998,6.577
2019.495804,6.63
2019.6939539999998,6.424
2019.8931539999999,6.463
2020.090054,6.296
2020.2878039999998,6.393
2020.485804,5.9430000000000005
2020.6839539999999,6.088
2020.8834539999998,6.0280000000000005
2021.080054,5.955
2021.2780539999999,5.865
2021.4758539999998,5.665
2021.673854,5.738
2021.873654,5.577
2022.0700539999998,5.433
2022.268054,5.396
2022.4658539999998,5.321
2022.664004,5.386
2022.8637039999999,5.3020000000000005
2023.060104,5.266
2023.258104,5.257
2023.4561039999999,5.367
2023.654004,5.493
2023.8520039999999,4.889
2024.050254,4.642
2024.248104,4.091
2024.446154,4.3950000000000005
2024.6440539999999,4.445
2024.842054,4.7330000000000005
2025.0403039999999,5.4990000000000006
2025.238304,5.823
2025.436154,6.0680000000000005
2025.634304,6.055
2025.832054,6.031
2026.030304,5.926
2026.228304,6.152
2026.4262039999999,6.077
2026.624304,6.519
2026.8221039999999,6.3180000000000005
2027.020304,6.333
2027.218304,6.321
2027.4163039999999,6.566
2027.614304,6.69
2027.812354,6.756
2028.010354,6.705
2028.208754,6.525
2028.406354,6.742
2028.6043539999998,6.985
2028.8025539999999,6.916
2029.197604,6.8340000000000005
2029.593654,7.009
2029.7916539999999,6.776
2029.9896039999999,7.056
2030.187604,7.1850000000000005
2030.385654,7.413
2030.584054,7.466
2030.7818539999998,7.529
2030.979654,7.699
2031.177904,8.155
2031.375654,8.189
2031.5736539999998,8.211
2031.771904,8.364
2031.969654,8.634
2032.167904,8.358
2032.3657039999998,8.402000000000001
2032.5643539999999,8.32
2032.761904,8.558
2032.9599039999998,8.621
2033.157954,8.476
2033.3559539999999,8.424
2033.554304,8.428
2033.751904,8.724
2033.9499039999998,8.907
2034.1479539999998,9.008000000000001
2034.345954,9.06
2034.543954,9.115
2034.742104,9.042
2034.939954,9.073
2035.1381039999999,8.984
2035.335954,8.969
2035.533954,8.971
2035.7326039999998,8.927
2035.929954,9.036
2036.128154,9.015
2036.326004,8.958
2036.5240039999999,8.88
2036.7238539999998,8.882
2036.9200039999998,8.855
2037.118154,8.866
2037.3161539999999,8.791
2037.5140039999999,8.719
2037.712454,8.804
2037.910054,8.832
2038.108204,8.641
2038.306204,8.661
2038.5042039999998,8.732
2038.703204,8.709
2038.9002039999998,8.479000000000001
2039.098204,8.474
2039.297854,8.506
2039.4942039999999,8.617
2039.6922539999998,8.656
2039.890254,8.573
2040.088254,8.61
2040.286204,8.432
2040.484254,8.473
2040.682404,8.382
2040.880254,8.361
2041.078454,8.135
2041.2762539999999,8.103
2041.474354,8.108
2041.672404,7.8950000000000005
2041.870254,7.847
2042.0685039999998,7.658
2042.266504,7.347
2042.4644039999998,7.214
2042.662504,6.8340000000000005
2042.8606539999998,6.503
2043.0585039999999,6.1690000000000005
2043.2565539999998,5.714
2043.454454,5.553
2043.653304,5.309
2043.850454,5.385
2044.0485039999999,5.208
2044.2465539999998,5.007
2044.444654,4.809
2044.6424539999998,4.36
2044.840704,4.392
2045.0387039999998,4.271
2045.2365539999998,4.335
2045.434704,3.993
2045.632504,4.04
2045.830704,4.347
2046.0287039999998,4.448
2046.2267539999998,4.613
2046.424704,4.57
2046.622754,4.939
2046.8205039999998,4.9750000000000005
2047.018754,4.94
2047.2167539999998,4.759
2047.414754,4.78
2047.612754,4.65
2047.8107539999999,4.496
2048.008754,4.697
2048.206754,4.632
2048.404904,4.453
2048.602804,4.402
2048.9980539999997,4.1290000000000004
2049.196054,4.135
2049.394054,4.181
2049.5920539999997,4.089
2049.790054,4.035
2049.989904,3.927
2050.186054,3.853
2050.384054,3.759
2050.5837539999998,3.408
2050.780054,3.716
2050.9783039999998,3.492
2051.176104,3.592
2051.374104,3.543
2051.572304,3.481
2051.770304,3.6710000000000003
2051.968304,3.807
2052.166304,4.033
2052.3641039999998,4.221
2052.562104,4.288
2052.760304,4.358
2052.958154,4.546
2053.1563539999997,4.626
2053.354154,4.872
2053.552354,5.104
2053.750354,5.0280000000000005
2053.948504,5.328
2054.146354,5.383
2054.344354,5.392
2054.542404,5.477
2054.740354,5.4830000000000005
2054.938404,5.652
2055.136404,5.522
2055.3344039999997,5.6000000000000005
2055.534104,5.6240000000000006
2055.730404,5.564
2055.928554,5.5760000000000005
2056.126554,5.596
2056.324404,5.489
2056.522604,5.573
2056.7204039999997,5.319
2056.918604,5.316
2057.116604,5.212
2057.3144039999997,5.149
2057.512604,5.05
2057.710604,4.8870000000000005
2057.9086039999997,4.972
2058.106604,4.892
2058.305354,4.832
2058.502604,4.8340000000000005
2058.700604,4.7250000000000005
2058.898604,4.63
2059.096604,4.632
2059.294654,4.471
2059.494504,4.385
2059.690654,4.314
2059.888854,4.293
2060.0866539999997,4.271
2060.284654,4.189
2060.4828039999998,4.105
2060.680654,4.163
2060.8798039999997,4.183
2061.076654,4.1370000000000005
2061.274704,4.066
2061.472804,4.118
2061.670854,3.9610000000000003
2061.868904,4.13
2062.066954,4.16
2062.2647039999997,3.964
2062.462854,3.983
2062.6608539999997,4.131
2062.8589039999997,4.223
2063.056954,4.307
2063.254754,4.4590000000000005
2063.4529039999998,4.48
2063.650904,4.696
2063.849104,4.984
2064.046954,5.008
2064.244954,5.082
2064.4439039999997,5.26
2064.6408539999998,5.281
2064.8391039999997,5.235
2065.037004,5.283
2065.235004,5.265
2065.434804,5.2780000000000005
2065.630904,5.406
2065.829154,5.251
2066.027154,5.253
2066.225004,5.242
2066.423154,5.338
2066.620904,5.3340000000000005
2066.820304,5.431
2067.0172039999998,5.289
2067.215154,5.283
2067.413204,5.3790000000000004
2067.611204,5.391
2067.809154,5.365
2068.007204,5.385
2068.2051539999998,5.367
2068.600454,5.375
2068.7984539999998,5.178
2068.996454,5.355
2069.194454,5.301
2069.392704,5.3
2069.5904539999997,5.277
2069.788504,5.1850000000000005
2069.986504,5.197
2070.184504,5.001
2070.383804,5.005
2070.580504,4.76
2070.778504,4.849
2070.9767039999997,4.744
2071.174504,4.601
2071.372754,4.5920000000000005
2071.570754,4.4750000000000005
2071.768504,4.331
2071.966754,4.091
2072.164504,4.09
2072.3625039999997,3.969
2072.560754,3.9370000000000003
2072.758754,3.7720000000000002
2072.956754,3.616
2073.1547539999997,3.571
2073.352554,3.503
2073.550804,3.337
2073.7489539999997,3.194
2073.9468039999997,3.198
2074.144804,3.317
2074.342804,3.287
2074.5408039999998,3.323
2074.738804,3.3040000000000003
2074.936804,3.1390000000000002
2075.134854,3.154
2075.334554,3.246
2075.530804,3.133
2075.728804,3.1950000000000003
2075.926954,3.133
2076.124804,3.176
2076.322854,3.19
2076.520854,3.168
2076.719004,3.142
2076.917004,3.204
2077.1150039999998,2.984
2077.313004,3.097
2077.511004,3.028
2077.709004,3.0380000000000003
2077.9070039999997,3.0300000000000002
2078.105704,2.954
2078.302904,2.928
2078.501054,2.854
2078.6990539999997,2.829
2078.897054,2.706
2079.095054,2.644
2079.2930539999998,2.66
2079.491054,2.548
2079.689254,2.391
2079.887054,2.439
2080.085104,2.488
2080.283254,2.614
2080.482854,2.7720000000000002
2080.679104,2.871
2080.877304,3.125
2081.075104,3.205
2081.273204,3.232
2081.471254,3.202
2081.669104,3.1470000000000002
2081.867354,3.071
2082.065104,3.145
2082.263304,3.0060000000000002
2082.461254,2.945
2082.6595039999997,2.9090000000000003
2082.8573539999998,3.0020000000000002
2083.055354,2.969
2083.254854,3.073
2083.4513039999997,3.004
2083.649304,2.894
2083.847404,2.927
2084.045404,2.841
2084.243154,2.8890000000000002
2084.441304,2.859
2084.639554,2.961
2084.837504,2.823
2085.0354039999997,2.829
2085.233554,2.778
2085.431354,2.763
2085.629554,2.815
2085.827604,2.7960000000000003
2086.026304,2.882
2086.223954,2.873
2086.421354,2.77
2086.619554,2.733
2086.8175539999997,2.67
2087.0156039999997,2.71
2087.213604,2.585
2087.411604,2.573
2087.6096039999998,2.351
2087.807604,2.198
2088.005604,1.922
2088.205304,1.848
2088.4016039999997,1.653
2088.796904,1.6480000000000001
2088.994854,1.7570000000000001
2089.192854,1.9000000000000001
2089.3908539999998,1.799
2089.5889039999997,1.706
2089.786904,1.719
2089.984904,1.6640000000000001
2090.182904,1.676
2090.3811539999997,1.434
2090.580504,1.5
2090.777154,1.135
2090.9749039999997,1.371
2091.172904,1.364
2091.371154,1.29
2091.568954,1.579
2091.767154,1.434
2091.964954,1.393
2092.164104,1.458
2092.361204,1.563
2092.559154,1.624
2092.757204,1.5090000000000001
2092.955204,1.395
2093.154354,1.325
2093.351204,1.351
2093.549204,0.9420000000000001
2093.747204,1.187
2093.945204,1.034
2094.143354,1.025
2094.341654,1.049
2094.5392039999997,0.9520000000000001
2094.737404,0.935
2094.935254,0.741
2095.133254,0.541
2095.3312539999997,0.261
2095.529804,0.052000000000000005
2095.7274039999998,0.177
2095.925404,0.063
2096.123454,0.058
2096.321404,0.052000000000000005
2096.519254,0.11800000000000001
2096.717454,0.15
2096.915454,0.213
2097.113454,0.281
2097.3114539999997,0.46900000000000003
2097.5093039999997,0.428
2097.707454,0.788
2097.9054539999997,0.438
2098.1042039999998,0.485
2098.301454,0.6960000000000001
2098.499454,0.49
2098.699004,0.496
2098.895504,0.403
2099.0936039999997,0.382
2099.291604,0.32
2099.489454,0.275
2099.687704,0.243
2099.885504,0.495
2100.083654,0.513
2100.283404,0.562
2100.479504,0.586
2100.677754,0.537
2100.875504,0.419
2101.073654,0.492
2101.271654,0.41400000000000003
2101.4695039999997,0.513
2101.667754,0.5750000000000001
2101.865754,0.47700000000000004
2102.063554,0.311
2102.261704,0.428
2102.459904,0.448
2102.657804,0.578
2102.8557539999997,0.421
2103.055254,0.53
2103.251704,0.401
2103.449904,0.41600000000000004
2103.647954,0.271
2103.845804,0.23500000000000001
2104.0439539999998,0.08700000000000001
2104.241754,0.266
2104.439754,0.181
2104.637954,0.453
2104.835854,0.556
2105.033954,0.637
2105.231754,0.635
2105.430004,0.584
2105.6280039999997,0.616
2105.826004,0.73
2106.025654,0.731
2106.2220039999997,0.582
2106.420004,0.622
2106.618004,0.546
2106.816004,0.704
2107.014004,0.6930000000000001
2107.212004,0.687
2107.4101539999997,0.672
2107.608054,0.72
2107.806054,0.526
2108.0041539999997,0.43
2108.203704,0.321
2108.597304,0.241
2108.7953039999998,0.14100000000000001
2108.993304,0.082
2109.191304,0.139
2109.389304,0.251
2109.587304,0.222
2109.785354,0.364
2109.983354,0.328
2110.181554,0.392
2110.379504,0.41100000000000003
2110.577604,0.392
2110.775354,0.42
2110.9733539999997,0.395
2111.171554,0.865
2111.369554,0.5740000000000001
2111.5675539999997,0.55
2111.7656039999997,0.655
2111.963354,0.649
2112.161604,0.367
2112.3596039999998,0.487
2112.557354,0.531
2112.755604,0.727
2112.9533539999998,0.88
2113.1516039999997,0.56
2113.349604,0.534
2113.547804,0.384
2113.745654,0.599
2113.9436539999997,0.7020000000000001
2114.1433039999997,0.924
2114.339654,0.661
2114.537804,0.71
2114.735654,0.628
2114.9340039999997,0.389
2115.131654,0.454
2115.329654,0.436
2115.527854,0.6900000000000001
2115.725854,0.741
2115.923704,0.713
2116.121854,0.726
2116.319654,0.765
2116.517804,0.796
2116.715854,0.629
2116.913704,0.718
2117.1118539999998,0.9380000000000001
2117.309854,0.687
2117.507854,0.587
2117.705854,0.653
2117.9038539999997,0.806
2118.101854,0.859
2118.299854,0.968
2118.497904,0.8190000000000001
2118.6959039999997,0.8180000000000001
2118.893904,0.645
2119.0920539999997,0.8130000000000001
2119.2899039999998,0.679
2119.488154,0.708
2119.685904,0.743
2119.883904,0.904
2120.082054,0.747
2120.279904,0.775
2120.478154,0.833
2120.675954,0.923
2120.8739539999997,0.8250000000000001
2121.072104,0.86
2121.2701039999997,0.9
2121.4681539999997,0.909
2121.666154,0.963
2121.865554,0.855
2122.062104,0.885
2122.260104,1.0230000000000001
2122.458454,0.9450000000000001
2122.656204,1.0110000000000001
2122.8542039999998,1.109
2123.053404,1.038
2123.2501039999997,0.932
2123.448354,0.877
2123.646204,0.969
2123.844204,0.8260000000000001
2124.0421539999998,0.985
2124.240154,0.9480000000000001
2124.438354,1.066
2124.636404,0.999
2124.834254,1.043
2125.032404,0.994
2125.230154,1.172
2125.428404,0.898
2125.626404,0.987
2125.824254,1.1420000000000001
2126.024054,0.848
2126.2202039999997,0.802
2126.418454,0.836
2126.616404,0.85
2126.8144039999997,0.884
2127.012404,0.8150000000000001
2127.210404,0.784
2127.408404,0.649
2127.6064539999998,0.905
2127.804454,0.708
2128.199704,0.926
2128.595704,0.56
2128.7937039999997,0.735
2128.993404,0.521
2129.189754,0.666
2129.387954,0.745
2129.5857539999997,0.8
2129.783754,0.915
2129.981954,0.8200000000000001
2130.179754,0.721
2130.377754,0.714
2130.576004,0.858
2130.773754,0.922
2130.9717539999997,0.664
2131.170004,0.971
2131.368454,0.867
2131.566004,1.086
2131.763754,1.169
2131.9636539999997,1.221
2132.160004,1.306
2132.3578039999998,1.226
2132.5560539999997,1.115
2132.754054,1.17
2132.951804,1.321
2133.150004,1.413
2133.348004,1.306
2133.546054,1.346
2133.744054,1.314
2133.9418539999997,1.2550000000000001
2134.140054,1.312
2134.338554,1.414
2134.536204,1.211
2134.734054,1.281
2134.9322039999997,1.135
2135.1300539999997,1.22
2135.328254,1.205
2135.526254,1.2670000000000001
2135.724104,1.43
2135.922254,1.243
2136.120104,1.446
2136.318254,1.2650000000000001
2136.516254,1.181
2136.714254,1.249
2136.912254,1.289
2137.1102539999997,1.188
2137.309404,1.079
2137.506304,1.131
2137.704304,1.157
2137.904004,1.058
2138.100304,0.9380000000000001
2138.298504,1.032
2138.496304,0.982
2138.694304,0.859
2138.892354,0.7020000000000001
2139.090304,0.733
2139.2885539999997,0.79
2139.486354,0.8190000000000001
2139.684354,1.01
2139.882354,0.67
2140.080454,0.984
2140.278554,0.894
2140.476554,0.838
2140.6743539999998,0.844
2140.874104,0.801
2141.070504,0.747
2141.268604,0.873
2141.4666039999997,0.759
2141.664354,0.864
2141.862354,0.849
2142.060504,0.748
2142.258754,0.777
2142.456604,1.0090000000000001
2142.655104,1.002
2142.8524039999998,0.9470000000000001
2143.050554,0.916
2143.248804,1.027
2143.4466039999998,1.083
2143.644604,1.096
2143.844254,0.733
2144.040604,0.5720000000000001
2144.238804,0.583
2144.438454,0.589
2144.634654,0.887
2144.832804,0.61
2145.030604,1.058
2145.230454,1.163
2145.4268039999997,1.125
2145.6246539999997,1.095
2145.824404,0.999
2146.0208039999998,0.9420000000000001
2146.2188539999997,0.928
2146.416854,0.712
2146.614854,0.654
2146.812854,0.656
2147.010854,0.517
2147.209004,0.323
2147.406854,0.309
2147.6048539999997,0.234
2148.0001039999997,0.249
2148.198104,0.23800000000000002
2148.396104,0.383
2148.594104,0.242
2148.7921539999998,0.343
2148.990154,0.281
2149.188154,0.6
2149.386404,0.452
2149.584154,0.649
2149.782154,0.7000000000000001
2149.980404,0.55
2150.1781539999997,0.5640000000000001
2150.376404,0.635
2150.574154,0.5750000000000001
2150.772204,0.488
2150.9704039999997,0.508
2151.168204,0.685
2151.366404,0.597
2151.5644039999997,0.511
2151.762204,0.533
2151.960404,0.728
2152.158404,0.715
2152.3564539999998,0.789
2152.554454,0.586
2152.752254,0.435
2152.950454,0.243
2153.148454,0.301
2153.346454,0.17400000000000002
2153.5450539999997,0.22
2153.7424539999997,0.242
2153.940454,0.53
2154.138454,0.434
2154.3366539999997,0.494
2154.5345039999997,0.313
2154.7341539999998,0.316
2154.930504,0.25
2155.128504,0.28300000000000003
2155.326654,0.304
2155.524654,0.421
2155.722504,0.41400000000000003
2155.920654,0.36
2156.118504,0.432
2156.317954,0.161
2156.5147039999997,0.242
2156.712504,0.396
2156.910704,0.20500000000000002
2157.108554,0.249
2157.306704,0.152
2157.504704,0.136
2157.702704,0.28700000000000003
2157.9007039999997,0.151
2158.098954,0.17300000000000001
2158.296704,0.217
2158.4947039999997,0.168
2158.692704,0.19
2158.890704,0.23800000000000002
2159.088954,0.378
2159.2869539999997,0.139
2159.485654,0.132
2159.682754,0.085
2159.880904,0.105
2160.0790039999997,0.08700000000000001
2160.277004,0.069
2160.474754,0.056
2160.672804,0.019
2160.870904,0.063
2161.0689039999997,0.073
2161.267004,0.083
2161.4650039999997,0.058
2161.662954,0.147
2161.8609539999998,0.049
2162.059404,0.109
2162.257004,0.006
2162.455004,0.105
2162.652804,0.03
2162.850954,0.121
2163.049204,0.075
2163.247204,0.066
2163.445054,0.166
2163.643054,0.109
2163.840954,0.038
2164.0392039999997,0.098
2164.237204,0.155
2164.4351039999997,0.115
2164.6332039999998,0.05
2164.831004,0.07200000000000001
2165.029254,0.075
2165.227254,0.139
2165.4252539999998,0.03
2165.623254,0.08
2165.821254,0.066
2166.019254,0.10300000000000001
2166.2172539999997,0.11800000000000001
2166.415254,0.293
2166.613254,0.168
2166.811404,0.128
2167.009454,0.096
2167.207304,0.08700000000000001
2167.406604,0.035
2167.800554,0.178
2168.1968039999997,0.133
2168.394554,0.177
2168.592554,0.067
2168.7905539999997,0.10400000000000001
2168.988554,0.109
2169.186804,0.088
2169.3845539999998,0.032
2169.5826039999997,0.262
2169.780804,0.31
2169.978604,0.20500000000000002
2170.1768039999997,0.026000000000000002
2170.374554,0.091
2170.572604,0.199
2170.7708039999998,0.151
2170.968804,0.218
2171.166854,0.076
2171.364854,0.126
2171.5626039999997,0.039
2171.760604,0.108
2171.958854,0.074
2172.156854,0.299
2172.3548539999997,0.117
2172.552854,0.074
2172.750854,0.06
2172.9488539999998,0.073
2173.147054,0.046
2173.344904,0.075
2173.542904,0.069
2173.741604,0.043000000000000003
2173.938854,0.013000000000000001
2174.137054,0.035
2174.3364039999997,0.041
2174.5329039999997,0.023
2174.730904,0.024
2174.928904,0.08
2175.1271039999997,0.109
2175.325054,0.055
2175.522904,0.123
2175.721054,0.112
2175.918904,0.066
2176.117104,0.089
2176.315104,0.106
