timestamps,Speed
s,m/s
0.0,12.381
0.0008,12.381
0.000801,12.381
0.000802,12.381
0.000803,12.381
0.000804,12.381
0.19875,12.351158894472407
0.199799999,12.351000603015006
0.199800999,12.351000452261186
0.199802,12.35100030150764
0.199803,12.35100015075382
0.199804,12.351
0.20245,12.352247543726628
0.396,12.443503057034938
0.39705,12.44399811406866
0.397051,12.44399858555171
0.397052,12.44399905703476
0.397053,12.443999528517809
0.397054,12.444
0.594,12.418118797068546
0.5949,12.418000525650683
0.594901,12.418000394237955
0.594902,12.418000262825224
0.594903,12.418000131412732
0.594903999,12.418
0.79305,12.422974792869702
0.79405,12.422999899573195
0.794051,12.42299992467991
0.794052,12.422999949786576
0.794053,12.422999974893289
0.794054,12.423
0.99,12.490636182741016
0.99105,12.4909986192895
0.991051,12.490998964466652
0.991052,12.490999309644437
0.991053,12.490999654822218
0.991054,12.491
1.18805,12.523832666666712
1.18905,12.523999333333412
1.189051,12.523999499999832
1.189052,12.523999666666557
1.189053,12.523999833333278
1.189054,12.524
1.19175,12.52295155555573
1.38605,12.44739044444505
1.38705,12.447001555556083
1.387051,12.447001166667064
1.387052,12.447000777778042
1.387053,12.44700038888902
1.387054,12.447
1.58405,12.42909127272725
1.58505,12.42900036363632
1.585050999,12.4290002727272
1.585052,12.42900018181808
1.585053,12.429000090908955
1.585054,12.429
1.78205,12.40612240343351
1.7831,12.406000464529106
1.783101,12.406000348396988
1.783102,12.40600023226466
1.783103,12.40600011613233
1.783104,12.406
1.98005,12.547279777721831
1.98105,12.547997130588866
1.981051,12.547997847941977
1.981052,12.54799856529378
1.981053,12.54799928264689
1.981054,12.548
2.17805,12.510154459049415
2.17885,12.510000768452894
2.178851,12.510000576339582
2.178852,12.510000384226622
2.178853,12.51000019211331
2.178854,12.51
2.18175,12.510101818181816
2.3769,12.51696294324459
2.37795,12.516999859367168
2.377951,12.516999894525393
2.377952,12.516999929683616
2.377953,12.516999964841776
2.377954,12.517
2.57405,12.431438072045326
2.57505,12.431001745307542
2.575051,12.431001308980656
2.575051999,12.431000872653772
2.575053,12.431000436326888
2.575054,12.431
2.77205,12.362349878787793
2.77305,12.362001393939233
2.773051,12.362001045454264
2.773052,12.362000696969298
2.773053,12.362000348484331
2.773054,12.362
2.97005,12.469425236051343
2.9711,12.469997818732898
2.971101,12.46999836404893
2.971102,12.469998909365954
2.971103,12.469999454682975
2.971104,12.47
3.1681,12.439180539994888
3.3674,12.408000625788755
3.367401,12.408000469341566
3.367402,12.408000312894377
3.367403,12.408000156447187
3.367404,12.408
3.37015,12.409882254379369
3.3705,12.41012216298454
3.56435,12.542997258187675
3.564351,12.542997943639822
3.564352,12.542998629093216
3.564353,12.542999314546607
3.564354,12.543
3.56735,12.543090787878766
3.76235,12.548999878787836
3.762351,12.548999909090876
3.762352,12.548999939393918
3.762353,12.54899996969696
3.762354,12.549
3.76535,12.55046773737337
3.96035,12.645998040403375
3.960351,12.645998530302531
3.960352,12.645999020201687
3.960353,12.645999510100845
3.960354,12.646
3.96335,12.64718024242396
4.15835,12.723998424242607
4.158351,12.723998818182135
4.158352,12.723999212121662
4.158353,12.72399960606119
4.158354,12.724
4.16135,12.724832012118448
4.3564,12.77899888916953
4.356401,12.778999166876767
4.356402,12.778999444584512
4.356403,12.778999722292255
4.356404,12.779
4.35915,12.780941616161694
4.3595,12.781189090909349
4.5544,12.918997171716216
4.554401,12.91899787878716
4.554402,12.918998585858107
4.554403,12.918999292929056
4.554404,12.919
4.5593,12.91595854545432
4.7524,12.796002484849328
4.752401,12.796001863636995
4.752402,12.796001242424664
4.752403,12.796000621212333
4.752404,12.796
4.75535,12.794260938446772
4.9506,12.679002361250989
4.950601,12.679001770937973
4.950602,12.679001180624956
4.950603,12.679000590313017
4.950604,12.679
4.95335,12.678667319535574
5.1487,12.65500048460368
5.148701,12.655000363452706
5.148702,12.65500024230173
5.148703,12.655000121150756
5.148704,12.655
5.1517,12.655409165402272
5.3464,12.681999453717818
5.346401,12.681999590288424
5.346402,12.681999726858786
5.346403,12.681999863429391
5.346404,12.682
5.3494,12.681258565656751
5.3495,12.68123381818173
5.5444,12.633000989898877
5.544401,12.633000742424494
5.544402,12.633000494949664
5.544403,12.633000247474833
5.544404,12.633
5.54925,12.633
5.7424,12.633
5.742401,12.633
5.742402,12.633
5.742403,12.633
5.742404,12.633
5.7454,12.63257632323243
5.9404,12.605000565656756
5.940401,12.605000424242569
5.940402,12.60500028282838
5.940403,12.60500014141419
5.940404,12.605
5.9434,12.604591454545552
6.138399999,12.57800054545448
6.138400999,12.5780004090908
6.138402,12.578000272727117
6.138403,12.578000136363434
6.138404,12.578
6.1414,12.57775820428743
6.33665,12.562000322824826
6.336651,12.562000242118618
6.336652,12.562000161412412
6.336653,12.562000080706206
6.336654,12.562
6.3394,12.566091262626465
6.339549999,12.566314747474726
6.53465,12.856994040404734
6.534651,12.856995530304228
6.534652,12.856997020203725
6.534653,12.856998510103216
6.534654,12.857
6.5374,12.855805785082133
6.7324,12.771001739569964
6.732401,12.771001304678066
6.732402,12.771000869785375
6.732403,12.77100043489269
6.732404,12.771
6.7354,12.771105785624188
6.93065,12.777999858764204
6.930651,12.777999894073169
6.930652,12.77799992938207
6.930653,12.777999964691036
6.930654,12.778
6.9334,12.776821161616114
7.12865,12.693001717171516
7.128651,12.693001287879223
7.128652,12.69300085858615
7.128653,12.693000429293074
7.128654,12.693
7.13145,12.69302824242425
7.32665,12.694999959595949
7.326650999,12.69499996969696
7.326652,12.694999979797974
7.326652999,12.694999989898989
7.326654,12.695
7.329399999,12.695610222222248
7.32955,12.695643555555549
7.52465,12.738999111110813
7.524651,12.738999333333108
7.524652,12.738999555555406
7.524653,12.738999777777703
7.524654,12.739
7.52745,12.739424064711658
7.72245,12.768999393326387
7.722451,12.76899954499479
7.722452,12.768999696663194
7.722453,12.768999848331596
7.722454,12.769
7.7274,12.766928768920645
7.92065,12.686001675075486
7.920651,12.686001256306424
7.920652,12.686000837537362
7.920653,12.686000418769062
7.920654,12.686
7.92345,12.685957647058814
8.1187,12.68300006059078
8.118701,12.683000045443086
8.118702,12.683000030295393
8.118703,12.683000015147694
8.118704,12.683
8.1214,12.681325212121488
8.3167,12.560002484849326
8.316701,12.560001863636996
8.316702,12.560001242424663
8.316703,12.560000621212332
8.316704,12.56
8.3214,12.560901480171756
8.32155,12.560930275322017
8.51465,12.597999232129066
8.514651,12.5979994240968
8.514652,12.597999616064534
8.514653,12.597999808032268
8.514654,12.598
8.51745,12.596178363637115
8.71265,12.469002606061489
8.712651,12.469001954546115
8.712652,12.469001303030744
8.712653,12.46900065151537
8.712654,12.469
8.7154,12.470303656564855
8.91065,12.562998101010322
8.910651,12.562998575757955
8.910652,12.562999050505594
8.910653,12.562999525253227
8.910654,12.563
8.91345,12.562025882352712
9.1087,12.494001393587316
9.108701,12.494001045190965
9.108702,12.494000696793975
9.108703,12.494000348396987
9.108704,12.494
9.11145,12.493805985364617
9.3062,12.480046207418717
9.30685,12.48000028261415
9.306851,12.480000211960707
9.306852,12.48000014130714
9.306853,12.480000070653569
9.306854,12.48
9.31165,12.480894415322446
9.50525,12.516999254032344
9.505251,12.516999440524344
9.505252,12.51699962701634
9.505253,12.516999813508
9.505254,12.517
9.508,12.515790063307112
9.7027,12.430001762471306
9.702701,12.43000132185328
9.702702,12.430000881235252
9.702703,12.430000440617226
9.702704,12.43
9.70545,12.429902919191916
9.9007,12.423000141414123
9.900701,12.423000106060575
9.900702,12.42300007070703
9.900703,12.423000035353548
9.900704,12.423
9.90345,12.421932111111069
10.0987,12.346001555555375
10.098701,12.346001166666356
10.098702,12.34600077777804
10.098703,12.34600038888902
10.098704,12.346
10.10145,12.34622173101187
10.29625,12.36195122886696
10.29685,12.361999677012404
10.296851,12.361999757759191
10.296852,12.361999838506128
10.296853,12.361999919253064
10.296854,12.362
10.29965,12.361830545454506
10.49425,12.350036606060652
10.49485,12.350000242424324
10.494851,12.350000181818244
10.494852,12.350000121212162
10.494853,12.350000060606082
10.494854,12.35
10.6927,12.394999090219969
10.692701,12.39499931766508
10.692702,12.39499954511019
10.692703,12.394999772555302
10.692704,12.395
10.6955,12.394012512613289
10.89025,12.325230978809104
10.8909,12.325001412714268
10.890901,12.32500105953554
10.890902,12.325000706357455
10.890903,12.325000353178728
10.890904,12.325
11.088749999,12.452997412181244
11.088751,12.452998059135052
11.088752,12.452998706090034
11.088752999,12.452999353045016
11.088754,12.453
11.0915,12.448329790562513
11.28625,12.117112278579054
11.2869,12.11600680292938
11.286901,12.116005102197034
11.286902,12.116003401464688
11.286903,12.116001700732344
11.286904,12.116
11.28965,12.116887595959632
11.48425,12.179788606060184
11.4849,12.179998707070268
11.484901,12.1799990303027
11.484902,12.179999353535134
11.484903,12.179999676767569
11.484904,12.18
11.68435,12.173000140386046
11.684351,12.173000105289518
11.684352,12.173000070192993
11.684353,12.173000035096464
11.684354,12.173
11.68715,12.171193375730937
11.88025,12.046422579495978
11.8809,12.046002584583777
11.880901,12.046001938437536
11.880902,12.0460012922913
11.880903,12.046000646146236
11.880904,12.046
12.07875,11.937002203689406
12.078751,11.937001652767806
12.078752,11.937001101845205
12.078753,11.9370005509226
12.078754,11.937
12.0835,11.931779878909635
12.27625,11.719774328960687
12.27695,11.719004399597855
12.276951,11.719003299698391
12.276952,11.719002199798927
12.276953,11.719001099899463
12.276954,11.719
12.2797,11.717598908816225
12.47425,11.618333690326509
12.4749,11.618002040920116
12.474901,11.618001530690089
12.474902,11.618001020460058
12.474903,11.61800051023003
12.474904,11.618
12.67225,11.632946680131278
12.67295,11.632999697046236
12.672951,11.632999772784713
12.672952,11.632999848523188
12.672953,11.632999924261526
12.672954,11.633
12.8703,11.72170603030326
12.87095,11.72199820202041
12.870951,11.721998651515513
12.870952,11.721999101009796
12.870953,11.721999550504895
12.870954,11.722
13.0683,11.66233378684778
13.0694,11.662001209372498
13.069401,11.662000907029237
13.069402,11.662000604686524
13.069403,11.662000302343262
13.069404,11.662
13.2663,11.581268154898028
13.26695,11.58100164009167
13.266951,11.581001230068754
13.266952,11.581000820045835
13.266953,11.581000410022916
13.266954,11.581
13.2697,11.580597808080787
13.4643,11.552095787878711
13.46495,11.552000585858517
13.464951,11.55200043939382
13.464952,11.552000292929126
13.464953,11.55200014646443
13.464954,11.552
13.6623,11.848019000000772
13.66295,11.848994000000696
13.662951,11.848995500001203
13.662952,11.848997000001711
13.662953,11.848998499999492
13.662954,11.849
13.8603,11.80713872727262
13.86095,11.80700084848475
13.860951,11.807000636363467
13.860952,11.807000424242569
13.860953,11.807000212121284
13.860954,11.807
14.0583,11.76115193939382
14.05895,11.76100092929282
14.058951,11.761000696969932
14.058952,11.761000464646624
14.058953,11.761000232323312
14.058954,11.761
14.2563,11.80778568474138
14.2572,11.807999051702506
14.257201,11.807999288776989
14.257202,11.807999525851468
14.257203,11.80799976292552
14.257204,11.808
14.25995,11.805972611883618
14.4543,11.662482852086928
14.45495,11.662002953224768
14.454951,11.662002214918576
14.454952,11.662001476612383
14.454953,11.662000738306192
14.454954,11.662
14.6523,11.634099530421617
14.653,11.634000565513691
14.653001,11.634000424135206
14.653002,11.634000282756976
14.653003,11.634000141378488
14.653004,11.634
14.85035,11.556296880362972
14.8511,11.55600157496196
14.851101,11.55600118122129
14.851102,11.556000787480622
14.851103,11.55600039374067
14.851104,11.556
15.04835,11.445366821627816
15.049,11.445002243558111
15.049001,11.445001682668584
15.049002,11.445001121779056
15.049003,11.445000560889529
15.049004,11.445
15.24635,11.360366246215898
15.2472,11.36000171543875
15.247201,11.360001286578868
15.247202,11.360000857718983
15.247203,11.360000428859102
15.247204,11.36
15.24995,11.363291034134123
15.44435,11.596276116307576
15.44495,11.596995206066644
15.444951,11.596996404549984
15.444952,11.596997603033325
15.444953,11.59699880151666
15.444954,11.597
15.64235,11.53620143398116
15.643,11.536001232011976
15.643001,11.53600092400884
15.643002,11.536000616005706
15.643003,11.536000308003134
15.643004,11.536
15.84035,11.59377924280702
15.8411,11.593998828874442
15.841101,11.593999121655964
15.841102,11.593999414437487
15.841103,11.593999707219009
15.841104,11.594
16.03835,11.816263052047072
16.039,11.816995492673591
16.039001,11.816996619503657
16.039002,11.81699774633577
16.039003,11.816998873167886
16.039004,11.817
16.23635,11.911566809583643
16.23725,11.91199808322847
16.237251,11.911998562421571
16.237252,11.911999041614672
16.237253,11.9119995208069
16.237254,11.912
16.2399,11.909220363635503
16.43435,11.704949656566123
16.43525,11.704004202019714
16.435251,11.704003151514309
16.435252,11.704002101010811
16.435253,11.704001050505406
16.435254,11.704
16.63235,11.745861097345244
16.633,11.745999150442575
16.633001,11.745999362832029
16.633002,11.745999575221482
16.633003,11.745999787610934
16.633004,11.746
16.8304,11.83266894776738
16.83115,11.832998243754936
16.831151,11.8329986828164
16.831152,11.832999121877869
16.831153,11.832999560938534
16.831154,11.833
17.0284,11.892771515151336
17.02915,11.892998787878929
17.029151,11.892999090909337
17.029152,11.89299939393919
17.029153,11.892999696969596
17.029154,11.893
17.2271,11.739700105607586
17.228,11.739003097813471
17.228001,11.739002323360104
17.228002,11.739001548906735
17.228003,11.739000774453368
17.228004,11.739
17.23065,11.738637809886066
17.42435,11.712123741444929
17.42525,11.712000547528453
17.425251,11.712000410646278
17.425252,11.712000273764351
17.425253,11.712000136882176
17.425254,11.712
17.62235,11.730932376137508
17.62305,11.730999615773554
17.623051,11.730999711830208
17.623052,11.730999807886864
17.623053,11.730999903943344
17.623054,11.731
17.8204,11.803722150429524
17.82115,11.803998525997144
17.821151,11.803998894498024
17.821152,11.803999262998907
17.821153,11.803999631499789
17.821154,11.804
18.0184,11.741255753597365
18.0192,11.74100127240581
18.019201,11.741000954304791
18.019202,11.741000636203196
18.019203,11.741000318101596
18.019204,11.741
18.2179,11.869319319148746
18.21895,11.869997416771264
18.218951,11.869998062578745
18.218952,11.869998708385046
18.218953,11.869999354192524
18.218954,11.87
18.2216,11.870916830573533
18.41455,11.937773391082352
18.4152,11.93799861401227
18.415201,11.937998960509203
18.415202,11.937999307006136
18.415203,11.937999653503068
18.415204,11.938
18.6124,11.94993620176543
18.61345,11.949999757881493
18.613451,11.949999818411037
18.613452,11.949999878940693
18.613453,11.949999939470349
18.613454,11.95
18.8104,11.814552940581086
18.8112,11.814002750947846
18.811201,11.814002063210571
18.811202,11.814001375473298
18.811203,11.814000687737275
18.811204,11.814
19.0084,11.870768545454736
19.0092,11.870998848484982
19.009201,11.870999136363867
19.009202,11.87099942424223
19.009203,11.870999712121115
19.009204,11.871
19.2064,11.975468113016332
19.2074,11.975997880927638
19.207401,11.975998410695729
19.207402,11.97599894046382
19.207403,11.97599947023191
19.207404,11.976
19.2121,11.978111894896406
19.4044,12.064593451237796
19.4053,12.064998201111882
19.405301,12.064998650834116
19.405302,12.064999100555532
19.405303,12.064999550277763
19.405304,12.065
19.6024,12.073958909090887
19.6033,12.07399981818184
19.603301,12.073999863636317
19.603301999,12.073999909090878
19.603303,12.07399995454544
19.603304,12.074
19.80045,12.150706629611388
19.8012,12.150998443658594
19.801201,12.150998832744122
19.801202,12.15099922182965
19.801203,12.150999610914472
19.801204,12.151
19.99845,12.213744246402058
19.99925,12.21399872759419
19.999251,12.213999045695209
19.999252,12.213999363796804
19.999253,12.213999681898404
19.999254,12.214
20.19645,12.139379919273363
20.19745,12.139001513622429
20.197451,12.139001135216647
20.197452,12.139000756810873
20.197453,12.139000378405091
20.197454,12.139
20.2002,12.140017291614551
20.39445,12.211979744680487
20.3972,12.212998518147185
20.397201,12.212998888610388
20.397202,12.212999259073593
20.397203,12.212999629536796
20.397204,12.213
20.59245,12.151270005099406
20.5933,12.15100126466074
20.593301,12.151000948495412
20.593301999,12.151000632330655
20.593303,12.151000316165328
20.593304,12.151
20.79045,12.243528781226466
20.79145,12.243998122634586
20.791451,12.243998591975298
20.791452,12.243999061316869
20.791453,12.243999530658431
20.791454,12.244
20.98845,12.11664905050488
20.98945,12.11600258585946
20.989451,12.116001939394597
20.989452,12.116001292929733
20.989453,12.116000646464864
20.989454,12.116
21.18645,12.147829699570767
21.1875,12.147999353698635
21.187501,12.14799951527405
21.187502,12.147999676849464
21.187503,12.147999838424584
21.187504,12.148
21.1902,12.14772767676772
21.38445,12.128106464646494
21.3855,12.128000404040357
21.385501,12.12800030303022
21.385502,12.12800020202027
21.385503,12.128000101010135
21.385504,12.128
21.58245,12.27631920141488
21.58335,12.276996987617231
21.583351,12.276997740711897
21.583352,12.276998493807932
21.583352999,12.276999246903966
21.583354,12.277
21.7805,12.242177340398642
21.7815,12.242000706535691
21.781501,12.24200052990177
21.781502,12.242000353267846
21.781503,12.242000176633924
21.781504,12.242
21.9785,12.261898585858429
21.9795,12.26199959595946
21.979501,12.261999696969594
21.979502,12.26199979797973
21.979503,12.261999898989863
21.979504,12.262
22.17775,12.316709131962284
22.1788,12.316998896136608
22.178801,12.31699917210258
22.178802,12.316999448068554
22.178803,12.316999724034527
22.178804,12.317
22.18145,12.319138861210623
22.3745,12.475188429080031
22.3755,12.475996766650097
22.375501,12.47599757498794
22.375502,12.475998383325784
22.375503,12.475999191662158
22.375504,12.476
22.57245,12.296958181818448
22.573499999,12.296003636363212
22.573501,12.296002727271995
22.573502,12.296001818182432
22.573503,12.296000909091216
22.573504,12.296
22.7705,12.325847878787918
22.7715,12.325999393939464
22.771501,12.325999545454392
22.771502,12.325999696969594
22.771503,12.325999848484798
22.771504,12.326
22.9685,12.427405965178108
22.96965,12.427997940953126
22.969651,12.427998455714846
22.969652,12.427998970476564
22.969653,12.427999485238283
22.969654,12.428
23.1665,12.421024945583431
23.36475,12.414000141736253
23.364751,12.414000106302238
23.364752,12.41400007086816
23.364753,12.414000035434078
23.364754,12.414
23.36925,12.41504452525242
23.3696,12.415125838383794
23.56275,12.459999070706758
23.562751,12.459999303030068
23.562752,12.45999953535338
23.562753,12.45999976767669
23.562754,12.46
23.5657,12.459003121212564
23.76075,12.393001353535812
23.760751,12.39300101515186
23.760752,12.393000676767906
23.760753,12.393000338383954
23.760754,12.393
23.7637,12.3927483316584
23.95975,12.376000341708504
23.959751,12.37600025628134
23.959752,12.376000170854171
23.959753,12.376000085427163
23.959754,12.376
23.96265,12.377659051964482
24.157,12.488997708490986
24.157001,12.48899828136824
24.157002,12.488998854245494
24.157003,12.488999427122748
24.157004,12.489
24.1597,12.49179413548994
24.3548,12.69399585439698
24.354801,12.693996890797736
24.354802,12.69399792719849
24.354803,12.693998963599244
24.354804,12.694
24.35935,12.69232394949491
24.35975,12.692176474747807
24.5528,12.621001474747974
24.552801,12.62100110606098
24.552802,12.621000737373988
24.552803,12.621000368686994
24.552804,12.621
24.5576,12.619354965952333
24.75105,12.553001372004886
24.751051,12.553001029004133
24.751052,12.553000686002756
24.751053,12.553000343001376
24.751054,12.553
24.7537,12.552424637168356
24.9488,12.510000869784982
24.948801,12.510000652338636
24.948802,12.510000434892293
24.948803,12.510000217446343
24.948804,12.51
24.9517,12.509535827698478
25.14845,12.47800064112189
25.148451,12.478000480841636
25.148452,12.47800032056109
25.148453,12.478000160280544
25.148454,12.478
25.1514,12.475734423223436
25.3448,12.327003076139189
25.344801,12.327002307105442
25.344802,12.327001538070292
25.344803,12.327000769035148
25.344804,12.327
25.34755,12.326112404040368
25.34795,12.325983111111402
25.5428,12.263001292929731
25.542801,12.263000969697298
25.542802,12.263000646464866
25.542803,12.263000323232433
25.542804,12.263
25.5458,12.263211731448711
25.7409,12.27699971731452
25.740901,12.276999787985796
25.740902,12.276999858657195
25.740903,12.2769999293286
25.740904,12.277
25.7439,12.275094897805168
25.93905,12.151002543527335
25.939051,12.151001907646368
25.939052,12.151001271764246
25.939053,12.151000635882122
25.939054,12.151
25.9418,12.151305111111125
26.13705,12.172999555555403
26.137051,12.172999666666554
26.137052,12.172999777777704
26.137052999,12.172999888888851
26.137053999,12.173
26.1417,12.17731749494898
26.335049999,12.356996282828716
26.335051,12.35699721212196
26.335051999,12.356998141415204
26.335053,12.356999070708447
26.335053999,12.357
26.3378,12.357027765419618
26.33795,12.357029282103134
26.53285,12.358999959555112
26.532851,12.358999969666336
26.532852,12.358999979777565
26.532853,12.358999989888792
26.532854,12.359
26.5358,12.35822708375365
26.73105,12.307001049444883
26.731051,12.307000787083544
26.731052,12.30700052472268
26.731053,12.30700026236134
26.731054,12.307
26.7338,12.30773504040407
26.92905,12.359998929293052
26.929051,12.359999196969424
26.929052,12.359999464646284
26.929053,12.35999973232314
26.929054,12.36
26.9318,12.359417515151492
27.12705,12.318000848485136
27.127051,12.318000636363852
27.127052,12.318000424242568
27.127053,12.318000212121284
27.127054,12.318
27.12985,12.318042363636346
27.32505,12.320999939393918
27.325051,12.32099995454544
27.325052,12.32099996969696
27.325053,12.32099998484848
27.325054,12.321
27.32975,12.319765460060674
27.329899999,12.319726026289228
27.52285,12.269001051567596
27.522851,12.269000788675696
27.522852,12.269000525783795
27.522853,12.2690002628919
27.522854,12.269
27.52585,12.268939551071892
27.7211,12.26500008070617
27.721101,12.265000060529657
27.721102,12.265000040353105
27.721103,12.265000020176553
27.721104,12.265
27.72385,12.267334963522115
27.91985,12.433996598742535
27.919851,12.433997449057289
27.919852,12.433998299370495
27.919853,12.433999149685247
27.919854,12.434
27.9226,12.434500790273576
28.1166,12.469880729483046
28.11725,12.469999270516473
28.117251,12.469999452887354
28.117252,12.469999635258237
28.117253,12.469999817629118
28.117254,12.47
28.3151,12.478999818043995
28.315101,12.478999863533016
28.315102,12.47899990902204
28.315103,12.478999954511062
28.315104,12.479
28.3198,12.473971959596003
28.31995,12.47381135353556
28.5131,12.267004282827784
28.513101,12.26700321212035
28.513102,12.267002141412918
28.513103,12.267001070707432
28.513104,12.267
28.51585,12.267041648129425
28.7109,12.269999939332664
28.710901,12.269999954499506
28.710902,12.269999969666346
28.710903,12.26999998483316
28.710904,12.27
28.71385,12.268717207206985
28.9107,12.183001741741538
28.910701,12.183001306305956
28.910702,12.183000870871163
28.910703,12.183000435435584
28.910704,12.183
28.91355,12.18124839267584
29.1066,12.06243328585964
29.1073,12.062002461851188
29.107301,12.062001846388112
29.107302,12.062001230925034
29.107303,12.062000615461956
29.107304,12.062
29.3051,11.962002022244455
29.305101,11.962001516683111
29.305102,11.962001011121767
29.305103,11.962000505560423
29.305104,11.962
29.30985,11.962215672809918
29.3101,11.962227033577443
29.50315,11.97099981822774
29.503151,11.970999863670826
29.503152,11.970999909113829
29.503153,11.970999954556914
29.503154,11.971
29.50795,11.972089999999833
29.70115,12.015999090909196
29.701151,12.015999318181589
29.701152,12.015999545454392
29.701153,12.015999772727197
29.701154,12.016
29.7039,12.015708757575746
29.89915,11.99500042424257
29.899151,11.995000318181926
29.899152,11.995000212121283
29.899153,11.995000106060642
29.899154,11.995
29.9019,11.993725046681757
30.09665,11.903303648751551
30.0973,11.903001857179534
30.097301,11.90300139288465
30.097302,11.903000928589767
30.097303,11.903000464294884
30.097304,11.903
30.29465,11.834227909090732
30.2953,11.834001393939232
30.295301,11.834001045454263
30.295302,11.834000696969298
30.295303,11.834000348484333
30.295304,11.834
30.29815,11.836574849634664
30.49315,12.012996381097212
30.493151,12.01299728582332
30.493152,12.012998190547783
30.493153,12.01299909527389
30.493154,12.013
30.496,12.011262094373311
30.69065,11.892399364117775
30.6913,11.89200244259371
30.691301,11.892001831945004
30.691302,11.89200122129741
30.691303,11.892000610648704
30.691304,11.892
30.88915,11.810001657822143
30.889151,11.810001243366608
30.889152,11.810000828911072
30.889153,11.810000414455535
30.889154,11.81
30.892,11.808686900702376
31.08855,11.718001845536396
31.088551,11.718001384152087
31.088551999,11.718000922768615
31.088553,11.718000461384309
31.088554,11.718
31.088749999,11.717848579414827
31.28465,11.566505250317269
31.2853,11.566003090215652
31.285301,11.566002317661388
31.285302,11.566001545107124
31.285303,11.56600077255286
31.285304,11.566
31.28815,11.568543509215932
31.48265,11.74237082554907
31.48335,11.74299642514558
31.483351,11.742997318859592
31.483352,11.742998212571978
31.483353,11.742999106285987
31.483354,11.743
31.6812,11.646001961082291
31.681201,11.64600147081172
31.681202,11.646000980541146
31.681203,11.646000490270572
31.681204,11.646
31.6814,11.645993075952596
31.8787,11.639023103709356
31.87935,11.63900014130714
31.879351,11.639000105980356
31.879352,11.63900007065357
31.879353,11.639000035326786
31.879354,11.639
32.0767,11.520393060605754
32.07735,11.520002404040124
32.077351,11.52000180302982
32.077352,11.520001202019516
32.077353,11.52000060100921
32.077354,11.52
32.2747,11.549900909090988
32.27535,11.549999393939466
32.275351,11.549999545454668
32.275352,11.54999969696987
32.275353,11.5499998484848
32.275354,11.55
32.278,11.549198181817934
32.4727,11.490198181818023
32.47335,11.490001212121072
32.473351,11.490000909090666
32.473352,11.49000060606081
32.473353,11.490000303030406
32.473354,11.49
32.6707,11.610600333333648
32.67135,11.61099755555584
32.671351,11.610998166666048
32.671352,11.610998777777365
32.671353,11.610999388888684
32.671354,11.611
32.8687,11.504353424243128
32.86935,11.50400216161591
32.869351,11.50400162121267
32.869352,11.504001080808449
32.869353,11.504000540404222
32.869354,11.504
33.0667,11.628587121211298
33.06735,11.62899747474662
33.067351,11.628998106059964
33.067352,11.62899873737331
33.067353,11.628999368686657
33.067354,11.629
33.266,11.591124696437436
33.26665,11.591000762669257
33.266651,11.591000572001857
33.266652,11.591000381334457
33.266653,11.591000190667057
33.266654,11.591
33.26935,11.589848683273436
33.46275,11.507257935942604
33.46335,11.507001708184854
33.463351,11.507001281138448
33.463352,11.50700085409204
33.463353,11.507000427046409
33.463354,11.507
33.66075,11.478110350744473
33.6615,11.47800058541502
33.661501,11.4780004390612
33.661502,11.478000292707378
33.661503,11.47800014635382
33.661504,11.478
33.85875,11.584673348495931
33.85935,11.58499783674526
33.859351,11.584998377558207
33.859352,11.58499891837214
33.859353,11.58499945918607
33.859354,11.585
34.05675,11.716564110073556
34.0574,11.716997334006876
34.057401,11.71699800050546
34.057402,11.716998667004043
34.057403,11.716999333502628
34.057404,11.717
34.25475,11.698062757575707
34.2554,11.69800038383834
34.255401,11.698000287878711
34.255402,11.698000191919082
34.255403,11.698000095959628
34.255404,11.698
34.2602,11.69594111111065
34.45275,11.613280757575536
34.4534,11.613001717171516
34.453401,11.613001287878442
34.453402,11.61300085858615
34.453403,11.613000429293074
34.453404,11.613
34.65075,11.644870158970583
34.65155,11.644999354024804
34.651551,11.644999515518675
34.651552,11.644999677012256
34.651553,11.644999838506129
34.651554,11.645
34.84875,11.732709112963787
34.8494,11.732998220873798
34.849401,11.732998665655348
34.849402,11.7329991104369
34.849403,11.73299955521845
34.849404,11.733
35.04675,11.77679936443874
35.04765,11.776999112232136
35.047651,11.7769993341742
35.047652,11.776999556115866
35.047653,11.776999778057933
35.047654,11.777
35.24475,11.547760657395106
35.2454,11.547004652338272
35.245401,11.547003489253177
35.245402,11.547002326168078
35.245403,11.547001163082982
35.245404,11.547
35.24815,11.545099989898914
35.44275,11.410452515151158
35.4434,11.410002767676446
35.443401,11.41000207575702
35.443402,11.410001383837594
35.443403,11.410000691919429
35.443404,11.41
35.64075,11.661973444361184
35.64155,11.662994892758606
35.641551,11.662996169569537
35.641552,11.662997446378142
35.641553,11.662998723189071
35.641554,11.663
35.84,11.641088772898296
35.8408,11.64100044165616
35.840801,11.64100033124207
35.840802,11.64100022082798
35.840803,11.64100011041409
35.840804,11.641
36.03675,11.658917338074636
36.03765,11.658999634239311
36.037651,11.658999725679523
36.037652,11.658999817119572
36.037653,11.658999908559789
36.037654,11.659
36.23475,11.761529737373506
36.23565,11.761997919192162
36.235651,11.76199843939341
36.235652,11.761998959595608
36.235653,11.761999479797804
36.235654,11.762
36.2403,11.763173528668707
36.4329,11.811822177317492
36.4336,11.811998989643966
36.433601,11.811999242233089
36.433602,11.811999494821752
36.433603,11.811999747410876
36.433604,11.812
36.6308,11.679540060605612
36.6316,11.679002686868374
36.631601,11.679002015152198
36.631602,11.679001343434798
36.631603,11.6790006717174
36.631604,11.679
36.8288,11.712861939393743
36.8296,11.712999313131082
36.829601,11.71299948484831
36.829602,11.71299965656554
36.829603,11.71299982828277
36.829604,11.713
37.0268,11.528797727846404
37.02765,11.52800373642976
37.027651,11.528002802321897
37.027652,11.52800186821403
37.027653,11.528000934107864
37.027654,11.528
37.2248,11.576788656565684
37.22565,11.576999010101126
37.225651,11.576999257575956
37.225652,11.576999505050338
37.225653,11.576999752525168
37.225654,11.577
37.2303,11.58519744185943
37.4228,11.924846076846205
37.42345,11.925992942366848
37.423451,11.925994706775937
37.423452,11.925996471181818
37.423453,11.92599823559091
37.423454,11.926
37.6208,11.891142013625924
37.6216,11.89100070653537
37.621601,11.891000529901447
37.621602,11.891000353267843
37.621603,11.891000176633924
37.621604,11.891
37.8188,12.067281272726245
37.8196,12.06799642424284
37.819601,12.06799731818091
37.819602,12.067998212120608
37.819603,12.067999106060302
37.819604,12.068
38.0168,12.110782179616605
38.0178,12.110999132189807
38.017801,12.110999349142457
38.017802,12.110999566095105
38.017803,12.110999783047747
38.017804,12.111
38.2148,12.018424820616682
38.2157,12.018001879737024
38.215701,12.018001409803407
38.215702,12.01800093986894
38.215703,12.01800046993447
38.215704,12.018
38.2183,12.017659111111078
38.41285,11.992112141414127
38.4137,11.992000525252704
38.413701,11.992000393939527
38.413702,11.992000262626352
38.413703,11.992000131313176
38.413704,11.992
38.61085,11.974073109371158
38.61165,11.974000363728171
38.611651,11.974000272796252
38.611652,11.974000181864168
38.611653,11.974000090932083
38.611654,11.974
38.80885,12.086541151514494
38.80965,12.086997717170943
38.809651,12.086998287878208
38.809652,12.086998858585472
38.809653,12.086999429292735
38.809654,12.087
39.00755,12.110878853695356
39.00855,12.110999517345457
39.008551,12.110999638009147
39.008552,12.11099975867262
39.008553,12.11099987933631
39.008554,12.111
39.204849999,12.132888048656898
39.205849999,12.132999553978763
39.205850999,12.132999665484125
39.205852,12.132999776989282
39.205853,12.13299988849464
39.205854,12.133
39.20845,12.135744956151632
39.40455,12.343096998246166
39.4054,12.34399577048408
39.405401,12.34399682786354
39.405402,12.343997885243
39.405403,12.34399894262246
39.405404,12.344
39.600849999,12.160940371595576
39.601849999,12.16000374650165
39.601851,12.160002809876238
39.601852,12.160001873250826
39.601853,12.160000936625412
39.601853999,12.16
39.79885,12.185894317492265
39.79965,12.18599947421644
39.799651,12.185999605662152
39.799652,12.1859997371081
39.799653,12.18599986855405
39.799654,12.186
39.9973,12.061663059889469
39.99835,12.061002516356025
39.998351,12.061001887266732
39.998352,12.06100125817744
39.998353,12.061000629088149
39.998354,12.061
40.19485,12.11272256137679
40.1959,12.112998947102122
40.195901,12.112999210326231
40.195902,12.112999473550822
40.195903,12.11299973677541
40.195904,12.113
40.1985,12.112960636846092
40.3929,12.11001294920394
40.39375,12.110000060652029
40.393751,12.110000045489022
40.393752,12.110000030326017
40.393753,12.110000015163006
40.393754,12.11
40.5909,12.15974665657291
40.5919,12.159998990663295
40.591900999,12.159999242997474
40.591902,12.159999495331649
40.591903,12.159999747665823
40.591904,12.16
40.78885,12.043475691529318
40.78965,12.043002366624252
40.789651,12.043001774968996
40.789652,12.043001183312663
40.789653,12.043000591656332
40.789654,12.043
40.98835,12.279744170212414
40.9894,12.280995234043107
40.989401,12.280996425532871
40.989402,12.280997617020471
40.989403,12.280998808510237
40.989404,12.281
41.18485,12.281
41.1859,12.281
41.185901,12.281
41.185902,12.281
41.185903,12.281
41.185904,12.281
41.1885,12.279557777777631
41.3829,12.17155777777763
41.3839,12.171002222221963
41.383901,12.17100166666723
41.383902,12.171001111111488
41.383903,12.171000555555745
41.383904,12.171
41.5809,12.18592393939396
41.5819,12.185999696969594
41.581900999,12.185999772727197
41.581902,12.185999848484798
41.581903,12.1859999242424
41.581904,12.186
41.7789,12.138243393939332
41.7799,12.138000969696856
41.779901,12.138000727272532
41.779902,12.138000484848208
41.779903,12.138000242423884
41.779904,12.138
41.9769,12.127058540772548
41.97795,12.127000222166094
41.977951,12.127000166624546
41.977952,12.1270001110831
41.977953,12.127000055541547
41.977954,12.127
42.1749,12.1309787070707
42.17595,12.130999919191929
42.175951,12.130999939393918
42.175952,12.130999959595949
42.175953,12.130999979797974
42.175954,12.131
42.1786,12.13081300353364
42.3729,12.117081554770287
42.37405,12.11700028268548
42.374051,12.117000212014078
42.374052,12.117000141342803
42.374053,12.117000070671402
42.374054,12.117
42.5709,12.124957392622598
42.57195,12.124999838302193
42.571951,12.124999878726662
42.571952,12.124999919151133
42.571953,12.124999959575604
42.571954,12.125
42.7689,12.098591048703442
42.9672,12.072000536369568
42.967201,12.072000402277178
42.967202,12.072000268184786
42.967203,12.072000134092391
42.967204,12.072
42.9701,12.071765979797982
43.1649,12.056024565656578
43.3632,12.040000323232286
43.363201,12.040000242424178
43.363202,12.04000016161607
43.363203,12.040000080807962
43.363204,12.04
43.36595,12.036895226130532
43.36625,12.036556030150976
43.5622,11.81500452261254
43.562201,11.81500339195889
43.562202,11.815002261307296
43.562203,11.815001130653648
43.562204,11.815
43.5649,11.815862172588693
43.7592,11.877998720812332
43.759201,11.877999040609394
43.759202,11.877999360405877
43.759203,11.877999680202938
43.759204,11.878
43.7621,11.878277898989896
43.9572,11.89699961616166
43.957201,11.896999712121117
43.957202,11.896999808080745
43.957203,11.896999904040372
43.957204,11.897
43.9601,11.896970989231155
44.15685,11.895000040070135
44.156851,11.895000030052602
44.156852,11.895000020035068
44.156853,11.895000010017531
44.156854,11.895
44.1601,11.892751688312778
44.3532,11.759002770562448
44.353201,11.759002077921522
44.353202,11.759001385280596
44.353203,11.759000692639669
44.353204,11.759
44.3559,11.759108901792532
44.35625,11.75912303963652
44.55125,11.766999838424658
44.551251,11.766999878818512
44.551252,11.766999919212292
44.551253,11.766999959606146
44.551254,11.767
44.55415,11.767833696969683
44.74925,11.82399884848498
44.749251,11.823999136363344
44.749252,11.82399942424223
44.749253,11.823999712121116
44.749254,11.824
44.75215,11.822727515151533
44.94725,11.737001757576351
44.947251,11.737001318182264
44.947252,11.737000878788177
44.947253,11.737000439394087
44.947254,11.737
44.95015,11.735913184888677
45.1471,11.66200150112567
45.147101,11.662001125844082
45.147102,11.662000750562497
45.147103,11.66200037528159
45.147104,11.662
45.1498,11.661670130002603
45.34325,11.638000489421303
45.343251,11.638000367065922
45.343252,11.638000244710542
45.343253,11.63800012235538
45.343254,11.638
45.346,11.637639778002004
45.3463,11.637600423814357
45.54145,11.612000524722442
45.541451,11.61200039354201
45.541452,11.61200026236134
45.541453,11.61200013118067
45.541454,11.612
45.54415,11.610270747475033
45.73945,11.485002565657432
45.739451,11.485001924243075
45.739452,11.485001282828716
45.739453,11.485000641414358
45.739454,11.485
45.74215,11.484168574317628
45.93725,11.424001233569118
45.937251,11.42400092517726
45.937252,11.42400061678484
45.937253,11.42400030839242
45.937254,11.424
45.94015,11.424876469104657
46.135499999,11.483998789407456
46.135500999,11.483999092055727
46.135502,11.483999394703453
46.135503,11.483999697351726
46.135504,11.484
46.14005,11.485793112515855
46.33325,11.5619984222505
46.333250999,11.561998816688051
46.333252,11.561999211125608
46.333252999,11.561999605563162
46.333254,11.562
46.335999999,11.560850350567424
46.3363,11.560724751575616
46.5315,11.479001674653784
46.531501,11.479001255990338
46.531502,11.479000837326891
46.531503,11.479000418663446
46.531504,11.479
46.5342,11.478565817815872
46.7302,11.447000644187144
46.730201,11.447000483140284
46.730202,11.447000322093425
46.730203,11.44700016104686
46.730204,11.447
46.7329,11.446480750126796
46.9275,11.409000770400317
46.927501,11.40900057780015
46.927502,11.409000385199985
46.927503,11.409000192599818
46.927504,11.409
46.929,11.40901511111112
47.1255,11.410999959595964
47.125501,11.410999969696975
47.125502,11.41099997979799
47.125503,11.410999989898986
47.125504,11.411
47.1282,11.409910707070887
47.3235,11.331001616161428
47.323501,11.331001212120889
47.323502,11.33100080808108
47.323503,11.33100040404054
47.323504,11.331
47.32615,11.331334090909191
47.3263,11.331353030303116
47.5215,11.355999494949554
47.521501,11.355999621211993
47.521502,11.355999747474662
47.521503,11.35599987373733
47.521504,11.356
47.5242,11.356095313131297
47.7195,11.36299985858581
47.719501,11.362999893939358
47.719502,11.362999929292904
47.719503,11.362999964646452
47.719504,11.363
47.7222,11.36148860606084
47.9175,11.252002242423982
47.917501,11.252001681817733
47.917502,11.252001121211482
47.917503,11.25200056060523
47.917504,11.252
47.91775,11.251909325927272
48.11555,11.179001474374989
48.115551,11.179001105781072
48.115552,11.17900073718783
48.115553,11.179000368593917
48.115554,11.179
48.1182,11.178137894736578
48.31505,11.114001303258588
48.315051,11.11400097744394
48.315052,11.114000651629294
48.315053,11.114000325814647
48.315054,11.114
48.3177,11.112653435115012
48.31785,11.112577099237226
48.51155,11.0140020356241
48.511551,11.014001526718074
48.511552,11.014001017812047
48.511553,11.014000508906024
48.511554,11.014
48.5142,11.01357236363652
48.70955,10.982000646464572
48.709551,10.982000484848356
48.709552,10.98200032323214
48.709553,10.982000161615924
48.709554,10.982
48.7122,10.982941920281066
48.909,11.0529985760844
48.909001,11.05299893206346
48.909002,11.052999288042525
48.909003,11.052999644021586
48.909004,11.053
48.9092,11.05277580071075
49.105049999,10.828748093542876
49.1057,10.828004575495148
49.105701,10.82800343162084
49.105701999,10.828002287746532
49.105702999,10.828001143874308
49.105704,10.828
49.30355,10.648003639120123
49.303551,10.648002729341332
49.303552,10.64800181956089
49.303553,10.648000909780444
49.303554,10.648
49.3062,10.64826707040111
49.30635,10.648282210446698
49.50105,10.66793398940202
49.5017,10.667999596265505
49.501701,10.66799969719899
49.501702,10.66799979813266
49.501703,10.66799989906633
49.501704,10.668
49.69955,10.571001961082292
49.699551,10.571001470811716
49.699552,10.571000980541143
49.699553,10.571000490270572
49.699554,10.571
49.70225,10.569897090909262
49.89755,10.490001636363449
49.897551,10.4900012272724
49.897552,10.49000081818135
49.897553,10.490000409090303
49.897554,10.49
49.8978,10.48991187689152
50.09505,10.41925218970738
50.09575,10.419001432895898
50.095751,10.419001074671762
50.095752,10.419000716448275
50.095753,10.419000358224135
50.095754,10.419
50.29355,10.38400070778556
50.293551,10.38400053083909
50.293552,10.384000353892942
50.293553,10.38400017694647
50.293554,10.384
50.29625,10.382925408678284
50.2964,10.382865620585507
50.4911,10.305260676085284
50.49175,10.30500159434968
50.491751,10.30500119576226
50.491752,10.30500079717484
50.491753,10.30500039858742
50.491754,10.305
50.6891,10.27309764081851
50.6897,10.27300064662786
50.689701,10.273000484971115
50.689702,10.273000323314076
50.689703,10.273000161657038
50.689704,10.273
50.88755,10.195001576952771
50.887551,10.195001182714575
50.887552,10.195000788476383
50.887553,10.195000394238193
50.887554,10.195
50.8878,10.194844853683396
51.0851,10.070412462159114
51.08575,10.070002522704046
51.085751,10.070001892027747
51.085752,10.070001261352596
51.085753,10.0700006306763
51.085754,10.07
51.2831,10.052059454545407
51.28375,10.05200036363632
51.283751,10.0520002727272
51.283752,10.052000181818244
51.283753,10.052000090909122
51.283754,10.052
51.2864,10.051706000000111
51.4811,10.030072666666811
51.48175,10.030000444444392
51.481751,10.030000333333446
51.481752,10.030000222222297
51.481753,10.030000111111148
51.481754,10.03
51.6791,9.890462424243346
51.67975,9.890002828283786
51.679751,9.89000212121284
51.679752,9.890001414141894
51.679753,9.890000707070946
51.679754,9.89
51.87795,9.731522936886693
51.8786,9.731003198390376
51.878601,9.731002398792418
51.878602,9.73100159919446
51.878603,9.731000799597956
51.878604,9.731
52.0751,9.430998498604335
52.07575,9.430006107024395
52.075751,9.430004580267603
52.075752,9.430003053510813
52.075753,9.430001526756794
52.075754,9.43
52.27315,9.607457010100338
52.27375,9.607996404040822
52.273751,9.607997303031024
52.273752,9.607998202019594
52.273753,9.607999101009796
52.273754,9.608
52.2764,9.605220363635503
52.47115,9.400634505051292
52.47175,9.400004202019714
52.471751,9.400003151516218
52.471752,9.400002101010813
52.471753,9.400001050505406
52.471754,9.4
52.6691,9.32425103030353
52.66975,9.324001535354055
52.669751,9.32400115151554
52.669752,9.324000767677028
52.669753,9.324000383838513
52.669754,9.324
52.8671,9.148802542245038
52.868,9.148003551071469
52.868001,9.148002663303195
52.868002,9.14800177553654
52.868003,9.14800088776827
52.868004,9.148
53.0651,9.018462689585467
53.0658,9.018002628917792
53.065801,9.018001971688047
53.065802,9.018001314459497
53.065803,9.018000657229749
53.065804,9.018
53.26315,9.019993393939398
53.2638,9.019999959595964
53.263801,9.01999996969696
53.263802,9.019999979797973
53.263803,9.019999989898986
53.263804,9.02
53.26645,9.019679515518668
53.46115,8.996097380772282
53.46195,8.996000484481398
53.461951,8.996000363361214
53.461952,8.99600024224081
53.461953,8.996000121120405
53.461954,8.996
53.65915,8.64915032600684
53.6598,8.648007035635437
53.659801,8.648005276726577
53.659802,8.648003517817719
53.659803,8.648001758908858
53.659804,8.648
53.85715,8.468594545454083
53.8578,8.468003636363214
53.857801,8.468002727271998
53.857802,8.46800181818078
53.857803,8.468000909089563
53.857804,8.468
54.05515,8.37530718181794
54.0558,8.37500187878766
54.055801,8.375001409090531
54.055802,8.375000939393402
54.055803,8.37500046969713
54.055804,8.375
54.25315,8.226492151514764
54.2538,8.226003010100662
54.253801,8.226002257575153
54.253802,8.226001505051016
54.253803,8.226000752525508
54.253804,8.226
54.25645,8.224542513770198
54.4527,8.11644286429608
54.4535,8.116002203304701
54.453501,8.116001652478275
54.453502,8.116001101651849
54.453503,8.116000550825424
54.453504,8.116
54.64915,7.889756281203745
54.6498,7.889004625574668
54.649801,7.889003469181001
54.649802,7.889002312787334
54.649803,7.889001156393667
54.649804,7.889
54.84715,7.430102113494107
54.84805,7.428009301386057
54.848051,7.428006976038485
54.848052,7.428004650695143
54.848053,7.428002325347571
54.848054,7.428
55.04515,6.98204541414242
55.04605,6.980009050503999
55.046051,6.980006787881086
55.046052,6.980004525254057
55.046053,6.980002262627029
55.046054,6.98
55.2432,6.710892719918409
55.24385,6.7100054600600325
55.243851,6.710004095046886
55.243852,6.710002730031258
55.243853,6.7100013650156285
55.243854,6.71
55.2465,6.703803966694238
55.4412,6.247882694930785
55.442,6.246009366644604
55.442001,6.246007024983454
55.442002,6.246004683322303
55.442003,6.246002341661152
55.442004,6.246
55.6392,5.7281115151545405
55.64,5.726010505054061
55.640001,5.726007878790546
55.640002,5.726005252527031
55.640003,5.726002626263515
55.640004,5.726
55.8372,5.297854178237589
55.83805,5.296008684674578
55.838051,5.296006513504946
55.838052,5.296004342339264
55.838053,5.296002171169632
55.838054,5.296
56.0352,4.750209071337348
56.0378,4.743011073841016
56.037801,4.743008305379504
56.037802,4.74300553691799
56.037803,4.743002768461514
56.037804,4.743
56.2332,4.239684621268756
56.23385,4.23801030349281
56.233851,4.238007727623121
56.233852,4.238005151748748
56.233853,4.238002575874374
56.233854,4.238
56.2365,4.2308024526900745
56.4312,3.701187009844165
56.432,3.6990108806447113
56.432001,3.699008160487245
56.432002,3.6990054403248296
56.432003,3.699002720162415
56.432004,3.699
56.6292,3.2777176363660976
56.63,3.276008545457439
56.630001,3.276006409093079
56.630002,3.2760042727287195
56.630003,3.27600213636436
56.630004,3.276
56.8272,3.2172395757573797
56.828,3.2170011919190533
56.828001,3.217000893939155
56.828002,3.217000595959256
56.828003,3.217000297979357
56.828004,3.217
57.02525,2.640496042402488
57.0261,2.6380116910690763
57.026101,2.638008768301807
57.026102,2.638005845534538
57.026103,2.638002922767269
57.026104,2.638
57.22325,2.719646323231616
57.2241,2.7199983434337827
57.224101,2.719998757575337
57.224102,2.7199991717168914
57.224103,2.719999585858446
57.224104,2.72
57.22675,2.7185292572011543
57.42125,2.61041910055617
57.422,2.610002223344865
57.422001,2.610001667508396
57.422002,2.610001111672938
57.422003,2.610000555836469
57.422004,2.61
57.61955,2.367984986137029
57.62035,2.3670049004301945
57.620351,2.3670036753226458
57.620352,2.367002450215097
57.620353,2.3670012251075487
57.620354,2.367
57.81725,2.626675876705746
57.81825,2.6279947246090014
57.818251,2.6279960434573506
57.818252,2.6279973623033013
57.818253,2.6279986811516505
57.818254,2.628
58.01525,2.652892089967161
58.0161,2.6529994945666497
58.016101,2.652999620924815
58.016102,2.65299974728321
58.016103,2.652999873641605
58.016104,2.653
58.21325,2.713736898989933
58.2141,2.7139987676763506
58.214101,2.713999075757263
58.214102,2.7139993838381757
58.214103,2.713999691919088
58.214104,2.714
58.21685,2.7135288215997786
58.41125,2.680172273530421
58.41225,2.6800006863489583
58.412251,2.6800005147617187
58.412252,2.680000343174479
58.412253,2.68000017158724
58.412254,2.68
58.60975,2.9359580030242243
58.61055,2.9369948159336965
58.610551,2.9369961119502728
58.610552,2.9369974079668486
58.610553,2.9369987039834244
58.610554,2.9370000000000003
58.808,3.107092020150873
58.80905,3.107996554156572
58.809051,3.1079974156178207
58.809052,3.1079982770790693
58.809053,3.1079991385403183
58.809054,3.108
59.00525,3.5685259721159253
59.0063,3.570990610896695
59.006301,3.5709929581725213
59.006302,3.5709953054483474
59.006303,3.570997652724174
59.006304,3.571
59.20325,3.913428223403943
59.20415,3.9149930452370985
59.204151,3.914994783928615
59.204152,3.91499652262013
59.204152999,3.914998261311647
59.204153999,3.915
59.20885,3.91300220220222
59.4029,3.830448398398523
59.40395,3.830001701701504
59.403951,3.830001276275935
59.403952,3.830000850850365
59.403953,3.8300004254255695
59.403954,3.83
59.59925,4.091921713409984
59.60005,4.092994635388291
59.600050999,4.092995976541218
59.600052,4.092997317694145
59.600053,4.092998658847073
59.600054,4.093
59.79725,4.539180848482243
59.79805,4.540990949491886
59.798051,4.540993212118915
59.798052,4.540995474745944
59.798053,4.540997737372972
59.798054,4.541
59.9953,4.775804822194507
59.9963,4.776995238335989
59.996301,4.776996428750367
59.996302,4.776997619166911
59.996303,4.776998809583456
59.996304,4.777
60.1933,5.268867697751101
60.19415,5.270990012632455
60.194151,5.270992509474341
60.194152,5.270995006316227
60.194153,5.270997503158114
60.194154,5.271
60.19695,5.2797203027974025
60.3913,5.885868675246814
60.3923,5.888987524604024
60.392301,5.888990643454436
60.392302,5.888993762304849
60.392303,5.888996881155261
60.392304,5.889
60.5893,6.280007212121734
60.5903,6.281992060606983
60.590301,6.28199404545614
60.590301999,6.281996030305297
60.590303,6.281998015154453
60.590304,6.282
60.7873,6.638094763947974
60.78835,6.639992769503492
60.788351,6.639994577125153
60.788352,6.639996384750102
60.788353,6.639998192375051
60.788354,6.640000000000001
60.9853,6.8081428340492245
60.9863,6.808996584996608
60.986301,6.808997438747844
60.986302,6.808998292497527
60.986303,6.808999146248764
60.986304,6.809
61.1833,7.022909797980083
61.1843,7.023995656566162
61.184301,7.023996742423139
61.184302,7.023997828282093
61.184303,7.023998914141046
61.184304,7.024
61.18705,7.0300883535356
61.3813,7.460773959592509
61.3823,7.462991131310129
61.382301,7.462993348482595
61.382302,7.462995565655064
61.382303,7.462997782827532
61.382304,7.463
61.58015,7.652040683932856
61.58115,7.652996178024081
61.581151,7.652997133518495
61.581151999,7.652998089012909
61.581153,7.652999044505586
61.581154,7.653
61.7773,7.90265844827549
61.77835,7.903994908722701
61.778351,7.903996181542604
61.778352,7.903997454360192
61.778353,7.903998727180096
61.778354,7.904
61.9753,8.26705702020148
61.97635,8.268992626263483
61.976351,8.268994469695098
61.976352,8.268996313130065
61.976353,8.268998156565033
61.976354,8.269
62.17335,8.45704163636215
62.17435,8.45799618181689
62.174351,8.457997136362668
62.174352,8.457998090908445
62.174353,8.457999045454223
62.174354,8.458
62.1771,8.459252427869528
62.37135,8.547848244928437
62.5712,8.638998175633322
62.571201,8.6389986317252
62.571202,8.638999087816245
62.571203,8.638999543908122
62.571204,8.639
62.5742,8.643107021410357
62.76735,8.907883785633024
62.96585,9.179994516660969
62.965851,9.17999588749635
62.965852,9.179997258329236
62.965853,9.17999862916462
62.965854,9.18
62.9686,9.181930184576572
63.1636,9.31899718836948
63.163601,9.31899789127743
63.163602,9.31899859418538
63.163603,9.31899929709205
63.163604,9.319
63.1666,9.323674395356369
63.36165,9.627993759152456
63.361651,9.627995319362212
63.361652,9.627996879574807
63.361653,9.627998439787405
63.361654,9.628
63.36445,9.631883333331734
63.36485,9.632438888888412
63.55965,9.902994444442564
63.559651,9.902995833331923
63.559652,9.902997222221282
63.559653,9.90299861111064
63.559654,9.903
63.5645,9.907745016319211
63.7588,10.097996083354712
63.758801,10.09799706251648
63.758802,10.097998041678249
63.758803,10.097999020840014
63.758804,10.098
63.7618,10.100207418699965
63.9556,10.242997052844531
63.955601,10.242997789633398
63.955602,10.242998526422266
63.955603,10.242999263211132
63.955604,10.243
63.9586,10.2442950791653
64.15455,10.328998270921758
64.154551,10.32899870319132
64.154552,10.32899913546088
64.154553,10.32899956773044
64.154554,10.329
64.15745,10.331086412988313
64.35165,10.47099711821444
64.351651,10.470997838661155
64.351652,10.470998559106564
64.351653,10.470999279553284
64.351654,10.471
64.3544,10.472482452068675
64.35475,10.472671402623806
64.54985,10.577997840564354
64.549851,10.577998380423264
64.549852,10.577998920282177
64.549853,10.577999460141088
64.549854,10.578
64.55255,10.580330717896484
64.74765,10.748996541960407
64.747651,10.748997406470306
64.747652,10.748998270980204
64.747653,10.748999135490102
64.747654,10.749
64.7525,10.751811046658162
64.9459,10.863997679697622
64.945901,10.863998259772426
64.945902,10.863998839848284
64.945903,10.863999419924143
64.945904,10.864
64.94865,10.865124783818004
65.14365,10.944998361567826
65.143651,10.944998771176056
65.143652,10.944999180784286
65.143653,10.94499959039177
65.143654,10.945
65.14665,10.94722092662238
65.3433,11.092997034811264
65.343301,11.092997776108785
65.343302,11.092998517404958
65.343303,11.09299925870248
65.343304,11.093
65.34615,11.093246093590995
65.34645,11.09327203458792
65.5399,11.10999965412008
65.539901,11.1099997405901
65.539902,11.109999827060118
65.539903,11.109999913530135
65.539904,11.11
65.54265,11.111513597977298
65.73765,11.218997795195207
65.737651,11.218998346396406
65.737652,11.218998897597604
65.737653,11.2189994487988
65.737654,11.219
65.74065,11.22026942749023
65.9359,11.302998305170435
65.935901,11.302998728878022
65.935902,11.302999152584832
65.935903,11.302999576292418
65.935904,11.303
65.9406,11.301907906976751
66.1337,11.257000930232447
66.133701,11.257000697674233
66.133702,11.257000465116436
66.133703,11.257000232558218
66.133704,11.257
66.136649999,11.261091666667385
66.3317,11.53199444444509
66.331700999,11.531995833331925
66.331702,11.531997222221282
66.331702999,11.53199861111064
66.331704,11.532
66.334499999,11.53150625630664
66.3348,11.531453279515572
66.5299,11.497000706357133
66.529901,11.497000529767767
66.529902,11.497000353178406
66.529903,11.497000176589042
66.529904,11.497
66.5327,11.496618727272637
66.7279,11.470000545454482
66.727901,11.4700004090908
66.727902,11.470000272727118
66.727903,11.470000136363684
66.727904,11.47
66.7306,11.471919394093376
66.92595,11.610997152234615
66.925951,11.61099786417499
66.925952,11.61099857611666
66.925953,11.61099928805833
66.925954,11.611
66.9305,11.614949050505148
67.12395,11.782996525251349
67.123951,11.782997393938512
67.123952,11.782998262625672
67.123953,11.782999131312836
67.123954,11.783
67.1266,11.784324672565877
67.3217,11.881997997471789
67.321701,11.881998498104068
67.321702,11.88199899873544
67.321703,11.88199949936772
67.321704,11.882
67.3245,11.881379293642638
67.324899999,11.881290494450129
67.5199,11.838000887992228
67.519901,11.838000665994173
67.519902,11.838000443996116
67.519903,11.838000221998058
67.519904,11.838
67.5227,11.83951096969636
67.7179,11.94499783838409
67.717901,11.944998378788313
67.717902,11.944998919192535
67.717903,11.94499945959676
67.717904,11.945
67.7207,11.943192941176044
67.91595,11.817002585205456
67.915951,11.8170019389038
67.915952,11.817001292603315
67.915953,11.817000646301658
67.915954,11.817
67.9206,11.816601101010152
68.11395,11.800000343434304
68.113951,11.800000257575846
68.113952,11.800000171717231
68.113953,11.800000085858615
68.113954,11.8
68.11675,11.802160545453656
68.31195,11.952996909089862
68.311951,11.952997681817395
68.311952,11.95299845454493
68.311953,11.952999227272466
68.311954,11.953
68.3147,11.95394116935488
68.3149,11.954009717741494
68.51035,12.020998629032418
68.510351,12.02099897177447
68.510352,12.020999314515898
68.510353,12.02099965725795
68.510354,12.021
68.5131,12.021430799595162
68.70795,12.051999372469709
68.707951,12.051999529352353
68.707952,12.051999686234996
68.707953,12.051999843117356
68.707954,12.052
68.7107,12.053829280847918
68.9055,12.183597638153628
68.9061,12.183997335352316
68.906101,12.18399800151454
68.906102,12.183998667676764
68.906103,12.183999333837775
68.906104,12.184
69.10395,12.115001394996048
69.103951,12.115001046247512
69.103952,12.11500069749834
69.103953,12.11500034874917
69.103953999,12.115
69.1067,12.112753272727184
69.30195,11.95300327272838
69.301951,11.953002454546285
69.301952,11.95300163636419
69.301953,11.953000818182094
69.301954,11.953
69.3047,11.95575986868698
69.30495,11.95601113131238
69.49995,12.15199597979662
69.499951,12.151996984847464
69.499952,12.15199798989831
69.499953,12.151998994949157
69.499954,12.152
69.50275,12.152042363636347
69.69795,12.154999939393948
69.697951,12.154999954545469
69.697952,12.154999969696988
69.697953,12.154999984848509
69.697954,12.155
69.7026,12.154156125125915
69.8955,12.119118789101822
69.89615,12.119000726538763
69.896151,12.119000544903992
69.896152,12.119000363269548
69.896153,12.119000181634776
69.896154,12.119
70.0935,12.21468290909116
70.09415,12.214998060606286
70.094151,12.214998545454051
70.094152,12.2149990303027
70.094153,12.214999515151352
70.094154,12.215
70.29295,11.997004386319391
70.292951,11.997003289739544
70.292952,11.997002193159696
70.292953,11.997001096579847
70.292954,11.997
70.2967,11.996164178498908
70.29685,11.996130709939104
70.4895,11.953145922920775
70.49015,11.953000892494824
70.490151,11.953000669371017
70.490152,11.95300044624721
70.490153,11.953000223123402
70.490154,11.953
70.688,12.038998261309274
70.688001,12.038998695982151
70.688002,12.038999130655032
70.688003,12.03899956532712
70.688004,12.039
70.69075,12.040316527882972
70.8855,12.133686449659596
70.88615,12.133998082261137
70.886151,12.133998561696073
70.886152,12.133999041130132
70.886153,12.133999520565066
70.886154,12.134
71.0835,12.123036333333308
71.08415,12.123000222222196
71.084151,12.123000166666724
71.084152,12.12300011111115
71.084153,12.123000055555575
71.084154,12.123
71.2836,12.215998134871112
71.283601,12.215998601152698
71.283602,12.215999067435131
71.283603,12.215999533717566
71.283604,12.216
71.28635,12.216558697863707
71.2865,12.216589216683618
71.4795,12.255856765005078
71.4802,12.255999186164896
71.480201,12.255999389623764
71.480202,12.255999593082633
71.480203,12.255999796541133
71.480204,12.256
71.67805,12.137002405862749
71.678051,12.137001804396789
71.678052,12.137001202931922
71.678053,12.13700060146596
71.678054,12.137
71.6808,12.13623933518002
71.87555,12.082291966758582
71.8766,12.082001108033111
71.876601,12.08200083102471
71.876602,12.082000554016306
71.876603,12.0820002770079
71.876604,12.082
72.07355,12.119874230768982
72.0742,12.119999230768972
72.074201,12.11999942307673
72.074201999,12.119999615384486
72.074203,12.119999807692244
72.074204,12.12
72.27155,12.211696121211515
72.2722,12.211998141413511
72.272201,12.211998606060131
72.272202,12.211999070706756
72.272203,12.211999535353378
72.272204,12.212
72.27495,12.211597808081054
72.46955,12.183095787878711
72.4702,12.183000585858515
72.470201,12.18300043939382
72.470202,12.183000292929126
72.470203,12.18300014646443
72.470204,12.183
72.66755,12.286656484848756
72.6682,12.286997898990144
72.668201,12.286998424242848
72.668202,12.28699894949555
72.668203,12.286999474747295
72.668204,12.287
72.86555,12.225204787878626
72.8662,12.225001252525107
72.866201,12.225000939393688
72.866202,12.22500062626284
72.866203,12.22500031313142
72.866204,12.225
73.06355,12.299752272727469
73.0642,12.29999848484866
73.064201,12.29999886363598
73.064202,12.299999242423986
73.064203,12.299999621211994
73.064204,12.3
73.26155,12.309964453420852
73.26225,12.309999798030823
73.262251,12.30999984852314
73.262252,12.30999989901546
73.262253,12.309999949507777
73.262254,12.31
73.26495,12.310761351488036
73.4599,12.365815310136302
73.46055,12.365998870398515
73.460551,12.365999152799017
73.460552,12.365999435199516
73.460553,12.365999717600014
73.460554,12.366
73.6579,12.239419484848154
73.65855,12.239002565656268
73.658551,12.23900192424191
73.658552,12.239001282827552
73.658553,12.23900064141436
73.658554,12.239
73.8556,12.328611622031382
73.85645,12.328998180898829
73.856451,12.328998635674122
73.856452,12.328999090449416
73.856453,12.328999545224708
73.856454,12.329
74.0536,12.409732184023731
74.05425,12.409998361981245
74.054251,12.409998771485936
74.054252,12.409999180990622
74.054253,12.409999590495312
74.054254,12.41
74.25195,12.386079132845918
74.2526,12.386000483992886
74.252601,12.38600036299461
74.252602,12.386000241996332
74.252603,12.386000120998055
74.252604,12.386
74.25535,12.385458437420969
74.4496,12.347148702907829
74.45035,12.347000788875109
74.450351,12.34700059165633
74.450352,12.347000394437554
74.450353,12.347000197218776
74.450354,12.347
74.6476,12.431719100556055
74.64825,12.431998281960784
74.648251,12.431998711470785
74.648252,12.431999140980002
74.648253,12.43199957049
74.648254,12.432
74.8456,12.372258526740632
74.84645,12.372001210898492
74.846451,12.37200090817387
74.846452,12.372000605449246
74.846453,12.372000302724624
74.846454,12.372
75.0436,12.454725571283578
75.04425,12.4549983215371
75.044251,12.454998741152254
75.044252,12.45499916076817
75.044253,12.454999580384085
75.044254,12.455
75.2416,12.497857969696687
75.24225,12.497999131312838
75.242251,12.49799934848463
75.242252,12.49799956565642
75.242253,12.497999782828211
75.242254,12.498
75.2452,12.497271491294796
75.4396,12.449198819076742
75.4404,12.449000989149969
75.440401,12.449000741862475
75.440402,12.449000494574983
75.440403,12.449000247287492
75.440404,12.449
75.63765,12.519729626263064
75.6384,12.519998565656731
75.638401,12.519998924242712
75.638402,12.519999282828692
75.638403,12.519999641414673
75.638404,12.52
75.83565,12.45627590106062
75.8365,12.456001292277064
75.836501,12.456000969207798
75.836502,12.456000646138532
75.836503,12.456000323069263
75.836504,12.456
76.03365,12.37933211111107
76.0345,12.379001555555377
76.034501,12.379001166666354
76.034502,12.379000777777334
76.034503,12.379000388888311
76.034504,12.379
76.2316,12.368036379266824
76.23225,12.368000222503236
76.232251,12.368000166877428
76.232252,12.368000111251618
76.232253,12.36800005562581
76.232254,12.368
76.23525,12.36836287660854
76.4296,12.391902619227718
76.4304,12.391999515518382
76.430401,12.391999636638786
76.430402,12.39199975775919
76.430403,12.391999878879597
76.430404,12.392
76.62765,12.589246000001216
76.6284,12.589996000000465
76.628401,12.589997000000803
76.628402,12.589998000001142
76.628403,12.58999900000148
76.628404,12.59
76.82565,12.63877645218303
76.82655,12.63899901085048
76.826551,12.638999258137977
76.826552,12.638999505425469
76.826553,12.63899975271296
76.826554,12.639
77.02365,12.68281017428646
77.0245,12.68299911088669
77.024501,12.68299933316512
77.024502,12.682999555443548
77.024503,12.682999777721976
77.024504,12.683
77.22165,12.557416602629743
77.2223,12.557002548029176
77.222301,12.557001911021882
77.222302,12.557001274014588
77.222303,12.557000637007294
77.222304,12.557
77.22525,12.558412414836631
77.41965,12.65161453444392
77.42045,12.651998082261136
77.420451,12.651998561696072
77.420452,12.651999041131004
77.420453,12.65199952056594
77.420454,12.652
77.61765,12.53647103030264
77.61845,12.53600234343407
77.618451,12.536001757575288
77.618452,12.536001171716505
77.618453,12.536000585858783
77.618454,12.536
77.81565,12.433547601513393
77.8167,12.433002078184815
77.816701,12.43300155863861
77.816702,12.433001039092408
77.816703,12.433000519546203
77.816704,12.433
78.01365,12.531572568250812
78.0145,12.531997997977076
78.014501,12.531998498482809
78.014502,12.53199899898854
78.014503,12.531999499494267
78.014504,12.532
78.21165,12.534986306488252
78.21255,12.534999939409246
78.212551,12.534999954556945
78.212552,12.534999969704607
78.212553,12.534999984852304
78.212554,12.535
78.2154,12.535359525012556
78.40965,12.559898433552156
78.41045,12.55999949469412
78.410451,12.559999621020587
78.410452,12.55999974734706
78.410453,12.55999987367353
78.410454,12.56
78.6093,12.612733740305297
78.6103,12.612998939204529
78.610301,12.612999204403517
78.610302,12.612999469602022
78.610303,12.612999734801011
78.610304,12.613
78.8057,12.5881278004073
78.8067,12.588000509165145
78.806701,12.588000381873858
78.806702,12.588000254582573
78.806703,12.588000127291286
78.806704,12.588
79.0037,12.60492662117767
79.00455,12.604999656305322
79.004551,12.604999742229031
79.004552,12.60499982815274
79.004553,12.604999914076448
79.004554,12.605
79.2017,12.56848234292887
79.2043,12.568000740926408
79.204301,12.568000555694804
79.204302,12.568000370463205
79.204303,12.568000185231602
79.204304,12.568
79.2071,12.567515474006312
79.3997,12.534139327217012
79.4005,12.534000693170157
79.400501,12.534000519877535
79.400502,12.53400034658492
79.400503,12.534000173292302
79.400504,12.534
79.597699999,12.51208933333326
79.5985,12.512000444444393
79.598501,12.512000333333244
79.598502,12.512000222222095
79.598502999,12.51200011111115
79.598504,12.512
79.7957,12.45827354187682
79.7967,12.458001089808148
79.796701,12.458000817356483
79.796702,12.458000544904325
79.796703,12.45800027245216
79.796704,12.458
79.9937,12.400294101010555
79.9947,12.40000117171757
79.994701,12.400000878788177
79.994702,12.400000585858784
79.994703,12.400000292929391
79.994704,12.4
80.1917,12.353214694290152
80.1926,12.353000949974623
80.192601,12.35300071248086
80.192602,12.353000474987528
80.192603,12.353000237493765
80.192604,12.353
80.1954,12.35420348348377
80.3897,12.437836116115925
80.3924,12.43899827827848
80.392401,12.438998708708272
80.392402,12.438999139138849
80.392403,12.438999569569424
80.392404,12.439
80.587749999,12.40119430608602
80.588749999,12.401000774127745
80.588751,12.40100058059607
80.588752,12.401000387064048
80.588753,12.401000193532024
80.588753999,12.401
80.78575,12.369162262626514
80.78675,12.369000646464864
80.786751,12.369000484848648
80.786752,12.369000323232433
80.786753,12.369000161616215
80.786754,12.369
80.98375,12.493366161616322
80.98475,12.493997474747768
80.984751,12.493998106061111
80.984752,12.493998737374458
80.984753,12.493999368687804
80.984754,12.494
81.18175,12.495989858585862
81.18275,12.495999959595965
81.182751,12.495999969696978
81.182752,12.495999979797991
81.182753,12.495999989898989
81.182754,12.496
81.1854,12.495425363636189
81.37975,12.453218040403982
81.38075,12.453000868686766
81.380751,12.453000651514976
81.380752,12.45300043434358
81.380753,12.45300021717179
81.380754,12.453
81.578699999,12.661782822702596
81.57985,12.662995781015056
81.579850999,12.662996835761772
81.579852,12.662997890508487
81.579853,12.662998945253284
81.579854,12.663
81.77575,12.824173956323223
81.77675,12.824996708988222
81.776751,12.824997531741166
81.776752,12.824998354494111
81.776753,12.824999177247056
81.776754,12.825
81.97375,12.751375232323811
81.97475,12.75100149495
81.974751,12.7510011212125
81.974752,12.751000747475
81.974753,12.7510003737375
81.974754,12.751
82.1725,12.479583921568066
82.17365,12.47800549019544
82.173651,12.478004117648451
82.173652,12.478002745098967
82.173653,12.478001372549484
82.173654,12.478
82.17635,12.477692354507468
82.36975,12.455623126664197
82.568,12.433000456447472
82.568001,12.433000342335603
82.568002,12.433000228223737
82.568003,12.433000114111868
82.568004,12.433
82.5709,12.433775094053772
82.76575,12.485925327610186
82.96405,12.538998929428226
82.964051,12.538999197071291
82.964052,12.53899946471387
82.964053,12.538999732356936
82.964054,12.539
82.967,12.539147521281947
83.16375,12.548999799699573
83.163751,12.548999849774702
83.163752,12.548999899849832
83.163753,12.54899994992496
83.163754,12.549
83.1667,12.551221130922434
83.36005,12.696996984206825
83.360051,12.69699773815512
83.360052,12.696998492103411
83.360053,12.696999246051709
83.360054,12.697
83.3628,12.696986131313132
83.3631,12.696984616161618
83.55805,12.696000020202018
83.558051,12.69600001515151
83.558052,12.696000010101004
83.558053,12.696000005050497
83.558054,12.696
83.56095,12.69585392181589
83.7563,12.686000201765516
83.756301,12.686000151324135
83.756302,12.686000100882758
83.756303,12.68600005044138
83.756304,12.686
83.76085,12.689678843930732
83.95525,12.846996763004684
83.955251,12.846997572253512
83.955252,12.846998381502342
83.955253,12.84699919075117
83.955254,12.847
83.9585,12.845235152438905
84.15205,12.740002174796496
84.152051,12.740001631098114
84.152052,12.740001087398742
84.152053,12.740000543699372
84.152054,12.74
84.15495,12.741796761664547
84.3503,12.86299751828528
84.350301,12.862998138714245
84.350302,12.862998759143204
84.350303,12.862999379571038
84.350304,12.863
84.35305,12.864371960635935
84.3532,12.864446903860692
84.54845,12.961998001514235
84.548451,12.961998501135904
84.548452,12.961999000756665
84.548453,12.961999500378331
84.548454,12.962
84.5514,12.962476482183556
84.7463,12.99399935304531
84.746301,12.993999514783765
84.746302,12.993999676522508
84.746303,12.993999838261256
84.746304,12.994
84.74905,12.994680252780617
84.9441,13.042999009100216
84.944101,13.042999256824825
84.944102,13.042999504549885
84.944103,13.042999752274945
84.944104,13.043
84.94705,13.04352075757585
85.1421,13.077999292929054
85.142101,13.07799946969679
85.142102,13.077999646464528
85.142103,13.077999823232265
85.142104,13.078
85.14505,13.080556569120985
85.3403,13.249996528759231
85.340300999,13.24999739656982
85.340302,13.249998264380404
85.340302999,13.249999132190991
85.340304,13.25
85.34305,13.249958393939393
85.3432,13.249956121212122
85.5383,13.247000060606052
85.538301,13.247000045454532
85.538302,13.247000030303012
85.538303,13.24700001515152
85.538304,13.247
85.54105,13.245972679474171
85.7361,13.173001496460898
85.736101,13.173001122345504
85.736102,13.173000748230107
85.736103,13.173000374115396
85.736104,13.173
85.73905,13.174218829465396
85.9343,13.254998345106149
85.934301,13.254998758829046
85.934302,13.254999172552695
85.934303,13.25499958627635
85.934304,13.255
85.9371,13.254448715874847
86.1321,13.21600078867534
86.132101,13.216000591506774
86.132102,13.216000394337849
86.132103,13.216000197168926
86.132104,13.216
86.134999999,13.216102383838384
86.3301,13.222999858585812
86.330101,13.22299989393936
86.330102,13.222999929292904
86.330103,13.222999964646451
86.330104,13.223
86.332999999,13.221495015136236
86.33315,13.221417063572238
86.5283,13.120002078708136
86.528301,13.120001559030865
86.528302,13.120001039353594
86.528303,13.120000519677273
86.528304,13.12
86.531,13.118447471206023
86.728,13.005002303455964
86.728001,13.005001727591972
86.728002,13.00500115172798
86.728003,13.005000575863992
86.728004,13.005
86.7307,13.00792461420884
86.92435,13.21799566080831
86.924351,13.217996745606232
86.924352,13.217997830404157
86.924353,13.217998915202076
86.924354,13.218
86.92705,13.220126268958198
87.12215,13.373996845297214
87.122151,13.37399763397291
87.122152,13.373998422648608
87.122153,13.373999211324303
87.122154,13.374
87.12505,13.372568072653896
87.32035,13.276001977799972
87.320351,13.276001483349754
87.320352,13.276000988899536
87.320353,13.276000494450216
87.320354,13.276
87.323,13.276494454545608
87.3232,13.276531828283057
87.51835,13.31299925252534
87.518351,13.31299943939409
87.518352,13.3129996262625
87.518353,13.31299981313125
87.518354,13.313
87.521,13.31302670704013
87.7159,13.31499390360837
87.7165,13.31499995962655
87.716501,13.314999969719915
87.716502,13.314999979813264
87.716503,13.314999989906632
87.716504,13.315
87.91435,13.287000566085611
87.914351,13.287000424564209
87.914352,13.287000283042806
87.914353,13.287000141521403
87.914354,13.287
87.91705,13.285488987629629
88.1124,13.176002241857857
88.112401,13.176001681393137
88.112402,13.17600112092842
88.112403,13.176000560464718
88.112404,13.176
88.11505,13.175826228845612
88.31035,13.163000262692568
88.310351,13.163000197019397
88.310352,13.163000131346225
88.310353,13.163000065673051
88.310354,13.163
88.31495,13.161839686947577
88.3151,13.16180181772267
88.5084,13.11300100984588
88.508401,13.113000757384755
88.508402,13.11300050492317
88.508403,13.113000252461584
88.508404,13.113
88.51105,13.11496296744816
88.7059,13.259514822104848
88.70655,13.259997032551444
88.706551,13.25999777441257
88.706552,13.259998516275049
88.706553,13.259999258137524
88.706554,13.26
88.9044,13.17000181956089
88.904401,13.170001364670666
88.904402,13.170000909780445
88.904403,13.17000045489022
88.904404,13.17
88.909,13.171415939393595
89.1024,13.23099876767691
89.102401,13.230999075757824
89.102402,13.230999383838736
89.102403,13.230999691919648
89.102404,13.231
89.105049999,13.231267272727356
89.3004,13.250999595959644
89.300401,13.250999696969778
89.300402,13.250999797979912
89.300403,13.250999898989864
89.300404,13.251
89.3006,13.251056424242671
89.3032,13.2518049090911
89.4984,13.30799884848498
89.498401,13.307999136363868
89.498402,13.30799942424223
89.498403,13.307999712121116
89.498404,13.308
89.50295,13.306233449406973
89.6959,13.231254140802225
89.69655,13.231001554377816
89.696551,13.231001165783892
89.696552,13.23100077718926
89.696553,13.23100038859463
89.696554,13.231
89.8939,13.122360030303748
89.89455,13.122002202020948
89.894551,13.12200165151571
89.894552,13.122001101010474
89.894553,13.122000550505236
89.894554,13.122
90.0924,13.167999070002637
90.092401,13.167999302502084
90.092402,13.16799953500153
90.092403,13.167999767500977
90.092404,13.168
90.0951,13.168149626639837
90.2899,13.178960928355195
90.2906,13.178999778002044
90.290601,13.17899983350156
90.290602,13.178999889000972
90.290603,13.178999944500486
90.290604,13.179
90.29325,13.17692706595842
90.48845,13.024003133686774
90.488451,13.02400235026615
90.488452,13.0240015668441
90.488453,13.02400078342205
90.488454,13.024
90.4911,13.025469999999444
90.6876,13.134636666665942
90.68825,13.134997777777023
90.688251,13.134998333332767
90.688252,13.134998888888513
90.688253,13.134999444444256
90.688254,13.135
90.88395,13.07818985485141
90.8846,13.078001161192145
90.884601,13.078000870894106
90.884602,13.07800058059607
90.884603,13.078000290298036
90.884604,13.078
91.08195,13.047102393939316
91.0826,13.047000626262554
91.082601,13.047000469696844
91.082602,13.047000313131134
91.082603,13.047000156565426
91.082604,13.047
91.27995,13.021085878787812
91.2806,13.021000525252465
91.280601,13.021000393939287
91.280602,13.021000262626114
91.280603,13.021000131313176
91.280604,13.021
91.28325,13.02136081818193
91.47795,13.047910818181888
91.4786,13.047999454545518
91.478601,13.0479995909092
91.478602,13.047999727272636
91.478603,13.047999863636315
91.478604,13.048
91.67645,13.08799919130664
91.676451,13.087999393479704
91.676452,13.087999595653136
91.676453,13.08799979782657
91.676454,13.088
91.67665,13.08788867554716
91.8747,12.975399859261143
91.8754,12.975002271927355
91.875401,12.975001703946292
91.875402,12.975001135964192
91.875403,12.975000567982097
91.875404,12.975
92.07195,13.01884296070975
92.07265,13.018999107731409
92.072651,13.01899933079866
92.072652,13.018999553865909
92.072653,13.01899977693275
92.072654,13.019
92.27045,13.22299587462131
92.270451,13.22299690596645
92.270452,13.222997937311591
92.270453,13.222998968654858
92.270454,13.223
92.2707,13.222890749432423
92.2733,13.22173606863433
92.468,13.135268241230914
92.4686,13.135001776431787
92.468601,13.13500133232364
92.468602,13.13500088821549
92.468603,13.13500044410815
92.468604,13.135
92.666,13.090137272727445
92.6666,13.090000909090802
92.666601,13.090000681818
92.666602,13.090000454545608
92.666603,13.090000227272805
92.666604,13.09
92.864,12.8567138181827
92.8646,12.856004727272175
92.864601,12.856003545455746
92.864602,12.856002363637163
92.864603,12.856001181818582
92.864604,12.856
93.062,12.870950467053811
93.06265,12.870999697046235
93.062651,12.870999772784712
93.062652,12.870999848523187
93.062653,12.870999924261524
93.062654,12.871
93.25995,13.148867662794952
93.26075,13.149994366479667
93.260751,13.149995774859752
93.260752,13.149997183239837
93.260753,13.149998591619918
93.260754,13.15
93.2635,13.150013754069612
93.458,13.150987958928129
93.4604,13.15099997996494
93.460401,13.150999984973708
93.460402,13.150999989982475
93.460403,13.150999994991231
93.460404,13.151
93.656,13.045432423707371
93.65865,13.044002158891022
93.658651,13.044001619168268
93.658652,13.044001079445511
93.658653,13.044000539722756
93.658654,13.044
93.854,12.937357030612956
93.85465,12.937002183674208
93.854651,12.937001637755657
93.854652,12.937001091837104
93.854653,12.937000545918552
93.854654,12.937
94.052,13.20311809090978
94.05265,13.203994606061231
94.052651,13.20399595454654
94.052652,13.203997303031844
94.052653,13.203998651517148
94.052654,13.204
94.25,13.170137956093754
94.2508,13.170000686348644
94.250801,13.170000514761409
94.250802,13.170000343174166
94.250803,13.170000171586928
94.250804,13.17
94.25545,13.16751086176331
94.448,13.06435038665628
94.44865,13.064002143037406
94.448651,13.064001607277811
94.448652,13.06400107151919
94.448653,13.064000535759597
94.448654,13.064
94.646,13.090876882724022
94.6469,13.090999455233357
94.646901,13.09099959142508
94.646902,13.090999727616802
94.646903,13.090999863808523
94.646904,13.091
94.844,13.057155232323309
94.8449,13.057000686868609
94.844901,13.057000515151378
94.844902,13.057000343434147
94.844903,13.057000171717233
94.844904,13.057
95.042,13.068957290192111
95.0427,13.068999757330666
95.042701,13.068999817998026
95.042702,13.06899987866539
95.042703,13.06899993933264
95.042704,13.069
95.24,12.991316567389946
95.2408,12.991001574961958
95.240801,12.99100118122129
95.240802,12.99100078748062
95.240803,12.991000393739952
95.240804,12.991
95.24355,12.991651663721306
95.43805,13.037809199697206
95.43885,13.037999050744872
95.438851,13.037999288058762
95.438852,13.03799952537222
95.438853,13.03799976268611
95.438854,13.038
95.63605,13.115644058556107
95.63695,13.11599842503804
95.636951,13.11599881877871
95.636952,13.11599921251938
95.636953,13.115999606259331
95.636954,13.116
95.83405,13.014465696969928
95.83495,13.014002060605822
95.834951,13.014001545454132
95.834952,13.01400103030338
95.834953,13.014000515151691
95.834954,13.014
96.03205,12.96065070676712
96.03445,12.960001082707134
96.034451,12.960000812030351
96.034452,12.960000541353567
96.034453,12.960000270676783
96.034454,12.96
96.23005,12.877339775967137
96.23085,12.877001690427504
96.230851,12.877001267820436
96.230852,12.877000845213368
96.230853,12.877000422607068
96.230854,12.877
96.2336,12.875793424242376
96.42805,12.79035327272698
96.42885,12.790001757575554
96.428851,12.790001318181464
96.428852,12.790000878788176
96.428853,12.790000439394088
96.428854,12.79
96.62605,12.873616678445812
96.62695,12.873998303887124
96.626951,12.873998727915536
96.626952,12.873999151943949
96.626953,12.873999575971588
96.626954,12.874
96.82405,12.883954343434322
96.82495,12.883999797979822
96.824951,12.883999848484889
96.824952,12.883999898989956
96.824953,12.883999949494934
96.824954,12.884
97.02205,12.807351555555728
97.02295,12.807001555555376
97.022951,12.807001166666357
97.022952,12.80700077777804
97.022953,12.80700038888902
97.022954,12.807
97.22005,13.005191531076967
97.22085,13.005995977767016
97.220851,13.00599698332572
97.220852,13.005997988884422
97.220853,13.005998994443129
97.220854,13.006
97.2236,13.008121373390638
97.4181,13.158378884120689
97.4189,13.158996909871604
97.418901,13.15899768240265
97.418902,13.1589984549351
97.418903,13.15899922746755
97.418904,13.159
97.6161,13.089354591322447
97.6171,13.089001412714907
97.617101,13.089001059536182
97.617102,13.089000706357456
97.617103,13.089000353178728
97.617104,13.089
97.8141,12.93964746019704
97.81495,12.939003032600102
97.814951,12.939002274449733
97.814952,12.939001516299362
97.814953,12.939000758150373
97.814954,12.939
98.0121,13.056491050505118
98.01295,13.056997616161894
98.012951,13.056998212121693
98.012952,13.056998808080404
98.012953,13.056999404040203
98.012954,13.057
98.2101,13.185508509347768
98.21085,13.185997392621656
98.210851,13.18599804446624
98.210852,13.185998696310827
98.210853,13.185999348155413
98.210854,13.186
98.2136,13.1875404557967
98.4097,13.297548970699092
98.4105,13.29799775607339
98.410501,13.297998317055296
98.410502,13.297998878037204
98.410503,13.297999439018092
98.410504,13.298
98.6061,13.164684313327609
98.6071,13.164002726348835
98.607100999,13.164002044761627
98.607102,13.16400136317442
98.607103,13.16400068158721
98.607104,13.164
98.8041,13.126192686868638
98.8051,13.126000767676675
98.805101,13.126000575757422
98.805102,13.126000383838164
98.805103,13.126000191918909
98.805104,13.126
99.0021,13.12699067638924
99.00395,13.12699997988434
99.003951,13.126999984913256
99.003952,13.126999989942163
99.003953,13.126999994971085
99.003954,13.127
99.2001,13.028529137931182
99.20115,13.028002008113358
99.201151,13.028001506085705
99.201152,13.028001004057137
99.201153,13.028000502028569
99.201154,13.028
99.2039,13.028832121212156
99.39815,13.087695757575286
99.39915,13.087998787878378
99.399151,13.087999090908784
99.399152,13.08799939393919
99.399153,13.087999696969597
99.399154,13.088
99.59615,13.01835494949486
99.59715,13.018001414141253
99.597150999,13.018001060605778
99.597152,13.018000707070303
99.597153,13.01800035353483
99.597154,13.018
99.7941,13.208977939393655
99.79515,13.209996121212573
99.795151,13.209997090909871
99.795152,13.20999806060717
99.795153,13.209999030302702
99.795154,13.21
99.99215,13.318529512256823
99.993,13.318997796310594
99.993001,13.318998347233196
99.993002,13.318998898154796
99.993003,13.3189994490774
99.993004,13.319
100.19025,13.360808387585069
100.19115,13.360999152157556
100.191151,13.36099936411788
100.191152,13.360999576078584
100.191153,13.360999788039294
100.191154,13.361
100.1938,13.360385272727504
100.38815,13.315233252525193
100.38915,13.315000929293245
100.389151,13.315000696969932
100.389152,13.31500046464662
100.389153,13.31500023232331
100.389154,13.315
100.58615,13.24736188841212
100.5872,13.2470013733904
100.587201,13.247001030042645
100.587201999,13.247000686694888
100.587203,13.247000343347755
100.587204,13.247
100.78415,13.268888416266764
100.78515,13.268999555443346
100.785151,13.26899966658256
100.785152,13.268999777721774
100.785153,13.268999888860987
100.785154,13.269
100.98215,13.275962746781106
100.9832,13.275999858621576
100.983201,13.275999893966134
100.983202,13.275999929310755
100.983203,13.275999964655378
100.983204,13.276
101.18015,13.391382505050332
101.1812,13.391997656564865
101.181201,13.391998242423648
101.181202,13.39199882828243
101.181203,13.391999414141216
101.181204,13.392
101.18575,13.394385990411363
101.37815,13.495368074690816
101.37935,13.495997900579658
101.379351,13.495998425434744
101.379352,13.49599895028983
101.379353,13.495999475144917
101.379354,13.496
101.57615,13.328852740141334
101.57715,13.328003397372232
101.577151,13.328002548029174
101.577151999,13.328001698686116
101.577153,13.328000849343058
101.577154,13.328
101.77415,13.450376303029335
101.77515,13.450997515150677
101.775151,13.450998136363006
101.775152,13.450998757575338
101.775153,13.45099937878767
101.775154,13.451
101.97215,13.463934080808098
101.97315,13.463999737373769
101.973151,13.463999803030356
101.973152,13.463999868686944
101.973153,13.463999934343532
101.973154,13.464
102.1702,13.447583645543958
102.36925,13.43100033324914
102.369251,13.43100024993682
102.369252,13.431000166624496
102.369253,13.431000083312172
102.369254,13.431
102.37195,13.431369127789235
102.3723,13.431417048681515
102.56645,13.457999452332722
102.566451,13.457999589249605
102.566452,13.457999726166236
102.566453,13.45799986308312
102.566454,13.458
102.5694,13.458967121212291
102.76445,13.52299868686884
102.764451,13.522999015151182
102.764452,13.52299934343412
102.764453,13.52299967171706
102.764454,13.523
102.7674,13.52161627272703
102.96245,13.430001878788516
102.962451,13.430001409091386
102.962452,13.430000939394256
102.962453,13.430000469697127
102.962454,13.43
102.96545,13.428683575757905
103.16045,13.343001757576353
103.160451,13.343001318182264
103.160452,13.343000878788176
103.160453,13.343000439394087
103.160454,13.343
103.16345,13.34525399646499
103.3585,13.491996990659276
103.358501,13.4919977429948
103.358502,13.491998495328954
103.358503,13.491999247664475
103.358504,13.492
103.3612,13.488558587286146
103.3616,13.48804799192689
103.5567,13.23900510595531
103.556701,13.239003829466483
103.556702,13.239002552977656
103.556703,13.239001276488828
103.556704,13.239
103.5613,13.24541302325422
103.7545,13.514994418602765
103.754501,13.514995813952073
103.754502,13.51499720930138
103.754503,13.51499860465069
103.754504,13.515
103.75745,13.51351212121278
103.9525,13.415002020202705
103.952501,13.41500151515203
103.952502,13.415001010101353
103.952503,13.415000505050678
103.952504,13.415
103.9554,13.413127838383849
104.1505,13.287002585858286
104.150501,13.28700193939342
104.150502,13.287001292928556
104.150503,13.28700064646369
104.150504,13.287
104.1534,13.28711701010101
104.3485,13.294999838383855
104.348501,13.29499987878791
104.348502,13.294999919191966
104.348503,13.294999959595946
104.348504,13.295
104.3512,13.294102240161603
104.35155,13.293985691221057
104.5467,13.229001331987735
104.546701,13.229000998991255
104.546702,13.229000665994173
104.546703,13.229000332997089
104.546704,13.229
104.54935,13.227984363636748
104.7447,13.153001535354056
104.744701,13.15300115151554
104.744702,13.153000767677028
104.744703,13.153000383838512
104.744704,13.153
104.7474,13.149822668004523
104.9441,12.91800471414188
104.944101,12.91800353560802
104.944102,12.918002357072012
104.944103,12.918001178536008
104.944104,12.918
104.947,12.916466476578425
105.1405,12.814002118126028
105.140501,12.81400158859428
105.140502,12.814001059062532
105.140503,12.814000529530784
105.140504,12.814
105.1434,12.8128164682132
105.3387,12.733001634712222
105.338701,12.73300122603398
105.338702,12.733000817356483
105.338703,12.733000408678242
105.338704,12.733
105.34135,12.736139661702554
105.3415,12.736317647059606
105.53675,12.9679952537222
105.536751,12.96799644029165
105.536752,12.9679976268611
105.536753,12.96799881343055
105.536754,12.968
105.5394,12.96582172727353
105.73475,12.80500329292891
105.734751,12.805002469696309
105.734752,12.805001646463706
105.734753,12.805000823231104
105.734754,12.805
105.7374,12.807595823009642
105.9325,12.998996075853809
105.932501,12.998997056889015
105.932502,12.998998037926013
105.932503,12.998999018963008
105.932504,12.999
105.9354,13.003929050504984
106.1305,13.335993191916888
106.130501,13.335994893937666
106.130502,13.335996595958443
106.130503,13.335998297979222
106.130504,13.336
106.1334,13.33748999747792
106.32875,13.437997941992672
106.328750999,13.437998456493805
106.328752,13.437998970995867
106.328752999,13.437999485497937
106.328754,13.438
106.3314,13.438307053481216
106.33155,13.438324460141349
106.52625,13.46091830474268
106.52695,13.460999535822245
106.526951,13.460999651866684
106.526952,13.460999767911122
106.526953,13.460999883955562
106.526954,13.461
106.72475,13.612996926187028
106.724751,13.61299769464027
106.724752,13.612998463093511
106.724753,13.612999231546755
106.724754,13.613
106.72745,13.61304084848484
106.92275,13.615999939393946
106.922751,13.615999954545469
106.922752,13.615999969696986
106.922753,13.615999984848507
106.922754,13.616
106.92545,13.615850070778489
107.12055,13.60500022244689
107.120551,13.605000166835143
107.120552,13.605000111223395
107.120553,13.605000055611647
107.120554,13.605
107.12355,13.60451640857486
107.3188,13.573000645649651
107.318801,13.57300048423724
107.318802,13.573000322824829
107.318803,13.573000161412413
107.318804,13.573
107.32145,13.574681471102704
107.32165,13.574808566424451
107.5163,13.69850408806592
107.51865,13.699997458093868
107.518651,13.69999809357069
107.518652,13.699998729047511
107.518653,13.699999364523178
107.518654,13.7
107.7148,13.59900205964799
107.714801,13.599001544735758
107.714802,13.599001029823526
107.714803,13.599000514911294
107.714804,13.599
107.7175,13.60014375757634
107.9128,13.6829983030305
107.912801,13.682998727273068
107.912802,13.682999151515636
107.912803,13.682999575757432
107.912804,13.683
107.91545,13.681703399848042
108.11075,13.586001960090703
108.110751,13.586001470067806
108.110752,13.586000980044906
108.110753,13.586000490022007
108.110754,13.586
108.11345,13.58407380125689
108.3095,13.444002857862603
108.309501,13.444002143396952
108.309502,13.444001428931305
108.309503,13.444000714465652
108.309504,13.444
108.3122,13.44234827341798
108.3124,13.44222574177216
108.5063,13.323431311392437
108.507,13.323002450632629
108.507001,13.323001837974193
108.507002,13.323001225315757
108.507003,13.32300061265732
108.507004,13.323
108.7043,13.30505946956314
108.70495,13.305000363728338
108.704951,13.305000272796253
108.704952,13.305000181864168
108.704953,13.305000090932085
108.704954,13.305
108.90285,13.284000424456748
108.902851,13.284000318342512
108.902852,13.28400021222847
108.902853,13.284000106114236
108.902854,13.284
108.9055,13.285002272727583
109.10085,13.35899848484866
109.100851,13.358998863635978
109.100852,13.358999242423986
109.100853,13.358999621211993
109.100854,13.359
109.10105,13.359078221772796
109.2988,13.437998403637469
109.298801,13.437998802728282
109.298802,13.437999201818371
109.298803,13.437999600909189
109.298804,13.438
109.3015,13.436710697206356
109.30165,13.436638963000537
109.49635,13.343527963755754
109.49745,13.343001912911935
109.497451,13.343001434684604
109.497452,13.343000956456402
109.497453,13.343000478228202
109.497454,13.343
109.69435,13.342003310554288
109.695,13.342000020248037
109.695001,13.342000015186024
109.695002,13.342000010124014
109.695003,13.342000005062005
109.695004,13.342
109.8928,13.292001011122228
109.892801,13.292000758341556
109.892802,13.292000505560884
109.892803,13.292000252780213
109.892804,13.292
109.8955,13.293537073663748
110.09035,13.404627134208166
110.091,13.404997719475544
110.091001,13.404998289606915
110.091002,13.404998859737256
110.091003,13.404999429868628
110.091004,13.405
110.28835,13.138881909090214
110.289,13.138005393938768
110.289001,13.138004045455917
110.289002,13.13800269697061
110.289003,13.138001348485306
110.289004,13.138
110.29165,13.140662558196748
110.48635,13.336580956194483
110.48875,13.33899597496918
110.488751,13.338996981227345
110.488752,13.338997987483674
110.488753,13.338998993741836
110.488754,13.339
110.68435,13.204449885351217
110.685,13.204002751593288
110.685001,13.204002063694968
110.685002,13.204001375796643
110.685003,13.204000687898322
110.685004,13.204
110.88235,13.059478939393568
110.883,13.059002929292587
110.883001,13.059002196969107
110.883002,13.059001464645627
110.883003,13.059000732322149
110.883004,13.059
111.0804,13.492673030305385
111.081,13.493991212122234
111.081001,13.493993409092674
111.081002,13.493995606063114
111.081003,13.49399780302956
111.081004,13.494
111.2784,13.27965585858667
111.279,13.279004343433838
111.279001,13.279003257574884
111.279002,13.279002171717908
111.279003,13.279001085858951
111.279004,13.279
111.28165,13.272359949505605
111.47635,12.783766664979138
111.47705,12.78201003786806
111.477051,12.782007528399904
111.477052,12.782005018931748
111.477053,12.782002509463592
111.477054,12.782
111.67435,12.576680596111482
111.675,12.57600416266875
111.675001,12.576003122001564
111.675002,12.576002081334376
111.675003,12.576001040667188
111.675004,12.576
111.87235,12.544113749053276
111.87305,12.544000646301363
111.873051,12.54400048472595
111.873052,12.544000323150536
111.873053,12.544000161575417
111.873054,12.544
112.0709,12.626998321961278
112.070901,12.626998741470386
112.070902,12.626999160980258
112.070903,12.626999580490128
112.070904,12.627
112.0711,12.62692680292743
112.2684,12.553244239212528
112.26905,12.553001493817645
112.269051,12.55300112036374
112.269052,12.55300074690916
112.269053,12.55300037345458
112.269054,12.553
112.2718,12.551143939470284
112.4664,12.419611026482018
112.4673,12.419002703656686
112.467301,12.419002027742206
112.467302,12.419001351828957
112.467303,12.41900067591448
112.467304,12.419
112.6644,12.5176725865995
112.66505,12.517997997471788
112.665051,12.517998498104069
112.665052,12.51799899873635
112.665053,12.517999499368631
112.665054,12.518
112.8624,12.326634181817685
112.86305,12.326003878787429
112.863051,12.32600290909013
112.863052,12.326001939392832
112.863053,12.3260009696973
112.863054,12.326
113.0604,12.060083361089186
113.0612,12.059005389855544
113.061201,12.059004042391043
113.061202,12.059002694926548
113.061203,12.0590013474645
113.061204,12.059
113.2588,11.992221023959477
113.25945,11.992001351828344
113.259451,11.992001013871104
113.259452,11.992000675913864
113.259453,11.992000337956624
113.259454,11.992
113.2622,11.991028455900896
113.4564,11.922319838261467
113.4573,11.922001415213382
113.457301,11.922001061409876
113.457302,11.922000707606369
113.457303,11.922000353803506
113.457304,11.922
113.6544,11.79242993678973
113.65505,11.792002629583695
113.655051,11.792001972187771
113.655052,11.792001314791849
113.655053,11.792000657395924
113.655054,11.792
113.8529,11.63950409067971
113.85355,11.639003083123068
113.853551,11.639002312341953
113.853552,11.639001541560834
113.853553,11.639000770779717
113.853554,11.639
114.05045,11.527427260307936
114.0512,11.527002266632676
114.051201,11.527001699974248
114.051202,11.527001133315824
114.051203,11.527000566658428
114.051204,11.527
114.2492,11.491000727272642
114.249201,11.4910005454544
114.249202,11.491000363636486
114.249203,11.491000181818244
114.249204,11.491
114.25385,11.488115305401672
114.254,11.488022170620225
114.44645,11.368530247349756
114.4473,11.368002483593855
114.447301,11.36800186269511
114.447302,11.368001241796364
114.447303,11.368000620897618
114.447304,11.368
114.64445,11.230595212121136
114.6453,11.230002787878464
114.645301,11.230002090908531
114.645302,11.2300013939386
114.645303,11.230000696969933
114.645304,11.23
114.84325,11.082487371600829
114.8439,11.082002980865717
114.843901,11.082002235648948
114.843902,11.08200149043218
114.843903,11.082000745216767
114.843904,11.082
115.04045,10.998278580121486
115.0411,10.998001703853758
115.041101,10.998001277890124
115.041102,10.998000851927268
115.041103,10.998000425963632
115.041104,10.998
115.23845,10.910357062830892
115.23925,10.91000177643179
115.239251,10.910001332324448
115.239252,10.9100008882163
115.239253,10.91000044410815
115.239254,10.91
115.24395,10.904784856133292
115.43645,10.691003937405847
115.43735,10.690004442200392
115.437351,10.69000333164979
115.437352,10.690002221099183
115.437353,10.690001110550602
115.437354,10.69
115.6346,10.578370126327163
115.63525,10.578002263770346
115.635251,10.57800169782776
115.635252,10.578001131885172
115.635253,10.578000565942586
115.635254,10.578
115.83245,10.3428395351188
115.83315,10.342004770085348
115.833151,10.342003577563467
115.833152,10.34200238504376
115.833153,10.34200119252188
115.833154,10.342
116.0305,10.196592399696708
116.0313,10.196002947261832
116.031301,10.19600221044738
116.031302,10.196001473631586
116.031303,10.196000736815792
116.031304,10.196
116.2285,9.978830371306543
116.22925,9.978004405152303
116.229251,9.978003303863728
116.229252,9.978002202577152
116.229253,9.978001101288577
116.229254,9.978
116.232,9.974911182849798
116.4265,9.756129341739936
116.4275,9.755004499368962
116.427501,9.75500337452621
116.427502,9.755002249683455
116.427503,9.755001124840708
116.427504,9.755
116.6245,9.589716522618051
116.62535,9.589003356077448
116.625351,9.589002517057704
116.625352,9.589001678039487
116.625353,9.589000839019745
116.625354,9.589
116.82245,9.2137212525261
116.82335,9.212007616160731
116.823351,9.212005712123146
116.823352,9.212003808082097
116.823353,9.212001904041047
116.823354,9.212
117.0205,8.896207771599867
117.02125,8.895006407275657
117.021251,8.895004805456015
117.021252,8.89500320363637
117.021253,8.895001601816729
117.021254,8.895
117.21925,8.587006222221499
117.219251,8.587004666665417
117.219252,8.587003111109334
117.219253,8.587001555556082
117.219254,8.587
117.222,8.584091981845566
117.22215,8.583933131618798
117.4165,8.378116187594866
117.41755,8.37700423600556
117.417551,8.377003177003688
117.417552,8.377002118001817
117.417553,8.377001059001872
117.417554,8.377
117.6145,7.969868769270566
117.6154,7.968008268889613
117.615401,7.96800620167003
117.615402,7.968004134446686
117.615403,7.968002067223344
117.615404,7.968
117.8125,7.613625373738174
117.8134,7.612007191921626
117.813401,7.61200539394122
117.813402,7.612003595960814
117.813403,7.612001797980406
117.813404,7.612
118.0105,7.286466066066801
118.0132,7.282006606608843
118.013201,7.282004954956633
118.013202,7.282003303304422
118.013203,7.282001651652211
118.013204,7.282
118.2085,7.022070086689582
118.2093,7.021005323813761
118.209301,7.021003992859716
118.209302,7.021002661908091
118.209303,7.0210013309540455
118.209304,7.021
118.2121,7.023214234552871
118.4065,7.1771653064310375
118.40755,7.177996832282839
118.407551,7.17799762421249
118.407552,7.17799841614214
118.407553,7.17799920807035
118.407554,7.178
118.6045,7.023825101010331
118.60555,7.023003131312768
118.605551,7.02300234848422
118.605552,7.023001565657096
118.605552999,7.023000782828548
118.605554,7.023000000000001
118.8025,6.892598554460744
118.8034,6.892002648470757
118.803401,6.8920019863539705
118.803402,6.892001324235981
118.803403,6.89200066211799
118.803404,6.892
119.00055,6.741765097148425
119.00155,6.741003048196844
119.001551,6.741002286147633
119.001552,6.741001524098422
119.001553,6.741000762049211
119.001554,6.7410000000000005
119.198549999,6.658337371082386
119.19935,6.6580016784629
119.199350999,6.658001258847747
119.199351999,6.658000839231831
119.199352999,6.658000419615916
119.199353999,6.658
119.204,6.662968232029649
119.39655,6.868872897855924
119.3976,6.869995722573007
119.397601,6.869996791930241
119.397602,6.869997861285531
119.397603,6.869998930642765
119.397604,6.87
119.59455,6.8222555151515865
119.5956,6.822000969696857
119.595601,6.8220007272729735
119.595602,6.822000484848649
119.595602999,6.822000242424324
119.595604,6.822
119.79255,6.784192735539228
119.79355,6.784000767870585
119.793551,6.784000575902851
119.793552,6.784000383935467
119.793553,6.784000191967733
119.793554,6.784
119.99055,6.879513212121339
119.99155,6.879998060606286
119.991551,6.879998545454053
119.991552,6.879999030302702
119.991553,6.879999515151351
119.991554,6.88
120.18855,7.108833737374043
120.18955,7.1099953535337805
120.189551,7.109996515150336
120.189552,7.10999767676689
120.189553,7.109998838383445
120.189554,7.11
120.1923,7.113078848484974
120.38655,7.330874303028558
120.38755,7.3319955151499965
120.387551,7.331996636362497
120.387552,7.331997757574999
120.387553,7.331998878787499
120.387554,7.332
120.58455,7.711068060606548
120.58555,7.712992303031197
120.585551,7.712994227274273
120.585552,7.712996151517349
120.585552999,7.712998075760424
120.585554,7.713
120.78255,7.812467811158651
120.7836,7.812997980308237
120.783601,7.812998485230489
120.783602,7.812998990153659
120.783603,7.81299949507683
120.783604,7.813
120.9806,8.2461223654286
120.98145,8.247991205455703
120.981451,8.247993404091776
120.981452,8.247995602727851
120.981453,8.247997801363926
120.981454,8.248
121.1786,8.465890355789346
121.1796,8.466995579105241
121.179601,8.466996684328931
121.179602,8.466997789552622
121.179603,8.46699889477631
121.179604,8.467
121.18235,8.473175577256416
121.377,8.910930899075405
121.37925,8.915991004258496
121.379251,8.915993253194895
121.379252,8.915995502131294
121.379253,8.915997751063601
121.379254,8.916
121.574599999,8.945846600458404
121.575599999,8.945999388846518
121.575601,8.945999541634958
121.575602,8.945999694423397
121.575603,8.94599984721156
121.575603999,8.946
121.7726,9.080315454545634
121.7736,9.08099727272759
121.773601,9.080997954546
121.773602,9.080998636363177
121.773603,9.080999318181586
121.773604,9.081
121.9706,9.432938349735789
121.97175,9.434992853899391
121.971751,9.434994640422108
121.971752,9.434996426948072
121.971753,9.434998213474037
121.971754,9.435
122.1686,9.637529738998014
122.3683,9.842995884504324
122.368301,9.84299691337871
122.368302,9.842997942253096
122.368303,9.842998971125612
122.368304,9.843
122.3711,9.847380305189226
122.3715,9.848006958290387
122.5649,10.150993733466851
122.564901,10.15099530010014
122.564902,10.150996866733426
122.564903,10.150998433366713
122.564904,10.151
122.56785,10.152518019701278
122.76285,10.252997938872756
122.762851,10.252998454154566
122.762852,10.252998969436378
122.762853,10.252999484718188
122.762854,10.253
122.76585,10.255360484847897
122.96085,10.408996848483785
122.960851,10.408997636362836
122.960852,10.408998424241892
122.960853,10.408999212120946
122.960854,10.409
122.96385,10.410860681645596
123.1589,10.531997515779132
123.158901,10.531998136834632
123.158902,10.531998757889
123.158903,10.5319993789445
123.158904,10.532
123.16185,10.532684424242545
123.3569,10.57799907070718
123.356901,10.577999303030069
123.356902,10.577999535353378
123.356903,10.577999767676689
123.356904,10.578
123.3617,10.578726666666553
123.362,10.578772121211962
123.5549,10.60799939393919
123.554901,10.607999545454392
123.554902,10.607999696969594
123.554903,10.607999848484798
123.554904,10.608
123.5579,10.609997333332837
123.7529,10.73999733333243
123.752901,10.739997999999323
123.752902,10.739998666666215
123.752903,10.739999333333108
123.752904,10.74
123.7559,10.742042727272237
123.9509,10.87499727272759
123.950901,10.874997954546002
123.950902,10.874998636364417
123.950903,10.874999318182828
123.950904,10.875
123.9539,10.878385139975974
124.14915,11.098995480452444
124.149151,11.098996610339332
124.149152,11.09899774022622
124.149153,11.09899887011311
124.149154,11.099
124.1519,11.099263838179532
124.3469,11.117999615676403
124.346901,11.117999711757347
124.346902,11.117999807838114
124.346903,11.117999903919058
124.346904,11.118
124.34975,11.120052852458596
124.35005,11.120269245901
124.54515,11.260997114754437
124.545151,11.260997836066156
124.545152,11.260998557377874
124.545153,11.26099927868828
124.545154,11.261
124.5479,11.260777820480396
124.7429,11.24500032364107
124.742901,11.245000242730804
124.742902,11.245000161820537
124.742903,11.245000080910268
124.742904,11.245
124.7459,11.24566577777762
124.9409,11.288999111111217
124.940901,11.288999333333512
124.940902,11.28899955555581
124.940903,11.288999777778107
124.940904,11.289
124.9439,11.288335061790434
125.139149999,11.24500088776827
125.139151,11.245000665826204
125.139152,11.245000443884136
125.139153,11.24500022194207
125.139154,11.245
125.1419,11.250650262892052
125.33695,11.651991769465065
125.336951,11.65199382709599
125.336952,11.65199588473066
125.336953,11.65199794236533
125.336954,11.652
125.33975,11.65176018163481
125.340049999,11.65173445005042
125.53515,11.63500034308775
125.535151,11.635000257315774
125.535152,11.635000171543798
125.535153,11.63500008577182
125.535154,11.635
125.5399,11.638594546831987
125.7332,11.784996970462355
125.733201,11.784997727845736
125.733202,11.78499848523049
125.733203,11.784999242615244
125.733204,11.785
125.73595,11.784569527180764
125.93095,11.754000627054287
125.930951,11.754000470290643
125.930952,11.754000313527
125.930953,11.754000156763643
125.930954,11.754
125.9339,11.75446066078192
126.1292,11.7849993745269
126.129201,11.784999530895176
126.129202,11.78499968726345
126.129203,11.784999843631724
126.129204,11.785
126.132,11.788474695628787
126.32715,12.030995029046055
126.327150999,12.030996271784543
126.327152,12.03099751452303
126.327153,12.030998757261514
126.327154,12.031
126.32985,12.032538626262372
126.33005,12.032652767676746
126.52515,12.143997717170944
126.525151,12.143998287878208
126.525152,12.143998858585473
126.525153,12.143999429292736
126.525154,12.144
126.52795,12.143647058823673
126.7232,12.11900050492294
126.723201,12.119000378692148
126.723202,12.119000252461586
126.723203,12.119000126230793
126.723204,12.119
126.72595,12.119416481294254
126.921,12.148999393326664
126.921001,12.148999544995068
126.921002,12.148999696663196
126.921003,12.148999848331597
126.921004,12.149
126.92395,12.150263420787304
127.1192,12.23399828456047
127.119201,12.233998713420352
127.119202,12.233999142280236
127.119203,12.233999571140115
127.119204,12.234
127.12195,12.235012414141456
127.3172,12.306998525252029
127.317201,12.30699889393902
127.317202,12.306999262626013
127.317203,12.306999631313008
127.317204,12.307
127.31985,12.308602018162878
127.3201,12.308753380423802
127.5147,12.426573763874844
127.5154,12.426997578204116
127.515401,12.426998183653362
127.515402,12.426998789101509
127.515403,12.426999394550752
127.515404,12.427
127.7147,12.518998153537597
127.714701,12.518998615153407
127.714702,12.518999076768376
127.714703,12.51899953838419
127.714704,12.519
127.71745,12.51749074809154
127.9112,12.411002198473026
127.911201,12.41100164885452
127.911202,12.411001099237012
127.911203,12.411000549618509
127.911204,12.411
127.91395,12.411416060606076
128.1092,12.440999393939466
128.109201,12.440999545454392
128.109202,12.440999696969596
128.109203,12.4409998484848
128.109204,12.441
128.11195,12.442471316975531
128.3089,12.547997856785427
128.308901,12.547998392589314
128.308902,12.5479989283932
128.308903,12.547999464196112
128.308904,12.548
128.3116,12.547560956743077
128.3118,12.547528386768454
128.50475,12.51610650381671
128.5054,12.516000651399416
128.505401,12.516000488549489
128.505402,12.51600032569956
128.505403,12.516000162849927
128.505404,12.516
128.70325,12.73499557240385
128.703251,12.734996679303393
128.703252,12.734997786200918
128.703253,12.73499889310046
128.703254,12.735
128.706,12.735083212121214
128.90125,12.740999878787893
128.901251,12.740999909090878
128.901252,12.740999939393918
128.901253,12.74099996969696
128.901254,12.741
128.9059,12.73956865656584
129.09925,12.680001232323647
129.099251,12.680000924242735
129.099252,12.680000616161824
129.099253,12.680000308080912
129.099254,12.68
129.102,12.67775327272716
129.29725,12.518003272726894
129.297251,12.518002454544796
129.297252,12.518001636362705
129.297253,12.518000818180608
129.297254,12.518
129.2999,12.52098441087704
129.30015,12.521266384692783
129.49475,12.740754803624428
129.49585,12.741995488417404
129.495851,12.741996616313054
129.495852,12.741997744208703
129.495853,12.741998872104352
129.495854,12.742
129.69275,12.651301260440158
129.6934,12.651001842571286
129.693401,12.651001381928255
129.693402,12.651000921285224
129.693403,12.651000460643033
129.693404,12.651
129.89125,12.753997917614596
129.891251,12.753998438210235
129.891252,12.753998958806823
129.891253,12.753999479403411
129.891254,12.754
129.894,12.752447882916918
130.088749999,12.642369659348686
130.0894,12.642002260913186
130.089401,12.64200169568566
130.089402,12.642001130457109
130.089403,12.642000565228551
130.089404,12.642
130.28725,12.777997250441324
130.287251,12.777997937830992
130.287252,12.777998625220665
130.287253,12.777999312610332
130.287254,12.778
130.28995,12.779292230070432
130.29015,12.77938809283551
130.48475,12.872662563067587
130.48545,12.872998082744926
130.485451,12.872998562058912
130.485452,12.8729990413729
130.485453,12.872999520686015
130.485454,12.873
130.68275,12.885953777777775
130.68345,12.88599973737377
130.683451,12.885999803030357
130.683452,12.885999868686826
130.683453,12.885999934343412
130.683454,12.886
130.8813,12.932999049784868
130.881301,12.932999287338651
130.881302,12.932999524892434
130.881303,12.932999762446215
130.881304,12.933
130.88405,12.932363487024412
131.07905,12.88716318468129
131.07975,12.887000927185582
131.079751,12.887000695389505
131.079752,12.887000463593004
131.079753,12.8870002317965
131.079754,12.887
131.2768,12.83915878603933
131.27745,12.839000971168325
131.277451,12.839000728376131
131.277452,12.83900048558394
131.277453,12.83900024279175
131.277454,12.839
131.2802,12.840400737373797
131.4748,12.939666393939657
131.47545,12.939997959596196
131.475451,12.93999846969738
131.475452,12.939998979798562
131.475453,12.939999489898817
131.475454,12.94
131.6728,13.026712636363865
131.67345,13.026998242424447
131.673451,13.026998681818537
131.673452,13.026999121211825
131.673453,13.026999560605914
131.673454,13.027
131.8708,13.041950454545493
131.87145,13.041999696969732
131.871451,13.041999772727197
131.871452,13.041999848484798
131.871453,13.0419999242424
131.871454,13.042
132.0688,13.071900909090711
132.06945,13.07199939393919
132.069451,13.071999545454393
132.069452,13.071999696969597
132.069453,13.0719998484848
132.069454,13.072
132.26725,13.21660799198883
132.26915,13.21799707561376
132.269151,13.217997806710652
132.269152,13.217998537807546
132.269153,13.217999268903109
132.269154,13.218
132.27185,13.218494426897523
132.4648,13.253880061131015
132.46545,13.25399926642902
132.465451,13.253999449821848
132.465452,13.253999633214676
132.465453,13.253999816607504
132.465454,13.254
132.6628,13.0527180408988
132.6635,13.05200407977736
132.663501,13.05200305983441
132.663502,13.052002039889608
132.663503,13.052001019944804
132.663504,13.052
132.8625,13.068944312546847
132.86315,13.068999659403843
132.863151,13.06899974455288
132.863152,13.06899982970192
132.863153,13.06899991485096
132.863154,13.069
133.05885,13.192618461537988
133.05945,13.192997473255517
133.059451,13.192998104940774
133.059452,13.192998736627183
133.059453,13.192999368313592
133.059454,13.193
133.25685,13.272735824287002
133.2575,13.27299838424659
133.257501,13.272998788185124
133.257502,13.27299919212366
133.257503,13.2729995960622
133.257504,13.273
133.2604,13.27102744702324
133.45485,13.138581685166422
133.4557,13.13800272452037
133.455701,13.138002043389967
133.455702,13.138001362260804
133.455703,13.138000681130402
133.455704,13.138
133.65285,13.027367007077569
133.6535,13.027002244691348
133.653501,13.027001683518256
133.653502,13.027001122346183
133.653503,13.027000561173091
133.653504,13.027
133.85085,12.939290666666436
133.8515,12.939001777777571
133.851501,12.939001333333785
133.851502,12.93900088888919
133.851503,12.939000444444597
133.851504,12.939
134.04885,12.909121725965353
134.04965,12.909000605601747
134.049651,12.909000454201516
134.049652,12.909000302801012
134.049653,12.909000151400503
134.049654,12.909
134.24685,12.856175193328628
134.2475,12.85600107151919
134.247501,12.856000803639391
134.247502,12.856000535759597
134.247503,12.856000267879798
134.247504,12.856
134.25025,12.856346279949344
134.44485,12.880886002522011
134.44575,12.88099949558644
134.445751,12.880999621689655
134.445752,12.880999747793105
134.445753,12.880999873896553
134.445754,12.881
134.6429,12.930847281921888
134.6435,12.930998988622116
134.643501,12.930999241466704
134.643502,12.930999494311289
134.643503,12.930999747155417
134.643504,12.931
134.8409,12.952932888888803
134.8415,12.952999555555609
134.841501,12.952999666666756
134.841502,12.952999777777702
134.841503,12.95299988888885
134.841504,12.953
135.03885,12.992837698713233
135.03965,12.992999192531006
135.039651,12.992999394397978
135.039652,12.99299959626532
135.039653,12.99299979813266
135.039654,12.993
135.23685,13.018907508842844
135.23755,13.018999474482122
135.237551,13.018999605861652
135.237552,13.01899973724118
135.237553,13.01899986862071
135.237554,13.019
135.2405,13.017959535822222
135.43485,12.949319273461306
135.43575,12.949001412714264
135.435751,12.94900105953618
135.435752,12.949000706357454
135.435753,12.949000353178729
135.435754,12.949
135.6329,12.99978003030306
135.63375,12.99999896969662
135.633751,12.999999227272466
135.633752,12.99999948484831
135.633753,12.999999742424157
135.633754,13.0
135.8309,13.044851213346933
135.83155,13.044999089989997
135.831551,13.044999317492186
135.831552,13.04499954499479
135.831553,13.044999772497397
135.831554,13.045
136.0289,13.05695130961386
136.0297,13.056999757759192
136.029701,13.056999818319394
136.029702,13.056999878879596
136.029703,13.056999939439798
136.029704,13.057
136.2269,12.937637982345702
136.22795,12.93700242118509
136.227951,12.937001815888545
136.227952,12.937001210593095
136.227953,12.937000605296546
136.227954,12.937
136.2307,12.937374738438224
136.4249,12.963876633813436
136.4258,12.963999454131734
136.425801,12.9639995905988
136.425802,12.963999727065866
136.425803,12.963999863532932
136.425804,12.964
136.6229,12.987896458701703
136.62375,12.987999515029104
136.623751,12.98799963627166
136.623752,12.98799975751444
136.623753,12.98799987875722
136.623754,12.988
136.8209,12.859523950492116
136.8217,12.859002606718564
136.821701,12.859001955038629
136.821702,12.859001303359875
136.821703,12.859000651679938
136.821704,12.859
137.0189,12.884894424242272
137.0197,12.884999474747536
137.019701,12.884999606060472
137.019702,12.884999737373647
137.019703,12.884999868686824
137.019704,12.885
137.2169,12.928821333333078
137.2177,12.92899911111081
137.217701,12.928999333333108
137.217702,12.928999555555404
137.217703,12.928999777777705
137.217704,12.929
137.22065,12.92568621437724
137.4149,12.7071855838591
137.41595,12.70600449936896
137.415951,12.706003374528256
137.415952,12.706002249685502
137.415953,12.706001124842752
137.415954,12.706
137.61295,12.6253496285064
137.6138,12.6250016376048
137.613801,12.6250012282036
137.613802,12.6250008188024
137.613803,12.6250004094012
137.613804,12.625
137.81095,12.640930989898852
137.8118,12.640999676767567
137.811801,12.640999757575676
137.811802,12.640999838383784
137.811803,12.640999919191891
137.811804,12.641
138.00995,12.90293716008895
138.01075,12.903994712237466
138.010751,12.9039960341781
138.010752,12.903997356118731
138.010753,12.903998678059368
138.010754,12.904
138.20695,12.837341115618576
138.20795,12.83700135902621
138.207951,12.837001019269504
138.207952,12.837000679512796
138.207953,12.837000339756708
138.207954,12.837
138.2107,12.83661167676766
138.40495,12.809141979797944
138.40595,12.8090005656565
138.405951,12.809000424242312
138.405952,12.80900028282838
138.405953,12.80900014141419
138.405954,12.809
138.60405,12.967317486805818
138.604899999,12.96799680321726
138.604901,12.967997602413307
138.604902,12.967998401607904
138.604903,12.967999200803952
138.604903999,12.968
138.80095,12.852591037807509
138.80195,12.8520023547331
138.801951,12.852001766049824
138.801952,12.85200117736655
138.801953,12.852000588683277
138.801954,12.852
138.99895,12.70574539394055
138.99995,12.705002969697976
138.999951,12.705002227273482
138.999952,12.705001484848989
138.999953,12.705000742424494
138.999954,12.705
139.19695,12.761768311425351
139.19775,12.761998847320136
139.197751,12.761999135490102
139.197752,12.761999423660068
139.197753,12.761999711830034
139.197754,12.762
139.20075,12.758811319042398
139.39495,12.552121785624529
139.396,12.551004257250453
139.396001,12.551003192939293
139.396002,12.551002128626196
139.396003,12.551001064313096
139.396004,12.551
139.593,12.61368054545463
139.594,12.613998727272298
139.594000999,12.613999045454223
139.594002,12.613999363636148
139.594003,12.613999681818076
139.594004,12.614
139.79195,12.520474370444711
139.79295,12.52000188992273
139.792951,12.520001417442048
139.792952,12.520000944961366
139.792953,12.520000472480682
139.792954,12.52
139.989,12.39961651357508
139.99,12.399002456229098
139.990001,12.399001842171543
139.990002,12.399001228113992
139.990003,12.399000614056437
139.990004,12.399
140.187,12.264514740834793
140.18775,12.264002730721533
140.187751,12.26400204804115
140.187752,12.264001365360766
140.187753,12.264000682680384
140.187754,12.264
140.19075,12.265375213114416
140.38495,12.354516196721177
140.386,12.35499816393464
140.386001,12.35499862295119
140.386002,12.354999081966902
140.386003,12.354999540983451
140.386004,12.355
140.583,12.136115555555264
140.584,12.135004444443927
140.584000999,12.135003333334462
140.584002,12.135002222222974
140.584003,12.135001111111489
140.584004,12.135
140.781,12.001612107125114
140.7819,12.00100270843829
140.781901,12.00100203132841
140.781902,12.001001354218529
140.781903,12.00100067710988
140.781904,12.001
140.9795,11.881636697709716
140.98055,11.881002416309812
140.980551,11.881001812232086
140.980552,11.881001208155457
140.980553,11.881000604077729
140.980554,11.881
141.177,11.907835527447489
141.1782,11.907999453579622
141.178201,11.90799959018478
141.178202,11.907999726789686
141.178203,11.907999863394844
141.178204,11.908
141.18095,11.908860510487775
141.37505,11.969685377811556
141.37605,11.969998746525292
141.376051,11.969999059893542
141.376052,11.96999937326236
141.376053,11.969999686631182
141.376054,11.97
141.573,11.779022060606346
141.57405,11.778003878789193
141.574051,11.778002909091894
141.574051999,11.778001939394596
141.574053,11.7780009696973
141.574054,11.778
141.771,11.583190936159616
141.7722,11.582003956599875
141.772201,11.582002967449908
141.772202,11.58200197829994
141.772203,11.58200098914997
141.772204,11.582
141.969,11.67265267527139
142.1673,11.763998157427876
142.167301,11.763998618070907
142.167302,11.76399907871394
142.167303,11.76399953935697
142.167304,11.764
142.1703,11.7607013737382
142.3653,11.546004404041897
142.365301,11.54600330303142
142.365302,11.546002202020947
142.365303,11.546001101010472
142.365304,11.546
142.36815,11.54197535353616
142.36845,11.54155111111234
142.5633,11.266005656565
142.563301,11.266004242423106
142.563302,11.266002828281213
142.563303,11.26600141413932
142.563304,11.266
142.5663,11.26876903030402
142.7613,11.448996303030732
142.761301,11.44899722727347
142.761302,11.448998151516207
142.761303,11.448999075757262
142.761304,11.449
142.7643,11.4496347137455
142.95955,11.490999152585218
142.959551,11.49099936443901
142.959552,11.490999576292802
142.959553,11.490999788146594
142.959554,11.491
142.9623,11.490569527180767
143.1573,11.46000062705429
143.157301,11.46000047029093
143.157302,11.460000313527289
143.157303,11.460000156763645
143.157304,11.46
143.1603,11.459485535353664
143.3553,11.42600068686892
143.355301,11.42600051515169
143.355302,11.42600034343446
143.355303,11.42600017171723
143.355304,11.426
143.36025,11.42859789898945
143.3604,11.42867668686816
143.5533,11.529997898990144
143.553301,11.529998424242846
143.553302,11.529998949495548
143.553303,11.529999474748251
143.553304,11.53
143.5563,11.528668780610484
143.75135,11.44200177732875
143.751351,11.44200133299636
143.751352,11.44200088866478
143.751353,11.44200044433239
143.751354,11.442
143.7543,11.439991363636013
143.94935,11.30700272727241
143.949351,11.307002045455238
143.949352,11.307001363636823
143.949353,11.307000681818414
143.949354,11.307
143.95425,11.307445090909123
144.14735,11.324999636363517
144.147351,11.324999727272637
144.147352,11.324999818181755
144.147353,11.32499990909088
144.147354,11.325
144.15035,11.320964016146288
144.34555,11.05800538849584
144.345551,11.05800404137127
144.345552,11.058002694246696
144.345553,11.058001347124572
144.345554,11.058
144.3483,11.056972679474171
144.3485,11.056897856420433
144.54335,10.984001496460898
144.543351,10.984001122345504
144.543352,10.984000748230107
144.543353,10.984000374115396
144.543354,10.984
144.5483,10.983300565656435
144.74135,10.9560005656565
144.741351,10.95600042424231
144.741352,10.95600028282838
144.741353,10.956000141414188
144.741354,10.956
144.7443,10.95495953582222
144.93955,10.88600141271491
144.939551,10.886001059536182
144.939552,10.886000706357455
144.939553,10.886000353178728
144.939554,10.886
144.9423,10.88467861654129
145.13905,10.790001924811808
145.139050999,10.790001443608636
145.139051999,10.790000962405466
145.139052999,10.790000481202297
145.139054,10.79
145.1418,10.78835100254446
145.335549999,10.672002402035345
145.335551,10.672001801526235
145.335551999,10.672001201017126
145.335553,10.672000600508015
145.335553999,10.672
145.33835,10.670969411764464
145.33845,10.67093255238578
145.5336,10.599001474374989
145.533601,10.599001105781744
145.533602,10.59900073718783
145.533603,10.599000368593916
145.533604,10.599
145.53635,10.597764126422195
145.73135,10.510001800252637
145.731351,10.510001350189272
145.731352,10.510000900125908
145.731353,10.510000450063364
145.731354,10.51
145.73435,10.507702940730589
145.9296,10.358003066835844
145.929601,10.358002300126882
145.929602,10.35800153341792
145.929603,10.358000766708962
145.929604,10.358
145.93235,10.357736494949656
146.1276,10.33900038383834
146.127601,10.339000287878712
146.127602,10.339000191919082
146.127603,10.339000095959454
146.127604,10.339
146.13035,10.337764126422206
146.32535,10.250001800253454
146.325351,10.250001350190091
146.325352,10.250000900126729
146.325353,10.250000450063364
146.325354,10.25
146.33025,10.246888292560811
146.330399999,10.246792958385727
146.5236,10.124002542244346
146.523601,10.12400190668297
146.523602,10.12400127112275
146.523603,10.124000635561377
146.523604,10.124
146.52635,10.122516050504991
146.7216,10.01700216161591
146.721601,10.01700162121267
146.721602,10.017001080808448
146.721603,10.017000540404222
146.721604,10.017
146.72435,10.015389605662216
146.9194,9.901002345803567
146.919401,9.901001759353475
146.919402,9.901001172902316
146.919403,9.90100058645116
146.919404,9.901
146.92235,9.900093309787929
147.1176,9.840001231079574
147.117601,9.84000092330954
147.117602,9.840000615539507
147.117603,9.840000307769474
147.117604,9.84
147.1204,9.838391806255926
147.3151,9.726404924318894
147.3158,9.72600230070609
147.315801,9.726001725529306
147.315802,9.72600115035357
147.315803,9.726000575176784
147.315804,9.726
147.31855,9.72570853677027
147.51365,9.705000424564014
147.513651,9.705000318423156
147.513652,9.705000212282105
147.513653,9.705000106141052
147.513654,9.705
147.5164,9.703099989898911
147.71165,9.568002767677704
147.711651,9.568002075758278
147.711652,9.568001383838851
147.711653,9.568000691919426
147.711654,9.568
147.7144,9.5673204343434
147.90965,9.519000989898874
147.909651,9.519000742424044
147.909652,9.519000494949212
147.909653,9.51900024747438
147.909654,9.519
147.9124,9.517996204306424
148.10935,9.44600146219312
148.109351,9.446001096645338
148.109352,9.446000731096891
148.109353,9.446000365548446
148.109354,9.446
148.1121,9.44467207940946
148.30515,9.35131626368008
148.3058,9.351001934334212
148.305801,9.35100145075044
148.305802,9.351000967166668
148.305803,9.351000483583771
148.305804,9.351
148.30855,9.35034767753346
148.50365,9.304000950214698
148.503651,9.304000712661349
148.503652,9.304000475107566
148.503653,9.304000237553783
148.503654,9.304
148.5064,9.302650749561238
148.7031,9.206001965404637
148.703101,9.206001474054146
148.703102,9.206000982702763
148.703103,9.206000491351382
148.703104,9.206
148.70585,9.20274723945081
148.89915,8.973774692426558
148.8998,8.973004738181574
148.899801,8.97300355363618
148.899802,8.973002369090787
148.899803,8.973001184545394
148.899804,8.973
149.0981,8.8780019162891
149.098101,8.878001437216826
149.098102,8.87800095814455
149.098103,8.878000479072275
149.098104,8.878
149.102,8.874670422250162
149.29515,8.709601648546181
149.29585,8.70900341845725
149.295851,8.70900256384255
149.295852,8.709001709229403
149.295853,8.7090008546147
149.295854,8.709
149.2986,8.708819707070699
149.4932,8.696042939393905
149.49385,8.696000262626232
149.493851,8.696000196969763
149.493852,8.696000131313175
149.493853,8.696000065656587
149.493854,8.696
149.6917,8.398006024768277
149.691701,8.398004518576208
149.691702,8.398003012384137
149.691703,8.398001506192069
149.691704,8.398
149.6963,8.395796517790084
149.8892,8.303313550340407
149.88985,8.303001917738865
149.889851,8.30300143830393
149.889852,8.303000958868997
149.889853,8.303000479434063
149.889854,8.303
150.08765,8.0110059049565
150.087651,8.011004428717374
150.087652,8.01100295247825
150.087653,8.011001476239125
150.087654,8.011000000000001
150.09045,8.006705992998253
150.2852,7.707615197599106
150.28755,7.704006143073615
150.287551,7.704004607305212
150.287552,7.704003071536808
150.287553,7.704001535768404
150.287554,7.704
150.2903,7.70177578196628
150.4832,7.545529730004679
150.48385,7.5450032399384925
150.483851,7.545002429954974
150.483852,7.545001619969983
150.483853,7.545000809984991
150.483854,7.545
150.6818,7.266005637786665
150.681801,7.266004228339358
150.681802,7.266002818894615
150.681803,7.266001409447307
150.681804,7.266
150.6848,7.263549346125335
150.8792,7.104534955820302
150.87985,7.104003271902143
150.879851,7.104002453926607
150.879852,7.104001635951072
150.879853,7.104000817975535
150.879854,7.104
151.07725,6.936554768997294
151.0779,6.936003393082161
151.077901,6.936002544811235
151.077902,6.936001696541852
151.077903,6.936000848270925
151.077904,6.936
151.2752,6.739650861328107
151.27585,6.739003980802771
151.275851,6.739002985601625
151.275852,6.73900199040048
151.275853,6.739000995201145
151.275854,6.739
151.28065,6.735778444443725
151.47325,6.606405717172219
151.47385,6.606002686868375
151.473851,6.606002015150976
151.473852,6.606001343434798
151.473853,6.606000671717399
151.473854,6.606
151.67125,6.219183595961061
151.67185,6.218007838382928
151.671851,6.218005878789869
151.671852,6.2180039191932455
151.671853,6.218001959596623
151.671854,6.218
151.86925,6.034561292929988
151.86985,6.034003717172976
151.869851,6.034002787879731
151.869852,6.034001858586487
151.869853,6.034000929293244
151.869854,6.034
152.06725,5.779842060085179
152.0679,5.779005150213994
152.067901,5.77900386265991
152.067902,5.779002575105825
152.067903,5.779001287554084
152.067904,5.779
152.2652,5.705263111111126
152.2659,5.705001494949321
152.265901,5.705001121211821
152.265902,5.705000747475
152.265903,5.705000373737501
152.265904,5.705
152.2687,5.702076909090212
152.46325,5.498683727272189
152.4639,5.498004181817696
152.463901,5.498003136364698
152.463902,5.498002090909799
152.463903,5.4980010454549
152.463904,5.498
152.66125,5.220918242426072
152.6619,5.220005616163517
152.661901,5.220004212122638
152.661902,5.220002808081759
152.661903,5.220001404040879
152.661904,5.22
152.85925,5.013839909160931
152.86005,5.013004178653951
152.860051,5.013003133990463
152.860052,5.013002089326975
152.860053,5.013001044663487
152.860054,5.013
153.05885,4.843514944835143
153.05945,4.843003410230296
153.059451,4.843002557673885
153.059452,4.843001705115923
153.059453,4.843000852557962
153.059454,4.843
153.25525,4.651882399593722
153.25615,4.651003904424301
153.256151,4.651002928318226
153.256152,4.65100195221215
153.256153,4.651000976106075
153.256154,4.651
153.2588,4.645500601771964
153.45325,4.241359261692994
153.4539,4.240008313526215
153.453901,4.240006235143716
153.453902,4.240004156764998
153.453903,4.240002078382499
153.453904,4.24
153.65125,4.0885020606056655
153.6519,4.088003070706714
153.651901,4.088002303031082
153.651902,4.088001535354056
153.651903,4.088000767677028
153.651904,4.088
153.84925,3.8778561392896456
153.85005,3.877004259400887
153.850051,3.8770031945506656
153.850052,3.877002129700444
153.850053,3.877001064850222
153.850054,3.877
154.0473,3.594935229913366
154.04795,3.594005720059972
154.047951,3.5940042900443285
154.047952,3.5940028600286853
154.047953,3.594001430015643
154.047954,3.594
154.24525,3.419798183653267
154.24615,3.4190035317856644
154.246151,3.419002648840453
154.246152,3.419001765893636
154.246153,3.419000882946817
154.246154,3.419
154.24885,3.4166716363640206
154.4433,3.24873754545445
154.44415,3.248003454546624
154.444151,3.248002590909968
154.444152,3.248001727273312
154.444153,3.248000863636656
154.444154,3.248
154.6413,2.948991911023213
154.64195,2.9480060667361285
154.641951,2.9480045500520964
154.641952,2.948003033368064
154.641953,2.948001516684032
154.641954,2.948
154.8393,2.8314747312648745
154.8401,2.831002361847885
154.840101,2.831001771385914
154.840102,2.8310011809239426
154.840103,2.8310005904619717
154.840104,2.831
155.0373,2.758296424242181
155.0381,2.7580014747473034
155.038101,2.75800110606031
155.038102,2.758000737373316
155.038103,2.758000368686323
155.038104,2.758
155.2353,2.607651118404357
155.23615,2.607003049734561
155.236151,2.607002287301961
155.236152,2.6070015248679743
155.236153,2.6070007624339877
155.236154,2.607
155.2408,2.600875727273513
155.4333,2.347125727272581
155.43415,2.346005272729058
155.434151,2.346003954546793
155.434152,2.346002636364529
155.434153,2.3460013181822648
155.434154,2.346
155.6313,2.1795521638029216
155.63195,2.179003377149778
155.631951,2.179002532862333
155.631952,2.179001688574889
155.631953,2.179000844287444
155.631954,2.179
155.8293,2.060482846329231
155.8301,2.060002402221353
155.830101,2.060001801666015
155.830102,2.0600012011106767
155.830103,2.0600006005553384
155.830104,2.06
156.0273,1.8010557575748916
156.0281,1.8000052525246422
156.028101,1.8000039393928846
156.028102,1.8000026262611268
156.028103,1.800001313129369
156.028104,1.8
156.2253,1.4379352131152827
156.22635,1.4360073442614416
156.226351,1.436005508198586
156.226352,1.4360036721323906
156.226353,1.4360018360661952
156.226354,1.436
156.22905,1.433152064695948
156.42335,1.227902127876456
156.4242,1.227004225424731
156.424201,1.2270031690685483
156.424202,1.2270021127123656
156.424203,1.2270010563561828
156.424204,1.227
156.62135,1.1005477676767017
156.6222,1.1000025656562675
156.622201,1.100001924241909
156.622202,1.1000012828275505
156.622203,1.100000641413192
156.622204,1.1
156.81935,0.6487259322903934
156.8201,0.6470091561384003
156.820101,0.647006867106923
156.820102,0.647004578071282
156.820103,0.647002289035641
156.820104,0.647
157.01735,0.3734723804756602
157.01985,0.3700055469330224
157.019851,0.3700041602016587
157.019852,0.3700027734677724
157.019853,0.3700013867338862
157.019854,0.37
157.21535,0.1879350229005201
157.21635,0.1870037251904067
157.216351,0.1870027938940756
157.216352,0.1870018625960504
157.216353,0.1870009312980252
157.216354,0.187
157.219,0.1855155117518891
157.41335,0.0764791205458053
157.4142,0.0760022441250963
157.414201,0.0760016830938222
157.414202,0.0760011220625481
157.414203,0.076000561031274
157.414204,0.076
157.61225,0.0202404424333534
157.6131,0.0200011261939365
157.613101,0.0200008446453243
157.613102,0.0200005630972243
157.613103,0.0200002815486121
157.613104,0.02
157.80935,0.0897143872109589
157.81015,0.0899985790403715
157.810151,0.0899989342802786
157.810152,0.0899992895201857
157.810153,0.0899996447600928
157.810154,0.09
158.00735,0.0730690303029736
158.00815,0.0730003434343035
158.008151,0.0730002575756885
158.008152,0.0730001717170736
158.008153,0.0730000858584587
158.008154,0.073
158.205349999,0.0660946873436868
158.20805,0.0660001400700824
158.208051,0.0660001050525618
158.208052,0.0660000700350412
158.208053,0.0660000350175206
158.208054,0.066
158.21075,0.0664668398267632
158.4034,0.0998261471858775
158.4044,0.0999993073590728
158.404401,0.0999994805193046
158.404402,0.0999996536795364
158.404403,0.0999998268397682
158.404404,0.1
158.60135,0.0362924235527547
158.60225,0.036001293909377
158.602251,0.0360009704318857
158.602251999,0.0360006469543943
158.602253,0.0360003234774913
158.602254,0.036
158.79955,0.0200810085728483
158.80055,0.0200003227432807
158.800551,0.0200002420574238
158.800552,0.0200001613715669
158.800553,0.0200000806858568
158.800554,0.02
158.99735,0.1066240930939012
158.9982,0.1069982393121196
158.998201,0.1069986794842898
158.998202,0.1069991196564601
158.998203,0.1069995598278297
158.998204,0.107
159.19535,0.0234467003028478
159.1964,0.0230016952571188
159.196401,0.0230012714434173
159.196402,0.0230008476289448
159.196403,0.0230004238144724
159.196404,0.023
159.1991,0.0231089292929113
159.3934,0.0309594343434449
159.3944,0.0309998383837836
159.394401,0.0309998787878377
159.394402,0.0309999191918918
159.394403,0.0309999595959459
159.394404,0.031
159.5914,0.0419442222222363
159.5924,0.0419997777778036
159.592401,0.0419998333333779
159.592402,0.0419998888889523
159.592403,0.0419999444445266
159.592404,0.042
159.7894,0.0459797171717224
159.7904,0.0459999191919285
159.790401,0.0459999393939556
159.790402,0.0459999595959826
159.790403,0.0459999797979729
159.790404,0.046
159.9874,0.0121382002021101
159.9882,0.0120006875631152
159.988201,0.0120005156722582
159.988202,0.0120003437814012
159.988203,0.0120001718905443
159.988204,0.012
160.1854,0.0816278436316763
160.18645,0.0819985876413882
160.186451,0.0819989407310411
160.186452,0.0819992938206941
160.186453,0.081999646910347
160.186454,0.082
160.1891,0.0824919698490642
160.38445,0.1188133266332131
160.38545,0.1189992562814934
160.385451,0.1189994422112046
160.385452,0.1189996281409158
160.385453,0.118999814070627
160.385454,0.119
160.5814,0.0244842853523601
160.5824,0.0240019294243647
160.582401,0.0240014470682735
160.582402,0.0240009647121823
160.582402999,0.0240004823560912
160.582404,0.024
160.7794,0.0548428080808477
160.7804,0.0549993737374465
160.780401,0.054999530303156
160.780402,0.0549996868688656
160.780403,0.0549998434345752
160.780404,0.055
160.97835,0.0669394420708878
160.97935,0.0669997587333781
160.979351,0.066999819050061
160.979352,0.0669998793667439
160.979353,0.0669999396834268
160.979354,0.067
161.1754,0.0461122983257536
161.17645,0.0460004261795547
161.176451,0.0460003196348114
161.176452,0.0460002130898742
161.176453,0.0460001065449371
161.176454,0.046
161.17915,0.0459863580012672
161.37345,0.0450031827957041
161.5717,0.0440000202403518
161.571701,0.0440000151802615
161.571702,0.0440000101201805
161.571703,0.0440000050600902
161.571704,0.044
161.574599999,0.0438683636363654
161.76945,0.0350115454545679
161.9677,0.0260001818182433
161.967701,0.0260001363636825
161.967702,0.0260000909091216
161.967703,0.0260000454545608
161.967704,0.026
161.9706,0.0269056847414793
162.16595,0.0879987490543698
162.165951,0.0879990617903507
162.165952,0.0879993745269004
162.165953,0.0879996872634502
162.165954,0.088
162.16865,0.088681668773595
162.3637,0.137998988622115
162.363701,0.1379992414667012
162.363702,0.1379994943112874
162.363703,0.1379997471554138
162.363704,0.138
162.36645,0.1368075940418636
162.36685,0.1366339005297736
162.56175,0.0520017369349155
162.561751,0.052001302701779
162.561752,0.0520008684678527
162.561753,0.0520004342339263
162.561754,0.052
162.5651,0.0525402219979057
162.75995,0.0839993541877642
162.759951,0.0839995156408966
162.759952,0.0839996770940289
162.759953,0.0839998385471613
162.759954,0.084
162.76265,0.0837546612738885
162.95775,0.0660003640040022
162.957751,0.0660002730029602
162.957752,0.0660001820019183
162.957753,0.0660000910008763
162.957754,0.066
162.9625,0.0652089999999141
163.15575,0.0330006666665891
163.155751,0.0330004999998661
163.155752,0.033000333333143
163.155753,0.033000166666723
163.155754,0.033
163.15865,0.0334974185400298
163.3537,0.0669993129578974
163.353701,0.0669994847185012
163.353702,0.0669996564791049
163.353703,0.0669998282397087
163.353704,0.067
163.35645,0.0672357081545153
163.35685,0.0672700429185331
163.55175,0.0839996566524004
163.551751,0.0839997424891832
163.551752,0.0839998283261221
163.551753,0.083999914163061
163.551754,0.084
163.55465,0.0836050909090964
163.74975,0.0570005454547301
163.749751,0.0570004090910475
163.749752,0.057000272727365
163.749753,0.0570001363636825
163.749754,0.057
163.75265,0.0570292230070633
163.94795,0.0589999596367352
163.947951,0.058999969727556
163.947952,0.0589999798183768
163.947953,0.0589999899091975
163.947954,0.059
163.95065,0.0584548028308635
164.14575,0.0190008088977826
164.145751,0.019000606673245
164.145752,0.0190004044487073
164.145753,0.0190002022241697
164.145754,0.019
164.15055,0.0218546179073072
164.344,0.1369976191669115
164.344001,0.1369982143751836
164.344002,0.1369988095834557
164.344003,0.1369994047917279
164.344004,0.137
164.34665,0.1378563539819812
164.3469,0.1379372642224946
164.54175,0.2009987054363072
164.541751,0.2009990290773776
164.541752,0.2009993527178592
164.541753,0.2009996763589296
164.541754,0.201
164.54465,0.2001809292929407
164.73975,0.1450011313129998
164.739751,0.1450008484851357
164.739752,0.1450005656567571
164.739753,0.1450002828283785
164.739754,0.145
164.74265,0.143992060529644
164.938,0.0760013921814271
164.938001,0.076001044135912
164.938002,0.076000696090397
164.938003,0.076000348045515
164.938004,0.076
164.94065,0.075705999999909
165.135999999,0.0540004444443927
165.136001,0.054000333333244
165.136002,0.0540002222222974
165.136003,0.0540001111111487
165.136004,0.054
165.1406,0.0553463030304984
165.333999999,0.1119988282829644
165.334001,0.1119991212118237
165.334001999,0.1119994141412158
165.334003,0.1119997070706079
165.334003999,0.112
165.33665,0.111117108190423
165.3369,0.1110336905965737
165.5318,0.0460013346813413
165.531801,0.0460010010114612
165.531802,0.0460006673409741
165.531803,0.046000333670487
165.531804,0.046
165.5347,0.0469351362260279
165.73,0.1099987083755285
165.730001,0.1099990312817932
165.730002,0.1099993541880579
165.730003,0.1099996770943226
165.730004,0.11
165.7327,0.1090144817220849
165.9297,0.0370014621931199
165.929701,0.0370010966453386
165.929702,0.0370007310968924
165.929703,0.0370003655484462
165.929704,0.037
165.93235,0.0368112888436773
166.126,0.0230002852776031
166.126001,0.0230002139581699
166.126002,0.0230001426388664
166.126003,0.0230000713194332
166.126004,0.023
166.12625,0.0230273264326751
166.32405,0.0449995556676102
166.324051,0.0449996667507076
166.324052,0.0449997778338051
166.324053,0.0449998889169025
166.324054,0.045
166.3267,0.0457884545451636
166.326949999,0.0458629494949453
166.52205,0.1039988080809466
166.522051,0.1039991060608454
166.522052,0.1039994040407443
166.522053,0.1039997020206431
166.522054,0.104
166.5247,0.1031168849554828
166.7198,0.0380013350188081
166.719801,0.0380010012645614
166.719802,0.0380006675097076
166.719803,0.0380003337548538
166.719804,0.038
166.7227,0.0386281361916711
166.91805,0.0809991324086758
166.918051,0.0809993493066055
166.918052,0.0809995662041406
166.918053,0.0809997831020703
166.918054,0.081
166.9207,0.0803456775168296
167.11555,0.0321617259650505
167.1162,0.0320009891495191
167.116201,0.0320007418620269
167.116202,0.0320004945749844
167.116203,0.0320002472874922
167.116204,0.032
167.31405,0.0290000606520296
167.314051,0.0290000454890222
167.314052,0.0290000303260148
167.314053,0.0290000151630074
167.314054,0.029
167.3167,0.0297082727270049
167.3169,0.0297618080806484
167.51205,0.0819989292925668
167.512051,0.0819991969694251
167.512052,0.0819994646462834
167.512053,0.0819997323231417
167.512054,0.082
167.51655,0.0825891935483318
167.71045,0.1079994758065125
167.710451,0.1079996068549439
167.710452,0.107999737903137
167.710453,0.1079998689515685
167.710454,0.108
167.71315,0.1073452668860165
167.9081,0.0600009714140029
167.908101,0.0600007285608335
167.908102,0.0600004857072223
167.908103,0.0600002428536111
167.908104,0.06
167.91075,0.0653414080222085
168.1056,0.4586797880404035
168.10625,0.4599919253100477
168.106251,0.4599939439797817
168.106252,0.4599959626531879
168.106253,0.4599979813265939
168.106254,0.46
168.305,0.645389949850027
168.30565,0.6459962688068529
168.305651,0.6459972016055638
168.305652,0.645998134402578
168.305653,0.6459990672012891
168.305654,0.646
168.3084,0.6541233503058111
168.50205,1.226988167002104
168.502051,1.2269911252515782
168.502052,1.2269940835010522
168.502053,1.226997041750526
168.502054,1.227
168.5048,1.2329035881910082
168.6996,1.651701468582797
168.7002,1.65299140045129
168.700201,1.6529935503384676
168.700202,1.652995700225645
168.700203,1.6529978501128224
168.700204,1.653
168.8998,2.2769874949857467
168.899801,2.2769906212393103
168.899802,2.2769937474928734
168.899803,2.276996873746437
168.899804,2.277
168.9025,2.2839906469677973
169.0961,2.7859896281214294
169.096101,2.7859922210875347
169.096102,2.7859948140583564
169.096103,2.7859974070291784
169.096104,2.786
169.0963,2.7862977340384263
169.2936,3.0860065404976407
169.29425,3.086993923795811
169.294251,3.086995442844786
169.294252,3.086996961896524
169.294253,3.086998480948262
169.294254,3.087
169.297,3.090941693202077
169.4921,3.3709942582745285
169.492101,3.370995693705896
169.492102,3.370997129137264
169.492103,3.370998564568632
169.492104,3.371
169.49485,3.377139177387108
169.6896,3.8125378652547335
169.69025,3.813991057280878
169.690251,3.813993292961675
169.690252,3.813995528642472
169.690253,3.8139977643232696
169.690254,3.814
169.88765,3.91967664646522
169.88825,3.919997858586108
169.888251,3.919998393939824
169.888252,3.919998929293541
169.888253,3.919999464646284
169.888254,3.92
170.08565,4.0575790303025085
170.08625,4.057997212121536
170.086251,4.057997909091469
170.086252,4.057998606060134
170.086253,4.0579993030300665
170.086254,4.058
170.28365,4.33515195959491
170.28425,4.3359943838390365
170.284251,4.335995787877362
170.284252,4.335997191918241
170.284253,4.335998595959121
170.284254,4.336
170.28705,4.338796000000667
170.4816,4.533345999998696
170.48225,4.533995999998646
170.482251,4.533996999998984
170.482252,4.533997999999323
170.482253,4.533998999999661
170.482254,4.534
170.6796,4.744303060604672
170.68025,4.744995737372294
170.680251,4.7449968030292204
170.680252,4.744997868686148
170.680253,4.744998934343074
170.680254,4.745
170.8776,4.924360161575319
170.8783,4.924996364554827
170.878301,4.924997273416534
170.878302,4.924998182276587
170.878303,4.924999091138294
170.878304,4.925
171.07565,5.0705177575761375
171.0763,5.070997050505393
171.076300999,5.070997787878039
171.076301999,5.070998525252025
171.076303,5.070999262626013
171.076304,5.071
171.27365,5.281303060604672
171.2743,5.281995737372294
171.274301,5.281996803029221
171.274302,5.281997868686148
171.274303,5.281998934343074
171.274304,5.282
171.27715,5.286182757574881
171.47165,5.572038818179903
171.4723,5.572994121210131
171.472301,5.572995590907599
171.472302,5.572997060605066
171.472303,5.572998530302534
171.472304,5.573
171.66965,5.536150128690264
171.67045,5.5360007469088215
171.670451,5.536000560181531
171.670452,5.536000373454241
171.670453,5.536000186726951
171.670454,5.5360000000000005
171.86765,5.820057922669431
171.8683,5.820994238059805
171.868301,5.820995678545509
171.868302,5.820997119031213
171.868303,5.820998559514296
171.868304,5.821
172.06565,5.953560696970043
172.0663,5.953997313131625
172.066301,5.953997984849024
172.066302,5.953998656565202
172.066303,5.953999328282601
172.066304,5.954
172.26365,6.180250212121803
172.2643,6.180995414141947
172.264301,6.180996560604896
172.264302,6.180997707069931
172.264303,6.180998853534965
172.264304,6.181
172.2671,6.181338909090769
172.46165,6.20492072727257
172.4623,6.204999515151351
172.462301,6.204999636363513
172.462302,6.204999757575676
172.462303,6.204999878787838
172.462304,6.205
172.65965,6.593711818182821
172.6603,6.5949921212130365
172.660301,6.594994090910673
172.660302,6.59499606060831
172.660303,6.594998030305946
172.660304,6.595
172.85765,6.751441918707366
172.85835,6.751996829083933
172.858351,6.75199762181331
172.858352,6.751998414541245
172.858353,6.751999207270623
172.858354,6.752
173.0557,7.225949021190988
173.05655,7.227990393538624
173.056551,7.227992795153968
173.056552,7.227995196769312
173.056553,7.227997598384656
173.056554,7.228
173.2542,7.487142511344735
173.25485,7.487994755419304
173.254851,7.487996066564478
173.254852,7.487997377709652
173.254853,7.487998688854827
173.254854,7.488
173.2576,7.490182896202642
173.4517,7.64448011139281
173.45235,7.644996820253534
173.452351,7.644997615190513
173.452352,7.64499841012749
173.452353,7.644999205064469
173.452354,7.645
173.6497,7.924859833460445
173.6505,7.925994327530309
173.650501,7.925995745648376
173.650502,7.925997163766445
173.650503,7.925998581884512
173.650504,7.926
173.8477,8.087342181818729
173.8485,8.087996727273108
173.848501,8.087997545455204
173.848502,8.087998363637299
173.848503,8.087999181817906
173.848504,8.088000000000001
174.0457,7.989426892198883
174.04655,7.989001999495754
174.046551,7.989001499621815
174.046552,7.989000999747877
174.046553,7.989000499873939
174.046554,7.989
174.2437,8.217012292927318
174.24455,8.217995373735807
174.244551,8.217996530301855
174.244552,8.217997686867903
174.244553,8.217998843433952
174.244554,8.218
174.2493,8.224142446914403
174.4417,8.473153569260193
174.44235,8.473994823051838
174.442351,8.473996117288879
174.442352,8.473997411525918
174.442353,8.473998705762959
174.442354,8.474
174.6397,8.881340469342769
174.6405,8.882991743629525
174.640501,8.882993807723082
174.640502,8.88299587181664
174.640503,8.882997935910197
174.640504,8.883000000000001
174.8377,9.116049818182608
174.8385,9.116995272727824
174.838501,9.116996454546404
174.838502,9.116997636364989
174.838503,9.116998818181418
174.838504,9.117
175.03575,9.456958989131891
175.03635,9.4579931058891
175.036351,9.45799482941761
175.036352,9.457996552942983
175.036353,9.457998276471493
175.036354,9.458
175.23375,9.645190153846256
175.2346,9.645996206810024
175.234601,9.64599715510795
175.234602,9.645998103405876
175.234603,9.6459990517038
175.234604,9.646
175.23915,9.655977061947103
175.43175,10.07867440707801
175.43235,10.079991221235966
175.432351,10.079993415926976
175.432352,10.079995610617985
175.432353,10.079997805308992
175.432354,10.08
175.62975,10.39096971471931
175.6304,10.391993698561702
175.630401,10.391995273921992
175.630402,10.391996849282284
175.630403,10.39199842463971
175.630404,10.392
175.82775,10.72771732458562
175.8285,10.728993195356672
175.828501,10.728994896518278
175.828502,10.728996597679885
175.828503,10.72899829884149
175.828504,10.729
176.02575,11.029470577554005
176.02675,11.030993906681418
176.026751,11.030995430011064
176.026752,11.03099695334071
176.026753,11.030998476670357
176.026754,11.031
176.22375,11.356506275896177
176.22465,11.357993390602084
176.224651,11.357995042952313
176.224652,11.357996695302544
176.224653,11.357998347649769
176.224654,11.358
176.2273,11.362015717506877
176.42175,11.657123906836064
176.4243,11.660993929377112
176.424301,11.660995447030764
176.424302,11.660996964687175
176.424303,11.660998482343588
176.424304,11.661
176.61975,11.91196760254862
176.62055,11.912994863694864
176.620551,11.912996147771732
176.620552,11.9129974318486
176.620553,11.912998715925468
176.620554,11.913
176.81775,12.127126969697692
176.81855,12.127995656566162
176.818551,12.127996742425116
176.818552,12.127997828284068
176.818553,12.127998914141047
176.818554,12.128
177.01575,12.33688353089503
177.0168,12.337995762924166
177.016801,12.337996822193125
177.016802,12.337997881462083
177.016803,12.337998940731042
177.016804,12.338
177.21375,12.39374412939134
177.21465,12.393998867829294
177.214651,12.3939991508721
177.214652,12.393999433914905
177.214653,12.393999716957197
177.214654,12.394
177.2173,12.396565818182612
177.41175,12.585123393938964
177.41265,12.585996121212572
177.412651,12.58599709090987
177.412652,12.585998060605403
177.412653,12.585999030302702
177.412654,12.586
177.61005,12.657617596371775
177.6111,12.657998548753003
177.611101,12.657998911564915
177.611102,12.65799927437683
177.611103,12.657999637188086
177.611104,12.658
177.8078,12.741658045569904
177.8086,12.741998298734377
177.808601,12.741998724050976
177.808602,12.7419991493668
177.808603,12.7419995746834
177.808604,12.742
178.0058,13.00492800000089
178.0066,13.005994666667286
178.006601,13.005995999998646
178.006602,13.00599733333243
178.006603,13.005998666666216
178.006604,13.006
178.2054,12.94132662662654
178.2064,12.941001301301744
178.206400999,12.941000975976308
178.206401999,12.94100065065087
178.206402999,12.941000325325437
178.206403999,12.941
178.2091,12.94194789299348
178.4018,13.009699740127424
178.40265,13.009998593630735
178.402651,13.009998945223211
178.402652,13.009999296815687
178.402653,13.009999648407524
178.402654,13.01
178.599799999,13.123422376987282
178.600799999,13.123997698713364
178.600801,13.123998274035284
178.600802,13.123998849357204
178.600803,13.12399942467808
178.600803999,13.124
178.79825,12.908190383554713
178.80025,12.906004372022556
178.800251,12.90600327901642
178.800252,12.906002186012271
178.800253,12.906001093006136
178.800254,12.906
178.9958,12.914954026965162
178.9968,12.91499981684052
178.996801,12.914999862630328
178.996802,12.91499990842022
178.996803,12.91499995421011
178.996804,12.915
179.1938,12.941863090908878
179.1948,12.94199945454527
179.194801,12.941999590908951
179.194802,12.941999727272636
179.194803,12.941999863636315
179.194804,12.942
179.1975,12.940598597022689
179.3921,12.83944391622597
179.39295,12.839002079233609
179.392951,12.839001559425206
179.392952,12.839001039616804
179.392953,12.839000519808405
179.392954,12.839
179.589799999,12.876797614956992
179.59085,12.876999231935413
179.590851,12.876999423951643
179.590852,12.87699961596753
179.590853,12.876999807983768
179.590853999,12.877
179.78785,12.847152121212082
179.78885,12.847000606060536
179.788851,12.847000454545608
179.788852,12.847000303030406
179.788853,12.847000151515202
179.788854,12.847
179.98585,12.94562127659524
179.9886,12.946997997497103
179.988601,12.946998498122143
179.988602,12.946998998748098
179.988603,12.94699949937405
179.988604,12.947
180.18385,12.948989768152869
180.18485,12.948999959235673
180.184851,12.94899996942676
180.184852,12.948999979617843
180.184853,12.948999989808932
180.184854,12.949
180.18755,12.947924323231774
180.38185,12.870400585858482
180.38285,12.870001595959412
180.382851,12.870001196969378
180.382852,12.870000797979344
180.382853,12.870000398990037
180.382854,12.87
180.57985,12.98242701010116
180.58085,12.982997717171983
180.580850999,12.982998287879248
180.580852,12.982998858585471
180.580853,12.982999429292736
180.580854,12.983
180.77785,12.903405656565551
180.77885,12.90300161616143
180.778851,12.903001212121625
180.778852,12.903000808081082
180.778853,12.903000404040542
180.778854,12.903
180.97585,12.80141460060633
180.97665,12.801002062689346
180.976651,12.801001547017712
180.976652,12.801001031345145
180.976653,12.801000515672571
180.976654,12.801
181.17385,12.855721392532365
181.17485,12.855998890009715
181.174851,12.855999167507289
181.174852,12.855999445004857
181.174853,12.855999722502428
181.174854,12.856
181.1775,12.855886207943376
181.37185,12.84752812547434
181.57015,12.83900017202123
181.570151,12.839000129015902
181.570152,12.839000086010577
181.570153,12.83900004300525
181.570154,12.839
181.5731,12.838836312665713
181.76785,12.82801550195726
181.9661,12.81700022225026
181.966101,12.817000166687668
181.966102,12.81700011112508
181.966103,12.817000055562488
181.966104,12.817
181.97105,12.818373542035092
182.16415,12.87199888916953
182.164151,12.871999166876767
182.164152,12.871999444584512
182.164153,12.871999722292257
182.164154,12.872
182.1671,12.872476121212204
182.36215,12.90399935353543
182.362151,12.903999515151352
182.362152,12.903999676767569
182.362153,12.903999838383784
182.362154,12.904
182.36495,12.903632848485
182.3653,12.903586888889008
182.56015,12.878000525252704
182.560151,12.878000393939528
182.560152,12.878000262626353
182.560153,12.878000131313176
182.560154,12.878
182.5632,12.87912302020196
182.75815,12.950998525252697
182.758151,12.95099889393969
182.758152,12.950999262626684
182.758153,12.950999631313678
182.758154,12.951
182.7612,12.951692272727644
182.95615,12.995999090909198
182.956151,12.995999318182
182.956152,12.995999545454806
182.956153,12.995999772727195
182.956154,12.996
182.9612,12.99294181818169
183.15415,12.876002424242142
183.154151,12.876001818181331
183.154152,12.876001212121622
183.154153,12.87600060606081
183.154154,12.876
183.15715,12.877891414140942
183.35215,13.000997474747768
183.352151,13.000998106059964
183.352152,13.00099873737331
183.352153,13.000999368686657
183.352154,13.001
183.355,12.999749484848746
183.35535,12.999595696969848
183.55015,12.914001757576353
183.550151,12.914001318182263
183.550152,12.914000878788176
183.550153,12.914000439394089
183.550154,12.914
183.5532,12.914537755359364
183.7484,12.948999293821014
183.748401,12.94899947036584
183.748402,12.948999646910346
183.748403,12.948999823455171
183.748404,12.949
183.75125,12.94940287158738
183.9462,12.976999433771551
183.946201,12.976999575328728
183.946202,12.976999716885649
183.946203,12.976999858442824
183.946204,12.977
183.9492,12.9780732391521
184.1444,13.04799856710345
184.144401,13.047998925327589
184.144402,13.047999283551723
184.144403,13.047999641775863
184.144404,13.048
184.14715,13.04691714863494
184.3422,12.970001577351391
184.342201,12.970001183013546
184.342202,12.970000788675698
184.342203,12.970000394337848
184.342204,12.97
184.345,12.970211818181731
184.34535,12.970238333333263
184.5402,12.984999696969592
184.540201,12.984999772727194
184.540202,12.984999848484795
184.540203,12.984999924242398
184.540204,12.985
184.54315,12.986333702212702
184.739,13.07499818913502
184.739001,13.07499864185147
184.739002,13.074999094567923
184.739003,13.074999547284374
184.739004,13.075
184.7418,13.07555296146058
184.9362,13.113999208925042
184.936201,13.113999406693871
184.936202,13.113999604462702
184.936203,13.113999802231172
184.936204,13.114
184.93925,13.111034663304084
185.13445,12.921003894072689
185.134451,12.921002920554074
185.134452,12.92100194703546
185.134453,12.921000973516843
185.134454,12.921
185.13725,12.92392382925049
185.3324,13.127995817124122
185.332401,13.12799686284309
185.332402,13.12799790856206
185.332403,13.127998954281033
185.332404,13.128
185.33515,13.12627854398375
185.3354,13.126121820020687
185.5302,13.004002507584266
185.530201,13.0040018806882
185.530202,13.004001253792133
185.530203,13.004000626896069
185.530204,13.004
185.5332,13.004559152584982
185.72845,13.04099925346793
185.728451,13.040999440100691
185.728452,13.040999626733797
185.728453,13.0409998133669
185.728454,13.041
185.7312,13.040708757575748
185.92645,13.020000424242374
185.926451,13.020000318181925
185.926452,13.020000212121284
185.926453,13.02000010606064
185.926454,13.02
185.92925,13.020847272726924
186.12445,13.079998787878376
186.124451,13.079999090908784
186.124452,13.07999939393919
186.124453,13.079999696969594
186.124454,13.08
186.1272,13.080457666666687
186.322449999,13.112999333333413
186.322451,13.112999500000134
186.322451999,13.112999666666855
186.322453,13.11299983333358
186.322453999,13.113
186.3252,13.113069413549042
186.32535,13.113073205257836
186.52025,13.117999898887778
186.520251,13.117999924165844
186.520252,13.117999949443911
186.520253,13.11799997472198
186.520254,13.118
186.52505,13.119258284561328
186.71845,13.169998950555115
186.718451,13.169999212916457
186.718452,13.16999947527732
186.718453,13.16999973763866
186.718454,13.17
186.7212,13.170097080808084
186.91645,13.176999858585877
186.916451,13.176999893939358
186.916452,13.176999929292904
186.916453,13.176999964646452
186.916454,13.177
186.91925,13.17711288417868
187.114,13.18497561443348
187.1146,13.1849998385062
187.114601,13.184999878879596
187.114602,13.184999919253064
187.114603,13.184999959626532
187.114604,13.185
187.31245,13.144000828911071
187.312451,13.144000621683304
187.312452,13.144000414455537
187.312453,13.144000207227768
187.312454,13.144
187.3152,13.144748153379965
187.31545,13.14481626639738
187.50995,13.19780819374368
187.51065,13.197998910191853
187.510651,13.197999182644011
187.510652,13.197999455096172
187.510653,13.19799972754784
187.510654,13.198
187.71015,13.212999699248156
187.710151,13.212999774436016
187.710152,13.21299984962401
187.710153,13.212999924812006
187.710154,13.213
187.7129,13.213755202444649
187.9065,13.266998899923232
187.906501,13.266999174942423
187.906502,13.266999449961617
187.906503,13.266999724980808
187.906504,13.267
187.90935,13.268465011354728
188.104,13.368663345949368
188.10465,13.368997940953124
188.104651,13.368998455714843
188.104652,13.368998970476564
188.104653,13.368999485238282
188.104653999,13.369
188.3025,13.28000179934273
188.302501,13.280001349506842
188.302502,13.280000899670956
188.302503,13.28000044983507
188.302504,13.28
188.3071,13.28470849356617
188.3073,13.284913388847936
188.5,13.482329992430506
188.50065,13.48299590209485
188.500651,13.482996926571603
188.500652,13.482997951048358
188.500653,13.482998975523246
188.500654,13.483
188.6985,13.55299858478662
188.698501,13.552998938590124
188.698502,13.552999292392988
188.698503,13.552999646196495
188.698504,13.553
188.70125,13.552306565656538
188.8965,13.503001010100894
188.896501,13.503000757576014
188.896502,13.503000505050675
188.896503,13.503000252525338
188.896504,13.503
188.90125,13.506449023467448
189.094,13.646524723693224
189.09465,13.646997093110295
189.094651,13.646997819832722
189.094652,13.646998546555148
189.094653,13.646999273277574
189.094654,13.647
189.292,13.752649878787182
189.29265,13.752997858585134
189.292651,13.752998393938851
189.292652,13.752998929292566
189.292653,13.752999464646283
189.292654,13.753
189.2954,13.75295839393942
189.49,13.7500099090909
189.49065,13.750000060606054
189.490651,13.750000045454533
189.490652,13.750000030303012
189.490653,13.750000015151493
189.490654,13.75
189.68805,13.752990093410762
189.6887,13.752999939409246
189.688701,13.752999954556914
189.688702,13.752999969704607
189.688703,13.752999984852304
189.688704,13.753
189.88605,13.70515854545486
189.8867,13.7050009696973
189.886701,13.705000727272974
189.886702,13.705000484848648
189.886703,13.705000242424324
189.886704,13.705
190.08405,13.736894303030091
190.0847,13.736999353535134
190.084701,13.736999515151352
190.084702,13.736999676767567
190.084703,13.736999838383785
190.084704,13.737
190.28205,13.69713212121202
190.2827,13.697000808080714
190.282701,13.697000606060444
190.282702,13.697000404040176
190.282703,13.697000202019904
190.282704,13.697
190.2855,13.697338909090991
190.48005,13.720920727272787
190.4807,13.720999515151572
190.480701,13.720999636363734
190.480702,13.720999757575896
190.480703,13.720999878787838
190.480704,13.721
190.67805,13.62631378787854
190.6787,13.626001919191696
190.678701,13.626001439393551
190.678702,13.626000959596285
190.678703,13.626000479798142
190.678704,13.626
190.87655,13.612000283042804
190.876551,13.612000212282105
190.876552,13.612000141521404
190.876553,13.6120000707607
190.876554,13.612
190.87875,13.61172293716888
191.07405,13.587082513247704
191.0747,13.587000504668351
191.074701,13.587000378501264
191.074702,13.587000252334176
191.074703,13.587000126167087
191.074704,13.587
191.27205,13.554108999999915
191.2727,13.554000666666589
191.272701,13.554000499999866
191.272702,13.554000333333144
191.272703,13.55400016666642
191.272704,13.554
191.27555,13.554572635815136
191.4707,13.593838229376392
191.4715,13.59399919517112
191.471501,13.59399939637843
191.471502,13.593999597585745
191.471503,13.593999798793051
191.471504,13.594
191.6681,13.617920425855576
191.66875,13.617999513308042
191.668751,13.617999634980864
191.668752,13.61799975665391
191.668753,13.617999878326955
191.668754,13.618
191.8661,13.64491081818164
191.86675,13.64499945454527
191.866751,13.644999590908952
191.866752,13.644999727272635
191.866753,13.644999863636317
191.866754,13.645
192.0641,13.704816923465296
192.0647,13.70499878757276
192.064701,13.704999090679156
192.064702,13.704999393786103
192.064703,13.704999696893053
192.064704,13.705
192.2621,13.797716303029953
192.2627,13.797998121211483
192.262701,13.797998590908614
192.262702,13.797999060605743
192.262703,13.79799953030287
192.262704,13.798
192.26555,13.797698380015204
192.4601,13.777079909159792
192.46085,13.777000423921416
192.460851,13.777000317941065
192.460852,13.777000211960708
192.460853,13.777000105980354
192.460854,13.777
192.6581,13.885593893894557
192.66065,13.886997797798054
192.660651,13.886998348348792
192.660652,13.886998898899527
192.660653,13.886999449450265
192.660654,13.887
192.8561,13.808363717850956
192.857,13.808001609370834
192.857001,13.808001207027942
192.857002,13.80800080468505
192.857003,13.808000402342891
192.857004,13.808
193.0541,13.88365301010084
193.055,13.883998464646645
193.055001,13.883998848485158
193.055002,13.883999232322973
193.055003,13.883999616161487
193.055004,13.884
193.2521,13.975695737041958
193.25275,13.975998139064693
193.252751,13.97599860429873
193.252752,13.97599906953277
193.252753,13.975999534766808
193.252754,13.976
193.2573,13.978684239212786
193.4501,14.0925252687362
193.4509,14.09299763815319
193.450901,14.09299822861516
193.450902,14.092998819077131
193.450903,14.092999409539102
193.450904,14.093
193.64815,14.00135034343462
193.6489,14.001001858585642
193.648901,14.00100139393902
193.648902,14.0010009292924
193.648903,14.00100046464662
193.648904,14.001
193.84615,14.075990975487782
193.8488,14.076998479239796
193.848801,14.07699885943002
193.848802,14.076999239620244
193.848803,14.076999619810469
193.848804,14.077
194.0441,14.364668419978958
194.045,14.365994108053693
194.045001,14.365995581040938
194.045002,14.365997054028185
194.045003,14.365998527012753
194.045004,14.366
194.2421,14.403874326169156
194.24275,14.403999231352458
194.242751,14.403999423514342
194.242752,14.403999615676229
194.242753,14.403999807838114
194.242754,14.404
194.2456,14.406039525611504
194.4401,14.545423830431965
194.4409,14.545997133485068
194.440901,14.545997850114126
194.440902,14.545998566743188
194.440903,14.545999283372243
194.440904,14.546
194.63815,14.449369383837784
194.6389,14.449001959595732
194.638901,14.449001469696576
194.638902,14.44900097979742
194.638903,14.449000489899156
194.638904,14.449
194.83615,14.57535683228148
194.83715,14.575997437577948
194.837151,14.575998078183462
194.837152,14.575998718788972
194.837153,14.575999359394489
194.837154,14.576
195.03415,14.538154459049768
195.03495,14.538000768453244
195.034951,14.538000576339932
195.034952,14.538000384226622
195.034953,14.53800019211331
195.034954,14.538
195.23215,14.521077576981362
195.23305,14.52100034326094
195.233051,14.521000257445822
195.233052,14.521000171630549
195.233053,14.521000085815274
195.233054,14.521
195.23575,14.519373453997243
195.43115,14.401485067872905
195.43195,14.40100241327272
195.431951,14.401001809954266
195.431952,14.401001206635812
195.431953,14.401000603318456
195.431954,14.401
195.62815,14.447808182741277
195.62895,14.44799904568539
195.628951,14.447999284264151
195.628952,14.447999522842478
195.628953,14.44799976142124
195.628954,14.448
195.82615,14.56241745711418
195.82715,14.562997679111223
195.827151,14.562998259333416
195.827152,14.562998839555611
195.827153,14.562999419777809
195.827154,14.563
196.02415,14.479383708944104
196.02505,14.47900169782699
196.025051,14.479001273370049
196.025052,14.47900084891388
196.025053,14.479000424456942
196.025054,14.479
196.22215,14.547684969696816
196.22305,14.547998606060768
196.223051,14.547998954545736
196.223052,14.547999303030068
196.223053,14.547999651515031
196.223054,14.548
196.2258,14.548055502779183
196.42015,14.55198374936838
196.42095,14.551999919151095
196.420951,14.55199993936333
196.420952,14.551999959575566
196.420953,14.5519999797878
196.420954,14.552
196.6182,14.595448430538168
196.6207,14.595999118898323
196.620701,14.595999339173744
196.620702,14.595999559449163
196.620703,14.59599977972458
196.620704,14.596
196.8162,14.51342408142483
196.8172,14.513001689567234
196.817201,14.513001267175234
196.817202,14.513000844783232
196.817203,14.513000422391231
196.817204,14.513
197.0142,14.513
197.0152,14.513
197.015201,14.513
197.015202,14.513
197.015203,14.513
197.015204,14.513
197.2122,14.586680586302796
197.21305,14.586998503917282
197.213051,14.586998877938132
197.213052,14.586999251958302
197.213053,14.58699962597915
197.213054,14.587
197.2158,14.587401887459013
197.4102,14.615853060812556
197.4112,14.615999414584978
197.411201,14.6159995609388
197.411202,14.615999707292357
197.411203,14.615999853646178
197.411204,14.616
197.6082,14.38195520727929
197.609,14.381004752274473
197.609001,14.381003564205315
197.609002,14.381002376138316
197.609003,14.381001188069158
197.609003999,14.381
197.8062,14.452707636363218
197.807,14.452998545454715
197.807001,14.45299890909054
197.807002,14.452999272727029
197.807003,14.452999636363517
197.807004,14.453
198.0042,14.44006585267405
198.0052,14.44000026236122
198.005201,14.440000196770884
198.005202,14.44000013118055
198.005203,14.440000065590215
198.005204,14.44
198.2022,14.474840121273292
198.203099999,14.474999292572088
198.203100999,14.474999469428823
198.203101999,14.474999646285882
198.203102999,14.47499982314294
198.203104,14.475
198.205849999,14.473459544202292
198.40175,14.36356322564575
198.40275,14.363002243927632
198.402751,14.363001682945724
198.402752,14.363001121963816
198.402753,14.363000560981908
198.402754,14.363
198.59825,14.22652635923609
198.599,14.226002792356365
198.599000999,14.226002094266956
198.599002,14.226001396177548
198.599003,14.22600069808941
198.599004,14.226
198.79625,14.200131672131114
198.79725,14.200000524590104
198.797251,14.20000039344252
198.797252,14.200000262294934
198.797253,14.200000131147348
198.797254,14.2
198.99425,14.092547636363491
198.99525,14.092002181817929
198.995251,14.092001636363198
198.995252,14.092001090908468
198.995253,14.09200054545473
198.995254,14.092
199.19225,14.180548707070828
199.19325,14.180998202020412
199.193251,14.180998651515514
199.193252,14.180999101009798
199.193253,14.180999550504898
199.193254,14.181
199.196,14.181069343434348
199.39025,14.185974646464652
199.39125,14.18599989898991
199.391251,14.1859999242424
199.391252,14.185999949494931
199.391253,14.185999974747466
199.391254,14.186
199.58825,14.017399819819596
199.59105,14.015003423424584
199.591050999,14.015002567568438
199.591052,14.015001711712292
199.591053,14.015000855856146
199.591054,14.015
199.78625,13.964260978593677
199.78725,13.964001039755704
199.787251,13.96400077981678
199.787252,13.964000519877851
199.787253,13.964000259938926
199.787254,13.964
199.98425,13.874456363636249
199.98525,13.874001818181608
199.985251,13.874001363636
199.985252,13.874000909090393
199.985253,13.874000454544785
199.985254,13.874
200.18225,13.833300398085012
200.1837,13.83300082640454
200.183701,13.833000619803313
200.183702,13.833000413202084
200.183703,13.833000206600854
200.183704,13.833
200.18775,13.833491417004048
200.38025,13.856871983805634
200.3813,13.856999514169877
200.381301,13.856999635627409
200.381302,13.85699975708494
200.381303,13.85699987854247
200.381304,13.857
200.57825,13.62026692929328
200.5793,13.619004808082437
200.579301,13.619003606061826
200.579302,13.619002404041218
200.579303,13.619001202020607
200.579304,13.619
200.77625,13.56926616161578
200.7773,13.569001010100894
200.777301,13.569000757575555
200.777302,13.569000505050218
200.777303,13.56900025252488
200.777304,13.569
200.97425,13.451628141414316
200.9753,13.451002383838109
200.975301,13.45100178787831
200.975302,13.451001191918513
200.975303,13.451000595959798
200.975304,13.451
201.17225,13.256989037635512
201.17325,13.25600394038853
201.173251,13.256002955290947
201.173252,13.256001970193369
201.173253,13.256000985095788
201.173254,13.256
201.17795,13.25463384771061
201.3703,13.198675714646791
201.56855,13.141001163673025
201.568551,13.141000872754637
201.568552,13.141000581836249
201.568553,13.141000290918388
201.568554,13.141
201.5716,13.139477000000095
201.76655,13.042001999999767
201.766551,13.042001499999598
201.766552,13.042001000000338
201.766553,13.042000500000167
201.766554,13.042
201.77155,13.037660040404338
201.96455,12.870003474747072
201.964551,12.870002606061488
201.964552,12.870001737374327
201.964553,12.870000868687164
201.964554,12.87
201.9676,12.868000101010228
202.16255,12.740002626263516
202.162551,12.740001969697635
202.162552,12.740001313131758
202.162553,12.74000065656588
202.162554,12.74
202.1656,12.738307777777884
202.36055,12.630002222222975
202.360551,12.630001666667232
202.360552,12.630001111111488
202.360553,12.630000555555744
202.360554,12.63
202.3634,12.626985321564302
202.36375,12.626614577553944
202.5588,12.420004237073908
202.558801,12.420003177806876
202.558802,12.420002118537916
202.558803,12.42000105926896
202.558804,12.42
202.56165,12.417525217391818
202.7566,12.248003478260468
202.756601,12.248002608696536
202.756602,12.248001739131023
202.756603,12.248000869565512
202.756604,12.248
202.75965,12.246355590312907
202.9548,12.141002159434665
202.954801,12.141001619575752
202.954802,12.14100107971684
202.954803,12.141000539857927
202.954804,12.141
202.95955,12.138120728007795
203.1526,12.021002426694452
203.152601,12.02100182002084
203.152602,12.021001213347226
203.152603,12.021000606673612
203.152604,12.021
203.15565,12.018584737373867
203.3506,11.864003171716805
203.350601,11.864002378787244
203.350602,11.86400158585768
203.350603,11.86400079292812
203.350604,11.864
203.3534,11.861559495458556
203.3538,11.861210353177324
203.5488,11.6910034914224
203.548801,11.691002618566404
203.548802,11.691001745711992
203.548803,11.691000872855998
203.548804,11.691
203.55165,11.686395753287105
203.7466,11.37100647118226
203.746601,11.37100485338596
203.746602,11.371003235592603
203.746603,11.3710016177963
203.746604,11.371
203.74965,11.369892363636431
203.9446,11.299001454545284
203.944601,11.29900109090946
203.944602,11.299000727272974
203.944603,11.299000363636486
203.944604,11.299
203.94765,11.29535403030326
204.1426,11.062004787880408
204.142601,11.062003590910306
204.142602,11.062002393940205
204.142603,11.0620011969701
204.142604,11.062
204.14565,11.05933859595974
204.3406,10.889003494949089
204.340601,10.889002621211418
204.340601999,10.889001747473747
204.340603,10.88900087373608
204.340603999,10.889
204.34345,10.886113794146093
204.3438,10.885758849645333
204.5388,10.688004056508106
204.538801,10.688003042380618
204.538802,10.688002028254976
204.538803,10.688001014127488
204.538804,10.688
204.54165,10.685169088614588
204.73685,10.49100397879458
204.736851,10.491002984095935
204.736852,10.49100198939729
204.736853,10.491000994698645
204.736854,10.491
204.7397,10.49035318181831
204.93485,10.446000909090802
204.934851,10.446000681818
204.934852,10.446000454545194
204.934853,10.44600022727239
204.934854,10.446
204.9394,10.44469130303027
205.13285,10.389001151515018
205.132851,10.38900086363613
205.132852,10.389000575757246
205.132853,10.389000287878885
205.132854,10.389
205.1357,10.38961885208623
205.3306,10.431999130214624
205.330601,10.431999347660968
205.330602,10.431999565107311
205.330603,10.431999782553657
205.330604,10.432
205.333449999,10.432057422446396
205.33385,10.43206549306428
205.52885,10.435999919293833
205.528851,10.435999939470346
205.528852,10.435999959646896
205.528853,10.435999979823448
205.528854,10.436
205.5317,10.43620123232319
205.72685,10.449999717171622
205.726851,10.449999787878715
205.726852,10.449999858585812
205.726853,10.449999929292906
205.726854,10.45
205.7297,10.452414787878284
205.92485,10.617996606059457
205.924851,10.617997454544591
205.924852,10.61799830302973
205.924853,10.617999151514864
205.924854,10.618
205.9297,10.618097898989896
206.12285,10.621999919191929
206.122851,10.621999939393955
206.122852,10.621999959595982
206.122853,10.62199997979801
206.122854,10.622
206.1257,10.622546064125451
206.3209,10.65999923251713
206.320901,10.659999424387586
206.320902,10.659999616258393
206.320903,10.659999808129196
206.320904,10.66
206.32365,10.6612620505051
206.323849999,10.661353969697206
206.5189,10.750998161615538
206.518901,10.750998621211654
206.518902,10.75099908080777
206.518903,10.750999540403884
206.518904,10.751
206.5217,10.752553333332692
206.7169,10.860997777777026
206.716901,10.86099833333277
206.716902,10.860998888888512
206.716903,10.860999444444255
206.716904,10.861
206.7197,10.861378216432712
206.9165,10.887999458917651
206.916501,10.88799959418824
206.916502,10.887999729458826
206.916503,10.887999864729412
206.916504,10.888
206.91675,10.88819790224001
207.1129,11.045996782077768
207.112901,11.045997586558691
207.112902,11.045998391039614
207.112903,11.045999195519077
207.112904,11.046
207.11565,11.046166424242433
207.3109,11.057999757575786
207.310901,11.057999818181866
207.310902,11.057999878787838
207.310903,11.057999939393918
207.310904,11.058
207.31365,11.058707303030332
207.31385,11.058758818181952
207.5089,11.108998969697089
207.508901,11.108999227272466
207.508902,11.10899948484831
207.508903,11.108999742424157
207.508904,11.109
207.51175,11.110250515151254
207.7069,11.195998242423649
207.706901,11.195998681817736
207.706902,11.195999121211823
207.706903,11.195999560605912
207.706904,11.196
207.7097,11.197072399696758
207.9044,11.27174915972698
207.90505,11.271998465808212
207.905051,11.27199884935616
207.905052,11.271999232904106
207.905053,11.271999616452051
207.905054,11.272
208.1029,11.337998665655956
208.102901,11.33799899924212
208.102902,11.337999332828282
208.102903,11.337999666413838
208.102904,11.338
208.1057,11.338564705882488
208.30095,11.377999192123296
208.300951,11.377999394092196
208.300952,11.377999596061464
208.300953,11.377999798030732
208.300954,11.378
208.30365,11.380190330992626
208.3039,11.380393440321392
208.4997,11.539468665998411
208.50035,11.539996750251133
208.500351,11.539997562688718
208.500352,11.539998375124828
208.500353,11.539999187562412
208.500354,11.54
208.69695,11.681997110885382
208.696951,11.681997833164363
208.696952,11.681998555443348
208.696953,11.681999277722332
208.696954,11.682
208.69975,11.68094171082488
208.89445,11.607247539742426
208.8951,11.607001514004368
208.895101,11.607001135503104
208.895102,11.60700075700184
208.895103,11.607000378500576
208.895104,11.607
209.09245,11.852249386207712
209.09305,11.852995029046056
209.093051,11.852996271784544
209.093052,11.852997514523029
209.093053,11.852998757261512
209.093054,11.853
209.29095,11.91599872662976
209.290951,11.915999044971883
209.290952,11.91599936331459
209.290953,11.915999681657295
209.290954,11.916
209.29365,11.916367358062017
209.2939,11.91640142316434
209.48845,11.942910885692728
209.4891,11.942999454958429
209.489101,11.942999591218635
209.489102,11.94299972747909
209.489103,11.942999863739544
209.489104,11.943
209.68695,11.989999049784869
209.686951,11.989999287338652
209.686952,11.989999524892434
209.686953,11.989999762446216
209.686954,11.99
209.6897,11.992926292929438
209.88495,12.200995737374232
209.884951,12.20099680303116
209.884952,12.200997868688086
209.884953,12.200998934345012
209.884954,12.201
209.8852,12.20093916729715
210.08245,12.152161725965051
210.0831,12.15200098914952
210.083101,12.152000741862029
210.083102,12.152000494574535
210.083103,12.152000247287043
210.083104,12.152
210.28045,12.257649878788156
210.2811,12.257997858586108
210.281101,12.257998393939824
210.281102,12.257998929293542
210.281103,12.257999464646284
210.281104,12.258
210.28395,12.26037166666617
210.4785,12.422496666666044
210.4791,12.422996666667052
210.479101,12.422997500000667
210.479102,12.42299833333277
210.479103,12.422999166666385
210.479104,12.423
210.6765,12.361730653316709
210.67885,12.361001241551795
210.678851,12.361000931163709
210.678852,12.36100062077618
210.678853,12.361000310388093
210.678854,12.361
210.8745,12.498575276432597
210.8751,12.498997187260194
210.875101,12.498997890445146
210.875102,12.498998593630098
210.875103,12.498999296815049
210.875104,12.499
211.07245,12.600637424892682
211.07315,12.600997939914404
211.073151,12.600998454936036
211.073152,12.60099896995767
211.073153,12.600999484978368
211.073154,12.601
211.27045,12.641854222222213
211.27115,12.641999171717268
211.271151,12.641999378788045
211.271152,12.641999585858445
211.271153,12.641999792929225
211.271154,12.642
211.27395,12.643525090909456
211.4685,12.749643272726562
211.46915,12.749997818182072
211.469151,12.74999836363581
211.469152,12.74999890909054
211.469153,12.74999945454527
211.469154,12.75
211.6665,12.614449212122109
211.66715,12.61400274747568
211.667151,12.61400206060676
211.667152,12.61400137373784
211.667153,12.61400068686892
211.667154,12.614
211.8645,12.868157727273385
211.86515,12.868994848485446
211.865151,12.868996136364672
211.865152,12.868997424243895
211.865153,12.86899871212312
211.865154,12.869
212.0625,12.96368621212146
212.06315,12.963998080808304
212.063151,12.963998560606449
212.063152,12.96399904040459
212.063153,12.963999520201858
212.063154,12.964
212.2605,12.928118909090816
212.26115,12.928000727272645
212.261151,12.9280005454544
212.261152,12.928000363636489
212.261153,12.928000181818245
212.261154,12.928
212.26395,12.929086510219792
212.4585,13.00468757002297
212.4593,13.004998445622183
212.459301,13.004998834216815
212.459302,13.00499922281074
212.459303,13.00499961140537
212.459304,13.005
212.6565,13.114636391204735
212.65715,13.114997776092247
212.657151,13.114998332069185
212.657152,13.114998888046124
212.657153,13.114999444023065
212.657154,13.115
212.8545,13.129931601513208
212.8554,13.129999697351863
212.855401,13.129999773013934
212.855402,13.129999848675864
212.855403,13.129999924337932
212.855404,13.13
213.0525,13.193772214357924
213.0532,13.19399870576355
213.053201,13.193999029322809
213.053202,13.19399935288148
213.053203,13.19399967644074
213.053204,13.194
213.252,13.26177702682394
213.25265,13.261998636249846
213.252651,13.26199897718754
213.252652,13.261999318124612
213.252653,13.261999659062306
213.252654,13.262
213.25545,13.264473329944666
213.44855,13.435288784950684
213.44935,13.435996461617089
213.449351,13.435997346211607
213.449352,13.43599823080774
213.449353,13.435999115403868
213.449354,13.436
213.64655,13.380185109932135
213.6472,13.38000113217122
213.647201,13.380000849128416
213.647202,13.380000566085611
213.647203,13.380000283042806
213.647204,13.38
213.84455,13.465629445005092
213.8454,13.465998264379618
213.845401,13.465998698284912
213.845402,13.465999132190204
213.845403,13.465999566094707
213.845404,13.466
214.04255,13.461021565656564
214.0434,13.46100010101009
214.043401,13.461000075757555
214.043402,13.461000050505069
214.043403,13.461000025252536
214.043404,13.461
214.24055,13.536748715874818
214.2412,13.536998463094214
214.241201,13.536998847320834
214.241202,13.536999231546758
214.241203,13.53699961577338
214.241204,13.537
214.244,13.539003694171562
214.43855,13.678423830431967
214.43935,13.678997133485067
214.439351,13.678997850112824
214.439352,13.678998566741882
214.439353,13.678999283370942
214.439354,13.679
214.63795,13.579403209628554
214.63875,13.579002006017822
214.638751,13.57900150451314
214.638752,13.579001003008456
214.638753,13.579000501504684
214.638754,13.579
214.83455,13.698448500253924
214.83545,13.698997559735922
214.835451,13.698998169802218
214.835452,13.698998779867406
214.835453,13.698999389933704
214.835454,13.699
215.0326,13.793590252525306
215.03345,13.793998080808304
215.033451,13.793998560605576
215.033452,13.793999040403715
215.033453,13.793999520201858
215.033454,13.794
215.2306,13.663433134478932
215.23125,13.66300264914024
215.231251,13.663001986856084
215.231252,13.663001324570722
215.231253,13.66300066228536
215.231254,13.663
215.23405,13.66333865253582
215.4286,13.68690261922772
215.4294,13.686999515518384
215.429401,13.686999636638788
215.429402,13.686999757759192
215.429403,13.686999878879597
215.429404,13.687
215.6266,13.745760424242082
215.6274,13.745998808080405
215.627401,13.745999106060305
215.627402,13.745999404040203
215.627403,13.745999702020102
215.627404,13.746
215.8246,13.782812573158472
215.8256,13.782999253279602
215.825601,13.782999439959786
215.825602,13.78299962663997
215.825603,13.782999813319815
215.825604,13.783
216.0226,13.823823027546144
216.02345,13.823999171089303
216.023451,13.823999378316696
216.023452,13.823999585544463
216.023453,13.823999792772232
216.023454,13.824
216.2206,13.706508949494882
216.22145,13.70600238383919
216.221451,13.706001787879392
216.221452,13.706001191919595
216.221453,13.706000595959797
216.221454,13.706
216.2242,13.707789512503236
216.4186,13.8344760495067
216.4194,13.834997393281435
216.419401,13.834998044960187
216.419402,13.834998696640126
216.419403,13.834999348320062
216.419404,13.835
216.6166,13.880813212120945
216.6174,13.880999070706755
216.617401,13.880999303030068
216.617402,13.88099953535338
216.617403,13.88099976767669
216.617404,13.881
216.8146,14.028250292633894
216.8156,14.02899701311841
216.815601,14.028997759839148
216.815602,14.028998506559883
216.815603,14.028999253279263
216.815604,14.029
217.0126,13.864753713997336
217.0135,13.864003335018817
217.013501,13.864002501264112
217.013502,13.864001667509408
217.013503,13.864000833754703
217.013504,13.864
217.21065,14.086038171715249
217.2115,14.086995494947969
217.211501,14.086996621210975
217.211502,14.086997747473983
217.211503,14.086998873736992
217.211504,14.087
217.21425,14.086056452754498
217.40865,14.019259080343817
217.4094,14.01900137443137
217.409401,14.019001030823372
217.409402,14.019000687215998
217.409403,14.019000343608
217.409404,14.019
217.6066,13.94928424242465
217.6074,13.94900141414125
217.607401,13.94900106060642
217.607401999,13.949000707070946
217.607403,13.949000353535473
217.607404,13.949
217.8046,14.159872897855925
217.80565,14.160995722573006
217.805651,14.16099679193024
217.805652,14.16099786128553
217.805653,14.160998930642766
217.805654,14.161
218.0026,14.058548292929446
218.00365,14.05800208080784
218.003651,14.05800156060659
218.003652,14.058001040404392
218.003653,14.058000520202196
218.003654,14.058
218.20065,14.01120287086174
218.2015,14.011000950215132
218.201501,14.01100071266135
218.201502,14.011000475107569
218.201503,14.011000237553784
218.201504,14.011
218.20425,14.011041574564729
218.39865,14.013984799394375
218.39965,14.0139999394398
218.399651,14.01399995457985
218.399652,14.0139999697199
218.399653,14.01399998485995
218.399654,14.014
218.59665,13.892495894843988
218.59745,13.892002467139358
218.597451,13.892001850354518
218.597452,13.89200123356968
218.597452999,13.89200061678484
218.597454,13.892
218.79465,13.958660605449127
218.79565,13.958998647830631
218.795651,13.958998985873126
218.795652,13.958999323915624
218.795653,13.958999661957504
218.795654,13.959
218.99265,13.951040565656555
218.99365,13.951000161616143
218.993651,13.95100012121209
218.993652,13.95100008080811
218.993653,13.951000040404054
218.993654,13.951
219.19065,13.783725155420678
219.1915,13.783003396512116
219.191501,13.783002547385244
219.191502,13.783001698256829
219.191503,13.783000849128417
219.191504,13.783
219.19425,13.783576948474265
219.38865,13.824421370685512
219.3914,13.824999159579887
219.391401,13.824999369685012
219.391402,13.824999579789754
219.391403,13.824999789894877
219.391404,13.825
219.586649999,13.830975394032098
219.58745,13.830999877582208
219.587451,13.830999908186657
219.587452,13.830999938791104
219.587452999,13.83099996939555
219.587454,13.831
219.78465,13.808116508577164
219.78565,13.808000464177544
219.785651,13.808000348133106
219.785652,13.808000232088666
219.785653,13.808000116044228
219.785654,13.808
219.9828,13.793079767911223
219.98385,13.793000302724488
219.983851,13.793000227043468
219.983852,13.793000151362312
219.983853,13.793000075681157
219.983854,13.793
220.1807,13.876573737680172
220.1817,13.876998301743171
220.181701,13.87699872630738
220.181702,13.876999150871583
220.181703,13.876999575435793
220.181704,13.877
220.18445,13.8776331629073
220.3802,13.922768501253191
220.3812,13.922999077694342
220.381201,13.922999308270862
220.381202,13.922999538847382
220.381203,13.9229997694239
220.381204,13.923
220.576699999,13.827490503816666
220.577699999,13.827001954198249
220.577701,13.827001465648465
220.577702,13.82700097709868
220.577703,13.827000488548896
220.577703999,13.827
220.7747,13.775263676767608
220.7757,13.77500105050493
220.775701,13.775000787878575
220.775702,13.775000525252226
220.775703,13.775000262626351
220.775704,13.775
220.9727,13.818776888888948
220.9737,13.818999111111216
220.973701,13.818999333333512
220.973702,13.818999555555406
220.973703,13.818999777777703
220.973704,13.819
221.1707,13.86585040860234
221.36895,13.912999048703464
221.368951,13.912999286527706
221.368952,13.912999524351948
221.368953,13.912999762175758
221.368954,13.913
221.3719,13.91301487503156
221.37205,13.91301563241606
221.567,13.913999979803071
221.567001,13.913999984852303
221.567002,13.913999989901535
221.567003,13.913999994950768
221.567004,13.914
221.56995,13.914119030302976
221.765,13.921999838383783
221.765001,13.92199987878784
221.765002,13.921999919191892
221.765003,13.921999959595947
221.765004,13.922
221.7699,13.9251898181809
221.963,14.050997393939696
221.963001,14.050998045455067
221.963002,14.05099869697044
221.963003,14.050999348485814
221.963004,14.051
221.96595,14.051818333333475
222.161,14.105998888889015
222.161001,14.105999166666887
222.161002,14.10599944444476
222.161003,14.105999722222128
222.161004,14.106
222.16585,14.104776571572886
222.35905,14.05600100984634
222.359051,14.056000757384757
222.359052,14.05600050492317
222.359053,14.056000252461589
222.359054,14.056
222.362,14.05598511745391
222.36215,14.05598435968679
222.557,14.05500002020712
222.557001,14.055000015155349
222.557002,14.055000010103564
222.557003,14.055000005051784
222.557004,14.055
222.56,14.055317436932317
222.7552,14.07599957618572
222.755201,14.075999682139338
222.755202,14.075999788092956
222.755203,14.075999894046577
222.755204,14.076
222.75995,14.07230493427664
222.953,13.922003114256464
222.953001,13.922002335691994
222.953002,13.922001557127524
222.953003,13.922000778563056
222.953004,13.922
222.956,13.923679575758175
223.151,14.032997757576018
223.151001,14.032998318182267
223.151002,14.032998878788518
223.151003,14.032999439393748
223.151004,14.033
223.154,14.033755992934916
223.34915,14.082998990663755
223.349151,14.082999242997932
223.349152,14.082999495332109
223.349153,14.082999747665824
223.349154,14.083
223.3521,14.082464634023124
223.35225,14.082437375063032
223.54725,14.04700072690552
223.547251,14.047000545179056
223.547252,14.047000363452597
223.547253,14.047000181726132
223.547254,14.047
223.55,14.047430472819231
223.745,14.077999372945712
223.745001,14.077999529709071
223.745002,14.077999686472712
223.745003,14.077999843236356
223.745004,14.078
223.748,14.078725387137276
223.94325,14.125999031525962
223.943251,14.125999273644585
223.943252,14.12599951576276
223.943253,14.12599975788138
223.943254,14.126
223.946,14.124930761061895
224.141,14.049001557521942
224.141001,14.04900116814128
224.141002,14.049000778760616
224.141003,14.049000389379954
224.141004,14.049
224.144,14.048909781681273
224.34025,14.043000120451737
224.340250999,14.043000090338802
224.340252,14.043000060225868
224.340253,14.043000030112935
224.340254,14.043
224.34325,14.044733725887896
224.3434,14.044820527918263
224.53725,14.156997685278403
224.537251,14.156998263958805
224.537252,14.156998842639204
224.537253,14.1569994213196
224.537254,14.157
224.54005,14.15593983822086
224.73505,14.082001516684032
224.735051,14.082001137513023
224.735052,14.082000758342016
224.735053,14.082000379171008
224.735054,14.082
224.73805,14.085461574166668
224.93325,14.310995378406188
224.933251,14.310996533805168
224.933252,14.310997689204145
224.933253,14.310998844601022
224.933254,14.311
224.93605,14.308727058822994
225.1313,14.150003251705217
225.131301,14.150002438778913
225.131302,14.150001625852608
225.131303,14.150000812926304
225.131304,14.15
225.13425,14.15034221212106
225.3293,14.172999535353378
225.329301,14.172999651515031
225.329302,14.17299976767669
225.329303,14.172999883838344
225.329304,14.173
225.331999999,14.174865414141124
225.33215,14.174969202019808
225.5273,14.309997232323555
225.527301,14.30999792424298
225.527302,14.309998616162408
225.527303,14.309999308081832
225.527304,14.31
225.53005,14.30926495959593
225.7253,14.257001070706949
225.725301,14.257000803030088
225.725302,14.25700053535323
225.725303,14.257000267676858
225.725304,14.257
225.7255,14.25694658591952
225.92345,14.203001090083143
225.923451,14.203000817562234
225.923452,14.20300054504182
225.923453,14.20300027252091
225.923454,14.203
225.9262,14.205373343442098
226.1213,14.373996542835885
226.121301,14.373997407125731
226.121302,14.373998271417156
226.121303,14.373999135708578
226.121304,14.374
226.12405,14.372236895854323
226.3191,14.24700256825046
226.319101,14.24700192618872
226.319102,14.247001284125814
226.319103,14.247000642062908
226.319104,14.247
226.324,14.24611071644796
226.3242,14.246074389505734
226.5173,14.211000726538764
226.517301,14.211000544903992
226.517302,14.211000363269218
226.517303,14.211000181634445
226.517304,14.211
226.5201,14.210858787878754
226.7153,14.20100020202018
226.715301,14.201000151515112
226.715302,14.201000101010044
226.715303,14.201000050505067
226.715304,14.201
226.7155,14.201084141414515
226.9133,14.285998282828482
226.913301,14.285998712121556
226.913302,14.285999141414631
226.913303,14.285999570706926
226.913304,14.286
226.91605,14.286
227.1113,14.286
227.111301,14.286
227.111302,14.286
227.111303,14.286
227.111304,14.286
227.11405,14.28462561172896
227.3091,14.187002002022012
227.309101,14.187001501516283
227.309102,14.187001001011462
227.309103,14.187000500505732
227.309104,14.187
227.31205,14.189125519677464
227.3122,14.189233743693498
227.5073,14.32999711402526
227.507301,14.329997835518943
227.507302,14.32999855701263
227.507303,14.329999278506316
227.507304,14.33
227.51205,14.32837129447433
227.70485,14.262207277315422
227.70545,14.262001372697917
227.705451,14.262001029523438
227.705452,14.26200068634896
227.705453,14.26200034317448
227.705454,14.262
227.90285,14.191234455945288
227.9035,14.191001433981151
227.903501,14.1910010754857
227.903502,14.191000716990905
227.903503,14.191000358495453
227.903504,14.191
228.10135,14.345996866313229
228.101351,14.345997649733851
228.101352,14.345998433155902
228.101353,14.345999216577953
228.101354,14.346
228.104099999,14.34577826898813
228.29885,14.33005280847853
228.2995,14.330000322987743
228.299501,14.330000242240809
228.299502,14.330000161493873
228.299503,14.330000080746936
228.299504,14.33
228.30225,14.328834147081064
228.49735,14.246001698256055
228.497351,14.246001273691853
228.497352,14.246000849127643
228.497353,14.246000424563436
228.497354,14.246
228.502,14.2433973959115
228.69485,14.135366358818787
228.6955,14.13500224072646
228.695501,14.135001680544592
228.695502,14.13500112036272
228.695503,14.13500056018085
228.695504,14.135
228.89285,14.111079272727212
228.8935,14.111000484848429
228.893501,14.111000363636268
228.893502,14.111000242424105
228.893503,14.111000121212165
228.893504,14.111
229.09135,14.206998059135936
229.091351,14.20699854435129
229.091352,14.206999029567529
229.091353,14.206999514783764
229.091354,14.207
229.0941,14.210007226848472
229.28885,14.423283785011918
229.2895,14.4239956194807
229.289501,14.42399671460903
229.289502,14.423997809739356
229.289503,14.423998904869675
229.289504,14.424
229.2923,14.42303417271629
229.48685,14.355830418022787
229.48925,14.355001381726998
229.489251,14.35500103629572
229.489252,14.355000690863816
229.489253,14.355000345431908
229.489254,14.355
229.68485,14.294203281528503
229.6855,14.29400124331196
229.685501,14.294000932483828
229.685502,14.294000621655696
229.685503,14.294000310827563
229.685504,14.294
229.88285,14.294
229.88355,14.294
229.883551,14.294
229.883552,14.294
229.883553,14.294
229.883554,14.294
230.0809,14.414600333333649
230.08155,14.41499755555584
230.081551,14.414998166666049
230.081552,14.414998777777363
230.081553,14.414999388888685
230.081554,14.415
230.2789,14.369151939394245
230.27955,14.369000929293245
230.279551,14.369000696969932
230.279552,14.36900046464662
230.279553,14.36900023232331
230.279554,14.369
230.2823,14.368417515151489
230.4769,14.32713872727262
230.47755,14.327000848484747
230.477551,14.327000636363469
230.477552,14.327000424242184
230.477553,14.3270002121209
230.477554,14.327
230.675,14.238271426407808
230.6756,14.238001797525667
230.675601,14.238001348144046
230.675602,14.238000898763245
230.675603,14.23800044938162
230.675604,14.238
230.8729,14.363583713059182
230.87355,14.363997453902796
230.873551,14.363998090427389
230.873552,14.36399872695082
230.873553,14.363999363475411
230.873554,14.364
231.0709,14.427245588382515
231.07325,14.427998718076685
231.073251,14.427999038557513
231.073252,14.427999359038342
231.073253,14.427999679519171
231.073254,14.428
231.2689,14.138966174225056
231.26955,14.138005909324466
231.269551,14.13800443199335
231.269552,14.138002954662234
231.269553,14.138001477331116
231.269554,14.138
231.2723,14.139997090909173
231.4669,14.281524363635416
231.46755,14.281997090908106
231.467551,14.28199781818108
231.467552,14.281998545454051
231.467553,14.281999272727026
231.467554,14.282
231.6649,14.261095757881511
231.6658,14.261000423707392
231.665801,14.261000317780688
231.665802,14.261000211853792
231.665803,14.261000105926897
231.665804,14.261
231.8629,14.417441213346782
231.8636,14.417996825076203
231.863601,14.417997618806073
231.863602,14.41799841253738
231.863603,14.417999206268693
231.863604,14.418
232.06095,14.36417836363672
232.0616,14.36400109090946
232.061601,14.364000818182095
232.061602,14.364000545454733
232.061603,14.364000272727363
232.061604,14.364
232.2605,14.426746359539518
232.2613,14.426998738107306
232.261301,14.426999053580625
232.261302,14.42699936905394
232.261303,14.426999684526685
232.261304,14.427
232.2641,14.425048639836511
232.45695,14.29045643402919
232.4576,14.290002791645117
232.457601,14.29000209373352
232.457602,14.290001395821925
232.457603,14.290000697910328
232.457604,14.29
232.65495,14.319900909090988
232.6556,14.319999393939463
232.655601,14.319999545454667
232.655602,14.31999969696987
232.655603,14.319999848484798
232.655604,14.32
232.85295,14.335947151515194
232.8536,14.335999676767717
232.853601,14.335999757575824
232.853602,14.335999838383785
232.853603,14.335999919191892
232.853604,14.336
233.05095,14.370884393939486
233.0516,14.370999292929376
233.051601,14.370999469696793
233.051602,14.370999646464528
233.051603,14.370999823232264
233.051604,14.371
233.24895,14.44575227272678
233.2496,14.445998484847973
233.249601,14.445998863635978
233.249602,14.445999242423984
233.249603,14.445999621211993
233.249604,14.446
233.25255,14.44430894259893
233.4474,14.332461510574682
233.4482,14.332002296072242
233.448201,14.332001722054963
233.448202,14.332001148036642
233.448203,14.332000574018322
233.448204,14.332
233.64495,14.359871935238996
233.64585,14.35999943334183
233.645851,14.35999957500618
233.645852,14.359999716670789
233.645853,14.359999858335392
233.645854,14.36
233.84295,14.495379070706766
233.84385,14.495997252524322
233.843851,14.49599793939324
233.843852,14.495998626262162
233.843853,14.49599931313108
233.843854,14.496
234.041,14.575755651074283
234.0416,14.575998381795385
234.041601,14.575998786346725
234.041602,14.575999190897324
234.041603,14.575999595448662
234.041604,14.576
234.239,14.49331583144108
234.23975,14.493001675498164
234.239751,14.493001256624195
234.239752,14.493000837749465
234.239753,14.493000418874733
234.239754,14.493
234.2426,14.49279876767681
234.437,14.479053313131356
234.43775,14.47900028282838
234.437751,14.479000212121283
234.437752,14.47900014141419
234.437753,14.479000070707096
234.437754,14.479
234.63495,14.502890479555726
234.63585,14.50299951539632
234.635851,14.502999636547075
234.635852,14.502999757698053
234.635853,14.502999878849025
234.635854,14.503
234.83295,14.562726060605929
234.83385,14.562998787878378
234.833851,14.562999090908784
234.833852,14.56299939393919
234.833853,14.562999696969596
234.833854,14.563
235.0316,14.640742883064718
235.03225,14.640998427419538
235.032251,14.640998820564832
235.032252,14.640999213709412
235.032253,14.640999606854706
235.032254,14.641
235.229,14.536427334852547
235.2298,14.536002126044758
235.229801,14.53600159453357
235.229802,14.53600106302238
235.229803,14.53600053151119
235.229804,14.536
235.2326,14.537002606060192
235.427,14.606711696969285
235.4278,14.60699856565608
235.427801,14.60699892424206
235.427802,14.606999282828042
235.427803,14.60699964141402
235.427804,14.607
235.625,14.633890363636452
235.6258,14.63399945454552
235.625801,14.6339995909092
235.625802,14.633999727272885
235.625803,14.633999863636566
235.625804,14.634
235.823,14.6807855224633
235.8239,14.680999050984031
235.823901,14.680999288238024
235.823902,14.680999525492016
235.823903,14.680999762746008
235.823904,14.681
236.021,14.726789979798298
236.0219,14.72699907070718
236.021901,14.72699930303049
236.021902,14.7269995353538
236.021903,14.726999767677112
236.021904,14.727
236.219,14.65523811883739
236.21965,14.655001456384818
236.219651,14.655001092288614
236.219652,14.655000728192409
236.219653,14.655000364096203
236.219654,14.655
236.2226,14.654836457229443
236.417,14.644044632853962
236.4178,14.644000222054077
236.417801,14.644000166540556
236.417802,14.644000111027037
236.417803,14.64400005551352
236.417804,14.644
236.6166,14.689768848848908
236.6176,14.689999079079186
236.617601,14.689999309309494
236.617602,14.689999539539802
236.617603,14.68999976977011
236.617604,14.69
236.813,14.654165787060702
236.8139,14.654000733571312
236.813901,14.654000550178484
236.813902,14.654000366785656
236.813903,14.654000183392828
236.813904,14.654
237.01105,14.716712436253328
237.01195,14.71699872759419
237.011951,14.716999045695788
237.011952,14.716999363797385
237.011953,14.716999681898404
237.011954,14.717
237.20905,14.75480741039884
237.21005,14.754999232710842
237.210051,14.75499942453322
237.210052,14.754999616355596
237.210053,14.754999808177972
237.210054,14.755
237.2128,14.753070303336624
237.40705,14.61656499494392
237.40785,14.616002810919792
237.407851,14.616002108189528
237.407852,14.616001405459258
237.407853,14.61600070272899
237.407854,14.616
237.60505,14.65579737638754
237.60605,14.655999192734706
237.606050999,14.655999394551122
237.606052,14.65599959636717
237.606053,14.655999798183585
237.606054,14.656
237.80305,14.545544170212311
237.8058,14.544002242803243
237.805801,14.54400168210218
237.805802,14.544001121401111
237.805803,14.544000560701068
237.805804,14.544
238.00105,14.59577354411018
238.0019,14.595998939316315
238.001901,14.595999204487237
238.001902,14.59599946965816
238.001903,14.595999734829078
238.001904,14.596
238.199049999,14.425866434520648
238.200049999,14.425003451931524
238.200050999,14.425002588948644
238.200052,14.425001725965762
238.200053,14.425000862982882
238.200054,14.425
238.2028,14.425347067744983
238.39705,14.449898382204102
238.39785,14.449999494438655
238.397851,14.449999620828994
238.397852,14.449999747219328
238.397853,14.449999873609665
238.397854,14.45
238.59505,14.48585381818194
238.595849999,14.48599927272736
238.595851,14.4859994545456
238.595852,14.485999636363845
238.595853,14.485999818182089
238.595853999,14.486
238.79305,14.494952151324073
238.7941,14.494999818411037
238.794101,14.494999863808278
238.794102,14.494999909205518
238.794103,14.49499995460276
238.794104,14.495
238.9911,14.495
238.9921,14.495
238.992101,14.495
238.992102,14.495
238.992103,14.495
238.992104,14.495
239.1891,14.63041296942135
239.18995,14.630997250442574
239.189951,14.630997937832245
239.189952,14.630998625221912
239.189953,14.630999312610331
239.189954,14.631
239.19285,14.629699248044428
239.3871,14.542450951299402
239.3881,14.542001796618514
239.388101,14.542001347463682
239.388102,14.54200089830885
239.388103,14.542000449154832
239.388104,14.542
239.5851,14.50916733333329
239.5861,14.509000666666587
239.586101,14.509000499999866
239.586101999,14.509000333333448
239.586103,14.509000166666723
239.586104,14.509
239.7831,14.507010141414138
239.7841,14.507000040404035
239.784101,14.50700003030304
239.784102,14.507000020202026
239.784103,14.507000010101011
239.784104,14.507
239.9811,14.471182545454829
239.9821,14.471000727272974
239.982101,14.47100054545473
239.982102,14.471000363636486
239.982103,14.471000181818244
239.982104,14.471
240.1791,14.499852949494986
240.1801,14.499999414141485
240.180101,14.49999956060618
240.180102,14.499999707070874
240.180103,14.49999985353557
240.180104,14.5
240.18285,14.500887371875825
240.3771,14.563659399141535
240.37815,14.563998707397271
240.378151,14.563999030548102
240.378152,14.563999353698344
240.378153,14.563999676849171
240.378154,14.564
240.57515,14.518267898056932
240.5763,14.518000928589345
240.576301,14.518000696442323
240.576302,14.518000464294884
240.576302999,14.518000232147442
240.576304,14.518
240.77315,14.414527753349311
240.77415,14.414002102603694
240.774151,14.41400157695277
240.774152,14.414001051301849
240.774153,14.414000525650923
240.774154,14.414
240.97115,14.374202828282778
240.97215,14.374000808080714
240.972151,14.374000606060443
240.972152,14.374000404040174
240.972153,14.374000202019904
240.972154,14.374
241.1691,14.411371157495129
241.3674,14.44899924098646
241.367401,14.448999430739844
241.367402,14.44899962049323
241.367403,14.448999810246615
241.367404,14.449
241.3702,14.450412121211553
241.3705,14.450563636362917
241.5654,14.548997979798214
241.565401,14.548998484848893
241.565402,14.548998989899566
241.565403,14.548999494950245
241.565404,14.549
241.5684,14.54778949494906
241.7634,14.469001616161428
241.763401,14.469001212120888
241.763402,14.469000808080349
241.763403,14.469000404039804
241.763404,14.469
241.7664,14.467592787878283
241.9614,14.37600187878766
241.961401,14.37600140909053
241.961402,14.376000939393402
241.961403,14.376000469697129
241.961404,14.376
241.96625,14.37328330303041
242.1594,14.265002242423982
242.159401,14.265001681817733
242.159402,14.2650011212125
242.159403,14.265000560606252
242.159404,14.265
242.1624,14.26322963636408
242.3574,14.148002363636088
242.357401,14.148001772727872
242.357402,14.148001181818582
242.357403,14.148000590909293
242.357404,14.148
242.3602,14.146785575758075
242.36055,14.146633555555946
242.5554,14.062001737374327
242.555401,14.062001303030746
242.555402,14.062000868687164
242.555403,14.062000434343584
242.555404,14.062
242.56035,14.063022880201585
242.75365,14.10299917276176
242.753651,14.102999379571038
242.753652,14.102999586380692
242.753653,14.102999793190346
242.753654,14.103
242.7564,14.10219459924143
242.9514,14.045001173198347
242.951401,14.045000879898629
242.951402,14.045000586598906
242.951403,14.04500029329972
242.951404,14.045
242.9544,14.04310954063536
243.1495,13.920002523977496
243.149501,13.920001892982835
243.149502,13.920001261988174
243.149503,13.920000630993512
243.149504,13.92
243.15245,13.919836457229342
243.34765,13.909000222053974
243.347651,13.909000166540457
243.347652,13.909000111026938
243.347653,13.90900005551342
243.347654,13.909
243.3504,13.908264216380152
243.35055,13.908224024266946
243.54545,13.856001071789562
243.545451,13.856000803842049
243.545452,13.856000535894538
243.545453,13.856000267947024
243.545454,13.856
243.5503,13.85558445397212
243.7437,13.839000343001375
243.743701,13.839000257251032
243.743702,13.83900017150069
243.743703,13.839000085750344
243.743704,13.839
243.7464,13.839259034133969
243.94145,13.857999615676404
243.941451,13.857999711757348
243.941452,13.857999807838114
243.941453,13.857999903919058
243.941454,13.858
243.9444,13.858710950226373
244.14035,13.905999034690913
244.140351,13.905999276018294
244.140352,13.905999517345675
244.140353,13.905999758673058
244.140354,13.906
244.14335,13.904876310187138
244.33765,13.832001500253927
244.337651,13.832001125190448
244.337652,13.832000750126966
244.337653,13.832000375063483
244.337654,13.832
244.3404,13.831722345804016
244.340549999,13.83170717896866
244.53545,13.812000404449076
244.535451,13.812000303336808
244.535452,13.81200020222454
244.535453,13.81200010111227
244.535454,13.812
244.53845,13.813556559898736
244.7337,13.91499792181613
244.733701,13.91499844136139
244.733702,13.914998960907594
244.733703,13.914999480453798
244.733704,13.915
244.73645,13.914001454545415
244.9317,13.843001454545949
244.931701,13.84300109090946
244.931702,13.843000727272974
244.931703,13.843000363636486
244.931704,13.843
244.93445,13.841303576092344
245.1308,13.720002471119754
245.130801,13.720001853340658
245.130802,13.72000123556044
245.130803,13.72000061778022
245.130804,13.72
245.13375,13.720763057389206
245.3277,13.770998963941208
245.327700999,13.770999222956023
245.327702,13.77099948197084
245.327702999,13.770999740985657
245.327704,13.771
245.330449999,13.771443462023738
245.3306,13.771467686096386
245.5252,13.802894383043231
245.52585,13.802999354024804
245.525851,13.802999515518676
245.525852,13.802999677012547
245.525853,13.802999838506128
245.525854,13.803
245.7237,13.767000727824025
245.723701,13.767000545867935
245.723702,13.767000363912178
245.723703,13.767000181956089
245.723704,13.767
245.72835,13.76613180808092
245.9217,13.73000074747466
245.921701,13.730000560606252
245.921702,13.7300003737375
245.921703,13.73000018686875
245.921704,13.73
245.92445,13.72979196969696
246.1197,13.715000303030406
246.119701,13.715000227272805
246.119702,13.715000151515202
246.119703,13.7150000757576
246.119704,13.715
246.1227,13.715469070706956
246.3177,13.745999373737448
246.317701,13.745999530303155
246.317702,13.745999686868869
246.317703,13.745999843434577
246.317704,13.746
246.322399999,13.746142303030302
246.32255,13.746146848484898
246.5157,13.751999878787894
246.515701,13.751999909090934
246.515702,13.751999939393974
246.515703,13.75199996969696
246.515704,13.752
246.5185,13.7505328758826
246.71325,13.648343168516378
246.7139,13.648002098889766
246.713901,13.64800157416804
246.713902,13.64800104944536
246.713903,13.64800052472268
246.713904,13.648
246.91175,13.645000060652029
246.911751,13.645000045489022
246.911752,13.645000030326017
246.911753,13.645000015163006
246.911754,13.645
246.9145,13.644958393939392
247.10975,13.642000060606051
247.109751,13.642000045454532
247.109752,13.642000030303011
247.109753,13.642000015151492
247.109754,13.642
247.1125,13.641625545454527
247.30775,13.615000545454482
247.307751,13.6150004090908
247.307752,13.615000272727118
247.307753,13.615000136363683
247.307754,13.615
247.31235,13.613793883421474
247.3125,13.613754519303422
247.50525,13.563171627554748
247.5059,13.563001049709694
247.505901,13.563000787282151
247.505902,13.563000524854608
247.505903,13.563000262427543
247.505904,13.563
247.70325,13.686590424242748
247.7039,13.686997494949788
247.703901,13.686998121212625
247.703902,13.686998747474323
247.703903,13.686999373737162
247.703904,13.687
247.90175,13.577002223907751
247.901751,13.577001667930816
247.901752,13.577001111953876
247.901753,13.577000555976936
247.901754,13.577
247.90645,13.576644242424246
248.09975,13.562000303030407
248.099751,13.562000227272806
248.099752,13.562000151515203
248.099753,13.562000075757602
248.099754,13.562
248.1025,13.562929202019632
248.29775,13.628998646464805
248.297751,13.628998984848756
248.297752,13.628999323232708
248.297753,13.628999661616662
248.297754,13.629
248.3005,13.62859780808079
248.30065,13.628575838383844
248.49575,13.600000585858515
248.495751,13.60000043939382
248.495752,13.600000292929126
248.495753,13.600000146464696
248.495754,13.6
248.49595,13.599969344096737
248.6933,13.56910229061546
248.69395,13.569000625630604
248.693951,13.569000469223166
248.693952,13.569000312815444
248.693953,13.569000156407723
248.693954,13.569
248.8913,13.444412878788702
248.89195,13.44400252525338
248.891951,13.444001893940037
248.891952,13.44400126262669
248.891953,13.444000631313346
248.891954,13.444
249.0898,13.49899888804663
249.089801,13.498999166035098
249.089802,13.498999444023568
249.089803,13.498999722012035
249.089804,13.499
249.09245,13.499347191521682
249.2873,13.524914186222627
249.28795,13.524999475145153
249.287951,13.524999606358923
249.287952,13.524999737572696
249.287953,13.52499986878623
249.287954,13.525
249.2907,13.523765686868638
249.4853,13.436293969696738
249.48595,13.43600179797959
249.485951,13.436001348484488
249.485952,13.436000898990205
249.485953,13.436000449495102
249.485954,13.436
249.6833,13.453940545454593
249.68395,13.45399963636368
249.683951,13.453999727272636
249.683952,13.453999818181757
249.683953,13.45399990909088
249.683954,13.454
249.8813,13.558653181817492
249.88195,13.558997878787162
249.881951,13.558998409090371
249.881952,13.55899893939358
249.881953,13.558999469696792
249.881954,13.559
250.0798,13.63399848369995
250.079801,13.633998862775137
250.079802,13.63399924185032
250.079803,13.633999620925504
250.079804,13.634
250.08255,13.632295442846258
250.2773,13.511405965177577
250.27795,13.51100248296716
250.277951,13.51100186222509
250.277952,13.511001241483015
250.277953,13.511000620740944
250.277954,13.511
250.28075,13.510506380832169
250.4753,13.476159596469182
250.4762,13.476000706179306
250.476201,13.47600052963448
250.476202,13.476000353089654
250.476203,13.476000176544828
250.476204,13.476
250.67335,13.537283790423212
250.67565,13.537998756580176
250.675651,13.537999067435132
250.675652,13.537999378290088
250.675653,13.537999689145044
250.675654,13.538
250.87135,13.691526153845563
250.87195,13.691996861946366
250.871951,13.691997646458704
250.871952,13.69199843097247
250.871953,13.691999215486234
250.871954,13.692
251.06935,13.633179979798204
251.06995,13.633001191919597
251.069951,13.633000893939698
251.069952,13.633000595959798
251.069953,13.6330002979799
251.069954,13.633
251.26735,13.595125483463674
251.268,13.59500076748287
251.268001,13.595000575612064
251.268002,13.595000383741262
251.268003,13.595000191870806
251.268004,13.595
251.27075,13.59680110998998
251.46535,13.72443985872863
251.4662,13.724997376387792
251.466201,13.72499803228995
251.466202,13.7249986881933
251.466203,13.72499934409665
251.466204,13.725
251.66335,13.753904115268025
251.664,13.753999413549106
251.664001,13.75399956016163
251.664002,13.75399970677442
251.664003,13.75399985338721
251.664004,13.754
251.86135,13.683234515151982
251.862,13.68300143434392
251.862001,13.68300107575794
251.862002,13.68300071717196
251.862003,13.68300035858598
251.862004,13.683
252.05935,13.763732454544922
252.06,13.76399836363581
252.060001,13.763998772726858
252.060002,13.763999181817908
252.060003,13.763999590908954
252.060004,13.764
252.25735,13.764
252.258,13.764
252.258001,13.764
252.258002,13.764
252.258003,13.764
252.258004,13.764
252.26275,13.765795460277614
252.45535,13.83865800756604
252.45625,13.83899848675863
252.456251,13.838998865068971
252.456252,13.838999243379316
252.456253,13.838999621689656
252.456254,13.839
252.6534,13.806142333333318
252.65425,13.80600066666659
252.654251,13.806000499999866
252.654252,13.806000333333143
252.654253,13.80600016666642
252.654254,13.806
252.85135,13.791049608090985
252.852,13.791000303413366
252.852001,13.791000227560128
252.852002,13.791000151706752
252.852003,13.791000075853376
252.852004,13.791
253.04935,13.772062757575885
253.05,13.772000383838511
253.050001,13.772000287878884
253.050002,13.772000191919258
253.050003,13.772000095959628
253.050004,13.772
253.24735,13.69630837244556
253.24815,13.696001534191788
253.248151,13.69600115064384
253.248152,13.696000767095894
253.248153,13.696000383547949
253.248154,13.696
253.2509,13.6950296819794
253.44535,13.626319434629131
253.44625,13.62600141342804
253.446251,13.62600106007103
253.446252,13.62600070671402
253.446253,13.626000353357009
253.446254,13.626
253.6434,13.67079459732422
253.6443,13.670999091138707
253.644301,13.670999318354134
253.644302,13.67099954556956
253.644303,13.670999772784574
253.644304,13.671
253.8414,13.600234811631314
253.84205,13.60000143615725
253.842051,13.600001077117938
253.842052,13.600000718078624
253.842053,13.600000359039312
253.842054,13.6
254.04065,13.579068928481751
254.0413,13.57900042158088
254.041301,13.579000316185803
254.041302,13.579000210790536
254.041303,13.579000105395268
254.041304,13.579
254.2374,13.4833919959367
254.2382,13.483001950228315
254.238201,13.483001462671016
254.238202,13.483000975113717
254.238203,13.483000487556414
254.238204,13.483
254.24095,13.48383107187897
254.4354,13.542681008827152
254.43645,13.542998789406903
254.436451,13.54299909205518
254.436452,13.542999394703454
254.436453,13.542999697351728
254.436454,13.543
254.6334,13.50056112252554
254.636,13.500000861939265
254.636001,13.50000064645435
254.636002,13.500000430969829
254.636003,13.500000215484912
254.636004,13.5
254.8314,13.35080478493278
254.83245,13.350003054211912
254.832451,13.350002290658589
254.832452,13.35000152710526
254.832453,13.350000763553323
254.832454,13.35
255.0294,13.375907391854282
255.0301,13.375999473817414
255.030101,13.37599960536312
255.030102,13.375999736908827
255.030103,13.375999868454294
255.030104,13.376
255.2274,13.372016234225123
255.2282,13.37200008076728
255.228201,13.37200006057545
255.228202,13.372000040383622
255.228203,13.372000020191791
255.228204,13.372
255.23095,13.371445952080686
255.4254,13.3322126607819
255.42645,13.332000807061698
255.426451,13.332000605296548
255.426452,13.332000403531032
255.426453,13.332000201765515
255.426454,13.332
255.6243,13.287000909780446
255.624301,13.287000682335334
255.624302,13.287000454890222
255.624303,13.287000227445112
255.624304,13.287
255.62705,13.28627882828327
255.82145,13.235224282828256
255.8223,13.235001050504929
255.822301,13.235000787878576
255.822302,13.235000525252223
255.822303,13.235000262625872
255.822304,13.235
256.02,13.20709232165357
256.02065,13.207000564658369
256.020651,13.207000423493712
256.020652,13.207000282329313
256.020653,13.207000141164656
256.020654,13.207
256.21745,13.035699838056102
256.21825,13.035003481780972
256.218251,13.035002611335331
256.218252,13.035001740889694
256.218253,13.03500087044564
256.218254,13.035
256.22105,13.035451422805354
256.41545,13.066837901110032
256.41645,13.066999354187764
256.416451,13.066999515640603
256.416452,13.066999677093737
256.416453,13.066999838546868
256.416454,13.067
256.61345,13.071974646464652
256.61445,13.071999898989866
256.614451,13.0719999242424
256.614452,13.071999949494934
256.614453,13.071999974747468
256.614454,13.072
256.81145,13.010267616881444
256.8123,13.010001253474709
256.812301,13.01000094010589
256.812302,13.01000062673707
256.812303,13.01000031336825
256.812304,13.01
257.00945,13.06372638909924
257.01045,13.063998909916856
257.010451,13.063999182437769
257.010452,13.063999454958676
257.010453,13.063999727479588
257.010454,13.064
257.20745,13.045077229524708
257.20825,13.045000384226446
257.208251,13.045000288169792
257.208252,13.045000192113136
257.208253,13.04500009605648
257.208254,13.045
257.21105,13.0461846860028
257.40545,13.128553412358013
257.4065,13.128998305169665
257.406501,13.12899872887725
257.406502,13.128999152584832
257.406503,13.128999576292417
257.406504,13.129
257.6035,13.18372111111068
257.6045,13.183998888888514
257.604501,13.183999166666386
257.604502,13.183999444444256
257.604503,13.18399972222213
257.604504,13.184
257.8015,13.141185605256483
257.80235,13.141000869345362
257.802351,13.141000652008923
257.802352,13.141000434672485
257.802353,13.14100021733644
257.802354,13.141
257.9995,13.101202674741304
258.0005,13.101000807468996
258.000501,13.101000605601657
258.000502,13.101000403734314
258.000503,13.10100020186734
258.000504,13.101
258.19745,13.050271484848562
258.1985,13.050001030302912
258.198501,13.050000772727069
258.198502,13.050000515151693
258.198503,13.050000257575846
258.198504,13.05
258.20325,13.050551303030364
258.39545,13.072877565656531
258.3965,13.07299953535359
258.396501,13.072999651515032
258.396502,13.07299976767669
258.396503,13.072999883838344
258.396504,13.073
258.5935,13.020268747475164
258.5945,13.020001070707432
258.594501,13.020000803030577
258.594502,13.020000535353716
258.594502999,13.020000267676858
258.594504,13.02
258.7915,13.093624767676864
258.7925,13.093998505050678
258.792501,13.09399887878818
258.792502,13.09399925252568
258.792503,13.093999626263178
258.792504,13.094
258.9895,13.14277616978261
258.9904,13.142999009600924
258.990401,13.142999257200357
258.990402,13.142999504800237
258.990403,13.14299975240012
258.990404,13.143
259.1875,13.038558516275703
259.18855,13.038002119606112
259.188551,13.038001589705308
259.188552,13.038001059803538
259.188553,13.038000529901767
259.188554,13.038
259.1913,13.038443797979816
259.3855,13.06982965656561
259.38655,13.069999353535136
259.386551,13.069999515151352
259.386552,13.069999676767567
259.386553,13.069999838383785
259.386554,13.07
259.5835,12.694254251375533
259.58625,12.689007631446284
259.586251,12.689005723583843
259.586251999,12.689003815724876
259.586253,12.68900190786244
259.586254,12.689
259.7815,12.116092735609632
259.78255,12.11301173713567
259.782551,12.113008802850418
259.782552,12.113005868565166
259.782553,12.113002934285252
259.782554,12.113
259.9795,12.542375079484929
259.9807,12.544991279334852
259.980701,12.54499345950213
259.980702,12.54499563966941
259.980703,12.54499781983272
259.980704,12.545
260.1775,12.75012938110646
260.18025,12.75299583061748
260.180251,12.752996872963111
260.180252,12.75299791530874
260.180253,12.75299895765437
260.180254,12.753
260.183,12.755306388392569
260.3755,12.916988750318025
260.3767,12.917996640366898
260.376701,12.917997480274028
260.376702,12.917998320182685
260.376703,12.917999160091345
260.376704,12.918
260.573549999,12.908050745514355
260.574549999,12.908000202173431
260.574551,12.908000151630072
260.574552,12.908000101086715
260.574553,12.908000050543356
260.574553999,12.908
260.77155,12.90301591397852
260.9698,12.89800010120176
260.969801,12.898000075901354
260.969802,12.898000050600904
260.969803,12.898000025300451
260.969804,12.898
260.97285,12.90054728463461
261.16755,13.063369450881872
261.3668,13.229996654912227
261.366801,13.229997491184552
261.366802,13.229998327456874
261.366803,13.229999163729198
261.366804,13.23
261.3696,13.226069566099044
261.37,13.225507272263856
261.56385,12.953005622937686
261.563851,12.953004217202626
261.563852,12.95300281147012
261.563853,12.95300140573506
261.563854,12.953
261.5668,12.952776818181778
261.76185,12.938000303030268
261.761851,12.938000227272806
261.761852,12.938000151515205
261.761853,12.938000075757602
261.761854,12.938
261.76485,12.93526886050657
261.9615,12.756003646382402
261.961501,12.7560027347868
261.961502,12.756001823191202
261.961503,12.7560009115956
261.961504,12.756
261.96445,12.75533983193306
262.15785,12.71200089635844
262.157851,12.712000672268728
262.157852,12.712000448179015
262.157853,12.712000224089303
262.157854,12.712
262.16085,12.712938141414476
262.35585,12.773998747474892
262.355851,12.773999060606313
262.355852,12.773999373737732
262.355853,12.77399968686858
262.355854,12.774
262.3587,12.775680030273172
262.35905,12.775886639757614
262.55405,12.890997638749012
262.554051,12.890998229060957
262.554052,12.89099881937397
262.554053,12.890999409686986
262.554054,12.891
262.5568,12.891610839231571
262.75185,12.93499911021244
262.751851,12.934999332659029
262.751852,12.934999555106018
262.751853,12.93499977755301
262.751854,12.935
262.75675,12.936829818181955
262.94985,13.00899850505
262.949851,13.0089988787875
262.949852,13.008999252525
262.949853,13.0089996262625
262.949854,13.009
262.9528,13.00483814329142
263.14805,12.729005650857063
263.148051,12.729004238142156
263.148052,12.729002825427248
263.148053,12.72900141271234
263.148054,12.729
263.15085,12.731728149646765
263.34585,12.9219960970682
263.345851,12.921997072801592
263.345852,12.921998048534988
263.345853,12.92199902426838
263.345854,12.922
263.35055,12.92228424716267
263.3509,12.92230543253469
263.5441,12.933999757881384
263.544101,12.933999818411037
263.544102,12.933999878940693
263.544103,12.933999939470349
263.544104,12.934
263.54685,12.933153154701683
263.7419,12.87300123356968
263.741901,12.87300092517726
263.741902,12.87300061678484
263.741903,12.87300030839242
263.741904,12.873
263.74485,12.872494121212346
263.9399,12.83900068686892
263.939901,12.83900051515169
263.939902,12.83900034343446
263.939903,12.839000171717233
263.939904,12.839
263.94295,12.840613673057428
264.1381,12.943997880928602
264.138101,12.943998410696691
264.138102,12.943998940464784
264.138103,12.94399947023191
264.138104,12.944
264.14095,12.94398562626263
264.3361,12.943000020202016
264.336101,12.94300001515151
264.336102,12.943000010101011
264.336103,12.943000005050507
264.336104,12.943
264.33885,12.9428197070707
264.3391,12.94280329292934
264.5341,12.930000262626232
264.534101,12.930000196969765
264.534102,12.930000131313175
264.534103,12.930000065656587
264.534104,12.93
264.53685,12.93020803030304
264.7321,12.944999696969594
264.732101,12.944999772727195
264.732102,12.944999848484798
264.732103,12.9449999242424
264.732104,12.945
264.73475,12.946859423659564
264.9299,13.083997189078929
264.929901,13.083997891809195
264.929902,13.083998594539462
264.929903,13.083999297269733
264.929904,13.084
264.93275,13.083454349142391
265.1281,13.046000766902033
265.128101,13.046000575176436
265.128102,13.046000383450842
265.128103,13.046000191725597
265.128104,13.046
265.1326,13.044228848484307
265.3261,12.968001575757391
265.326101,12.968001181817865
265.326102,12.968000787879054
265.326103,12.968000393939528
265.326104,12.968
265.3288,12.967074334764105
265.328999999,12.967005665236067
265.52415,12.900001373391024
265.524151,12.900001030043269
265.524152,12.900000686695511
265.524153,12.900000343347756
265.524154,12.9
265.5269,12.899264959595923
265.72215,12.847001070706948
265.722151,12.847000803030088
265.722152,12.84700053535323
265.722153,12.847000267676371
265.722154,12.847
265.7249,12.846931212424847
265.92175,12.842000100200387
265.921751,12.84200007515028
265.921752,12.842000050100172
265.921753,12.842000025050064
265.921754,12.842
265.92455,12.840846863543517
266.11815,12.761001649694313
266.118151,12.761001237270545
266.118152,12.76100082484753
266.118153,12.761000412423764
266.118154,12.761
266.1209,12.760778101010091
266.31615,12.745000323232286
266.316151,12.745000242424323
266.316152,12.745000161616217
266.316153,12.74500008080811
266.316154,12.745
266.3188,12.74613504920472
266.31905,12.746242291193523
266.51365,12.829719454958584
266.5143,12.829998284128385
266.514301,12.829998713095703
266.514302,12.829999142063803
266.514303,12.829999571031902
266.514304,12.83
266.71215,12.837999838261256
266.712151,12.83799987869594
266.712152,12.837999919130628
266.712153,12.837999959565314
266.712154,12.838
266.7149,12.837001454546067
266.91015,12.766001454545286
266.910151,12.766001090908798
266.910152,12.766000727272312
266.910153,12.766000363635824
266.910154,12.766
266.9129,12.765711236855273
267.10985,12.745000420630898
267.109851,12.745000315473318
267.109852,12.745000210315546
267.109853,12.745000105157771
267.109854,12.745
267.1126,12.745433652572611
267.30615,12.775999368313878
267.306151,12.77599952623548
267.306152,12.775999684156796
267.306153,12.775999842078395
267.306154,12.776
267.30885,12.776965771947369
267.3091,12.777055327951746
267.5037,12.846765721492972
267.50435,12.84699856710345
267.504351,12.846998925327588
267.504352,12.846999283551725
267.504353,12.846999641775865
267.504354,12.847
267.7017,12.665601151514684
267.70235,12.66500367676725
267.702351,12.66500275757502
267.702352,12.66500183838279
267.702353,12.66500091919056
267.702354,12.665
267.90125,12.469003941678777
267.901251,12.469002956260429
267.901252,12.469001970840283
267.901253,12.46900098542014
267.901254,12.469
267.90395,12.470341838496486
268.09815,12.566998009141928
268.098151,12.566998506856672
268.098152,12.566999004571416
268.098153,12.56699950228616
268.098154,12.567
268.0984,12.566878242423538
268.29615,12.46900197979775
268.296151,12.469001484848087
268.296152,12.469000989898424
268.296153,12.46900049494966
268.296154,12.469
268.29885,12.469
268.299,12.469
268.4937,12.469
268.49435,12.469
268.494351,12.469
268.494352,12.469
268.494353,12.469
268.494354,12.469
268.6917,12.46700660606062
268.69235,12.467000040404054
268.692351,12.46700003030304
268.692352,12.467000020202027
268.692353,12.467000010101014
268.692354,12.467
268.8902,12.388001597169389
268.890201,12.38800119787686
268.890202,12.388000798584333
268.890203,12.3880003992918
268.890204,12.388
268.8929,12.387768700479317
269.0877,12.371056109008284
269.08835,12.371000343174323
269.088350999,12.371000257380704
269.088352,12.371000171587085
269.088353,12.37100008579362
269.088354,12.371
269.2862,12.349000444781348
269.286201,12.34900033358596
269.286202,12.349000222390776
269.286203,12.349000111195387
269.286204,12.349
269.2888,12.347886399192417
269.28905,12.347779157204393
269.48375,12.26425909664428
269.48435,12.264001715871617
269.484351,12.264001286904298
269.484352,12.264000857936198
269.484353,12.2640004289681
269.484354,12.264
269.68175,12.31285052525234
269.68235,12.312999010100675
269.682351,12.312999257575507
269.682352,12.31299950505034
269.682353,12.312999752525169
269.682354,12.313
269.87975,12.304027454545489
269.88035,12.304000181818244
269.880351,12.304000136363683
269.880352,12.304000090909122
269.880353,12.30400004545456
269.880354,12.304
270.0777,12.196383903054809
270.0784,12.196002181267104
270.078401,12.19600163595008
270.078402,12.196001090634049
270.078403,12.196000545317023
270.078404,12.196
270.2757,12.15614222222223
270.2764,12.156000808080714
270.276401,12.156000606060813
270.276402,12.156000404040542
270.276403,12.156000202020271
270.276404,12.156
270.2791,12.155659595959651
270.47375,12.13108257575774
270.4744,12.131000505050675
270.474401,12.131000378788007
270.474402,12.131000252525338
270.474403,12.13100012626267
270.474404,12.131
270.67175,12.059237818182291
270.6724,12.059001454545948
270.672401,12.059001090909462
270.672402,12.059000727272975
270.672403,12.059000363636487
270.672404,12.059
270.86975,11.90650536363597
270.8704,11.906003090908731
270.870401,11.906002318181198
270.870402,11.906001545453664
270.870403,11.906000772726127
270.870404,11.906
271.06775,11.74254169696927
271.0684,11.74200331313093
271.068401,11.74200248484782
271.068402,11.742001656564712
271.068403,11.742000828283109
271.068404,11.742
271.26575,11.703128818181716
271.2664,11.703000787878697
271.266401,11.703000590908932
271.266402,11.703000393939528
271.266403,11.703000196969764
271.266404,11.703
271.26905,11.7023860479191
271.46375,11.657209755359077
271.46465,11.65700092812095
271.464651,11.657000696090607
271.464652,11.657000464060264
271.464653,11.657000232030343
271.464654,11.657
271.66175,11.549357178256082
271.6624,11.549002184577224
271.662401,11.549001638432918
271.662402,11.549001092288613
271.662403,11.549000546144306
271.662404,11.549
271.85975,11.394511969696572
271.8604,11.394003131312768
271.860401,11.39400234848422
271.860402,11.394001565655673
271.860403,11.394000782827124
271.860404,11.394
272.05775,11.251839799900369
272.0603,11.250002881441697
272.060301,11.250002161081271
272.060302,11.250001440720848
272.060303,11.250000720360424
272.060304,11.25
272.25575,11.351633912821798
272.25645,11.351997919959455
272.256451,11.351998439968884
272.256452,11.351998959979255
272.256453,11.351999479989628
272.256454,11.352
272.2591,11.349477457756302
272.4538,11.163861820933594
272.4547,11.16300381336652
272.454701,11.163002860024456
272.454702,11.163001906684126
272.454703,11.163000953342063
272.454704,11.163
272.6518,11.037416707964276
272.65245,11.037002548672271
272.652451,11.037001911503914
272.652452,11.037001274335555
272.652453,11.0370006371672
272.652454,11.037
272.85025,10.876530582011636
272.8509,10.87600324515101
272.850901,10.876002433863258
272.850902,10.876001622575505
272.850903,10.876000811287753
272.850904,10.876
273.0478,10.783378209407882
273.0486,10.783001881638627
273.048601,10.783001411228756
273.048602,10.783000940818884
273.048603,10.78300047040987
273.048604,10.783
273.2458,10.53880985595084
273.24645,10.538004953246832
273.246451,10.538003714936815
273.246452,10.538002476624545
273.246453,10.538001238312273
273.246454,10.538
273.2491,10.535837275480135
273.4438,10.376698022201191
273.44465,10.37600326942593
273.444651,10.376002452069446
273.444652,10.376001634712964
273.444653,10.376000817356482
273.444654,10.376
273.6418,10.250575127493343
273.6427,10.25000254481162
273.642701,10.250001908608429
273.642702,10.250001272406388
273.642703,10.250000636203197
273.642704,10.25
273.8398,10.064615140328216
273.84045,10.064003762325733
273.840451,10.064002821743872
273.840452,10.06400188116201
273.840453,10.06400094058015
273.840454,10.064
274.0378,9.874770931112154
274.0386,9.874003835477728
274.038601,9.87400287660786
274.038602,9.874001917737992
274.038603,9.874000958869868
274.038604,9.874
274.2358,9.719629393938872
274.2366,9.719003131312768
274.236601,9.71900234848422
274.236602,9.719001565657097
274.236603,9.719000782828548
274.236604,9.719
274.2393,9.714073437658543
274.43385,9.358560565370826
274.4347,9.357007309438826
274.434701,9.35700548207829
274.434702,9.35700365471775
274.434703,9.357001827357212
274.434704,9.357
274.63185,9.235526202020132
274.6327,9.235002464646175
274.632701,9.235001848484352
274.632702,9.235001232322528
274.632703,9.235000616161823
274.632704,9.235
274.82985,8.983769699115994
274.83045,8.983005097346858
274.830451,8.983003823010144
274.830452,8.98300254867343
274.830453,8.983001274336715
274.830454,8.983
275.02785,8.73323161790296
275.0304,8.730005061264729
275.030401,8.73000379594797
275.030402,8.730002530631214
275.030403,8.730001265314456
275.030404,8.73
275.22585,8.481956911313432
275.2266,8.481005076452009
275.226601,8.48100380733843
275.226602,8.48100253822485
275.226603,8.481001269113579
275.226604,8.481
275.2293,8.477777039092603
275.42385,8.245200242120392
275.42485,8.244004781842728
275.424851,8.244003586382046
275.424852,8.244002390921365
275.424853,8.244001195460681
275.424854,8.244
275.62185,7.861657498104424
275.6227,7.860007763456263
275.622701,7.860005822591314
275.622702,7.860003881726366
275.622703,7.860001940864948
275.622704,7.86
275.81985,7.532501721788162
275.82075,7.531006644785898
275.820751,7.53100498359169
275.820752,7.531003322394461
275.820753,7.53100166119723
275.820754,7.531000000000001
276.01785,7.264088792318456
276.01865,7.263005416876581
276.018651,7.26300406265682
276.018652,7.263002708437058
276.018653,7.263001354219761
276.018654,7.263
276.21585,6.922388727271575
276.21665,6.9210069090901065
276.216651,6.921005181816795
276.216652,6.921003454546624
276.216653,6.921001727273312
276.216654,6.921
276.2194,6.9161659319039455
276.41385,6.573855465318886
276.4149,6.572007041613305
276.414901,6.5720052812091785
276.414902,6.572003520805052
276.414903,6.572001760400925
276.414904,6.572
276.61185,6.191745403084001
276.61275,6.190007723021594
276.612751,6.190005792265318
276.612752,6.190003861512554
276.612753,6.190001930756277
276.612754,6.19
276.80985,5.833634505051309
276.81075,5.832007232322392
276.810751,5.832005424244261
276.810752,5.83200361616284
276.810753,5.83200180808142
276.810754,5.832
277.00785,5.848782529426446
277.0104,5.848999659403842
277.010401,5.848999744552882
277.010402,5.8489998297019214
277.010403,5.84899991485096
277.010404,5.849
277.205849999,5.7115653605090895
277.20665,5.711002812738527
277.206651,5.711002109553576
277.206652,5.711001406368624
277.206653,5.711000703184952
277.206654,5.711
277.20945,5.711535929382224
277.4039,5.748807556116065
277.4049,5.748999233291388
277.404901,5.748999424968629
277.404902,5.748999616645869
277.404903,5.748999808323109
277.404904,5.7490000000000006
277.601899999,5.706218040403984
277.602899999,5.706000868686768
277.602901,5.7060006515149775
277.602902,5.706000434343187
277.602903,5.706000217171791
277.602903999,5.706
277.7999,5.427279029813661
277.8008,5.426005659425868
277.800801,5.426004244569401
277.800802,5.4260028297129335
277.800803,5.426001414856467
277.800804,5.426
277.9979,5.286744688367606
277.99895,5.286002826142769
277.998951,5.286002119607077
277.998952,5.286001413071385
277.998953,5.286000706535693
277.998954,5.2860000000000005
278.1967,5.447344004029753
278.1975,5.447996736338833
278.197501,5.447997552254496
278.197502,5.447998368168675
278.197503,5.447999184084337
278.197504,5.448
278.200299999,5.44807082066871
278.3939,5.45297456940219
278.3949,5.452999898682843
278.394901,5.452999924012133
278.394902,5.452999949341422
278.394903,5.452999974670711
278.394904,5.453
278.5919,5.48682759595964
278.5929,5.486999313131393
278.592900999,5.486999484848623
278.592902,5.486999656565852
278.592903,5.486999828283083
278.592903999,5.487
278.7906,5.509901072777651
278.79145,5.509999536640699
278.791451,5.509999652480365
278.791452,5.509999768320244
278.791453,5.509999884160122
278.791454,5.51
278.9879,5.640300891139046
278.98895,5.640997346835752
278.988951,5.640998010125909
278.988952,5.640998673417273
278.988953,5.640999336708636
278.988954,5.641
279.18595,5.533547636364486
279.18695,5.533002181818921
279.186951,5.53300163636419
279.186952,5.533001090909461
279.186953,5.533000545454731
279.186954,5.533
279.1915,5.53791335353552
279.38395,5.745914868687143
279.38495,5.746995676768179
279.384951,5.746996757576626
279.384952,5.746997838385073
279.384953,5.746998919193519
279.384954,5.747
279.58195,5.732076060606041
279.58295,5.732000303030268
279.582950999,5.732000227272667
279.582952,5.732000151515066
279.582953,5.732000075757601
279.582954,5.732
279.7808,5.956802393162066
279.78185,5.957995455000975
279.781851,5.957996591250732
279.781852,5.957997727500488
279.781853,5.957998863750244
279.781854,5.958
279.97795,5.999786057838715
279.97895,5.9999991476408905
279.978951,5.999999360730377
279.978952,5.999999573820252
279.978953,5.999999786910125
279.978954,6.0
280.17595,6.085499147110954
280.1771,6.0859982639416605
280.177101,6.085998697955653
280.177102,6.085999131970436
280.177103,6.085999565985218
280.177104,6.086
280.1817,6.089547462987853
280.37395,6.237937314942744
280.57225,6.390996912563804
280.572251,6.390997684422853
280.572252,6.390998456281902
280.572252999,6.3909992281409504
280.572254,6.391
280.57515,6.392374868686856
280.76995,6.484855676767609
280.96825,6.578998101010321
280.968251,6.578998575757957
280.968252,6.578999050505592
280.968253,6.578999525252364
280.968254,6.579
280.97115,6.582540449608447
281.1662,6.820995109876799
281.166201,6.820996332408155
281.166202,6.820997554939511
281.166203,6.820998777470868
281.166204,6.821
281.1691,6.823047159808095
281.36425,6.960997172431533
281.364251,6.960997879322686
281.364252,6.960998586215124
281.364253,6.960999293107562
281.364254,6.961
281.3691,6.967241060605813
281.36925,6.9674342424238
281.56225,7.215994848483104
281.562251,7.215996136362328
281.562252,7.215997424241553
281.562253,7.215998712120776
281.562254,7.216
281.56515,7.219992969696914
281.76025,7.488994484846618
281.760251,7.488995863634964
281.760252,7.488997242423308
281.760253,7.488998621211654
281.760254,7.489
281.76315,7.490652767676759
281.95825,7.601997717171983
281.958251,7.601998287879247
281.958252,7.60199885858651
281.958253,7.601999429293775
281.958254,7.602
281.96315,7.602593454545499
282.15625,7.625999515151572
282.156251,7.625999636363734
282.156252,7.625999757575896
282.156253,7.625999878787838
282.156254,7.626
282.1592,7.62771106060636
282.35425,7.740997676767948
282.354251,7.740998257576225
282.354252,7.740998838383446
282.354253,7.7409994191917235
282.354254,7.741
282.35715,7.743778989898952
282.3573,7.743922929292745
282.55225,7.930996161616608
282.552251,7.930997121211146
282.552252,7.930998080807431
282.552253,7.930999040403716
282.552254,7.931
282.55515,7.932389494949476
282.75025,8.025998080807431
282.750251,8.025998560605574
282.750252,8.025999040403715
282.750253,8.025999520201857
282.750254,8.026
282.75315,8.0277405252525
282.94825,8.144997595958781
282.948251,8.144998196969086
282.948252,8.14499879797939
282.948253,8.144999398989695
282.948254,8.145
282.95115,8.14605176292559
283.1465,8.216998547288947
283.146501,8.216998910466215
283.146502,8.216999273644143
283.146503,8.216999636822072
283.146504,8.217
283.1492,8.217476565656488
283.3445,8.251999292929055
283.344501,8.251999469696791
283.344502,8.251999646464528
283.344503,8.251999823232264
283.344504,8.252
283.34715,8.253467406099785
283.3473,8.253550592386569
283.54285,8.361997781699275
283.542851,8.361998336274707
283.542852,8.361998890850142
283.542853,8.361999445425575
283.542854,8.362
283.546,8.362621392757838
283.7403,8.400999209926296
283.740301,8.400999407444722
283.740302,8.400999604963149
283.740303,8.400999802481573
283.740304,8.401
283.7432,8.400780827447024
283.9385,8.386000302724486
283.938501,8.386000227043331
283.938502,8.386000151362312
283.938503,8.386000075681157
283.938504,8.386000000000001
283.9412,8.388450909090507
284.136499999,8.565996363636787
284.136501,8.56599727272635
284.136502,8.565998181817568
284.136503,8.565999090908784
284.136504,8.566
284.1392,8.567976339736788
284.3343,8.710997067745538
284.334300999,8.710997800809487
284.334302,8.710998533872102
284.334302999,8.710999266936051
284.334304,8.711
284.3372,8.710912353089535
284.33735,8.710907813366967
284.53255,8.705000121059255
284.532551,8.705000090794428
284.532552,8.7050000605296
284.532553,8.705000030264827
284.532554,8.705
284.53705,8.710183757270842
284.7303,8.932995388114747
284.730301,8.93299654108606
284.730302,8.932997694057374
284.730303,8.932998847028687
284.730304,8.933
284.7332,8.933277898989898
284.9283,8.951999616161661
284.928301,8.951999712121289
284.928302,8.951999808080918
284.928303,8.951999904040546
284.928304,8.952
284.9312,8.953198143289587
285.1265,9.033998345106149
285.126501,9.033998758829798
285.126502,9.033999172552695
285.126503,9.03399958627635
285.126504,9.034
285.1292,9.03487055499481
285.32405,9.09778881937395
285.3247,9.09799870837494
285.324700999,9.097999031281208
285.324702,9.097999354187472
285.324702999,9.097999677093735
285.324704,9.098
285.327399999,9.10079997983319
285.52305,9.303995845727734
285.523051,9.303996884296271
285.523052,9.303997922864813
285.523053,9.30399896143335
285.523054,9.304
285.52575,9.305037448101796
285.72055,9.379998460759673
285.720551,9.379998845569933
285.720552,9.379999230380188
285.720553,9.379999615189744
285.720554,9.38
285.72325,9.380394868686803
285.91855,9.408999414141483
285.918551,9.40899956060618
285.918552,9.408999707070608
285.918553,9.408999853535304
285.918554,9.409
285.92125,9.412485737373164
286.11655,9.66499482828343
286.116551,9.664996121210809
286.116552,9.66499741414054
286.116553,9.66499870707027
286.116554,9.665
286.11925,9.6624557052742
286.3141,9.47857001261741
286.3147,9.478003774917552
286.314701,9.478002831189452
286.314702,9.478001887459634
286.314703,9.478000943729818
286.314704,9.478
286.3174,9.481556512508888
286.51255,9.738994723273423
286.512551,9.738996042455067
286.512552,9.738997361636711
286.512553,9.738998680818357
286.512554,9.739
286.51525,9.739190578136805
286.7106,9.752999717243153
286.710601,9.752999787932398
286.710602,9.752999858621513
286.710603,9.752999929310755
286.710604,9.753
286.7133,9.753585051728392
286.9081,9.795858077214342
286.90875,9.795999131970827
286.908751,9.79599934897822
286.908752,9.795999565985218
286.908753,9.795999782992608
286.908754,9.796
287.10655,9.940997067745538
287.106551,9.940997800809487
287.106552,9.940998533872104
287.106553,9.940999266936052
287.106554,9.941
287.11125,9.94279525150904
287.30535,10.016998470825127
287.305351,10.016998853118324
287.305352,10.016999235412216
287.305353,10.016999617706109
287.305354,10.017
287.3056,10.016922735562432
287.3082,10.016106119554388
287.5021,9.955205410334186
287.50275,9.955001256332174
287.502751,9.955000942248988
287.502752,9.955000628165802
287.502753,9.955000314082616
287.502754,9.955
287.7006,10.065997755875925
287.700601,10.0659983169072
287.700602,10.065998877938473
287.700603,10.065999438968726
287.700604,10.066
287.70325,10.065906454545429
287.8986,10.059000141414126
287.898601,10.059000106060578
287.898602,10.059000070707096
287.898603,10.059000035353549
287.898604,10.059
287.89885,10.059100636363477
288.0966,10.139998363636554
288.096601,10.139998772726855
288.096602,10.139999181817906
288.096603,10.139999590908952
288.096604,10.14
288.0993,10.141285742971684
288.29515,10.234688102409882
288.2958,10.2349980923697
288.295801,10.234998569277492
288.295802,10.234999046185283
288.295803,10.234999523092208
288.295804,10.235
288.29845,10.235644874333785
288.4921,10.28284060929138
288.49275,10.282999025132952
288.492751,10.282999268849714
288.492752,10.282999512566477
288.492753,10.282999756283235
288.492754,10.283
288.6906,10.217001334344046
288.690601,10.217001000757882
288.690602,10.21700066717172
288.690603,10.217000333586164
288.690604,10.217
288.6933,10.218795519678006
288.8881,10.348531140262336
288.8888,10.348997336024528
288.888801,10.348998002017488
288.888802,10.348998668011658
288.888803,10.348999334005828
288.888804,10.349
289.08615,10.256307181818794
289.0868,10.256001878788515
289.086801,10.256001409091386
289.086802,10.256000939394257
289.086803,10.25600046969713
289.086804,10.256
289.28415,10.348692818181206
289.2848,10.348998121211483
289.284801,10.348998590908614
289.284802,10.348999060605744
289.284803,10.348999530302873
289.284804,10.349
289.28745,10.35096445454473
289.48215,10.495514454545834
289.4828,10.495997030303377
289.482801,10.49599777272787
289.482802,10.495998515152364
289.482803,10.495999257576855
289.482804,10.496
289.68015,10.45214533333322
289.6808,10.452000888888785
289.680801,10.452000666666487
289.680802,10.45200044444419
289.680803,10.452000222222296
289.680804,10.452
289.87815,10.426312911138783
289.88055,10.426000520650751
289.880551,10.426000390488008
289.880552,10.426000260325258
289.880553,10.426000130162748
289.880554,10.426
290.07615,10.484803383439646
290.0768,10.484998797452368
290.076801,10.484999098088863
290.076802,10.484999398725911
290.076803,10.484999699362955
290.076804,10.485
290.27465,10.579998079352396
290.274651,10.579998559514296
290.274652,10.579999039676196
290.274653,10.5799995198381
290.274654,10.58
290.27485,10.579968347211862
290.27745,10.57954846328557
290.47215,10.548105616956768
290.4728,10.548000645975195
290.472801,10.548000484481324
290.472802,10.548000322987452
290.472803,10.54800016149358
290.472804,10.548
290.67015,10.483214696969528
290.6708,10.483001313131162
290.670801,10.48300098484822
290.670802,10.483000656565284
290.670803,10.48300032828294
290.670804,10.483
290.86815,10.59852932626837
290.86895,10.598997658339917
290.868951,10.598998243755204
290.868952,10.59899882917049
290.868953,10.598999414584712
290.868954,10.599
291.0662,10.612953734209103
291.06685,10.612999717028709
291.066851,10.61299978777153
291.066852,10.612999858514351
291.066853,10.612999929257176
291.066854,10.613
291.2642,10.53931884964678
291.26505,10.539001493440797
291.265051,10.539001120080426
291.265052,10.539000746720058
291.265053,10.539000373360368
291.265054,10.539
291.26765,10.540119077694348
291.4622,10.623985243107688
291.46455,10.624998275689425
291.464551,10.62499870676648
291.464552,10.62499913784432
291.464553,10.62499956892216
291.464554,10.625
291.6602,10.623006155414004
291.6608,10.623000040764328
291.660801,10.62300003057324
291.660802,10.623000020382156
291.660803,10.623000010191069
291.660804,10.623
291.8582,10.639931039354243
291.859,10.63999965691225
291.859001,10.639999742684228
291.859002,10.639999828456048
291.859003,10.639999914228024
291.859004,10.64
292.05785,10.715750857142362
292.0585,10.71599847618996
292.058501,10.715998857142472
292.058502,10.715999238094982
292.058503,10.71599961904749
292.058504,10.716
292.2542,10.631390844354213
292.2551,10.631001729399596
292.255101,10.6310012970495
292.255102,10.63100086470019
292.255103,10.631000432350096
292.255104,10.631
292.25765,10.63249348166861
292.4522,10.74661636409638
292.45285,10.746997653603309
292.452851,10.746998240202746
292.452852,10.746998826802187
292.452853,10.746999413401626
292.452854,10.747
292.6502,10.633376545454247
292.65085,10.633002303030036
292.650851,10.633001727272266
292.650852,10.633001151514495
292.650853,10.633000575757771
292.650854,10.633
292.8482,10.5553164875092
292.849,10.55500157456454
292.849001,10.555001180923226
292.849002,10.555000787281912
292.849003,10.555000393641311
292.849004,10.555
293.04625,10.67454303030267
293.047,10.67499757575786
293.047001,10.674998181818667
293.047002,10.674998787878378
293.047003,10.67499939393919
293.047004,10.675
293.24425,10.601319010600667
293.2451,10.601001494194678
293.245101,10.601001120645838
293.245102,10.601000747097
293.245103,10.60100037354884
293.245104,10.601
293.2477,10.601118000000012
293.44225,10.609961181818186
293.4431,10.60999981818184
293.443101,10.6099998636364
293.443102,10.609999909090876
293.443103,10.609999954545438
293.443104,10.61
293.6402,10.516310877370174
293.64085,10.516001901390425
293.640851,10.5160014260426
293.640852,10.51600095069478
293.640853,10.516000475346958
293.640854,10.516
293.8382,10.709310396364518
293.8389,10.709996081797982
293.838901,10.709997061347153
293.838902,10.7099980408981
293.838903,10.70999902044905
293.838904,10.71
294.03625,10.726931021952968
294.03705,10.726999656825678
294.037051,10.72699974261914
294.037052,10.726999828412762
294.037053,10.72699991420638
294.037054,10.727
294.23425,10.827564483716287
294.2351,10.82799796011132
294.235101,10.827998470083722
294.235102,10.827998980056122
294.235103,10.827999490027596
294.235104,10.828
294.2377,10.825968290835448
294.43225,10.673707498106884
294.43315,10.67300313052223
294.433151,10.67300234789274
294.433152,10.673001565261828
294.433153,10.673000782630911
294.433154,10.673
294.63025,10.726753454545332
294.63115,10.72699890909054
294.631151,10.726999181817906
294.631152,10.72699945454527
294.631153,10.726999727272636
294.631154,10.727
294.82825,10.666247822132188
294.82905,10.666001232945789
294.829051,10.666000924709202
294.829052,10.666000616473177
294.829053,10.666000308236589
294.829054,10.666
295.02625,10.706833515151654
295.02705,10.70699917171727
295.027051,10.70699937878767
295.027052,10.706999585858446
295.027053,10.706999792929224
295.027054,10.707
295.22425,10.659255192938282
295.2253,10.659000968474038
295.225301,10.659000726355416
295.225302,10.6590004842368
295.225303,10.65900024211862
295.225304,10.659
295.22795,10.65966868840051
295.42225,10.708771544098951
295.42315,10.7089989891333
295.423151,10.708999241849629
295.423152,10.70899949456642
295.423153,10.70899974728321
295.423154,10.709
295.62025,10.643301333333484
295.62115,10.643001333333784
295.621151,10.64300100000034
295.621152,10.643000666666891
295.621153,10.643000333333449
295.621154,10.643
295.81825,10.711702318767404
295.8191,10.711998605708674
295.819101,10.71199895428103
295.819102,10.71199930285402
295.819103,10.71199965142701
295.819104,10.712
296.0163,10.553645636364562
296.0171,10.5530032121223
296.017101,10.553002409091723
296.017102,10.55300160606115
296.017103,10.553000803030576
296.017104,10.553
296.2143,10.46146603430866
296.2153,10.461001856710178
296.215301,10.461001392532422
296.215302,10.461000928354666
296.215303,10.461000464177756
296.215304,10.461
296.218,10.459829010100414
296.4123,10.375436080807969
296.4133,10.375001737373536
296.413301,10.375001303029954
296.413302,10.375000868686373
296.413303,10.375000434343582
296.413304,10.375
296.6103,10.586084922921524
296.61115,10.58699571392519
296.611151,10.586996785442429
296.611152,10.58699785696162
296.611153,10.58699892848081
296.611154,10.587
296.8083,10.535237354203124
296.8092,10.535001050239716
296.809201,10.535000787679667
296.809202,10.53500052511962
296.809203,10.53500026255957
296.809204,10.535
297.0063,10.526036563921224
297.0071,10.526000181910034
297.007101,10.526000136432588
297.007102,10.526000090955058
297.007103,10.526000045477527
297.007104,10.526
297.2043,10.417552149343956
297.2053,10.417002199797928
297.205301,10.417001649848196
297.205302,10.417001099898464
297.205303,10.417000549948732
297.205304,10.417
297.20795,10.41947164857435
297.4023,10.601015450643509
297.40335,10.60199626357024
297.403351,10.601997197678106
297.403352,10.60199813178427
297.403353,10.601999065892135
297.403354,10.602
297.6003,10.543269577963237
297.6012,10.543001192823253
297.601201,10.54300089461744
297.601202,10.543000596411623
297.601203,10.543000298205811
297.601204,10.543
297.7983,10.421648942720342
297.79935,10.421002462781557
297.799351,10.421001847086163
297.799352,10.421001231390775
297.799353,10.421000615695387
297.799354,10.421
297.99635,10.511630111222928
297.99715,10.511998159756708
297.997151,10.51199861981753
297.997152,10.511999079878354
297.997153,10.511999539939175
297.997154,10.512
298.1949,10.45628288805024
298.1959,10.456001127043894
298.195901,10.456000845283304
298.195902,10.456000563522204
298.195903,10.4560002817611
298.195904,10.456
298.198549999,10.456629840465704
298.39235,10.502761012914725
298.39335,10.502999047860328
298.393351,10.502999285895354
298.393352,10.502999523929947
298.393353,10.502999761964974
298.393354,10.503
298.59035,10.35873525252506
298.59135,10.358002929292589
298.591351,10.35800219697044
298.591351999,10.35800146464696
298.591353,10.35800073232348
298.591354,10.358
298.78835,10.230649050504882
298.78935,10.23000258585946
298.789351,10.230001939394596
298.789352,10.230001292929732
298.789353,10.230000646464866
298.789354,10.23
298.98635,10.330487858585064
298.98735,10.330997959595267
298.987351,10.330998469696452
298.987352,10.330998979797634
298.987353,10.330999489898815
298.987354,10.331
299.18435,10.282199170879965
299.18515,10.282000990900237
299.185151,10.282000743175177
299.185152,10.282000495450117
299.185153,10.282000247725058
299.185154,10.282
299.1901,10.283572139253003
299.38235,10.344680867810377
299.38335,10.344998728557162
299.383351,10.344999046418016
299.383352,10.34499936427887
299.383353,10.344999682139148
299.383354,10.345
299.58035,10.416634909091004
299.58135,10.416998545454714
299.581351,10.416998909091202
299.581352,10.416999272727026
299.581352999,10.416999636363514
299.581354,10.417
299.77955,10.76424098393302
299.78055,10.7659929919655
299.780551,10.765994743974124
299.780552,10.76599649598275
299.780553,10.765998247991377
299.780554,10.766
299.97635,10.59989417322706
299.9774,10.599003393446392
299.977401,10.599002545084408
299.977402,10.599001696722423
299.977403,10.599000848360442
299.977404,10.599
300.17555,10.59701008285212
300.17655,10.59700004017072
300.176551,10.597000030128036
300.176552,10.597000020085352
300.176553,10.597000010042684
300.176554,10.597
300.17925,10.595214524232718
300.37235,10.467330484648429
300.57065,10.336002649073532
300.570651,10.336001986804847
300.570652,10.336001324536165
300.570653,10.33600066226748
300.570654,10.336
300.573549999,10.336789818181808
300.7686,10.389985272727248
300.96665,10.443998909091036
300.966651,10.443999181818402
300.966652,10.44399945454527
300.966653,10.443999727272637
300.966654,10.444
300.96965,10.44511971717144
301.16465,10.51799850505068
301.164651,10.5179988787875
301.164652,10.517999252525
301.164653,10.5179996262625
301.164654,10.518
301.1695,10.516580464646522
301.36265,10.46000117171757
301.362651,10.460000878788176
301.362652,10.460000585858785
301.362653,10.460000292929394
301.362654,10.46
301.3654,10.459583939393925
301.3657,10.459538484848515
301.56065,10.43000060606081
301.560651,10.430000454545608
301.560652,10.430000303030406
301.560653,10.430000151515202
301.560654,10.43
301.56355,10.431008957334
301.7587,10.498998606412684
301.758701,10.498998954809672
301.758702,10.498999303206023
301.758703,10.498999651603013
301.758704,10.499
301.7636,10.49979147259415
301.95665,10.53099935337214
301.956651,10.530999515029178
301.956652,10.530999676686218
301.956653,10.530999838342964
301.956654,10.531
301.9596,10.53275525372411
302.1547,10.648997616762635
302.154701,10.648998212571978
302.154702,10.64899880838132
302.154703,10.64899940419066
302.154704,10.649
302.1576,10.647977194752784
302.3529,10.579001412714266
302.352901,10.57900105953554
302.352902,10.579000706356812
302.352903,10.579000353178728
302.352904,10.579
302.3575,10.57979001011134
302.35765,10.579815793731132
302.5507,10.612999312436884
302.550701,10.61299948432774
302.550702,10.612999656218598
302.550703,10.612999828109457
302.550704,10.613
302.5536,10.612780606060609
302.7487,10.598000303030268
302.748701,10.598000227272667
302.748702,10.598000151515066
302.748703,10.598000075757602
302.748704,10.598
302.7516,10.596855221416082
302.94855,10.519001581186425
302.948551,10.519001185889818
302.948552,10.519000790593212
302.948553,10.519000395296606
302.948554,10.519
302.95125,10.519714718327696
303.1447,10.570998939587174
303.144701,10.570999204690018
303.144702,10.570999469793346
303.144703,10.570999734896672
303.144704,10.571
303.1476,10.570678546922302
303.3429,10.549000443995912
303.342901,10.549000332996885
303.342902,10.549000221997854
303.342903,10.549000110998826
303.342904,10.549
303.3456,10.550812780587378
303.3458,10.55094725985842
303.5407,10.681997310414872
303.540701,10.681997982811462
303.540702,10.681998655208048
303.540703,10.681999327604636
303.540704,10.682
303.5436,10.678869979798025
303.7387,10.46800432323182
303.738701,10.468003242423372
303.738702,10.468002161614928
303.738703,10.468001080808447
303.738704,10.468
303.7416,10.46889107692306
303.93695,10.528998769230352
303.936951,10.528999076922764
303.936952,10.528999384615176
303.936953,10.528999692307588
303.936954,10.529
303.9415,10.532309524772584
304.134749999,10.672997087966658
304.134750999,10.672997815974991
304.134752,10.67299854398333
304.134753,10.672999271991664
304.134754,10.673
304.1376,10.67262665993953
304.332949999,10.647000524722442
304.332951,10.647000393541772
304.332951999,10.647000262361102
304.332953,10.64700013118067
304.332954,10.647
304.33565,10.645420525252788
304.33585,10.645303353535375
304.53095,10.531002343434071
304.530951,10.531001757575288
304.530952,10.53100117171757
304.530953,10.531000585858784
304.530954,10.531
304.5337,10.53133326927941
304.7287,10.554999514538617
304.728701,10.554999635904016
304.728702,10.554999757269416
304.728703,10.55499987863482
304.728704,10.555
304.7317,10.557342395965517
304.92695,10.709996872634504
304.926951,10.709997654475876
304.926952,10.709998436317251
304.926953,10.709999218158629
304.926954,10.71
304.93175,10.713366888888364
305.12495,10.848997191918242
305.124951,10.848997893938682
305.124952,10.84899859595912
305.124953,10.84899929797956
305.124954,10.849
305.1276,10.852621545453207
305.322949999,11.119994525253162
305.322951,11.119995893940494
305.322951999,11.119997262627829
305.322953,11.11999863131516
305.322953999,11.12
305.3256,11.122778934613324
305.326,11.123199030547632
305.521,11.327995799041132
305.521001,11.327996849279415
305.521002,11.32799789951961
305.521003,11.327998949759806
305.521004,11.328
305.5237,11.32161958027915
305.71875,10.860009466497004
305.718751,10.860007099871677
305.718752,10.860004733246347
305.718753,10.860002366625327
305.718754,10.86
305.72165,10.858480786885274
305.917,10.756002098361366
305.917001,10.756001573771025
305.917002,10.756001049180684
305.917003,10.75600052459034
305.917004,10.756
305.9197,10.754304402515997
306.11575,10.631002515722978
306.115751,10.631001886793092
306.115752,10.631001257862062
306.115753,10.63100062893103
306.115754,10.631
306.11845,10.628405065856542
306.3125,10.441629483282185
306.31315,10.441003850050212
306.313151,10.441002887537222
306.313152,10.441001925024231
306.313153,10.441000962512993
306.313154,10.441
306.3159,10.441138792014158
306.511,10.45099979782666
306.511001,10.45099984837002
306.511002,10.450999898913285
306.511003,10.450999949456644
306.511004,10.451
306.51375,10.450503859473002
306.71025,10.41500072271008
306.710251,10.415000542032478
306.710252,10.415000361354876
306.710253,10.415000180677604
306.710254,10.415
306.713,10.415488487928863
306.907,10.449999288436864
306.907001,10.449999466327649
306.907002,10.449999644218432
306.907003,10.449999822109216
306.907004,10.45
306.9098,10.451567454544824
307.105,10.560997757576018
307.105000999,10.560998318182268
307.105001999,10.56099887878852
307.105003,10.56099943939477
307.105004,10.561
307.10775,10.56098614181176
307.3025,10.5600033005299
307.30315,10.560000020186726
307.303151,10.560000015140044
307.303152,10.560000010093358
307.303153,10.560000005046676
307.303154,10.56
307.30785,10.559311680566092
307.501,10.531000586302689
307.501001,10.531000439726949
307.501002,10.531000293151475
307.501003,10.53100014657574
307.501004,10.531
307.5038,10.532087058823786
307.69905,10.607998444836635
307.699051,10.607998833627477
307.699052,10.607999222418318
307.699053,10.60799961120916
307.699054,10.608
307.7017,10.60889468584372
307.89655,10.674778864496153
307.8972,10.67499864748882
307.897201,10.674998985616616
307.897202,10.67499932374441
307.897203,10.674999661872205
307.897204,10.675
308.09505,10.571002102602735
308.095051,10.571001576951812
308.095052,10.57100105130089
308.095053,10.571000525650923
308.095054,10.571
308.0977,10.57091987887961
308.29255,10.565019803179393
308.2932,10.565000121120349
308.293201,10.565000090840249
308.293202,10.565000060560148
308.293203,10.5650000302801
308.293204,10.565
308.29585,10.564558999999862
308.49055,10.532108999999917
308.4912,10.532000666666589
308.491201,10.532000499999866
308.491202,10.532000333333446
308.491203,10.532000166666723
308.491204,10.532
308.68905,10.465001354561997
308.689051,10.465001015921496
308.689052,10.465000677280996
308.689053,10.4650003386405
308.689054,10.465
308.6917,10.463370870553227
308.88655,10.343402664648798
308.8872,10.343002462781556
308.887201,10.343001847086166
308.887202,10.343001231390778
308.887203,10.343000615695388
308.887204,10.343
309.08505,10.117004569117489
309.085051,10.117003426837597
309.085052,10.117002284557708
309.085053,10.117001142277816
309.085054,10.117
309.0877,10.116345677516833
309.28255,10.06816172596505
309.2832,10.06800098914952
309.283201,10.068000741862026
309.283202,10.068000494574534
309.283203,10.068000247287491
309.283204,10.068
309.2859,10.06752343434319
309.48055,10.033115606060514
309.4812,10.033000707070624
309.481201,10.033000530302887
309.481202,10.03300035353515
309.481203,10.033000176767736
309.481204,10.033
309.67905,10.233995936315862
309.679051,10.233996952235511
309.679052,10.233997968157007
309.679053,10.233998984078504
309.679054,10.234
309.68175,10.230190360838376
309.8766,9.954853494828209
309.8772,9.954005652282968
309.877201,9.954004239214154
309.877202,9.95400282614277
309.877203,9.954001413071383
309.877204,9.954
310.0746,10.033755959595656
310.0752,10.033998383837837
310.075201,10.033998787878378
310.075202,10.03399919191892
310.075203,10.03399959595946
310.075204,10.034
310.2726,10.130704101010624
310.2732,10.130998040404268
310.273201,10.130998530303424
310.273202,10.13099902020258
310.273203,10.130999510101736
310.273204,10.131
310.2759,10.12884864646355
310.4706,9.973481979797128
310.4712,9.973003191918822
310.471201,9.973002393938753
310.471202,9.973001595958683
310.471203,9.973000797980069
310.471204,9.973
310.6686,9.833462307499026
310.66925,9.833002827568468
310.669251,9.833002120677316
310.669252,9.833001413784876
310.669253,9.833000706892438
310.669254,9.833
310.8666,9.922702727272137
310.86725,9.922998181817569
310.867251,9.922998636363175
310.867252,9.922999090908784
310.867253,9.922999545454392
310.867254,9.923
311.0646,10.213038818182568
311.06525,10.213994121212805
311.065251,10.213995590910272
311.065252,10.213997060607738
311.065253,10.213998530305206
311.065254,10.214
311.2626,10.110343515151245
311.26325,10.110002101009856
311.263251,10.110001575757153
311.263252,10.11000105050445
311.263253,10.110000525252705
311.263254,10.11
311.26595,10.10937365656576
311.4606,10.06415193939382
311.46125,10.06400092929282
311.461251,10.06400069696951
311.461252,10.064000464646622
311.461253,10.06400023232331
311.461254,10.064
311.65865,9.995210484848746
311.65925,9.995001393939232
311.659251,9.9950010454549
311.659252,9.995000696969932
311.659253,9.995000348484968
311.659254,9.995
311.8566,9.814734413324294
311.8574,9.814003653797204
311.857401,9.81400274034915
311.857402,9.814001826899432
311.857403,9.814000913449716
311.857404,9.814
312.0546,9.813004563351845
312.0555,9.81300002019182
312.055501,9.813000015143864
312.055502,9.813000010095916
312.055503,9.813000005047956
312.055504,9.813
312.2526,9.823949777777752
312.2535,9.823999777777804
312.253501,9.823999833333277
312.253502,9.823999888888851
312.253503,9.823999944444424
312.253504,9.824
312.25615,9.825939686551344
312.4506,9.96848392315467
312.4513,9.968997067745535
312.451301,9.968997800808152
312.451302,9.9689985338721
312.451303,9.96899926693605
312.451304,9.969
312.64865,9.752880484482716
312.64945,9.7520043805193
312.649451,9.75200328539097
312.649452,9.752002190260646
312.649453,9.752001095130325
312.649454,9.752
312.84665,9.943220363635248
312.84745,9.943996121210809
312.847451,9.943997090908107
312.847452,9.943998060605406
312.847453,9.943999030302702
312.847454,9.944
313.04465,10.187193449583647
313.0453,10.1879950669705
313.045301,10.187996300228436
313.045302,10.187997533486373
313.045303,10.187998766744307
313.045304,10.188
313.24265,10.183022799495598
313.24355,10.183000100882758
313.243551,10.183000075662068
313.243552,10.18300005044138
313.243553,10.18300002522069
313.243554,10.183
313.2462,10.18213026548705
313.44065,10.11821496839427
313.4413,10.11800131479125
313.441301,10.11800098609329
313.441302,10.118000657395925
313.441303,10.118000328697962
313.441304,10.118
313.6398,10.25654353000287
313.64045,10.256997208134896
313.640451,10.25699790610022
313.640452,10.256998604066814
313.640453,10.256999302033408
313.640454,10.257
313.83665,10.386469441623603
313.83745,10.386997360405198
313.837451,10.3869980203039
313.837452,10.3869986802026
313.837453,10.3869993401013
313.837454,10.387
314.03465,10.302345151515643
314.03545,10.302001717172296
314.035451,10.302001287879223
314.035452,10.30200085858615
314.035453,10.302000429293074
314.035454,10.302
314.23265,10.373671438667175
314.23355,10.373998546188965
314.233551,10.373998909641228
314.233552,10.373999273094151
314.233553,10.373999636547076
314.233554,10.374
314.2362,10.37579072727205
314.43065,10.507388202019902
314.43155,10.507997292928378
314.431551,10.507997969696284
314.431552,10.50799864646419
314.431553,10.507999323232095
314.431554,10.508
314.6287,10.466170588532703
314.6295,10.466000848699457
314.629501,10.46600063652459
314.629502,10.466000424349728
314.629503,10.466000212174864
314.629504,10.466
314.8267,10.573561454544826
314.8275,10.57399781818108
314.827501,10.573998363635807
314.827502,10.57399890909054
314.827503,10.57399945454527
314.827504,10.574
315.0247,10.598898484848569
315.0255,10.598999494949554
315.025501,10.598999621212222
315.025502,10.598999747474892
315.025503,10.59899987373756
315.025504,10.599
315.22355,10.706997818732898
315.223551,10.70699836404893
315.223552,10.706998909365954
315.223553,10.706999454682975
315.223554,10.707
315.2262,10.70955245454449
315.22635,10.709697151515796
315.4207,10.897176191919298
315.42155,10.897996141412834
315.421551,10.897997106059623
315.421552,10.897998070706418
315.421553,10.897999035353209
315.421554,10.898
315.6187,10.804405434344243
315.61955,10.804001898990542
315.619551,10.804001424242909
315.619552,10.804000949495272
315.619553,10.804000474747635
315.619554,10.804
315.8167,10.820930952260571
315.8175,10.820999656478792
315.817501,10.820999742359094
315.817502,10.820999828239396
315.817503,10.820999914119698
315.817504,10.821
316.0147,10.946488363636783
316.0155,10.946997454545752
316.015501,10.946998090909602
316.015502,10.946998727273456
316.015503,10.946999363637309
316.015504,10.947
316.2127,10.984807507568163
316.2137,10.98499923309797
316.213701,10.984999424823563
316.213702,10.98499961654881
316.213703,10.984999808274404
316.213704,10.985
316.2164,10.987251753458755
316.4116,11.150286722012668
316.41245,11.150996659119883
316.412451,11.150997494340292
316.412452,11.150998329560702
316.412453,11.15099916478111
316.412454,11.151
316.60875,11.307319918843609
316.6096,11.307996814608536
316.609601,11.307997610956765
316.609602,11.307998407304993
316.609603,11.30799920365322
316.609604,11.308
316.80675,11.203400050530885
316.8075,11.203002122283737
316.807501,11.203001591713525
316.807502,11.20300106114235
316.807503,11.203000530571174
316.807504,11.203
317.00475,11.150268408574965
317.00575,11.15000106935675
317.005751,11.15000080201744
317.005752,11.150000534678618
317.005753,11.150000267339308
317.005754,11.15
317.2027,11.301190868686644
317.20375,11.301996929293283
317.203751,11.301997696968916
317.203752,11.301998464645944
317.203753,11.301999232322972
317.203754,11.302
317.2063,11.299632226434442
317.4007,11.118840717715852
317.4016,11.118003719991153
317.401601,11.118002789993364
317.401602,11.118001859995577
317.401603,11.118000929997788
317.401604,11.118
317.598749999,11.26008720720727
317.6014,11.261997117117453
317.601401,11.261997837838416
317.601401999,11.261998558559382
317.601403,11.261999279280346
317.601404,11.262
317.79675,11.193352818945668
317.79775,11.193001405653009
317.797751,11.193001054239597
317.797752,11.193000702826184
317.797753,11.193000351412772
317.797754,11.193
317.99475,11.12932452525244
317.99575,11.129001292929145
317.995751,11.12900096969671
317.995752,11.129000646464275
317.995753,11.129000323232432
317.995754,11.129
318.19275,11.378727252525586
318.19375,11.37999492929352
318.193751,11.379996196970716
318.193752,11.379997464645609
318.193753,11.379998732322804
318.193754,11.38
318.19825,11.381725301691317
318.39075,11.455595536480574
318.3918,11.455998465033565
318.391801,11.455998848775172
318.391802,11.45599923251678
318.391803,11.45599961625839
318.391804,11.456
318.588749999,11.419196959595675
318.589799999,11.41900074747466
318.589801,11.41900056060591
318.589802,11.41900037373716
318.589803,11.419000186868413
318.589803999,11.419
318.78675,11.618214281421132
318.7895,11.620995953931368
318.789501,11.620996965447146
318.789502,11.620997976964764
318.789503,11.620998988482382
318.789504,11.621
318.98475,11.514547403821515
318.98575,11.514002180891469
318.985751,11.514001635668352
318.985752,11.51400109044524
318.985753,11.514000545222125
318.985754,11.514
319.18275,11.553787124463462
319.1838,11.553999192123296
319.183801,11.553999394092196
319.183802,11.553999596061464
319.183803,11.553999798030732
319.183804,11.554
319.18655,11.553708757575746
319.38075,11.533111787878818
319.3818,11.533000424242568
319.381801,11.533000318181925
319.381802,11.533000212121284
319.381803,11.53300010606064
319.381804,11.533
319.5788,11.52802911935406
319.57995,11.52800010093367
319.579950999,11.528000075700254
319.579952,11.528000050466837
319.579953,11.528000025233418
319.579954,11.528
319.7768,11.405624169825469
319.7778,11.405002486732084
319.777801,11.40500186504878
319.777802,11.405001243365476
319.777803,11.405000621683303
319.777804,11.405
319.9748,11.53722542518322
319.97595,11.53799731516559
319.975951,11.5379979863745
319.975952,11.537998657583406
319.975953,11.537999328791091
319.975954,11.538
320.1728,11.531523163755985
320.37105,11.525000131612234
320.371051,11.525000098709162
320.371052,11.525000065806088
320.371053,11.525000032903014
320.371054,11.525
320.3738,11.524348171717143
320.37415,11.524265090909005
320.56905,11.478000949494838
320.569051,11.47800071212102
320.569052,11.478000474747205
320.569053,11.478000237373818
320.569054,11.478
320.57205,11.480012464647183
320.76705,11.610997313131628
320.767051,11.610997984849025
320.767052,11.610998656565204
320.767053,11.6109993282826
320.767054,11.611
320.77005,11.612240454430388
320.9651,11.692998343852002
320.965101,11.692998757889
320.965102,11.692999171926
320.965103,11.692999585963
320.965104,11.693
320.9699,11.69498622222193
321.1631,11.774998343434536
321.163101,11.77499875757609
321.163102,11.774999171717646
321.163103,11.7749995858592
321.163104,11.775
321.16605,11.77552075757585
321.3611,11.809999292929376
321.361101,11.809999469697113
321.361102,11.80999964646485
321.361103,11.809999823232264
321.361104,11.81
321.36385,11.809531069814144
321.3642,11.80947130085378
321.5602,11.776000683073752
321.560201,11.776000512305236
321.560202,11.77600034153672
321.560203,11.776000170768516
321.560204,11.776
321.5632,11.775695991882186
321.7573,11.756000405885477
321.757301,11.756000304414108
321.757302,11.756000202942738
321.757303,11.756000101471368
321.757304,11.756
321.7601,11.757540768452351
321.9551,11.86499779575254
321.955101,11.864998346814405
321.955102,11.864998897876273
321.955103,11.864999448938136
321.955104,11.865
321.95805,11.863274060606807
322.1531,11.749002343434071
322.153101,11.749001757575288
322.153102,11.749001171716504
322.153103,11.749000585857718
322.153104,11.749
322.15605,11.746515242423808
322.3511,11.582003373736985
322.351101,11.582002530302354
322.351102,11.582001686867724
322.351103,11.58200084343463
322.351104,11.582
322.35385,11.58553651515166
322.3542,11.585987272727742
322.5491,11.836994848485446
322.549101,11.836996136364672
322.549102,11.836997424241552
322.549103,11.836998712120776
322.549104,11.837
322.5521,11.838331555556032
322.7471,11.92499822222243
322.747101,11.924998666667024
322.747102,11.924999111110813
322.747103,11.924999555555406
322.747104,11.925
322.75205,11.926124090908887
322.9451,11.969999090909198
322.945101,11.969999318181587
322.945102,11.969999545454392
322.945103,11.969999772727196
322.945104,11.97
322.948,11.968086375788165
323.14335,11.839002643127058
323.143351,11.839001982344993
323.143352,11.83900132156413
323.143353,11.839000660782066
323.143354,11.839
323.1479,11.840056141414168
323.34135,11.88499907070718
323.341351,11.884999303030067
323.341352,11.884999535353378
323.341353,11.884999767676687
323.341354,11.885
323.344,11.8851337714863
323.34415,11.885141354903975
323.53915,11.894999797775554
323.539151,11.894999848331596
323.539152,11.89499989888773
323.539153,11.894999949443864
323.539154,11.895
323.54205,11.895160726538847
323.73735,11.905999778001943
323.737351,11.905999833501458
323.737352,11.905999889000972
323.737353,11.905999944500486
323.737354,11.906
323.742,11.902128333333795
323.93535,11.741003333332946
323.935351,11.74100249999933
323.935352,11.741001666665715
323.935353,11.7410008333321
323.935354,11.741
323.93805,11.740822989898898
324.13335,11.728000262626232
324.133351,11.728000196969644
324.133352,11.728000131313056
324.133353,11.728000065656587
324.133354,11.728
324.13605,11.728810217881158
324.332999999,11.787998797896458
324.333001,11.787999098421936
324.333001999,11.787999398947957
324.333003,11.787999699473978
324.333003999,11.788
324.33565,11.788053958705053
324.33585,11.788058037216404
324.52915,11.791999918429784
324.529151,11.791999938822348
324.529152,11.791999959214872
324.529153,11.791999979607436
324.529154,11.792
324.53205,11.789867258512
324.7274,11.646002945775194
324.727401,11.64600220933106
324.727402,11.646001472886928
324.727403,11.646000736442794
324.727404,11.646
324.73005,11.646093545454574
324.9254,11.652999858585876
324.925401,11.652999893939423
324.925402,11.652999929292973
324.925403,11.652999964646453
324.925404,11.653
324.93,11.652860727272708
325.1234,11.647000121212107
325.123401,11.647000090909067
325.123402,11.647000060606082
325.123403,11.64700003030304
325.123404,11.647
325.1236,11.647095030303452
325.3214,11.742998060606286
325.321401,11.742998545454054
325.321402,11.742999030302702
325.321403,11.742999515151352
325.321404,11.743
325.32405,11.74036736363736
325.326399999,11.738029232323576
325.5194,11.546003979799329
325.519401,11.546002984849494
325.519402,11.546001989899665
325.519403,11.54600099494983
325.519404,11.546
325.52205,11.547752849556868
325.71715,11.67699735018994
325.717151,11.676998012642755
325.717152,11.676998675094367
325.717153,11.676999337547183
325.717154,11.677
325.7201,11.676881119798212
325.9154,11.66900016141234
325.915401,11.669000121059236
325.915402,11.669000080706134
325.915403,11.669000040353104
325.915404,11.669
325.9181,11.668782306333474
326.1129,11.653052808478384
326.11355,11.653000322987598
326.113551,11.653000242240662
326.113552,11.653000161493726
326.113553,11.653000080746937
326.113554,11.653
326.3114,11.619000687389356
326.311401,11.61900051554194
326.311402,11.619000343694834
326.311403,11.619000171847418
326.311404,11.619
326.3141,11.619094525419468
326.3143,11.619101537690955
326.51105,11.625999859754522
326.511051,11.625999894815893
326.511052,11.625999929877262
326.511053,11.62599996493863
326.511054,11.626
326.51375,11.62602746116628
326.7074,11.627999959256416
326.707401,11.627999969442312
326.707402,11.627999979628209
326.707403,11.627999989814104
326.707404,11.628
326.7101,11.627346424242528
326.9054,11.580000969696856
326.905401,11.580000727272532
326.905402,11.580000484848208
326.905403,11.580000242423884
326.905404,11.58
326.9081,11.579455903127878
327.10295,11.540131987890916
327.103599999,11.540000807265296
327.103601,11.54000060544888
327.103602,11.540000403632831
327.103603,11.540000201816415
327.103604,11.54
327.30095,11.553953757575794
327.3016,11.55399971717175
327.301601,11.553999787878716
327.301602,11.553999858585811
327.301603,11.553999929292903
327.301604,11.554
327.30425,11.555818832448136
327.49945,11.689997250441325
327.499451,11.689997937830992
327.499452,11.689998625220662
327.499453,11.68999931261033
327.499454,11.69
327.50205,11.691401826897987
327.69695,11.796646843300806
327.6976,11.796997840020438
327.697601,11.796998380015577
327.697602,11.79699892001071
327.697603,11.796999460005846
327.697604,11.797
327.89545,11.520005600201522
327.895451,11.520004200150504
327.895452,11.520002800099489
327.895453,11.520001400051015
327.895454,11.52
327.89805,11.522320666666902
328.09345,11.69699642424284
328.093451,11.696997318182538
328.093452,11.696998212120608
328.093453,11.696999106060304
328.093454,11.697
328.0937,11.697080696441962
328.29095,11.761785465556564
328.2916,11.761998687862883
328.291601,11.761999015897311
328.291602,11.761999343931144
328.291603,11.761999671965572
328.291604,11.762
328.2943,11.760160424564368
328.48945,11.627002729341337
328.489451,11.627002047006
328.489452,11.627001364670669
328.489453,11.627000682335334
328.489454,11.627
328.494,11.62516462276049
328.687,11.547243855665204
328.6876,11.547001614938726
328.687601,11.547001211204044
328.687602,11.547000807469365
328.687603,11.547000403734682
328.687604,11.547
328.88545,11.670997493050582
328.885451,11.67099811978822
328.885452,11.67099874652586
328.885453,11.6709993732635
328.885454,11.671
328.88815,11.66975642015479
329.0842,11.579324733015811
329.0849,11.57900184507374
329.084901,11.579001383805094
329.084902,11.579000922536451
329.084903,11.579000461268643
329.084904,11.579
329.281,11.75840167725421
329.28165,11.758996340534098
329.281651,11.758997255399326
329.281652,11.758998170266215
329.281653,11.758999085133109
329.281654,11.759
329.2843,11.7599354545451
329.479,11.828768787878328
329.47965,11.828998585858107
329.479651,11.82899893939358
329.479652,11.828999292929057
329.479653,11.828999646464528
329.479654,11.829
329.677,11.8299966969697
329.67765,11.829999979797982
329.677651,11.82999998484849
329.677652,11.829999989898996
329.677653,11.829999994949503
329.677654,11.83
329.875,11.732323696969445
329.87565,11.73200197979775
329.875651,11.73200148484809
329.875652,11.732000989898426
329.875653,11.732000494949665
329.875654,11.732
330.073,11.82469281818206
330.07365,11.82499812121234
330.073651,11.82499859090947
330.073652,11.824999060605744
330.073653,11.824999530302872
330.073654,11.825
330.2712,11.808056094853796
330.27185,11.808000343087906
330.271851,11.80800025731593
330.271852,11.808000171543952
330.271853,11.808000085771976
330.271854,11.808
330.27455,11.807768291203272
330.469,11.791056208291316
330.46965,11.791000343781716
330.469651,11.791000257836286
330.469652,11.791000171890856
330.469653,11.791000085945427
330.469654,11.791
330.667,12.179711818179252
330.66765,12.180992121209457
330.667651,12.180994090907092
330.667652,12.180996060604729
330.667653,12.180998030302364
330.667654,12.181
330.865,11.880994212120438
330.86565,11.880006080807377
330.865651,11.88000456060484
330.865652,11.880003040402306
330.865653,11.88000152019977
330.865654,11.88
331.063,12.048229377048804
331.0639,12.04899659016278
331.063901,12.048997442622085
331.063902,12.04899829508139
331.063903,12.048999147540696
331.063904,12.049
331.261,11.910494721941385
331.2617,11.910002810921071
331.261701,11.910002108190804
331.261702,11.910001405460536
331.261703,11.910000702730269
331.261704,11.91
331.26435,11.910800201612606
331.45945,11.96980221774209
331.4601,11.96999879032272
331.460101,11.96999909274218
331.460102,11.969999395161086
331.460103,11.969999697580544
331.460104,11.97
331.65705,11.872398442477548
331.65785,11.872001982300654
331.657851,11.872001486725264
331.657852,11.872000991149877
331.657853,11.872000495574488
331.657854,11.872
331.85505,11.919841334344325
331.8557,11.919999029567968
331.855701,11.919999272176083
331.855702,11.919999514784203
331.855703,11.91999975739188
331.855704,11.92
332.05305,12.023551886982906
332.0539,12.023997901110237
332.053901,12.02399842583196
332.053902,12.02399895055464
332.053903,12.02399947527732
332.053904,12.024
332.25105,11.817684418604111
332.2517,11.817004186046026
332.251701,11.817003139535949
332.251702,11.817002093023964
332.251703,11.817001046511985
332.251704,11.817
332.25435,11.816019509264262
332.45075,11.743242343515083
332.4514,11.743001482223162
332.451401,11.743001111667205
332.451402,11.743000741111244
332.451403,11.74300037055596
332.451404,11.743
332.64705,11.797774904555546
332.64785,11.797998880121789
332.647851,11.797999160091342
332.647852,11.797999440060895
332.647853,11.797999720030449
332.647854,11.798
332.84505,11.879667030303304
332.84585,11.879998343434536
332.845851,11.879998757576091
332.845852,11.879999171717646
332.845853,11.8799995858592
332.845854,11.88
333.04305,11.768454787878412
333.04385,11.768002262626
333.043851,11.768001696969243
333.043852,11.768001131312486
333.043853,11.768000565656758
333.043854,11.768
333.24105,11.74112321049956
333.24195,11.74100054517914
333.241951,11.741000408884291
333.241952,11.741000272589446
333.241953,11.741000136294598
333.241954,11.741
333.24455,11.740711263902902
333.4391,11.7190727401415
333.43975,11.71900044489378
333.439751,11.719000333670284
333.439752,11.71900022244679
333.439753,11.719000111223291
333.439754,11.719
333.6371,11.759823340060567
333.63795,11.759999172553073
333.637951,11.759999379414898
333.637952,11.759999586276347
333.637953,11.759999793138174
333.637954,11.76
333.8351,11.650419100556167
333.83585,11.650002223345878
333.835851,11.650001667509407
333.835852,11.65000111167294
333.835853,11.650000555836469
333.835854,11.65
334.0331,11.643030176678442
334.03395,11.643000141342805
334.033951,11.643000106007104
334.033952,11.643000070671402
334.033953,11.6430000353357
334.033954,11.643
334.23105,11.537483959596198
334.23195,11.537002141414868
334.231951,11.53700160606115
334.231952,11.537001070707436
334.231953,11.537000535353718
334.231954,11.537
334.23455,11.539388634983409
334.4291,11.718398240645916
334.42975,11.718996319513415
334.429751,11.71899723963506
334.429752,11.718998159756708
334.429753,11.718999079878351
334.429754,11.719
334.6271,11.618460549811074
334.628,11.618002037830784
334.628001,11.618001528373783
334.628002,11.618001018915855
334.628003,11.618000509457929
334.628004,11.618
334.8251,11.660825305710098
334.8259,11.66099913087428
334.825901,11.660999348155809
334.825902,11.660999565437336
334.825903,11.660999782718866
334.825904,11.661
335.0231,11.493893175283976
335.02415,11.493003389660668
335.024151,11.493002542245502
335.024152,11.493001694830337
335.024153,11.493000847415168
335.024154,11.493
335.2211,11.644305494062207
335.222,11.644996926965227
335.222001,11.644997695224273
335.222002,11.644998463483311
335.222003,11.644999231742355
335.222004,11.645
335.22455,11.644588525252278
335.4191,11.613146101010171
335.42,11.61300064646457
335.420001,11.613000484848357
335.420002,11.613000323232136
335.420003,11.613000161616217
335.420004,11.613
335.6171,11.58212594239533
335.6179,11.582000626579294
335.617901,11.58200046993447
335.617902,11.582000313289647
335.617903,11.582000156644824
335.617904,11.582
335.8151,11.6985249090913
335.8159,11.698997636363911
335.815901,11.698998227273202
335.815902,11.698998818182492
335.815903,11.698999409091783
335.815904,11.699
336.0131,11.40656305674696
336.01415,11.40500593190617
336.014151,11.405004448929626
336.014152,11.405002965953084
336.014153,11.40500148297654
336.014154,11.405
336.2111,11.455766974981398
336.212,11.455998968915964
336.212001,11.45599922668709
336.212002,11.455999484458216
336.212003,11.455999742229343
336.212004,11.456
336.2146,11.457245555555682
336.40915,11.550590252525303
336.41,11.550998080808304
336.410001,11.550998560606446
336.410002,11.550999040404587
336.410003,11.550999520201858
336.410004,11.551
336.60715,11.504249939455164
336.6082,11.50400094853672
336.608200999,11.504000711402863
336.608202,11.504000474268576
336.608203,11.504000237134289
336.608204,11.504
336.80565,11.551805336696251
336.80645,11.551999031525964
336.806451,11.551999273644585
336.806452,11.5519995157632
336.806453,11.55199975788138
336.806454,11.552
337.00315,11.426671575221423
337.0042,11.426002548673427
337.004201,11.426001911505072
337.004202,11.426001274336716
337.004203,11.426000637168356
337.004204,11.426
337.20145,11.499606676752286
337.2025,11.499998507311648
337.202501,11.499998880483735
337.202502,11.499999253655824
337.202503,11.499999626827911
337.202504,11.5
337.20515,11.500535763097751
337.39915,11.53981695773213
337.40005,11.539999190078555
337.400051,11.53999939255901
337.400052,11.539999595039095
337.400053,11.539999797519547
337.400054,11.54
337.59715,11.467369974760128
337.59815,11.467001474002858
337.598150999,11.467001105501977
337.598152,11.467000737001094
337.598153,11.467000368500212
337.598154,11.467
337.79515,11.356451183012773
337.79595,11.356002244691346
337.795951,11.356001683518254
337.795952,11.356001122345162
337.795953,11.35600056117207
337.795954,11.356
337.99315,11.278414688524704
337.9942,11.278001573771023
337.994201,11.27800118032827
337.994202,11.278000786885512
337.994203,11.278000393442756
337.994204,11.278
338.19115,11.207377949494406
338.1922,11.207001434343267
338.192201,11.207001075757288
338.192202,11.207000717171308
338.192203,11.20700035858533
338.192204,11.207
338.19675,11.20369381818174
338.3892,11.063730181817991
338.3902,11.06300290909057
338.390201,11.063002181817598
338.390202,11.063001454544624
338.390203,11.063000727271652
338.390204,11.063
338.5872,11.003304242424162
338.5882,11.003001212121072
338.588201,11.003000909090666
338.588201999,11.00300060606026
338.588203,11.003000303030406
338.588204,11.003
338.7852,10.827892444444212
338.7862,10.827003555555144
338.786201,10.827002666665951
338.786202,10.82700177777838
338.786203,10.82700088888919
338.786204,10.827
338.9832,10.660846808080588
338.9842,10.660003373736982
338.984201,10.660002530303888
338.984202,10.660001686869258
338.984203,10.660000843434627
338.984204,10.66
339.1812,10.60574471707574
339.1839,10.605001101652352
339.183901,10.605000826239138
339.183902,10.605000550825926
339.183903,10.605000275413213
339.183904,10.605
339.18655,10.600647098246924
339.37985,10.2826516679356
339.38085,10.281006580349578
339.380851,10.281004935261436
339.380852,10.281003290173294
339.380853,10.281001645085151
339.380854,10.281
339.5772,10.41033863693962
339.5782,10.410997365087717
339.578201,10.410998023816084
339.578201999,10.410998682544456
339.578203,10.410999341271628
339.578204,10.411
339.7752,10.057800101009631
339.7762,10.05600717171634
339.776201,10.05600537878644
339.776202,10.0560035858598
339.776203,10.0560017929299
339.776204,10.056
339.97355,9.899518575757169
339.9742,9.899003171716805
339.974201,9.899002378788683
339.974202,9.899001585859123
339.974203,9.899000792929565
339.974204,9.899
340.1712,9.910461947887711
340.3695,9.921999767265396
340.369501,9.921999825448967
340.369502,9.921999883632646
340.369503,9.921999941816322
340.369504,9.922
340.37215,9.918942815339175
340.3725,9.918538425833331
340.5677,9.693004621593811
340.567701,9.693003466194831
340.567702,9.693002310795857
340.567703,9.693001155396876
340.567704,9.693
340.5704,9.692713771486202
340.7655,9.672000424671335
340.765501,9.672000318503454
340.765502,9.672000212335572
340.765503,9.67200010616769
340.765504,9.672
340.7684,9.66901624242241
340.9635,9.468004121211642
340.963501,9.468003090908264
340.963502,9.468002060604883
340.963503,9.46800103030338
340.963504,9.468
340.96785,9.470238848484698
341.1615,9.56999793939418
341.161501,9.56999845454587
341.161502,9.569998969697558
341.161503,9.56999948484831
341.161504,9.57
341.1644,9.568317979798003
341.3595,9.455002323232051
341.359501,9.455001742423775
341.359502,9.455001161616554
341.359503,9.455000580808278
341.359504,9.455
341.3622,9.452307399748223
341.36255,9.45195784110989
341.55775,9.2570039949554
341.557751,9.257002996216094
341.557752,9.257001997476792
341.557753,9.257000998739304
341.557754,9.257
341.5623,9.257620692793944
341.7555,9.283999453855694
341.755501,9.28399959039177
341.755502,9.283999726927847
341.755503,9.283999863463924
341.755504,9.284
341.7584,9.279787636363658
341.9535,8.996005818181143
341.953501,8.996004363635196
341.953502,8.996002909089249
341.953503,8.996001454543302
341.953504,8.996
341.9564,8.992694464646512
342.1515,8.770004565656034
342.151501,8.770003424241507
342.151502,8.77000228282698
342.151503,8.770001141414527
342.151504,8.77
342.1544,8.765291532441381
342.34955,8.448006503407475
342.349551,8.448004877557825
342.349552,8.448003251705217
342.349553,8.448001625852608
342.349554,8.448
342.3522,8.44447556004167
342.3526,8.443942764884182
342.54775,8.184005327950945
342.547751,8.184003995962604
342.547752,8.184002663974262
342.547753,8.18400133198592
342.547754,8.184000000000001
342.55045,8.178797668339064
342.74675,7.8000077185920675
342.746751,7.800005788943173
342.746752,7.800003859297789
342.746753,7.800001929648895
342.746754,7.8
342.7495,7.799218617886145
342.94355,7.7440011382112495
342.943551,7.744000853658307
342.943552,7.744000569105366
342.943553,7.744000284552942
342.943554,7.744
342.94655,7.738725831019577
343.1418,7.395007041616508
343.141801,7.395005281212381
343.141802,7.395003520808254
343.141803,7.395001760404127
343.141804,7.395
343.14455,7.390348116311341
343.339549999,7.06000677623183
343.339551,7.060005082176184
343.339551999,7.060003388117456
343.339553,7.0600016940587285
343.339553999,7.0600000000000005
343.3423,7.056107813366787
343.3427,7.055540852460273
343.5378,6.779005669608421
343.537801,6.779004252205671
343.537802,6.779002834802921
343.537803,6.77900141740275
343.537804,6.779
343.54055,6.773534357160663
343.73575,6.385007961605541
343.735751,6.385005971203251
343.735752,6.38500398080096
343.735753,6.38500199039867
343.735754,6.385
343.73855,6.381126875631019
343.93355,6.111005540949811
343.933551,6.111004155711728
343.933552,6.111002770473646
343.933553,6.1110013852355625
343.933554,6.111
343.93655,6.110591969735038
344.1318,6.084000544766893
344.131801,6.084000408575171
344.131802,6.084000272383447
344.131803,6.084000136191724
344.131804,6.0840000000000005
344.13455,6.082129446531339
344.331449999,5.9480027247680285
344.331451,5.948002043575712
344.331451999,5.948001362383395
344.331453,5.948000681191078
344.331453999,5.948
344.33415,5.945624609115161
344.3343,5.945492447159603
344.5278,5.775003524318409
344.527801,5.775002643238406
344.527802,5.775001762158404
344.527803,5.775000881080003
344.527804,5.775
344.53055,5.769910191918986
344.7258,5.4080074141405525
344.725801,5.408005560604572
344.725802,5.408003707068591
344.725803,5.408001853535981
344.725804,5.408
344.72855,5.406682474747422
344.9238,5.313001919191696
344.923801,5.313001439393553
344.923802,5.313000959596284
344.923803,5.313000479798142
344.923804,5.313
344.92405,5.312874515151716
345.1218,5.212002040403803
345.121801,5.2120015303035485
345.121802,5.212001020202365
345.121803,5.212000510101182
345.121804,5.212
345.12455,5.210959848484806
345.3198,5.137001515152028
345.319801,5.137001136364021
345.319802,5.137000757576015
345.319803,5.137000378788008
345.319804,5.1370000000000005
345.32255,5.141553528817181
345.3227,5.141802264913998
345.5176,5.464993367035166
345.517601,5.464995025276375
345.517602,5.464996683517583
345.517603,5.464998341758792
345.517604,5.465
345.52055,5.463647396569711
345.7158,5.374001836528546
345.715801,5.374001377396201
345.715802,5.374000918263856
345.715803,5.374000459132346
345.715804,5.3740000000000006
345.71855,5.373570396164505
345.91335,5.343094494069981
345.91395,5.343000625788472
345.913951,5.343000469341282
345.913952,5.343000312894094
345.913953,5.3430001564471885
345.913954,5.343
346.11185,5.446997897927535
346.111851,5.446998423445652
346.111852,5.446998948963768
346.111853,5.446999474481884
346.111854,5.447
346.1146,5.447832121212163
346.30985,5.506998787878929
346.309851,5.506999090909334
346.309852,5.50699939393974
346.309853,5.506999696970145
346.309854,5.507
346.3126,5.509120302800995
346.31275,5.509236124148343
346.50735,5.659495018925455
346.508,5.659996911431094
346.508001,5.659997683573671
346.508002,5.659998455716249
346.508003,5.659999227858827
346.508004,5.66
346.70585,5.502003194338775
346.705851,5.502002395753718
346.705852,5.502001597170113
346.705853,5.5020007985850565
346.705854,5.502
346.7086,5.5158270808086405
346.90385,6.4989798585882
346.903851,6.4989848939342805
346.903852,6.498989929289521
346.903853,6.49899496464476
346.903854,6.4990000000000006
346.9041,6.49873181612703
347.10225,6.282712976638478
347.1029,6.2820043607128815
347.102901,6.282003270534165
347.102902,6.282002180355449
347.102903,6.282001090178716
347.102904,6.282
347.29985,6.337998862655112
347.299851,6.337999146991334
347.299852,6.337999431327556
347.299853,6.337999715663778
347.299854,6.338
347.30255,6.33755100681309
347.30275,6.337517698713098
347.49735,6.305108917486668
347.498,6.305000666161921
347.498001,6.305000499621364
347.498002,6.305000333080809
347.498003,6.305000166540252
347.498004,6.305
347.69585,6.34999909021997
347.695851,6.349999317665081
347.695852,6.349999545110192
347.695853,6.34999977255489
347.695854,6.3500000000000005
347.70045,6.354549575758236
347.89385,6.545996040404501
347.893851,6.545997030303826
347.893852,6.54599802020135
347.893853,6.545999010100675
347.893854,6.546
347.8941,6.546214722502179
348.09135,6.718385509586243
348.09205,6.718996508576013
348.092051,6.71899738143201
348.092052,6.718998254288007
348.092053,6.718999127144004
348.092054,6.719
348.2894,6.900831066599712
348.29175,6.902996314472136
348.291751,6.902997235854522
348.291752,6.90299815723523
348.291753,6.902999078617616
348.291754,6.9030000000000005
348.2945,6.904889931175203
348.4879,7.037997247005164
348.487901,7.037997935254186
348.487902,7.037998623503208
348.487903,7.037999311750978
348.487904,7.038
348.4881,7.037957466565545
348.6854,6.995141922785657
348.68605,6.9950008680291695
348.686051,6.995000651021779
348.686052,6.995000434014782
348.686053,6.995000217007391
348.686054,6.995
348.8834,7.027891000000087
348.88405,7.027999333333411
348.884051,7.027999499999831
348.884052,7.027999666666554
348.884053,7.027999833333277
348.884054,7.0280000000000005
349.0814,7.187471515150461
349.08205,7.187996767675673
349.082051,7.1879975757567545
349.082052,7.1879983838378365
349.082053,7.187999191918918
349.082054,7.188
349.2794,7.305610242423466
349.28005,7.305997616160809
349.280051,7.305998212120607
349.280052,7.305998808080405
349.280053,7.305999404040202
349.280054,7.306
349.2828,7.305778101010237
349.4774,7.290052848484807
349.47805,7.290000323232285
349.478051,7.290000242424178
349.478052,7.290000161616069
349.478053,7.290000080807961
349.478054,7.29
349.6754,7.414587121212446
349.67605,7.414997474747768
349.676051,7.414998106061113
349.676052,7.414998737374458
349.676053,7.414999368686655
349.676054,7.415
349.8734,7.433937242424292
349.87405,7.433999616161661
349.874051,7.433999712121289
349.874052,7.433999808080744
349.874053,7.4339999040403715
349.874054,7.434
350.0728,7.514754582392474
350.0734,7.514998374717283
350.073401,7.514998781037963
350.073402,7.514999187358642
350.073403,7.514999593679321
350.073404,7.515000000000001
350.26945,7.579783884087611
350.2701,7.579998678190291
350.270101,7.579999008642869
350.270102,7.579999339095446
350.270103,7.579999669548023
350.270104,7.58
350.27275,7.57821062831133
350.46745,7.446543709310677
350.46825,7.446002705021134
350.468251,7.446002028765543
350.468252,7.446001352509952
350.468253,7.446000676255591
350.468254,7.446
350.66545,7.165858058643576
350.66605,7.165005682506923
350.666051,7.165004261879546
350.666052,7.16500284125217
350.666053,7.165001420624793
350.666054,7.165
350.86345,7.081361846153798
350.8643,7.081001694830334
350.864301,7.081001271122752
350.864302,7.081000847415168
350.864303,7.081000423707584
350.864304,7.081
351.06145,7.0052512841258805
351.0621,7.0050015369064855
351.062101,7.005001152679864
351.062102,7.005000768453243
351.062103,7.005000384226621
351.062104,7.005
351.25945,6.85350206060567
351.2601,6.8530030707067136
351.260101,6.853002303029686
351.260102,6.853001535352658
351.260103,6.853000767675631
351.260104,6.853
351.26275,6.8488691418551255
351.45745,6.544909171878961
351.45995,6.541006244682787
351.459951,6.541004683511381
351.459952,6.541003122342814
351.459953,6.541001561171407
351.459954,6.541
351.65545,6.081537058372486
351.6561,6.080009400967554
351.656101,6.080007050724597
351.656102,6.08000470048164
351.656103,6.080002350242958
351.656104,6.08
351.85345,5.61512947288454
351.85435,5.613009422445312
351.854351,5.613007066832912
351.854352,5.613004711220514
351.854353,5.613002355608114
351.854354,5.613
352.0525,5.292462386335806
352.0534,5.291006470735244
352.053401,5.29100485305364
352.053402,5.291003235369094
352.053403,5.291001617684547
352.053404,5.291
352.2495,5.0617062531783015
352.2501,5.061004677174944
352.250101,5.061003507881208
352.250102,5.061002338587472
352.250103,5.061001169293736
352.250104,5.061
352.2528,5.057013484734442
352.44745,4.769188856928275
352.44825,4.76800591471308
352.448251,4.7680044360348095
352.448252,4.76800295735654
352.448253,4.768001478678269
352.448254,4.768
352.64545,4.594706545453966
352.64625,4.594003515151107
352.646251,4.594002636362931
352.646252,4.5940017575747545
352.646253,4.594000878786578
352.646254,4.594
352.84345,4.48649284199923
352.84435,4.486002180717548
352.844351,4.486001635538161
352.844352,4.486001090358774
352.844353,4.486000545179387
352.844354,4.486
353.04215,4.583554141922274
353.04305,4.583998027176878
353.043051,4.583998520382883
353.043052,4.583999013587991
353.043053,4.583999506793996
353.043054,4.5840000000000005
353.2395,4.526192450532574
353.24015,4.526001177067341
353.240151,4.526000882800372
353.240152,4.526000588533403
353.240153,4.526000294266434
353.240154,4.526
353.2428,4.524691355033659
353.4375,4.4283976381525845
353.4383,4.428001978299038
353.438301,4.428001483724054
353.438302,4.428000989149069
353.438303,4.428000494574085
353.438304,4.428
353.6355,4.374219272727091
353.6363,4.374001090908964
353.636301,4.374000818181599
353.636302,4.3740005454542334
353.636303,4.374000272727365
353.636304,4.374
353.8335,4.152901454544707
353.8343,4.152004484847964
353.834301,4.152003363635463
353.834302,4.152002242425001
353.834303,4.152001121212501
353.834304,4.152
354.0315,4.155982751830348
354.03235,4.155999919212329
354.032351,4.155999939409256
354.032352,4.155999959606183
354.032353,4.155999979803109
354.032354,4.156
354.231,4.139072771929815
354.23185,4.139000340852091
354.231851,4.139000255639029
354.231852,4.139000170425968
354.231853,4.139000085213062
354.231854,4.139
354.23445,4.140559317892758
354.4275,4.256517067956621
354.4283,4.256997597353295
354.428301,4.2569981980152445
354.428302,4.256998798677194
354.428303,4.256999399339143
354.428304,4.257
354.6255,4.109600969696471
354.6263,4.109002989898642
354.626301,4.109002242423642
354.626302,4.109001494948641
354.626303,4.109000747475
354.626304,4.109
354.8235,4.163707591424888
354.82455,4.163998890289662
354.824551,4.163999167717247
354.824552,4.163999445144831
354.824553,4.163999722572415
354.824554,4.164
355.02155,3.910100682334968
355.0224,3.909005155420175
355.022401,3.909003866564545
355.022402,3.909002577708915
355.022403,3.90900128885563
355.022404,3.909
355.21955,3.910991373737375
355.2204,3.910999959595965
355.220401,3.9109999696969777
355.220402,3.910999979797992
355.220403,3.9109999898989862
355.220404,3.911
355.223,3.908718090426638
355.41755,3.737706723919598
355.41835,3.737003516038995
355.418351,3.737002637028847
355.418352,3.7370017580186974
355.418353,3.7370008790101488
355.418354,3.737
355.61555,3.6872030303028622
355.61635,3.687001010100893
355.616351,3.687000757575555
355.616352,3.687000505050676
355.616353,3.687000252525338
355.616354,3.687
355.81355,3.4999523309785583
355.81455,3.4990037941486105
355.814551,3.4990028456114577
355.814552,3.4990018970743053
355.814553,3.4990009485371525
355.814554,3.499
356.01155,3.190571919194356
356.01255,3.1890062626283826
356.012551,3.189004696971287
356.012552,3.189003131314192
356.012553,3.189001565657096
356.012554,3.189
356.20955,3.187008632802628
356.2104,3.1870000404346683
356.210401,3.1870000303259967
356.210402,3.187000020217325
356.210403,3.187000010108672
356.210404,3.1870000000000003
356.213,3.18723369842463
356.40755,3.2047475768942477
356.41035,3.20499963991002
356.410351,3.204999729932556
356.410352,3.204999819955092
356.410353,3.204999909977464
356.410354,3.205
356.60555,2.623395591834752
356.60635,2.621011918365962
356.606351,2.6210089387731164
356.606351999,2.621005959180271
356.606353,2.6210029795928453
356.606354,2.621
356.80355,2.134599778058718
356.8046,2.132009866333731
356.804601,2.1320073997502984
356.804602,2.132004933166866
356.804603,2.1320024665834327
356.804604,2.132
357.0016,2.169494855998013
357.00425,2.169999238667757
357.004251,2.169999429000904
357.004252,2.1699996193340514
357.004253,2.1699998096668525
357.004254,2.17
357.1996,2.472676778797318
357.20045,2.47399380224333
357.200451,2.473995351683202
357.200452,2.473996901120256
357.200453,2.473998450560128
357.200454,2.474
357.20305,2.466584728740097
357.3976,1.9108678475894612
357.3986,1.9080114256862828
357.398601,1.908008569263413
357.398602,1.9080057128457395
357.398603,1.9080028564228697
357.398604,1.908
357.5956,1.840259276864309
357.59635,1.840001375473924
357.596351,1.8400010316052864
357.596351999,1.840000687736649
357.596353,1.840000343868012
357.596354,1.84
357.79355,1.6092334325350155
357.7946,1.6080046809599706
357.794601,1.608003510719978
357.794602,1.6080023404799857
357.794603,1.6080011702399928
357.794604,1.608
357.993,1.6408338415246166
357.994,1.640999338014119
357.994001,1.6409995035103635
357.994002,1.640999669006909
357.994003,1.6409998345034544
357.994004,1.641
358.1896,1.2670152758714015
358.19065,1.2650076481048829
358.190651,1.2650057360777929
358.190652,1.2650038240541803
358.190653,1.2650019120270903
358.190654,1.265
358.1933,1.261083465520374
358.3876,0.9734860924472032
358.3886,0.972005920686354
358.388601,0.9720044405140924
358.388602,0.9720029603445232
358.388603,0.9720014801722616
358.388604,0.972
358.5872,0.5123238877749476
358.5882,0.5100092585159581
358.588201,0.510006943885916
358.588201999,0.510004629255874
358.588203,0.5100023146300421
358.588204,0.51
358.7836,0.1300495189586096
358.78465,0.1280077780596713
358.784651,0.1280058335438692
358.784652,0.1280038890280671
358.784653,0.128001944512265
358.784654,0.128
358.9816,0.0892076060606637
358.98265,0.0890007878786963
358.982651,0.0890005909089326
358.982652,0.089000393939169
358.982653,0.0890001969697636
358.982654,0.089
359.1796,0.3018608282825115
359.18065,0.3029956767681792
359.180651,0.3029967575766258
359.180652,0.3029978383831065
359.180653,0.3029989191915533
359.180654,0.303
359.1833,0.3039087272730084
359.3776,0.3706380202019195
359.37865,0.3709986262627859
359.378651,0.3709989696966209
359.378652,0.3709993131310806
359.378653,0.3709996565655403
359.378654,0.371
359.575599999,0.6107171010097443
359.576649999,0.6119951313114831
359.576651,0.6119963484836123
359.576652,0.6119975656557415
359.576653,0.6119987828278708
359.576653999,0.612
359.7736,0.6368480948776
359.7748,0.6369994953316485
359.774801,0.6369996214987363
359.774802,0.6369997476658242
359.774803,0.6369998738329121
359.774804,0.637
359.97165,0.915579125600562
359.97265,0.9169943391464754
359.972651,0.9169957543605
359.972652,0.9169971695745248
359.972653,0.9169985847885496
359.972654,0.917
360.17125,0.991866044275578
360.3679,1.0659984920931012
360.367901,1.065998869069826
360.367902,1.0659992460465506
360.367903,1.0659996230232751
360.367904,1.066
360.37065,1.0634065555554268
360.37105,1.0630287777786
360.5659,0.8790037777773387
360.565901,0.8790028333325746
360.565902,0.8790018888878104
360.565903,0.8790009444430462
360.565904,0.879
360.56885,0.8801605454547485
360.7639,0.9569984242426074
360.763901,0.9569988181821348
360.763902,0.956999212121662
360.763903,0.9569996060604729
360.763904,0.957
360.76685,0.9553186969694027
360.9619,0.8440022828280175
360.961901,0.8440017121207536
360.961902,0.8440011414145278
360.961903,0.8440005707072639
360.961904,0.844
360.96485,0.8458110959942741
361.16035,0.9659975409425886
361.160351,0.965998155707221
361.160352,0.9659987704718532
361.160353,0.9659993852353675
361.160354,0.966
361.1645,0.9680771963568456
361.35795,1.0649979959516498
361.357951,1.0649984969639652
361.357952,1.0649989979762806
361.357953,1.064999498988596
361.357954,1.065
361.3606,1.06455944500491
361.36095,1.064501170534636
361.55615,1.032000665993868
361.556151,1.0320004994953254
361.556152,1.0320003329970855
361.556153,1.0320001664985428
361.556154,1.032
361.55885,1.032136299292192
361.75395,1.0419997977755544
361.753951,1.0419998483316888
361.753952,1.0419998988877313
361.753953,1.0419999494438656
361.753954,1.042
361.75685,1.0395306559031676
361.95215,0.873003410697421
361.952151,0.8730025580230658
361.952152,0.8730017053487105
361.952153,0.8730008526743552
361.952154,0.873
361.95485,0.8729727401415616
362.14995,0.8710000404449075
362.149951,0.8710000303336807
362.149952,0.8710000202224537
362.149953,0.8710000101112269
362.149954,0.871
362.15285,0.8704880808080879
362.34795,0.8360007070709464
362.347951,0.8360005303032098
362.347952,0.8360003535354732
362.347953,0.8360001767677365
362.347954,0.836
362.35255,0.8374840766898505
362.3529,0.8375970938443223
362.54615,0.8999987083755285
362.546151,0.8999990312817933
362.546152,0.899999354188058
362.546153,0.8999996770937353
362.546154,0.9
362.54885,0.9000136299292192
362.74395,0.9009999797775554
362.743951,0.9009999848331688
362.743952,0.9009999898887824
362.743953,0.9009999949443864
362.743954,0.901
362.74685,0.8964094005518679
362.9433,0.5850063406062358
362.943301,0.5850047554568394
362.943302,0.5850031703045595
362.943303,0.5850015851522798
362.943304,0.585
362.946,0.5884539501773645
363.14,0.8369948754431049
363.140001,0.8369961565823287
363.140002,0.8369974377215524
363.140003,0.8369987188607761
363.140004,0.837
363.1429,0.8363710707070737
363.337999999,0.7940008686867678
363.338001,0.7940006515149771
363.338001999,0.7940004343431863
363.338003,0.7940002171713957
363.338003999,0.794
363.34065,0.7922511301710065
363.341,0.792019798182949
363.5362,0.6630026437938401
363.536201,0.6630019828450795
363.536202,0.6630013218975213
363.536203,0.6630006609487606
363.536204,0.663
363.53885,0.6563716363615859
363.7342,0.1670100202008557
363.734201,0.1670075151540593
363.734202,0.1670050101027062
363.734203,0.1670025050513531
363.734204,0.167
363.7368,0.169574545454804
363.93385,0.3649960330565083
363.933851,0.3649970247923812
363.933852,0.3649980165282541
363.933853,0.364999008264127
363.933854,0.365
363.93645,0.3627523809537057
364.1302,0.1950034632030607
364.130201,0.1950025974019018
364.130202,0.1950017316007429
364.130203,0.195000865799584
364.130204,0.195
364.1328,0.1967324165825853
364.328,0.3269973306373173
364.328001,0.3269979979782914
364.328001999,0.3269986653192656
364.328003,0.3269993326602397
364.328003999,0.327
364.3306,0.3284800605450509
364.330949999,0.3286796064584135
364.5262,0.4399977194755425
364.526201,0.4399982896069161
364.526202,0.4399988597372527
364.526203,0.4399994298686264
364.526204,0.44
364.5288,0.4418224444446288
364.7242,0.5789971919195183
364.724201,0.578997893938681
364.724202,0.5789985959591206
364.724203,0.5789992979795603
364.724204,0.579
364.7269,0.5804701741982016
364.92225,0.6869978187328968
364.922251,0.6869983640499207
364.922252,0.6869989093669444
364.922253,0.6869994546839682
364.922254,0.687
364.9249,0.6890713636370045
365.12025,0.8419968686872326
365.120251,0.8419976515157804
365.120252,0.8419984343443283
365.120253,0.8419992171714521
365.120254,0.842
365.1229,0.8397816363629501
365.31825,0.6760033535349639
365.318251,0.6760025151508416
365.318252,0.6760016767682444
365.318253,0.6760008383841223
365.318254,0.676
365.3209,0.6771160632692378
365.32105,0.6771793321619682
365.5174,0.7599983128297215
365.517401,0.7599987346217157
365.517402,0.7599991564144771
365.517403,0.7599995782072386
365.517404,0.76
365.52025,0.7601156616712992
365.71425,0.7679998374396199
365.714251,0.7679998780797149
365.714252,0.76799991871981
365.714253,0.767999959359905
365.714254,0.768
365.7169,0.7683338380013881
365.91175,0.7929174867522958
365.9124,0.7929994953316485
365.912401,0.7929996214987364
365.912402,0.7929997476658243
365.912403,0.7929998738329121
365.912404,0.793
366.11095,0.5040058222103534
366.110951,0.5040043666571031
366.110952,0.5040029111065005
366.110953,0.5040014555532503
366.110954,0.504
366.1136,0.5033830917382769
366.30825,0.4580009325898562
366.308251,0.4580006994422861
366.308252,0.458000466294716
366.308253,0.4580002331475701
366.308254,0.458
366.31095,0.4554673939398116
366.3111,0.4553264848473362
366.50625,0.2720037575753209
366.506251,0.2720028181810635
366.506252,0.2720018787885148
366.506253,0.2720009393942574
366.506254,0.272
366.50895,0.2714056913828623
366.70585,0.2280008817634246
366.705851,0.2280006613224682
366.705852,0.2280004408819128
366.705853,0.2280002204409564
366.705854,0.228
366.70855,0.2281234181078134
366.9018,0.2369700610376633
366.90245,0.2369998168871016
366.902451,0.236999862665347
366.902452,0.2369999084435924
366.902453,0.2369999542218379
366.902454,0.237
367.1003,0.3419978771799283
367.100301,0.3419984078851875
367.100302,0.3419989385904468
367.100303,0.3419994692947408
367.100304,0.342
367.10295,0.3416258181817024
367.2983,0.3140005656564999
367.298301,0.3140004242423106
367.298302,0.3140002828283785
367.298303,0.3140001414141893
367.298304,0.314
367.30095,0.3128783043145651
367.3011,0.3128147161238647
367.4958,0.2302772445115152
367.49645,0.2300016956848899
367.496451,0.2300012717642458
367.496452,0.2300008478428305
367.496453,0.2300004239214153
367.496454,0.23
367.69425,0.3929967037415357
367.694251,0.3929975278065266
367.694252,0.3929983518700184
367.694253,0.3929991759350092
367.694254,0.393
367.69695,0.3943194349140078
367.8918,0.4896799293636411
367.89245,0.4899980423807701
367.892451,0.4899985317855776
367.892452,0.4899990211903851
367.892453,0.4899995105951925
367.892454,0.49
368.0898,0.3843501212118485
368.09045,0.3840021414138925
368.090451,0.3840016060601759
368.090452,0.3840010707064594
368.090453,0.3840005353527428
368.090454,0.384
368.2883,0.3570005458680184
368.288301,0.3570004094009517
368.288302,0.3570002729338851
368.288303,0.3570001364670666
368.288304,0.357
368.2928,0.3692525359564055
368.29295,0.3696613171823364
368.4858,0.8952177138545447
368.48645,0.8969890991685644
368.486451,0.8969918243776626
368.486452,0.8969945495818036
368.486453,0.8969972747909019
368.486454,0.897
368.6843,1.0959959767505307
368.684301,1.095996982561526
368.684302,1.0959979883743507
368.684303,1.0959989941871753
368.684304,1.096
368.68705,1.0966513348473648
368.88185,1.1428567347966936
368.88245,1.142999051223499
368.882451,1.1429992884176243
368.882452,1.1429995256117496
368.882453,1.1429997628058748
368.882454,1.143
369.07985,1.1719115353534255
369.08045,1.1719994141412158
369.080451,1.1719995606059117
369.080452,1.171999707070608
369.080453,1.1719998535353038
369.080453999,1.172
369.27785,1.3285210707079156
369.27845,1.3289968282831968
369.278451,1.328997621212758
369.278452,1.3289984141423197
369.278453,1.328999207071881
369.278454,1.329
369.2831,1.3247528989887811
369.47585,1.1485521414131623
369.47645,1.1480036565652318
369.476451,1.1480027424235082
369.476452,1.1480018282817843
369.476453,1.1480009141417238
369.476454,1.148
369.6738,1.1071457409745094
369.6745,1.1070008280739991
369.674501,1.1070006210554992
369.674502,1.1070004140369996
369.674503,1.1070002070184997
369.674504,1.107
369.87185,1.2097998196846274
369.87415,1.2109979163538611
369.874151,1.2109984372656326
369.874152,1.2109989581774043
369.874153,1.210999479089176
369.874154,1.211
370.06985,1.5159807792215818
370.0705,1.5169937662344908
370.070501,1.5169953246765768
370.070502,1.5169968831186629
370.070503,1.516998441560749
370.070504,1.517
370.26785,1.6515540909094424
370.2685,1.6519972727275898
370.268501,1.6519979545460024
370.268502,1.651998636364415
370.268503,1.6519993181815875
370.268504,1.652
370.27135,1.6520287474747417
370.46585,1.6539933939393994
370.4665,1.6539999595959645
370.466501,1.653999969696978
370.466502,1.6539999797979732
370.466503,1.6539999898989866
370.466504,1.654
370.66385,1.285222121211158
370.6645,1.284007474746606
370.664501,1.2840056060625038
370.664502,1.2840037373750026
370.664503,1.2840018686875014
370.664504,1.284
370.86185,1.9956416363589355
370.8625,1.9979855757526923
370.862501,1.9979891818145197
370.862502,1.9979927878763464
370.862503,1.9979963939381733
370.862504,1.998
371.06,2.1873251261351734
371.0607,2.1879961654898503
371.060701,2.187997124117824
371.060702,2.187998082745797
371.060703,2.1879990413720267
371.060704,2.188
371.25785,2.241807854435167
371.25855,2.2419989082639638
371.258551,2.2419991811980964
371.258552,2.2419994541317334
371.258553,2.2419997270658665
371.258554,2.242
371.2612,2.244778233216417
371.45585,2.4491558202934787
371.45665,2.4499958001014472
371.456651,2.449996850076563
371.456652,2.4499979000516787
371.456653,2.4499989500248844
371.456654,2.45
371.6555,2.365257407871191
371.6561,2.365001704687694
371.656101,2.3650012785155767
371.656102,2.36500085234346
371.656103,2.3650004261721174
371.656104,2.365
371.8519,2.403830633104522
371.85275,2.403999206712525
371.852751,2.4039994050344844
371.852752,2.403999603356443
371.852753,2.403999801678041
371.852754,2.404
372.0499,2.671113892821728
372.05055,2.6719945803848564
372.050551,2.6719959352892584
372.050552,2.6719972901936604
372.050553,2.671998645095598
372.050554,2.672
372.2479,3.181312151516482
372.24855,3.182989676768877
372.248551,3.182992257577831
372.248552,3.182994838382091
372.248553,3.1829974191910457
372.248554,3.1830000000000003
372.2513,3.184510542518357
372.4459,3.2915577289935536
372.4467,3.291997799646988
372.446701,3.291998349735491
372.446702,3.291998899822994
372.446703,3.291999449911497
372.446704,3.2920000000000003
372.6439,3.1434925246408603
372.64455,3.1430030123841384
372.644551,3.143002259288104
372.644552,3.143001506192069
372.644553,3.1430007530960347
372.644554,3.143
372.84275,2.9730034308775024
372.842751,2.9730025731577365
372.842752,2.973001715437971
372.842753,2.973000857718205
372.842754,2.973
372.84545,2.972264727272352
373.0399,2.919232909090878
373.04075,2.919001090908964
373.040751,2.919000818181599
373.040752,2.9190005454542343
373.040753,2.919000272727365
373.040754,2.919
373.2379,2.7684992618802955
373.23855,2.76800305358913
373.238551,2.7680022901915
373.238552,2.7680015267938707
373.238553,2.76800076339763
373.238554,2.768
373.24135,2.7699895836492274
373.4359,2.9084278879641383
373.4367,2.908997153671792
373.436701,2.908997865254168
373.436702,2.908998576835249
373.436703,2.908999288417625
373.436704,2.9090000000000003
373.6339,2.9458497575758824
373.6347,2.94599925252534
373.634701,2.94599943939375
373.634702,2.9459996262625
373.634703,2.94599981313125
373.634704,2.946
373.83195,2.8334871378091258
373.8328,2.833002281675656
373.832801,2.833001711256483
373.832802,2.8330011408373093
373.832803,2.8330005704191734
373.832804,2.833
374.02995,2.8320043131313124
374.0308,2.8320000202020177
374.030801,2.832000015151511
374.030802,2.832000010101013
374.030803,2.8320000050505065
374.030804,2.832
374.228,3.025358726306532
374.22865,3.0259960778354174
374.228651,3.025997058376563
374.228652,3.025998038917709
374.228653,3.025999019458854
374.228654,3.026
374.23155,3.032667891946428
374.42595,3.4802639535498887
374.4267,3.481990790205564
374.426701,3.4819930926552205
374.426702,3.4819953951048763
374.426703,3.4819976975503444
374.426704,3.482
374.62395,3.5804986330383173
374.62495,3.580998002521392
374.624951,3.580998501891044
374.624952,3.580999001260696
374.624953,3.580999500630348
374.624954,3.581
374.82195,3.73035253980296
374.8228,3.730996967399897
374.822801,3.730997725550268
374.822802,3.7309984837006382
374.822803,3.730999241849629
374.822804,3.731
375.01995,4.136244555555784
375.0208,4.137991777778733
375.020801,4.137993833334985
375.020802,4.137995888887497
375.020803,4.1379979444437485
375.020804,4.138
375.21795,4.511099924300269
375.21895,4.512992429978169
375.218951,4.512994322484488
375.218952,4.512996214987363
375.218953,4.512998107493682
375.218954,4.513
375.22375,4.524856643071987
375.41595,5.00001235591671
375.41675,5.001990111224608
375.416751,5.00199258341958
375.416752,5.001995055610055
375.416753,5.001997527805028
375.416754,5.002
375.61395,5.278871151516088
375.61475,5.279994383839036
375.614751,5.279995787877362
375.614752,5.279997191918241
375.614753,5.279998595959121
375.614754,5.28
375.812,5.633955228068568
375.81425,5.637992822052707
375.814251,5.6379946165395305
375.814252,5.637996411026354
375.814253,5.637998205513177
375.814254,5.638
376.00995,5.475749501526314
376.01085,5.475003316378048
376.010851,5.475002487284668
376.010852,5.475001658189779
376.010853,5.475000829094889
376.010854,5.4750000000000005
376.20795,5.528753454545333
376.20885,5.528998909090539
376.208851,5.5289991818179045
376.208852,5.52899945454527
376.208853,5.528999727272635
376.208854,5.529
376.21175,5.530185325922173
376.40595,5.609670924709721
376.40675,5.60999836280969
376.406751,5.609998772107454
376.406752,5.609999181405217
376.406753,5.609999590702237
376.406754,5.61
376.604,5.602030464646489
376.604749999,5.602000161616143
376.604751,5.602000121212089
376.604752,5.602000080808108
376.604753,5.602000040404055
376.604754,5.602
376.802,5.466688746531979
376.803,5.46600274400977
376.803001,5.466002058007016
376.803002,5.466001372004261
376.803003,5.466000686002754
376.803004,5.466
377.0,5.199358949494594
377.001,5.198005414140785
377.001001,5.1980040606049736
377.001002,5.198002707071624
377.001003,5.198001353535812
377.001004,5.198
377.198,5.490657018695655
377.1989,5.491994057602839
377.198901,5.49199554320213
377.198902,5.49199702880142
377.198903,5.49199851440071
377.198904,5.492
377.2017,5.496204935653116
377.396,5.788414877620245
377.39705,5.789993984355985
377.397051,5.789995488267673
377.397052,5.78999699217936
377.397053,5.789998496091048
377.397054,5.79
377.594,5.968548590032156
377.596699999,5.970996373654316
377.596701,5.970997280241149
377.596702,5.970998186827982
377.596703,5.970999093413167
377.596704,5.971
377.792,6.21070632034596
377.79305,6.211995090400366
377.793051,6.211996317800833
377.793052,6.2119975451990666
377.793053,6.211998772599533
377.793054,6.212
377.99,6.447797938873764
377.991,6.448995210912403
377.991001,6.448996408184846
377.991002,6.44899760545729
377.991003,6.448998802727556
377.991004,6.449
378.1881,6.550483048965303
378.1891,6.550997940434364
378.189101,6.550998455326007
378.189102,6.55099897021765
378.189103,6.550999485109293
378.189104,6.551
378.19185,6.5529282344026925
378.386,6.689259883808842
378.38705,6.689997191208951
378.387051,6.689997893406713
378.387052,6.689998595604476
378.387053,6.689999297802238
378.387054,6.69
378.584,6.584564262625452
378.58505,6.584002141413893
378.585050999,6.584001606060177
378.585052,6.58400107070646
378.585053,6.584000535352743
378.585054,6.5840000000000005
378.78205,6.4755527070705625
378.78305,6.4750022020199465
378.783051,6.4750016515147095
378.783052,6.475001101009473
378.783053,6.4750005505052375
378.783054,6.4750000000000005
378.98005,6.360583131312979
378.98105,6.360002323232053
378.981051,6.360001742423776
378.981052,6.360001161616555
378.981053,6.360000580808277
378.981054,6.36
379.17805,5.969288781225524
379.1792,5.967007933382879
379.179201,5.967005950036257
379.179202,5.967003966693244
379.179203,5.967001983346622
379.179204,5.9670000000000005
379.1839,5.969231104371978
379.37605,6.060522992165907
379.37705,6.060998099569738
379.377051,6.060998574677304
379.377052,6.060999049784869
379.377053,6.060999524892434
379.377054,6.061
379.57405,5.697850808083676
379.57505,5.69600737373987
379.575051,5.696005530304903
379.575051999,5.696003686869934
379.575053,5.696001843434967
379.575054,5.696
379.77205,5.663109193018028
379.97035,5.630000667847127
379.970351,5.630000500885269
379.970352,5.630000333923412
379.970353,5.630000166961554
379.970354,5.63
379.97325,5.626848685138585
380.16885,5.41400435264433
380.168851,5.414003264482753
380.168852,5.414002176321175
380.168853,5.414001088161577
380.168854,5.414
380.17185,5.413013974683191
380.36635,5.349001316455543
380.366351,5.349000987341508
380.366352,5.349000658228071
380.366353,5.349000329114036
380.366354,5.349
380.3691,5.344853262626095
380.36945,5.344324727272178
380.56435,5.050006040403338
380.564351,5.050004530304564
380.564352,5.050003020203042
380.564353,5.050001510101521
380.564354,5.05
380.5692,5.039916404040803
380.76235,4.638008323235141
380.762351,4.638006242426355
380.762352,4.6380041616175705
380.762353,4.638002080808785
380.762354,4.638
380.7653,4.633819060607911
380.96035,4.357005676769599
380.960351,4.3570042575772
380.960352,4.357002838384799
380.960353,4.3570014191924
380.960354,4.357
380.96335,4.357270045067536
381.16005,4.37499963945923
381.160051,4.374999729594464
381.160052,4.374999819729533
381.160053,4.374999909864767
381.160054,4.375
381.163,4.377668641221845
381.35655,4.552996376590752
381.356551,4.552997282443476
381.356552,4.552998188294552
381.356553,4.552999094147276
381.356554,4.553
381.35925,4.544222325582825
381.3595,4.543408372091325
381.55435,3.909013023254301
381.554351,3.9090097674392448
381.554352,3.909006511630112
381.554353,3.909003255815056
381.554354,3.909
381.55735,3.908576857503257
381.7526,3.881000564943188
381.752601,3.881000423707327
381.752602,3.8810002824714656
381.752603,3.881000141235604
381.752604,3.881
381.75535,3.88483259671316
381.95035,4.1569944171915365
381.950351,4.156995812893652
381.950352,4.156997208595768
381.950353,4.156998604297884
381.950354,4.157
381.95335,4.151129050506516
382.14835,3.769007838386492
382.148351,3.769005878789869
382.148352,3.769003919193246
382.148353,3.769001959596623
382.148354,3.769
382.15135,3.77646544262112
382.3466,4.262990032788044
382.346601,4.2629925245876334
382.346602,4.262995016391756
382.346603,4.262997508195878
382.346604,4.263
382.34925,4.265231727271884
382.3495,4.265442585858552
382.5446,4.429996626261484
382.544601,4.429997469696112
382.544602,4.429998313130742
382.544603,4.429999156565371
382.544604,4.43
382.54735,4.433578121212299
382.7426,4.6879947878793935
382.742601,4.687996090910137
382.742602,4.687997393940882
382.742603,4.687998696971626
382.742604,4.688
382.74535,4.69224381818199
382.9406,4.9939938181825365
382.940601,4.993995363637605
382.940602,4.993996909092674
382.940603,4.993998454544931
382.940604,4.994
382.94335,4.993297839057378
383.14005,4.943001022812616
383.140051,4.943000767109346
383.140052,4.943000511406076
383.140053,4.943000255703271
383.140054,4.9430000000000005
383.14305,4.94903006861713
383.3368,5.338991949171354
383.336800999,5.338993961878515
383.336802,5.338995974585677
383.336802999,5.338997987292839
383.336804,5.339
383.3397,5.337199150657251
383.33995,5.337043690597118
383.5346,5.216002487361813
383.534601,5.21600186552136
383.534602,5.216001243680907
383.534603,5.216000621840453
383.534604,5.216
383.5374,5.219468669009127
383.7337,5.4629950376700895
383.733701,5.462996278250874
383.733702,5.462997518833917
383.733703,5.4629987594169584
383.733704,5.463
383.7364,5.462548271134879
383.93065,5.43000067022079
383.930651,5.430000502665516
383.930652,5.430000335110547
383.930653,5.430000167555273
383.930654,5.43
383.9333,5.427497840707178
384.1284,5.2430037825532905
384.128401,5.243002836914537
384.128402,5.243001891275785
384.128403,5.243000945637033
384.128404,5.243
384.13325,5.26177290290659
384.32665,6.010984504408373
384.326650999,6.01098837830628
384.326652,6.010992252204187
384.326652999,6.010996126102094
384.326654,6.011
384.32925,6.020822702703724
384.329449999,6.02157945945513
384.5246,6.759984864866624
384.524601,6.759988648644805
384.524602,6.75999243242987
384.524603,6.759996216214935
384.524604,6.76
384.5274,6.762567467203803
384.72215,6.941399455096332
384.7228,6.94199632694291
384.722801,6.9419972452076
384.722802,6.94199816347229
384.722803,6.94199908173698
384.722804,6.942
384.92065,7.349991751327722
384.920651,7.349993813496729
384.920652,7.349995875665737
384.920653,7.349997937830993
384.920654,7.35
384.9234,7.354826303030499
385.11865,7.697992969697787
385.118651,7.69799472727414
385.118652,7.697996484847295
385.118653,7.697998242423647
385.118654,7.698
385.1214,7.702473122172147
385.31755,8.021993484163653
385.317551,8.02199511312348
385.317552,8.021996742083308
385.317553,8.021998371043136
385.317554,8.022
385.3202,8.025920000001195
385.32045,8.02629037037029
385.51465,8.313994074072069
385.514651,8.313995555554051
385.514652,8.313997037036033
385.514653,8.313998518518018
385.514654,8.314
385.5174,8.315636734285079
385.7143,8.432997615827976
385.714301,8.432998211871253
385.714302,8.43299880791453
385.714303,8.432999403957806
385.714304,8.433
385.7145,8.433406274511606
385.91065,8.839991708684437
385.910651,8.83999378151427
385.910652,8.839995854344103
385.910653,8.839997927173936
385.910654,8.84
385.91345,8.843007818182535
386.10865,9.052995696970198
386.108651,9.052996772728138
386.108652,9.052997848486076
386.108653,9.05299892424206
386.108654,9.053
386.11145,9.058809686553472
386.30645,9.463991688575284
386.306451,9.463993766432408
386.306452,9.463995844289531
386.306453,9.463997922142877
386.306454,9.464
386.31135,9.46987766960954
386.3116,9.470177795711916
386.5047,9.701995197982905
386.504701,9.701996398487724
386.504702,9.701997598992545
386.504703,9.701998799497364
386.504704,9.702
386.50745,9.704009437295062
386.7022,9.846521423164646
386.70285,9.846997072924893
386.702851,9.846997804694002
386.702852,9.846998536463111
386.702853,9.84699926823222
386.702854,9.847
386.9002,9.969593727273049
386.90085,9.969997515151803
386.900851,9.969998136364136
386.900852,9.969998757576468
386.900853,9.96999937878767
386.900854,9.97
387.0987,10.319992923933096
387.098701,10.319994692950626
387.098702,10.31999646196494
387.098703,10.319998230982469
387.098704,10.32
387.10145,10.32123337875352
387.2962,10.408706252838993
387.29685,10.408998203381486
387.296851,10.408998652535502
387.296852,10.408999101690336
387.296853,10.408999550845168
387.296854,10.409
387.29955,10.410076492291962
387.4947,10.487998402829886
387.494701,10.487998802122414
387.494702,10.487999201414942
387.494703,10.487999600707472
387.494704,10.488
387.49735,10.489682543526996
387.69225,10.613615927327308
387.69285,10.613997456471507
387.692851,10.613998092353633
387.692852,10.613998728235757
387.692853,10.61399936411788
387.692854,10.614
387.891,10.71466773641877
387.89165,10.714997967807076
387.891651,10.71499847585554
387.891652,10.714998983904
387.891653,10.714999491952462
387.891654,10.715
388.0887,10.765998964729883
388.088700999,10.765999223547531
388.088702,10.765999482364707
388.088703,10.765999741182354
388.088704,10.766
388.0914,10.765319707292567
388.2862,10.71616502649495
388.28685,10.716001009336246
388.286851,10.71600075700207
388.286852,10.716000504668353
388.286853,10.716000252334176
388.286854,10.716
388.2914,10.71822651855597
388.48425,10.812679686947105
388.4849,10.8129980408981
388.484901,10.812998530673577
388.484902,10.81299902044905
388.484903,10.812999510224524
388.484904,10.813
388.68275,10.875998726307955
388.682751,10.875999044731111
388.682752,10.875999363154268
388.682753,10.875999681576843
388.682754,10.876
388.68295,10.875941640171328
388.88025,10.81719473126404
388.8809,10.817001191016768
388.880901,10.81700089326244
388.880902,10.817000595508114
388.880903,10.817000297754328
388.880904,10.817
389.07825,10.735270848484635
389.0789,10.735001656565464
389.078901,10.735001242423907
389.078902,10.735000828283107
389.078903,10.735000414141554
389.078904,10.735
389.27625,10.78184475757588
389.2769,10.781999050505162
389.276901,10.781999287878548
389.276902,10.781999525252363
389.276903,10.781999762626182
389.276904,10.782
389.27955,10.782988909090536
389.47425,10.855755575757088
389.4749,10.85599850505
389.474901,10.8559988787875
389.474902,10.855999252525
389.474903,10.8559996262625
389.474904,10.856
389.67225,10.72343930302996
389.6729,10.723002686868377
389.672901,10.723002015150977
389.672902,10.723001343433577
389.672903,10.72300067171618
389.672904,10.723
389.87025,10.587449212120855
389.8709,10.587002747474427
389.870901,10.587002060605508
389.870902,10.58700137373659
389.870903,10.58700068686892
389.870904,10.587
390.06825,10.345860227215397
390.06895,10.345004887654063
390.068951,10.345003665742215
390.068952,10.345002443828143
390.068953,10.345001221914073
390.068954,10.345
390.26625,10.28220814347041
390.2669,10.282001273048602
390.266901,10.282000954786886
390.266902,10.28200063652459
390.266903,10.282000318262297
390.266904,10.282
390.2696,10.281428265589588
390.46425,10.240149295632426
390.46495,10.24000084827054
390.464951,10.24000063620281
390.464952,10.240000424135076
390.464953,10.240000212067343
390.464954,10.24
390.66295,10.101596962534495
390.6638,10.101002796077122
390.663801,10.101002097057524
390.663802,10.101001398039196
390.663803,10.1010006990196
390.663804,10.101
390.8603,9.642525944710949
390.86095,9.641009332994097
390.860951,9.641006999744512
390.860952,9.641004666499173
390.860953,9.641002333249585
390.860954,9.641
391.0583,9.311925297947226
391.06065,9.308006670007265
391.060651,9.30800500250545
391.060652,9.308003335003631
391.060653,9.308001667501816
391.060654,9.308
391.2563,8.875776207688988
391.2571,8.874008836853134
391.257101,8.874006627642865
391.257102,8.874004418428576
391.257103,8.87400220921429
391.257104,8.874
391.25975,8.870710053071756
391.4543,8.628813161487594
391.45495,8.62800497346643
391.454951,8.628003730099822
391.454952,8.628002486733214
391.454953,8.628001243366608
391.454954,8.628
391.6523,8.052592558137665
391.6549,8.045011662914373
391.654901,8.045008747184454
391.654902,8.045005831454535
391.654903,8.045002915724616
391.654904,8.045
391.8503,7.746000765110152
391.85095,7.745006120886817
391.850951,7.745004590664418
391.850952,7.745003060442017
391.850953,7.7450015302224
391.850954,7.745
392.0483,7.31254272153505
392.049,7.311008765466235
392.049001,7.311006574099675
392.049002,7.311004382733117
392.049003,7.311002191366558
392.049004,7.311
392.2463,6.910631539625103
392.2471,6.909008117111626
392.247101,6.909006087832797
392.247102,6.909004058557659
392.247103,6.909002029278829
392.247104,6.909
392.24985,6.904797787878618
392.4443,6.607230363638126
392.4451,6.60600612121141
392.445101,6.606004590910645
392.445102,6.6060030606070965
392.445103,6.606001530303549
392.445104,6.606
392.64235,6.474569045936324
392.6432,6.474002665320236
392.643201,6.474001998989873
392.643202,6.474001332660724
392.643203,6.474000666330362
392.643204,6.474
392.84035,6.399323484848443
392.8412,6.39900151515134
392.841201,6.399001136364021
392.841202,6.399000757576014
392.841203,6.399000378788007
392.841204,6.399
393.03835,6.348155772439674
393.03895,6.348001031605443
393.038951,6.348000773703965
393.038952,6.348000515802487
393.038953,6.348000257901478
393.038954,6.348
393.2363,6.029298410294155
393.2371,6.028006459751962
393.237101,6.028004844813237
393.237102,6.02800322987745
393.237103,6.028001614938725
393.237104,6.0280000000000005
393.23985,6.028041543116492
393.4346,6.030987836611205
393.4354,6.030999939485635
393.435401,6.0309999546142325
393.435402,6.030999969742803
393.435403,6.030999984871402
393.435404,6.031
393.63235,5.681603760425351
393.63325,5.680007096284239
393.633251,5.6800053222156
393.633252,5.680003548143733
393.633253,5.680001774071866
393.633254,5.68
393.83035,5.394310343434988
393.83125,5.39300579798176
393.831251,5.39300434848632
393.831252,5.39300289899088
393.831253,5.39300144949544
393.831254,5.393
394.0284,5.109229242424094
394.02925,5.108005757575089
394.029251,5.108004318180663
394.029252,5.108002878786236
394.029253,5.108001439391809
394.029254,5.1080000000000005
394.22635,4.957613461343602
394.22715,4.957003052046133
394.227151,4.957002289035641
394.227152,4.9570015260237605
394.227153,4.95700076301188
394.227154,4.957
394.2298,4.959031272726505
394.42435,5.108382787877903
394.42515,5.10899692929189
394.425151,5.108997696968918
394.425152,5.1089984646459445
394.425153,5.108999232322972
394.425154,5.109
394.62235,5.242287586380631
394.6234,5.242997296343316
394.623401,5.242997972257794
394.623402,5.242998648171043
394.623403,5.242999324085522
394.623404,5.243
394.82035,5.048890978014084
394.82125,5.048003942381926
394.821251,5.048002956786444
394.821252,5.048001971190963
394.821253,5.048000985595482
394.821254,5.048
395.01835,4.958410909091112
395.01925,4.958001818182434
395.019251,4.958001363636826
395.019252,4.958000909091217
395.019253,4.958000454545608
395.019254,4.958
395.21635,5.121333724103631
395.21715,5.121996685194928
395.217151,5.121997513896573
395.217152,5.12199834259671
395.217153,5.121999171298355
395.217154,5.122
395.21985,5.122585494949398
395.41435,5.164825393939144
395.41515,5.164999131313232
395.415151,5.164999348484628
395.415152,5.1649995656564185
395.415153,5.164999782828209
395.415154,5.165
395.6124,5.154055707440087
395.6134,5.154000221941967
395.613401,5.154000166456449
395.613402,5.154000110971034
395.613403,5.1540000554855165
395.613404,5.154
395.8104,5.264520879454194
395.81125,5.264997755875924
395.811251,5.264998316906177
395.811252,5.264998877937452
395.811253,5.264999438968726
395.811254,5.265
396.0084,5.394439292929366
396.00925,5.394997373736485
396.009251,5.394998030302364
396.009252,5.3949986868682425
396.009253,5.3949993434341215
396.009254,5.3950000000000005
396.20645,6.162094429869814
396.20745,6.165984439961445
396.207451,6.165988329972853
396.207452,6.165992219984261
396.207453,6.165996109988592
396.207454,6.166
396.21005,6.1685730265489225
396.4044,6.36120311504311
396.4052,6.361996035396888
396.405201,6.361997026547666
396.405202,6.361998017698444
396.405203,6.361999008849222
396.405204,6.362
396.6024,6.469452916246355
396.6034,6.469997820383704
396.603401,6.469998365288026
396.603401999,6.469998910192348
396.603403,6.469999455095678
396.603404,6.47
396.8004,6.560538565656686
396.8014,6.560998161616375
396.801401,6.56099862121249
396.801402,6.560999080807769
396.801403,6.560999540403885
396.801404,6.561
396.9984,6.860625042953068
396.9993,6.86199391611996
396.999301,6.861995437090661
396.999302,6.861996958061363
396.999303,6.8619984790320645
396.999304,6.862
397.1964,6.923685774861266
397.1974,6.923998748106594
397.197401,6.923999061079945
397.197402,6.923999374053297
397.197403,6.923999687026648
397.197404,6.924
397.2,6.927185195658005
397.3944,7.165706781115512
397.39545,7.166995092149017
397.395451,7.166996319112321
397.395452,7.166997546075624
397.395453,7.166998773036696
397.395454,7.167
397.59245,7.373528064515563
397.593849999,7.374995806450193
397.593851,7.3749968548376446
397.593852,7.374997903225097
397.593853,7.374998951612548
397.593853999,7.375
397.79045,7.426735789473753
397.79145,7.426998947368544
397.791451,7.426999210526049
397.791452,7.426999473684033
397.791453,7.426999736842017
397.791454,7.427
397.98845,7.630960505050778
397.98945,7.631995858584457
397.989451,7.631996893938343
397.989452,7.631997929292229
397.989453,7.631998964646114
397.989454,7.632000000000001
398.18645,7.599167333333593
398.18745,7.599000666666893
398.187451,7.5990005000001695
398.187452,7.599000333333446
398.187453,7.599000166666723
398.187454,7.599
398.19005,7.598934494070187
398.38445,7.594029119354015
398.3856,7.594000100933624
398.385601,7.594000075700207
398.385602,7.594000050466789
398.385603,7.594000025233372
398.385604,7.594
398.58245,7.653695526914409
398.58345,7.653998786959959
398.583451,7.653999090220107
398.583452,7.653999393480255
398.583452999,7.653999696739851
398.583454,7.654
398.78045,7.785330666666843
398.78145,7.785997333333643
398.781451,7.785998000000536
398.781452,7.785998666666216
398.781453,7.785999333333108
398.781454,7.786
398.97845,7.748202231759713
398.9795,7.748000767483218
398.979501,7.748000575612414
398.979502,7.748000383741609
398.979503,7.748000191870805
398.979504,7.748
399.17645,7.499330808078894
399.1775,7.498005050504464
399.177501,7.498003787877773
399.177502,7.498002525251084
399.177503,7.498001262624394
399.177504,7.498
399.1801,7.49818381084842
399.3745,7.511948382855017
399.57295,7.525999716778386
399.572950999,7.525999787583822
399.572952,7.525999858389257
399.572953,7.525999929194693
399.572954,7.526
399.575649999,7.52508137304345
399.77045,7.45870580514886
399.96915,7.391001362947848
399.969151,7.39100102221135
399.969152,7.3910006814742335
399.969153,7.391000340737117
399.969154,7.391
399.97315,7.385681437247668
400.16675,7.128005323886021
400.166751,7.128003992913911
400.166752,7.128002661944221
400.166753,7.12800133097211
400.166754,7.128
400.1696,7.125858313131762
400.36475,6.97900301010066
400.364751,6.979002257576522
400.364752,6.979001505051015
400.364753,6.979000752525508
400.364754,6.979
400.3679,6.979158688524546
400.36955,6.979241916771716
400.563,6.988999798234576
400.563001,6.988999848675955
400.563002,6.988999899117333
400.563003,6.988999949558621
400.563004,6.989
400.5656,6.987280273071894
400.76075,6.858002649811264
400.760751,6.858001987358448
400.760752,6.858001324905632
400.760753,6.858000662452817
400.760754,6.8580000000000005
400.7636,6.8569794646466695
400.95875,6.787001434343267
400.958751,6.787001075757288
400.958752,6.787000717171308
400.958753,6.787000358585328
400.958754,6.787
400.96345,6.782873212121247
401.15675,6.613003515151108
401.156751,6.613002636362931
401.156752,6.613001757574755
401.156753,6.613000878788177
401.156754,6.613
401.1596,6.611232030303401
401.35475,6.490002484848196
401.354751,6.4900018636358645
401.354752,6.490001242424663
401.354753,6.490000621212332
401.354754,6.49
401.3593,6.489151566204264
401.3596,6.489095576292592
401.553,6.45300074653207
401.553001,6.453000559898968
401.553002,6.453000373265866
401.553003,6.453000186633102
401.553004,6.453
401.5556,6.450797333333111
401.751,6.285003393938999
401.751001,6.285002545453864
401.751002,6.285001696970272
401.751003,6.285000848485136
401.751004,6.285
401.7536,6.282382513167536
401.95035,6.0840040331089655
401.950351,6.084003024831724
401.950352,6.084002016554483
401.950353,6.084001008277242
401.950354,6.0840000000000005
401.95315,6.081338498346721
402.1468,5.897003807584185
402.146801,5.897002855687706
402.146802,5.897001903792958
402.146803,5.897000951896479
402.146804,5.897
402.1496,5.893868254287857
402.345,5.675004480324422
402.345001,5.675003360243317
402.345002,5.675002240162211
402.345003,5.675001120081106
402.345004,5.675
402.3477,5.6715832062615865
402.34785,5.671393102752563
402.54305,5.424005069426324
402.543051,5.424003802069167
402.543052,5.424002534714314
402.543053,5.424001267357157
402.543054,5.424
402.5457,5.419588886080968
402.741,5.094006668349819
402.741001,5.094005001261606
402.741002,5.094003334173394
402.741003,5.094001667088213
402.741004,5.094
402.7437,5.088594418136915
402.9395,4.6960080201502015
402.939501,4.696006015111739
402.939502,4.696004010076924
402.939503,4.696002005038462
402.939504,4.696
402.9424,4.687662807906836
403.1368,4.128011515457354
403.136801,4.128008636591707
403.136802,4.128005757731295
403.136802999,4.128002878865647
403.136803999,4.128
403.1397,4.124563821015618
403.3357,3.892004746103018
403.335701,3.892003559576724
403.335702,3.89200237305043
403.335703,3.892001186524136
403.335704,3.892
403.3384,3.8904289840377095
403.338549999,3.8903415758797033
403.53305,3.777002330883945
403.533051,3.777001748162694
403.533052,3.7770011654414426
403.533053,3.7770005827212514
403.533054,3.777
403.5358,3.775113858585782
403.73105,3.641002747474429
403.731051,3.641002060605509
403.731052,3.641001373737839
403.731053,3.64100068686892
403.731054,3.641
403.73375,3.637813818182344
403.92905,3.4070047272721777
403.929051,3.407003545455746
403.929052,3.407002363637164
403.929053,3.4070011818185817
403.929054,3.407
403.93175,3.4066047320526427
404.12685,3.3780005864508924
404.126851,3.3780004398383694
404.126852,3.3780002932255795
404.126853,3.37800014661279
404.126854,3.378
404.12975,3.37310514631693
404.32505,3.0430067608499174
404.325051,3.043005070637438
404.325052,3.0430033804249588
404.325053,3.0430016902124795
404.325054,3.043
404.3277,3.039741741106423
404.327899999,3.0394954630337554
404.5226,2.7997437597766344
404.5232,2.799004925560871
404.523201,2.7990036941700933
404.523202,2.7990024627793155
404.523203,2.7990012313885377
404.523204,2.799
404.72105,2.77900040434668
404.721051,2.779000303259964
404.721052,2.7790002021732483
404.721053,2.779000101086716
404.721054,2.779
404.72375,2.776235919192375
404.91905,2.5760041010096244
404.919051,2.576003075756752
404.919052,2.576002050505745
404.919053,2.5760010252528724
404.919054,2.576
404.92175,2.572742446916608
405.11685,2.337004833164252
405.116851,2.337003624872639
405.116852,2.337002416583225
405.116853,2.3370012082916123
405.116854,2.337
405.11975,2.333507850655959
405.31505,2.098004823412329
405.315051,2.0980036175592467
405.315052,2.0980024117061644
405.315053,2.098001205853082
405.315054,2.098
405.3177,2.09710553985906
405.3179,2.0970379313826366
405.5126,2.0312210797172847
405.51325,2.0310013521693686
405.513251,2.031001014126873
405.513252,2.031000676084377
405.513253,2.031000338042496
405.513254,2.031
405.7106,1.7404655783678218
405.71295,1.7370058888352435
405.712951,1.737004416626433
405.712952,1.7370029444176218
405.712953,1.737001472208811
405.712954,1.737
405.9091,1.5430039561555433
405.909101,1.5430029671180068
405.909102,1.5430019780786712
405.909103,1.5430009890393357
405.909104,1.543
405.9118,1.543299555555506
406.1071,1.564999555555405
406.107101,1.5649996666665538
406.107102,1.5649997777777025
406.107103,1.5649998888888512
406.107104,1.565
406.10735,1.56488818181836
406.3051,1.475001818181607
406.305101,1.4750013636359989
406.305102,1.4750009090903902
406.305103,1.4750004545447817
406.305104,1.475
406.30965,1.467360242240534
406.3098,1.4671081604845435
406.5026,1.1430990764563642
406.50325,1.1420067221793857
406.503251,1.1420050416337748
406.503252,1.1420033610881644
406.503253,1.142001680542554
406.503254,1.142
406.7006,0.9566143636358796
406.70125,0.956003757575321
406.701251,0.9560028181810636
406.701252,0.956001878786806
406.701253,0.9560009393942576
406.701254,0.956
406.90075,0.836002406014758
406.900751,0.8360018045118891
406.900752,0.836001203007926
406.900753,0.8360006015039629
406.900754,0.836
406.9035,0.8295437557249195
407.0966,0.3755376488537524
407.09725,0.3740094045790597
407.097251,0.3740070534375023
407.097252,0.3740047022916682
407.097253,0.3740023511458341
407.097254,0.374
407.2951,0.1200051352051753
407.295101,0.1200038514038815
407.295102,0.1200025676025877
407.295103,0.1200012838012938
407.295104,0.12
407.2978,0.1187757820385382
407.29795,0.1187076690214522
407.49265,0.0302969727545612
407.4933,0.030001816346913
407.493301,0.0300013622599782
407.493302,0.0300009081730435
407.493303,0.0300004540869347
407.493304,0.03
407.69065,0.0608976060606867
407.6913,0.0609993737374465
407.691301,0.060999530303156
407.691302,0.0609996868685808
407.691303,0.0609998434342904
407.691304,0.061
407.88865,0.1005284927394319
407.891,0.1009991987982904
407.891001,0.1009993990988089
407.891002,0.1009995993993273
407.891003,0.1009997996998458
407.891004,0.101
408.08665,0.0212665308207029
408.0873,0.0210016301584734
408.087301,0.021001222618855
408.087302,0.0210008150792367
408.087303,0.0210004075396183
408.087304,0.021
408.28465,0.0788084242425734
408.2853,0.0789988282829644
408.285301,0.0789991212123565
408.285302,0.0789994141417486
408.285303,0.0789997070711407
408.285304,0.079
408.2898,0.0779327676764414
408.48265,0.03215524242412
408.4833,0.0320009494948391
408.483301,0.0320007121210214
408.483302,0.0320004747472036
408.483303,0.0320002373738177
408.483304,0.032
408.68065,0.1067522727274679
408.6813,0.1069984848486609
408.681301,0.1069988636366679
408.681302,0.1069992424239859
408.681303,0.1069996212119929
408.681304,0.107
408.87865,0.0611519393938196
408.8793,0.0610009292928213
408.879301,0.0610006969699329
408.879302,0.0610004646466219
408.879303,0.0610002323233109
408.879304,0.061
409.07715,0.0570000808693728
409.077151,0.0570000606520296
409.077152,0.0570000404346864
409.077153,0.0570000202173432
409.077154,0.057
409.07735,0.0569930776993271
409.2747,0.0500230978809103
409.27535,0.0500001412714265
409.275351,0.0500001059535538
409.275352,0.0500000706356811
409.275353,0.0500000353178727
409.275354,0.05
409.2779,0.0519268415739417
409.4727,0.1993536831484205
409.47355,0.1999969727551449
409.473551,0.1999977295653262
409.473552,0.1999984863768841
409.473553,0.1999992431884421
409.473554,0.2
409.6707,0.0774066835183861
409.67135,0.0770024873606816
409.671351,0.0770018655213595
409.671352,0.0770012436809063
409.671353,0.0770006218404532
409.671354,0.077
409.8687,0.090957282141902
409.8693,0.0909997171003107
409.869301,0.0909997878252652
409.869302,0.090999858550091
409.869303,0.0909999292750455
409.869304,0.091
410.0667,0.0521484027253256
410.06745,0.0520007872822703
410.067451,0.0520005904616132
410.067452,0.0520003936413141
410.067453,0.052000196820657
410.067454,0.052
410.2647,0.0749239919151681
410.26535,0.0749995351188008
410.265351,0.0749996513391535
410.265352,0.0749997675595061
410.265353,0.0749998837798587
410.265354,0.075
410.26795,0.0748297275479144
410.4627,0.0620560141271368
410.46355,0.0620002623612207
410.463551,0.0620001967708857
410.463552,0.06200013118067
410.463553,0.062000065590335
410.463554,0.062
410.6607,0.2583486450965686
410.66135,0.2589960161784205
410.661351,0.2589970121342683
410.661352,0.2589980080883044
410.661353,0.2589990040441522
410.661354,0.259
410.8587,0.1154756363632615
410.85935,0.115002909090571
410.859351,0.1150021818189204
410.859352,0.1150014545459469
410.859353,0.1150007272729734
410.859354,0.115
411.0567,0.0592272218019911
411.0575,0.0590011304565933
411.057501,0.0590008478428305
411.057502,0.0590005652285537
411.057503,0.0590002826142768
411.057504,0.059
411.25565,0.05202302816906
411.2563,0.0520001408451181
411.256301,0.0520001056338385
411.256302,0.052000070422559
411.256303,0.0520000352112795
411.256304,0.052
411.259,0.0519180131779149
411.4527,0.046027491130272
411.4536,0.0460001216421551
411.453601,0.0460000912316578
411.453602,0.0460000608211052
411.453603,0.0460000304105526
411.453604,0.046
411.6507,0.1704292929290122
411.6516,0.1709974747466198
411.651601,0.1709981060599649
411.651602,0.1709987373733099
411.651603,0.1709993686866549
411.651604,0.171
411.8487,0.1869430535894809
411.8494,0.1869996764407398
411.849401,0.1869997573305548
411.849402,0.1869998382203699
411.849403,0.1869999191101849
411.849404,0.187
412.0467,0.0714124444444681
412.0474,0.0710023434351367
412.047401,0.0710017575763525
412.047402,0.0710011717175684
412.047403,0.0710005858587842
412.047404,0.071
412.24475,0.007243594144565
412.2455,0.0070012922770654
412.245501,0.007000969207799
412.245502,0.0070006461385327
412.245503,0.0070003230692663
412.245504,0.007
412.2481,0.0088870469461846
412.44275,0.1503792226149195
412.4436,0.1509970923779249
412.443601,0.150997819282452
412.443602,0.1509985461883013
412.443603,0.1509992730941506
412.443604,0.151
412.64075,0.0912738702343745
412.64165,0.0910012118150573
412.641651,0.0910009088611552
412.641652,0.0910006059072531
412.641653,0.091000302953351
412.641654,0.091
412.83875,0.1089404702908183
412.8394,0.1089996359039614
412.839401,0.1089997269278468
412.839402,0.1089998179518979
412.839403,0.1089999089759489
412.839404,0.109
413.03675,0.2195496139281961
413.03755,0.2199977592725192
413.037551,0.2199983194543894
413.037552,0.2199988796362596
413.037553,0.2199994398181298
413.037554,0.22
413.23475,0.0307715151526206
413.23555,0.0300038383851378
413.235551,0.0300028787888533
413.235552,0.0300019191925689
413.235553,0.0300009595962844
413.235554,0.03
413.2382,0.0309478607463688
413.43275,0.1006403430878816
413.43375,0.1009985671041019
413.433751,0.1009989253282393
413.433752,0.1009992835523767
413.433753,0.1009996417758626
413.433754,0.101
413.63075,0.0581964224356694
413.63165,0.0580008691261153
413.631651,0.0580006518445865
413.631652,0.0580004345630576
413.631653,0.0580002172815288
413.631654,0.058
413.82875,0.189397333334244
413.82965,0.1899973333336432
413.829651,0.1899980000005355
413.829652,0.1899986666674279
413.829653,0.1899993333343203
413.829654,0.19
414.02765,0.2358139637828503
414.02845,0.2359990744467876
414.028451,0.2359993058351959
414.028452,0.2359995372236042
414.028453,0.2359997686120126
414.028454,0.236
414.2248,0.2071109386099299
414.22555,0.2070005885339384
414.225551,0.2070004414004538
414.225552,0.2070002942669692
414.225553,0.2070001471334846
414.225554,0.207
414.22825,0.205871283732842
414.4228,0.1244203379570166
414.4238,0.124001674653021
414.423801,0.1240012559895753
414.423802,0.1240008373268912
414.423803,0.1240004186634456
414.423804,0.124
414.6208,0.1528748243619067
414.62165,0.1529994136970469
414.621651,0.1529995602727851
414.621652,0.1529997068485234
414.621653,0.1529998534242617
414.621654,0.153
414.8188,0.0454658181827497
414.81965,0.0450021818189204
414.819651,0.0450016363641903
414.819652,0.0450010909094602
414.819653,0.0450005454547301
414.819654,0.045
415.0184,0.1516490571717896
415.01905,0.1519978535609314
415.019051,0.1519983901699665
415.019052,0.1519989267799776
415.019053,0.1519994633899888
415.019054,0.152
415.2148,0.0623453435117239
415.21555,0.0620018320608558
415.215551,0.0620013740462666
415.215552,0.0620009160308444
415.215553,0.0620004580154222
415.215554,0.062
415.21825,0.0628159394702346
415.4128,0.1216961412358915
415.4138,0.1219987894074546
415.413801,0.1219990920557286
415.413802,0.121999394703452
415.413803,0.121999697351726
415.413804,0.122
415.6108,0.0394208686867585
415.6118,0.0390016767674819
415.611801,0.0390012575761833
415.611802,0.0390008383841222
415.611803,0.0390004191920611
415.611804,0.039
415.8088,0.1791825707851259
415.81135,0.1809971535959208
415.811351,0.1809978651972642
415.811352,0.1809985767986076
415.811353,0.1809992883986566
415.811354,0.181
416.0068,0.046724122137607
416.00785,0.0460027480912836
416.007851,0.0460020610681503
416.007852,0.0460013740450169
416.007853,0.0460006870231333
416.007854,0.046
416.204849999,0.0699084905182592
416.205599999,0.0699995145383944
416.205600999,0.0699996359037958
416.205602,0.0699997572691972
416.205603,0.0699998786345986
416.205604,0.07
416.2083,0.0691704615385947
416.40285,0.0093089230768435
416.40385,0.0090012307690877
416.403851,0.0090009230772355
416.403852,0.0090006153848237
416.403853,0.0090003076924118
416.403854,0.009
416.601749999,0.0428283760684202
416.602749999,0.0429993162393957
416.602751,0.0429994871796245
416.602752,0.0429996581198533
416.602753,0.0429998290597711
416.602753999,0.043
416.7988,0.082816400101827
416.7997,0.0829991876111632
416.799701,0.0829993907084647
416.799702,0.0829995938057663
416.799703,0.0829997969030678
416.799704,0.083
416.99685,0.0750405349482609
416.99785,0.075000161493799
416.997851,0.0750001211203309
416.997852,0.0750000807468628
416.997853,0.0750000403733946
416.997854,0.075
417.19485,0.2361785454547604
417.19585,0.2369967272731076
417.195851,0.2369975454552028
417.195852,0.2369983636372979
417.195853,0.2369991818179048
417.195854,0.237
417.19845,0.2373015555555861
417.39285,0.2598833737374043
417.39385,0.2599995353535894
417.393851,0.2599996515152448
417.393852,0.259999767676689
417.393853,0.2599998838383445
417.393854,0.26
417.59085,0.1475729898988399
417.591849999,0.1470022828280175
417.591851,0.1470017121217917
417.591852,0.1470011414145278
417.591853,0.1470005707072639
417.591853999,0.147
417.78885,0.0425587982824563
417.7899,0.0420021206763503
417.789901,0.0420015905070217
417.789902,0.042001060337693
417.789903,0.0420005301683643
417.789904,0.042
417.98685,0.0360274147081256
417.98775,0.0360001213040041
417.987751,0.0360000909779892
417.987752,0.0360000606520296
417.987753,0.0360000303260148
417.987754,0.036
418.18485,0.0668351047186015
418.1859,0.0669993742115287
418.185901,0.0669995306587176
418.185902,0.066999687105622
418.185903,0.066999843552811
418.185904,0.067
418.1884,0.0670378181818053
418.38285,0.0699840303030258
418.3839,0.0699999393939464
418.383901,0.0699999545454391
418.383902,0.0699999696969594
418.383903,0.0699999848484797
418.383904,0.07
418.58085,0.0799492801212558
418.58185,0.0799997979287933
418.581850999,0.079999848446618
418.581852,0.0799998989643507
418.581853,0.0799999494821753
418.581854,0.08
418.77885,0.1426647210305262
418.7799,0.1429987275941898
418.779901,0.142999045695787
418.779902,0.1429993637973842
418.779903,0.1429996818989814
418.779904,0.143
418.97845,0.0654507361039928
418.9796,0.0650015623433337
418.979601,0.0650011717580331
418.979602,0.0650007811720221
418.979603,0.065000390586011
418.979604,0.065
419.1749,0.2092583800307568
419.1759,0.2099970453391105
419.175901,0.2099977840046688
419.175902,0.2099985226688834
419.175903,0.2099992613344417
419.175904,0.21
419.1784,0.2099684250474259
419.3729,0.2075079569892373
419.57115,0.2050000506008796
419.571151,0.205000037950654
419.571152,0.2050000253004283
419.571153,0.2050000126502026
419.571154,0.205
419.5739,0.2041124040403681
419.76915,0.1410012929291426
419.769151,0.14100096969671
419.769152,0.1410006464642773
419.769153,0.1410003232324326
419.769154,0.141
419.7738,0.1393340101012239
419.96715,0.0700014343432676
419.967151,0.0700010757572876
419.967152,0.0700007171719599
419.967153,0.0700003585859799
419.967154,0.07
419.9699,0.0693065656565375
420.16515,0.0200010101008927
420.165151,0.020000757576014
420.165152,0.020000505050676
420.165153,0.020000252525338
420.165154,0.02
420.1679,0.0205547474747699
420.36315,0.0599991919189183
420.363151,0.0599993939391887
420.363152,0.0599995959594591
420.363153,0.0599997979797295
420.363154,0.06
420.36575,0.05947568795753
420.36605,0.0594150971976817
420.5612,0.0200008078767049
420.561201,0.0200006059074368
420.561202,0.0200004039381687
420.561203,0.020000201969268
420.561204,0.02
420.5639,0.0210756767674993
420.7592,0.0989984040405895
420.759201,0.0989988030306235
420.759202,0.0989992020199318
420.759203,0.0989996010099659
420.759204,0.099
420.76385,0.0989765353535383
420.9572,0.0980000202020178
420.957201,0.0980000151515202
420.957202,0.0980000101010135
420.957203,0.0980000050505067
420.957204,0.098
420.95995,0.09743195761854
421.1554,0.057000827446927
421.155401,0.0570006205851012
421.155402,0.0570004137232753
421.155403,0.0570002068614495
421.155404,0.057
421.1579,0.057113569261925
421.3532,0.0659998179979989
421.353201,0.0659998634985198
421.353202,0.0659999089990408
421.353203,0.0659999544995618
421.353204,0.066
421.35575,0.0656017860744341
421.35605,0.0655548637737753
421.5514,0.0350006256306033
421.551401,0.0350004692228814
421.551402,0.0350003128154439
421.551403,0.0350001564077219
421.551404,0.035
421.5539,0.0354290394339391
421.7492,0.0689993124368847
421.749201,0.0689994843277417
421.749202,0.068999656218286
421.749203,0.068999828109143
421.749204,0.069
421.75195,0.0688197070706997
421.9472,0.0560002626262321
421.947201,0.0560001969697636
421.947202,0.0560001313131757
421.947203,0.0560000656565878
421.947204,0.056
421.94995,0.055473521695237
422.1454,0.0180007669023786
422.145401,0.018000575176784
422.145402,0.0180003834511893
422.145403,0.0180001917255946
422.145404,0.018
422.14795,0.018167288349742
422.34325,0.0309997371746577
422.343251,0.0309998028810232
422.343252,0.0309998685873886
422.343253,0.0309999342936345
422.343254,0.031
422.3458,0.0313853683147883
422.3461,0.0314307769931206
422.54145,0.0609993945510289
422.541451,0.0609995459130652
422.541452,0.0609996972753768
422.541453,0.0609998486376884
422.541454,0.061
422.54395,0.0619832727269383
422.73945,0.1389984242418908
422.739451,0.1389988181814181
422.739452,0.1389992121209454
422.739453,0.1389996060604727
422.739454,0.139
422.74195,0.1386844500633169
422.9372,0.1140005056889425
422.937201,0.1140003792666493
422.937202,0.1140002528445862
422.937203,0.1140001264222931
422.937204,0.114
422.93995,0.1132520353089198
423.13545,0.0600010895332907
423.135451,0.0600008171498442
423.135452,0.0600005447663976
423.135453,0.0600002723829511
423.135454,0.06
423.13795,0.0594957575755615
423.333449999,0.0200008080807141
423.333451,0.0200006060604437
423.333451999,0.0200004040401733
423.333453,0.0200002020202704
423.333454,0.02
423.335949999,0.020302545454663
423.3361,0.0203207272728264
423.53145,0.0439995151515714
423.531451,0.0439996363637337
423.531452,0.0439997575756755
423.531453,0.0439998787878377
423.531454,0.044
423.534,0.0451701313129966
423.72945,0.1349981616163753
423.729451,0.1349986212116544
423.729452,0.1349990808077696
423.729453,0.1349995404038848
423.729454,0.135
423.732,0.1345881092012599
423.92725,0.1030006471182261
423.927251,0.1030004853388903
423.927252,0.1030003235592602
423.927253,0.1030001617796301
423.927254,0.103
423.93195,0.1025736292559917
424.1255,0.0850003631777636
424.125501,0.0850002723832814
424.125502,0.0850001815887992
424.125503,0.0850000907944821
424.125504,0.085
424.128,0.0847226666665588
424.3235,0.0630004444443927
424.323501,0.063000333333244
424.323502,0.0630002222222974
424.323503,0.0630001111111487
424.323504,0.063
424.326,0.0629621818181946
424.32615,0.0629599090908966
424.5215,0.0600000606060535
424.521501,0.0600000454545608
424.521502,0.0600000303030405
424.521503,0.0600000151515202
424.521504,0.06
424.524,0.0595966060607432
424.7195,0.0280006464648653
424.719501,0.0280004848486489
424.719502,0.0280003232324326
424.719503,0.0280001616162163
424.719504,0.028
424.722,0.0288556995207643
424.91785,0.0959986286868243
424.917851,0.0959989715152741
424.917852,0.0959993143437239
424.917853,0.0959996571721737
424.917854,0.096
424.9204,0.0953300000000805
425.11545,0.0440010526319352
425.115451,0.0440007894739514
425.115452,0.0440005263159676
425.115453,0.0440002631579838
425.115454,0.044
425.118,0.0443856601867795
425.3135,0.0739993940924713
425.313501,0.0739995455694223
425.313502,0.0739996970460978
425.313503,0.0739998485230489
425.313504,0.074
425.316,0.074
425.31615,0.074
425.511,0.074
425.51165,0.074
425.511651,0.074
425.511652,0.074
425.511653,0.074
425.511654,0.074
425.7095,0.1219990295679672
425.709501,0.1219992721756444
425.709502,0.1219995147837629
425.709503,0.1219997573918814
425.709504,0.122
425.7121,0.1207416510980721
425.90755,0.0260019389040917
425.907551,0.0260014541778484
425.907552,0.026000969451605
425.907553,0.0260004847262433
425.907554,0.026
425.912,0.0268981818183471
426.105549999,0.0659991919192858
426.105551,0.0659993939395562
426.105552,0.0659995959594591
426.105553,0.0659997979797296
426.105554,0.066
426.1081,0.0662186511745144
426.3035,0.0829996564789487
426.303501,0.0829997423592506
426.303502,0.0829998282395524
426.303503,0.0829999141196981
426.303504,0.083
426.3061,0.0822008276557348
426.30625,0.08215465051725
426.50105,0.0221859399441568
426.50165,0.0220012313902177
426.501651,0.0220009235425233
426.501652,0.0220006156948288
426.501653,0.0220003078476944
426.501654,0.022
426.69905,0.0568053400502282
426.70015,0.0569992947104094
426.700151,0.0569994710325665
426.700152,0.0569996473550443
426.700153,0.0569998236775221
426.700154,0.057
426.89755,0.0310005268489762
426.897551,0.0310003951366723
426.897552,0.0310002634243683
426.897553,0.0310001317120643
426.897554,0.031
426.90015,0.0325983446885303
427.09505,0.152597335352323
427.0957,0.1529975372195645
427.095701,0.1529981529149534
427.095702,0.1529987686103422
427.095703,0.1529993843046111
427.095704,0.153
427.29355,0.0700016780387233
427.293551,0.0700012585288517
427.293552,0.0700008390197432
427.293553,0.0700004195098716
427.293554,0.07
427.29615,0.0694389143000176
427.2963,0.0694064940939683
427.4919,0.0271305453633184
427.4925,0.0270008645387283
427.492501,0.0270006484039479
427.492502,0.0270004322695607
427.492503,0.0270002161347803
427.492504,0.027
427.68905,0.0648739756589781
427.6897,0.0649992292090145
427.689701,0.064999421906498
427.689702,0.064999614604332
427.689703,0.064999807302166
427.689704,0.065
427.88755,0.0230008491284148
427.887551,0.0230006368463111
427.887552,0.0230004245642074
427.887553,0.0230002122821037
427.887554,0.023
427.89015,0.0236157557402375
428.0851,0.0698567347971237
428.0857,0.0699990512239306
428.085701,0.0699992884180558
428.085702,0.069999525612181
428.085703,0.0699997628063062
428.085704,0.07
428.28355,0.0520003639120123
428.283551,0.0520002729339678
428.283552,0.0520001819559234
428.283553,0.0520000909780444
428.283554,0.052
428.28615,0.0520786071158293
428.2863,0.0520831491294508
428.48105,0.057980196820606
428.4817,0.0579998788796507
428.481701,0.0579999091597518
428.481702,0.0579999394397978
428.481703,0.0579999697198989
428.481704,0.058
428.67905,0.0300924848484119
428.6797,0.0300005656564999
428.679701,0.0300004242425678
428.679702,0.0300002828283785
428.679703,0.0300001414141892
428.679704,0.03
428.87705,0.0060853117899574
428.87775,0.0060004847260229
428.877751,0.0060003635444621
428.877752,0.0060002423629012
428.877753,0.0060001211813404
428.877754,0.006
429.0751,0.0109834848484978
429.07575,0.0109998989899107
429.075751,0.0109999242424445
429.075752,0.0109999494949783
429.075753,0.0109999747474661
429.075754,0.011
429.2731,0.0558513636364807
429.27375,0.0559990909091965
429.273751,0.0559993181820007
429.273752,0.0559995454543915
429.273753,0.0559997727271957
429.273754,0.056
429.27635,0.0563380716253783
429.47275,0.0819148309542369
429.4734,0.0819994790884652
429.473401,0.0819996093161712
429.473402,0.0819997395441141
429.473403,0.081999869772057
429.473404,0.082
429.6707,0.0829964444444442
429.6714,0.0829999797979729
429.671401,0.0829999848484797
429.671402,0.0829999898989864
429.671403,0.0829999949494932
429.671404,0.083
429.8671,0.0730333078686684
429.86775,0.0730002037179197
429.867751,0.0730001527884398
429.867752,0.0730001018589598
429.867753,0.0730000509294799
429.867754,0.073
430.0651,0.0500759696969105
430.06575,0.0500004646464106
430.065751,0.0500003484847551
430.065752,0.0500002323230996
430.065753,0.0500001161614441
430.065754,0.05
430.2631,0.098838151515279
430.26375,0.0989990101011251
430.263751,0.0989992575759564
430.263752,0.0989995050507876
430.263753,0.0989997525251687
430.263754,0.099
430.26635,0.0981357578813715
430.4611,0.0333009533412839
430.462,0.0330013316517998
430.462001,0.0330009987386984
430.462002,0.0330006658255971
430.462003,0.0330003329124957
430.462004,0.033
430.6591,0.1176974721941202
430.6598,0.1179982810914302
430.659801,0.1179987108185726
430.659802,0.1179991405457151
430.659803,0.1179995702728575
430.659804,0.118
430.8571,0.1269634729933852
430.8579,0.1269998182735376
430.857901,0.1269998637051532
430.857902,0.1269999091367688
430.857903,0.1269999545683844
430.857904,0.127
431.05515,0.1001096086845853
431.05595,0.1000005453167758
431.055951,0.1000004089875198
431.055952,0.1000002726582639
431.055953,0.1000001363292559
431.055954,0.1
431.25315,0.0382049431385798
431.2538,0.038001253474709
431.253801,0.0380009401058892
431.253802,0.0380006267376395
431.253803,0.0380003133688197
431.253804,0.038
431.2566,0.0378166094853249
431.45115,0.0250560141271368
431.452,0.02500026236134
431.452001,0.025000196771005
431.452002,0.02500013118067
431.452003,0.025000065590335
431.452004,0.025
431.64915,0.0907817795748932
431.6498,0.0909986653180517
431.649801,0.0909989989885387
431.649802,0.0909993326590258
431.649803,0.0909996663295129
431.649804,0.091
431.84715,0.0481420303029196
431.8478,0.0480008686867677
431.847801,0.048000651514977
431.847802,0.0480004343431863
431.847803,0.0480002171713956
431.847804,0.048
432.04515,0.0619431945496307
432.04595,0.0619997173858516
432.045951,0.0619997880394208
432.045952,0.06199985869299
432.045953,0.0619999293465593
432.045954,0.062
432.24315,0.0669834723275338
432.2438,0.0669998989133299
432.243801,0.0669999241850089
432.243802,0.0669999494566419
432.243803,0.0669999747283209
432.243804,0.067
432.2466,0.0675767849058001
432.4417,0.1078238289308398
432.44255,0.1079991748428631
432.442551,0.1079993811322412
432.442552,0.1079995874216192
432.442553,0.1079997937109972
432.442554,0.108
432.63915,0.092073235443074
432.64005,0.0920003240505952
432.640051,0.0920002430379096
432.640052,0.0920001620252239
432.640053,0.0920000810126856
432.640054,0.092
432.83715,0.058121011122353
432.83785,0.0580006875631152
432.837851,0.0580005156722582
432.837852,0.0580003437814012
432.837853,0.0580001718908569
432.837854,0.058
433.0352,0.0669634822104769
433.036,0.066999818319476
433.036001,0.0669998637396277
433.036002,0.0669999091597793
433.036003,0.0669999545798483
433.036004,0.067
433.2332,0.0311823612512132
433.2342,0.0310007265387652
433.234201,0.0310005449043217
433.234202,0.0310003632695477
433.234203,0.0310001816347739
433.234204,0.031
433.23875,0.0311148850139021
433.4312,0.0359784179933862
433.43205,0.0359998989132839
433.432051,0.0359999241849629
433.432052,0.0359999494566419
433.432053,0.0359999747283209
433.432054,0.036
433.6292,0.0678619797979964
433.63005,0.0679993535354286
433.630051,0.0679995151516449
433.630052,0.0679996767678613
433.630053,0.0679998383840776
433.630054,0.068
433.82715,0.1038537443151017
433.82795,0.1039992723598622
433.827951,0.1039994542696485
433.827952,0.1039996361797656
433.827953,0.1039998180898828
433.827954,0.104
434.0252,0.0322922898255609
434.026,0.0320014541780688
434.026001,0.0320010906333863
434.026002,0.0320007270887037
434.026003,0.0320003635446825
434.026004,0.032
434.2232,0.0449472121212559
434.224,0.0449997373737678
434.224001,0.0449998030303557
434.224002,0.0449998686869436
434.224003,0.0449999343434121
434.224004,0.045
434.2268,0.0449018701428694
434.42245,0.0380352369014698
434.42345,0.0380001403860453
434.423451,0.038000105289518
434.423452,0.0380000701930546
434.423453,0.0380000350965272
434.423454,0.038
434.6192,0.0598988660055437
434.6201,0.0599995525045015
434.620101,0.059999664378427
434.620102,0.0599997762523525
434.620103,0.0599998881260745
434.620104,0.06
434.8172,0.0878721616160987
434.8181,0.0879994343435
434.818101,0.0879995757576893
434.818102,0.0879997171716214
434.818103,0.0879998585858107
434.818104,0.088
435.0152,0.0760487518948562
435.016,0.0760002425467125
435.016001,0.0760001819100068
435.016002,0.0760001212733011
435.016003,0.0760000606365954
435.016004,0.076
435.2132,0.0829715757575993
435.214,0.082999858585875
435.214001,0.0829998939394223
435.214002,0.0829999292929696
435.214003,0.0829999646464526
435.214004,0.083
435.2168,0.0823115376882786
435.412,0.034247216080337
435.413,0.0340009849245086
435.413001,0.0340007386932695
435.413002,0.0340004924624782
435.413003,0.0340002462312391
435.413004,0.034
435.6092,0.1016881177072205
435.6101,0.1019986199900132
435.610101,0.1019989649926668
435.610102,0.1019993099953204
435.610103,0.1019996549973464
435.610104,0.102
435.8072,0.0592287257129075
435.80825,0.0590008680291698
435.808251,0.0590006510217787
435.808252,0.0590004340143875
435.808253,0.0590002170073911
435.808254,0.059
436.00525,0.0560121941354803
436.00605,0.0560000606673337
436.006051,0.0560000455004933
436.006052,0.056000030333653
436.006053,0.0560000151668403
436.006054,0.056
436.20325,0.0400810494449836
436.20425,0.0400003229061178
436.204251,0.0400002421796985
436.204252,0.0400001614531323
436.204253,0.0400000807265661
436.204254,0.04
436.20685,0.0397771111110885
436.40125,0.0230862020201794
436.40225,0.0230003434344597
436.402251,0.0230002575758447
436.402252,0.0230001717172298
436.402253,0.0230000858586149
436.402254,0.023
436.59925,0.0588084120171128
436.6003,0.0589992729109655
436.600301,0.0589994546833068
436.600301999,0.0589996364556481
436.600303,0.0589998182276587
436.600304,0.059
436.79725,0.0460659358423673
436.79825,0.0460002626925686
436.798251,0.0460001970193965
436.798252,0.0460001313462245
436.798253,0.0460000656730525
436.798254,0.046
436.99525,0.0430152121212081
436.99625,0.0430000606060535
436.996251,0.0430000454545332
436.996252,0.043000030303013
436.996253,0.0430000151515202
436.996254,0.043
437.19325,0.0181016177956691
437.19405,0.0180005055611141
437.194051,0.0180003791707781
437.194052,0.0180002527804421
437.194053,0.018000126390336
437.194054,0.018
437.19685,0.0187556756758559
437.39285,0.0717286486487196
437.39385,0.0719989189190445
437.393851,0.0719991891894063
437.393852,0.0719994594592764
437.393853,0.0719997297296382
437.393854,0.072
437.58925,0.0103326444388824
437.5903,0.0100012624075906
437.590301,0.0100009468055494
437.590301999,0.0100006312035082
437.590303,0.0100003156020411
437.590304,0.01
437.78725,0.0697258529187433
437.78815,0.069998786959959
437.788151,0.0699990902201071
437.788152,0.0699993934797037
437.788153,0.0699996967398518
437.788154,0.07
437.9853,0.077959465051739
437.9863,0.0779998385062009
437.986301,0.077999878879669
437.986302,0.0779999192530637
437.986303,0.0779999596265318
437.986304,0.078
438.1833,0.0491688922532829
438.18445,0.0490005854150215
438.184451,0.0490004390614658
438.184452,0.0490002927076438
438.184453,0.0490001463538219
438.184454,0.049
438.18715,0.0492043972706257
438.3813,0.0639238817284643
438.3823,0.0639996967398518
438.382301,0.0639997725548888
438.382302,0.0639998483699259
438.382303,0.0639999241849629
438.382304,0.064
438.5793,0.0570354949494859
438.5803,0.0570001414141249
438.580301,0.0570001060605776
438.580302,0.0570000707070303
438.580303,0.057000035353483
438.580304,0.057
438.7773,0.0510349432248171
438.77845,0.0510001211203492
438.778451,0.0510000908402481
438.778452,0.0510000605601471
438.778453,0.051000030280046
438.778454,0.051
438.9753,0.0340627255472097
439.1736,0.0170003441730588
439.173601,0.0170002581297549
439.173602,0.0170001720864511
439.173603,0.0170000860433038
439.173604,0.017
439.1764,0.0172812877264255
439.18015,0.0176585513078996
439.3713,0.0368889336017071
439.5712,0.0569995975855598
439.571201,0.0569996981892156
439.571202,0.0569997987926884
439.571203,0.0569998993963442
439.571204,0.057
439.57405,0.0563633756991677
439.7679,0.0130008947634954
439.767901,0.0130006710729267
439.767902,0.0130004473819511
439.767903,0.0130002236909755
439.767904,0.013
439.7707,0.013579262253428
439.9658,0.0539991712987319
439.965801,0.0539993784741431
439.965802,0.0539995856495544
439.965803,0.0539997928245887
439.965804,0.054
439.9684,0.0537768857431518
440.1636,0.0370003437815576
440.163601,0.0370002578361291
440.163602,0.0370001718907006
440.163603,0.0370000859454284
440.163604,0.037
440.1664,0.0373530303031145
440.3616,0.0619994949495536
440.361601,0.0619996212122226
440.361602,0.0619997474746619
440.361603,0.061999873737331
440.361604,0.062
440.3644,0.0617740606060067
440.36455,0.0617619393938977
440.5596,0.0460003232322856
440.559601,0.0460002424241775
440.559602,0.0460001616162163
440.559603,0.0460000808081081
440.559604,0.046
440.5643,0.0453614102241266
440.75815,0.0190005439435278
440.758151,0.019000407957584
440.758152,0.0190002719716402
440.758153,0.0190001359856964
440.758154,0.019
440.76095,0.0192973714865214
440.9556,0.0399995745756979
440.955601,0.0399996809317734
440.955602,0.0399997872878489
440.955603,0.0399998936439244
440.955604,0.04
440.95845,0.0402156060605628
441.1536,0.0549996969697321
441.153601,0.0549997727273335
441.153602,0.0549998484849349
441.153603,0.0549999242425364
441.153604,0.055
441.15645,0.0546698209330249
441.35185,0.0320004640606867
441.351851,0.032000348045515
441.351852,0.0320002320303433
441.351853,0.0320001160151716
441.351854,0.032
441.35445,0.0322756814159584
441.3546,0.0322916106194822
441.5496,0.0529995752212883
441.549601,0.0529996814160145
441.549602,0.0529997876105475
441.549603,0.0529998938052737
441.549604,0.053
441.5543,0.0530474343434339
441.7476,0.0549999595959642
441.747601,0.0549999696969594
441.747602,0.0549999797979729
441.747603,0.0549999898989864
441.747604,0.055
441.75045,0.0558182698611183
441.94585,0.1119988499370819
441.945851,0.1119991374529422
441.945852,0.1119994249688024
441.945853,0.1119997124841397
441.945854,0.112
441.94845,0.1110822222221293
442.14385,0.0420014141412497
442.143851,0.0420010606057765
442.143852,0.0420007070709464
442.143853,0.0420003535354732
442.143854,0.042
442.14645,0.0422884444444736
442.34185,0.0639995555556072
442.341851,0.0639996666665538
442.341852,0.0639997777777025
442.341853,0.0639998888888512
442.341854,0.064
442.34445,0.0640262156021235
442.3446,0.0640277303711197
442.5399,0.0659999596061647
442.539901,0.0659999697046281
442.539902,0.0659999798030915
442.539903,0.0659999899015549
442.539904,0.066
442.5425,0.0661969152971113
442.73765,0.0809996965864965
442.737651,0.0809997724398724
442.737652,0.0809998482932482
442.737653,0.0809999241466241
442.737654,0.081
442.74045,0.0810705170239309
442.9359,0.0859998991172878
442.935901,0.0859999243379773
442.935902,0.085999949558621
442.935903,0.0859999747793105
442.935904,0.086
442.93845,0.0866557878787124
443.1339,0.1369989696970894
443.133901,0.1369992272724657
443.133902,0.1369994848483104
443.133903,0.1369997424241552
443.133904,0.137
443.13645,0.1360472616941632
443.33165,0.0630014968392698
443.331651,0.0630011226292821
443.331652,0.0630007484192945
443.331653,0.0630003742099876
443.331654,0.063
443.334449999,0.0640859621692423
443.3346,0.0641442219421975
443.5299,0.1399984464062335
443.529901,0.1399988348048517
443.529902,0.13999922320347
443.529903,0.1399996116020882
443.529904,0.14
443.5325,0.1392254664980286
443.72765,0.0810011934259042
443.727651,0.0810008950698352
443.727652,0.0810005967132234
443.727653,0.0810002983566117
443.727654,0.081
443.7305,0.0815173239079989
443.9257,0.1169992729109656
443.925701,0.1169994546833068
443.925702,0.1169996364556481
443.925703,0.1169998182279893
443.925704,0.117
443.9285,0.1170564278506692
444.1239,0.1209999192734705
444.123901,0.120999939455112
444.123902,0.1209999596367169
444.123903,0.1209999798183584
444.123904,0.121
444.1265,0.1201222205399054
444.3214,0.0542211355032324
444.32205,0.054001352510567
444.322051,0.0540010143833865
444.322052,0.054000676255591
444.322053,0.0540003381277955
444.322054,0.054
444.32465,0.0543149052312674
444.5199,0.0779995147837629
444.519901,0.0779996360878222
444.519902,0.0779997573918814
444.519903,0.0779998786959407
444.519904,0.078
444.5225,0.0781573333332404
444.7179,0.0899997575757857
444.717901,0.0899998181818668
444.717902,0.0899998787879479
444.717903,0.0899999393940291
444.717904,0.09
444.7205,0.0896591111110766
444.9159,0.0640005252524642
444.915901,0.0640003939392884
444.915902,0.0640002626261126
444.915903,0.0640001313131757
444.915904,0.064
444.9185,0.0635411111110646
445.1139,0.0290007070706248
445.113901,0.0290005303028882
445.113902,0.0290003535354732
445.113903,0.0290001767677366
445.113904,0.029
445.1165,0.0290786071158293
445.31145,0.0349817108251098
445.31205,0.0349998788796507
445.312051,0.0349999091597518
445.312052,0.0349999394397978
445.312053,0.0349999697198989
445.312054,0.035
445.31465,0.0350918241536227
445.50995,0.0419998585144176
445.509951,0.0419998938858293
445.509952,0.041999929257241
445.509953,0.0419999646286526
445.509954,0.042
445.51255,0.0419475555555502
445.70795,0.0380000808080714
445.707951,0.0380000606060443
445.707952,0.0380000404040173
445.707953,0.038000020202027
445.707954,0.038
445.71055,0.038327529649289
445.90545,0.0629174867525252
445.9061,0.0629994953318779
445.906101,0.0629996214989658
445.906102,0.0629997476660537
445.906103,0.0629998738329121
445.906104,0.063
446.10395,0.0430004043466803
446.103951,0.0430003032601481
446.103952,0.0430002021734321
446.103953,0.043000101086716
446.103953999,0.043
446.10655,0.0425148888888397
446.30195,0.0060007474750005
446.301951,0.0060005606062503
446.301952,0.0060003737375002
446.301953,0.0060001868687501
446.301954,0.006
446.3022,0.0060397274791188
446.3047,0.0064434620237376
446.49945,0.0378943830429385
446.5001,0.03799935402451
446.500101,0.0379995155183825
446.500102,0.037999677012255
446.500103,0.0379998385061275
446.500104,0.038
446.69795,0.036000040434668
446.697951,0.0360000303259964
446.697952,0.0360000202173248
446.697953,0.0360000101086532
446.697954,0.036
446.70055,0.0364064444444855
446.89595,0.0669993737374465
446.895951,0.066999530303156
446.895952,0.0669996868688656
446.895953,0.0669998434342904
446.895954,0.067
446.89615,0.0669871313130742
447.09395,0.0540002626262321
447.093951,0.0540001969696442
447.093952,0.0540001313131757
447.093953,0.0540000656565878
447.093954,0.054
447.09655,0.0537117739086256
447.29145,0.0320726116577778
447.2921,0.0320004441079473
447.292101,0.032000333081112
447.292102,0.0320002220540746
447.292103,0.0320001110270373
447.292104,0.032
447.2947,0.0323539106286672
447.48945,0.0589040242362978
447.49015,0.0589994546832241
447.490151,0.0589995910124801
447.490152,0.058999727341736
447.490153,0.058999863670992
447.490154,0.059
447.688,0.0430003234773442
447.688001,0.0430002426079714
447.688002,0.0430001617385985
447.688003,0.0430000808693728
447.688004,0.043
447.6906,0.0433799343931752
447.8855,0.0719042846329292
447.88615,0.0719994145849784
447.886151,0.0719995609388004
447.886152,0.0719997072923561
447.886153,0.071999853646178
447.886154,0.072
448.0835,0.0490759696969098
448.08415,0.0490004646464106
448.084151,0.0490003484849664
448.084152,0.0490002323233109
448.084153,0.0490001161616554
448.084154,0.049
448.2815,0.0539834848484519
448.28215,0.0539998989898647
448.282151,0.0539999242423985
448.282152,0.0539999494949324
448.282153,0.0539999747474662
448.282154,0.054
448.2847,0.0535499494950012
448.4795,0.0191156060608364
448.48015,0.0190007070709464
448.480151,0.0190005303032098
448.480152,0.0190003535354732
448.480153,0.0190001767677366
448.480154,0.019
448.6775,0.0608612727273807
448.67815,0.0609991515152501
448.678151,0.060999363636534
448.678152,0.0609995757578179
448.678153,0.0609997878791019
448.678154,0.061
448.8755,0.0422239659489408
448.87785,0.042000380570812
448.877851,0.0420002854282388
448.877852,0.0420001902854925
448.877853,0.0420000951427462
448.877854,0.042
449.0735,0.0778800611310161
449.07415,0.0779992664290205
449.074151,0.0779994498218488
449.074152,0.0779996332143434
449.074153,0.0779998166071717
449.074154,0.078
449.272,0.0550004649988938
449.272001,0.0550003487491703
449.272002,0.0550002324994469
449.272003,0.0550001162497234
449.272004,0.055
449.2722,0.0549713146607496
449.27475,0.0545981125409877
449.4695,0.0260957153673369
449.47015,0.0260005854152877
449.470151,0.0260004390614658
449.470152,0.0260002927076438
449.470153,0.0260001463538219
449.470154,0.026
449.66755,0.0269966978035875
449.6682,0.0269999798030823
449.668201,0.026999984852314
449.668202,0.0269999899015457
449.668203,0.0269999949507682
449.668204,0.027
449.86555,0.0250066060606008
449.8662,0.0250000404040357
449.866201,0.0250000303030221
449.866202,0.025000020202027
449.866203,0.0250000101010135
449.866204,0.025
450.06355,0.0718565900482458
450.06415,0.0719990502653288
450.064151,0.0719992876991046
450.064152,0.0719995251328803
450.064153,0.0719997625662242
450.064154,0.072
450.26245,0.0212314457832456
450.26335,0.0210010240967322
450.263351,0.0210007680725491
450.263352,0.0210005120483661
450.263353,0.021000256024183
450.263354,0.021
450.26595,0.0211846747966378
450.45955,0.0349570325202718
450.46015,0.0349997154471875
450.460151,0.0349997865852936
450.460152,0.034999857723529
450.460153,0.0349999288617645
450.460154,0.035
450.65755,0.0589207472861008
450.6582,0.058999515273977
450.658201,0.0589996364555379
450.658202,0.0589997576370987
450.658203,0.0589998788184391
450.658204,0.059
450.85555,0.0271298410294154
450.85635,0.0270006459751961
450.856351,0.0270004844813237
450.856352,0.0270003229874512
450.856353,0.0270001614938724
450.856354,0.027
451.05355,0.0250066110689864
451.0542,0.025000040434668
451.054201,0.0250000303259964
451.054202,0.0250000202173432
451.054203,0.0250000101086716
451.054204,0.025
451.25155,0.0170364791929563
451.25245,0.0170001614123393
451.252451,0.0170001210592361
451.252452,0.0170000807061329
451.252453,0.0170000403531031
451.252454,0.017
451.255,0.0177467408342976
451.44955,0.0748081820476589
451.4502,0.0749988268011199
451.450201,0.0749991201008399
451.450202,0.0749994134005599
451.450203,0.0749997067002799
451.450204,0.075
451.6476,0.0191708282825269
451.6482,0.0190011313129998
451.648201,0.0190008484846212
451.648202,0.0190005656562427
451.648203,0.0190002828278641
451.648204,0.019
451.8456,0.0548630128692606
451.84635,0.0549992732779043
451.846351,0.0549994549585108
451.846352,0.0549996366391173
451.846353,0.0549998183197239
451.846354,0.055
452.04355,0.0061989696968046
452.04435,0.0060009898988748
452.044351,0.0060007424240436
452.044352,0.0060004949492123
452.044353,0.0060002474748312
452.044354,0.006
452.24155,0.0547763957600564
452.24245,0.0549990106008216
452.242451,0.0549992579507287
452.242452,0.0549995053006358
452.242453,0.0549997526505428
452.242454,0.055
452.24505,0.0552360000000238
452.43955,0.0729178181817777
452.44045,0.0729996363636786
452.440451,0.0729997272728003
452.440452,0.0729998181819219
452.440453,0.0729999090908783
452.440454,0.073
452.6376,0.0490793528816363
452.63825,0.0490004853386695
452.638251,0.049000364003947
452.638252,0.0490002426692244
452.638253,0.0490001213347225
452.638254,0.049
452.8356,0.0241014383042308
452.8364,0.024000504668122
452.836401,0.0240003785010341
452.836402,0.0240002523339462
452.836403,0.0240001261670878
452.836404,0.024
453.0336,0.0389390909091414
453.0344,0.0389996969697321
453.034401,0.0389997727273335
453.034402,0.0389998484847971
453.034403,0.0389999242423985
453.034404,0.039
453.2316,0.0579132963149494
453.2325,0.0579996163554206
453.232501,0.0579997122666091
453.232502,0.0579998081777975
453.232503,0.0579999040888115
453.232504,0.058
453.23505,0.057524232323287
453.4296,0.0211689292930123
453.4305,0.0210007474746606
453.430501,0.0210005606059104
453.430502,0.0210003737375002
453.430503,0.0210001868687501
453.430504,0.021
453.6276,0.0448964587017055
453.62845,0.0449995150291041
453.628451,0.0449996362718832
453.628452,0.0449997575146623
453.628453,0.0449998787572208
453.628454,0.045
453.8256,0.0380284314220527
453.8264,0.0380001414498446
453.826401,0.0380001060873674
453.826402,0.0380000707248901
453.826403,0.0380000353624772
453.826404,0.038
454.0236,0.041983757575771
454.0244,0.0419999191919285
454.024401,0.0419999393939556
454.024402,0.0419999595959459
454.024403,0.0419999797979729
454.024404,0.042
454.2216,0.1315440968719668
454.2226,0.131998183652261
454.222601,0.1319986377391957
454.222602,0.1319990918261305
454.222603,0.1319995459130652
454.222604,0.132
454.2252,0.130753815057977
454.4196,0.0374339565439248
454.4205,0.0370019201614746
454.420501,0.0370014401208877
454.420502,0.0370009600811739
454.420503,0.0370004800405869
454.420504,0.037
454.61765,0.0499439292929366
454.6185,0.0499997373737678
454.618501,0.0499998030303557
454.618502,0.0499998686868242
454.618503,0.0499999343434121
454.618504,0.05
454.81565,0.0868497196262924
454.81645,0.0869992523365354
454.816451,0.0869994392524866
454.816452,0.0869996261680977
454.816453,0.0869998130840488
454.816454,0.087
455.01365,0.0710649696969158
455.01445,0.0710003232322856
455.014451,0.0710002424243245
455.014452,0.0710001616162163
455.014453,0.0710000808081081
455.014454,0.071
455.21165,0.0700050655903206
455.21265,0.0700000201816415
455.212651,0.0700000151362311
455.212652,0.0700000100908207
455.212653,0.0700000050454103
455.212654,0.07
455.21525,0.0698031842305939
455.40965,0.055064746019704
455.4105,0.0550003032600102
455.410501,0.0550002274449732
455.410502,0.0550001516299361
455.410503,0.055000075815037
455.410504,0.055
455.60765,0.0221423333333148
455.6085,0.0220006666665891
455.608501,0.0220004999998661
455.608501999,0.0220003333334461
455.608503,0.022000166666723
455.608504,0.022
455.80565,0.0777162553621734
455.80665,0.0779988695434066
455.806651,0.0779991521576835
455.806652,0.0779994347714463
455.806653,0.0779997173857231
455.806654,0.078
456.00365,0.0301951061676848
456.00445,0.0300009706773391
456.004451,0.030000728007894
456.004452,0.0300004853388902
456.004453,0.0300002426694451
456.004454,0.03
456.20165,0.0598480322903802
456.20265,0.0599993945507536
456.202651,0.0599995459130652
456.202652,0.0599996972753768
456.202653,0.0599998486376884
456.202653999,0.06
456.20525,0.0598689219894743
456.39965,0.0500532188841353
456.4007,0.0500002019691762
456.400701,0.0500001514768592
456.400702,0.0500001009845421
456.400703,0.050000050492317
456.400704,0.05
456.597699999,0.0918187111448304
456.59855,0.0919991508719713
456.598551,0.0919993631536888
456.598552,0.0919995754357926
456.598552999,0.0919997877178963
456.598554,0.092
456.7957,0.0502128084783699
456.7967,0.050000847842445
456.796701,0.0500006358821229
456.796702,0.0500004239214152
456.796703,0.0500002119607076
456.796704,0.05
456.9937,0.0071639544881203
456.99445,0.007000869784981
456.994451,0.0070006523386369
456.994452,0.0070004348922927
456.994453,0.0070002174463441
456.994454,0.007
457.1917,0.0557518486759781
457.1927,0.0559990113494213
457.192701,0.0559992585121783
457.192702,0.0559995056749354
457.192703,0.0559997528376925
457.192704,0.056
457.1953,0.0561048888888995
457.38965,0.0639574141414023
457.3907,0.0639998383838571
457.390701,0.0639998787879112
457.390702,0.0639999191919653
457.390703,0.0639999595959459
457.390704,0.064
457.587699999,0.064
457.588699999,0.064
457.588701,0.064
457.588702,0.064
457.588703,0.064
457.588703999,0.064
457.7857,0.1177261818182534
457.7867,0.1179989090910358
457.786701,0.1179991818179048
457.786702,0.1179994545452698
457.786703,0.1179997272726349
457.786704,0.118
457.9837,0.0791977575757058
457.9847,0.0790007878790546
457.984701,0.0790005909092909
457.984702,0.0790003939395273
457.984703,0.0790001969697636
457.984704,0.079
458.1817,0.0531318383840427
458.1827,0.053000525252703
458.182701,0.0530003939395273
458.182702,0.0530002626263515
458.182703,0.0530001313131757
458.182704,0.053
458.1853,0.0528558141884217
458.3797,0.0420585407725488
458.38075,0.0420002221660938
458.380751,0.0420001666245451
458.380752,0.0420001110830974
458.380753,0.0420000555415487
458.380754,0.042
458.577699999,0.0857657777777126
458.578749999,0.0859991111112144
458.578751,0.0859993333331076
458.578752,0.0859995555554051
458.578753,0.0859997777777025
458.578753999,0.086
458.7757,0.0163726262627298
458.77675,0.0160014141418928
458.776751,0.0160010606064196
458.776752,0.0160007070709464
458.776753,0.0160003535354732
458.776754,0.016
458.9737,0.0404158228969299
459.172,0.0649995041113795
459.172001,0.064999628083591
459.172002,0.064999752055577
459.172003,0.0649998760277885
459.172004,0.065
459.1748,0.0649717575757508
459.37,0.0630000404040357
459.370001,0.0630000303030405
459.370002,0.063000020202027
459.370003,0.0630000101010135
459.370004,0.063
459.37265,0.0631069090908686
459.37295,0.0631190303029776
459.568,0.0709998383837836
459.568001,0.0709998787878377
459.568002,0.0709999191918918
459.568003,0.0709999595959459
459.568004,0.071
459.57085,0.0701519494951193
459.766,0.0120011919190534
459.766001,0.0120008939391545
459.766002,0.0120005959592556
459.766003,0.0120002979793568
459.766004,0.012
459.7688,0.0122400606061178
459.964,0.0289996565656964
459.964001,0.0289997424243114
459.964002,0.0289998282829263
459.964003,0.028999914141385
459.964004,0.029
459.9668,0.0288314393368104
460.16305,0.0170002411455224
460.163051,0.0170001808591418
460.163052,0.0170001205727612
460.163053,0.0170000602863806
460.163054,0.017
460.1659,0.0171734044173291
460.36,0.0289997562833489
460.360001,0.0289998172124286
460.360002,0.028999878141619
460.360003,0.0289999390708095
460.360004,0.029
460.3627,0.0301437575755689
460.36295,0.0302498181820368
460.558,0.1129983030297285
460.558001,0.1129987272722964
460.558002,0.1129991515148642
460.558003,0.1129995757574321
460.558004,0.113
460.56085,0.1121234233781129
460.75605,0.0520012320119749
460.756051,0.0520009240088411
460.756052,0.0520006160057073
460.756053,0.0520003080031338
460.756054,0.052
460.75885,0.0526354545456061
460.95405,0.0969990909091965
460.954051,0.0969993181820007
460.954052,0.0969995454543915
460.954053,0.0969997727271957
460.954054,0.097
460.95685,0.0967599393938821
461.15205,0.0800003434343035
461.152051,0.0800002575758447
461.152052,0.0800001717172298
461.152053,0.0800000858586149
461.152054,0.08
461.15485,0.0794498284559697
461.35025,0.0410007870836623
461.350251,0.0410005903126572
461.350252,0.0410003935416522
461.350253,0.0410001967706471
461.350254,0.041
461.35285,0.0408162588473032
461.353,0.0408056420626831
461.54805,0.0270002831143526
461.548051,0.0270002123357645
461.548052,0.0270001415571763
461.548053,0.0270000707785881
461.548054,0.027
461.55085,0.0272965454544259
461.74605,0.047999575757625
461.746051,0.047999681818267
461.746052,0.0479997878789089
461.746053,0.0479998939395509
461.746054,0.048
461.74885,0.0479858930373326
461.94425,0.0470000201816323
461.944251,0.0470000151362219
461.944252,0.0470000100908207
461.944253,0.0470000050454103
461.944254,0.047
461.94685,0.047091777777787
462.14225,0.053999858585875
462.142251,0.053999893939358
462.142252,0.0539999292929053
462.142253,0.0539999646464526
462.142254,0.054
462.14485,0.0540131111111124
462.34025,0.0549999797979729
462.340250999,0.0549999848484797
462.340252,0.0549999898989864
462.340253,0.0549999949494932
462.340254,0.055
462.34285,0.0563780586442727
462.3431,0.0565107684526694
462.53805,0.1599978766423549
462.538051,0.1599984074817662
462.538052,0.1599989383211775
462.538053,0.1599994691605887
462.538054,0.16
462.5409,0.1610924040401852
462.73605,0.2359984646466431
462.736051,0.2359988484851568
462.736052,0.2359992323236706
462.736053,0.2359996161621844
462.736054,0.236
462.74075,0.2326837831021883
462.9343,0.096002824715939
462.934301,0.0960021185379177
462.934302,0.0960014123586117
462.934303,0.0960007061793059
462.934304,0.096
462.9369,0.0964457777778229
463.1323,0.1299993131310806
463.132301,0.1299994848483104
463.132302,0.1299996565655403
463.132303,0.1299998282827701
463.132304,0.13
463.13255,0.1298832121213981
463.3303,0.0360018989896783
463.330301,0.0360014242420428
463.330302,0.0360009494944073
463.330303,0.0360004747467719
463.330304,0.036
463.3329,0.0360524444444497
463.33315,0.0360574949495196
463.5283,0.0399999191919285
463.528301,0.0399999393939556
463.528302,0.0399999595959826
463.528303,0.0399999797979729
463.528304,0.04
463.5309,0.0395536586598809
463.72605,0.0060006877372745
463.726051,0.0060005158029559
463.726052,0.0060003438686372
463.726053,0.0060001719343186
463.726054,0.006
463.7289,0.0062584010087742
463.9243,0.0239996368222364
463.924301,0.0239997276165534
463.924302,0.0239998184110356
463.924303,0.0239999092055178
463.924304,0.024
463.9269,0.0237508888888636
464.1223,0.0050003838385137
464.122301,0.0050002878788853
464.122302,0.0050001919192568
464.122303,0.0050000959596284
464.122304,0.005
464.12255,0.005045969696896
464.3203,0.0419992525249994
464.320301,0.0419994393937496
464.320302,0.0419996262624997
464.320303,0.0419998131312498
464.320304,0.042
464.3247,0.0417780358496101
464.324899999,0.0417679373896047
464.51835,0.0320002019691762
464.518351,0.0320001514768592
464.518352,0.032000100984634
464.518353,0.032000050492317
464.518354,0.032
464.5209,0.032218872313503
464.7161,0.0489996561315191
464.716101,0.0489997420986784
464.716102,0.0489998280658377
464.716103,0.048999914032997
464.716104,0.049
464.7198,0.0493542194200737
464.91435,0.0679996166455196
464.914351,0.0679997124841397
464.914352,0.0679998083227598
464.914353,0.0679999041613799
464.914354,0.068
464.91695,0.0676462679787678
465.11185,0.0410891143075206
465.1125,0.0410005450418196
465.112501,0.0410004087813647
465.112502,0.0410002725209098
465.112503,0.0410001362604549
465.112504,0.041
465.30985,0.0310330303030045
465.3105,0.0310002020201785
465.310501,0.0310001515151109
465.310502,0.0310001010100433
465.310503,0.0310000505049757
465.310504,0.031
465.31315,0.031
465.50835,0.031
465.508351,0.031
465.508352,0.031
465.508353,0.031
465.508354,0.031
465.51095,0.0313277777778109
465.70635,0.0559994949495536
465.706351,0.0559996212122226
465.706352,0.0559997474746619
465.706353,0.0559998737373309
465.706354,0.056
465.7072,0.0558803636362478
465.90435,0.0280005656564999
465.904351,0.0280004242425678
465.904352,0.0280002828283785
465.904353,0.0280001414141892
465.904354,0.028
465.90695,0.0285768888889472
466.10235,0.0719991111108102
466.102351,0.0719993333331076
466.102352,0.0719995555554051
466.102353,0.0719997777777025
466.102354,0.072
466.1032,0.0718463370334803
466.29985,0.0361278708375461
466.30055,0.0360007265387652
466.300551,0.0360005449039913
466.300552,0.0360003632692174
466.300553,0.0360001816347739
466.300554,0.036
466.3032,0.0364145868083159
466.4984,0.0669993732626454
466.498401,0.0669995299470553
466.498402,0.0669996866311802
466.498403,0.0669998433155901
466.498404,0.067
466.5016,0.0662574949495747
466.6964,0.0210009292928213
466.696401,0.0210006969699329
466.696402,0.0210004646466219
466.696403,0.0210002323233109
466.696404,0.021
466.6966,0.0210690314462065
466.8939,0.0905583396223942
466.89515,0.0909985911951322
466.895151,0.0909989433965093
466.895152,0.0909992955972458
466.895153,0.0909996477986229
466.895154,0.091
467.0919,0.0959846972383899
467.0925,0.0959998986572197
467.092501,0.0959999239928802
467.092502,0.0959999493285868
467.092503,0.0959999746642934
467.092504,0.096
467.2899,0.0451684120170357
467.29055,0.0450010300427987
467.290551,0.0450007725319819
467.290552,0.0450005150211651
467.290553,0.0450002575103483
467.290554,0.045
467.2932,0.0451603636364132
467.4879,0.0569603636363948
467.48855,0.0569997575757857
467.488551,0.0569998181818668
467.488552,0.0569998787879479
467.488553,0.0569999393939188
467.488554,0.057
467.6864,0.056000020217334
467.686401,0.0560000151629982
467.686402,0.0560000101086716
467.686403,0.0560000050543358
467.686404,0.056
467.6866,0.0559851627555601
467.8839,0.0410495079484848
467.88455,0.0410003028008732
467.884551,0.0410002271007581
467.884552,0.0410001514005054
467.884553,0.0410000757002527
467.884554,0.041
468.0819,0.036016515151548
468.08255,0.0360001010101352
468.082551,0.0360000757576014
468.082552,0.0360000505050676
468.082553,0.0360000252525338
468.082554,0.036
468.2799,0.0310165151515022
468.28055,0.0310001010100892
468.280551,0.0310000757575554
468.280552,0.0310000505050216
468.280553,0.0310000252524878
468.280554,0.031
468.28385,0.030567191919091
468.47795,0.0050793131311724
468.47855,0.0050005252524642
468.478551,0.0050003939392884
468.478552,0.0050002626261126
468.478553,0.0050001313129369
468.478554,0.005
468.67595,0.0668108686872041
468.67655,0.066998747474893
468.676551,0.0669990606063121
468.676552,0.0669993737377313
468.676553,0.0669996868685808
468.676554,0.067
468.87395,0.0460640606061399
468.87455,0.0460004242423749
468.874551,0.0460003181817329
468.874552,0.0460002121212839
468.874553,0.0460001060606419
468.874554,0.046
469.07195,0.0489908484848371
469.07255,0.0489999393939464
469.072551,0.0489999545454391
469.072552,0.0489999696969594
469.072553,0.0489999848484797
469.072554,0.049
469.2699,0.021099530421617
469.2706,0.0210005655136934
469.270601,0.0210004241352057
469.270602,0.0210002827567181
469.270603,0.0210001413784876
469.270604,0.021
469.2739,0.0209667070706993
469.46795,0.0190066060606008
469.4686,0.0190000404040357
469.468601,0.0190000303030221
469.468602,0.0190000202020086
469.468603,0.0190000101010135
469.468604,0.019
469.66595,0.0269735757575965
469.6666,0.0269998383838571
469.666601,0.0269998787879112
469.666602,0.0269999191918918
469.666603,0.0269999595959459
469.666604,0.027
469.86395,0.0299900909090987
469.8646,0.0299999393939464
469.864601,0.0299999545454391
469.864602,0.0299999696969594
469.864603,0.0299999848484797
469.864604,0.03
470.06195,0.081606698516509
470.06345,0.0819989539855376
470.063451,0.0819992154892721
470.063452,0.0819994769930066
470.063453,0.0819997384967411
470.063454,0.082
470.25995,0.0760199036266645
470.2606,0.0760001217347056
470.260601,0.0760000913010153
470.260602,0.0760000608673251
470.260603,0.0760000304336348
470.260604,0.076
470.2639,0.0749679191916787
470.45795,0.0142047878786264
470.4586,0.0140012525251069
470.458601,0.0140009393936878
470.458602,0.0140006262622686
470.458603,0.0140003131314191
470.458604,0.014
470.65595,0.0269472520817999
470.65675,0.0269997375725765
470.656751,0.0269998031794622
470.656752,0.0269998687863479
470.656753,0.0269999343931143
470.656754,0.027
470.85395,0.1016954545457071
470.85475,0.1019984848486609
470.854751,0.1019988636366679
470.854752,0.1019992424239859
470.854753,0.1019996212119929
470.854754,0.102
471.05195,0.0243559414438916
471.05285,0.0240015749619573
471.052851,0.0240011812212889
471.052852,0.0240007874806205
471.052853,0.0240003937406683
471.052854,0.024
471.24995,0.0110593535353827
471.25085,0.0110002626262321
471.250851,0.0110001969696442
471.250852,0.0110001313131757
471.250853,0.0110000656565878
471.250854,0.011
471.25345,0.011222215508583
471.448,0.0278755387714608
471.44945,0.0279996576032623
471.449451,0.0279997432024856
471.449452,0.027999828801709
471.449453,0.0279999144007766
471.449454,0.028
471.646,0.0469225943755392
471.6468,0.0469996148974351
471.646801,0.0469997111731201
471.646802,0.04699980744863
471.646803,0.046999903724315
471.646804,0.047
471.844,0.0121421212123248
471.8448,0.0120007070706248
471.844801,0.0120005303032098
471.844802,0.0120003535354732
471.844803,0.0120001767677366
471.844804,0.012
472.042,0.0438942228959226
472.04265,0.0439993530450172
472.042651,0.0439995147837629
472.042652,0.0439996765225086
472.042653,0.0439998382612543
472.042654,0.044
472.24,0.1007543995963975
472.24085,0.100998849646955
472.240851,0.100999137235347
472.240852,0.1009994248237391
472.240853,0.1009997124116079
472.240854,0.101
472.24345,0.0998319312435598
472.438,0.0122942669360679
472.43865,0.0120017997975663
472.438651,0.0120013498479701
472.438652,0.0120008998983739
472.438653,0.0120004499495962
472.438654,0.012
472.636,0.0419009090909871
472.63665,0.0419993939394643
472.636651,0.0419995454546671
472.636652,0.0419996969695943
472.636653,0.0419998484847971
472.636654,0.042
472.834,0.0818376987132306
472.8348,0.0819991925310047
472.834801,0.0819993943979781
472.834802,0.0819995962653187
472.834803,0.0819997981326594
472.834804,0.082
473.032,0.0242938042385981
473.033,0.0240011705352095
473.033001,0.0240008779014071
473.033002,0.0240005852676047
473.033003,0.0240002926338024
473.033004,0.024
473.23,0.0140782674389525
473.23155,0.0140002014605658
473.231551,0.0140001510954014
473.231552,0.0140001007303287
473.231553,0.0140000503651643
473.231554,0.014
473.2341,0.01419351406129
473.42805,0.0289350899417363
473.4289,0.0289996959716593
473.428901,0.0289997719786408
473.428902,0.0289998479857605
473.428903,0.0289999239928802
473.428904,0.029
473.62605,0.0628619045214579
473.62685,0.0629993129578974
473.626851,0.0629994847181887
473.626852,0.0629996564787925
473.626853,0.0629998282393962
473.626854,0.063
473.82405,0.0111980702199096
473.8248,0.0110010507702744
473.824801,0.0110007880775863
473.824802,0.0110005253853761
473.824803,0.011000262692688
473.824804,0.011
474.02205,0.0408480706179457
474.02305,0.0409993947037273
474.023051,0.0409995460278643
474.023052,0.0409996973520013
474.023053,0.0409998486761382
474.023054,0.041
474.22005,0.2172359969674995
474.2209,0.2179964215318791
474.220901,0.2179973161493161
474.220902,0.2179982107651259
474.220903,0.2179991053825629
474.220904,0.218
474.22415,0.216606515151424
474.41805,0.1333666161615684
474.4189,0.1330017171715176
474.418901,0.1330012878792238
474.418902,0.1330008585861492
474.418903,0.1330004292930746
474.418904,0.133
474.61605,0.131016639839031
474.6177,0.131000040241444
474.617701,0.1310000301810967
474.617702,0.1310000201207311
474.617703,0.1310000100603655
474.617704,0.131
474.81405,0.1240285467918238
474.81485,0.1240001420238232
474.814851,0.1240001065179158
474.814852,0.1240000710119439
474.814853,0.1240000355059719
474.814854,0.124
475.01205,0.091134000000192
475.01285,0.0910006666668923
475.012851,0.0910005000001692
475.012852,0.0910003333334461
475.012853,0.091000166666723
475.012854,0.091
475.21005,0.0243562068096844
475.2111,0.0240013518283422
475.211101,0.024001013871103
475.211102,0.0240006759144785
475.211103,0.0240003379572392
475.211104,0.024
475.2143,0.0237253879201712
475.4081,0.0070733788223305
475.40895,0.0070003436948345
475.408951,0.0070002577711259
475.408952,0.0070001718474172
475.408953,0.0070000859237086
475.408954,0.007
475.60605,0.047812808080716
475.606949999,0.0479991717168913
475.606951,0.0479993787876684
475.606952,0.0479995858584456
475.606953,0.0479997929292228
475.606953999,0.048
475.80405,0.0300731278422843
475.80485,0.0300003638200688
475.804851,0.0300002728650103
475.804852,0.0300001819101171
475.804853,0.0300000909550585
475.804854,0.03
476.00205,0.0260212660781901
476.0031,0.0260000807061696
476.003101,0.026000060529618
476.003102,0.0260000403530664
476.003103,0.0260000201765516
476.003104,0.026
476.200049999,0.0618083636363103
476.201099999,0.0619992727273572
476.201100999,0.0619994545456006
476.201101999,0.0619996363635132
476.201102999,0.0619998181817566
476.201103999,0.062
476.20365,0.0618455799848548
476.3981,0.0500517968157627
476.39895,0.0500002426080082
476.398951,0.0500001819560888
476.398952,0.0500001213040592
476.398953,0.0500000606520296
476.398954,0.05
476.5961,0.0320912036335871
476.5971,0.032000363361213
476.597100999,0.0320002725209098
476.597102,0.0320001816806065
476.597103,0.0320000908403032
476.597104,0.032
476.7941,0.032
476.7951,0.032
476.795101,0.032
476.795102,0.032
476.795103,0.032
476.795104,0.032
476.9921,0.0469239393939586
476.9931,0.0469996969697321
476.993101,0.0469997727273335
476.993102,0.0469998484849349
476.993103,0.0469999242425364
476.993104,0.047
477.1901,0.0619201716737977
477.19115,0.0619996970462356
477.191151,0.0619997727845734
477.191152,0.0619998485230489
477.191153,0.0619999242615244
477.191154,0.062
477.1937,0.0614470808081444
477.3881,0.0192288989899626
477.38915,0.0190008686871627
477.389151,0.019000651515372
477.389152,0.0190004343435813
477.389153,0.0190002171717906
477.389154,0.019
477.5861,0.0120355039151208
477.5871,0.0120001414498446
477.587101,0.0120001060874317
477.587102,0.0120000707249544
477.587103,0.0120000353624772
477.587104,0.012
477.7841,0.0397598792151173
477.7858,0.0399994363362507
477.785801,0.0399995772522521
477.785802,0.0399997181682535
477.785803,0.0399998590842549
477.785804,0.04
477.9821,0.0658939421611879
477.9829,0.0659994723488827
477.982901,0.065999604261662
477.982902,0.0659997361744413
477.982903,0.0659998680872206
477.982904,0.066
478.1801,0.0868883530895019
478.18115,0.0869995762926091
478.181151,0.086999682219505
478.181152,0.0869997881462082
478.181153,0.0869998940731041
478.181154,0.087
478.1838,0.08674560910808
478.37815,0.0680604731182034
478.5764,0.0490003845666852
478.576401,0.0490002884249702
478.576402,0.0490001922832551
478.576402999,0.049000096141715
478.576404,0.049
478.5799,0.0493707878789122
478.77415,0.069973060606008
478.9724,0.090999575757625
478.972401,0.0909996818180741
478.972402,0.090999787878716
478.972403,0.090999893939358
478.972404,0.091
478.9753,0.0909561212121218
479.1704,0.0880000606060811
479.170401,0.0880000454545608
479.170402,0.0880000303030405
479.170403,0.0880000151515202
479.170404,0.088
479.17395,0.0872120000000202
479.3684,0.0440008888891898
479.368401,0.0440006666668923
479.368402,0.0440004444445949
479.368403,0.0440002222222974
479.368404,0.044
479.37115,0.0443188992676653
479.37205,0.0444234183286148
479.56645,0.0669995354708946
479.566451,0.0669996516032238
479.566452,0.0669997677353417
479.566453,0.0669998838676708
479.566454,0.067
479.5693,0.0662956868688344
479.76445,0.0180009898988748
479.764451,0.0180007424244937
479.764452,0.0180004949496625
479.764453,0.0180002474748312
479.764454,0.018
479.76795,0.018829858585705
479.96245,0.064999050504729
479.962451,0.0649992878785468
479.962452,0.0649995252523645
479.962453,0.0649997626261822
479.962454,0.065
479.96535,0.0643710707070795
480.16045,0.0220008686871627
480.160451,0.022000651515372
480.160452,0.0220004343435813
480.160453,0.0220002171717906
480.160454,0.022
480.16395,0.0218233897449172
480.3584,0.0120002020712985
480.358401,0.0120001515534738
480.358402,0.0120001010356492
480.358403,0.0120000505178246
480.358404,0.012
480.36115,0.012374360010116
480.3615,0.0124220752333311
480.55645,0.0389994546832241
480.556451,0.0389995910124801
480.556452,0.038999727341736
480.556453,0.038999863670744
480.556454,0.039
480.55995,0.039370413723635
480.75465,0.0599995761857202
480.754651,0.0599996821391456
480.754652,0.0599997880927637
480.754653,0.0599998940463818
480.754654,0.06
480.7573,0.0599197371082202
480.95245,0.0540001213346673
480.952451,0.0540000910010419
480.952452,0.0540000606673612
480.952453,0.0540000303336806
480.952454,0.054
480.95535,0.0537221010101048
481.15045,0.0350003838385137
481.150451,0.0350002878788853
481.150452,0.0350001919192568
481.150453,0.0350000959596284
481.150454,0.035
481.154,0.0348388181818208
481.34845,0.0260001818181606
481.348451,0.0260001363635998
481.348452,0.026000090909039
481.348453,0.0260000454544781
481.348454,0.026
481.3512,0.0259583939393922
481.35145,0.0259546060605898
481.54645,0.0230000606060535
481.546451,0.0230000454545332
481.546452,0.023000030303013
481.546453,0.0230000151514927
481.546454,0.023
481.5499,0.0234002929293645
481.74445,0.0459995353535893
481.744451,0.0459996515152448
481.744452,0.0459997676769003
481.744453,0.0459998838383445
481.744454,0.046
481.7473,0.0455687878788782
481.94245,0.0160006060605356
481.942451,0.0160004545453328
481.942452,0.0160003030304056
481.942453,0.0160001515152028
481.942454,0.016
481.9459,0.0179815586384462
482.1407,0.1299976998741639
482.140701,0.1299982749058844
482.140702,0.1299988499376049
482.140703,0.1299994249682795
482.140704,0.13
482.1433,0.1294886666666149
482.3387,0.0910007878786963
482.338701,0.0910005909089326
482.338702,0.0910003939395273
482.338703,0.0910001969697636
482.338704,0.091
482.3419,0.0908061071789891
482.34205,0.090797007077886
482.5365,0.0790002426693348
482.536501,0.0790001820019735
482.536502,0.0790001213346122
482.536503,0.0790000606673612
482.536504,0.079
482.53995,0.0778698789099918
482.7347,0.0140013118067003
482.734701,0.0140009838550252
482.734702,0.0140006559033501
482.734703,0.014000327951675
482.734704,0.014
482.7373,0.0139606666666626
482.9327,0.0110000606060811
482.932701,0.0110000454545608
482.932702,0.0110000303030405
482.932703,0.0110000151515202
482.932704,0.011
482.93595,0.0115736430191592
483.13075,0.0459992931078832
483.130751,0.0459994698309927
483.130752,0.0459996465537808
483.130753,0.0459998232768904
483.130754,0.046
483.1333,0.0459485656565715
483.32875,0.0420000808080714
483.328750999,0.0420000606060811
483.328752,0.042000040404054
483.328752999,0.042000020202027
483.328754,0.042
483.331949999,0.0426626346396285
483.3321,0.042693734513175
483.5265,0.0829991706701343
483.526501,0.082999378002695
483.526502,0.0829995853352557
483.526503,0.0829997926674392
483.526504,0.083
483.5293,0.0828589659520477
483.72475,0.0730002017655159
483.724751,0.0730001513241369
483.724752,0.0730001008827579
483.724753,0.0730000504413789
483.724754,0.073
483.72795,0.0724026168224924
483.9227,0.0360007476638045
483.922701,0.0360005607478533
483.922702,0.0360003738319022
483.922703,0.0360001869159511
483.922704,0.036
483.9253,0.0361833703330168
484.12025,0.0499538042381793
484.1209,0.0499997174571468
484.120901,0.0499997880928922
484.120902,0.0499998587286376
484.120903,0.0499999293642546
484.120904,0.05
484.31875,0.0859992721759754
484.318751,0.0859994541320643
484.318752,0.0859996360878222
484.318753,0.0859998180439111
484.318754,0.086
484.32195,0.0854189090909715
484.3221,0.0853916363637264
484.51675,0.0500007272726427
484.516751,0.0500005454547301
484.516752,0.0500003636364867
484.516753,0.0500001818182433
484.516754,0.05
484.51935,0.0509308888889831
484.71475,0.12099856565608
484.714751,0.12099892424206
484.714752,0.12099928282804
484.714753,0.12099964141402
484.714754,0.121
484.718,0.1197212727271773
484.91275,0.0430015757573926
484.912751,0.0430011818178653
484.912752,0.043000787878338
484.912753,0.0430003939388107
484.912754,0.043
484.91535,0.0426332593339696
485.11025,0.0150994550958682
485.11095,0.0150005650857062
485.110951,0.0150004238142154
485.110952,0.0150002825429816
485.110953,0.0150001412714908
485.110954,0.015
485.30875,0.0199998988877771
485.308751,0.0199999241658443
485.308752,0.0199999494439115
485.308753,0.0199999747219328
485.308754,0.02
485.31135,0.0202753333333612
485.3115,0.0202912424242542
485.50675,0.040999575757625
485.506751,0.040999681818267
485.506752,0.040999787878716
485.506753,0.040999893939358
485.506754,0.041
485.50935,0.0407246666666388
485.70475,0.0200004242423749
485.704751,0.0200003181819258
485.704752,0.0200002121212839
485.704753,0.0200001060606419
485.704754,0.02
485.708,0.0204426363636653
485.90275,0.0469994545452698
485.902751,0.0469995909089524
485.902752,0.0469997272726349
485.902753,0.0469998636363174
485.902754,0.047
485.90535,0.0471440766901265
486.1003,0.057963703329998
486.10095,0.0579997780020439
486.100951,0.0579998335015582
486.100952,0.0579998890010724
486.100953,0.0579999445004857
486.100954,0.058
486.2983,0.0510231212121029
486.29895,0.0510001414141249
486.298951,0.0510001060605776
486.298952,0.0510000707070946
486.298953,0.0510000353535473
486.298954,0.051
486.3015,0.0511801566843359
486.4968,0.0649997169573237
486.496801,0.0649997877178963
486.496802,0.0649998584785975
486.496803,0.0649999292392987
486.496804,0.065
486.50005,0.0656224981075355
486.6943,0.1028745798634895
486.69495,0.1029992329041057
486.694951,0.1029994246780792
486.694952,0.1029996164520528
486.694953,0.1029998082260264
486.694954,0.103
486.8928,0.0610008491280286
486.892801,0.0610006368459249
486.892802,0.0610004245638212
486.892803,0.0610002122817175
486.892804,0.061
486.896,0.0605483825382721
487.0903,0.0330924148371717
487.09095,0.0330005652282966
487.090951,0.0330004239211582
487.090952,0.0330002826140198
487.090953,0.0330001413068813
487.090954,0.033
487.28835,0.0668962828284667
487.28895,0.0669993131313929
487.288951,0.0669994848486228
487.288952,0.0669996565658526
487.288953,0.0669998282827701
487.288954,0.067
487.29155,0.0663308263835567
487.4868,0.0160010310840348
487.486801,0.0160007733133777
487.486802,0.0160005155422518
487.486803,0.0160002577711259
487.486804,0.016
487.49,0.0163225839010506
487.6843,0.0359339894020201
487.68495,0.0359995962655023
487.684951,0.035999697198989
487.684952,0.0359997981326594
487.684953,0.0359998990663297
487.684954,0.036
487.8828,0.0270001819560888
487.882801,0.0270001364670666
487.882802,0.0270000909780444
487.882803,0.0270000454890222
487.882804,0.027
487.88605,0.026754339051583
488.0803,0.0120532795156442
488.081,0.0120003027244855
488.081001,0.0120002270433297
488.081002,0.0120001513621739
488.081003,0.0120000756811557
488.081004,0.012
488.27835,0.0528645757576824
488.279,0.0529991717172679
488.279001,0.0529993787880451
488.279002,0.0529995858584456
488.279003,0.0529997929292228
488.279004,0.053
488.2822,0.0528224444444635
488.47635,0.0420363333333047
488.477,0.0420002222221964
488.477001,0.042000166666723
488.477002,0.0420001111111487
488.477003,0.0420000555555743
488.477004,0.042
488.67435,0.0081123030305268
488.675,0.0080006868689194
488.675001,0.0080005151516895
488.675002,0.0080003434344596
488.675003,0.0080001717172298
488.675004,0.008
488.87235,0.0169702727272958
488.873,0.0169998181818393
488.873001,0.0169998636364001
488.873002,0.0169999090909609
488.873003,0.0169999545455218
488.873004,0.017
489.07035,0.0269669696969957
489.071,0.0269997979798214
489.071001,0.026999848484889
489.071002,0.0269998989899566
489.071003,0.0269999494949323
489.071004,0.027
489.26835,0.0728480606061803
489.269,0.0729990707071787
489.269001,0.0729993030304896
489.269002,0.072999535353378
489.269003,0.072999767676689
489.269004,0.073
489.2722,0.0725318989899493
489.46635,0.0440957878787123
489.467,0.0440005858585177
489.467001,0.0440004393940881
489.467002,0.044000292929392
489.467003,0.044000146464696
489.467004,0.044
489.66435,0.0998150303026616
489.665,0.0999988686864857
489.665001,0.0999991515148642
489.665002,0.0999994343432428
489.665003,0.0999997171716214
489.665004,0.1
489.86235,0.0770759696971211
489.863,0.0770004646466219
489.863001,0.0770003484849664
489.863002,0.0770002323233109
489.863003,0.0770001161616554
489.863004,0.077
490.06035,0.0650937556561328
490.0619,0.0650002413272721
490.061901,0.0650001809955364
490.061902,0.0650001206636909
490.061903,0.0650000603318454
490.061904,0.065
490.2584,0.0779568754755601
490.25905,0.0779997362414711
490.259051,0.0779998021810134
490.259052,0.0779998681206756
490.259053,0.0779999340603378
490.259054,0.078
490.26225,0.078306454705998
490.4564,0.0969229068886101
490.4572,0.0969996164522272
490.457201,0.0969997123390396
490.457202,0.0969998082260264
490.457203,0.0969999041130132
490.457204,0.097
490.6544,0.0691136969698598
490.6552,0.0690005656567571
490.655201,0.0690004242425678
490.655202,0.0690002828283785
490.655203,0.0690001414141893
490.655204,0.069
490.8524,0.060027482305393
490.853,0.0600001820020838
490.853001,0.0600001365015628
490.853002,0.0600000910010419
490.853003,0.0600000455005209
490.853004,0.06
491.0504,0.0460603076923001
491.05125,0.0460002824715939
491.051251,0.0460002118536633
491.051252,0.0460001412358611
491.051253,0.0460000706179305
491.051254,0.046
491.2484,0.0220793528816363
491.24905,0.0220004853386695
491.249051,0.022000364003947
491.249052,0.0220002426694451
491.249053,0.0220001213347225
491.249054,0.022
491.2517,0.0224395570099523
491.4464,0.0547833778002449
491.4477,0.0549993355148016
491.447701,0.0549995016358745
491.447702,0.0549996677572497
491.447703,0.0549998338786248
491.447704,0.055
491.6444,0.046036637974736
491.6452,0.0460001822785427
491.645201,0.046000136708907
491.645202,0.0460000911392713
491.645203,0.0460000455696356
491.645204,0.046
491.8424,0.0191096363637934
491.8432,0.0190005454547301
491.843201,0.0190004090910475
491.843202,0.019000272727365
491.843203,0.0190001363636825
491.843204,0.019
492.0404,0.0578220292780541
492.0413,0.0579992125190213
492.041301,0.0579994093889974
492.041302,0.0579996062593316
492.041303,0.0579998031296658
492.041304,0.058
492.23845,0.071939616161624
492.2393,0.0719997171716214
492.239301,0.071999787878716
492.239302,0.0719998585858107
492.239303,0.0719999292929053
492.239304,0.072
492.24195,0.0713844955754509
492.43645,0.0261405006322858
492.43705,0.0260009304676542
492.437051,0.0260006978506348
492.437052,0.0260004652340386
492.437053,0.0260002326170193
492.437054,0.026
492.63445,0.043931506434465
492.6352,0.0439996366389521
492.635201,0.0439997274790901
492.635202,0.0439998183193934
492.635203,0.0439999091596967
492.635204,0.044
492.8324,0.0280649696970627
492.8332,0.0280003232324326
492.833201,0.0280002424243244
492.833202,0.0280001616162163
492.833203,0.0280000808081081
492.833204,0.028
493.0304,0.0090867036850505
493.0313,0.0090003836445793
493.031301,0.0090002877335653
493.031302,0.0090001918223769
493.031303,0.0090000959111884
493.031304,0.009
493.22845,0.052666871381863
493.22995,0.0529991140197354
493.229951,0.0529993355144994
493.229952,0.0529995570096662
493.229953,0.0529997785048331
493.229954,0.053
493.23255,0.0525131677647746
493.42645,0.0161507754690456
493.42725,0.0160007501266234
493.427251,0.0160005625952234
493.427252,0.0160003750634822
493.427253,0.0160001875317411
493.427254,0.016
493.62445,0.036914727272605
493.62525,0.0369995757574321
493.625251,0.0369996818180741
493.625252,0.036999787878716
493.625253,0.036999893939358
493.625254,0.037
493.82245,0.0499472121211364
493.82325,0.0499997373736484
493.823251,0.0499998030302363
493.823252,0.0499998686868242
493.823253,0.0499999343434121
493.823254,0.05
494.02045,0.0191648121059734
494.0215,0.019000625472815
494.021501,0.0190004691048246
494.021502,0.0190003127365497
494.021503,0.0190001563682748
494.021504,0.019
494.21845,0.0389086176395811
494.21935,0.0389995956531357
494.219351,0.0389996967398518
494.219352,0.0389997978265679
494.219353,0.0389998989132839
494.219354,0.039
494.22255,0.0389516124148419
494.41645,0.0360159576078498
494.4175,0.0360000605601746
494.417501,0.0360000454201241
494.417502,0.0360000302800735
494.417503,0.036000015140023
494.417504,0.036
494.61445,0.0697508266127154
494.6159,0.0699993145162087
494.615901,0.0699994858869227
494.615902,0.0699996572579484
494.615903,0.0699998286289742
494.615904,0.07
494.81245,0.0660162959209759
494.81325,0.066000081074261
494.813251,0.0660000608056957
494.813252,0.0660000405371305
494.813253,0.0660000202685652
494.813254,0.066
495.01045,0.0282020277428061
495.0115,0.028000766708612
495.011501,0.0280005750317205
495.011502,0.0280003833544803
495.011503,0.0280001916772401
495.011504,0.028
495.2085,0.0130647460197034
495.20935,0.0130003032601481
495.209351,0.0130002274451111
495.209352,0.013000151630074
495.209353,0.013000075815037
495.209354,0.013
495.2126,0.0135569719909528
495.4065,0.0468277264695789
495.4075,0.0469993136510419
495.407501,0.0469994852382814
495.407502,0.0469996568255209
495.407503,0.0469998284127604
495.407504,0.047
495.6045,0.0430202828282777
495.6055,0.0430000808080714
495.605501,0.0430000606060443
495.605502,0.0430000404040173
495.605503,0.0430000202019903
495.605504,0.043
495.8025,0.0489756117290393
495.8033,0.0489998786653326
495.803301,0.0489999089990132
495.803302,0.0489999393326938
495.803303,0.0489999696663745
495.803304,0.049
496.0005,0.0101975580221476
496.0015,0.0100007870836623
496.001501,0.0100005903126572
496.001502,0.0100003935420101
496.001503,0.010000196771005
496.001504,0.01
496.1985,0.0318884444444736
496.1995,0.0319995555556072
496.199501,0.0319996666665538
496.199502,0.0319997777777025
496.199503,0.0319998888888512
496.199504,0.032
496.20215,0.0322672727271716
496.3965,0.0518985858586124
496.3975,0.0519995959594591
496.397501,0.0519996969695943
496.397502,0.0519997979797295
496.397503,0.0519998989898648
496.397504,0.052
496.5945,0.0420507070707856
496.5955,0.0420002020202704
496.595501,0.0420001515152028
496.595502,0.0420001010101352
496.595502999,0.0420000505050676
496.595504,0.042
496.7925,0.0469746464646528
496.7935,0.0469998989899107
496.793501,0.0469999242424445
496.793502,0.0469999494949783
496.793503,0.0469999747475121
496.793504,0.047
496.9905,0.0281011158798561
496.99155,0.0280003837414348
496.991551,0.028000287806207
496.991552,0.0280001918708046
496.991553,0.0280000959354023
496.991554,0.028
497.18855,0.0319797171717224
497.18955,0.0319999191918918
497.189551,0.0319999393939188
497.189552,0.0319999595959459
497.189553,0.0319999797979729
497.189554,0.032
497.1922,0.0325612727270605
497.38655,0.0737870303027001
497.38755,0.0739991515148642
497.387551,0.0739993636361482
497.387552,0.0739995757574321
497.387553,0.073999787878716
497.387554,0.074
497.58455,0.0123143838383044
497.58555,0.0120012525251069
497.585551,0.0120009393936878
497.585552,0.0120006262622686
497.585552999,0.0120003131308495
497.585554,0.012
497.78255,0.0913339038511202
497.7842,0.0919983891267917
497.784201,0.0919987918452769
497.784202,0.0919991945637621
497.784203,0.0919995972815148
497.784204,0.092
497.98055,0.029320506713876
497.98155,0.0290012769190307
497.981551,0.0290009576891278
497.981552,0.0290006384598057
497.981553,0.0290003192299028
497.981554,0.029
498.17855,0.0459137979798205
498.17955,0.0459996565656964
498.179551,0.0459997424241552
498.179552,0.0459998282827701
498.179553,0.045999914141385
498.179554,0.046
498.1822,0.0460937229601166
498.3766,0.0529794914610838
498.5748,0.059999858317537
498.574800999,0.0599998937381688
498.574802,0.0599999291587362
498.574803,0.0599999645793681
498.574804,0.06
498.57835,0.0599641818181827
498.77255,0.0580025656565706
498.9708,0.056000040404054
498.970801,0.0560000303030405
498.970802,0.056000020202027
498.970803,0.0560000101010135
498.970804,0.056
498.9737,0.0554295757575837
499.1688,0.0170007878790546
499.168801,0.0170005909092909
499.168802,0.0170003939395273
499.168803,0.0170001969697636
499.168804,0.017
499.17235,0.0172148548346335
499.36685,0.0289997576369885
499.366851,0.0289998182277689
499.366852,0.0289998788184391
499.366853,0.0289999394092195
499.366854,0.029
499.3695,0.0287463471240391
499.3705,0.0286504843593103
499.56505,0.0100003834511893
499.565051,0.010000287588392
499.565052,0.0100001917255946
499.565053,0.0100000958627973
499.565054,0.01
499.56775,0.0103134883720419
499.76285,0.0329995348835634
499.762851,0.0329996511626726
499.762852,0.0329997674417817
499.762853,0.0329998837208908
499.762854,0.033
499.7664,0.0332682976040295
499.9611,0.0479996973518636
499.961101,0.0479997730139321
499.961102,0.047999848675863
499.961103,0.0479999243379315
499.961104,0.048
499.96375,0.0478126725663128
500.15885,0.0340002831858078
500.158851,0.0340002123893236
500.158852,0.0340001415928395
500.158853,0.0340000707963553
500.158854,0.034
500.1624,0.0335701818181928
500.35685,0.0100004848484285
500.356851,0.0100003636362662
500.356852,0.010000242424104
500.356853,0.0100001212121622
500.356854,0.01
500.3595,0.0107073795714703
500.3599,0.0108143152584641
500.5551,0.0629989306432516
500.555101,0.0629991979825603
500.555102,0.0629994653218689
500.555103,0.0629997326611776
500.555104,0.063
500.5584,0.0629499974715435
500.75285,0.0600000606826731
500.752851,0.0600000455120255
500.752852,0.0600000303413503
500.752853,0.0600000151706751
500.752854,0.06
500.75575,0.0599707474747478
500.95085,0.058000040404054
500.950851,0.0580000303030405
500.950852,0.058000020202027
500.950853,0.0580000101010135
500.950854,0.058
500.95375,0.0589945858585811
501.14885,0.1259986262627859
501.148851,0.1259989696972456
501.148852,0.1259993131317053
501.148853,0.125999656566165
501.148854,0.126
501.1524,0.1251763898005788
501.3469,0.0800009290582106
501.346901,0.0800006967935523
501.346902,0.0800004645293165
501.346903,0.0800002322646582
501.346904,0.08
501.34955,0.0815619677098644
501.3499,0.0817685771943077
501.5451,0.1969976387479393
501.545101,0.1969982290609545
501.545102,0.1969988193739696
501.545103,0.1969994096869848
501.545104,0.197
501.54955,0.1955404545457695
501.7431,0.1320013131311605
501.743101,0.1320009848482211
501.743102,0.1320006565652817
501.743103,0.1320003282823423
501.743104,0.132
501.7458,0.1322314163091302
501.94115,0.1489996566524004
501.941151,0.1489997424891832
501.941152,0.1489998283261221
501.941153,0.148999914163061
501.941154,0.149
501.94625,0.1508016161612446
502.139149999,0.2189985858581071
502.139151,0.2189989393935803
502.139152,0.2189992929290535
502.139153,0.2189996464645268
502.139154,0.219
502.1418,0.2175281415934697
502.3369,0.109002225031347
502.336901,0.1090016687732573
502.336902,0.1090011125161794
502.336903,0.1090005562580897
502.336904,0.109
502.34165,0.107180141271249
502.34205,0.1070267608478225
502.5351,0.0330015338047573
502.535101,0.033001150353568
502.535102,0.0330007669023786
502.535103,0.0330003834511893
502.535104,0.033
502.53915,0.0335312929292942
502.7331,0.0589994747472969
502.733101,0.0589996060604727
502.733102,0.0589997373736484
502.733103,0.0589998686868242
502.733104,0.059
502.7358,0.0587549709669664
502.93115,0.0410003635445172
502.931151,0.0410002726583465
502.931152,0.0410001817723412
502.931153,0.0410000908861706
502.931154,0.041
502.9359,0.0424621515153103
503.12915,0.1019987676769108
503.129151,0.1019990757572628
503.129152,0.1019993838381752
503.129153,0.1019996919190876
503.129154,0.102
503.1318,0.101679272727394
503.32715,0.078000484848649
503.327150999,0.0780003636364867
503.327152,0.0780002424243244
503.327153,0.0780001212121622
503.327154,0.078
503.331949999,0.079743999999728
503.3321,0.0797985454542184
503.52515,0.149998545454053
503.525151,0.1499989090905397
503.525152,0.1499992727270265
503.525153,0.1499996363635132
503.525154,0.15
503.52785,0.1482298989901746
503.72315,0.020002626262321
503.723151,0.0200019696964422
503.723152,0.0200013131305633
503.723153,0.0200006565646845
503.723154,0.02
503.7279,0.0216299393941163
503.92115,0.0879986262627859
503.921151,0.0879989696972456
503.921152,0.0879993131317053
503.921153,0.0879996565655402
503.921154,0.088
503.9214,0.0880347878787321
504.11915,0.1159994343435
504.119151,0.1159995757576893
504.119152,0.1159997171716214
504.119153,0.1159998585858107
504.119154,0.116
504.1218,0.1154921818180247
504.31715,0.0780007676766784
504.317151,0.0780005757577706
504.317152,0.0780003838385137
504.317153,0.0780001919192568
504.317154,0.078
504.32195,0.0784117777777135
504.3221,0.0784246565655793
504.51515,0.0949996565655403
504.515151,0.0949997424241552
504.515152,0.0949998282827701
504.515153,0.094999914141385
504.515154,0.095
504.5178,0.0947460909091845
504.71315,0.0760003838383392
504.713151,0.0760002878787107
504.713152,0.0760001919190823
504.713153,0.0760000959594539
504.713154,0.076
504.7179,0.0755689808274011
504.9107,0.0580593945509117
504.91135,0.0580003632693826
504.911351,0.0580002724519956
504.911352,0.0580001816347739
504.911353,0.0580000908173869
504.911354,0.058
505.1087,0.1098282424243777
505.10935,0.1099989494950715
505.109351,0.1099992121209454
505.109352,0.1099994747472969
505.109353,0.1099997373736484
505.109354,0.11
505.3072,0.1549990902195555
505.307201,0.1549993176646666
505.307202,0.1549995451097777
505.307203,0.1549997725548889
505.307204,0.155
505.30985,0.1539584254356693
505.31,0.1538993792585904
505.5047,0.0772574413328373
505.50535,0.0770015745652567
505.505351,0.0770011809239425
505.505352,0.0770007872826283
505.505353,0.0770003936413141
505.505354,0.077
505.7032,0.1179991710893053
505.703201,0.1179993783170732
505.703202,0.1179995855448411
505.703203,0.1179997927722321
505.703204,0.118
505.7079,0.1180236992177641
505.9007,0.118996699470101
505.90135,0.1189999798132751
505.901351,0.1189999848599586
505.901352,0.1189999899066421
505.901353,0.1189999949533164
505.901354,0.119
506.0987,0.1379372424242919
506.09935,0.1379996161616608
506.099351,0.1379997121212892
506.099352,0.1379998080807431
506.099353,0.1379999040403715
506.099354,0.138
506.2972,0.1280002021734321
506.297201,0.128000151630074
506.297202,0.128000101086716
506.297203,0.128000050543358
506.297204,0.128
506.2998,0.1283537320212321
506.2999,0.1283673580620138
506.4947,0.1549108856924793
506.49535,0.1549994549581803
506.495351,0.1549995912186352
506.495352,0.1549997274790902
506.495353,0.154999863739545
506.495354,0.155
506.6932,0.2169987465252909
506.693201,0.2169990598941107
506.693202,0.2169993732629305
506.693203,0.2169996866317502
506.693204,0.217
506.6958,0.2147973333331104
506.8912,0.0490033939389995
506.891201,0.0490025454538638
506.891202,0.049001696968728
506.891203,0.0490008484851357
506.891204,0.049
506.8935,0.0492780221998661
507.088749999,0.072920807265451
507.0894,0.0729995156408231
507.089401,0.0729996367304521
507.089402,0.0729997578203014
507.089403,0.0729998789101507
507.089404,0.073
507.28675,0.0590462424243346
507.2874,0.0590002828283785
507.287401,0.0590002121212839
507.287402,0.0590001414141892
507.287403,0.0590000707070946
507.287404,0.059
507.28995,0.0594243333332883
507.48475,0.0918910000000848
507.4854,0.0919993333334108
507.485401,0.0919995000001338
507.485402,0.0919996666668569
507.485403,0.09199983333358
507.485404,0.092
507.68275,0.0491420303029183
507.6834,0.0490008686867677
507.683401,0.049000651514977
507.683402,0.0490004343431863
507.683403,0.0490002171717906
507.683404,0.049
507.88075,0.1028216363637769
507.8814,0.1029989090910358
507.881401,0.1029991818184009
507.881402,0.1029994545452699
507.881403,0.1029997272726349
507.881404,0.103
508.07945,0.0890460795169513
508.0801,0.0890002818320028
508.080101,0.0890002113740021
508.080101999,0.0890001409160014
508.080103,0.0890000704580007
508.080104,0.089
508.27675,0.0939834262544017
508.2774,0.0939998986314912
508.277401,0.0939999239736184
508.277402,0.0939999493157456
508.277403,0.0939999746578728
508.277404,0.094
508.28,0.0933313333332656
508.47475,0.0431684545457903
508.4754,0.0430010303033791
508.475401,0.0430007727275343
508.475402,0.0430005151516895
508.475403,0.0430002575758447
508.475404,0.043
508.67275,0.0579466801312765
508.67345,0.0579996970462356
508.673451,0.0579997727847111
508.673452,0.0579998485230489
508.673453,0.0579999242615244
508.673454,0.058
508.8712,0.0241206147644314
508.8719,0.0240006853110818
508.871901,0.0240005139832334
508.871902,0.0240003426553851
508.871903,0.0240001713278483
508.871904,0.024
509.0688,0.0130336405063707
509.0694,0.0130002227847842
509.069401,0.0130001670885628
509.069402,0.0130001113924427
509.069403,0.0130000556962213
509.069404,0.013
509.2668,0.0399176363635343
509.2674,0.0399994545455179
509.267401,0.0399995909089524
509.267402,0.0399997272726349
509.267403,0.0399998636363174
509.267404,0.04
509.27,0.0401703154176302
509.4648,0.0529505324248914
509.46555,0.0529997375725765
509.465551,0.0529998031793429
509.465552,0.0529998687862286
509.465553,0.0529999343931143
509.465554,0.053
509.6628,0.1526695300659483
509.66345,0.152997978777395
509.663451,0.152998484083276
509.663452,0.1529989893891571
509.663453,0.1529994946941189
509.663454,0.153
509.8608,0.0413699393936478
509.86145,0.0410022626259996
509.861451,0.0410016969692425
509.861452,0.0410011313135143
509.861453,0.0410005656567571
509.861454,0.041
510.0588,0.0310330303030042
510.05945,0.0310002020201785
510.059451,0.0310001515152028
510.059452,0.0310001010101352
510.059453,0.0310000505050676
510.059454,0.031
510.2568,0.0180429393940249
510.25745,0.0180002626263515
510.257451,0.0180001969697636
510.257452,0.0180001313131757
510.257453,0.0180000656565878
510.257454,0.018
510.26005,0.0179737976280568
510.4548,0.0160081150643568
510.4556,0.0160000403734681
510.455601,0.016000030280101
510.455602,0.016000020186734
510.455603,0.016000010093367
510.455604,0.016
510.6528,0.0718148900683778
510.65345,0.071998867829295
510.653451,0.0719991508721
510.653452,0.0719994339149049
510.653453,0.0719997169577099
510.653454,0.072
510.85085,0.0471076923076777
510.8517,0.0470005044137899
510.851701,0.0470003783103424
510.851702,0.0470002522068949
510.851703,0.0470001261034474
510.851704,0.047
511.0488,0.0848265050507672
511.0497,0.0849992323233215
511.049701,0.0849994242425784
511.049702,0.0849996161618353
511.049703,0.0849998080810922
511.049704,0.085
511.2468,0.048131688573985
511.2475,0.0480007482304489
511.247501,0.0480005611727516
511.247502,0.0480003741150543
511.247503,0.048000187057357
511.247504,0.048
511.2501,0.0483276123170429
511.4448,0.0728985360927375
511.4456,0.0729994952042713
511.445601,0.0729996214032034
511.445602,0.0729997476021356
511.445603,0.0729998738010678
511.445604,0.073
511.6428,0.0441177575759263
511.6436,0.0440005858587841
511.643601,0.0440004393940881
511.643602,0.044000292929392
511.643603,0.044000146464696
511.643604,0.044
511.84085,0.1415775265018202
511.8417,0.1419980212007435
511.841701,0.1419985159005576
511.841702,0.1419990106003718
511.841703,0.1419995053001859
511.841704,0.142
512.03885,0.1917717748046878
512.03975,0.1919989901541188
512.039751,0.1919992426157039
512.039752,0.191999495077289
512.039753,0.1919997475384149
512.039754,0.192
512.23685,0.4780508318565192
512.2375,0.4789941946883002
512.237501,0.4789956460162252
512.237502,0.4789970973441501
512.237503,0.4789985486720751
512.237504,0.479
512.24015,0.4825253292946577
512.43485,0.7419288115048989
512.43565,0.7429946707022079
512.435651,0.742996003026656
512.435652,0.742997335351104
512.435653,0.742998667675552
512.435654,0.743
512.63285,0.9312325454551752
512.63365,0.9319961818186256
512.633651,0.9319971363644032
512.633652,0.9319980909101808
512.633653,0.9319990454559588
512.633654,0.932
512.83085,1.3737508779017031
512.83185,1.3759910393552293
512.831851,1.3759932795174403
512.831852,1.375995519675577
512.831853,1.3759977598377886
512.831854,1.376
513.02885,1.6168945528061212
513.02975,1.6179951086412965
513.029751,1.6179963314815282
513.029752,1.6179975543217604
513.029753,1.6179987771619924
513.029754,1.618
513.22685,1.8529225050499751
513.22775,1.8539952323237865
513.227751,1.853996424243382
513.227752,1.8539976161629772
513.227753,1.8539988080804048
513.227754,1.854
513.2304,1.8586662657922304
513.42485,2.201582132388069
513.42565,2.2029929459299007
513.425651,2.2029947094474256
513.425652,2.2029964729649505
513.425653,2.202998236482475
513.425654,2.203
513.62285,2.4171269696976863
513.62365,2.4179956565661613
513.623651,2.4179967424251148
513.623652,2.417997828284068
513.623653,2.417998914143022
513.623654,2.418
513.8209,2.451827813367007
513.8219,2.4519993139975576
513.821901,2.451999485497934
513.821902,2.451999656998623
513.821903,2.451999828499311
513.821904,2.452
514.0189,2.623257578972486
514.01975,2.623996522616968
514.019751,2.623997391962726
514.019752,2.623998261308484
514.019753,2.623999130654242
514.019754,2.624
514.2169,2.60508194949494
514.21775,2.6050003838383398
514.217751,2.60500028787871
514.217752,2.6050001919190824
514.217753,2.6050000959594537
514.217754,2.605
514.2204,2.605360909320648
514.4149,2.63189033594351
514.4157,2.631999454407742
514.415701,2.6319995908058686
514.415702,2.631999727203995
514.415703,2.631999863602122
514.415704,2.632
514.6129,2.870089638796962
514.61365,2.870995170495965
514.613651,2.870996377871974
514.613652,2.8709975852479825
514.613653,2.8709987926239915
514.613654,2.871
514.8109,2.9893973467845183
514.8119,2.989997598991452
514.811901,2.98999819924277
514.811902,2.98999879949518
514.811903,2.98999939974759
514.811904,2.99
515.0089,3.196945292929569
515.0099,3.1979957979783755
515.009901,3.1979968484837817
515.009902,3.1979978989891875
515.009903,3.1979989494945937
515.009904,3.198
515.2069,3.1770959272360257
515.2078,3.177000424456747
515.207801,3.177000318342512
515.207802,3.177000212228277
515.207803,3.1770001061142352
515.207804,3.177
515.21045,3.174916325087687
515.4049,3.0217906309942437
515.4059,3.0210031499239145
515.405901,3.021002362442578
515.405902,3.021001574961241
515.405903,3.0210007874799043
515.405904,3.021
515.602899999,3.225166734075513
515.6037,3.225995854398864
515.603701,3.2259968907996197
515.603702,3.2259979272003747
515.603702999,3.2259989636011297
515.603704,3.226
515.80095,2.8966762875153163
515.80195,2.8950066784385786
515.801951,2.895005008828934
515.801952,2.895003339219289
515.801953,2.895001669609645
515.801954,2.895
515.99895,3.0860264242409152
515.99995,3.086996121210808
515.999951,3.086997090908106
515.999952,3.086998060605404
515.999953,3.086999030302702
515.999954,3.087
516.19695,2.9237078898154305
516.197799999,2.9230033156427786
516.197800999,2.9230024867317077
516.197801999,2.9230016578206355
516.197802999,2.923000828911072
516.197804,2.923
516.20245,2.923937875347207
516.3949,2.96278723189497
516.39595,2.962999192531005
516.395951,2.962999394398345
516.395952,2.962999596265686
516.395953,2.9629997981326595
516.395954,2.963
516.59295,2.8893752323231343
516.59395,2.889001494949321
516.593950999,2.8890011212118214
516.593952,2.889000747475001
516.593953,2.8890003737375003
516.593954,2.889
516.79095,2.824476240866483
516.7924,2.824001310153539
516.792401,2.824000982615005
516.792402,2.824000655077067
516.792403,2.824000327538533
516.792404,2.824
516.98895,2.7702744419138643
516.98995,2.7700010933944474
516.989951,2.770000820045836
516.989952,2.770000546697224
516.989953,2.770000273348612
516.989954,2.77
517.18695,2.8466095555556543
517.18795,2.846998444444625
517.187951,2.846998833333646
517.187952,2.8469992222226663
517.187953,2.846999611111687
517.187954,2.847
517.19065,2.840164686865202
517.38495,2.347545494948829
517.38595,2.345010141412963
517.385951,2.3450076060585694
517.385952,2.345005070704176
517.385953,2.3450025353543937
517.385954,2.345
517.58295,2.5548770815447552
517.584,2.555995738450381
517.584000999,2.555996803836333
517.584002,2.555997869224222
517.584003,2.555998934612111
517.584004,2.556
517.78095,2.6723771818180087
517.782,2.6729976363628363
517.782001,2.672998227272127
517.782002,2.672998818181418
517.782003,2.672999409090709
517.782004,2.673
517.97895,2.431293545452685
517.98,2.430004909090339
517.980001,2.430003681817196
517.980002,2.430002454544053
517.980003,2.4300012272709104
517.980004,2.43
518.17695,2.367319535236664
518.17795,2.3670012730491807
518.177951,2.367000954786885
518.177952,2.3670006365245904
518.177953,2.367000318262295
518.177954,2.367
518.18065,2.367184143688308
518.37495,2.380455330128927
518.57325,2.3939997267896875
518.573251,2.393999795092266
518.573252,2.393999863394844
518.573253,2.393999931697422
518.573254,2.394
518.57615,2.3924057373737453
518.77125,2.285002202019946
518.771251,2.2850016515147096
518.771252,2.2850011010094726
518.771253,2.285000550504236
518.771254,2.285
518.77605,2.281257666665831
518.969,2.130698196970084
519.16725,1.9760031212117584
519.167251,1.976002340908464
519.167252,1.9760015606065888
519.167253,1.9760007803032944
519.167254,1.976
519.1713,1.9723626868686777
519.36525,1.798003595959178
519.365251,1.79800269697061
519.365252,1.7980017979804068
519.365253,1.7980008989902034
519.365254,1.798
519.3679,1.7933360909108544
519.3683,1.7926310404043788
519.56325,1.4490070505074373
519.563251,1.449005287880578
519.563252,1.4490035252537188
519.563253,1.4490017626268594
519.563254,1.449
519.56615,1.4439100606060848
519.76125,1.1010070303022133
519.761251,1.1010052727258608
519.761252,1.101003515149508
519.761253,1.1010017575731554
519.761254,1.101
519.76415,1.0993764848485077
519.95925,0.9900022424239818
519.959251,0.9900016818177314
519.959252,0.990001121211481
519.959253,0.9900005606062504
519.959254,0.99
519.9622,0.9846301136067503
520.1573,0.6290072910872617
520.157301,0.629005468317933
520.157302,0.6290036455452888
520.157303,0.6290018227726444
520.157304,0.629
520.1621,0.62323511111201
520.3553,0.3910048080824357
520.355301,0.3910036060618268
520.355302,0.3910024040412179
520.355303,0.3910012020206089
520.355304,0.391
520.35805,0.3885061553984685
520.35835,0.3882337033301243
520.5535,0.211003632693826
520.553501,0.2110027245199565
520.553502,0.211001816346087
520.553503,0.2110009081738695
520.553504,0.211
520.5561,0.2092675834174146
520.7513,0.0790026693626826
520.751301,0.0790020020217085
520.751302,0.0790013346807343
520.751303,0.0790006673409741
520.751304,0.079
520.7541,0.0792962462160135
520.9495,0.0999995761857203
520.949501,0.0999996821391456
520.949502,0.0999997880927637
520.949503,0.0999998940463819
520.949504,0.1
520.9521,0.1026558876632685
521.1489,0.303995907723645
521.148901,0.303996930793199
521.148902,0.3039979538627529
521.148903,0.303998976930446
521.148904,0.304
521.1518,0.3054008146639286
521.3453,0.3989980651724611
521.345301,0.3989985488793458
521.345302,0.3989990325862306
521.345303,0.3989995162931153
521.345304,0.399
521.34795,0.4035257013101274
521.3487,0.4048084964683591
521.5435,0.7379931584266275
521.543501,0.7379948688207485
521.543502,0.7379965792148694
521.543503,0.7379982896089903
521.543504,0.738
521.5462,0.7392403235597854
521.7413,0.8289981597575445
521.741301,0.8289986198183676
521.741302,0.8289990798791907
521.741303,0.8289995399400139
521.741304,0.8290000000000001
521.74425,0.8287770996216519
521.93955,0.814000302648274
521.939551,0.8140002269862056
521.939552,0.8140001513241371
521.939553,0.8140000756620686
521.939554,0.8140000000000001
521.9422,0.818067681414411
522.1373,1.1179938508224594
522.137301,1.1179953881175435
522.137301999,1.1179969254098316
522.137302999,1.1179984627049158
522.137303999,1.118
522.1402,1.1172833131313231
522.3353,1.0690009898988748
522.335300999,1.0690007424244936
522.335302,1.0690004949496623
522.335302999,1.0690002474748312
522.335304,1.069
522.338049999,1.0700665422446884
522.33835,1.0701830617905987
522.53355,1.1459984464062336
522.533551,1.145998834804852
522.533552,1.14599922320347
522.533553,1.145999611601382
522.533554,1.146
522.5362,1.1471359090912605
522.73155,1.2309982828284824
522.731551,1.230998712121557
522.731552,1.2309991414138508
522.731553,1.2309995707069257
522.731554,1.231
522.73425,1.229420525252786
522.92955,1.115002343434071
522.929551,1.115001757576353
522.929552,1.1150011717175683
522.929553,1.115000585858784
522.929554,1.115
522.93415,1.1175765454538995
523.12755,1.2259977575749983
523.127551,1.2259983181812488
523.127552,1.2259988787874991
523.127553,1.2259994393937497
523.127554,1.226
523.13025,1.2271858038420718
523.32535,1.3129982406465226
523.325351,1.312998680484892
523.325352,1.3129991203232614
523.325353,1.3129995601616309
523.325354,1.313
523.3281,1.3118916246215415
523.32835,1.3117907164483251
523.52355,1.2330016145305895
523.523551,1.2330012108977586
523.523552,1.2330008072649277
523.523553,1.233000403632831
523.523554,1.233
523.52625,1.2338705549953968
523.7211,1.296788819374536
523.72175,1.2969987083755283
523.721751,1.296999031281206
523.721752,1.2969993541874705
523.721753,1.296999677093735
523.721754,1.297
523.92065,1.4559968024136445
523.920651,1.455997601810597
523.920652,1.4559984012075493
523.920653,1.4559992006030475
523.920654,1.456
523.92335,1.4557536024372064
524.1176,1.4380003655749765
524.117601,1.4380002741811908
524.117602,1.4380001827874052
524.117603,1.4380000913936195
524.117604,1.438
524.12025,1.4344853636352763
524.3156,1.1750053131306957
524.315601,1.175003984847418
524.315602,1.1750026565641398
524.315603,1.175001328283278
524.315604,1.175
524.3158,1.1751078989903774
524.3184,1.1765392121215794
524.5136,1.283997797980054
524.513601,1.2839983484852908
524.513602,1.2839988989895263
524.513603,1.283999449494763
524.513604,1.284
524.5182,1.2823519393937002
524.7116,1.2130014343432678
524.711601,1.21300107575794
524.711602,1.21300071717196
524.711603,1.21300035858598
524.711604,1.213
524.7118,1.2130156996244548
524.9107,1.228947614518189
524.91135,1.2289996795995366
524.911351,1.2289997596996889
524.911352,1.2289998397996955
524.911353,1.2289999198998478
524.911354,1.229
525.1076,1.410996290444604
525.107601,1.410997217833453
525.107602,1.4109981452223022
525.107603,1.410999072611151
525.107604,1.411
525.1103,1.4093541069629236
525.3051,1.2904297880928632
525.3058,1.2900024419775165
525.305801,1.2900018314828596
525.305802,1.290001220988203
525.305803,1.2900006104946569
525.305804,1.29
525.30845,1.294066653186302
525.5036,1.593993852376852
525.503601,1.593995389283338
525.503602,1.593996926189824
525.503603,1.5939984630935142
525.503604,1.594
525.5063,1.5923664731131244
525.70165,1.4740024236312168
525.701651,1.4740018177234129
525.701652,1.4740012118156085
525.701653,1.474000605907804
525.701654,1.474
525.70185,1.47377467871595
525.90025,1.2456943574284918
525.90085,1.24500459839304
525.900851,1.2450034487942574
525.900852,1.2450022991954746
525.900853,1.245001149598783
525.900854,1.245
526.09765,1.1490019512192855
526.097651,1.1490014634142425
526.097652,1.149000975609199
526.097653,1.149000487804156
526.097654,1.149
526.10035,1.148346754164234
526.29515,1.1011463503282974
526.29575,1.101000969207799
526.295751,1.1010007269058493
526.295752,1.1010004846038994
526.295753,1.1010002423019498
526.295754,1.101
526.29845,1.096262772028017
526.49315,0.754149164351538
526.4938,0.7530070285273327
526.493801,0.7530052713947004
526.493802,0.7530035142652645
526.493803,0.7530017571326322
526.493804,0.753
526.6916,0.5480041456011361
526.691601,0.5480031092003808
526.691602,0.5480020727996254
526.691603,0.5480010364007554
526.691604,0.548
526.69185,0.5478067933970072
526.88915,0.3928488144073609
526.8915,0.3910031415704204
526.891501,0.3910023561774581
526.891502,0.3910015707844959
526.891503,0.3910007853915336
526.891504,0.391
527.08715,0.2444897503830417
527.0878,0.2440029954161948
527.087801,0.2440022465621461
527.087802,0.2440014977080974
527.087803,0.2440007488540487
527.087804,0.244
527.28565,0.1650015971693873
527.285651,0.1650011978768589
527.285652,0.1650007985843305
527.285653,0.1650003992918021
527.285654,0.165
527.2859,0.1650633156703138
527.2885,0.1657325056778323
527.48315,0.2158316729751514
527.4838,0.215998970477031
527.483801,0.2159992278578903
527.483802,0.2159994852387496
527.483803,0.2159997426191407
527.483804,0.216
527.68165,0.5429933889317767
527.681651,0.5429950416995841
527.681652,0.5429966944643853
527.681653,0.5429983472321926
527.681654,0.543
527.6819,0.5432284330049333
527.8792,0.7264391319700344
527.8798,0.7269962856426219
527.879801,0.7269972142306996
527.879802,0.7269981428204664
527.879803,0.7269990714102332
527.879804,0.727
528.07715,0.8246763030296579
528.0778,0.82499802020135
528.077801,0.8249985151510125
528.077802,0.824999010100675
528.077803,0.8249995050503376
528.077804,0.8250000000000001
528.27515,1.1678637575734927
528.2758,1.168993050502698
528.275801,1.1689947878770235
528.275802,1.168996525251349
528.275803,1.1689982626256743
528.275804,1.169
528.27865,1.1719500350519774
528.4732,1.3736117776668637
528.4755,1.375995853781153
528.475501,1.375996890336336
528.475502,1.3759979268896338
528.475503,1.3759989634448169
528.475504,1.376
528.6712,1.5085570053479425
528.67185,1.5089972905528997
528.671851,1.5089979679137506
528.671852,1.508998645275834
528.671853,1.508999322637917
528.671854,1.509
528.8692,1.9236259393912003
528.86985,1.924991595956751
528.869851,1.9249936969675632
528.869852,1.9249957979783756
528.869853,1.924997898989188
528.869854,1.925
529.0672,2.399427757572624
529.06785,2.4009903838351287
529.067851,2.400992787876347
529.067852,2.4009951919175645
529.067853,2.400997595958782
529.067854,2.401
529.2652,2.5953559090914107
529.26585,2.5959960606065184
529.265851,2.595997045455337
529.265852,2.595998030304155
529.265853,2.595999015152973
529.265854,2.596
529.26865,2.5970732121214684
529.4632,2.6717489696971675
529.46385,2.6719984646466437
529.463851,2.671998848485157
529.463852,2.671999232323671
529.463853,2.6719996161614863
529.463854,2.672
529.6612,2.954065242424979
529.66185,2.954994282828947
529.661851,2.9549957121223605
529.661852,2.9549971414131737
529.661853,2.9549985707065867
529.661854,2.955
529.8592,3.0217786969698714
529.85985,3.021998646464804
529.859851,3.021998984848141
529.859852,3.0219993232320945
529.859853,3.0219996616160474
529.859854,3.022
530.0582,3.504409366831002
530.05885,3.5059902713534905
530.058851,3.505992703515118
530.058852,3.5059951356767454
530.058853,3.505997567838373
530.058854,3.506
530.2552,3.710319441624895
530.25585,3.710995837563936
530.255851,3.710996878173425
530.255852,3.7109979187829145
530.255853,3.710998959392404
530.255854,3.711
530.25875,3.716729154680722
530.45325,4.101508362354172
530.454,4.102992086803846
530.454001,4.102994065103784
530.454002,4.1029960434037225
530.454003,4.102998021703661
530.454004,4.103
530.65125,4.265297314487728
530.6521,4.265996708731849
530.652101,4.265997531548887
530.652102,4.265998354365925
530.652103,4.265999177182962
530.652104,4.266
530.84925,4.295870606060622
530.8501,4.295999393939464
530.850101,4.295999545454667
530.850102,4.29599969696987
530.850103,4.295999848485073
530.850104,4.296
531.04725,4.510439508771725
531.0496,4.5129956491233125
531.049601,4.512996736842979
531.049602,4.512997824560667
531.049603,4.512998912280334
531.049604,4.513
531.24525,4.841649427336314
531.24605,4.842993280733792
531.246051,4.842994960551108
531.246052,4.842996640368424
531.246053,4.84299832018574
531.246054,4.843
531.24875,4.843953131313617
531.44325,4.912715757575993
531.44405,4.912998585858751
531.444051,4.912998939394224
531.444052,4.912999292929697
531.444053,4.912999646464527
531.444054,4.913
531.64125,5.102180711941537
531.6421,5.102996162583906
531.642101,5.10299712193793
531.642102,5.102998081291953
531.642103,5.102999040645976
531.642104,5.103
531.83925,5.056202717172122
531.8401,5.056000949495271
531.840101,5.056000712121453
531.840102,5.056000474747636
531.840103,5.0560002373738175
531.840104,5.056
532.03725,5.324767583942835
532.03815,5.325994546832242
532.038151,5.325995910124802
532.038152,5.325997273414882
532.038153,5.325998636707441
532.038154,5.3260000000000005
532.23525,5.545106215260969
532.23605,5.545995553310269
532.236051,5.545996664983208
532.236052,5.5459977766561455
532.236053,5.545998888329084
532.236054,5.546
532.2388,5.5465547474747705
532.43325,5.585837575757711
532.43405,5.585999191919286
532.434051,5.585999393939557
532.434052,5.5859995959598265
532.434053,5.58599979797973
532.434054,5.586
532.6313,5.72543165867124
532.6321,5.725997172431533
532.632101,5.725997879322685
532.632102,5.725998586215123
532.632103,5.725999293107562
532.632104,5.726
532.8293,5.856435122443897
532.83015,5.856997354203791
532.830151,5.8569980156531445
532.830152,5.8569986771024976
532.830153,5.856999338551851
532.830154,5.857
533.0273,5.976482424242492
533.02815,5.976997575757858
533.028151,5.976998181818669
533.028152,5.97699878787948
533.028153,5.976999393939189
533.028154,5.977
533.2253,5.998932804045429
533.2259,5.998999554993529
533.225901,5.998999666245147
533.225902,5.998999777496764
533.225903,5.998999888748383
533.225904,5.9990000000000006
533.23075,5.998559788039378
533.4233,5.98106849356537
533.42405,5.981000363361048
533.424051,5.9810002725207445
533.424052,5.981000181680441
533.424053,5.981000090840138
533.424054,5.981
533.6213,6.0377113341741
533.6223,6.037998849936559
533.622301,6.037999137452419
533.622302,6.037999424968279
533.622303,6.03799971248414
533.622304,6.038
533.8193,6.117594343433715
533.8203,6.117998383837837
533.820301,6.117998787878378
533.820302,6.117999191918918
533.820303,6.11799959595946
533.820304,6.118
534.0173,6.163789873673467
534.0182,6.163999070237601
534.018201,6.163999302678307
534.018202,6.163999535118589
534.018203,6.163999767559295
534.018204,6.164
534.2153,6.368955961635807
534.2163,6.369995840485087
534.216301,6.369996880364289
534.216302,6.369997920243489
534.216303,6.369998960120799
534.216304,6.37
534.2209,6.37160325581419
534.41335,6.438736976744612
534.4141,6.438998604651325
534.414101,6.438998953488652
534.414102,6.43899930232598
534.414103,6.438999651162673
534.414104,6.439
534.6113,6.567314168978376
534.61235,6.567997397224844
534.612351,6.567998047918634
534.612352,6.567998698612422
534.612353,6.567999349306212
534.612354,6.5680000000000005
534.8093,6.519260838383463
534.81035,6.519000989898875
534.810351,6.519000742424044
534.810352,6.519000494949212
534.810353,6.519000247474382
534.810354,6.519
535.0073,6.354753904473456
535.0082,6.354003335860113
535.008201,6.354002501894706
535.008202,6.354001667930815
535.008203,6.354000833965408
535.008204,6.354
535.2053,6.482313822861278
535.206349999,6.482997395912491
535.206350999,6.482998046934664
535.206352,6.4829986979556535
535.206353,6.482999348977828
535.206354,6.4830000000000005
535.20905,6.484104303413225
535.40335,6.563691155499868
535.4041,6.563998361567826
535.404101,6.563998771176056
535.404102,6.563999180784286
535.404103,6.563999590392515
535.404104,6.564
535.60135,6.636703650593532
535.60215,6.636998525625014
535.602150999,6.636998894218258
535.602152,6.636999262812172
535.602153,6.636999631406086
535.602154,6.6370000000000005
535.79935,6.474200382583341
535.8008,6.473003302291579
535.800801,6.473002476718683
535.800802,6.473001651145789
535.800803,6.473000825572894
535.800804,6.473
535.99735,6.472005082257655
535.99835,6.4720000202480366
535.998351,6.472000015186025
535.998352,6.472000010124014
535.998353,6.472000005062012
535.998354,6.472
536.19535,6.557628789487033
536.1962,6.557998261309274
536.196201,6.557998695982153
536.196202,6.557999130654242
536.196203,6.557999565327121
536.196204,6.558
536.199049999,6.556736068635137
536.39335,6.47044588443087
536.39435,6.470001776431789
536.394351,6.47000133232364
536.394352,6.4700008882162985
536.394353,6.470000444108149
536.394354,6.47
536.59135,6.560538565656686
536.59235,6.560998161616375
536.592351,6.560998621211654
536.592351999,6.560999080807769
536.592353,6.560999540403885
536.592354,6.561
536.78935,6.63661462626203
536.79035,6.636998464645945
536.790351,6.636998848484459
536.790352,6.636999232322973
536.790353,6.636999616161487
536.790354,6.6370000000000005
536.98735,6.581298025751158
536.9884,6.581001131027388
536.988401,6.581000848270412
536.988402,6.581000565513951
536.988403,6.581000282756976
536.988404,6.581
537.1855,6.420815971731238
537.1865,6.420003250883014
537.186501,6.420002438161891
537.186502,6.420001625440768
537.186503,6.420000812719644
537.186504,6.42
537.18915,6.421417261243485
537.3834,6.52546223345138
537.3844,6.525997857504039
537.384401,6.525998393127298
537.384402,6.525998928751532
537.384403,6.525999464375766
537.384404,6.526
537.5814,6.596586505172346
537.58255,6.596998566741882
537.582551,6.596998925056412
537.582552,6.596999283370941
537.582552999,6.596999641685471
537.582554,6.597
537.78025,6.444773085052646
537.78125,6.4440030800197725
537.781251,6.444002310014479
537.781252,6.444001540009186
537.781253,6.444000770005293
537.781254,6.444
537.9774,6.291779163073599
537.9784,6.291003104234993
537.978401,6.291002328175892
537.978402,6.291001552116791
537.978403,6.291000776059102
537.978404,6.291
538.1754,6.415272016149643
538.17655,6.41599747665939
538.176551,6.41599810749483
538.176552,6.415998738330269
538.176553,6.415999369164561
538.176554,6.416
538.17925,6.415515525183577
538.3734,6.3806265097442125
538.57165,6.345000718805282
538.571651,6.34500053910388
538.571652,6.345000359402477
538.571653,6.345000179701402
538.571654,6.345
538.574549999,6.344151890936646
538.7697,6.287001171421222
538.769701,6.287000878566316
538.769702,6.287000585710877
538.769703,6.287000292855439
538.769704,6.287
538.77255,6.282544141415075
538.9677,5.977006262628383
538.967701,5.977004696971288
538.967702,5.977003131314191
538.967703,5.977001565657096
538.967704,5.977
538.9706,5.976297939393943
539.1657,5.929000969696857
539.165701,5.929000727272533
539.165702,5.929000484848208
539.165703,5.929000242423884
539.165704,5.929
539.16855,5.93010705733818
539.36365,6.005998444051001
539.363651,6.005998833038252
539.363652,6.005999222025501
539.363653,6.005999611012751
539.363654,6.006
539.3664,6.006845989899032
539.36675,6.006953818181379
539.56165,6.066998767676911
539.561651,6.066999075757823
539.561652,6.066999383838736
539.561653,6.066999691919648
539.561654,6.067
539.5646,6.067059440100893
539.7599,6.070999919293794
539.759901,6.070999939470345
539.759902,6.070999959646897
539.759903,6.070999979823448
539.759904,6.071
539.7626,6.067742446916607
539.9577,5.832004833166449
539.957701,5.832003624874837
539.957702,5.832002416583224
539.957703,5.832001208291612
539.957704,5.832
539.9606,5.831429575757584
540.1557,5.793000787879055
540.155701,5.793000590909291
540.155702,5.793000393939527
540.155703,5.793000196969764
540.155704,5.793
540.1586,5.789625593947069
540.35395,5.5620046607813
540.353951,5.562003495587565
540.353952,5.56200233039171
540.353953,5.562001165195855
540.353954,5.562
540.3566,5.559297132744372
540.35675,5.559143908975285
540.5517,5.360004085966656
540.551701,5.360003064474528
540.551702,5.360002042982399
540.551703,5.3600010214921285
540.551704,5.36
540.5546,5.356508731399813
540.74995,5.121004822195832
540.749951,5.121003616646874
540.749952,5.121002411097916
540.749953,5.121001205548958
540.749954,5.121
540.7526,5.117300789541226
540.9488,4.843005592154241
540.948801,4.843004194115045
540.948802,4.843002796075849
540.948803,4.843001398039196
540.948804,4.843
540.9517,4.839514210259073
541.1457,4.606004814628344
541.145701,4.606003610971258
541.145702,4.606002407314172
541.145703,4.606001203657086
541.145704,4.606
541.1486,4.59881295334181
541.34395,4.114009926858872
541.343951,4.1140074451430255
541.343952,4.114004963431693
541.343953,4.114002481715846
541.343954,4.114
541.3466,4.111153545453665
541.34675,4.110992181817465
541.54195,3.9010043030298034
541.541951,3.90100322727382
541.541952,3.90100215151588
541.541953,3.90100107575794
541.541954,3.901
541.5446,3.8969775454560662
541.73995,3.6000060808101395
541.739951,3.6000045606076045
541.739952,3.6000030404050696
541.739953,3.600001520202535
541.739954,3.6
541.74285,3.5967675959596117
541.93795,3.379004464645946
541.937951,3.379003348483952
541.937952,3.379002232321958
541.937953,3.379001116159964
541.937954,3.379
541.94065,3.377664604497677
542.1358,3.2810019812987337
542.135801,3.281001485973825
542.135802,3.2810009906489164
542.135803,3.281000495324909
542.135803999,3.281
542.1387,3.2753089467037766
542.33375,2.892007860569937
542.333750999,2.89200589542656
542.333752,2.892003930283181
542.333752999,2.8920019651398032
542.333754,2.892
542.33665,2.8933585271122064
542.3368,2.893428892812009
542.532,2.9849981235807013
542.532001,2.984998592685526
542.532002,2.984999061790351
542.532003,2.984999530895175
542.532004,2.985
542.5365,2.986135353535252
542.73,3.0349989898991074
542.730001,3.0349992424244454
542.730002,3.0349994949497834
542.730003,3.0349997474751214
542.730004,3.035
542.73265,3.036243132104444
542.92795,3.127998120736924
542.927951,3.127998590552693
542.927952,3.127999060368462
542.927953,3.127999530184231
542.927954,3.128
542.93065,3.128981354903784
543.12575,3.1999985439833294
543.125751,3.199998907987497
543.125752,3.199999271991665
543.125753,3.1999996359958325
543.125754,3.2
543.12865,3.197413763874892
543.323949999,3.023003572148929
543.323951,3.0230026791112907
543.323951999,3.023001786073652
543.323953,3.023000893037638
543.323953999,3.023
543.32665,3.025042424242088
543.3268,3.025156060606987
543.52195,3.172996969697322
543.521951,3.172997727273336
543.521952,3.172998484847972
543.521953,3.172999242423986
543.521954,3.173
543.5247,3.1697025832491166
543.7195,2.935785327953128
543.72015,2.9350048032306875
543.720151,2.935003602423016
543.720152,2.935002401615344
543.720153,2.935001200807672
543.720154,2.935
543.918,3.068997290877242
543.918001,3.0689979681582398
543.918002,3.068998645439237
543.918003,3.0689993227202343
543.918004,3.069
543.92255,3.073293444444549
544.116,3.2559962222226613
544.116001,3.255997166667425
544.116002,3.2559981111121896
544.116003,3.255999055555236
544.116004,3.256
544.1187,3.258478141413733
544.314,3.437996323232751
544.314001,3.437997242424981
544.314002,3.4379981616155395
544.314003,3.43799908080777
544.314004,3.438
544.3167,3.442289090908384
544.31685,3.442527727271779
544.512,3.752993636364376
544.512001,3.752995227271112
544.512002,3.752996818180741
544.512003,3.7529984090903703
544.512004,3.753
544.5166,3.7543916729752222
544.70955,3.812817108251098
544.71015,3.812998788796507
544.710151,3.812999091596968
544.710152,3.8129993943979774
544.710153,3.812999697198989
544.710154,3.813
544.908,4.070994783925451
544.908001,4.0709960879440885
544.908002,4.070997391962726
544.908003,4.070998695981363
544.908004,4.071
544.9107,4.072279919191719
545.106,4.164998101010322
545.106001,4.1649985757579575
545.106002,4.1649990505055925
545.106003,4.164999525253228
545.106004,4.165
545.1087,4.168387003028965
545.30355,4.413178375379054
545.3042,4.413994974773541
545.304201,4.413996231080726
545.304202,4.413997487385627
545.304203,4.413998743692813
545.304204,4.414
545.30685,4.416968976496221
545.50205,4.635995511749807
545.502051,4.635996633812356
545.502052,4.635997755874904
545.502053,4.635998877937452
545.502054,4.636
545.50475,4.638421842038462
545.69955,4.813412505676346
545.7002,4.813996406761337
545.700201,4.813997305071003
545.700202,4.8139982033806685
545.700203,4.813999101690334
545.700204,4.814
545.89755,5.016329484849008
545.8982,5.016995898990376
545.898201,5.016996924243248
545.898202,5.016997949496121
545.898203,5.016998974748993
545.898204,5.017
546.09605,5.176996765226558
546.096051,5.176997573920287
546.096052,5.176998382614015
546.096053,5.1769991913062725
546.096054,5.1770000000000005
546.09875,5.176768700479474
546.29355,5.160056109008283
546.2942,5.160000343174323
546.294201,5.160000257380704
546.294202,5.16000017158724
546.294203,5.16000008579362
546.294204,5.16
546.29685,5.165710598940352
546.49205,5.586991367198375
546.492051,5.586993525395837
546.492052,5.586995683597224
546.492053,5.586997841798612
546.492054,5.587
546.4962,5.590640696441479
546.68955,5.760425707795978
546.6902,5.760996487508273
546.690201,5.760997365631205
546.690202,5.760998243754137
546.690203,5.760999121877068
546.690204,5.761
546.88755,6.219480606057577
546.8882,6.220990707067561
546.888201,6.22099303030067
546.888202,6.22099535353378
546.888203,6.22099767676689
546.888204,6.221
547.08605,6.575992822846425
547.086051,6.575994617135635
547.086052,6.575996411424844
547.086053,6.575998205710791
547.086054,6.5760000000000005
547.08865,6.578986316851962
547.28425,6.803995398587821
547.284251,6.803996548939296
547.284252,6.803997699292864
547.284253,6.803998849646432
547.284254,6.804
547.2869,6.807902181816707
547.28715,6.808270868686809
547.4816,7.0950355151495925
547.48225,7.095994101008104
547.482251,7.095995575756078
547.482252,7.095997050504052
547.482253,7.095998525252026
547.482254,7.096
547.67975,7.29234979560809
547.6804,7.29299602321339
547.680401,7.292997017410043
547.680402,7.292998011606695
547.680403,7.292999005803348
547.680404,7.293
547.8776,7.368748779378513
547.87825,7.3689984634826144
547.878251,7.368998847612135
547.878252,7.368999231741657
547.878253,7.368999615871178
547.878254,7.369
548.0756,7.580299757576309
548.07625,7.580995717172215
548.076251,7.580996787879648
548.076252,7.580997858587081
548.076253,7.580998929292567
548.076254,7.581
548.2736,7.722530969697339
548.27425,7.722997131313464
548.274251,7.722997848485424
548.274252,7.72299856565608
548.274253,7.72299928282804
548.274254,7.723
548.2769,7.72408245454579
548.4716,7.803732454545665
548.47225,7.803998363636554
548.472251,7.803998772726858
548.472252,7.803999181817905
548.472253,7.803999590908953
548.472254,7.804
548.6696,7.736224606061054
548.67025,7.736001373737839
548.670251,7.736001030303379
548.670252,7.736000686868919
548.670253,7.736000343434459
548.670254,7.736
548.8676,7.855603636363945
548.86825,7.855997575757858
548.868251,7.855998181818668
548.868252,7.855998787879479
548.868253,7.855999393940291
548.868254,7.856
549.0656,7.847029727272704
549.06625,7.847000181818161
549.066251,7.8470001363636
549.066252,7.84700009090904
549.066253,7.847000045454561
549.066254,7.847
549.2636,8.019298046934722
549.2644,8.019996507696595
549.264401,8.019997380772843
549.264402,8.019998253849092
549.264403,8.019999126923752
549.264404,8.02
549.26715,8.02154020212234
549.46165,8.130633178372186
549.4623,8.13099775644189
549.462301,8.130998317331416
549.462302,8.130998878220945
549.462303,8.130999439110472
549.462304,8.131
549.65965,8.088185277497455
549.6605,8.088000867810193
549.660501,8.088000650857547
549.660502,8.088000433904899
549.660503,8.088000216952647
549.660504,8.088000000000001
549.85765,8.15778619469
549.85825,8.157998584070317
549.858251,8.157998938052737
549.858252,8.157999292035157
549.858253,8.15799964601758
549.858254,8.158
550.05565,8.187908484848647
550.05625,8.187999393939466
550.056251,8.187999545454668
550.056252,8.18799969696987
550.056253,8.187999848485074
550.056254,8.188
550.25365,8.127232117082642
550.2544,8.127001231390219
550.254401,8.127000923542523
550.254402,8.12700061569483
550.254403,8.127000307847135
550.254404,8.127
550.25715,8.127027758402832
550.45225,8.128999959565332
550.452251,8.128999969674004
550.452252,8.128999979782657
550.452253,8.128999989891328
550.452254,8.129
550.45695,8.12596803026483
550.64965,8.001551384615315
550.6505,8.00100258259743
550.650501,8.001001936947779
550.650502,8.001001291298127
550.650503,8.001000645648476
550.650504,8.001
550.84765,7.975085965621774
550.8483,7.975000525783559
550.848301,7.97500039433761
550.848302,7.97500026289166
550.848303,7.975000131445711
550.848304,7.975
551.04565,8.060715939394163
551.0463,8.060998262626464
551.046301,8.060998696970046
551.046302,8.060999131313627
551.046303,8.060999565656418
551.046304,8.061
551.24365,8.232302104466893
551.24445,8.232996527883321
551.244451,8.232997395912886
551.244452,8.23299826394245
551.244453,8.232999131970436
551.244454,8.233
551.24715,8.23049462626304
551.4417,8.04970068686924
551.44245,8.049003717171285
551.442451,8.049002787878042
551.442452,8.049001858586488
551.442453,8.049000929293243
551.442454,8.049
551.64,8.182389589316907
551.6409,8.18299729906809
551.640901,8.182997974301374
551.640902,8.182998649533431
551.640903,8.182999324766715
551.640904,8.183
551.83765,8.15413263850247
551.83855,8.15400058689596
551.838551,8.154000440171902
551.838552,8.154000293448114
551.838553,8.154000146724057
551.838554,8.154
552.03565,8.294533683944739
552.0363,8.294997147914364
552.036301,8.294997860936098
552.036302,8.29499857395783
552.036303,8.294999286979564
552.036304,8.295
552.23365,8.2820527479182
552.23445,8.282000262427424
552.234451,8.282000196820539
552.234452,8.282000131213652
552.234453,8.282000065606885
552.234454,8.282
552.23715,8.27863765715558
552.4317,8.03600271648717
552.4325,8.035004988638653
552.432501,8.035003741480692
552.432502,8.03500249432046
552.432503,8.035001247160231
552.432504,8.035
552.631,8.214228893905286
552.63185,8.214996388262271
552.631851,8.214997291197113
552.631852,8.214998194131956
552.631853,8.2149990970668
552.631854,8.215
552.8277,8.152289463786673
552.8286,8.152001280813067
552.828601,8.152000960610238
552.828602,8.152000640406825
552.828603,8.152000320203413
552.828604,8.152000000000001
553.0257,7.97182638383879
553.0266,7.971003656566895
553.026601,7.971002742425171
553.026602,7.971001828283447
553.026603,7.971000914141723
553.026604,7.971
553.2237,7.788743466396558
553.2245,7.788003698837367
553.224501,7.788002774127605
553.224502,7.788001849419524
553.224503,7.788000924709762
553.224504,7.788
553.22715,7.783994954590091
553.4217,7.489519677093444
553.4227,7.488006054492464
553.422701,7.488004540869348
553.422702,7.488003027246232
553.422703,7.488001513623116
553.422704,7.488
553.6207,7.176657382567663
553.62175,7.175006289876184
553.621751,7.175004717406423
553.621752,7.175003144939522
553.621753,7.175001572469761
553.621754,7.175
553.8177,7.065505156210562
553.8186,7.0650022352042114
553.818601,7.065001676403921
553.818602,7.0650011176026135
553.818603,7.065000558801307
553.818604,7.065
554.0157,6.995319595959753
554.0166,6.9950014141412495
554.016601,6.99500106060642
554.016602,6.995000707070947
554.016603,6.995000353535473
554.016604,6.995
554.21375,6.668414707070522
554.2146,6.667006626264869
554.214601,6.667004969698652
554.214602,6.667003313132435
554.214603,6.667001656566217
554.214604,6.667
554.2172,6.666239171299087
554.41175,6.609220980293253
554.4125,6.609001172309111
554.412501,6.6090008792317
554.412502,6.6090005861548216
554.412503,6.609000293077411
554.412504,6.609
554.61,6.256790508815652
554.611,6.25500713350043
554.611001,6.255005350127756
554.611002,6.255003566751837
554.611003,6.255001783375919
554.611004,6.255
554.80775,6.114715873577565
554.80875,6.114002852085636
554.808751,6.114002139063903
554.808752,6.11400142604217
554.808753,6.114000713021733
554.808754,6.114
555.00575,5.9155725582548575
555.0083,5.913004029064929
555.008301,5.913003021798239
555.008302,5.913002014531549
555.008303,5.913001007264858
555.008304,5.913
555.20375,5.677211239500823
555.20475,5.676004825654823
555.204751,5.6760036192427625
555.204752,5.676002412828509
555.204753,5.676001206414254
555.204754,5.676
555.20735,5.673269441213364
555.40175,5.468793082175094
555.4025,5.468004207332002
555.402501,5.468003155498523
555.402502,5.468002103665044
555.402503,5.468001051833479
555.402504,5.468
555.600749999,5.451085661229589
555.601749999,5.4510003412797605
555.601751,5.451000255959781
555.601752,5.451000170639802
555.601753,5.451000085319824
555.601753999,5.4510000000000005
555.79775,5.173492342045578
555.7988,5.172005663536515
555.798801,5.172004247651742
555.798802,5.172002831769545
555.798803,5.172001415884773
555.798804,5.172
555.99575,5.227744129390826
555.99665,5.22799886782878
555.996651,5.227999150871585
555.996652,5.22799943391439
555.996653,5.227999716957195
555.996654,5.228
556.19375,4.947500015140464
556.1948,4.946005692659005
556.194801,4.946004269494254
556.194802,4.946002846329503
556.194803,4.946001423164751
556.194804,4.946
556.1974,4.945239555556004
556.3918,4.888294101010026
556.3928,4.888001171717035
556.392801,4.888000878787643
556.392802,4.888000585858252
556.392803,4.888000292928859
556.392804,4.888
556.589799999,5.263088343434843
556.590799999,5.264992383839268
556.590801,5.2649942878803175
556.590802,5.264996191921366
556.590803,5.264998095958951
556.590803999,5.265
556.7878,5.122725111110921
556.7888,5.122002888888553
556.788801,5.122002166666086
556.788802,5.122001444444933
556.788803,5.122000722222467
556.788804,5.122
556.98575,4.974787838384057
556.9868,4.974002989898643
556.986801,4.974002242425001
556.986802,4.974001494950001
556.986803,4.974000747475
556.986804,4.974
557.18445,4.894424358328528
557.1855,4.894001610467855
557.185501,4.8940012078507085
557.185502,4.894000805233562
557.185503,4.894000402616415
557.185504,4.894
557.1881,4.892514317548605
557.3818,4.781660430489531
557.38295,4.781002289187911
557.382951,4.781001716890933
557.382952,4.781001144593955
557.382953,4.7810005722969775
557.382954,4.781
557.5814,4.695432910504557
557.5824,4.695001724743627
557.582401,4.695001293557721
557.582402,4.695000862371814
557.582402999,4.695000431185907
557.582404,4.695
557.7778,4.654219974548293
557.77885,4.654000834817923
557.778851,4.654000626113727
557.778852,4.654000417409151
557.778853,4.654000208704575
557.778854,4.654
557.9758,4.398368070707451
557.97685,4.397005191920949
557.976851,4.397003893940712
557.976852,4.397002595960475
557.976853,4.397001297980237
557.976854,4.397
558.17545,4.31342252504999
558.17645,4.313001683367303
558.176451,4.313001262525478
558.176452,4.313000841683651
558.176453,4.313000420841826
558.176454,4.313
558.17905,4.3120042017019165
558.3718,4.238067328845253
558.5701,4.162001534357754
558.570101,4.162001150768838
558.570102,4.162000767179226
558.570103,4.162000383589612
558.570104,4.162
558.5729,4.162607212120962
558.7681,4.204999131312837
558.768101,4.204999348484628
558.768102,4.2049995656564185
558.768103,4.204999782828209
558.768104,4.205
558.77095,4.20331827272761
558.9661,4.088002363636089
558.966101,4.088001772726798
558.966102,4.088001181817507
558.966103,4.088000590908216
558.966104,4.088
558.9689,4.083354121211013
559.1641,3.759006646463874
559.164101,3.7590049848471496
559.164102,3.759003323230426
559.164103,3.759001661616724
559.164104,3.759
559.1669,3.75949424242436
559.3621,3.7939992929293753
559.362101,3.793999469697112
559.362102,3.793999646464527
559.362103,3.793999823232264
559.362104,3.794
559.36475,3.793576322241552
559.36505,3.79352828621458
559.56195,3.762000640480577
559.561951,3.7620004803604328
559.561952,3.762000320240289
559.561953,3.762000160120144
559.561954,3.762
559.56455,3.7664336477159375
559.7581,4.096993168491188
559.758101,4.096994876368391
559.758102,4.096996584245594
559.758103,4.096998292122797
559.758104,4.097
559.76095,4.0979917878785805
559.9561,4.165998606060135
559.956101,4.165998954545101
559.956102,4.165999303030067
559.956103,4.165999651515034
559.956104,4.166
559.95895,4.16595716006022
560.1554,4.163000060210731
560.155401,4.163000045158041
560.155402,4.163000030105352
560.155403,4.163000015052663
560.155404,4.163
560.15825,4.167528713779269
560.3521,4.475993634977862
560.352101,4.4759952262341205
560.352102,4.475996817490378
560.352103,4.475998408743742
560.352104,4.476
560.3548,4.476353573770435
560.35505,4.476386360655807
560.55035,4.501999475409897
560.550351,4.501999606557482
560.550352,4.501999737705067
560.550353,4.501999868852653
560.550354,4.502
560.55295,4.501593555555514
560.74835,4.471000626262554
560.748351,4.471000469696844
560.748352,4.471000313131134
560.748353,4.47100015656571
560.748354,4.471
560.75095,4.474215470172223
560.94615,4.7159950455010815
560.946151,4.715996284126375
560.946152,4.715997522751668
560.946153,4.7159987613769605
560.946154,4.716
560.94895,4.7128005621071605
561.1454,4.488004577165916
561.145401,4.488003432874438
561.145402,4.488002288582958
561.145403,4.48800114429148
561.145404,4.488
561.14805,4.492675338916758
561.34235,4.8359929322171205
561.342351,4.8359946991604295
561.342352,4.835996466106954
561.342353,4.835998233053477
561.342354,4.836
561.34495,4.837114444444557
561.3452,4.837221767676512
561.54035,4.920998282827702
561.540351,4.9209987121207766
561.540352,4.920999141413851
561.540353,4.920999570706925
561.540354,4.921
561.54295,4.924355597069456
561.7384,5.1769948295890895
561.738401,5.176996122192405
561.738402,5.1769974147933695
561.738403,5.1769987073966846
561.738404,5.1770000000000005
561.74105,5.175942938052765
561.93615,5.098001597977058
561.936151,5.098001198482612
561.936152,5.098000798988165
561.936153,5.09800039949372
561.936154,5.098
561.94095,5.094729999999269
562.13415,4.963002727272411
562.134151,4.963002045453997
562.134152,4.963001363635585
562.134153,4.9630006818184125
562.134154,4.963
562.137,4.965985967214383
562.3324,5.170995803277268
562.332401,5.170996852457951
562.332402,5.170997901638634
562.332403,5.1709989508193175
562.332404,5.171
562.334949999,5.17310721170808
562.3352,5.173314125661447
562.5299,5.33445871309656
562.53055,5.334996689377119
562.530551,5.334997517033216
562.530552,5.334998344689312
562.530553,5.334999172345409
562.530554,5.335
562.7284,5.422998220874606
562.728401,5.4229986656561575
562.728402,5.422999110437708
562.728403,5.42299955521845
562.728404,5.423
562.731,5.423900120603105
562.9274,5.491998613065488
562.927401,5.4919989597992735
562.927402,5.491999306532429
562.927403,5.491999653266214
562.927404,5.492
562.93,5.494068893401227
563.1244,5.648996812183111
563.124401,5.648997609136247
563.124402,5.648998406090831
563.124403,5.648999203045416
563.124404,5.649
563.127,5.647767555555431
563.322399999,5.555001898990541
563.322401,5.555001424242906
563.322401999,5.555000949495271
563.322403,5.555000474747636
563.322403999,5.555
563.325,5.555363712784628
563.32515,5.555384728546428
563.5216,5.58290837127853
563.52225,5.58299943957975
563.522251,5.582999579684876
563.522252,5.582999719790003
563.522253,5.582999859894874
563.522254,5.583
563.7184,5.883993861841142
563.718401,5.883995396381554
563.718402,5.883996930921967
563.718403,5.883998465462379
563.718404,5.884
563.721,5.884249048220172
563.91645,5.902999616258565
563.916451,5.902999712193793
563.916452,5.902999808129196
563.916453,5.902999904064598
563.916454,5.9030000000000005
563.91905,5.905439282647388
564.1144,6.088996241475558
564.114401,6.088997181107096
564.114402,6.088998120736925
564.114403,6.088999060368463
564.114404,6.089
564.11705,6.088385272727083
564.3124,6.0430009292928215
564.312401,6.0430006969699335
564.312402,6.043000464646622
564.312403,6.043000232323311
564.312404,6.043
564.3169,6.043589788092781
564.31705,6.043609465186607
564.50995,6.068914207870905
564.5106,6.068999475277559
564.510601,6.068999606458228
564.510602,6.068999737638898
564.510603,6.068999868819568
564.510604,6.069
564.70795,6.289270030303606
564.7086,6.289995535354055
564.708601,6.289996651516049
564.708602,6.2899977676780425
564.708603,6.289998883838006
564.708604,6.29
564.90645,6.302999737174658
564.906451,6.302999802881023
564.906452,6.3029998685872695
564.906453,6.302999934293634
564.906454,6.303
564.90905,6.304416000000144
565.10445,6.410997818182072
565.104451,6.4109983636358105
565.104452,6.41099890909054
565.104452999,6.41099945454527
565.104453999,6.4110000000000005
565.10465,6.410896060606565
565.30245,6.306002121212839
565.302451,6.30600159090963
565.302452,6.30600106060642
565.302453,6.30600053030321
565.302454,6.306
565.305,6.306591047186408
565.3071,6.307078556648865
565.49995,6.351848175624225
565.5006,6.3519990714102335
565.500601,6.351999303557675
565.500602,6.351999535705117
565.500603,6.351999767852559
565.500604,6.352
565.69795,6.259307181817943
565.6986,6.259001878787661
565.698601,6.259001409090532
565.698602,6.259000939393403
565.698603,6.259000469696275
565.698604,6.259
565.8965,6.143002344618221
565.896501,6.143001758464465
565.896502,6.143001172309644
565.896503,6.143000586154821
565.896504,6.143
565.89905,6.142447499369228
566.09395,6.100152773151662
566.09465,6.100000868029565
566.094651,6.100000651022174
566.094652,6.100000434014783
566.094653,6.100000217007391
566.094654,6.1000000000000005
566.292,6.2186069393931565
566.29265,6.218997595958783
566.292651,6.218998196969087
566.292652,6.218998797979391
566.292653,6.218999398989696
566.292654,6.219
566.29715,6.220725737373583
566.49,6.2947489696971655
566.49065,6.294998464646643
566.490651,6.2949988484851565
566.490652,6.29499923232367
566.490653,6.294999616162184
566.490654,6.295
566.688,6.266088486991508
566.6886,6.266000586006499
566.688601,6.266000439504808
566.688602,6.266000293003116
566.688603,6.266000146501425
566.688604,6.266
566.88615,6.121478456104567
566.8868,6.121002926336693
566.886801,6.121002194752188
566.886802,6.121001463169012
566.886803,6.121000731584506
566.886804,6.121
567.084,6.252563669446895
567.08465,6.25299733131191
567.084651,6.252997998483022
567.084652,6.2529986656553485
567.084653,6.252999332827674
567.084654,6.253
567.282,5.915119727274959
567.28265,5.914006848487166
567.282651,5.914005136365375
567.282652,5.914003424243584
567.282653,5.914001712121792
567.282654,5.914
567.28725,5.908011272728719
567.48,5.656852181817518
567.48065,5.656005212120606
567.480651,5.656003909089862
567.480652,5.6560026060591175
567.480653,5.656001303028374
567.480654,5.656
567.678,5.712811727272876
567.67865,5.712998848484983
567.678651,5.712999136363868
567.678652,5.712999424242753
567.678653,5.712999712121115
567.678654,5.713
567.876,5.61931048484824
567.87665,5.619001898989678
567.876651,5.619001424242042
567.876652,5.619000949494407
567.876653,5.619000474747636
567.876654,5.619
568.074,5.57215524242412
568.07465,5.572000949494839
568.074651,5.572000712121022
568.074652,5.572000474747636
568.074653,5.5720002373738176
568.074654,5.572
568.27205,5.407503333333956
568.27265,5.407003333332946
568.272651,5.407002500000846
568.272652,5.407001666667231
568.272653,5.407000833333616
568.272654,5.407
568.27525,5.405873866330272
568.47005,5.321370461538415
568.4709,5.321001735182648
568.470901,5.321001301386788
568.470902,5.321000867591718
568.470903,5.321000433795859
568.470904,5.321
568.66805,5.2352626750943525
568.66865,5.235001739569962
568.668651,5.235001304677274
568.668652,5.235000869784586
568.668653,5.235000434891898
568.668654,5.235
568.866,4.990809242423605
568.86665,4.990004949494375
568.866651,4.9900037121202185
568.866652,4.990002474746062
568.866653,4.990001237374156
568.866654,4.99
569.064,4.991991884935661
569.0648,4.991999959626551
569.064801,4.9919999697199176
569.064802,4.991999979813285
569.064803,4.991999989906633
569.064804,4.992
569.26205,4.7139220111185605
569.2627,4.713005639213632
569.262701,4.713004229410224
569.262702,4.713002819606816
569.262703,4.713001409803408
569.262704,4.713
569.26535,4.70850213367129
569.46005,4.3775366860032845
569.46095,4.376006799494797
569.460951,4.376005099623416
569.460952,4.376003399748944
569.460953,4.376001699874473
569.460954,4.376
569.6582,4.425834765032974
569.65885,4.425998989388698
569.658851,4.425999242041638
569.658852,4.425999494694579
569.658853,4.425999747347519
569.658854,4.426
569.85605,4.539623169067773
569.8567,4.5399976952239225
569.856701,4.539998271418203
569.856702,4.539998847611437
569.856703,4.539999423805718
569.856704,4.54
570.05405,4.414511249053323
570.05485,4.414002543527335
570.054851,4.414001907645212
570.054852,4.414001271764246
570.054853,4.414000635882123
570.054854,4.414
570.25205,4.804408242421962
570.25285,4.805992080809001
570.252851,4.80599406060405
570.252852,4.8059960404027
570.252853,4.80599802020135
570.252854,4.806
570.2555,4.805131582933925
570.45005,4.741280282756844
570.4509,4.7410013127996455
570.450901,4.741000984599585
570.450902,4.741000656399524
570.450903,4.741000328199464
570.450904,4.741
570.64805,4.164642847767008
570.64895,4.162011694015304
570.648951,4.162008770515466
570.648952,4.162005847010311
570.648953,4.162002923505155
570.648954,4.162
570.84605,3.716478321111358
570.8467,3.715009041718292
570.846701,3.715006781287691
570.846702,3.71500452085709
570.846703,3.7150022604306008
570.846704,3.715
571.04405,3.533646947740505
571.04475,3.533003675840679
571.044751,3.533002756880509
571.044752,3.5330018379203394
571.044753,3.5330009189601697
571.044754,3.533
571.2421,3.4891674709743885
571.24285,3.4890008884400783
571.242851,3.489000666330362
571.242852,3.489000444220241
571.242853,3.4890002221101204
571.242854,3.489
571.24555,3.484632520818279
571.4401,3.1694644663141203
571.441,3.168006479938687
571.441001,3.168004859956225
571.441002,3.168003239970817
571.441003,3.1680016199854086
571.441004,3.168
571.6381,3.0445349633745216
571.63895,3.044002505682962
571.638951,3.0440018792619368
571.638952,3.044001252842051
571.638953,3.0440006264210253
571.638954,3.044
571.8361,2.920409989888454
571.83675,2.920002507583126
571.836751,2.92000188068706
571.836752,2.920001253792133
571.836753,2.9200006268960665
571.836754,2.92
572.0341,3.0972777592738763
572.0349,3.097996406762971
572.034901,3.0979973050710026
572.034902,3.0979982033806683
572.034903,3.097999101690334
572.034904,3.098
572.23375,3.2115693587170937
572.2345,3.2119977154311274
572.234501,3.211998286573605
572.234502,3.211998857715044
572.234503,3.2119994288575224
572.234504,3.212
572.2372,3.2086402848428563
572.4301,2.9682511698877767
572.4311,2.9670049847400106
572.431101,2.9670037385544417
572.431102,2.9670024923688723
572.431103,2.967001246183303
572.431104,2.967
572.6281,3.298478868114467
572.629,3.2999932693287257
572.629001,3.299994951994249
572.629002,3.2999966346628327
572.629003,3.2999983173314167
572.629004,3.3000000000000003
572.8261,3.2044383030305186
572.827,3.204001939394596
572.827001,3.204001454545947
572.827002,3.204000969697298
572.827003,3.204000484848649
572.827004,3.204
573.0241,3.194040626579046
573.0249,3.1940002021222607
573.024901,3.1940001515916725
573.024902,3.1940001010611763
573.024903,3.194000050530588
573.024904,3.194
573.22215,3.0525764604906
573.22295,3.052002867963606
573.222951,3.052002150972705
573.222952,3.052001433981803
573.222953,3.052000716990902
573.222954,3.052
573.2256,3.051279091826705
573.42015,2.9982735418768227
573.42115,2.998001089808148
573.421151,2.998000817355987
573.421152,2.9980005449038263
573.421153,2.998000272452161
573.421154,2.998
573.61815,3.221033126105762
573.619,3.22199547131718
573.619001,3.2219966034863408
573.619002,3.2219977356575606
573.619003,3.22199886782878
573.619004,3.222
573.81615,3.114465818181757
573.817,3.1140021818189205
573.817001,3.1140016363641903
573.817002,3.11400109090946
573.817003,3.11400054545473
573.817004,3.114
574.0145,3.56095415322479
574.0154,3.562990947581697
574.015401,3.562993210687302
574.015402,3.5629954737887903
574.015403,3.5629977368943955
574.015404,3.563
574.21215,3.528151265182167
574.213,3.528000708501942
574.213001,3.528000531376376
574.213002,3.52800035425081
574.213003,3.528000177125244
574.213004,3.528
574.21565,3.530991188494493
574.41015,3.750865021448694
574.41115,3.751995478173627
574.411151,3.7519966086307344
574.411152,3.751997739087842
574.411153,3.7519988695428927
574.411154,3.752
574.60815,3.825624767676866
574.60915,3.825998505050679
574.609151,3.825998878788179
574.609152,3.825999252525
574.609153,3.8259996262625
574.609154,3.826
574.80615,3.8070772295247086
574.80695,3.807000384226447
574.806951,3.807000288169792
574.806952,3.807000192113136
574.806953,3.807000096056656
574.806954,3.807
575.00435,3.948281411289212
575.00535,3.948997137095805
575.005351,3.948997852821854
575.005352,3.948998568547903
575.005353,3.948999284273952
575.005354,3.949
575.20215,4.026682631578492
575.20295,4.026998421052816
575.202951,4.026998815789073
575.202952,4.026999210526049
575.202953,4.026999605263025
575.202954,4.027
575.205599999,4.024183828500422
575.40015,3.8171217856245288
575.4012,3.816004257250452
575.401201,3.816003192937355
575.401202,3.816002128626194
575.401203,3.816001064313097
575.401204,3.816
575.59895,3.9453432955976537
575.59995,3.945997383648103
575.599950999,3.945998037736375
575.599952,3.9459986918246464
575.599953,3.9459993459129183
575.599953999,3.946
575.79615,3.853496942965916
575.7972,3.8530018859321977
575.797201,3.853001414449148
575.797202,3.8530009429660983
575.797203,3.8530004714830497
575.797204,3.853
575.99555,3.901777686323604
575.99645,3.901999016311281
575.996451,3.901999262233125
575.996452,3.901999508155417
575.996453,3.9019997540777087
575.996454,3.902
576.1922,4.06914270902182
576.1932,4.069996584498491
576.193201,4.069997438374257
576.193202,4.069998292250022
576.193203,4.069999146125788
576.193204,4.07
576.1959,4.068720403937751
576.3902,3.976500257510867
576.39125,3.976001898510257
576.391251,3.97600142388334
576.391252,3.97600094925556
576.391253,3.97600047462778
576.391254,3.976
576.5882,4.331189300328835
576.5892,4.332992786057924
576.589201,4.332994589544263
576.589201999,4.332996393027321
576.589203,4.332998196513661
576.589204,4.333
576.7862,4.504084635192881
576.78725,4.504996526128589
576.787251,4.504997394596442
576.787252,4.504998263064294
576.787253,4.504999131532148
576.787254,4.505
576.9842,4.724879090679755
576.9852,4.725995534224303
576.985201,4.725996650668227
576.985202,4.725997767112151
576.985203,4.725998883556076
576.985204,4.726
577.1822,4.768781959596015
577.1832,4.768999131313232
577.183201,4.768999348485023
577.183202,4.768999565656814
577.183203,4.768999782828605
577.183204,4.769
577.1858,4.772841555555945
577.3802,5.060514282828672
577.3812,5.061994080808769
577.381201,5.06199556060725
577.381202,5.06199704040573
577.381203,5.061998520204211
577.381204,5.062
577.5782,5.08074273410111
577.5809,5.080999619429015
577.580900999,5.080999714571761
577.580902,5.080999809714508
577.580903,5.080999904857254
577.580904,5.081
577.7762,5.21744918699198
577.9745,5.355997205284877
577.974501,5.355997903963976
577.974502,5.355998602641804
577.974503,5.355999301320901
577.974504,5.356
577.97925,5.356299621212154
578.17225,5.368483964646433
578.3705,5.380999747474662
578.370501,5.380999810605997
578.370502,5.380999873737332
578.370503,5.380999936868665
578.370504,5.381
578.37315,5.385009090907575
578.37355,5.385615151514861
578.5685,5.680993939391888
578.568501,5.680995454543916
578.568502,5.680996969695944
578.568503,5.680998484847972
578.568504,5.681
578.57335,5.6841817171716205
578.7665,5.810997373737679
578.766501,5.8109980303035575
578.766502,5.8109986868694365
578.766503,5.810999343435316
578.766504,5.811
578.7695,5.8156150505067
578.9645,6.115993838384555
578.964501,6.115995378789117
578.964502,6.115996919193679
578.964503,6.115998459595438
578.964504,6.1160000000000005
578.9675,6.118950606061661
579.1625,6.310996060606518
579.162501,6.310997045455337
579.162502,6.310998030302364
579.162503,6.310999015151181
579.162504,6.311
579.1655,6.316022327693759
579.36055,6.6429932946203
579.360551,6.6429949709652245
579.360552,6.64299664731015
579.360553,6.642998323655075
579.360554,6.643
579.3632,6.649588272724842
579.36355,6.650459737371944
579.55855,7.135990040405198
579.558551,7.135992530305031
579.558552,7.135995020204864
579.558553,7.135997510104696
579.558554,7.136
579.5633,7.13537678787872
579.75655,7.110000525252465
579.756551,7.110000393939289
579.756552,7.110000262626113
579.756553,7.110000131313176
579.756554,7.11
579.75945,7.111711704975986
579.9545,7.226997635766883
579.954501,7.226998226825431
579.954502,7.226998817883979
579.954503,7.226999408941452
579.954504,7.227
579.95745,7.230506965952678
580.15275,7.462995238333823
580.152751,7.462996428750367
580.152752,7.462997619166911
580.152753,7.462998809583456
580.152754,7.463
580.15545,7.464472032355675
580.35055,7.5709978159749936
580.350551,7.570998361981245
580.350552,7.570998907987496
580.350553,7.570999453993748
580.350554,7.571
580.3532,7.574444339050185
580.35355,7.57489993945415
580.54875,7.828994793138849
580.548751,7.828996094854729
580.548752,7.828997396570609
580.548753,7.82899869828412
580.548754,7.829
580.55335,7.835250374116187
580.74655,8.097994560162412
580.746551,8.097995920122427
580.746552,8.097997280082444
580.746553,8.097998640039986
580.746554,8.098
580.7495,8.098937363636528
580.94455,8.160998727272874
580.944551,8.160999045454801
580.944552,8.160999363636147
580.944553,8.160999681818074
580.944554,8.161
580.94745,8.164023818411067
581.1428,8.367995823455718
581.142801,8.367996867592264
581.142802,8.367997911728809
581.142803,8.367998955865355
581.142804,8.368
581.14545,8.370047221239563
581.340549999,8.520996905183672
581.340551,8.5209976788867
581.340551999,8.520998452591133
581.340553,8.520999226295567
581.340553999,8.521
581.34325,8.522849462799199
581.3435,8.523020963429127
581.5388,8.65699725599023
581.538801,8.656997941992985
581.538802,8.656998627994492
581.538803,8.656999313997245
581.538804,8.657
581.5414,8.658114444444557
581.7368,8.741998282828483
581.736801,8.741998712120777
581.736802,8.741999141413851
581.736803,8.741999570706927
581.736804,8.742
581.7394,8.746358391909439
581.93455,9.073993284450845
581.934551,9.073994963338896
581.934552,9.073996642226948
581.934553,9.073998321111947
581.934554,9.074
581.9393,9.071965145018703
582.1328,8.989001715006886
582.132801,8.989001286255165
582.132802,8.989000857503443
582.132803,8.989000428751723
582.132804,8.989
582.1354,8.990350444443648
582.3308,9.091997919192162
582.330801,9.091998439394358
582.330802,9.091998959596554
582.330803,9.091999479798751
582.330804,9.092
582.3334,9.092458888888936
582.33355,9.092485404040424
582.5288,9.126999292929376
582.528801,9.126999469697113
582.528802,9.12699964646485
582.528803,9.126999823232264
582.528804,9.127
582.5335,9.125529535353548
582.7268,9.065001252525107
582.726801,9.065000939393688
582.726802,9.065000626262838
582.726803,9.06500031313142
582.726804,9.065
582.72945,9.06377023490742
582.92475,8.9730018590551
582.924751,8.973001394291115
582.924752,8.973000929527128
582.924753,8.973000464763988
582.924754,8.973
582.9276,8.975873296314402
583.12285,9.172995961636008
583.122851,9.172996971227464
583.122852,9.172997980818922
583.122853,9.17299899041038
583.122854,9.173
583.1254,9.171392676766713
583.32085,9.048002525252231
583.320851,9.048001893938888
583.320852,9.048001262625542
583.320853,9.048000631313345
583.320854,9.048
583.323399999,9.044776086086458
583.32355,9.04458614614671
583.52,8.795828138137486
583.52065,8.795005065064476
583.520651,8.795003798797781
583.520652,8.79500253253339
583.520653,8.795001266266695
583.520654,8.795
583.7168,8.858998694876522
583.716801,8.85899902115754
583.716802,8.858999347438557
583.716803,8.858999673718982
583.716804,8.859
583.71945,8.859814976016407
583.91485,8.919998767987465
583.914851,8.9199990759906
583.914852,8.919999383993732
583.914853,8.919999691996866
583.914854,8.92
583.91935,8.917275151515396
584.11285,8.800002424242143
584.112851,8.800001818181332
584.112852,8.80000121212052
584.112853,8.80000060605971
584.112854,8.8
584.11545,8.799895111111102
584.31085,8.792000161616143
584.310851,8.792000121212089
584.310852,8.792000080808034
584.310853,8.792000040404053
584.310854,8.792
584.31345,8.789183245016114
584.3136,8.789020489528012
584.50835,8.577709613928283
584.509,8.57700434014585
584.509001,8.577003255108893
584.509002,8.577002170071937
584.509003,8.577001085036956
584.509004,8.577
584.70795,8.450002553405081
584.707951,8.45000191505352
584.707952,8.45000127670196
584.707953,8.45000063835156
584.707954,8.45
584.71055,8.449340782122839
584.90485,8.400001015743914
584.904851,8.400000761808283
584.904852,8.400000507872189
584.904853,8.400000253936094
584.904854,8.4
584.90745,8.398911777777668
585.10285,8.317001676768244
585.102851,8.317001257576184
585.102852,8.317000838384123
585.102853,8.31700041919206
585.102854,8.317
585.1074,8.31263767676753
585.30085,8.127003838383393
585.300851,8.127002878787108
585.300852,8.127001919190825
585.300853,8.12700095959454
585.300854,8.127
585.30345,8.125309947009669
585.3037,8.125147191520778
585.4984,7.998393217258955
585.499,7.99800260408751
585.499001,7.998001953065336
585.499002,7.998001302043163
585.499003,7.998000651020989
585.499004,7.998
585.6964,7.982052835142599
585.69705,7.982000323150682
585.697051,7.982000242363122
585.697052,7.982000161575415
585.697053,7.982000080787707
585.697054,7.982
585.8949,7.972000202173432
585.894901,7.972000151630074
585.894902,7.972000101086716
585.894903,7.972000050543358
585.894904,7.972
585.8975,7.970768488519525
586.0924,7.878310249810508
586.09305,7.878001897552139
586.093051,7.878001423163888
586.093052,7.878000948775638
586.093053,7.878000474387387
586.093054,7.878
586.2909,7.64400473085616
586.290901,7.6440035481415824
586.290902,7.644002365427005
586.290903,7.644001182714578
586.290904,7.644
586.2935,7.643685571536682
586.2937,7.643661347463961
586.4884,7.620079212717576
586.48905,7.620000484481397
586.489051,7.620000363360993
586.489052,7.620000242240589
586.489053,7.620000121120404
586.489054,7.62
586.6864,7.3748125454539055
586.68705,7.374004969696393
586.687051,7.37400372727173
586.687052,7.374002484849327
586.687053,7.374001242424663
586.687054,7.374
586.8849,7.046006631288574
586.884901,7.04600497346643
586.884902,7.046003315644287
586.884903,7.046001657822144
586.884904,7.046
586.88615,7.045911965682578
587.0824,7.032046207418714
587.08305,7.032000282614277
587.083051,7.032000211960708
587.083052,7.0320001413071385
587.083053,7.032000070653569
587.083054,7.032
587.2804,6.900435999999661
587.28105,6.900002666666357
587.281051,6.900001999999465
587.281052,6.900001333332573
587.281053,6.90000066666568
587.281054,6.9
587.2839,6.900273101010218
587.4784,6.918937242424293
587.47905,6.918999616161662
587.479051,6.918999712121289
587.479052,6.918999808080918
587.479053,6.918999904040372
587.479054,6.9190000000000005
587.6764,6.951882696288809
587.6771,6.951999333501719
587.677101,6.951999500126061
587.677102,6.951999666750708
587.677103,6.951999833375353
587.677104,6.952
587.8744,6.976911111111106
587.8751,6.976999494949324
587.875101,6.976999621211993
587.875102,6.976999747474662
587.875103,6.976999873737332
587.875104,6.977
588.07245,6.958062757575709
588.0731,6.958000383838339
588.073101,6.958000287878711
588.073102,6.958000191919083
588.073103,6.958000095959454
588.073104,6.958
588.27045,6.823445909090558
588.2711,6.823002727272411
588.271101,6.823002045453998
588.271102,6.823001363635585
588.271103,6.823000681818413
588.271104,6.823
588.2739,6.825626545455172
588.46845,7.008385636364121
588.4691,7.008996242424679
588.469101,7.008997181818937
588.469102,7.008998121211485
588.469103,7.008999060605743
588.469104,7.009
588.66645,6.9332510303028325
588.6671,6.933001535353357
588.667101,6.933001151515541
588.667102,6.933000767677028
588.667103,6.933000383838514
588.667104,6.933
588.86445,6.820373242424987
588.8651,6.820002282829056
588.865101,6.820001712121792
588.865102,6.8200011414145285
588.865103,6.820000570707264
588.865104,6.82
589.06245,6.494080090911244
589.0631,6.493006606062843
589.063101,6.493004954547132
589.063102,6.493003303031421
589.063103,6.493001651515711
589.063104,6.493
589.26045,6.584696121212358
589.2611,6.584998141414357
589.261101,6.58499860606098
589.261102,6.584999070707601
589.261103,6.584999535354223
589.261104,6.585
589.2639,6.583603762925272
589.45845,6.4864514300128295
589.45935,6.486001997478608
589.459351,6.486001498108956
589.459352,6.486000998739304
589.459353,6.486000499369652
589.459354,6.486
589.6569,6.285663239151853
589.65755,6.285004056508106
589.657551,6.285003042380619
589.657552,6.285002028253131
589.657553,6.285001014127488
589.657554,6.285
589.85445,6.127562914979786
589.85515,6.127003198381649
589.855151,6.127002398786237
589.855152,6.127001599190825
589.855153,6.127000799595412
589.855154,6.127
590.0529,6.11511741612415
590.05485,6.115000240360513
590.054851,6.115000180270358
590.054852,6.115000120180311
590.054853,6.115000060090156
590.054854,6.115
590.2505,6.027270838216082
590.2511,6.027001793630365
590.251101,6.02700134522257
590.251102,6.027000896814775
590.251103,6.027000448406979
590.251104,6.027
590.25395,6.026569331651772
590.4485,5.997129230769213
590.44935,5.9970006052962725
590.449351,5.997000453972411
590.449352,5.997000302648273
590.449353,5.997000151324137
590.449354,5.997
590.6465,5.659120859453113
590.64715,5.658006855408709
590.647151,5.65800514155887
590.647152,5.658003427705913
590.647153,5.658001713852957
590.647154,5.658
590.8445,5.676937242424118
590.84515,5.676999616161487
590.845151,5.676999712121115
590.845152,5.676999808080744
590.845153,5.676999904040372
590.845154,5.6770000000000005
591.0425,5.640150128690601
591.0433,5.64000074690916
591.043301,5.6400005601818695
591.043302,5.64000037345458
591.043303,5.640000186727289
591.043304,5.64
591.2405,5.485629393938878
591.2413,5.485003131312768
591.241301,5.48500234848422
591.241302,5.485001565655672
591.241303,5.485000782827124
591.241304,5.485
591.24415,5.482442766278573
591.4385,5.307812276628361
591.4394,5.307003594145589
591.439401,5.307002695609191
591.439402,5.307001797072795
591.439403,5.307000898536398
591.439404,5.307
591.6365,4.916789737371033
591.6374,4.915007919190999
591.637401,4.915005939392349
591.637402,4.915003959593699
591.637403,4.915001979795049
591.637404,4.915
591.8345,4.741575453857023
591.83515,4.741003519595039
591.835151,4.74100263969748
591.835152,4.74100175979832
591.835153,4.741000879899159
591.835154,4.741
592.03415,4.781835015014779
592.03495,4.781999179178901
592.034951,4.781999384384176
592.034952,4.781999589589451
592.034953,4.781999794794725
592.034954,4.782
592.23055,4.686368647823057
592.2313,4.68600195569203
592.231301,4.686001466769022
592.231302,4.686000977846015
592.231303,4.686000488923007
592.231304,4.686
592.2342,4.683003129732489
592.4285,4.481935487128177
592.4294,4.481004139324975
592.429401,4.481003104493731
592.429402,4.481002069662488
592.429403,4.481001034831244
592.429404,4.481
592.6265,4.637283191918839
592.6274,4.6379968282817545
592.627401,4.637997621211316
592.627402,4.637998414140877
592.627403,4.637999207070439
592.627404,4.638
592.8245,4.378925379170934
592.8252,4.378005257837978
592.825201,4.378003943378483
592.825202,4.378002628918989
592.825203,4.378001314459494
592.825204,4.378
593.0233,3.888009893991783
593.023301,3.888007420497212
593.023302,3.888004946998141
593.023303,3.8880024734990704
593.023304,3.888
593.02605,3.884533703610037
593.22055,3.639014895227642
593.22135,3.6380050492294056
593.221351,3.63800378692148
593.221352,3.6380025246135546
593.221353,3.638001262305629
593.221354,3.638
593.2263,3.636727315842349
593.41855,3.587258345105885
593.41955,3.587001029263251
593.419551,3.587000771947789
593.419552,3.5870005146318595
593.419553,3.58700025731593
593.419554,3.587
593.61655,3.6397578979286136
593.61745,3.63999892875202
593.617451,3.639999196564137
593.617452,3.639999464376253
593.617453,3.6399997321883695
593.617454,3.64
593.81455,3.0616526464659515
593.81545,3.0590117373723738
593.815451,3.059008803027946
593.815452,3.059005868683518
593.815453,3.059002934344428
593.815454,3.059
594.01255,2.8498531581619067
594.01335,2.8490042445694006
594.013351,2.8490031834270506
594.013352,2.8490021222847006
594.013353,2.84900106114235
594.013354,2.849
594.21055,2.818157033299657
594.21155,2.8180006256306034
594.211551,2.818000469222881
594.211552,2.81800031281516
594.211553,2.818000156407722
594.211554,2.818
594.21425,2.82001519191886
594.40855,2.965249535353732
594.40955,2.9659970101013577
594.409551,2.9659977575763583
594.409552,2.965998505049999
594.409553,2.965999252525
594.409554,2.966
594.60655,2.8306212430511057
594.60745,2.830002748862743
594.607451,2.8300020616467445
594.607451999,2.830001374430746
594.607453,2.8300006872147483
594.607454,2.83
594.80455,2.906590421398524
594.8056,2.906998445622184
594.805601,2.906998834216815
594.805602,2.9069992228114456
594.805603,2.9069996114060763
594.805604,2.907
595.0026,3.003605722952804
595.0034,3.003998038422877
595.003401,3.0039985288173807
595.003402,3.0039990192118844
595.003403,3.0039995096063885
595.003404,3.004
595.200599999,2.9233289090906363
595.2014,2.923001636363446
595.201401,2.923001227272399
595.201402,2.923000818181351
595.201403,2.923000409091048
595.201404,2.923
595.20425,2.923498423818076
595.40025,2.957824168126141
595.40125,2.957999299474688
595.401251,2.957999474605777
595.401252,2.9579996497371845
595.401253,2.9579998248685926
595.401254,2.958
595.5966,2.9052710058568176
595.5976,2.905001079704975
595.597601,2.9050008097787314
595.597602,2.9050005398524874
595.597602999,2.905000269926244
595.597604,2.905
595.7946,2.817446222222914
595.7956,2.81700177777838
595.795601,2.817001333333785
595.795602,2.81700088888919
595.795603,2.817000444444595
595.795604,2.817
595.993,2.736894408817777
595.9952,2.7360016232470428
595.995201,2.736001217435282
595.995202,2.736000811623521
595.995203,2.736000405811761
595.995204,2.736
596.1906,2.833499022403386
596.1916,2.833998004073552
596.191601,2.833998503055391
596.191602,2.83399900203723
596.191603,2.833999501018161
596.191604,2.834
596.1943,2.8326387275942704
596.3886,2.734532188841348
596.38965,2.7340020196926806
596.389651,2.7340015147695107
596.389652,2.7340010098463403
596.389653,2.7340005049231704
596.389654,2.734
596.586599999,2.6610022339088406
596.5893,2.6600014825943683
596.589301,2.660001111945608
596.589301999,2.660000741296847
596.589303,2.6600003706480866
596.589304,2.66
596.78465,2.576365626911268
596.7855,2.5760017125380275
596.785501,2.576001284403326
596.785502,2.5760008562686245
596.785503,2.576000428134701
596.785504,2.576
596.98265,2.6934021095131517
596.98365,2.693997617966464
596.983651,2.6939982134751186
596.983652,2.6939988089837734
596.983653,2.693999404491345
596.983654,2.694
597.18065,2.9842994297255654
597.1818,2.985994105476335
597.181801,2.9859955791079216
597.181802,2.985997052736828
597.181803,2.9859985263684137
597.181804,2.986
597.18645,2.987634507719359
597.37865,3.0552523259937248
597.5769,3.12499859276149
597.576900999,3.1249989445712774
597.576902,3.124999296381065
597.576903,3.1249996481902125
597.576904,3.125
597.5798,3.1234203636363858
597.77465,3.017138545454816
597.9729,2.9090021818179284
597.972901,2.90900163636419
597.972902,2.9090010909094604
597.972903,2.9090005454547305
597.972904,2.9090000000000003
597.9758,2.9170298181817063
598.1709,3.4579889090871547
598.170901,3.457991681815366
598.170902,3.457994454543577
598.170903,3.4579972272717887
598.170904,3.458
598.1738,3.464135283732602
598.36915,3.877991525852183
598.369151,3.877993644390101
598.369152,3.8779957629241646
598.369153,3.8779978814620826
598.369154,3.878
598.37185,3.881340176990616
598.3722,3.881773805309515
598.5669,4.122995044248364
598.566901,4.122996283186836
598.566902,4.122997522125309
598.566903,4.122998761063782
598.566904,4.123
598.5698,4.118187959596027
598.7649,3.794006646463874
598.764901,3.7940049848471498
598.764902,3.794003323230426
598.764903,3.794001661616724
598.764904,3.794
598.7678,3.7981778360655336
598.96315,4.079994229508867
598.963151,4.0799956721323065
598.963152,4.079997114755746
598.963153,4.079998557379185
598.963154,4.08
598.9658,4.083197138524757
599.16095,4.318995166835749
599.160951,4.318996375127361
599.160952,4.318997583418973
599.160953,4.318998791710586
599.160954,4.319
599.1638,4.324532304611556
599.36055,4.706992224446266
599.360551,4.706994168334699
599.360552,4.706996112223132
599.360553,4.706998056111567
599.360554,4.707
599.36345,4.709772138492853
599.3636,4.709915723014094
599.55695,4.894996171079876
599.556951,4.894997128310342
599.556952,4.894998085540808
599.556953,4.894999042769534
599.556954,4.8950000000000005
599.55985,4.904024404040278
599.75495,5.511987535354985
599.754951,5.511990651517656
599.754952,5.511993767674658
599.754953,5.511996883837329
599.754954,5.5120000000000005
599.75785,5.513287111111094
599.95295,5.599998222222429
599.952951,5.599998666666216
599.952952,5.599999111110811
599.952953,5.599999555555406
599.952954,5.6000000000000005
599.95585,5.598288727272752
600.15095,5.483002363637165
600.150951,5.4830017727278735
600.150952,5.483001181818582
600.150953,5.483000590909292
600.150954,5.4830000000000005
600.15385,5.484929216128214
600.3506,5.615997335337149
600.350601,5.615998001503165
600.350602,5.615998667669181
600.350603,5.615999333835196
600.350604,5.6160000000000005
600.3533,5.617441711230683
600.3534,5.617495187166134
600.54695,5.720997860962815
600.546951,5.720998395722355
600.546952,5.720998930481894
600.546953,5.72099946524046
600.546954,5.721
600.5499,5.719214545454233
600.74495,5.601002424242142
600.744951,5.601001818181332
600.744952,5.601001212121623
600.744953,5.601000606060811
600.744954,5.601
600.74785,5.602451629072659
600.94445,5.700997994986791
600.944451,5.700998496240093
600.944452,5.700998997493396
600.944453,5.700999498746698
600.944454,5.7010000000000005
600.94715,5.700081921219969
601.1412,5.634001362134531
601.141201,5.634001021600743
601.141202,5.634000681066956
601.141203,5.634000340533788
601.141204,5.634
601.14385,5.634561272727447
601.3392,5.67599915151525
601.339201,5.675999363636534
601.339202,5.675999575757432
601.339203,5.675999787878716
601.339204,5.676
601.34185,5.676437355372036
601.342,5.67646214876044
601.53885,5.708999338843053
601.538851,5.7089995041320645
601.538852,5.7089996694213765
601.538853,5.7089998347106885
601.538854,5.7090000000000005
601.54155,5.7079554116749085
601.735,5.63300154983413
601.735001,5.633001162376126
601.735002,5.633000774917417
601.735003,5.633000387458709
601.735004,5.633
601.7379,5.632547043390518
601.9332,5.602000625630604
601.933201,5.602000469222881
601.933202,5.60200031281516
601.933203,5.6020001564074375
601.933204,5.602
601.9359,5.600829010100414
602.1312,5.516001737373536
602.131201,5.516001303029954
602.131202,5.516000868686373
602.131203,5.516000434342791
602.131204,5.516
602.1339,5.516545197169137
602.328999999,5.5559991911022175
602.329001,5.555999393326755
602.329001999,5.555999595551293
602.329003,5.55599979777583
602.329003999,5.556
602.3319,5.556788822194185
602.33205,5.556829679697295
602.52725,5.609998910466215
602.527251,5.609999182849661
602.527252,5.609999455233107
602.527253,5.609999727616554
602.527254,5.61
602.53185,5.60853763636399
602.72525,5.547001272727124
602.725251,5.547000954545199
602.725252,5.547000636363273
602.725253,5.547000318181347
602.725254,5.547
602.7279,5.546745769911427
602.923,5.5280003843235965
602.923001,5.528000288242829
602.923002,5.528000192161886
602.923003,5.528000096080944
602.923004,5.5280000000000005
602.9259,5.526926332665344
603.1226,5.45400148296576
603.122601,5.454001112224825
603.122602,5.454000741483217
603.122603,5.454000370741608
603.122604,5.454
603.12525,5.452507591463975
603.31875,5.34336887195093
603.3194,5.343002256097299
603.319401,5.3430016920727175
603.319402,5.3430011280491625
603.319403,5.343000564024581
603.319404,5.343
603.3221,5.341909881223329
603.51725,5.263001617386721
603.517251,5.263001213040592
603.517252,5.263000808693728
603.517253,5.263000404346864
603.517254,5.263
603.5199,5.261090928355905
603.71545,5.120002885973428
603.715451,5.120002164479743
603.715452,5.120001442986058
603.715453,5.120000721492373
603.715454,5.12
603.71815,5.1206951263906495
603.91325,5.170998968655328
603.913251,5.170999226491613
603.913252,5.170999484327898
603.913253,5.170999742164184
603.913254,5.171
603.91595,5.166942383836315
604.11125,4.873006020201321
604.111251,4.873004515150306
604.111252,4.873003010099292
604.111253,4.873001505051015
604.111254,4.873
604.11395,4.869925076962403
604.30875,4.647745919757172
604.3094,4.647004562199824
604.309401,4.647003421649349
604.309402,4.6470022810988745
604.309403,4.647001140550475
604.309404,4.647
604.3121,4.647231416308975
604.50675,4.663939570815447
604.50745,4.663999656652244
604.507451,4.663999742489183
604.507452,4.663999828326122
604.507453,4.66399991416306
604.507454,4.664
604.7053,4.602001253474709
604.705301,4.6020009401058894
604.705302,4.60200062673707
604.705303,4.60200031336825
604.705304,4.602
604.70795,4.60447040121197
604.9028,4.786389401968687
604.90345,4.786996265455897
604.903451,4.786997199092347
604.903452,4.786998132728797
604.903453,4.786999066365248
604.903454,4.787
605.1016,4.905997597779739
605.101601,4.9059981983350776
605.101602,4.905998798890416
605.101603,4.905999399444662
605.101604,4.906
605.104299999,4.906995488113137
605.2993,4.97899852301484
605.299301,4.978998892260627
605.299302,4.978999261507084
605.299303,4.978999630753543
605.299304,4.979
605.29955,4.978991309613943
605.3021,4.978901226343655
605.4968,4.972023103709294
605.49745,4.972000141307075
605.497451,4.972000105980354
605.497452,4.97200007065357
605.497453,4.972000035326785
605.497454,4.972
605.6953,5.259994177405155
605.695301,5.259995633053866
605.695302,5.259997088702578
605.695303,5.259998544351289
605.695304,5.26
605.69995,5.262674969696651
605.8933,5.373997696969965
605.893301,5.373998272727736
605.893302,5.373998848485506
605.893303,5.373999424243277
605.893304,5.3740000000000006
605.8935,5.374079191919543
606.0913,5.453998383838571
606.091301,5.4539987878791125
606.091302,5.453999191919653
606.091303,5.453999595959459
606.091304,5.454
606.094,5.457331069813622
606.28975,5.699191943747496
606.2904,5.699995057760495
606.290401,5.6999962933209325
606.290402,5.6999975288813705
606.290403,5.699998764439562
606.290404,5.7
606.2931,5.701873932015153
606.4868,5.836510664637214
606.4875,5.8369972196844975
606.487501,5.836997914763373
606.487502,5.836998609842248
606.487503,5.836999304921124
606.487504,5.837
606.6848,6.026324444444399
606.6855,6.026996161616608
606.685501,6.026997121212892
606.685502,6.026998080809177
606.685503,6.026999040405461
606.685504,6.027
606.88325,6.049918407659356
606.88395,6.049999536406999
606.883951,6.049999652305249
606.883952,6.049999768203499
606.883953,6.04999988410175
606.883954,6.05
607.08085,5.974251602125848
607.0815,5.974001538850745
607.081501,5.974001154137884
607.081502,5.974000769425722
607.081503,5.974000384712862
607.081504,5.974
607.27885,6.154402151515623
607.2795,6.154996343434768
607.279501,6.15499725757483
607.279502,6.154998171716553
607.279503,6.154999085858277
607.279504,6.155
607.28215,6.156763999999333
607.47685,6.286563999999131
607.4775,6.286997333332431
607.477501,6.286997999999323
607.477502,6.286998666666215
607.477503,6.286999333333108
607.477504,6.287
607.67485,6.391653181817491
607.6755,6.391997878787161
607.675501,6.3919984090903705
607.675502,6.391998939393581
607.675503,6.39199946969679
607.675504,6.392
607.87285,6.320237818181633
607.8735,6.320001454545285
607.873501,6.320001090908799
607.873502,6.320000727272312
607.873503,6.320000363635826
607.873504,6.32
608.07085,6.371828242424377
608.0715,6.371998949495072
608.071501,6.371999212121423
608.071502,6.371999474747774
608.071503,6.371999737373648
608.071504,6.372
608.26885,6.508375293820629
608.26975,6.508997235812432
608.269751,6.508997926859323
608.269752,6.508998617906216
608.269753,6.508999308953108
608.269754,6.509
608.2724,6.50770208849606
608.46685,6.412320798988371
608.4675,6.412001962073097
608.467501,6.412001471555492
608.467502,6.412000981036995
608.467503,6.412000490518497
608.467504,6.412
608.66485,6.349208090909506
608.6655,6.349001272727704
608.665501,6.349000954545778
608.665502,6.349000636363852
608.665503,6.349000318181926
608.665504,6.349
608.8629,6.3410304415846825
608.86365,6.341000161493873
608.863651,6.341000121120405
608.863652,6.341000080746936
608.863653,6.341000040373468
608.863654,6.341
609.0609,6.221366338134304
609.0615,6.221002426080082
609.061501,6.221001819559786
609.061502,6.221001213039489
609.061503,6.221000606519193
609.061504,6.221
609.2589,6.338491692307762
609.25975,6.338997619166912
609.259751,6.338998214375184
609.259752,6.338998809583456
609.259753,6.338999404791728
609.259754,6.339
609.2624,6.339374560161639
609.45685,6.366900343781592
609.45755,6.366999433771294
609.457551,6.366999575328471
609.457552,6.366999716885648
609.457553,6.366999858442823
609.457554,6.367
609.65485,6.359028444444373
609.65555,6.359000161616143
609.655551,6.359000121212088
609.655552,6.359000080808035
609.655553,6.359000040403981
609.655554,6.359
609.8529,6.373939137017462
609.8537,6.373999697199127
609.853701,6.3739997728993805
609.853702,6.373999848599633
609.853703,6.373999924299886
609.853704,6.3740000000000006
610.0509,6.3012413040180055
610.05155,6.301001475865383
610.051551,6.30100110689887
610.051552,6.301000737932356
610.051553,6.3010003689665135
610.051554,6.301
610.2489,6.290050158890214
610.2498,6.290000221941967
610.249801,6.2900001664564495
610.249802,6.290000110970933
610.249803,6.290000055485416
610.249804,6.29
610.2524,6.2890953333332416
610.4469,6.221315030302551
610.4478,6.221001393939232
610.447801,6.2210010454542655
610.447802,6.221000696969299
610.447803,6.221000348484966
610.447804,6.221
610.6449,6.297110290872061
610.6472,6.297998455365575
610.647201,6.297998841524182
610.647202,6.297999227682788
610.647203,6.297999613841394
610.647204,6.298
610.8429,6.267126839694839
610.8437,6.267000631043471
610.843701,6.267000473282604
610.843702,6.267000315521735
610.843703,6.267000157760868
610.843704,6.267
611.0409,5.975189757574782
611.0417,5.974005919191232
611.041701,5.974004439392751
611.041702,5.97400295959427
611.041703,5.974001479795789
611.041704,5.974
611.2389,6.014812902574367
611.2398,6.014999172135005
611.239801,6.014999379101254
611.239802,6.014999586067503
611.239803,6.014999793033752
611.239804,6.015000000000001
611.24235,6.011913939394267
611.4369,5.776095757574102
611.4378,5.7750048484842855
611.437801,5.775003636362663
611.437802,5.77500242424104
611.437803,5.775001212119418
611.437804,5.775
611.63585,5.739109458847024
611.63645,5.739000724892944
611.636451,5.739000543669626
611.636452,5.739000362446307
611.636453,5.739000181223318
611.636454,5.739
611.83295,5.55774165230552
611.83375,5.55700368981204
611.833751,5.55700276735861
611.833752,5.557001844905181
611.833753,5.557000922451752
611.833754,5.557
612.03095,5.604805090909253
612.03175,5.604999030303143
612.031751,5.604999272727468
612.031752,5.604999515151793
612.031753,5.604999757575676
612.031754,5.605
612.22895,5.510481231079591
612.22995,5.5100019172550745
612.229951,5.51000143794196
612.229952,5.510000958627973
612.229953,5.5100004793139865
612.229954,5.51
612.23255,5.512453636593625
612.42695,5.696192832952645
612.4278,5.696996219356819
612.427801,5.696997164517615
612.427802,5.69699810967841
612.427803,5.696999054839205
612.427804,5.697
612.62495,5.653189777777755
612.6258,5.653000888888786
612.625801,5.653000666666489
612.625802,5.653000444444191
612.625803,5.653000222221894
612.625804,5.6530000000000005
612.82295,5.750601960091261
612.82375,5.750998019702175
612.823751,5.750998514776857
612.823752,5.750999009851538
612.823753,5.750999504926219
612.823754,5.751
613.02095,5.934252848485468
613.02175,5.934996282828715
613.021751,5.934997212121959
613.021752,5.934998141415203
613.021753,5.934999070706756
613.021754,5.9350000000000005
613.2206,5.853411948961612
613.2216,5.853001641230732
613.221601,5.853001230923609
613.221602,5.85300082061574
613.221603,5.853000410307869
613.221604,5.853
613.2242,5.8554075006372015
613.41695,6.034161640765601
613.41785,6.034996290446292
613.417851,6.03499721783514
613.417852,6.034998145223989
613.417853,6.034999072612838
613.417854,6.035
613.61495,5.895639191919507
613.61585,5.8950028282825
613.615851,5.8950021212115535
613.615852,5.895001414140607
613.615853,5.895000707070947
613.615854,5.8950000000000005
613.813,5.998577590300931
613.8138,5.998997898459452
613.813801,5.998998423844828
613.813802,5.998998949230204
613.813803,5.9989994746146245
613.813804,5.9990000000000006
614.011,6.040829454545596
614.0118,6.04099915151525
614.011801,6.0409993636365344
614.011802,6.040999575757432
614.011803,6.040999787878716
614.011804,6.041
614.2105,6.0917435953926935
614.2115,6.091998978467356
614.211501,6.091999233850517
614.211502,6.091999489233678
614.211503,6.09199974461684
614.211504,6.0920000000000005
614.2141,6.094285536894308
614.407,6.264116071245448
614.408,6.26499647837031
614.408001,6.264997358777732
614.408002,6.264998239185156
614.408003,6.264999119592578
614.408004,6.265000000000001
614.605,6.40041296942135
614.605849999,6.400997250442574
614.605851,6.400997937832242
614.605852,6.400998625221912
614.605853,6.400999312610331
614.605853999,6.401
614.803,6.318420550088208
614.804,6.318001675498166
614.804001,6.318001256623434
614.804002,6.318000837748702
614.804003,6.318000418874732
614.804004,6.3180000000000005
615.001,6.368792699696835
615.0018,6.368998968655327
615.001801,6.368999226491613
615.001802,6.368999484327897
615.001803,6.368999742163714
615.001804,6.369
615.1996,6.0436514486917225
615.200599999,6.042006579476096
615.200600999,6.042004934606324
615.200601999,6.042003289736552
615.200602999,6.042001644869772
615.200603999,6.042
615.2032,6.046233537604899
615.397,6.3622811445930845
615.39805,6.363993476830335
615.398051,6.363995107623493
615.398052,6.363996738416651
615.398053,6.363998369209808
615.398054,6.364
615.595,6.500374030831131
615.5959,6.50099723022524
615.595901,6.500997922669245
615.595902,6.500998615111991
615.595903,6.500999307555995
615.595903999,6.501
615.79365,6.384591033962112
615.79465,6.384002354716708
615.794651,6.384001766037263
615.794652,6.384001177357819
615.794653,6.384000588678374
615.794654,6.384
615.991,6.493412664640163
615.99205,6.493997771023562
615.992051,6.493998328266911
615.992052,6.493998885511274
615.992053,6.493999442755637
615.992054,6.494
616.189,6.501957414141402
616.19005,6.501999838383783
616.190051,6.501999878787838
616.190052,6.501999919191892
616.190053,6.5019999595959455
616.190054,6.502
616.1927,6.501478818182011
616.387,6.463207606060307
616.38805,6.463000787878697
616.388051,6.4630005909089325
616.388052,6.463000393939169
616.388053,6.463000196969405
616.388054,6.463
616.585,6.302857040404279
616.58605,6.302003252524875
616.586050999,6.302002439393287
616.586052,6.302001626261698
616.586053,6.302000813131589
616.586054,6.3020000000000005
616.78305,6.398483776823892
616.7841,6.398998040898991
616.784101,6.398998530673575
616.784102,6.3989990204490494
616.784103,6.398999510224525
616.784104,6.399
616.98105,6.404969568072754
616.98205,6.404999878757276
616.982051,6.404999909067916
616.982052,6.404999939378611
616.982053,6.404999969689306
616.982054,6.405
617.17905,6.437832666666711
617.18005,6.437999333333107
617.180051,6.437999499999831
617.180052,6.4379996666665535
617.180053,6.437999833333277
617.180054,6.438
617.1827,6.438662755217967
617.37705,6.487342451612646
617.5753,6.536998998102583
617.575301,6.536999248577051
617.575302,6.536999499051063
617.575302999,6.536999749525532
617.575304,6.537
617.5782,6.534813649791716
617.77305,6.387710632495795
617.97135,6.238003019820379
617.971351,6.238002264864941
617.971352,6.238001509909504
617.971353,6.238000754954065
617.971354,6.238
617.97425,6.238731313131304
618.16935,6.287998989899108
618.169351,6.287999242424446
618.169352,6.287999494949784
618.169353,6.287999747474662
618.169354,6.288
618.17225,6.2864891698018805
618.3687,6.1840020867827485
618.368701,6.184001565087061
618.368702,6.184001043391374
618.368703,6.184000521695687
618.368704,6.184
618.37145,6.184013963895247
618.37175,6.1840154894482575
618.56535,6.184999979659296
618.565351,6.184999984744465
618.565352,6.184999989829644
618.565353,6.184999994914822
618.565354,6.1850000000000005
618.56825,6.185657517658926
618.76355,6.229999091826544
618.763551,6.229999318870012
618.763552,6.229999545913478
618.763553,6.229999772956946
618.763554,6.23
618.76625,6.233230293227134
618.96135,6.466995207280639
618.961351,6.466996405461024
618.961352,6.466997603641409
618.961353,6.466998801821795
618.961354,6.4670000000000005
618.96425,6.464835313131344
619.15935,6.319002989898642
619.159351,6.319002242423642
619.159352,6.319001494948641
619.159353,6.319000747475
619.159354,6.319
619.16225,6.320989171717144
619.35735,6.454997252525572
619.357351,6.454997939394492
619.357352,6.454998626262161
619.357353,6.454999313131081
619.357354,6.455
619.362,6.457604575757242
619.36225,6.457744727272932
619.55535,6.565997757576018
619.555351,6.565998318181249
619.555352,6.565998878787499
619.555353,6.5659994393937495
619.555354,6.566
619.55825,6.568267070707039
619.75335,6.720996868685809
619.753351,6.720997651514357
619.753352,6.720998434342905
619.753353,6.720999217171452
619.753354,6.721
619.7563,6.717775374528525
619.9516,6.504004378309706
619.951601,6.504003283731782
619.951602,6.504002189155849
619.951603,6.504001094577925
619.951604,6.504
619.9543,6.502405298281352
620.1494,6.387002366026015
620.149401,6.387001774519242
620.149402,6.387001183013545
620.149403,6.387000591506773
620.149404,6.3870000000000005
620.1523,6.386517820383459
620.3476,6.354000665994171
620.347601,6.354000499495628
620.347602,6.354000332997086
620.347603,6.354000166498543
620.347604,6.354
620.35225,6.353154418604758
620.35235,6.353136218402662
620.5454,6.318000728008336
620.545401,6.318000546006252
620.545402,6.318000364004169
620.545403,6.318000182002084
620.545404,6.3180000000000005
620.54825,6.31916456680956
620.74335,6.398998363223226
620.743351,6.398998772416862
620.743352,6.398999181611241
620.743353,6.39899959080562
620.743354,6.399
620.74625,6.399569704918028
620.9416,6.437999213114845
620.941601,6.437999409836223
620.941602,6.437999606557601
620.941603,6.437999803278622
620.941604,6.438
620.9443,6.4376456218403
621.1394,6.412000525783559
621.139401,6.41200039433761
621.139402,6.41200026289166
621.139403,6.412000131445949
621.139404,6.412
621.14225,6.409759959635773
621.3376,6.256003148334649
621.337601,6.256002361252061
621.337602,6.256001574168041
621.337603,6.25600078708402
621.337603999,6.256
621.3403,6.256013616161614
621.34045,6.256014373737371
621.5356,6.256999979797974
621.535601,6.2569999848484805
621.535602,6.256999989898987
621.535603,6.256999994949494
621.535604,6.257000000000001
621.5383,6.258690111223183
621.7334,6.380997492415734
621.733401,6.3809981193118
621.733402,6.380998746207867
621.733403,6.380999373103934
621.733404,6.381
621.7363,6.380065099621699
621.93165,6.317001291298715
621.931651,6.31700096847389
621.931652,6.317000645649651
621.931653,6.317000322824826
621.931654,6.317
621.9362,6.316081616161594
622.12965,6.2770008080807145
622.129651,6.2770006060608114
622.129652,6.277000404040541
622.129653,6.277000202020271
622.129654,6.277
622.1299,6.27694284848494
622.32765,6.231000929293244
622.327650999,6.231000696969933
622.327652,6.2310004646466215
622.327653,6.231000232323311
622.327654,6.231
622.3303,6.231173727272663
622.330449999,6.231183575757502
622.52565,6.243999737373768
622.525651,6.243999803030356
622.525652,6.243999868686943
622.525653,6.243999934343531
622.525654,6.244
622.53025,6.245162073325068
622.7234,6.293998988622116
622.723401,6.293999241466242
622.723402,6.293999494310828
622.723403,6.293999747155414
622.723404,6.2940000000000005
622.7263,6.293143753445261
622.92295,6.2350011826608505
622.922951,6.235000886995503
622.922952,6.235000591330157
622.922953,6.235000295665348
622.922954,6.235
622.9256,6.232995658362371
623.11965,6.086003029994564
623.119651,6.086002272496957
623.119652,6.086001514997971
623.119653,6.086000757498986
623.119654,6.086
623.11985,6.085967341580568
623.3177,6.053000666498281
623.317701,6.053000499873636
623.317702,6.053000333248989
623.317703,6.053000166624343
623.317704,6.053
623.32035,6.051062761928212
623.322399999,6.049561878313597
623.51575,5.908002928553056
623.515751,5.908002196414459
623.515752,5.908001464277194
623.515753,5.908000732138597
623.515754,5.908
623.51845,5.907210063147388
623.7137,5.850001172012999
623.713701,5.850000879009616
623.713702,5.850000586006766
623.713703,5.850000293003383
623.713704,5.8500000000000005
623.7139,5.849775292928297
623.9117,5.6230045858580535
623.911701,5.623003439395104
623.911702,5.623002292930069
623.911703,5.623001146465035
623.911704,5.623
623.91635,5.62241338383846
624.1097,5.598000505050676
624.109701,5.598000378788007
624.109702,5.598000252525338
624.109703,5.598000126262669
624.109704,5.598
624.1099,5.598002967448888
624.3072,5.600990098410276
624.30785,5.600999939439798
624.307851,5.600999954579849
624.307852,5.600999969719899
624.307853,5.60099998485995
624.307854,5.601
624.3105,5.59817742163908
624.50565,5.390004266937743
624.505651,5.390003200203307
624.505652,5.390002133468872
624.505653,5.390001066734436
624.505654,5.39
624.5102,5.386533976268512
624.7037,5.239003049734561
624.703701,5.239002287300574
624.703702,5.239001524866587
624.703703,5.239000762433987
624.703704,5.239
624.7039,5.2392009494958405
624.9017,5.441995898990376
624.901701,5.441996924243248
624.901702,5.441997949494255
624.901703,5.441998974747128
624.901704,5.442
624.9062,5.4427915492956975
625.1005,5.47699929577473
625.100501,5.476999471831127
625.100502,5.476999647887205
625.100503,5.476999823943602
625.100504,5.477
625.1007,5.477091347517288
625.2972,5.568671894630172
625.2979,5.568998135765161
625.297901,5.568998601824083
625.297902,5.568999067883004
625.297903,5.568999533941926
625.297904,5.569
625.30055,5.568264999999773
625.4952,5.514195555555567
625.4959,5.514001111110982
625.495901,5.51400083333311
625.495902,5.514000555555239
625.495903,5.514000277777872
625.495904,5.514
625.69325,5.318598050011571
625.69385,5.31800396059565
625.693851,5.318002970446288
625.693852,5.318001980296925
625.693853,5.318000990147562
625.693854,5.3180000000000005
625.89125,5.4316522424248594
625.89185,5.431997696969965
625.891851,5.431998272727736
625.891852,5.431998848485506
625.891853,5.43199942424223
625.891854,5.432
626.09035,5.4678817775547
626.091,5.467999276927023
626.091001,5.46799945769535
626.091002,5.467999638463347
626.091003,5.467999819231673
626.091004,5.468
626.28725,5.410177962916146
626.28785,5.41000117856222
626.287851,5.410000883922067
626.287852,5.4100005892813785
626.287853,5.410000294640689
626.287854,5.41
626.29055,5.410639798030699
626.4852,5.456832931078
626.4859,5.456999050744872
626.485901,5.456999288058761
626.485902,5.456999525372652
626.485903,5.456999762686541
626.485904,5.457
626.68495,5.354311605308738
626.68555,5.35400206361108
626.685551,5.354001547708076
626.685552,5.354001031805071
626.685553,5.354000515903005
626.685554,5.354
626.88125,5.290213170358885
626.8819,5.290001303794093
626.881901,5.290000977845422
626.881902,5.290000651897343
626.881903,5.290000325948672
626.881904,5.29
627.07925,5.306943848484893
627.0799,5.306999656565697
627.079901,5.306999742424155
627.079902,5.306999828282771
627.079903,5.306999914141385
627.079904,5.307
627.27855,5.238226422479127
627.2792,5.238001384847434
627.279201,5.238001038635575
627.279202,5.238000692423717
627.279203,5.238000346211859
627.279204,5.238
627.2819,5.239809211997668
627.47525,5.369561118453625
627.4759,5.369997315708293
627.475901,5.36999798678122
627.475902,5.369998657854147
627.475903,5.369999328927073
627.475904,5.37
627.67325,5.214632975018406
627.67405,5.2140031491290815
627.674051,5.214002361846454
627.674052,5.2140015745638255
627.674053,5.214000787281197
627.674054,5.214
627.87125,5.182105777103784
627.8719,5.182000646954689
627.871901,5.182000485215943
627.871902,5.182000323477197
627.871903,5.182000161738746
627.871904,5.182
628.06925,5.194940721311566
628.07015,5.194999737704949
628.070151,5.194999803278741
628.070152,5.194999868852534
628.070153,5.194999934426327
628.070154,5.195
628.26725,4.925892945637725
628.2679,4.925005461440579
628.267901,4.925004096082296
628.267902,4.925002730721531
628.267903,4.925001365360766
628.267904,4.925
628.2706,4.923992658419751
628.46525,4.851263044685703
628.46595,4.851001494571904
628.465951,4.851001120928758
628.465952,4.851000747285612
628.465953,4.851000373642466
628.465954,4.851
628.6633,4.645680424241888
628.66395,4.645004161615678
628.663951,4.645003121211285
628.663952,4.6450020808068935
628.663953,4.645001040404393
628.663954,4.6450000000000005
628.8629,4.503465270540716
628.86355,4.503002845691052
628.863551,4.503002134267966
628.863552,4.503001422844879
628.863553,4.503000711423087
628.863554,4.503
629.0593,4.264103279937303
629.0602,4.263004881769074
629.060201,4.26300366132625
629.060202,4.263002440883427
629.060203,4.263001220442823
629.060204,4.263
629.2573,4.169405536751654
629.25815,4.169001899469343
629.258151,4.169001424601792
629.258152,4.16900094973424
629.258153,4.169000474866688
629.258154,4.1690000000000005
629.26085,4.166928250757282
629.4553,4.017502568250364
629.45595,4.017003073811575
629.455951,4.017002305358331
629.455952,4.017001536905089
629.455953,4.017000768451846
629.455954,4.017
629.6533,3.966206934140631
629.6541,3.966001029522969
629.654101,3.96600077214211
629.654102,3.9660005147612503
629.654103,3.966000257380392
629.654104,3.966
629.8513,3.869393878787552
629.8521,3.869001959595732
629.852101,3.869001469696576
629.852102,3.8690009797974207
629.852103,3.869000489899156
629.852104,3.869
630.0493,3.713711882886351
630.0502,3.7130031499239142
630.050201,3.713002362442578
630.050202,3.713001574961241
630.050203,3.713000787479905
630.050204,3.713
630.2473,4.107390685481374
630.2486,4.109991995968673
630.248601,4.109993996973775
630.248602,4.109995997982517
630.248603,4.1099979989912585
630.248604,4.11
630.2526,4.098785288755263
630.4453,3.557975764944401
630.446,3.5560112259358787
630.446001,3.5560084194506327
630.446002,3.5560056129653868
630.446003,3.556002806485246
630.446004,3.556
630.64335,3.32986399797942
630.6441,3.3290045835431323
630.644101,3.3290034376568283
630.644102,3.329002291770524
630.644103,3.32900114588422
630.644104,3.329
630.84135,2.9176766069160496
630.84215,2.916008341326978
630.842151,2.916006255994285
630.842152,2.9160041706653854
630.842153,2.9160020853326927
630.842154,2.916
631.03935,2.821290091001371
631.03995,2.821001921132234
631.039951,2.821001440848957
631.039952,2.821000960566554
631.039953,2.821000480283277
631.039954,2.821
631.23735,2.8130344615384573
631.2382,2.81300016141234
631.238201,2.813000121059236
631.238202,2.813000080706133
631.238203,2.81300004035303
631.238204,2.813
631.24285,2.8076500606046526
631.43535,2.585983393939266
631.4362,2.5850046060600707
631.436201,2.585003454544529
631.436202,2.585002303028988
631.436203,2.585001151515541
631.436204,2.585
631.63335,2.4913581404752696
631.6341,2.491001899950113
631.634101,2.4910014249625845
631.634102,2.4910009499750565
631.634103,2.491000474987528
631.634104,2.491
631.83135,2.3894140772528782
631.83215,2.389002060085598
631.832151,2.389001545063964
631.832152,2.389001030043268
631.832153,2.389000515021634
631.832154,2.389
632.02935,2.195036721309979
632.0304,2.194003934425772
632.030401,2.194002950818882
632.030402,2.1940019672119915
632.030403,2.1940009836051013
632.030404,2.194
632.22735,2.048667091231058
632.22825,2.0480029517307665
632.228251,2.0480022137977394
632.228252,2.0480014758647123
632.228253,2.048000737933027
632.228254,2.048
632.2329,2.0444099090913697
632.42535,1.8956985454548887
632.42625,1.895003090908732
632.426251,1.8950023181811972
632.426252,1.8950015454550688
632.426253,1.8950007727275344
632.426254,1.895
632.6234,1.4845697220793228
632.62415,1.4830083274371324
632.624151,1.4830062455769026
632.624152,1.4830041637166729
632.624153,1.483002081856443
632.624154,1.483
632.8214,1.0227593333304803
632.82215,1.0210093333322487
632.822151,1.0210069999981255
632.822152,1.0210046666640022
632.822153,1.0210023333341234
632.822154,1.021
633.01935,0.5345997780587178
633.0204,0.5320098663337309
633.020401,0.5320073997502982
633.020402,0.5320049331668655
633.020403,0.5320024665834328
633.020404,0.532
633.21735,0.2972562828264756
633.2184,0.2960047676762136
633.218401,0.2960035757566182
633.218402,0.2960023838370228
633.218403,0.2960011919174273
633.218404,0.296
633.22275,0.2935617589074096
633.41535,0.1855071721003248
633.41625,0.1850022441240758
633.416251,0.1850016830928017
633.416252,0.1850011220625481
633.416253,0.1850005610312741
633.416254,0.185
633.615,0.0258042052563624
633.616,0.0250032040046339
633.616001,0.0250024030031111
633.616002,0.0250016020015884
633.616003,0.0250008010015227
633.616004,0.025
633.8114,0.1325574311930277
633.8122,0.1329977981653935
633.812201,0.1329983486242954
633.812202,0.1329988990821961
633.812203,0.132999449541098
633.812204,0.133
634.0094,0.0353979393936092
634.0102,0.0350019797977497
634.010201,0.0350014848489875
634.010202,0.035000989899325
634.010203,0.0350004949496625
634.010204,0.035
634.2074,0.0449493440968847
634.2084,0.0449997981836763
634.208401,0.0449998486377801
634.208402,0.044999899091884
634.208403,0.0449999495459879
634.208404,0.045
634.211,0.0457608287014386
634.4054,0.1027350581100272
634.4063,0.1029988276908891
634.406301,0.102999120767767
634.406302,0.102999413845178
634.406303,0.102999706922589
634.406304,0.103
634.6034,0.0631725688304907
634.60425,0.0630008082848265
634.604251,0.0630006062135279
634.604251999,0.063000404142597
634.604253,0.0630002020712985
634.604254,0.063
634.8014,0.0958659661531797
634.8022,0.0959993331650181
634.802201,0.0959994998738394
634.802202,0.0959996665826607
634.802203,0.0959998332911787
634.802204,0.096
634.9994,0.1295317029258702
635.00215,0.1299993198300365
635.002151,0.1299994898726047
635.002152,0.1299996599148636
635.002153,0.1299998299574318
635.002154,0.13
635.1974,0.2384147427405382
635.19845,0.23899777891009
635.198451,0.23899833418282
635.198452,0.23899888945555
635.198453,0.23899944472727
635.198454,0.239
635.201049999,0.2378855555554427
635.3954,0.1544524747476005
635.39645,0.1540017171715176
635.396451,0.1540012878784429
635.396452,0.1540008585861492
635.396453,0.1540004292930746
635.396454,0.154
635.59345,0.2395639191920333
635.59445,0.2399982626264645
635.594451,0.2399986969692558
635.594452,0.2399991313128372
635.594452999,0.2399995656564186
635.594454,0.24
635.79145,0.3444675757577151
635.79245,0.3449978787881253
635.792451,0.3449984090903705
635.792452,0.3449989393935804
635.792453,0.3449994696967902
635.792454,0.345
635.98945,0.4216095555549503
635.99045,0.4219984444439178
635.990451,0.4219988333329383
635.990452,0.4219992222219589
635.990453,0.4219996111109794
635.990454,0.422
636.18745,0.4548326666667089
636.18845,0.4549993333334108
636.188451,0.4549995000001339
636.188452,0.454999666666857
636.188453,0.4549998333335801
636.188454,0.455
636.19115,0.4575734545467664
636.38545,0.6430416363638871
636.38645,0.6439961818186255
636.386451,0.6439971363644033
636.386452,0.6439980909101809
636.386453,0.6439990454542224
636.386454,0.644
636.58345,0.8186033650471858
636.58615,0.8209964546808229
636.586151,0.8209973410106172
636.586151999,0.8209982273404115
636.586153,0.8209991136702057
636.586154,0.8210000000000001
636.78145,0.7623017626081748
636.78245,0.7620012022413274
636.782451,0.7620009016814057
636.782452,0.762000601120937
636.782453,0.7620003005604685
636.782454,0.762
636.97945,0.7649847878787919
636.98045,0.7649999393939189
636.980451,0.7649999545454391
636.980452,0.7649999696969595
636.980453,0.7649999848484798
636.980454,0.765
637.17745,0.7461011158798571
637.1785,0.7460003837414348
637.178501,0.7460002878060324
637.178502,0.7460001918706302
637.178503,0.7460000959354023
637.178504,0.746
637.18115,0.7438767903097124
637.37545,0.587966116578464
637.5748,0.428003209689256
637.574800999,0.4280024072665771
637.574802,0.4280016048453578
637.574803,0.4280008024226789
637.574804,0.428
637.577699999,0.4280294159471808
637.7717,0.4299999593702249
637.771701,0.4299999695276687
637.771702,0.4299999796851124
637.771703,0.4299999898425562
637.771704,0.43
637.7746,0.4333047008330979
637.96975,0.6559954354966173
637.969751,0.6559965766229819
637.969752,0.6559977177472708
637.969753,0.6559988588736354
637.969754,0.656
637.9746,0.6568566161615822
638.16775,0.6909992929293751
638.167751,0.6909994696967903
638.167752,0.6909996464645268
638.167753,0.6909998232322635
638.167754,0.6910000000000001
638.1707,0.6914761212122046
638.36575,0.7229993535351347
638.365751,0.722999515151351
638.365752,0.7229996767675673
638.365753,0.7229998383837837
638.365754,0.723
638.36845,0.7232722544811484
638.3688,0.7233075990911212
638.5638,0.7429995960616476
638.563801,0.7429996970462815
638.563802,0.7429997980309156
638.563803,0.742999899015366
638.563804,0.743
638.5667,0.7477925731583491
638.762,1.0709933804245837
638.762001,1.07099503531618
638.762002,1.0709966902107866
638.762003,1.0709983451053933
638.762004,1.071
638.76465,1.069889415929618
638.95975,0.9880016788872892
638.959751,0.988001259165276
638.959752,0.9880008394432628
638.959753,0.9880004197220132
638.959754,0.988
638.96265,0.9918126406052248
639.158,1.2489947339200334
639.158001,1.248996050440025
639.158002,1.2489973669600167
639.158003,1.2489986834800084
639.158004,1.249
639.1607,1.246668692794305
639.35575,1.0780034589123668
639.355751,1.0780025941854547
639.355752,1.07800172945697
639.355753,1.078000864728485
639.355754,1.078
639.3584,1.077104636363975
639.3588,1.076969282828348
639.55375,1.0110013535358118
639.553751,1.011001015151859
639.553752,1.011000676767906
639.553753,1.011000338383953
639.553754,1.011
639.55675,1.0083855838594056
639.752,0.838003490541839
639.752001,0.8380026179059824
639.752002,0.8380017452717131
639.752003,0.8380008726358565
639.752004,0.838
639.75475,0.8377084630940219
639.9498,0.8170004246713359
639.949801,0.8170003185034537
639.949802,0.8170002123357646
639.949803,0.8170001061678823
639.949804,0.8170000000000001
639.9527,0.8165033341740275
640.14805,0.7830006860024423
640.148051,0.7830005145017538
640.148052,0.7830003430010652
640.148053,0.7830001715003767
640.148054,0.783
640.1507,0.7827460267743588
640.346,0.7640003839352926
640.346001,0.7640002879514258
640.346002,0.764000191967559
640.346003,0.7640000959836922
640.346004,0.764
640.35065,0.764610697674575
640.35095,0.7646501314460212
640.5438,0.7899994742162022
640.543801,0.7899996056621517
640.543802,0.7899997371081011
640.543803,0.7899998685540506
640.543804,0.79
640.5467,0.7895179419924385
640.74205,0.7570006658259
640.742051,0.7570004993696521
640.742052,0.7570003329131013
640.742053,0.7570001664565507
640.742054,0.757
640.7447,0.7575746363634192
640.94005,0.7999991313128373
640.940051,0.799999348484628
640.940052,0.7999995656564186
640.940053,0.7999997828282094
640.940054,0.8
640.9427,0.8006013636361419
641.13805,0.8449990909091966
641.138051,0.8449993181820007
641.138051999,0.8449995454548049
641.138052999,0.8449997727276092
641.138053999,0.845
641.1407,0.8454142727274009
641.336049999,0.8759993737374465
641.336051,0.8759995303031561
641.336051999,0.8759996868688656
641.336053,0.8759998434342904
641.336053999,0.876
641.340549999,0.8730216131470165
641.3407,0.8729222452583689
641.5338,0.7450026498112636
641.533801,0.7450019873584477
641.533802,0.7450013249056318
641.533803,0.7450006624528159
641.533804,0.745
641.5367,0.7447662749054247
641.73205,0.7290003228246787
641.732051,0.7290002421186191
641.732052,0.7290001614124128
641.732053,0.7290000807062064
641.732054,0.729
641.73475,0.7299803636362019
641.93005,0.8009985454540531
641.930051,0.8009989090905398
641.930052,0.8009992727270265
641.930053,0.8009996363635133
641.930054,0.801
641.93275,0.8006051313131964
642.12805,0.7720005858587842
642.128051,0.7720004393940881
642.128052,0.7720002929293921
642.128053,0.7720001464646961
642.128054,0.772
642.13075,0.7698628023229847
642.3261,0.6150031709160668
642.326101,0.6150023781866896
642.326102,0.6150015854587544
642.326103,0.6150007927293772
642.326104,0.615
642.32875,0.6152673402375172
642.328899999,0.61528249557976
642.52405,0.6349995958575868
642.524051,0.634999696893236
642.524052,0.6349997979288853
642.524053,0.6349998989643507
642.524054,0.635
642.52675,0.633706464646678
642.72205,0.5400019191916962
642.722051,0.5400014393935539
642.722052,0.5400009595962845
642.722053,0.5400004797981423
642.722054,0.54
642.7249,0.5408049292927607
642.92005,0.5959988686870001
642.920051,0.5959991515148643
642.920052,0.5959994343432429
642.920053,0.5959997171716214
642.920054,0.596
642.92275,0.5935509462532408
643.1176,0.4165486752467055
643.1182,0.4160036336104786
643.118201,0.4160027252090982
643.118202,0.4160018168060655
643.118203,0.4160009084030328
643.118204,0.416
643.3161,0.5709968671049624
643.316101,0.570997650329078
643.316102,0.5709984335531936
643.316103,0.5709992167758845
643.316104,0.5710000000000001
643.31875,0.5707193636362768
643.3189,0.5707034545453838
643.5141,0.5500004242423749
643.514101,0.550000318181733
643.514102,0.550000212121284
643.514103,0.550000106060642
643.514104,0.55
643.51675,0.5487438181814296
643.7121,0.4560018989896783
643.712101,0.4560014242429064
643.712102,0.4560009494952709
643.712103,0.4560004747476355
643.712104,0.456
643.7148,0.4588866262621502
643.9101,0.6679957171702673
643.910101,0.6679967878777004
643.910102,0.6679978585851337
643.910103,0.6679989292925669
643.910104,0.668
643.9128,0.6641495432759287
644.1076,0.3859340499640124
644.10825,0.3850057128457392
644.108251,0.3850042846343044
644.108252,0.3850028564228696
644.108253,0.3850014282114348
644.108254,0.385
644.3061,0.2060036189027889
644.306101,0.2060027141766803
644.306102,0.2060018094505716
644.306103,0.206000904724463
644.306104,0.206
644.3087,0.2080846666668776
644.30885,0.2082051212122105
644.5041,0.3649967878791611
644.504101,0.364997590909736
644.504102,0.3649983939403109
644.504103,0.364999196969425
644.504104,0.365
644.5067,0.3661791067374404
644.70165,0.4547256623766473
644.70225,0.4549981831947607
644.702251,0.4549986373962771
644.702252,0.4549990915969673
644.702253,0.4549995457984837
644.702254,0.455
644.9001,0.4769995552186516
644.900101,0.476999666413837
644.900102,0.4769997776092247
644.900103,0.4769998888046123
644.900104,0.477
644.9028,0.474850817356545
645.0976,0.3195612108981189
645.0983,0.319003188697914
645.098301,0.319002391523073
645.098302,0.319001594348232
645.098303,0.3190007971733909
645.098304,0.319
645.2956,0.2962711845730246
645.29795,0.2960004608063576
645.297951,0.2960003456047158
645.297952,0.296000230403074
645.297953,0.2960001152016417
645.297954,0.296
645.30055,0.2997312538230076
645.49415,0.5779942507651941
645.494151,0.5779956880745492
645.494152,0.5779971253812899
645.494153,0.5779985626906449
645.494154,0.578
645.4968,0.5761038001508124
645.69165,0.4364686752456567
645.6923,0.4360028665149331
645.692301,0.4360021498871774
645.692302,0.4360014332581183
645.692303,0.4360007166290591
645.692304,0.436
645.89015,0.4140004447815507
645.890151,0.414000333586163
645.890152,0.4140002223907753
645.890153,0.4140001111953877
645.890154,0.414
645.8928,0.4130652535961135
646.08765,0.344231037093572
646.0883,0.3440014130713842
646.088301,0.3440010598035382
646.088302,0.3440007065356921
646.088303,0.344000353267846
646.088304,0.344
646.28565,0.2094459090905618
646.2863,0.2090027272724103
646.286301,0.2090020454539977
646.286302,0.209001363635585
646.286303,0.2090006818171724
646.286304,0.209
646.29075,0.2073595754356355
646.48415,0.1360014758653832
646.484151,0.1360011068988696
646.484152,0.1360007379330272
646.484153,0.1360003689665136
646.484154,0.136
646.48675,0.1368253747162083
646.68165,0.1987920666163635
646.6823,0.1989987282363325
646.682301,0.1989990461773939
646.682302,0.1989993641178771
646.682303,0.1989996820589385
646.682304,0.199
646.87965,0.2647820000001718
646.8803,0.2649986666668216
646.880301,0.2649989999996615
646.880302,0.2649993333331076
646.880303,0.2649996666665538
646.880304,0.265
647.07765,0.2919040242362978
647.07835,0.2919994546832242
647.078351,0.2919995910124801
647.078352,0.291999727341736
647.078353,0.291999863670992
647.078354,0.292
647.27565,0.2122643091687745
647.2763,0.212001616569653
647.276301,0.2120012124270559
647.276302,0.2120008082844589
647.276303,0.2120004041418619
647.276304,0.212
647.2789,0.2117116283766441
647.47365,0.1900782024741269
647.47435,0.1900004443321876
647.474351,0.1900003332490902
647.474352,0.1900002221661949
647.474353,0.1900001110830974
647.474354,0.19
647.6717,0.4601048787885842
647.67235,0.4609945252531615
647.672351,0.4609958939380039
647.672352,0.4609972626253359
647.672353,0.460998631312668
647.672354,0.461
647.8697,0.6045243636354155
647.87035,0.604997090908106
647.870351,0.6049978181810796
647.870352,0.604998545454053
647.870353,0.6049992727270265
647.870354,0.605
648.0677,0.5541684545453234
648.06835,0.5540010303029106
648.068351,0.5540007727270658
648.068352,0.5540005151512211
648.068353,0.5540002575753763
648.068354,0.554
648.2657,0.779310411719282
648.2663,0.7799954331886536
648.266301,0.7799965748914902
648.266302,0.7799977165943268
648.266303,0.7799988582971634
648.266304,0.78
648.269,0.7788026848349068
648.4637,0.6923348574306993
648.46445,0.6920017764317896
648.464451,0.6920013323236403
648.464452,0.6920008882154909
648.464453,0.6920004441073415
648.464454,0.6920000000000001
648.6617,0.6920000000000001
648.6625,0.6920000000000001
648.662501,0.6920000000000001
648.662502,0.6920000000000001
648.662503,0.6920000000000001
648.662504,0.6920000000000001
648.8597,0.7488115845333623
648.86035,0.748998847611437
648.860351,0.7489991357085778
648.860352,0.7489994238057185
648.860353,0.7489997119028593
648.860354,0.749
649.0577,0.6036657452714527
649.0586,0.6030029457751935
649.058601,0.6030022093310603
649.058602,0.6030014728882666
649.058603,0.6030007364441332
649.058604,0.603
649.2557,0.5820694513273792
649.25635,0.5820004247787116
649.256351,0.5820003185839855
649.256352,0.5820002123892593
649.256353,0.582000106194533
649.256354,0.582
649.25895,0.5808995003783889
649.4537,0.4983408327022156
649.4545,0.49800169568489
649.454501,0.4980012717634747
649.454502,0.4980008478420594
649.454503,0.4980004239214153
649.454504,0.498
649.65175,0.3684950505054419
649.6525,0.368002626262321
649.652501,0.3680019696964422
649.652502,0.3680013131305634
649.652503,0.3680006565658788
649.652504,0.368
649.84975,0.4397620616468232
649.8504,0.4399985447190627
649.850401,0.439998908539297
649.850402,0.4399992723595313
649.850403,0.4399996361797657
649.850404,0.44
650.0477,0.5435256508574828
650.0486,0.5439979011102338
650.048601,0.543998425832914
650.048602,0.5439989505555942
650.048603,0.5439994752773198
650.048604,0.544
650.2457,0.452420040404247
650.2466,0.4520018585856425
650.246601,0.4520013939390206
650.246602,0.4520009292932438
650.246603,0.4520004646466219
650.246604,0.452
650.2493,0.4510600101062639
650.44375,0.3832628903482361
650.4445,0.3830013946435974
650.444501,0.3830010459825395
650.444502,0.3830006973214816
650.444503,0.3830003486604237
650.444504,0.383
650.64175,0.572276464647638
650.6425,0.5729961616166077
650.642501,0.5729971212128921
650.642502,0.5729980808091767
650.642503,0.5729990404037156
650.642504,0.5730000000000001
650.83975,0.2592787679897105
650.84055,0.2580063620290511
650.840551,0.2580047715239582
650.840552,0.2580031810159721
650.840553,0.258001590507986
650.840554,0.258
651.03775,0.1760612365459328
651.0403,0.1750016620774038
651.040301,0.1750012465586197
651.040302,0.1750008310390798
651.040303,0.1750004155195399
651.040304,0.175
651.23575,0.4596832492990712
651.23665,0.4609941736701449
651.236651,0.4609956302506216
651.236652,0.4609970868337477
651.236653,0.4609985434168738
651.236654,0.461
651.2393,0.4587270338563292
651.43375,0.2916906518437968
651.43455,0.2910034360784284
651.434551,0.2910025770584306
651.434552,0.2910017180384329
651.434553,0.2910008590199977
651.434554,0.291
651.63175,0.2690893333332592
651.63255,0.2690004444443928
651.632551,0.2690003333332441
651.632552,0.2690002222222974
651.632553,0.2690001111111487
651.632554,0.269
651.82975,0.3008700606061684
651.83055,0.3009993535354286
651.830551,0.300999515151351
651.830552,0.3009996767675673
651.830553,0.3009998383837836
651.830554,0.301
652.02775,0.49112839979765
652.02865,0.4919961433623866
652.028651,0.4919971075222283
652.028652,0.4919980716803164
652.028653,0.4919990358401582
652.028654,0.492
652.22575,0.5955251717169381
652.22665,0.5959978989901431
652.226651,0.5959984242418908
652.226652,0.5959989494945939
652.226653,0.5959994747472969
652.226654,0.596
652.22935,0.5982585717886779
652.4238,0.7611588998235856
652.4248,0.7619966490036698
652.424801,0.7619974867516095
652.424802,0.761998324501073
652.424803,0.7619991622505364
652.424804,0.762
652.6218,0.7948741744629089
652.62255,0.794999332490596
652.622551,0.7949994993680228
652.622552,0.7949996662454497
652.622553,0.7949998331225732
652.622554,0.795
652.8198,0.6396332946234757
652.8206,0.6390031507205819
652.820601,0.6390023630404364
652.820602,0.6390015753602909
652.820603,0.6390007876801455
652.820604,0.639
653.0178,0.7195896871847663
653.0188,0.7199983652877783
653.018801,0.7199987739660195
653.018802,0.7199991826442608
653.018803,0.7199995913217587
653.018804,0.72
653.2158,0.7140258984078813
653.21665,0.714000121304004
653.216651,0.7140000909779892
653.216652,0.7140000606520296
653.216653,0.7140000303260148
653.216654,0.714
653.21935,0.7153061619982716
653.4138,0.8095135806208689
653.4148,0.8099980620744115
653.414801,0.809998546556029
653.414802,0.8099990310367652
653.414803,0.8099995155183826
653.414804,0.81
653.6118,0.7094105358945035
653.6126,0.7090020424669011
653.612601,0.7090015318499436
653.612602,0.709001021233915
653.612603,0.7090005106169575
653.612604,0.709
653.8098,0.7767238787874832
653.8106,0.7769986262627859
653.810601,0.776998969696621
653.810602,0.7769993131310806
653.810603,0.7769996565655404
653.810604,0.777
654.0078,0.8934073259335515
654.0088,0.8939976387490131
654.008801,0.8939982290620282
654.008802,0.8939988193750434
654.008803,0.8939994096880586
654.008804,0.894
654.2058,0.8512288412017797
654.20685,0.8510008684674577
654.206851,0.8510006513504946
654.206852,0.8510004342339264
654.206853,0.8510002171169632
654.206854,0.851
654.2095,0.8515746363634191
654.4038,0.8937711010100374
654.40485,0.8939991313132323
654.404851,0.8939993484846279
654.404852,0.8939995656564186
654.404853,0.8939997828282094
654.404854,0.894
654.6026,0.9745908226416148
654.6036,0.97499836981151
654.603601,0.974998777358818
654.603602,0.9749991849053844
654.603602999,0.9749995924526922
654.603604,0.975
654.79985,0.9032755736042792
654.8006,0.9030014619287642
654.800601,0.9030010964464068
654.800602,0.9030007309647144
654.800603,0.9030003654823572
654.800604,0.903
654.9983,0.9445161599996954
655.0006,0.9449991599997156
655.000601,0.9449993699997868
655.000602,0.9449995799998578
655.000603,0.944999789999929
655.000604,0.945
655.1965,0.9658929202641208
655.1975,0.965999573387556
655.197501,0.9659996800407156
655.197502,0.9659997866936808
655.197503,0.9659998933468404
655.197504,0.966
655.2002,0.9673251178107768
655.39385,1.062506521408794
655.39485,1.0629980339500638
655.394851,1.0629985254618772
655.394852,1.0629990169745849
655.394853,1.0629995084872923
655.394854,1.063
655.591849999,1.055040565656555
655.592849999,1.0550001616162163
655.592851,1.0550001212121622
655.592852,1.055000080808108
655.592853,1.055000040404054
655.592853999,1.055
655.78985,1.1824797168849968
655.79065,1.1829974115270956
655.790651,1.1829980586444389
655.790652,1.1829987057629592
655.790653,1.1829993528814795
655.790654,1.183
655.98785,1.103095667834101
655.99055,1.102001620810217
655.990551,1.1020012156074783
655.990552,1.102000810405477
655.990553,1.1020004052027386
655.990554,1.102
656.18585,1.0025367965369465
656.1869,1.002002037178271
656.186901,1.002001527884398
656.186902,1.002001018589599
656.186903,1.0020005092947994
656.186904,1.002
656.18955,1.0010249469968315
656.38385,0.92942524987365
656.385,0.9290014740028576
656.385001,0.9290011055019756
656.385002,0.929000737001764
656.385003,0.929000368500882
656.385004,0.929
656.58185,0.9717709853460716
656.5829,0.9719991308738848
656.582900999,0.9719993481554134
656.582902,0.9719995654369424
656.582903,0.9719997827184712
656.582904,0.972
656.77985,1.4056790707104094
656.7809,1.4079911919202153
656.780901,1.4079933939411629
656.780902,1.4079955959621104
656.780903,1.4079977979830578
656.780904,1.408
656.97785,1.3840824592031176
657.17615,1.3600004857686654
657.176151,1.360000364326499
657.176152,1.3600002428843327
657.176153,1.3600001214421664
657.176154,1.36
657.18095,1.3615865555553155
657.18455,1.36277746464623
657.37385,1.4253994343433871
657.57215,1.4909986767678307
657.572151,1.490999007576023
657.572152,1.4909993383842162
657.572153,1.4909996691918073
657.572154,1.491
657.57505,1.4908829898989917
657.77015,1.483000161616143
657.770151,1.483000121212089
657.770152,1.4830000808081083
657.770153,1.4830000404040542
657.770154,1.483
657.77305,1.4808234350567675
657.9684,1.334003006304821
657.968401,1.334002254728274
657.968402,1.334001503151727
657.968403,1.33400075157518
657.968404,1.334
657.97105,1.3332774513272134
658.16615,1.2800010922886125
658.166151,1.2800008192164594
658.166152,1.2800005461443065
658.166153,1.2800002730721531
658.166154,1.28
658.17095,1.2819377777774756
658.36415,1.3599983838378369
658.364151,1.3599987878783777
658.364152,1.3599991919189185
658.364153,1.3599995959594593
658.364154,1.36
658.3669,1.3581573259345336
658.3672,1.3579560141272586
658.56235,1.227002684157105
658.562351,1.2270020131175237
658.562352,1.2270013420779422
658.562353,1.2270006710395815
658.562354,1.227
658.56505,1.226959120545875
658.7602,1.224000060652002
658.760201,1.2240000454890223
658.760202,1.2240000303260148
658.760203,1.2240000151630075
658.760204,1.224
658.7631,1.2261771140262212
658.9584,1.3729969929367771
658.958401,1.372997744702925
658.958402,1.3729984964690725
658.958403,1.37299924823522
658.958404,1.373
658.96305,1.3688190697663714
659.1562,1.1950035995967696
659.156201,1.195002699697577
659.156202,1.1950017997983848
659.156203,1.1950008998991926
659.156204,1.195
659.1591,1.1953217777777765
659.3542,1.2169995555556072
659.354201,1.216999666666756
659.354202,1.2169997777779047
659.354203,1.2169998888890534
659.354204,1.217
659.35695,1.21745720484361
659.35725,1.2175071543894729
659.5524,1.249999334006132
659.552401,1.249999500504675
659.552402,1.2499996670029143
659.552403,1.2499998335014573
659.552404,1.25
659.5551,1.2509786337280957
659.75075,1.3219985480206833
659.750751,1.3219989110155124
659.750752,1.3219992740103417
659.750753,1.3219996370051708
659.750754,1.322
659.7534,1.3200970777419134
659.9482,1.1800028766773056
659.948201,1.1800021575089603
659.948202,1.180001438339307
659.948203,1.180000719169653
659.948204,1.18
659.95115,1.1781424968470815
660.14645,1.0550025220678028
660.146451,1.0550018915505652
660.146452,1.0550012610344748
660.146453,1.0550006305172372
660.146454,1.055
660.14915,1.0550681668773594
660.3442,1.0599998988622117
660.344201,1.0599999241466702
660.344202,1.0599999494311287
660.344203,1.0599999747155875
660.344204,1.06
660.3469,1.062012650694585
660.34725,1.0622739369495011
660.54245,1.2079970138717215
660.542451,1.2079977604027727
660.542452,1.2079985069351815
660.542453,1.207999253467591
660.542454,1.208
660.54515,1.2018999595969655
660.74045,0.7600090505081144
660.740451,0.7600067878810858
660.740452,0.7600045252540573
660.740453,0.7600022626270286
660.740454,0.76
660.745,0.7573596464645577
660.93845,0.6450023232320533
660.938451,0.6450017424237758
660.938452,0.6450011616154984
660.938453,0.645000580807221
660.938454,0.645
660.94115,0.6476551515165051
661.13645,0.8399960606065184
661.136451,0.8399970454553367
661.136452,0.8399980303041549
661.136453,0.8399990151511817
661.136454,0.84
661.141,0.842758634639752
661.3342,0.9599975726919722
661.334200999,0.9599981795189793
661.334202,0.959998786345986
661.334203,0.959999393172993
661.334204,0.96
661.3369,0.9617950668345162
661.3373,0.9620613972247652
661.53245,1.0919973366964004
661.532451,1.091998002521392
661.532452,1.0919986683475946
661.532453,1.0919993341737977
661.532454,1.092
661.5351,1.0912974048098836
661.73205,1.039001062124125
661.732051,1.039000796593456
661.732052,1.039000531062304
661.732053,1.039000265531152
661.732054,1.039
661.73475,1.0368196134286292
661.92795,0.8805693591048169
661.92865,0.8800032349945376
661.928651,0.8800024262455354
661.928652,0.8800016174965333
661.928653,0.8800008087490021
661.928654,0.88
662.12645,0.774002143579124
662.126451,0.7740016076840993
662.126452,0.7740010717890746
662.126453,0.7740005358940499
662.126454,0.774
662.131,0.7711996364553799
662.3245,0.65200246402395
662.324501,0.6520018480188029
662.324502,0.6520012320125352
662.324503,0.6520006160062677
662.324503999,0.652
662.32715,0.6517861278101333
662.3273,0.651774003536192
662.52245,0.6360003233139306
662.522451,0.6360002424854112
662.522452,0.6360001616570389
662.522453,0.6360000808285194
662.522454,0.636
662.52515,0.6368984397877816
662.7205,0.7019986670028308
662.720501,0.7019990002521231
662.720502,0.7019993335014154
662.720503,0.7019996667507078
662.720504,0.7020000000000001
662.72315,0.7028285454542399
662.9185,0.763998747474893
662.918501,0.7639990606063122
662.918502,0.7639993737377313
662.918503,0.7639996868691504
662.918504,0.764
662.91875,0.7640969090914704
663.1165,0.8419984242426073
663.116501,0.8419988181821346
663.116502,0.841999212121662
663.116503,0.8419996060604726
663.116504,0.842
663.11915,0.8426147272729174
663.3145,0.8879990707071788
663.314501,0.8879993030304897
663.314502,0.8879995353533781
663.314503,0.8879997676766891
663.314504,0.888
663.31715,0.8903520000007276
663.3173,0.8904853333339262
663.5125,1.0639964444448575
663.512501,1.0639973333324306
663.512502,1.0639982222216204
663.512503,1.0639991111108102
663.512504,1.064
663.51515,1.06522945454499
663.7105,1.155998141413512
663.710501,1.1559986060601342
663.710502,1.155999070706756
663.710503,1.155999535353378
663.710504,1.156
663.7132,1.1573333737065687
663.908,1.2536765480689993
663.90865,1.253998021700062
663.908651,1.2539985162750464
663.908652,1.253999010850031
663.908653,1.2539995054250157
663.908654,1.254
664.106,1.1742642424240366
664.10665,1.1740016161614282
664.106651,1.1740012121208874
664.106652,1.1740008080803466
664.106653,1.1740004040398058
664.106654,1.174
664.30455,1.0900016978269882
664.304551,1.0900012733708202
664.304552,1.0900008489138802
664.304553,1.09000042445694
664.304554,1.09
664.3072,1.0912418773651635
664.30735,1.091312278576296
664.50205,1.18269305071854
664.5027,1.1829981226337325
664.502701,1.1829985919752992
664.502702,1.1829990613168662
664.502703,1.182999530658433
664.502704,1.183
664.70055,1.0300030932521045
664.700551,1.0300023199387267
664.700552,1.030001546625349
664.700553,1.0300007733119712
664.700554,1.03
664.7051,1.0282563916224643
664.89805,0.9542508402723234
664.8987,0.954001534191091
664.898701,0.9540011506431438
664.898702,0.9540007670951968
664.898703,0.9540003835472496
664.898704,0.954
665.09605,1.1842370000006013
665.0967,1.1849953333338756
665.096701,1.1849965000009373
665.096702,1.1849976666679989
665.096703,1.1849988333329384
665.096704,1.185
665.29615,1.2699982953123063
665.296151,1.2699987214844235
665.296152,1.2699991476565409
665.296153,1.2699995738278829
665.296154,1.27
665.2988,1.2701615466802838
665.299,1.270173757313624
665.49205,1.2819600712287265
665.4927,1.28199975578736
665.492701,1.2819998168404363
665.492702,1.2819998778936244
665.492703,1.2819999389468122
665.492704,1.282
665.69005,1.3766862121205867
665.6907,1.3769980808074311
665.690701,1.3769985606055732
665.690702,1.3769990404037156
665.690703,1.3769995202018577
665.690704,1.377
665.88935,1.3430006846214249
665.889351,1.3430005134660683
665.889352,1.3430003423107124
665.889353,1.343000171155356
665.889354,1.343
665.88955,1.3432284266520491
666.08605,1.5722378008620077
666.0867,1.57299533823211
666.086701,1.5729965036746123
666.086702,1.572997669117115
666.086703,1.5729988345574974
666.086704,1.573
666.2841,1.5909450909091882
666.2847,1.5909996363636787
666.284701,1.5909997272728005
666.284702,1.5909998181817566
666.284703,1.5909999090908782
666.284704,1.591
666.2874,1.5877599399104103
666.48375,1.3517859789700166
666.4844,1.3510048072124436
666.484401,1.3510036054093326
666.484402,1.3510024036062218
666.484403,1.3510012018031108
666.484404,1.351
666.6801,1.413806153845913
666.6807,1.413998716250786
666.680701,1.4139990371876516
666.680702,1.4139993581251011
666.680703,1.4139996790625504
666.680704,1.414
666.8781,1.212616202020965
666.8787,1.2120040808094623
666.878701,1.2120030606070966
666.878702,1.2120020404047311
666.878703,1.2120010202023654
666.878704,1.212
667.0761,1.4173715959607045
667.0767,1.417995838384322
667.076701,1.4179968787887145
667.076702,1.4179979191931071
667.076703,1.4179989595974998
667.076704,1.418
667.27405,1.3851173037111906
667.27475,1.3850006664982817
667.274751,1.3850004998739385
667.274752,1.3850003332492924
667.274753,1.385000166624646
667.274754,1.385
667.2774,1.3856810295228317
667.4721,1.4357930658589009
667.4729,1.435998970477031
667.472901,1.435999227857422
667.472902,1.4359994852382814
667.472903,1.4359997426191409
667.472904,1.436
667.6701,1.474871084154406
667.67075,1.4749992115236148
667.670751,1.4749994086427112
667.670752,1.4749996057618076
667.670753,1.4749998028809037
667.670754,1.475
667.8681,1.3704787894075516
667.869,1.3700021185369544
667.869001,1.3700015889034385
667.869002,1.3700010592689589
667.869003,1.3700005296344795
667.869004,1.37
668.0661,1.3042182756003349
668.06675,1.3040013350188082
668.066751,1.3040010012639545
668.066752,1.3040006675091007
668.066753,1.3040003337548538
668.066754,1.304
668.2641,1.4634715151519315
668.26475,1.4639967676771433
668.264751,1.4639975757582249
668.264752,1.4639983838378368
668.264753,1.4639991919189184
668.264754,1.464
668.2674,1.4617299015890008
668.4621,1.2946897804687698
668.4629,1.2940034317432298
668.462901,1.2940025738070322
668.462902,1.294001715872395
668.462903,1.2940008579361977
668.462904,1.294
668.6601,1.4295504473076712
668.66075,1.4299972504413234
668.660751,1.4299979378309926
668.660752,1.4299986252206616
668.660753,1.4299993126103308
668.660754,1.43
668.8581,1.3921732761665426
668.859,1.392000766708612
668.859001,1.392000575031372
668.859002,1.3920003833544805
668.859003,1.3920001916772402
668.859004,1.392
669.0561,1.2165820682675592
669.05675,1.216003560050155
669.056751,1.2160026700372115
669.056752,1.2160017800242682
669.056753,1.2160008900113246
669.056754,1.216
669.2541,1.258847149709661
669.2548,1.2589991315325424
669.254801,1.258999348649111
669.254802,1.2589995657660735
669.254803,1.258999782883037
669.254804,1.259
669.25745,1.2589198586572738
669.45215,1.253022836951053
669.4529,1.25300012115092
669.452901,1.2530000908631762
669.452902,1.2530000605754876
669.452903,1.2530000302877438
669.452904,1.253
669.65015,1.301801080534934
669.65095,1.3019990103505863
669.650951,1.3019992577629398
669.650952,1.3019995051752933
669.650953,1.3019997525876468
669.650954,1.302
669.84905,1.3955965016336285
669.8499,1.3959981100772694
669.849901,1.395998582557952
669.849902,1.3959990550386348
669.849903,1.395999527519317
669.849904,1.396
670.04615,1.0624514967019991
670.047,1.0610067985786111
670.047001,1.0610050989331854
670.047002,1.0610033992908514
670.047003,1.0610016996454257
670.047004,1.061
670.24415,1.138742103134682
670.2448,1.138998422649324
670.244801,1.1389988169871723
670.244802,1.1389992113243033
670.244803,1.1389996056621516
670.244804,1.139
670.2495,1.140398253848084
670.44215,1.1977606056020151
670.44295,1.197998808983232
670.442951,1.1979991067370177
670.442952,1.1979994044913451
670.442953,1.1979997022456723
670.442954,1.198
670.64015,1.3792609696959108
670.64095,1.3799963232310786
670.640951,1.379997242423309
670.640952,1.3799981616155397
670.640953,1.3799990808077698
670.640954,1.38
670.83815,1.3849771832407762
670.83905,1.3849998990409005
670.839051,1.3849999242806408
670.839052,1.384999949520427
670.839053,1.3849999747602135
670.839054,1.385
671.03615,1.365091313131358
671.03705,1.3650004040403572
671.037051,1.3650003030304056
671.037052,1.3650002020202705
671.037053,1.3650001010101351
671.037054,1.365
671.23415,1.2744154747476792
671.23505,1.274001838384461
671.235051,1.2740013787883455
671.235052,1.2740009191922304
671.235053,1.2740004595961152
671.235054,1.274
671.23765,1.2766622278337234
671.4322,1.4761754887586045
671.433,1.4769958979526403
671.433001,1.4769969234644802
671.433002,1.47699794897632
671.433003,1.4769989744881602
671.433004,1.477
671.6302,1.486959393939336
671.631,1.4869997979797296
671.631001,1.4869998484847973
671.631002,1.486999898989865
671.631003,1.4869999494949324
671.631004,1.487
671.8282,1.4162704420310304
671.82895,1.4160014347062193
671.828951,1.4160010760296646
671.828952,1.4160007173531095
671.828953,1.4160003586765548
671.828954,1.416
672.0262,1.4060431095406307
672.02705,1.4060002019182
672.027051,1.4060001514387188
672.027052,1.4060001009591458
672.027053,1.406000050479573
672.027054,1.406
672.2242,1.2825348282827589
672.22505,1.282002505051353
672.225051,1.2820018787885148
672.225052,1.2820012525256763
672.225053,1.2820006262628385
672.225054,1.282
672.2277,1.2818930639050667
672.4222,1.274032493053848
672.423,1.2740001616569654
672.423001,1.2740001212427792
672.423002,1.2740000808285197
672.423003,1.2740000404142595
672.423004,1.274
672.6202,1.2182273939397197
672.621,1.2180011313135142
672.621001,1.2180008484851357
672.621002,1.2180005656567572
672.621003,1.2180002828283785
672.621004,1.218
672.8182,1.3672401614532712
672.8192,1.367996972755145
672.819201,1.367997729566703
672.819202,1.3679984863782608
672.819203,1.3679992431884422
672.819204,1.368
673.0162,1.2068214545452396
673.0172,1.2060032727268923
673.017201,1.2060024545447972
673.017202,1.2060016363641903
673.017203,1.2060008181820951
673.017204,1.206
673.21425,1.1084229004556194
673.2151,1.1080019807990538
673.215101,1.1080014855992903
673.215102,1.108000990399527
673.215103,1.1080004951997635
673.215104,1.108
673.2177,1.1093363209681752
673.41225,1.2094831794096683
673.41325,1.209997940954062
673.413251,1.2099984557157806
673.413252,1.2099989704774992
673.413253,1.2099994852392175
673.413254,1.21
673.6102,1.2607926472816255
673.611,1.2609989683945575
673.611001,1.2609992262955665
673.611002,1.2609994841970442
673.611003,1.2609997420985222
673.611004,1.261
673.8082,1.153574184111133
673.80925,1.1530021790665816
673.809251,1.1530016342996885
673.809252,1.1530010895337863
673.809253,1.1530005447668932
673.809254,1.153
674.0062,1.2833026565654626
674.00725,1.283997353535661
674.007251,1.2839980151508432
674.007252,1.283998676767229
674.007253,1.2839993383836144
674.007254,1.284
674.2042,1.2899725852918744
674.205099999,1.2899998786959408
674.205100999,1.2899999090219556
674.205101999,1.2899999393479704
674.205103,1.2899999696739852
674.205104,1.29
674.2077,1.2902208808807505
674.40385,1.3069103203204493
674.4049,1.306999659659699
674.404901,1.306999744744813
674.404902,1.306999829829927
674.404903,1.3069999149150409
674.404904,1.307
674.60025,1.1815164618921463
674.60105,1.1810025694630162
674.601050999,1.1810019270972625
674.601052,1.181001284731508
674.601053,1.181000642365754
674.601054,1.181
674.79825,1.3172716368219886
674.7993,1.3179972358136882
674.799301,1.3179979268593234
674.799302,1.3179986179062158
674.799303,1.317999308953108
674.799304,1.318
674.99625,1.185674574387297
674.99725,1.185002687547048
674.997251,1.1850020156599803
674.997252,1.1850013437741351
674.997253,1.1850006718870676
674.997254,1.185
675.19425,1.2864571673818248
675.1953,1.2869979399134657
675.195301,1.2869984549350992
675.195302,1.2869989699567328
675.195303,1.2869994849783664
675.195304,1.287
675.19785,1.287411474747431
675.39225,1.3188296565659017
675.3933,1.3189993535354283
675.393301,1.318999515151645
675.393302,1.3189996767678611
675.393303,1.3189998383840775
675.393304,1.319
675.59025,1.167770942156911
675.59125,1.1670030714823407
675.591251,1.1670023036114063
675.591251999,1.167001535740472
675.591253,1.1670007678695375
675.591254,1.167
675.78825,1.303305313131495
675.78925,1.303997232323554
675.789251,1.3039979242429802
675.789252,1.3039986161624064
675.789253,1.3039993080818324
675.789254,1.304
675.98625,1.2821115555555265
675.98725,1.2820004444443929
675.987251,1.282000333333244
675.987252,1.2820002222220954
675.987253,1.2820001111111488
675.987254,1.282
676.1843,1.2034004847259734
676.1853,1.2030015955572178
676.185301,1.2030011966679135
676.185302,1.203000797778609
676.185303,1.2030003988893043
676.185304,1.203
676.1879,1.2047093541092488
676.3823,1.3327133752191105
676.38425,1.3339973661715137
676.384251,1.3339980246286351
676.384252,1.3339986830857569
676.384253,1.3339993415428784
676.384254,1.334
676.5803,1.3280305709210782
676.5813,1.3280001217964843
676.581301,1.3280000913473493
676.581302,1.3280000608982143
676.581303,1.328000030449135
676.581304,1.328
676.7783,1.3926704040404905
676.7793,1.3929986868688395
676.779301,1.3929990151517788
676.779302,1.3929993434347183
676.779303,1.3929996717170603
676.779304,1.393
676.9763,1.4642724301078134
677.17455,1.5359985528148423
677.174551,1.5359989146112965
677.174552,1.5359992764077504
677.174553,1.5359996382042045
677.174554,1.536
677.17735,1.5336207250749756
677.37315,1.3670034038279395
677.373151,1.3670025528709548
677.373152,1.36700170191397
677.373153,1.3670008509569849
677.373154,1.367
677.3758,1.3663701595342952
677.3761,1.3662987490507004
677.5706,1.3200009521401046
677.570601,1.3200007141050785
677.570602,1.3200004760700523
677.570603,1.3200002380350262
677.570604,1.32
677.5734,1.3193363030305765
677.7686,1.273000949495271
677.768601,1.2730007121214533
677.768602,1.2730004747476356
677.768603,1.2730002373738178
677.768604,1.273
677.7714,1.2712630909097908
677.9666,1.1500024848481962
677.966601,1.1500018636358649
677.966602,1.1500012424235333
677.966603,1.1500006212112015
677.966604,1.15
677.9694,1.149039757575529
678.1646,1.082001373737214
678.164601,1.0820010303027543
678.164602,1.0820006868682948
678.164603,1.0820003434344598
678.164604,1.082
678.1674,1.0824237433696402
678.36255,1.11199939378638
678.362551,1.111999545339854
678.362552,1.111999696893328
678.362553,1.111999848446526
678.362554,1.112
678.36525,1.114001070437773
678.36555,1.1142237414802134
678.5606,1.2589970310531096
678.560601,1.2589977732888196
678.560602,1.2589985155258798
678.560603,1.25899925776294
678.560604,1.259
678.5634,1.2550601818198053
678.7586,0.9800056363655444
678.758601,0.9800042272741584
678.758602,0.9800028181827722
678.758603,0.980001409091386
678.758604,0.98
678.76145,0.9780758627652733
678.9568,0.8460027043387371
678.956801,0.8460020282537455
678.956802,0.8460013521687537
678.956803,0.8460006760849917
678.956804,0.846
678.9594,0.8454881496460543
679.1546,0.8070007886753381
679.154601,0.8070005915064139
679.154602,0.8070003943374897
679.154603,0.8070001971689242
679.154604,0.807
679.1574,0.8080873333335927
679.3526,0.8839984444446253
679.352601,0.8839988333336458
679.352602,0.8839992222219589
679.352603,0.8839996111109795
679.352604,0.884
679.3553,0.880491460277991
679.35555,0.8801661134923771
679.55085,0.6260052055479449
679.550851,0.6260039041603669
679.550852,0.6260026027727889
679.550853,0.6260013013852108
679.550854,0.626
679.55345,0.6248710189632282
679.7486,0.5400017395699622
679.748601,0.540001304678065
679.748602,0.5400008697853766
679.748603,0.5400004348926883
679.748604,0.54
679.75335,0.536217563683242
679.94685,0.3820031878937027
679.946851,0.3820023909199146
679.946852,0.3820015939475761
679.946853,0.3820007969737881
679.946854,0.382
679.94945,0.3813698710492378
680.1446,0.3340009709227696
680.144601,0.3340007281919668
680.144602,0.334000485461164
680.144603,0.3340002427303613
680.144604,0.334
680.14745,0.3341149898990393
680.3426,0.3419998383838571
680.342601,0.3419998787879112
680.342602,0.3419999191919654
680.342603,0.3419999595959459
680.342604,0.342
680.3452,0.3403762723831979
680.3456,0.3401260832275862
680.54085,0.218002501892398
680.540851,0.2180018764192985
680.540852,0.218001250946199
680.540853,0.2180006254730995
680.540854,0.218
680.54335,0.2178361212121754
680.73885,0.2050002626262321
680.738851,0.2050001969696442
680.738852,0.2050001313130563
680.738853,0.2050000656564684
680.738854,0.205
680.74335,0.2089510303042381
680.93685,0.3789964848488933
680.936851,0.3789973636370696
680.936852,0.3789982424252459
680.936853,0.3789991212118237
680.936854,0.379
680.93945,0.3761687149706883
681.1349,0.1630043625361903
681.134901,0.1630032719021427
681.134901999,0.1630021812680951
681.134902999,0.1630010906340475
681.134903999,0.163
681.13745,0.1678924399488917
681.33265,0.542992313528074
681.332651,0.5429942351469293
681.332652,0.5429961567622893
681.332653,0.5429980783811447
681.332654,0.543
681.3353,0.5411714905416711
681.3356,0.5409641765444018
681.5309,0.4060027641863118
681.530901,0.4060020731394196
681.530902,0.4060013820925274
681.530903,0.4060006910456352
681.530904,0.406
681.5337,0.4066636969698553
681.7289,0.4529990505051608
681.728901,0.4529992878789786
681.728902,0.4529995252527963
681.728903,0.4529997626261823
681.728904,0.453
681.7315,0.4534720000000478
681.9269,0.4889992727273572
681.926901,0.4889994545456006
681.926902,0.4889996363635132
681.926903,0.4889998181817566
681.926904,0.489
681.9295,0.4888163980803042
682.12485,0.4750002828996893
682.124851,0.4750002121747348
682.124852,0.4750001414497803
682.124853,0.4750000707249545
682.124854,0.475
682.12745,0.4764699292215876
682.32265,0.5869977350862086
682.322650999,0.5869983013149139
682.322652,0.5869988675436193
682.322652999,0.5869994337712946
682.322654,0.587
682.32725,0.5858640403529197
682.32755,0.5857898915509767
682.5209,0.5380009886505788
682.520901,0.5380007414878216
682.520902,0.5380004943250646
682.520903,0.5380002471623075
682.520904,0.538
682.5235,0.5359153333331224
682.7189,0.3790032121208388
682.718901,0.3790024090902639
682.718902,0.379001606059689
682.718903,0.3790008030305749
682.718904,0.379
682.7215,0.3787904339051255
682.9164,0.3630568314833532
682.9171,0.3630003229061178
682.917101,0.3630002421796985
682.917102,0.3630001614531323
682.917103,0.3630000807265661
682.917104,0.363
683.1149,0.3110010515671174
683.114901,0.3110007886752185
683.114902,0.3110005257837978
683.114903,0.3110002628918989
683.114904,0.311
683.1175,0.3120357777778826
683.3129,0.3899984040405895
683.312901,0.3899988030298978
683.312902,0.3899992020199319
683.312903,0.3899996010099659
683.312904,0.39
683.3155,0.3913897777779184
683.31575,0.391523616161297
683.5109,0.4959978585851337
683.510901,0.4959983939388502
683.510902,0.4959989292925668
683.510903,0.4959994646462834
683.510904,0.496
683.5152,0.4950670303032061
683.7089,0.4530008686867677
683.708901,0.453000651514977
683.708902,0.4530004343431864
683.708903,0.4530002171713956
683.708904,0.453
683.70915,0.4530086903861215
683.90645,0.459978662629359
683.90705,0.4599998586929258
683.907051,0.4599998940197105
683.907052,0.4599999293464951
683.907053,0.4599999646732797
683.907054,0.46
684.10495,0.2590040626574359
684.104951,0.2590030469944625
684.104952,0.2590020313296417
684.104952999,0.2590010156648208
684.104954,0.259
684.1075,0.2614817070704214
684.30295,0.451996101008781
684.302951,0.4519970757565858
684.302952,0.4519980505043905
684.302953,0.4519990252521952
684.302954,0.452
684.30315,0.4521571142276958
684.3057,0.4542012024049032
684.50255,0.6119967935860888
684.502551,0.6119975951895666
684.502552,0.6119983967930445
684.502553,0.6119991983965222
684.502554,0.612
684.5054,0.611044334775059
684.69845,0.5462196082420063
684.6991,0.5460013431695209
684.699101,0.546001007376988
684.699102,0.5460006715844551
684.699103,0.5460003357919222
684.699104,0.546
684.89645,0.5918480606061803
684.8971,0.5919990707071787
684.897101,0.5919993030304896
684.897102,0.5919995353538006
684.897103,0.591999767676689
684.897104,0.592
685.09445,0.5072807575755364
685.0951,0.5070017171715177
685.095101,0.507001287878443
685.095102,0.5070008585861493
685.095103,0.5070004292930747
685.095104,0.507
685.2925,0.4651281212122798
685.2931,0.4650008484847499
685.293101,0.4650006363638518
685.293102,0.4650004242425679
685.293103,0.4650002121212839
685.293104,0.465
685.2957,0.466284888889019
685.49045,0.5626763030296579
685.4911,0.56299802020135
685.491101,0.5629985151510125
685.491102,0.562999010100675
685.491103,0.5629995050503376
685.491104,0.5630000000000001
685.68895,0.4030032347734427
685.688951,0.4030024260797142
685.688952,0.4030016173859858
685.688953,0.4030008086922574
685.688954,0.403
685.6892,0.4030906283124099
685.88645,0.4757590613173736
685.8871,0.4759985263690837
685.887101,0.4759988947769803
685.887102,0.4759992631848769
685.887103,0.4759996315921034
685.887104,0.476
686.08565,0.3803151807235189
686.0863,0.380001927711496
686.086301,0.380001445783622
686.086302,0.380000963855748
686.086303,0.380000481927874
686.086304,0.38
686.283,0.3300010167771617
686.283001,0.3300007625828713
686.283002,0.3300005083885808
686.283003,0.3300002541942904
686.283004,0.33
686.2832,0.3300395659851732
686.28575,0.33055432752931
686.4805,0.3698679788040391
686.48115,0.3699991925310048
686.481151,0.3699993943983453
686.481152,0.3699995962656859
686.481153,0.3699997981330266
686.481154,0.37
686.6802,0.3301309964946384
686.68085,0.3300008012017096
686.680851,0.3300006009015555
686.680852,0.3300004006010369
686.680853,0.3300002003005185
686.680854,0.33
686.8765,0.261229882832219
686.87715,0.2610014060110439
686.877151,0.2610010545081231
686.877152,0.2610007030058416
686.877153,0.2610003515029208
686.877154,0.261
687.0745,0.3497060303032619
687.07515,0.349998202020411
687.075151,0.349998651514695
687.075152,0.3499991010097967
687.075153,0.3499995505048984
687.075154,0.35
687.2725,0.2971750606064095
687.27315,0.2970010707074331
687.273151,0.2970008030305748
687.273152,0.2970005353537165
687.273153,0.2970002676768583
687.273154,0.297
687.27595,0.2983415151509624
687.4705,0.3916862121205867
687.47115,0.3919980808074311
687.471151,0.3919985606055733
687.471152,0.3919990404037156
687.471153,0.3919995202018578
687.471154,0.392
687.6685,0.5265540909094382
687.66915,0.5269972727275897
687.669151,0.5269979545460023
687.669152,0.526998636364415
687.669153,0.5269993181828276
687.669154,0.527
687.8665,0.4073963636360513
687.86715,0.4070024242421425
687.867151,0.4070018181813313
687.867152,0.4070012121205201
687.867153,0.4070006060608113
687.867154,0.407
688.0645,0.4558258217621718
688.0652,0.4559990103505865
688.065201,0.4559992577629398
688.065202,0.4559995051752932
688.065203,0.4559997525876466
688.065204,0.456
688.26255,0.4978612727269962
688.2632,0.4979991515148643
688.263201,0.4979993636361482
688.263202,0.4979995757574321
688.263203,0.497999787878716
688.263204,0.498
688.2659,0.4944352662130177
688.46055,0.2370630734283489
688.46135,0.2360052889219188
688.461351,0.2360039666908378
688.461352,0.2360026444597568
688.461353,0.2360013222286758
688.461354,0.236
688.65855,0.3067653070509811
688.6592,0.3069985645692848
688.659201,0.3069989234271268
688.659202,0.3069992822849687
688.659203,0.306999641142158
688.659204,0.307
688.85695,0.1188127190331293
688.8578,0.1180038066460832
688.857801,0.1180028549841297
688.857802,0.1180019033221761
688.857803,0.1180009516602225
688.857804,0.118
689.05455,0.2595295440733205
689.0552,0.2599971225940528
689.055201,0.2599978419445582
689.055202,0.2599985612963721
689.055203,0.259999280648186
689.055204,0.26
689.25255,0.2560132121212384
689.2532,0.2560000808081081
689.253201,0.2560000606060811
689.253202,0.2560000404040541
689.253203,0.256000020202027
689.253204,0.256
689.256,0.2563660422959228
689.45105,0.2819012890230838
689.4518,0.2819994763344012
689.451801,0.2819996072506223
689.451802,0.2819997381670815
689.451803,0.2819998690835408
689.451804,0.282
689.64855,0.2700548848975732
689.64945,0.2700002428535007
689.649451,0.2700001821402084
689.649452,0.2700001214268056
689.649453,0.2700000607134028
689.649454,0.27
689.84655,0.158511353535605
689.84745,0.1580022626270286
689.847451,0.1580016969702714
689.847452,0.1580011313135143
689.847453,0.1580005656567571
689.847454,0.158
690.04455,0.1589966927939343
690.0452,0.1589999797724423
690.045201,0.158999984829334
690.045202,0.1589999898862165
690.045203,0.1589999949431083
690.045204,0.159
690.2426,0.2108021296995658
690.24335,0.2109989502903062
690.243351,0.2109992127173716
690.243352,0.2109994751449144
690.243353,0.2109997375724572
690.243354,0.211
690.24595,0.2104231111110527
690.4406,0.167167555555688
690.44135,0.1670008888891898
690.441351,0.1670006666668923
690.441352,0.1670004444445949
690.441353,0.1670002222222974
690.441354,0.167
690.6386,0.1877211905953083
690.64125,0.1879995797899437
690.641251,0.1879996848423145
690.641252,0.1879997898948763
690.641253,0.1879998949474381
690.641254,0.188
690.83655,0.1770506829765794
690.83745,0.1770002242610341
690.837451,0.1770001681957755
690.837452,0.177000112130517
690.837453,0.1770000560652585
690.837454,0.177
691.03455,0.0296757171720495
691.03545,0.029002989900002
691.035451,0.0290022424250015
691.035452,0.029001494950001
691.035453,0.0290007474750005
691.035454,0.029
691.2338,0.0539178391960439
691.23445,0.0539994974874955
691.234451,0.0539996231156788
691.234452,0.053999748743862
691.234453,0.0539998743718167
691.234454,0.054
691.23725,0.0540283929931523
691.4306,0.0559918354912481
691.4314,0.0559999593805581
691.431401,0.0559999695354232
691.431402,0.0559999796902883
691.431403,0.0559999898451533
691.431404,0.056
691.6286,0.0410609090908585
691.6294,0.0410003030302678
691.629401,0.0410002272726664
691.629402,0.041000151515065
691.629403,0.0410000757574636
691.629404,0.041
691.8266,0.051949803129708
691.8275,0.0519997778898793
691.827501,0.0519998334174095
691.827502,0.0519998889449396
691.827503,0.0519999444724698
691.827504,0.052
692.0246,0.0490136969696762
692.0255,0.0490000606060535
692.025501,0.0490000454545332
692.025502,0.049000030303013
692.025503,0.0490000151514927
692.025504,0.049
692.2226,0.0241141414141975
692.2235,0.0240005050504463
692.223501,0.0240003787877773
692.223502,0.0240002525251083
692.223503,0.024000126262669
692.223504,0.024
692.22815,0.0259015967665371
692.4206,0.1046709247089788
692.4214,0.1049983628089455
692.421401,0.1049987721067091
692.421402,0.1049991814044727
692.421403,0.1049995907022363
692.421404,0.105
692.6186,0.1447973763875389
692.6196,0.1449991927347053
692.619601,0.1449993945511207
692.619602,0.1449995963675362
692.619603,0.1449997981835845
692.619604,0.145
692.8166,0.0634157979796891
692.8176,0.063001656565464
692.817601,0.0630012424239097
692.817602,0.0630008282831086
692.817603,0.0630004141415543
692.817604,0.063
693.0146,0.2531275189502856
693.0155,0.2539961394648246
693.015501,0.2539971045990573
693.015502,0.2539980697332901
693.015503,0.2539990348675228
693.015504,0.254
693.21265,0.1972458484848165
693.2135,0.1970011515150177
693.213501,0.1970008636361323
693.213502,0.197000575757247
693.213503,0.1970002878788853
693.213504,0.197
693.21615,0.1961712452636968
693.41065,0.1352518211667531
693.41145,0.1350012528414811
693.411451,0.1350009396309683
693.411452,0.1350006264204556
693.411453,0.135000313209943
693.411454,0.135
693.60865,0.0573951160442953
693.60965,0.0570015741673246
693.609651,0.0570011806253145
693.609652,0.0570007870840202
693.609653,0.0570003935420101
693.609654,0.057
693.8069,0.0480455788146162
693.8079,0.0480001815888818
693.807901,0.0480001361916407
693.807902,0.0480000907943996
693.807903,0.0480000453971585
693.807904,0.048
694.00465,0.1285887534767213
694.00565,0.1289983615670812
694.005651,0.1289987711753109
694.005652,0.1289991807835406
694.005653,0.1289995903917703
694.005654,0.129
694.20265,0.084620425532142
694.2054,0.0840009011263032
694.205401,0.0840006758450348
694.205401999,0.0840004505633565
694.205402999,0.0840002252816782
694.205403999,0.084
694.2079,0.0845977681526668
694.40065,0.130759551592418
694.40165,0.1309990420383278
694.401651,0.1309992815288548
694.401652,0.1309995210193817
694.401653,0.1309997605099087
694.401654,0.131
694.59865,0.1041369090908732
694.59965,0.104000545454482
694.599651,0.1040004090907995
694.599652,0.104000272727117
694.599652999,0.1040001363636825
694.599654,0.104
694.79665,0.1437971717172248
694.79765,0.1439991919192858
694.797651,0.1439993939395562
694.797652,0.1439995959594592
694.797653,0.1439997979797296
694.797654,0.144
694.99465,0.0723831759651129
694.9957,0.0720014541780688
694.995701,0.0720010906333863
694.995702,0.0720007270887037
694.995703,0.0720003635440212
694.995704,0.072
695.1927,0.0978877735658474
695.19355,0.0979994743493155
695.193551,0.0979996057620464
695.193552,0.0979997371747773
695.193553,0.0979998685872691
695.193554,0.098
695.1963,0.0975149634115369
695.3907,0.0631773403986415
695.3917,0.0630007065353708
695.391701,0.0630005299014478
695.391702,0.0630003532675247
695.391703,0.063000176633923
695.391704,0.063
695.588699999,0.0709594343434449
695.589699999,0.0709998383838571
695.589701,0.0709998787879112
695.589702,0.0709999191918918
695.589703,0.0709999595959459
695.589703999,0.071
695.7867,0.0998529494949879
695.7877,0.0999994141414822
695.787701,0.0999995606059118
695.787702,0.0999997070706079
695.787703,0.0999998535353039
695.787704,0.1
695.9847,0.1477566060602287
695.9857,0.147999030302702
695.985701,0.1479992727270265
695.985702,0.147999515151351
695.985703,0.1479997575756755
695.985704,0.148
696.1827,0.1191688922535491
696.18385,0.1190005854152877
696.183851,0.1190004390614658
696.183852,0.1190002927076439
696.183853,0.1190001463538219
696.183854,0.119
696.18645,0.118501400050838
696.3807,0.0811928329542094
696.3817,0.0810007682586926
696.381701,0.0810005761939321
696.381702,0.0810003841291716
696.381703,0.0810001920647605
696.381704,0.081
696.578699999,0.2261497148627825
696.57985,0.2269970527381674
696.579850999,0.2269977895539606
696.579852,0.2269985263697538
696.579853,0.2269992631842068
696.579854,0.227
696.7767,0.1802385039170463
696.7777,0.1800009502146987
696.777701,0.1800007126613481
696.777702,0.1800004751075654
696.777703,0.1800002375537827
696.777704,0.18
696.9747,0.1241782365589154
697.17295,0.0680011334597038
697.172951,0.068000850094649
697.172952,0.0680005667295942
697.172953,0.0680002833650548
697.172954,0.068
697.1758,0.0692345825974768
697.3712,0.1539982648173516
697.371201,0.153998698613211
697.371202,0.1539991324090703
697.371203,0.1539995662049297
697.371204,0.154
697.3738,0.1534487765419046
697.37415,0.1533744590494342
697.569,0.1120008493426717
697.569001,0.1120006370069072
697.569002,0.1120004246711427
697.569003,0.1120002123353782
697.569004,0.112
697.5722,0.1116774974771474
697.7672,0.0920004036326473
697.767201,0.0920003027244396
697.767202,0.0920002018164154
697.767203,0.0920001009082077
697.767204,0.092
697.7698,0.0918425075834013
697.965,0.0800002426693348
697.965001,0.0800001820019735
697.965002,0.0800001213346122
697.965003,0.0800000606673612
697.965004,0.08
697.96785,0.0801293636363365
698.163,0.0889998181818393
698.163001,0.0889998636364001
698.163002,0.0889999090908783
698.163003,0.0889999545454391
698.163004,0.089
698.16765,0.0891642525252314
698.361,0.095999858585875
698.361001,0.095999893939358
698.361002,0.0959999292929053
698.361003,0.0959999646464526
698.361004,0.096
698.3638,0.0961694545453847
698.36395,0.0961785454544664
698.559,0.1079997575756755
698.559001,0.1079998181817566
698.559002,0.1079998787878377
698.559003,0.1079999393939188
698.559004,0.108
698.56185,0.1075406204288458
698.75725,0.0760006456493575
698.757251,0.0760004842372383
698.757252,0.0760003228248255
698.757253,0.0760001614124127
698.757254,0.076
698.7598,0.0757811276864969
698.955,0.0590003438684809
698.955001,0.0590002579013215
698.955002,0.0590001719341622
698.955003,0.0590000859671593
698.955004,0.059
698.9578,0.0596778181819798
699.153,0.1069990303031429
699.153001,0.1069992727274674
699.153002,0.106999515151351
699.153003,0.1069997575756755
699.153004,0.107
699.1577,0.10711843631778
699.35125,0.1119998991172878
699.351251,0.1119999243379773
699.351252,0.1119999495586668
699.351253,0.1119999747793563
699.351254,0.112
699.3538,0.1112920626891597
699.35395,0.1112503538924373
699.54905,0.0570011122344511
699.549051,0.0570008341757119
699.549052,0.0570005561169726
699.549053,0.0570002780582334
699.549054,0.057
699.55185,0.057
