timestamps,Speed
s,m/s
252.12230399999999,13.125
252.320304,13.238
252.518304,13.209
252.71800399999998,13.077
252.914304,12.946
253.112104,12.744
253.310304,12.535
253.508354,12.338000000000001
253.70635399999998,12.0
253.90435399999998,11.782
259.844604,5.0
265.389104,0.592
265.587104,0.41400000000000003
265.785104,0.28700000000000003
265.984304,0.377
266.181104,0.327
266.379104,0.34700000000000003
266.57710399999996,0.375
266.775154,0.291
266.973954,0.266
267.171154,0.38
267.566404,0.28300000000000003
267.764404,0.209
267.962404,0.23700000000000002
268.16040399999997,0.079
268.358654,0.075
268.556454,0.098
268.754454,0.097
268.952404,0.157
269.150404,0.17300000000000001
269.348454,0.084
269.546654,0.097
269.74445399999996,0.057
269.942454,0.062
270.140654,0.043000000000000003
270.338454,0.011
270.536704,0.123
270.73445399999997,0.084
270.932454,0.093
271.130704,0.105
271.328704,0.055
271.526704,0.111
271.724704,0.107
271.922504,0.099
272.120704,0.08600000000000001
272.318904,0.052000000000000005
272.516704,0.009000000000000001
272.714704,0.04
272.912504,0.061
273.111004,0.113
273.30875399999996,0.068
273.50690399999996,0.059000000000000004
273.704754,0.07
273.902754,0.035
274.100754,0.10300000000000001
274.298904,0.018000000000000002
274.496904,0.041
274.694754,0.052000000000000005
274.892904,0.052000000000000005
275.090754,0.09
275.288954,0.068
275.48695399999997,0.06
275.684954,0.02
275.88280399999996,0.111
276.08095399999996,0.08600000000000001
276.28065399999997,0.065
276.476954,0.076
276.675004,0.088
276.872804,0.022
277.07100399999996,0.079
277.269254,0.02
277.467004,0.08600000000000001
277.665004,0.099
277.863154,0.045
278.06100399999997,0.041
278.259204,0.08
278.457004,0.035
278.65500399999996,0.049
278.853004,0.07100000000000001
279.05105399999997,0.024
279.250904,0.14
279.447254,0.027
279.645004,0.045
279.843004,0.041
280.041154,0.005
280.240954,0.089
280.437304,0.138
280.63505399999997,0.097
280.83320399999997,0.062
281.031204,0.045
281.229454,0.067
281.427604,0.066
281.62530399999997,0.064
281.823104,0.06
282.021254,0.047
282.219454,0.049
282.417354,0.085
282.61535399999997,0.078
282.813104,0.061
283.011254,0.065
283.209454,0.009000000000000001
283.407454,0.108
283.605354,0.054
283.803504,0.097
284.001754,0.094
284.199504,0.106
284.39750399999997,0.054
284.595354,0.036000000000000004
284.79335399999997,0.021
284.99150399999996,0.07200000000000001
285.189504,0.07
285.387504,0.073
285.585504,0.019
285.783554,0.20500000000000002
285.98155399999996,0.721
286.179554,1.2530000000000001
286.377954,1.78
286.575554,1.8760000000000001
286.773554,2.344
286.972304,2.735
287.366804,3.048
287.564804,3.329
287.76280399999996,3.559
287.960804,4.026
288.15885399999996,4.074
288.356854,4.48
288.554854,4.372
288.752854,4.728
288.951104,4.751
289.148854,4.9
289.347104,4.988
289.544854,5.288
289.74285399999997,5.565
289.94165399999997,5.918
290.13890399999997,5.859
290.337104,6.42
290.534904,6.582
290.73290399999996,6.719
290.931104,7.023000000000001
291.129104,7.15
291.32710399999996,7.511
291.525154,7.705
291.72290399999997,7.901
291.921154,8.096
292.119154,8.185
292.31715399999996,8.183
292.515154,8.405
292.713154,8.471
292.911154,8.851
293.109154,9.01
293.307304,9.223
293.505154,9.25
293.70320399999997,9.620000000000001
293.90205399999996,9.741
294.099204,9.944
294.297354,10.214
294.495204,10.473
294.693204,10.534
294.891354,10.663
295.089204,10.589
295.287354,10.832
295.485354,10.809000000000001
295.683254,10.758000000000001
295.881404,10.818
296.079204,10.82
296.27910399999996,10.815
296.47540399999997,10.950000000000001
296.673404,11.154
296.871604,11.318
297.069454,11.216000000000001
297.267404,11.245000000000001
297.465404,11.200000000000001
297.663404,11.244
297.861404,11.324
298.059404,11.359
298.257404,11.467
298.455404,11.667
298.653454,11.708
298.851604,11.734
299.04945399999997,11.894
299.249354,11.74
299.445454,11.619
299.64345399999996,11.63
299.84160399999996,11.707
300.039704,11.83
300.237704,11.838000000000001
300.435704,11.913
300.633604,11.799
300.831654,11.526
301.03135399999996,11.389000000000001
301.22770399999996,11.178
301.427454,11.525
301.62350399999997,11.494
301.82165399999997,11.647
302.021054,11.461
302.217754,11.542
302.415754,11.487
302.613754,10.951
302.81260399999996,10.872
303.009904,10.782
303.207904,10.907
303.405754,11.275
303.603904,11.552
303.801704,11.49
303.999704,11.605
304.19960399999997,11.291
304.39595399999996,11.511000000000001
304.593804,11.659
304.791954,11.841000000000001
304.98970399999996,11.703
305.189254,11.540000000000001
305.38595399999997,11.669
305.583954,11.83
305.781954,11.799
305.97995399999996,11.826
306.17970399999996,11.882
306.37600399999997,12.004
306.57415399999996,11.975
306.773054,12.097
307.16745399999996,11.998000000000001
307.365254,11.969
307.76145399999996,12.17
307.959254,12.167
308.15725399999997,12.24
308.355254,12.187
308.553254,12.253
308.751304,12.071
308.949304,12.167
309.14750399999997,12.133000000000001
309.345754,12.161
309.543254,12.34
309.74150399999996,12.39
309.939504,12.365
310.137304,12.203
310.33615399999996,12.066
310.533304,12.134
310.73130399999997,12.155000000000001
310.929554,12.177
311.127304,12.200000000000001
311.327204,12.036
311.523304,12.092
311.72135399999996,12.072000000000001
311.92085399999996,12.191
312.117754,11.959
312.315604,12.017
312.513604,11.906
312.71160399999997,11.898
312.909854,11.965
313.107554,11.97
313.30560399999996,11.865
313.503604,11.994
313.70140399999997,11.895
313.899604,11.953
314.097804,11.819
314.295804,11.897
314.493604,11.96
314.691754,11.928
314.891254,11.895
315.087804,11.902000000000001
315.285804,11.913
315.483654,11.958
315.681804,11.911
315.879804,11.947000000000001
316.07780399999996,11.955
316.275804,11.882
316.473804,11.842
316.671804,11.799
316.869854,11.826
317.067854,11.856
317.265854,11.813
317.46385399999997,11.729000000000001
317.662304,11.777000000000001
317.859854,11.761000000000001
318.05805399999997,11.758000000000001
318.255854,11.909
318.453854,11.757
318.653354,11.784
318.849854,11.767
319.04790399999996,11.83
319.245904,11.787
319.443904,11.771
319.642054,11.742
319.840054,11.572000000000001
320.038104,11.515
320.236254,11.393
320.433904,11.515
320.632054,11.370000000000001
320.83005399999996,10.952
321.028154,11.034
321.226154,11.23
321.423904,11.18
321.622054,11.147
321.82005399999997,11.072000000000001
322.020004,10.835
322.21615399999996,10.685
322.414154,10.503
322.613054,10.589
322.81010399999997,10.358
323.008354,10.128
323.20620399999996,9.898
323.404154,9.825000000000001
323.602354,9.479000000000001
323.800104,9.120000000000001
323.998354,8.869
324.196354,8.562
324.394254,8.485
324.592354,8.044
324.790154,7.3740000000000006
324.98835399999996,7.176
325.186354,6.689
325.384354,6.7700000000000005
325.582354,6.26
325.780404,6.112
325.978404,5.931
326.178004,5.649
326.37465399999996,5.401
326.769654,5.704
327.16565399999996,5.828
327.363704,5.768
327.56170399999996,5.797
327.759654,5.8790000000000004
327.957654,5.9750000000000005
328.15565399999997,6.479
328.353704,6.777
328.551704,6.989
328.749754,7.367
328.947954,7.930000000000001
329.14595399999996,8.148
329.343704,8.18
329.541954,8.583
329.739954,8.817
329.937704,9.059000000000001
330.13595399999997,9.166
330.333754,9.336
330.531754,9.58
330.72995399999996,9.538
330.927754,9.737
331.12600399999997,9.817
331.32395399999996,9.714
331.521754,10.178
331.719954,10.128
331.91815399999996,10.241
332.116004,10.301
332.314004,10.484
332.512004,10.718
332.71000399999997,10.733
332.909654,10.844
333.106004,10.741
333.30400399999996,10.777000000000001
333.502004,10.894
333.700004,10.782
333.898054,10.765
334.096204,10.545
334.29405399999996,10.849
334.492054,10.944
334.690054,11.042
334.888204,11.122
335.086204,11.309000000000001
335.284204,11.257
335.48220399999997,11.427
335.680204,11.619
335.878104,11.58
336.076254,11.608
336.274254,11.715
336.472104,11.868
336.670254,11.827
336.868054,11.759
337.06625399999996,11.811
337.264254,11.558
337.462254,11.834
337.660304,11.896
337.858504,11.925
338.05625399999997,11.97
338.254254,11.963000000000001
338.452404,11.998000000000001
338.650304,12.209
338.848504,12.242
339.04650399999997,12.243
339.244304,12.264000000000001
339.442304,12.352
339.640454,12.368
339.838304,12.293000000000001
340.03655399999997,12.526
340.234304,12.585
340.432304,12.699
340.630454,12.852
340.82870399999996,12.842
341.02660399999996,12.870000000000001
341.224604,12.885
341.422504,12.978
341.620504,12.911
341.81850399999996,12.83
342.016554,12.988
342.214604,12.94
342.412504,12.806000000000001
342.610504,12.967
342.80875399999996,12.835
343.006754,12.904
343.20460399999996,13.075000000000001
343.40275399999996,13.238
343.602104,13.264000000000001
343.798754,13.336
343.998454,13.214
344.19465399999996,13.218
344.392804,13.013
344.590804,12.89
344.78880399999997,12.878
344.98790399999996,12.795
345.184804,12.744
345.38280399999996,12.722
345.580804,12.765
345.778804,12.978
345.978204,12.743
346.174854,12.76
346.372804,12.869
346.57190399999996,12.888
346.966054,12.819
347.164104,12.837
347.362104,12.806000000000001
347.56010399999997,12.904
347.758104,12.795
347.956954,12.766
348.15410399999996,12.907
348.352104,12.921000000000001
348.550104,12.833
348.748104,12.789
348.946354,12.896
349.14415399999996,13.073
349.342154,13.097
349.54110399999996,13.016
349.738154,13.215
349.936354,13.234
350.13415399999997,13.212
350.332154,13.249
350.530354,13.288
350.728404,13.265
350.926404,13.274000000000001
351.12440399999997,13.388
351.322154,13.371
351.520404,13.453
351.71840399999996,13.561
351.916404,13.597
352.114404,13.704
352.312554,13.799
352.510404,13.818
352.70845399999996,13.734
352.90660399999996,13.695
353.104454,13.736
353.302604,13.671000000000001
353.501154,13.718
353.69845399999997,13.721
353.89660399999997,14.067
354.094604,13.863
354.29265399999997,13.876
354.490654,13.790000000000001
354.68850399999997,13.958
354.88665399999996,13.845
355.084654,13.855
355.282604,13.843
355.48065399999996,13.762
355.678504,13.729000000000001
355.876654,13.780000000000001
356.076254,13.752
356.272804,13.662
356.47065399999997,13.700000000000001
356.668654,13.607000000000001
356.866654,13.636000000000001
357.06465399999996,13.675
357.26280399999996,13.765
357.46070399999996,13.775
357.658904,13.814
357.856704,13.73
358.05470399999996,13.66
358.25285399999996,13.781
358.450854,13.691
358.648704,13.633000000000001
358.84795399999996,13.633000000000001
359.04470399999997,13.66
359.24285399999997,13.583
359.440854,13.331
359.638754,13.339
359.837004,13.363
360.03495399999997,13.27
360.23290399999996,13.324
360.430904,13.386000000000001
360.629104,13.414
360.826954,13.288
361.02500399999997,13.349
361.224804,13.266
361.420904,13.212
361.618954,13.265
361.81715399999996,13.271
362.015004,13.269
362.21300399999996,13.348
362.41090399999996,13.334
362.608954,13.255
362.80715399999997,13.166
363.005054,13.153
363.204854,13.228
363.40095399999996,13.145
363.599204,13.175
363.79720399999997,13.214
363.995204,13.229000000000001
364.193204,13.182
364.39120399999996,13.122
364.589004,13.108
364.787204,13.085
364.985204,13.18
365.183254,13.009
365.38125399999996,13.074
365.58070399999997,13.040000000000001
365.777204,13.118
365.975254,12.987
366.17335399999996,12.977
366.37125399999996,12.987
366.766504,12.972
366.964504,12.966000000000001
367.16250399999996,12.964
367.360504,12.949
367.55855399999996,12.895
367.756554,12.852
367.954554,12.884
368.152554,12.806000000000001
368.35180399999996,12.776
368.548504,12.859
368.746554,12.855
368.945204,12.74
369.14255399999996,12.732000000000001
369.340754,12.749
369.53880399999997,12.774000000000001
369.736804,12.773
369.934804,12.624
370.13255399999997,12.551
370.330804,12.523
370.528804,12.452
370.726604,12.433
370.92540399999996,12.326
371.12260399999997,12.144
371.320854,12.255
371.52050399999996,12.207
371.717004,12.388
371.914854,12.303
372.11285399999997,12.19
372.31080399999996,12.169
372.508854,12.055
372.707004,11.881
372.904854,12.011000000000001
373.102854,12.014000000000001
373.30105399999997,12.073
373.498854,11.841000000000001
373.697004,11.777000000000001
373.895004,11.802
374.092904,11.696
374.291054,11.772
374.488904,11.819
374.687054,11.525
374.88505399999997,11.591000000000001
375.082904,11.616
375.281454,11.652000000000001
375.479104,11.502
375.677054,11.739
375.876854,11.681000000000001
376.073104,11.53
376.271104,11.574
376.46910399999996,11.444
376.667104,11.482000000000001
376.865104,11.323
377.063104,11.358
377.261254,11.181000000000001
377.460854,11.09
377.657354,11.055
377.85515399999997,11.040000000000001
378.053154,11.002
378.25125399999996,10.812
378.44915399999996,10.888
378.647354,10.887
378.845154,10.871
379.04315399999996,10.631
379.24130399999996,10.535
379.440704,10.426
379.637404,10.421
379.837004,10.397
380.03315399999997,10.274000000000001
380.23130399999997,10.247
380.429304,10.143
380.62740399999996,10.027000000000001
380.827054,9.945
381.02320399999996,9.6
381.22135399999996,9.568
381.419354,9.51
381.618454,9.308
381.815454,9.216000000000001
382.01345399999997,9.239
382.211354,9.112
382.409354,8.922
382.607554,8.846
382.805454,8.672
383.003454,8.476
383.201604,8.366
383.399404,8.269
383.597604,8.185
383.79560399999997,7.939
383.993454,7.671
384.191604,7.514
384.38940399999996,7.053
384.587604,6.665
384.78565399999997,6.347
384.983654,6.0120000000000005
385.181654,5.646
385.37965399999996,5.088
385.579054,4.632
385.775654,4.4190000000000005
385.973654,4.049
386.368954,3.6630000000000003
386.566954,3.241
386.764904,2.767
386.962904,2.601
387.161154,2.431
387.358954,2.137
387.55695399999996,1.817
387.754954,1.5150000000000001
387.952954,1.08
388.151654,0.869
388.348954,0.618
388.54695399999997,0.44
388.745204,0.167
388.942954,0.20800000000000002
389.14095399999997,0.217
389.339204,0.253
389.537204,0.44
389.735204,0.423
389.933004,0.632
390.13125399999996,1.002
390.329204,1.233
390.528004,1.6320000000000001
390.725254,1.985
390.923254,2.1
391.12125399999996,2.142
391.319254,2.4090000000000003
391.517254,2.474
391.71525399999996,2.601
391.913254,2.519
392.11110399999995,2.34
392.309254,2.273
392.507404,2.087
392.70710399999996,2.058
392.903304,2.02
393.101454,1.946
393.299304,1.776
393.497304,1.742
393.695454,1.702
393.893304,1.54
394.091754,1.524
394.28930399999996,1.441
394.487304,1.618
394.685504,1.6320000000000001
394.88350399999996,1.746
395.081354,2.025
395.279504,2.365
395.477504,3.0380000000000003
395.675504,3.331
395.87350399999997,3.7720000000000002
396.07325399999996,4.147
396.269504,4.511
396.46750399999996,4.6930000000000005
396.665554,4.993
396.86355399999997,5.256
397.062304,5.3660000000000005
397.259504,5.618
397.45775399999997,5.793
397.655554,6.022
397.853554,6.515000000000001
398.051554,6.751
398.249704,6.881
398.44780399999996,6.9990000000000006
398.645804,7.306
398.843554,7.619
399.041704,7.837
399.23970399999996,8.16
399.437554,8.396
399.635804,8.45
399.833604,8.863
400.03160399999996,9.097
400.22975399999996,9.501
400.428204,9.513
400.62580399999996,9.727
400.82435399999997,9.772
401.02160399999997,10.037
401.21975399999997,10.141
401.418004,10.257
401.61585399999996,10.343
401.813854,10.526
402.012004,10.64
402.20980399999996,10.697000000000001
402.408004,10.789
402.606004,10.811
402.803854,10.893
403.002004,11.015
403.199804,11.298
403.398054,11.373000000000001
403.596054,11.417
403.793904,11.661
403.992054,11.562
404.190054,11.455
404.389754,11.553
404.586054,11.741
404.78405399999997,11.839
404.98290399999996,11.818
405.180104,11.937
405.378904,11.917
405.576104,11.986
405.77410399999997,12.019
405.973204,12.025
406.367354,12.011000000000001
406.763354,12.127
406.961354,11.985
407.159354,12.183
407.357354,12.184000000000001
407.55535399999997,12.229000000000001
407.753354,12.285
407.95140399999997,12.332
408.14960399999995,12.484
408.347404,12.448
408.54560399999997,12.425
408.743404,12.457
408.942754,12.566
409.13960399999996,12.712
409.337404,12.706
409.53565399999997,12.726
409.733654,12.759
409.931454,12.768
410.12965399999996,12.853
410.32780399999996,12.852
410.526104,12.884
410.72365399999995,12.791
410.921454,12.913
411.11990399999996,12.917
411.31785399999995,12.937
411.51570399999997,12.778
411.713704,12.892
411.911704,12.856
412.11065399999995,12.936
412.30785399999996,12.84
412.505854,12.877
412.70370399999996,12.723
412.901704,12.771
413.099704,12.974
413.29790399999996,12.885
413.495904,12.741
413.693904,12.727
413.891704,12.702
414.089904,12.677
414.28770399999996,12.591000000000001
414.485904,12.654
414.683904,12.692
414.88190399999996,12.366
415.081004,12.404
415.277904,12.436
415.47590399999996,12.248000000000001
415.673904,12.382
415.871904,12.315
416.069904,12.217
416.269854,12.274000000000001
416.46595399999995,12.146
416.663954,12.034
416.86195399999997,11.926
417.059954,11.78
417.258204,12.029
417.45595399999996,12.17
417.653954,12.272
417.851954,12.232000000000001
418.050104,12.261000000000001
418.248204,12.313
418.44620399999997,12.494
418.644004,12.528
418.842154,12.67
419.040154,12.712
419.238004,12.656
419.436204,12.503
419.63420399999995,12.621
419.832004,12.722
420.030154,12.708
420.229454,12.723
420.426254,12.793000000000001
420.624254,12.901
420.822004,12.967
421.020154,12.985
421.21840399999996,13.017
421.416404,12.839
421.61425399999996,13.183
421.81240399999996,13.063
422.010204,13.216000000000001
422.20820399999997,13.173
422.406454,13.204
422.60430399999996,13.339
422.802304,13.5
423.000204,13.57
423.19960399999997,13.312000000000001
423.396454,13.452
423.594454,13.663
423.792354,13.652000000000001
423.990504,13.513
424.18850399999997,13.666
424.38645399999996,13.376
424.584454,13.364
424.782454,13.415000000000001
424.980504,13.702
425.18035399999997,13.296000000000001
425.37650399999995,13.066
425.574504,13.131
425.772654,13.402000000000001
426.167754,13.329
426.365754,13.512
426.563804,13.414
426.761804,13.169
426.96000399999997,13.353
427.157804,13.372
427.356004,13.056000000000001
427.55380399999996,13.079
427.751804,13.001
427.950004,13.361
428.147804,12.832
428.346054,12.862
428.54380399999997,12.878
428.741804,12.833
428.939804,12.702
429.13805399999995,13.018
429.336054,12.766
429.53405399999997,12.916
429.73245399999996,12.903
429.929854,12.689
430.12805399999996,12.542
430.326104,12.419
430.52410399999997,12.48
430.723504,12.574
430.920054,12.611
431.118054,12.731
431.31625399999996,12.628
431.514104,12.654
431.71210399999995,12.562
431.910104,12.59
432.10810399999997,12.628
432.30625399999997,12.488
432.504104,12.564
432.70210399999996,12.807
432.900304,12.603
433.098104,12.540000000000001
433.29630399999996,12.359
433.494304,12.513
433.69215399999996,12.58
433.89030399999996,12.478
434.088154,12.488
434.286304,12.568
434.484304,12.642
434.682554,12.757
434.88035399999995,12.708
435.078354,12.65
435.27635399999997,12.73
435.474354,12.653
435.672354,12.639000000000001
435.87035399999996,12.715
436.068354,12.656
436.268054,12.601
436.46435399999996,12.625
436.662354,12.622
436.860704,12.701
437.058404,12.678
437.256604,12.597
437.45440399999995,12.662
437.652354,12.525
437.851054,12.688
438.048404,12.753
438.24830399999996,12.771
438.44440399999996,12.624
438.642404,12.502
438.840554,12.445
439.038554,12.544
439.236654,12.91
439.43465399999997,12.781
439.632404,12.803
439.830604,12.935
440.028604,12.949
440.22840399999995,12.914
440.424654,12.813
440.622704,12.786
440.822254,12.863
441.018604,12.702
441.21685399999996,12.73
441.414654,12.763
441.612704,13.069
441.812204,12.956
442.008654,13.006
442.20685399999996,13.144
442.404854,13.282
442.60270399999996,13.215
442.80085399999996,13.194
442.998704,13.179
443.196854,13.115
443.39485399999995,13.178
443.59275399999996,12.987
443.79090399999995,13.02
443.988704,13.174
444.188654,13.102
444.384904,13.276
444.582904,13.314
444.782404,13.241
444.978904,13.228
445.176904,13.3
445.376104,13.238
445.770404,13.311
446.166154,13.26
446.364204,13.305
446.56220399999995,13.307
446.760204,13.332
446.95820399999997,13.315
447.156454,13.264000000000001
447.354204,13.288
447.55220399999996,13.323
447.750454,13.346
447.948204,13.319
448.14620399999995,13.286
448.344454,13.273
448.54225399999996,13.086
448.740254,12.908
448.93850399999997,12.899000000000001
449.136254,12.909
449.334454,12.866
449.53225399999997,12.861
449.730254,12.822000000000001
449.928504,12.658
450.128404,12.624
450.324504,12.626
450.52250399999997,12.512
450.721204,12.562
450.918504,12.528
451.116904,12.472
451.314504,12.375
451.512504,12.14
451.710304,12.029
451.908504,12.078
452.10655399999996,12.198
452.30470399999996,12.17
452.502554,12.113
452.70055399999995,12.08
452.898554,11.936
453.096704,11.882
453.29470399999997,11.91
453.492554,11.837
453.69075399999997,11.939
453.888754,11.759
454.08795399999997,11.666
454.28475399999996,11.544
454.482754,11.557
454.680754,11.489
454.87875399999996,11.398
455.07845399999997,11.441
455.274754,11.158
455.472804,11.315
455.670804,11.194
455.86875399999997,11.206
456.067004,11.069
456.264754,10.998000000000001
456.462804,10.891
456.66090399999996,10.851
456.85880399999996,10.679
457.056804,10.572000000000001
457.254804,10.549
457.45280399999996,10.352
457.652604,9.936
457.848954,9.689
458.04680399999995,9.352
458.245054,9.25
458.44280399999997,9.051
458.642054,8.879
458.839004,8.621
459.03865399999995,8.338000000000001
459.235104,8.159
459.43285399999996,7.7700000000000005
459.63125399999996,7.633
459.829004,7.281000000000001
460.028754,6.9
460.225104,6.551
460.42310399999997,6.2170000000000005
460.622104,5.972
460.819054,5.585
461.017054,5.057
461.215104,4.57
461.413104,4.16
461.611254,3.656
461.809054,3.126
462.007254,2.734
462.20525399999997,2.243
462.403154,2.061
462.60180399999996,1.861
462.79905399999996,1.19
462.997054,1.193
463.19530399999996,0.8
463.393154,0.444
463.591304,0.462
463.78930399999996,0.178
463.987304,0.153
464.185304,0.07100000000000001
464.38330399999995,0.038
464.581554,0.052000000000000005
464.77935399999996,0.061
464.977354,0.307
465.175304,0.219
465.373354,0.214
465.768604,0.42
465.96660399999996,0.457
466.164604,0.516
466.362604,0.725
466.56190399999997,0.686
466.758604,0.747
466.95665399999996,0.749
467.154654,0.6960000000000001
467.352654,0.762
467.55065399999995,0.812
467.748854,0.911
467.94665399999997,0.92
468.14485399999995,1.159
468.342654,1.611
468.54065399999996,2.056
468.740554,2.855
468.93670399999996,3.3240000000000003
469.134904,3.367
469.332904,3.7640000000000002
469.53065399999997,3.935
469.728904,4.398
469.926904,4.187
470.12490399999996,4.566
470.322904,4.643
470.52070399999997,4.482
470.71910399999996,4.918
470.916954,4.847
471.115104,4.965
471.312954,5.148
471.51095399999997,5.771
471.708954,5.841
471.906954,5.848
472.105104,6.005
472.302954,6.276
472.50100399999997,6.684
472.69895399999996,6.587
472.896954,6.808
473.095104,7.199
473.29310399999997,7.261
473.49265399999996,7.319
473.689154,7.596
473.887004,7.697
474.085154,7.6370000000000005
474.28315399999997,7.836
474.481004,7.987
474.679154,8.308
474.877004,8.375
475.07685399999997,7.82
475.27320399999996,8.657
475.471204,8.667
475.669204,8.81
475.86720399999996,9.005
476.065204,9.177
476.263354,9.279
476.46120399999995,9.319
476.659204,9.164
476.85720399999997,9.206
477.055454,9.359
477.25325399999997,9.115
477.451254,9.099
477.651054,9.39
477.84725399999996,9.277000000000001
478.045454,9.252
478.243254,9.287
478.44120399999997,9.325000000000001
478.641054,9.237
478.837604,9.331
479.035504,9.247
479.233504,9.218
479.431404,9.272
479.630954,9.36
479.827404,9.361
480.02550399999996,9.345
480.223504,9.441
480.42130399999996,9.354000000000001
480.620904,9.115
480.817454,9.013
481.015654,8.848
481.21345399999996,8.626
481.41155399999997,8.699
481.60945399999997,8.331
481.807704,8.272
482.005704,8.177
482.203554,8.143
482.401704,7.904
482.599704,7.692
482.79905399999996,7.69
482.995704,7.488
483.19370399999997,7.825
483.391554,7.621
483.58975399999997,7.765000000000001
483.789204,7.539000000000001
483.985704,7.375
484.18375399999996,7.363
484.381604,7.26
484.579754,7.256
484.777904,7.072
484.97750399999995,7.144
485.37100399999997,7.051
485.767054,7.015000000000001
485.96505399999995,6.659
486.163004,6.603
486.361004,6.604
486.559054,6.447
486.757054,6.336
486.95505399999996,6.238
487.153054,6.399
487.351054,6.548
487.54905399999996,6.692
487.747054,6.697
487.94530399999996,6.68
488.14305399999995,6.729
488.341054,6.836
488.53930399999996,7.037
488.737304,7.338
488.93510399999997,7.45
489.133354,7.4
489.331104,7.73
489.529504,7.812
489.727354,7.997
489.925104,8.042
490.123354,8.125
490.321354,8.329
490.51915399999996,8.556000000000001
490.717354,8.817
490.915504,8.963000000000001
491.113504,8.983
491.311354,9.044
491.509354,9.172
491.70735399999995,9.139
491.905354,9.149000000000001
492.10340399999995,9.124
492.301404,9.296
492.50105399999995,9.397
492.697404,9.41
492.895554,9.501
493.09520399999997,9.602
493.291404,9.581
493.489554,9.424
493.68740399999996,9.507
493.88555399999996,9.712
494.083604,9.81
494.28160399999996,9.797
494.480504,9.764
494.677604,9.539
494.87560399999995,9.498
495.07420399999995,9.467
495.27160399999997,9.268
495.469604,9.227
495.667604,9.026
495.86560399999996,8.972
496.06530399999997,9.056000000000001
496.26165399999996,9.284
496.45980399999996,8.953
496.657604,8.866
496.85585399999997,9.085
497.053654,9.117
497.251654,8.906
497.449804,8.895
497.649304,8.918000000000001
497.84590399999996,8.897
498.043904,9.107
498.241654,9.165000000000001
498.439804,9.172
498.639504,9.151
498.83590399999997,9.131
499.03390399999995,9.294
499.231704,9.323
499.429854,9.21
499.62785399999996,9.22
499.826054,9.07
500.023954,9.082
500.22365399999995,9.108
500.419854,9.112
500.61785399999997,8.792
500.81690399999997,8.661
501.01395399999996,8.921
501.21210399999995,8.950000000000001
501.409904,8.84
501.60790399999996,8.928
501.806104,8.909
502.004104,8.802
502.202004,8.688
502.401754,8.651
502.59790399999997,8.861
502.79610399999996,8.577
502.994104,8.55
503.19215399999996,8.355
503.392154,8.265
503.587904,8.24
503.78615399999995,8.137
503.98585399999996,7.9750000000000005
504.182304,8.092
504.380154,7.9350000000000005
504.578154,7.711
504.77665399999995,7.726
504.974204,7.3
505.36965399999997,7.238
505.567454,7.007000000000001
505.765454,7.021
505.96345399999996,6.906000000000001
506.161454,7.039000000000001
506.35970399999997,6.909
506.55745399999995,6.706
506.755454,6.26
506.95345399999997,5.759
507.151454,5.377
507.349704,5.405
507.54770399999995,5.571
507.745704,5.245
507.94370399999997,5.447
508.141504,5.154
508.339704,4.7860000000000005
508.53770399999996,4.961
508.735504,4.8500000000000005
508.933704,5.365
509.13150399999995,5.364
509.331304,5.276
509.52775399999996,5.928
509.725754,6.255
509.92400399999997,6.3660000000000005
510.12175399999995,6.533
510.319754,6.496
510.51775399999997,6.869
510.71590399999997,7.081
510.913754,7.319
511.11180399999995,7.426
511.309954,7.488
511.50780399999996,7.7410000000000005
511.705804,8.005
511.904404,8.029
512.101804,7.984
512.299954,8.221
512.497804,8.41
512.695804,8.587
512.895554,8.772
513.091854,8.806000000000001
513.290004,8.582
513.489754,8.741
513.6859539999999,9.048
513.884004,8.898
514.082004,8.604000000000001
514.281704,8.407
514.4780539999999,8.284
514.675854,8.289
514.875454,8.356
515.072004,8.27
515.2701539999999,8.073
515.469754,7.8660000000000005
515.6660039999999,7.876
515.865654,7.719
516.062054,7.932
516.2602039999999,7.72
516.458054,7.851
516.656304,7.511
516.854054,7.551
517.052054,7.569
517.251854,7.4510000000000005
517.448204,7.346
517.6460539999999,7.202
517.844304,7.0840000000000005
518.042104,6.971
518.240604,7.024
518.438254,6.805
518.636304,6.916
518.834304,6.7410000000000005
519.032304,6.641
519.230254,6.557
519.4282539999999,6.668
519.626504,6.55
519.824354,6.246
520.022354,6.139
520.2203039999999,6.087
520.4182539999999,6.1450000000000005
520.616254,6.626
520.814354,6.514
521.012354,6.5200000000000005
521.210504,6.597
521.4083039999999,6.523000000000001
521.607954,6.516
521.8045539999999,6.323
522.002404,6.176
522.200554,5.94
522.398554,5.8420000000000005
522.596554,5.742
522.794554,5.599
522.9925539999999,5.1290000000000004
523.190554,4.96
523.388604,4.948
523.586604,4.723
523.784554,4.612
523.9825539999999,4.799
524.180554,4.748
524.3802539999999,4.78
524.576604,4.768
524.774604,4.34
524.974354,4.287
525.367854,4.5920000000000005
525.565854,4.758
525.7638539999999,5.275
525.962054,5.353
526.159854,5.732
526.358104,5.663
526.5559039999999,5.712
526.754104,5.908
526.951854,5.9510000000000005
527.149854,6.027
527.349504,6.029
527.545904,6.197
527.744104,6.234
527.941904,6.127
528.139904,6.234
528.338154,6.166
528.535904,5.982
528.734154,5.836
528.932154,5.755
529.129904,5.848
529.3281539999999,5.531
529.526154,5.464
529.724204,5.421
529.922204,5.296
530.119954,5.16
530.3182039999999,5.079
530.517804,5.05
530.714354,5.065
530.912204,5.107
531.110204,4.852
531.3082039999999,5.162
531.507854,5.037
531.704404,5.075
531.902204,4.804
532.100204,4.924
532.298354,4.946
532.497854,5.061
532.694404,5.035
532.893954,5.064
533.090254,4.853
533.288404,5.01
533.486254,5.229
533.684404,5.2
533.882404,5.183
534.080254,5.083
534.278454,4.942
534.476454,4.705
534.674454,4.555
534.872454,4.5920000000000005
535.0704539999999,4.674
535.268604,4.666
535.466454,4.663
535.664454,4.706
535.862454,4.606
536.0604539999999,4.6450000000000005
536.258604,4.726
536.4567539999999,4.796
536.6547039999999,4.775
536.852504,4.679
537.0505039999999,4.523
537.248654,4.397
537.446504,4.253
537.6447039999999,4.199
537.842504,4.106
538.0405039999999,4.054
538.238654,3.959
538.436654,3.6590000000000003
538.6347539999999,3.501
538.832754,3.338
539.030504,3.282
539.228654,3.25
539.4286539999999,3.051
539.6247539999999,2.869
539.822754,2.592
540.022354,2.29
540.218704,2.2
540.416704,2.08
540.614954,2.0380000000000003
540.8127539999999,2.096
541.0124539999999,2.058
541.208704,2.091
541.406704,1.992
541.604954,1.986
541.8028039999999,2.074
542.000954,1.913
542.594954,1.843
542.792954,1.979
542.992604,2.0260000000000002
543.188954,2.071
543.386754,2.161
543.585004,2.158
543.783004,2.388
543.981004,2.7
544.179004,2.963
544.3770039999999,3.1870000000000003
544.5763539999999,3.036
544.9703039999999,3.222
545.1682539999999,3.726
545.366254,3.9370000000000003
545.564254,3.8810000000000002
545.762254,4.151
545.960304,4.321
546.158504,4.354
546.356304,4.418
546.554304,4.561
546.752304,4.611
546.950304,4.537
547.1483039999999,4.227
547.346304,4.058
547.544304,4.195
547.7425539999999,4.082
547.940354,4.066
548.138554,3.607
548.336554,3.666
548.534554,3.654
548.733104,3.373
548.930354,3.3240000000000003
549.128554,3.075
549.326554,2.914
549.524754,2.8810000000000002
549.7226039999999,2.668
549.920604,2.598
550.1184039999999,2.316
550.316604,2.18
550.514604,1.921
550.7126039999999,1.942
550.9106039999999,1.807
551.108404,1.795
551.306604,1.54
551.5048039999999,1.029
551.702804,0.811
551.900654,0.663
552.098804,0.5740000000000001
552.296654,0.31
552.494654,0.403
552.692804,0.186
552.8906539999999,0.23900000000000002
553.088654,0.116
553.286804,0.058
553.484654,0.05
553.682854,0.121
553.880854,0.196
554.078654,0.117
554.276804,0.049
554.4748539999999,0.062
554.6732539999999,0.033
554.870854,0.025
555.068854,0.168
555.266854,0.037
555.465104,0.067
555.6628539999999,0.112
555.860854,0.17
556.059004,0.026000000000000002
556.256854,0.088
556.455104,0.047
556.6529039999999,0.07200000000000001
556.850904,0.007
557.050604,0.065
557.2479539999999,0.038
557.445154,0.015
557.643154,0.096
557.840904,0.061
558.039054,0.049
558.237054,0.013000000000000001
558.435154,0.099
558.633154,0.021
558.830954,0.05
559.029104,0.057
559.2271039999999,0.045
559.425304,0.075
559.623154,0.09
559.821204,0.182
560.019104,0.14200000000000002
560.217104,0.091
560.415354,0.022
560.613554,0.051000000000000004
560.811204,0.009000000000000001
561.009354,0.034
561.207104,0.094
561.407004,0.044
561.603354,0.065
561.801254,0.044
561.9993539999999,0.006
562.197154,0.082
562.395404,0.066
562.593404,0.037
562.791254,0.029
562.989454,0.047
563.187404,0.07100000000000001
563.385404,0.01
563.583404,0.031
563.781404,0.037
563.9794039999999,0.076
564.177404,0.051000000000000004
564.375454,0.098
564.7715039999999,0.095
564.968704,0.061
565.166704,0.051000000000000004
565.364904,0.064
565.5627039999999,0.036000000000000004
565.7607039999999,0.097
565.958704,0.09
566.156704,0.058
566.3549039999999,0.053
566.552704,0.059000000000000004
566.750754,0.096
566.948754,0.058
567.1469539999999,0.061
567.344954,0.085
567.542954,0.056
567.7407539999999,0.054
567.938754,0.058
568.136954,0.039
568.3349539999999,0.082
568.533004,0.039
568.7307539999999,0.028
568.928754,0.081
569.1270039999999,0.019
569.325154,0.064
569.523004,0.061
569.721004,0.07200000000000001
569.918804,0.056
570.117004,0.08700000000000001
570.315304,0.019
570.513204,0.054
570.711054,0.10200000000000001
570.909054,0.03
571.107054,0.059000000000000004
571.305204,0.048
571.503204,0.08700000000000001
571.701054,0.044
571.8992039999999,0.063
572.097054,0.101
572.295254,0.045
572.493254,0.032
572.691204,0.061
572.889054,0.082
573.087254,0.057
573.285254,0.077
573.483254,0.081
573.681254,0.026000000000000002
573.879104,0.045
574.0772539999999,0.03
574.275504,0.06
574.473254,0.063
574.672954,0.009000000000000001
574.8694039999999,0.038
575.0672539999999,0.083
575.265504,0.046
575.463304,0.039
575.661304,0.05
575.859304,0.029
576.0573039999999,0.024
576.255504,0.017
576.453504,0.06
576.651304,0.01
576.849304,0.069
577.047454,0.068
577.245554,0.021
577.443554,0.131
577.641354,0.01
577.8395039999999,0.063
578.037504,0.074
578.2357039999999,0.025
578.433554,0.043000000000000003
578.6316039999999,0.044
578.829354,0.034
579.029154,0.032
579.225704,0.109
579.423604,0.149
579.6216039999999,0.065
579.819354,0.049
580.0175039999999,0.035
580.215754,0.078
580.4137539999999,0.051000000000000004
580.6116039999999,0.12
580.809754,0.07
581.007554,0.054
581.205804,0.047
581.4038039999999,0.014
581.601604,0.053
581.7996539999999,0.074
581.997754,0.041
582.195804,0.013000000000000001
582.3938039999999,0.069
582.591804,0.033
582.7896539999999,0.033
582.987804,0.05
583.185804,0.035
583.3838039999999,0.079
583.5818039999999,0.019
583.7815039999999,0.062
583.977854,0.066
584.373304,0.031
584.769604,0.097
584.967104,0.019
585.1651039999999,0.077
585.363104,0.034
585.561904,0.03
585.759104,0.024
585.957104,0.078
586.1551039999999,0.101
586.353354,0.056
586.551154,0.059000000000000004
586.749154,0.012
586.947354,0.04
587.1451539999999,0.084
587.343404,0.029
587.541154,0.07200000000000001
587.739154,0.03
587.937404,0.045
588.135404,0.084
588.333404,0.045
588.531404,0.111
588.729204,0.047
588.927404,0.115
589.125404,0.033
589.323454,0.08600000000000001
589.521404,0.041
589.7194039999999,0.098
589.9174039999999,0.035
590.115404,0.022
590.3136039999999,0.035
590.511454,0.055
590.7094539999999,0.058
590.907454,0.069
591.105454,0.051000000000000004
591.303604,0.017
591.5016039999999,0.082
591.699454,0.04
591.897604,0.035
592.095454,0.083
592.293654,0.045
592.4916539999999,0.031
592.6895039999999,0.03
592.887654,0.042
593.085504,0.039
593.283654,0.075
593.4816539999999,0.024
593.679654,0.10300000000000001
593.8793539999999,0.079
594.075654,0.032
594.273704,0.048
594.4717039999999,0.023
594.669704,0.032
594.867704,0.008
595.065654,0.051000000000000004
595.263904,0.043000000000000003
595.4617039999999,0.085
595.6597039999999,0.076
595.857854,0.035
596.055704,0.011
596.253954,0.057
596.451704,0.076
596.6497039999999,0.014
596.847854,0.038
597.045704,0.048
597.2439539999999,0.036000000000000004
597.441954,0.03
597.6397539999999,0.03
597.837904,0.055
598.035904,0.076
598.234004,0.04
598.432004,0.037
598.6297539999999,0.068
598.827904,0.058
599.025904,0.113
599.224154,0.061
599.422004,0.036000000000000004
599.620004,0.095
599.817954,0.068
600.015954,0.081
600.214154,0.043000000000000003
600.412004,0.066
600.611404,0.054
600.807954,0.068
601.005954,0.066
601.204204,0.064
601.402204,0.064
601.600204,0.066
601.7982039999999,0.081
601.9962039999999,0.025
602.194204,0.109
602.392204,0.066
602.590054,0.062
602.788204,0.043000000000000003
602.986354,0.11900000000000001
603.184254,0.047
603.382254,0.044
603.5804039999999,0.066
603.778254,0.031
603.9762539999999,0.048
604.371504,0.019
604.5695039999999,0.059000000000000004
604.7675039999999,0.054
604.965504,0.057
605.1637539999999,0.05
605.361504,0.045
605.5595539999999,0.058
605.757554,0.121
605.955554,0.04
606.1538039999999,0.138
606.351554,0.08
606.549554,0.051000000000000004
606.747754,0.058
606.945754,0.051000000000000004
607.143554,0.056
607.341804,0.05
607.5396039999999,0.043000000000000003
607.7376039999999,0.018000000000000002
607.935804,0.085
608.133604,0.02
608.3318039999999,0.042
608.529604,0.055
608.7276039999999,0.04
608.925804,0.11900000000000001
609.124004,0.093
609.3218539999999,0.033
609.519854,0.061
609.717854,0.018000000000000002
609.915854,0.021
610.113854,0.146
610.3118539999999,0.048
610.509854,0.07
610.707854,0.05
610.905854,0.038
611.103854,0.031
611.302054,0.027
611.499904,0.024
611.697904,0.043000000000000003
611.895854,0.05
612.094054,0.095
612.292054,0.133
612.489904,0.1
612.688054,0.132
612.886054,0.11900000000000001
613.083904,0.035
613.282054,0.095
613.480054,0.046
613.677904,0.028
613.876054,0.07
614.073904,0.009000000000000001
614.272104,0.063
614.470104,0.129
614.668104,0.06
614.866104,0.073
615.064354,0.10400000000000001
615.262104,0.135
615.4622039999999,0.039
615.6582539999999,0.045
615.856104,0.038
616.0541539999999,0.055
616.252154,0.053
616.450154,0.082
616.648154,0.07100000000000001
616.8463039999999,0.029
617.0441539999999,0.07
617.244504,0.05
617.440154,0.053
617.638154,0.074
617.8363039999999,0.042
618.034404,0.022
618.232404,0.014
618.430404,0.068
618.630354,0.149
618.8263539999999,0.069
619.024554,0.058
619.222404,0.029
619.420404,0.08600000000000001
619.618354,0.052000000000000005
619.8163539999999,0.051000000000000004
620.014604,0.08600000000000001
620.212454,0.17200000000000001
620.410454,0.20800000000000002
620.608604,0.056
620.8063539999999,0.088
621.004604,0.08600000000000001
621.202604,0.089
621.400454,0.02
621.598604,0.115
621.798504,0.107
621.9944039999999,0.021
622.192654,0.067
622.3906539999999,0.076
622.5886039999999,0.025
622.786604,0.149
622.984654,0.091
623.182654,0.048
623.3806539999999,0.038
623.5786539999999,0.065
623.776654,0.042
624.1719039999999,0.035
624.369954,0.063
624.567954,0.077
624.765954,0.017
624.963954,0.036000000000000004
625.1619539999999,0.049
625.359954,0.088
625.557954,0.049
625.7561539999999,0.054
625.953954,0.088
626.152204,0.024
626.350004,0.075
626.547954,0.013000000000000001
626.7462039999999,0.067
626.943954,0.122
627.142204,0.062
627.340004,0.023
627.538004,0.061
627.7362039999999,0.062
627.934204,0.043000000000000003
628.132254,0.04
628.330254,0.078
628.528004,0.038
628.7262539999999,0.008
628.9242039999999,0.055
629.122254,0.046
629.320254,0.045
629.518054,0.028
629.7162539999999,0.1
629.914254,0.045
630.112454,0.096
630.310254,0.015
630.508254,0.062
630.706254,0.07100000000000001
630.9042539999999,0.10300000000000001
631.102454,0.046
631.300304,0.059000000000000004
631.498304,0.075
631.698554,0.113
631.8943039999999,0.068
632.092454,0.055
632.290454,0.006
632.488304,0.084
632.686454,0.045
632.8843039999999,0.046
633.082504,0.07
633.280504,0.101
633.4785039999999,0.046
633.676504,0.013000000000000001
633.874504,0.011
634.072504,0.084
634.270504,0.034
634.4685039999999,0.052000000000000005
634.6665039999999,0.007
634.865154,0.105
635.062554,0.023
635.260554,0.022
635.458704,0.059000000000000004
635.656704,0.061
635.854554,0.035
636.0527539999999,0.067
636.250554,0.091
636.448554,0.034
636.646704,0.062
636.844554,0.018000000000000002
637.0428039999999,0.027
637.2407039999999,0.096
637.438554,0.078
637.636704,0.03
637.8349539999999,0.09
638.033454,0.11
638.2308039999999,0.134
638.428754,0.02
638.626754,0.028
638.824754,0.031
639.0228539999999,0.058
639.2208539999999,0.015
639.419504,0.056
639.616754,0.025
639.814754,0.07
640.013004,0.105
640.2108539999999,0.039
640.408854,0.065
640.606804,0.014
640.8050039999999,0.008
641.0030039999999,0.058
641.201654,0.065
641.399004,0.065
641.597004,0.053
641.794804,0.098
641.9930539999999,0.042
642.191054,0.052000000000000005
642.388904,0.01
642.5877039999999,0.049
642.784804,0.12
642.9830539999999,0.033
643.181054,0.073
643.379054,0.026000000000000002
643.577054,0.054
643.972304,0.023
644.170304,0.057
644.368354,0.08600000000000001
644.5663539999999,0.069
644.764354,0.034
644.962354,0.1
645.160354,0.058
645.358354,0.036000000000000004
645.556604,0.045
645.7543539999999,0.028
645.952354,0.068
646.150354,0.018000000000000002
646.348404,0.004
646.546604,0.046
646.7444039999999,0.038
646.942654,0.074
647.1406539999999,0.01
647.338404,0.07200000000000001
647.536604,0.037
647.734604,0.026000000000000002
647.932404,0.032
648.1306539999999,0.07
648.328454,0.035
648.526454,0.07200000000000001
648.724654,0.008
648.922654,0.085
649.120654,0.073
649.3186539999999,0.016
649.516454,0.105
649.714654,0.063
649.9128539999999,0.07200000000000001
650.1107039999999,0.08
650.3087039999999,0.012
650.506854,0.091
650.704704,0.062
650.902704,0.048
651.100854,0.059000000000000004
651.2987039999999,0.031
651.496704,0.036000000000000004
651.694704,0.045
651.893504,0.159
652.090904,0.115
652.2887539999999,0.067
652.486904,0.036000000000000004
652.684904,0.029
652.8829039999999,0.099
653.0809039999999,0.028
653.278904,0.052000000000000005
653.476904,0.122
653.674904,0.019
653.872904,0.039
654.0709039999999,0.062
654.268904,0.012
654.4667539999999,0.084
654.664904,0.043000000000000003
654.863154,0.059000000000000004
655.061604,0.059000000000000004
655.258954,0.033
655.457104,0.017
655.654954,0.063
655.853204,0.04
656.0509539999999,0.079
656.248954,0.051000000000000004
656.4477539999999,0.029
656.645104,0.048
656.843204,0.022
657.041204,0.037
657.239004,0.04
657.4372539999999,0.07
657.6351539999999,0.105
657.833204,0.019
658.031204,0.009000000000000001
658.2298539999999,0.053
658.427154,0.05
658.625154,0.037
658.823404,0.113
659.021254,0.073
659.219254,0.032
659.417204,0.027
659.615804,0.10200000000000001
659.8131539999999,0.064
660.011254,0.07100000000000001
660.209254,0.047
660.4074039999999,0.067
660.605204,0.009000000000000001
660.803454,0.03
661.001454,0.08600000000000001
661.199454,0.08700000000000001
661.3974539999999,0.077
661.595204,0.07200000000000001
661.793454,0.033
661.991454,0.055
662.189454,0.068
662.3874539999999,0.03
662.5854539999999,0.089
662.784104,0.019
662.981504,0.045
663.1796539999999,0.16
663.377454,0.037
663.772754,0.054
663.9707539999999,0.074
664.1687539999999,0.051000000000000004
664.366954,0.08600000000000001
664.564754,0.112
664.762754,0.027
664.960754,0.077
665.1588039999999,0.069
665.357004,0.094
665.554804,0.06
665.752804,0.023
665.951004,0.094
666.1488039999999,0.029
666.347004,0.029
666.545004,0.018000000000000002
666.742804,0.04
666.941054,0.088
667.1388039999999,0.027
667.337054,0.016
667.535054,0.024
667.7330539999999,0.057
667.931054,0.123
668.129054,0.065
668.327054,0.05
668.525054,0.083
668.7230539999999,0.07100000000000001
668.921104,0.075
669.119104,0.111
669.317104,0.058
669.515104,0.026000000000000002
669.713254,0.077
669.911254,0.047
670.109104,0.065
670.307254,0.076
670.505104,0.07
670.7031039999999,0.112
670.901304,0.041
671.099104,0.004
671.297104,0.053
671.495104,0.051000000000000004
671.693104,0.044
671.891304,0.04
672.0899539999999,0.097
672.287304,0.032
672.4853039999999,0.067
672.683304,0.057
672.881304,0.026000000000000002
673.079304,0.024
673.277304,0.039
673.475954,0.054
673.673554,0.034
673.871354,0.059000000000000004
674.069354,0.111
674.2675039999999,0.077
674.4653539999999,0.038
674.6633539999999,0.042
674.861354,0.10300000000000001
675.059354,0.037
675.258154,0.077
675.455504,0.062
675.653604,0.046
675.851604,0.052000000000000005
676.049404,0.105
676.2475539999999,0.1
676.445554,0.133
676.644054,0.061
676.841604,0.078
677.039404,0.07100000000000001
677.2375539999999,0.05
677.435554,0.106
677.633554,0.065
677.831654,0.08
678.0296539999999,0.097
678.2275539999999,0.023
678.4255539999999,0.017
678.623804,0.034
678.821654,0.052000000000000005
679.019654,0.047
679.2176039999999,0.065
679.4156039999999,0.028
679.613604,0.04
679.812454,0.085
680.009654,0.12
680.207804,0.115
680.4056039999999,0.064
680.603604,0.038
680.8018539999999,0.052000000000000005
680.999704,0.058
681.197854,0.099
681.395854,0.048
681.593854,0.037
681.791854,0.054
681.9898539999999,0.024
682.187854,0.035
682.385854,0.018000000000000002
682.583654,0.03
682.7819039999999,0.034
682.980554,0.021
683.375154,0.021
683.771404,0.055
683.969154,0.077
684.167204,0.117
684.365154,0.041
684.5631539999999,0.053
684.761404,0.056
684.959154,0.08600000000000001
685.157204,0.038
685.355404,0.089
685.5532039999999,0.033
685.751454,0.028
685.949204,0.06
686.147204,0.055
686.345454,0.006
686.543204,0.063
686.741454,0.07200000000000001
686.939454,0.019
687.137254,0.12
687.3354539999999,0.07
687.533454,0.067
687.731504,0.02
687.929454,0.046
688.127254,0.08600000000000001
688.3254539999999,0.057
688.523454,0.026000000000000002
688.721504,0.05
688.919504,0.078
689.1175039999999,0.047
689.3155039999999,0.025
689.513504,0.02
689.711654,0.073
689.909504,0.043000000000000003
690.107504,0.089
690.3055039999999,0.068
690.503504,0.001
690.701704,0.039
690.8997039999999,0.048
691.097554,0.045
691.295704,0.03
691.493554,0.041
691.691704,0.038
691.8897039999999,0.039
692.087554,0.08600000000000001
692.285704,0.153
692.4835539999999,0.08600000000000001
692.681754,0.036000000000000004
692.8797539999999,0.037
693.0777539999999,0.041
693.275754,0.023
693.474354,0.027
693.671754,0.027
693.869754,0.07100000000000001
694.0677539999999,0.025
694.265754,0.053
694.463754,0.121
694.662004,0.043000000000000003
694.859754,0.078
695.0577539999999,0.075
695.2565539999999,0.02
695.453754,0.08
695.6520039999999,0.041
695.849804,0.08
696.0478039999999,0.111
696.245954,0.099
696.443954,0.039
696.642654,0.053
696.840054,0.064
697.0378039999999,0.052000000000000005
697.235954,0.066
697.433954,0.019
697.6320539999999,0.07100000000000001
697.830054,0.02
698.0278539999999,0.056
698.226004,0.043000000000000003
698.424004,0.076
698.622204,0.108
698.8200539999999,0.035
699.018054,0.078
699.216004,0.013000000000000001
699.414004,0.067
699.612254,0.038
699.810754,0.047
700.008104,0.056
700.206254,0.038
700.404004,0.019
700.602254,0.056
700.800254,0.028
700.998104,0.037
701.196254,0.065
701.394054,0.076
701.592304,0.085
701.790304,0.045
701.988304,0.042
702.186304,0.045
702.3843039999999,0.116
702.582304,0.09
702.780304,0.042
702.9789539999999,0.089
703.373554,0.084
703.571554,0.044
703.769554,0.068
703.967554,0.101
704.1656039999999,0.027
704.363604,0.096
704.5618039999999,0.025
704.759604,0.063
704.957604,0.02
705.155804,0.08700000000000001
705.353604,0.057
705.551604,0.149
705.749604,0.052000000000000005
705.947604,0.016
706.1456539999999,0.03
706.343854,0.041
706.541654,0.044
706.7398539999999,0.067
706.937604,0.062
707.1356539999999,0.039
707.333854,0.037
707.531854,0.024
707.7299039999999,0.044
707.927904,0.111
708.125904,0.07200000000000001
708.323904,0.026000000000000002
708.521904,0.082
708.7199039999999,0.05
708.917904,0.078
709.1157039999999,0.064
709.313904,0.031
709.511904,0.065
709.710104,0.089
709.907954,0.088
710.105954,0.057
710.303904,0.029
710.502754,0.016
710.700104,0.016
710.8979539999999,0.101
711.096104,0.077
711.293954,0.069
711.491954,0.02
711.690104,0.039
711.888104,0.04
712.085954,0.031
712.284754,0.034
712.481954,0.051000000000000004
712.680154,0.043000000000000003
712.878154,0.051000000000000004
713.076004,0.054
713.274154,0.057
713.4721539999999,0.041
713.670804,0.042
713.868154,0.011
714.066304,0.033
714.264154,0.069
714.462404,0.077
714.660204,0.07200000000000001
714.858204,0.044
715.0563539999999,0.05
715.254204,0.075
715.452404,0.038
715.650404,0.052000000000000005
715.848204,0.053
716.046354,0.031
716.2443539999999,0.012
716.442454,0.031
716.640454,0.11
716.838854,0.013000000000000001
717.036404,0.013000000000000001
717.2344039999999,0.101
717.432604,0.067
717.630454,0.065
717.828454,0.024
718.026404,0.023
718.2244039999999,0.009000000000000001
718.422604,0.064
718.620504,0.009000000000000001
718.818504,0.047
719.016404,0.12
719.214404,0.21
719.412654,0.123
719.610654,0.084
719.808504,0.079
720.007304,0.035
720.2044539999999,0.08700000000000001
720.402654,0.106
720.600704,0.018000000000000002
720.798504,0.066
720.9966539999999,0.041
721.194654,0.124
721.3933539999999,0.077
721.590704,0.037
721.7887039999999,0.08700000000000001
721.9867039999999,0.026000000000000002
722.184704,0.064
722.382704,0.054
722.580704,0.005
722.778704,0.034
723.174004,0.023
723.372004,0.062
723.5700039999999,0.088
723.7679539999999,0.085
723.966004,0.056
724.164004,0.133
724.362204,0.041
724.5600039999999,0.033
724.7580039999999,0.048
724.956004,0.035
725.1542539999999,0.048
725.352254,0.017
725.550254,0.038
725.7480039999999,0.068
725.946004,0.105
726.1442539999999,0.126
726.342054,0.07
726.540254,0.031
726.7380539999999,0.085
726.936054,0.064
727.1343039999999,0.07100000000000001
727.332454,0.075
727.530254,0.19
727.728304,0.161
727.926054,0.128
728.1243039999999,0.11900000000000001
728.322454,0.092
728.520304,0.026000000000000002
728.718304,0.033
728.916304,0.011
729.114304,0.019
729.3123039999999,0.01
729.510504,0.018000000000000002
729.708354,0.034
729.906354,0.038
730.104354,0.02
730.302504,0.053
730.500504,0.038
730.699154,0.012
730.896354,0.057
731.0945039999999,0.02
731.292504,0.054
731.490554,0.042
731.688554,0.022
731.886404,0.03
732.0845539999999,0.009000000000000001
732.282554,0.05
732.480554,0.033
732.678554,0.055
732.8765539999999,0.025
733.0745539999999,0.074
733.272804,0.088
733.470554,0.016
733.668604,0.035
733.867204,0.113
734.0646039999999,0.101
734.262554,0.055
734.4608039999999,0.037
734.658604,0.047
734.856604,0.055
735.054754,0.024
735.252854,0.07200000000000001
735.4508539999999,0.08700000000000001
735.648604,0.047
735.846604,0.146
736.044754,0.079
736.242854,0.073
736.440854,0.083
736.6388539999999,0.068
736.8367539999999,0.042
737.035454,0.098
737.232804,0.014
737.4309039999999,0.047
737.6289039999999,0.041
737.826654,0.078
738.024804,0.052000000000000005
738.223004,0.023
738.421654,0.04
738.6189039999999,0.032
738.816904,0.055
739.014854,0.011
739.2130539999999,0.023
739.4110539999999,0.021
739.6089039999999,0.048
739.807054,0.043000000000000003
740.004854,0.033
740.203704,0.053
740.4010539999999,0.042
740.599104,0.051000000000000004
740.7969539999999,0.054
740.995104,0.027
741.193104,0.055
741.3911039999999,0.065
741.589754,0.044
741.7869539999999,0.057
741.985104,0.026000000000000002
742.1832539999999,0.083
742.3811039999999,0.058
742.579154,0.037
742.9744039999999,0.05
743.1724039999999,0.024
743.370404,0.10200000000000001
743.568404,0.101
743.766404,0.025
743.964404,0.054
744.1624039999999,0.042
744.360654,0.034
744.558404,0.024
744.756404,0.038
744.954654,0.043000000000000003
745.1524539999999,0.03
745.350654,0.034
745.548454,0.022
745.746454,0.076
745.944654,0.023
746.142654,0.041
746.340654,0.065
746.538654,0.016
746.736454,0.042
746.934704,0.025
747.132704,0.038
747.330704,0.064
747.528704,0.075
747.7267039999999,0.036000000000000004
747.924454,0.047
748.122704,0.025
748.3208539999999,0.026000000000000002
748.518704,0.07
748.7167539999999,0.023
748.914754,0.047
749.112754,0.013000000000000001
749.3109039999999,0.043000000000000003
749.508754,0.016
749.7067539999999,0.037
749.904904,0.041
750.102754,0.041
750.300904,0.083
750.4989539999999,0.023
750.6968039999999,0.023
750.895554,0.08
751.092754,0.044
751.290904,0.095
751.4889039999999,0.039
751.686954,0.061
751.884954,0.027
752.082954,0.012
752.280954,0.032
752.4789539999999,0.011
752.6769539999999,0.074
752.874954,0.034
753.072954,0.051000000000000004
753.270954,0.03
753.4689539999999,0.022
753.6669539999999,0.074
753.865104,0.046
754.0636539999999,0.078
754.261254,0.056
754.4590039999999,0.064
754.6570039999999,0.031
754.855154,0.046
755.053004,0.054
755.251254,0.044
755.449904,0.03
755.6470539999999,0.034
755.845154,0.077
756.043204,0.05
756.2412539999999,0.014
756.439254,0.004
756.6370539999999,0.06
756.835154,0.041
757.033204,0.028
757.232054,0.09
757.429304,0.064
757.627304,0.032
757.825204,0.056
758.023204,0.034
758.221454,0.049
758.419304,0.083
758.6179539999999,0.012
758.815204,0.022
759.013254,0.002
759.211454,0.026000000000000002
759.409454,0.051000000000000004
759.607354,0.164
759.8055039999999,0.013000000000000001
760.003254,0.038
760.201504,0.039
760.399504,0.05
760.597354,0.088
760.7955039999999,0.065
760.9935039999999,0.011
761.191504,0.038
761.389504,0.043000000000000003
761.587504,0.03
761.786154,0.033
761.9835039999999,0.07
762.378804,0.018000000000000002
762.774804,0.068
762.972804,0.031
763.170804,0.038
763.368804,0.08600000000000001
763.5668039999999,0.131
763.765004,0.037
763.962854,0.043000000000000003
764.160854,0.024
764.358854,0.051000000000000004
764.5568039999999,0.054
764.7548039999999,0.067
764.953054,0.03
765.1510539999999,0.021
765.3490539999999,0.038
765.5468539999999,0.056
765.7448539999999,0.035
765.943104,0.045
766.140854,0.027
766.339104,0.037
766.536854,0.037
766.7348539999999,0.057
766.933104,0.044
767.1311039999999,0.041
767.3291039999999,0.042
767.527104,0.077
767.7249039999999,0.033
767.923154,0.011
768.121104,0.063
768.3191039999999,0.041
768.517104,0.074
768.715304,0.042
768.913154,0.049
769.1111539999999,0.038
769.309304,0.064
769.507154,0.078
769.705154,0.026000000000000002
769.903154,0.018000000000000002
770.1013039999999,0.083
770.299304,0.032
770.497304,0.04
770.695354,0.084
770.894004,0.065
771.0913539999999,0.10200000000000001
771.289354,0.044
771.487354,0.069
771.685354,0.036000000000000004
771.8833539999999,0.017
772.081204,0.038
772.279354,0.041
772.477354,0.062
772.675404,0.02
772.8734039999999,0.05
773.0714039999999,0.018000000000000002
773.269404,0.05
773.467404,0.045
773.665404,0.019
773.863404,0.064
774.0622539999999,0.033
774.259404,0.041
774.457404,0.028
774.6555539999999,0.075
774.8535539999999,0.04
775.0514039999999,0.066
775.249654,0.006
775.448054,0.058
775.645454,0.066
775.8435539999999,0.016
776.0414539999999,0.051000000000000004
776.239704,0.055
776.4377039999999,0.048
776.635454,0.057
776.833704,0.038
777.031854,0.097
777.2303039999999,0.057
777.427704,0.023
777.625604,0.035
777.8236039999999,0.014
778.021654,0.108
778.2198539999999,0.077
778.417704,0.10300000000000001
778.616354,0.07
778.8136539999999,0.083
779.011654,0.031
779.209854,0.035
779.407754,0.059000000000000004
779.6057539999999,0.068
779.8036539999999,0.045
780.001904,0.07100000000000001
780.199904,0.018000000000000002
780.3979039999999,0.036000000000000004
780.595904,0.02
780.793904,0.078
780.9917039999999,0.047
781.189904,0.053
781.3879039999999,0.146
781.585954,0.07200000000000001
781.784604,0.051000000000000004
781.981954,0.054
782.377204,0.041
782.773204,0.024
782.971204,0.078
783.1692039999999,0.063
783.367204,0.022
783.565204,0.018000000000000002
783.7634539999999,0.054
783.961204,0.052000000000000005
784.159454,0.021
784.357254,0.049
784.555254,0.043000000000000003
784.7534539999999,0.063
784.951254,0.034
785.149504,0.037
785.347254,0.07200000000000001
785.545254,0.015
785.7434539999999,0.021
785.941504,0.03
786.139504,0.057
786.337504,0.091
786.535304,0.047
786.7335039999999,0.017
786.931504,0.058
787.129504,0.042
787.327504,0.019
787.525304,0.01
787.7235039999999,0.036000000000000004
787.921554,0.04
788.119704,0.027
788.317554,0.036000000000000004
788.515554,0.039
788.7135539999999,0.049
788.9115539999999,0.07200000000000001
789.109704,0.018000000000000002
789.307554,0.039
789.505554,0.005
789.703754,0.046
789.9015539999999,0.046
790.099754,0.018000000000000002
790.2977539999999,0.022
790.495554,0.048
790.693754,0.039
790.8915539999999,0.045
791.089754,0.056
791.287754,0.047
791.4857539999999,0.058
791.683804,0.019
791.881754,0.037
792.079754,0.009000000000000001
792.277754,0.029
792.4757539999999,0.038
792.673804,0.08600000000000001
792.871804,0.058
793.069804,0.053
793.267804,0.032
793.4658039999999,0.008
793.663954,0.041
793.861804,0.048
794.060654,0.032
794.257804,0.034
794.455804,0.084
794.653954,0.106
794.851854,0.07100000000000001
795.0500539999999,0.019
795.248104,0.037
795.446454,0.014
795.644004,0.038
795.842004,0.028
796.0400539999999,0.027
796.2381039999999,0.059000000000000004
796.435854,0.017
796.634004,0.032
796.832004,0.044
797.0301039999999,0.025
797.228754,0.07200000000000001
797.426104,0.056
797.624004,0.031
797.822004,0.066
798.0202539999999,0.076
798.2181539999999,0.015
798.416154,0.065
798.614704,0.07
798.812054,0.085
799.010304,0.05
799.208304,0.033
799.406154,0.053
799.604304,0.02
799.802054,0.083
800.0003039999999,0.07
800.198304,0.078
800.396204,0.034
800.594304,0.043000000000000003
800.792104,0.019
800.9903539999999,0.013000000000000001
801.188304,0.018000000000000002
801.386304,0.052000000000000005
801.584304,0.066
801.783004,0.10300000000000001
801.9803539999999,0.16
802.375604,0.035
802.5736039999999,0.021
802.7716039999999,0.058
802.9698539999999,0.047
803.167654,0.028
803.365654,0.044
803.563854,0.033
803.7616539999999,0.023
803.959654,0.057
804.157654,0.015
804.355654,0.045
804.5536539999999,0.028
804.751854,0.079
804.949654,0.08700000000000001
805.1479039999999,0.117
805.345654,0.14
805.543654,0.083
805.741904,0.048
805.939904,0.005
806.1379039999999,0.041
806.335704,0.045
806.533904,0.053
806.731904,0.063
806.9301039999999,0.051000000000000004
807.1279539999999,0.07
807.3259539999999,0.03
807.523954,0.034
807.721904,0.049
807.919904,0.027
808.1179539999999,0.068
808.3159539999999,0.036000000000000004
808.513954,0.059000000000000004
808.711954,0.09
808.9101539999999,0.032
809.1081039999999,0.105
809.3059539999999,0.048
809.504104,0.011
809.701954,0.034
809.899954,0.012
810.0981539999999,0.06
810.2960039999999,0.062
810.494004,0.026000000000000002
810.692154,0.021
810.890004,0.082
811.088804,0.02
811.286154,0.04
811.4840039999999,0.029
811.682204,0.073
811.8802039999999,0.069
812.0782039999999,0.081
812.276204,0.054
812.475004,0.032
812.672204,0.029
812.870204,0.027
813.0682039999999,0.026000000000000002
813.266204,0.056
813.464204,0.065
813.662204,0.091
813.8602539999999,0.07100000000000001
814.0582539999999,0.031
814.256854,0.14300000000000002
814.454404,0.062
814.652354,0.023
814.850454,0.026000000000000002
815.048454,0.098
815.2462539999999,0.042
815.444404,0.063
815.643054,0.085
815.840504,0.03
816.038504,0.084
816.236504,0.016
816.434404,0.027
816.632404,0.038
816.830654,0.038
817.028504,0.025
817.226504,0.052000000000000005
817.424454,0.051000000000000004
817.622454,0.022
817.820704,0.09
818.018704,0.09
818.216504,0.06
818.4146539999999,0.054
818.612454,0.099
818.8113539999999,0.097
819.008704,0.041
819.206554,0.123
819.4047039999999,0.062
819.602504,0.022
819.800704,0.01
819.998704,0.056
820.196704,0.024
820.3947039999999,0.082
820.5927039999999,0.11
820.790754,0.088
820.988754,0.122
821.186754,0.029
821.3847539999999,0.073
821.5827539999999,0.026000000000000002
821.780904,0.079
822.1760539999999,0.037
822.374004,0.059000000000000004
822.572004,0.024
822.770004,0.039
822.968004,0.041
823.1660539999999,0.02
823.364054,0.076
823.562054,0.045
823.760054,0.026000000000000002
823.958304,0.043000000000000003
824.1560539999999,0.061
824.354054,0.189
824.5523039999999,0.056
824.750054,0.063
824.948304,0.109
825.1460539999999,0.066
825.344104,0.054
825.542304,0.037
825.7403039999999,0.132
825.938304,0.10200000000000001
826.136304,0.012
826.3341039999999,0.048
826.532304,0.066
826.7303039999999,0.044
826.928354,0.021
827.126354,0.03
827.324354,0.069
827.522354,0.082
827.7203539999999,0.125
827.918504,0.046
828.116354,0.027
828.314354,0.01
828.512354,0.097
828.7103539999999,0.076
828.908554,0.063
829.106404,0.077
829.3045539999999,0.074
829.503154,0.077
829.7004039999999,0.026000000000000002
829.898554,0.033
830.096554,0.061
830.294554,0.109
830.4925539999999,0.041
830.690404,0.054
830.888604,0.013000000000000001
831.086604,0.012
831.2852039999999,0.068
831.4825539999999,0.011
831.6805539999999,0.068
831.878604,0.025
832.076604,0.064
832.2747539999999,0.058
832.4726039999999,0.079
832.671254,0.045
832.868604,0.014
833.066604,0.112
833.2647539999999,0.107
833.462754,0.093
833.6606039999999,0.035
833.858854,0.089
834.056654,0.058
834.2548039999999,0.023
834.452804,0.084
834.650904,0.049
834.848904,0.018000000000000002
835.0469039999999,0.092
835.2448039999999,0.055
835.4428039999999,0.038
835.640804,0.051000000000000004
835.8395539999999,0.081
836.0369039999999,0.128
836.2348539999999,0.027
836.4328539999999,0.031
836.630854,0.09
836.828904,0.157
837.026904,0.043000000000000003
837.2249039999999,0.14100000000000001
837.4228539999999,0.017
837.620854,0.108
837.8191039999999,0.058
838.0169539999999,0.045
838.215104,0.152
838.4128539999999,0.095
838.610854,0.11900000000000001
838.8091039999999,0.035
839.009204,0.073
839.205104,0.117
839.403104,0.136
839.600904,0.189
839.7991539999999,0.079
839.9971539999999,0.088
840.195154,0.052000000000000005
840.393154,0.045
840.591154,0.052000000000000005
840.7891539999999,0.054
840.9871539999999,0.054
841.187054,0.148
841.383154,0.051000000000000004
841.581154,0.056
841.976404,0.026000000000000002
842.372654,0.1
842.5704539999999,0.129
842.7684539999999,0.1
842.966454,0.054
843.164454,0.056
843.3626539999999,0.10300000000000001
843.5604539999999,0.052000000000000005
843.758654,0.054
843.9582039999999,0.074
844.154454,0.066
844.352704,0.07
844.550704,0.066
844.7484539999999,0.113
844.946704,0.101
845.144504,0.029
845.3430539999999,0.059000000000000004
845.540704,0.067
845.7385039999999,0.047
845.937454,0.063
846.134504,0.067
846.3327539999999,0.045
846.5323539999999,0.12
846.7289039999999,0.301
846.926754,0.364
847.125904,0.162
847.3227539999999,0.109
847.520754,0.047
847.718904,0.094
847.916804,0.09
848.1148039999999,0.066
848.312954,0.037
848.5107539999999,0.064
848.708754,0.065
848.9069539999999,0.014
849.104804,0.09
849.302954,0.054
849.500804,0.046
849.698954,0.10200000000000001
849.8969539999999,0.01
850.094804,0.085
850.292954,0.014
850.490954,0.28400000000000003
850.688804,0.025
850.8870039999999,0.154
851.085104,0.019
851.283004,0.061
851.481004,0.10300000000000001
851.678854,0.11900000000000001
851.8770039999999,0.039
852.0750039999999,0.209
852.273154,0.094
852.472804,0.048
852.6692539999999,0.13
852.8670539999999,0.089
853.0650539999999,0.053
853.263204,0.065
853.461904,0.329
853.6592539999999,0.485
853.857054,0.599
854.0550539999999,1.101
854.253204,1.302
854.451204,1.687
854.6493039999999,1.695
854.8476039999999,1.877
855.0450539999999,1.732
855.243254,1.713
855.441204,1.827
855.6393039999999,1.7710000000000001
855.8382039999999,1.77
856.035304,1.93
856.233254,1.9140000000000001
856.4314539999999,2.074
856.629254,2.133
856.827354,2.388
857.025354,2.394
857.223254,2.2600000000000002
857.4214539999999,2.032
857.619504,2.084
857.817504,1.987
858.015354,1.933
858.213504,1.891
858.411304,1.824
858.609504,2.204
858.809454,2.64
859.005354,2.9330000000000003
859.203504,2.461
859.401304,3.035
859.5995039999999,2.978
859.797554,2.702
859.995554,2.685
860.193554,2.985
860.3915539999999,3.415
860.5895539999999,3.348
860.787554,3.083
860.985554,3.37
861.183554,3.314
861.3815539999999,3.426
861.579704,3.544
861.974804,3.777
862.1728539999999,3.7720000000000002
862.370854,3.795
862.568854,3.976
862.767104,4.017
862.964854,4.132
863.1628539999999,4.404
863.360854,3.977
863.558854,3.5580000000000003
863.757354,3.802
863.954854,3.982
864.1528539999999,4.05
864.351104,3.871
864.548904,4.113
864.7471039999999,3.595
864.944904,3.688
865.144454,3.7920000000000003
865.341154,3.79
865.539104,3.759
865.7371039999999,3.704
865.935154,3.718
866.1329039999999,3.587
866.331154,3.661
866.529154,3.6
866.728804,3.686
866.9251539999999,3.8160000000000003
867.122904,3.853
867.3228039999999,3.725
867.519154,3.6670000000000003
867.717354,4.023
867.915204,4.673
868.113204,5.468
868.311204,5.72
868.509204,5.678
868.707354,5.652
868.9052039999999,5.7
869.103204,5.905
869.302954,5.6370000000000005
869.499204,5.734
869.6973539999999,6.035
869.895354,6.199
870.093254,6.626
870.2914039999999,6.7010000000000005
870.489254,6.712
870.687554,6.598
870.885404,6.871
871.083404,6.8870000000000005
871.281854,6.699
871.4794039999999,6.713
871.6774039999999,6.755
871.875404,6.563
872.073454,6.688
872.273154,6.744
872.4694039999999,6.771
872.6674039999999,7.154
872.865404,7.046
873.063454,6.745
873.2616039999999,6.718
873.4594539999999,6.769
873.657704,6.775
873.855454,6.372
874.053454,6.465
874.2520539999999,6.682
874.449454,6.5280000000000005
874.647804,6.5600000000000005
874.845704,6.474
875.045254,6.361
875.2416539999999,6.405
875.4396539999999,6.3180000000000005
875.637754,6.105
875.835704,5.985
876.033654,5.6240000000000006
876.2316539999999,5.5680000000000005
876.4296539999999,5.757000000000001
876.627754,5.7090000000000005
876.825754,5.367
877.0237539999999,5.3
877.221654,5.396
877.419904,5.586
877.617904,5.143
877.815754,5.024
878.0139039999999,5.07
878.211654,4.766
878.409904,4.692
878.607904,4.369
878.8059039999999,4.143
879.0039539999999,4.035
879.201954,3.9570000000000003
879.3997039999999,3.821
879.597954,3.6510000000000002
879.7959539999999,3.087
879.995604,3.181
880.191954,2.85
880.3897539999999,2.989
880.587954,2.745
880.785954,2.525
880.9840039999999,2.545
881.183354,2.595
881.5772539999999,2.63
881.973254,2.825
882.171254,3.213
882.369254,3.386
882.567454,3.388
882.766204,3.743
882.963254,3.7760000000000002
883.1614539999999,3.898
883.359254,4.242
883.557504,4.4430000000000005
883.7553039999999,4.691
883.953304,4.806
884.1515039999999,5.062
884.3495039999999,5.376
884.547504,5.747
884.745504,5.83
884.943304,5.993
885.1415039999999,6.547
885.3395039999999,7.0280000000000005
885.537554,7.163
885.735554,6.995
885.9333039999999,7.077
886.131304,6.972
886.3295539999999,7.0280000000000005
886.527704,6.92
886.725554,7.059
886.923604,7.109
887.121354,6.934
887.3195539999999,6.985
887.517754,6.876
887.715604,6.913
887.913554,6.882000000000001
888.1117539999999,6.798
888.3095539999999,6.822
888.507754,6.729
888.706254,6.737
888.903604,6.74
889.101804,6.469
889.2996039999999,6.473
889.497754,6.413
889.695754,6.269
889.893604,6.122
890.0918039999999,5.803
890.289804,5.909
890.487804,5.119
890.685804,4.607
890.8838039999999,4.719
891.0818039999999,4.681
891.279804,4.442
891.477804,4.3020000000000005
891.675804,4.374
891.873804,4.458
892.0736539999999,4.5520000000000005
892.269854,4.788
892.4680539999999,4.816
892.665854,4.939
892.863854,5.059
893.062004,5.289
893.2598539999999,5.369
893.458054,5.5200000000000005
893.655854,5.581
893.855254,5.805
894.052004,6.026
894.250004,6.099
894.448104,6.188
894.6461039999999,6.351
894.843854,6.5600000000000005
895.0420039999999,6.742
895.240004,6.855
895.438104,6.971
895.6361039999999,6.923
895.834254,6.938
896.0320539999999,7.2
896.230054,7.172
896.4283039999999,7.272
896.6261539999999,7.404
896.8241539999999,7.477
897.0220539999999,7.413
897.220054,7.482
897.4183039999999,7.656000000000001
897.617904,7.759
897.8141539999999,7.759
898.012304,7.924
898.2103539999999,7.9350000000000005
898.4083539999999,7.876
898.6063039999999,7.831
898.8042039999999,7.632000000000001
899.002304,7.582
899.2004539999999,7.626
899.3983539999999,7.7090000000000005
899.5963539999999,7.788
899.794304,7.8100000000000005
899.992354,7.931
900.192004,8.01
900.3883539999999,8.095
900.587454,8.049
900.784354,8.096
900.982354,8.247
901.377854,8.208
901.576254,8.290000000000001
901.773654,8.28
901.971654,8.271
902.1696539999999,8.254
902.367654,8.259
902.566604,8.347
902.763654,8.394
902.961654,8.222
903.1596539999999,8.101
903.357904,8.003
903.5559039999999,8.181000000000001
903.753654,8.098
903.951704,7.992
904.1515039999999,7.993
904.347954,7.956
904.5459539999999,7.899
904.743704,7.809
904.941704,7.516
905.139904,7.822
905.3381039999999,7.791
905.535954,7.825
905.7339539999999,7.825
905.931754,7.811
906.129954,7.806
906.327954,7.885
906.525954,7.873
906.7239539999999,7.981
906.921754,7.972
907.119954,8.102
907.318104,8.21
907.5161539999999,8.213000000000001
907.7140039999999,8.219
907.9120039999999,8.138
908.110004,8.05
908.308154,8.022
908.5061539999999,8.067
908.7040039999999,8.03
908.9020039999999,7.890000000000001
909.100154,7.8180000000000005
909.2982039999999,7.875
909.4962039999999,7.738
909.694204,7.606
909.8920539999999,7.555
910.091954,7.469
910.288204,7.447
910.487804,7.434
910.6842039999999,7.453
910.882354,7.489
911.080204,7.596
911.278454,7.513
911.4762539999999,7.493
911.6742039999999,7.546
911.8725539999999,7.432
912.070204,7.392
912.2684539999999,7.353
912.4662539999999,7.3950000000000005
912.6642539999999,7.547000000000001
912.862254,7.644
913.060404,7.640000000000001
913.2585039999999,7.663
913.456504,7.567
913.6542539999999,7.7
913.852404,7.597
914.050404,7.651
914.2485039999999,7.981
914.446504,7.890000000000001
914.644504,7.988
914.842304,8.047
915.040454,7.938
915.238654,8.246
915.436504,8.205
915.634504,8.24
915.8323039999999,8.281
916.032154,8.331
916.228654,8.261000000000001
916.426554,8.157
916.624554,8.182
916.8227039999999,8.255
917.020504,8.187
917.218704,8.311
917.416704,8.275
917.614554,8.107
917.8140539999999,8.03
918.010504,7.877
918.208704,7.752
918.406754,7.747
918.604754,7.735
918.802604,7.69
919.0007539999999,7.683
919.198754,7.492
919.396754,7.445
919.594754,7.282
919.792754,7.273000000000001
919.9907539999999,6.928
920.1887539999999,6.9190000000000005
920.386804,6.667
920.584804,6.312
920.7828039999999,6.2330000000000005
921.178054,5.953
921.376054,5.8
921.5740539999999,5.761
921.7720539999999,5.658
921.970054,5.604
922.168054,5.47
922.366054,5.3020000000000005
922.5640539999999,5.269
922.763754,5.308
922.960304,5.317
923.158104,5.363
923.3563039999999,5.3
923.5541039999999,5.186
923.7521039999999,5.329
923.9500539999999,5.621
924.148104,5.744
924.3463039999999,5.801
924.544304,5.839
924.7421039999999,5.853
924.940354,5.907
925.1383539999999,6.151
925.3363539999999,6.1850000000000005
925.534354,6.248
925.7321039999999,6.531
925.930354,6.6610000000000005
926.128804,6.538
926.326554,6.607
926.525904,6.472
926.723904,6.4190000000000005
926.920354,6.4990000000000006
927.1184039999999,6.76
927.316554,6.835
927.5143539999999,6.804
927.712404,6.59
927.9105539999999,6.776
928.108404,6.457
928.306554,6.699
928.504554,6.683
928.702404,6.42
928.9005539999999,5.779
929.098404,6.376
929.296554,6.431
929.495504,6.503
929.692454,6.336
929.8906039999999,6.18
930.0886039999999,6.41
930.286604,7.267
930.484604,7.46
930.682604,7.391
930.880604,7.404
931.0786039999999,7.269
931.2766039999999,7.115
931.474604,7.231
931.672654,7.543
931.8707539999999,7.582
932.0695039999999,7.696
932.266804,7.712
932.465704,7.771
932.662654,8.013
932.8608039999999,7.8950000000000005
933.0586539999999,8.290000000000001
933.2585039999999,8.273
933.454654,8.165000000000001
933.652704,8.139
933.8508039999999,7.987
934.0488039999999,8.248
934.246904,8.115
934.444904,8.051
934.642704,8.161
934.841654,8.207
935.0388039999999,8.121
935.236954,8.155
935.434954,8.115
935.6329539999999,7.823
935.8308539999999,7.9990000000000006
936.0288539999999,7.948
936.2271039999999,7.8740000000000006
936.424954,7.442
936.6230039999999,7.476
936.8208539999999,7.5440000000000005
937.0188539999999,7.429
937.217104,7.658
937.415304,7.835
937.6130039999999,8.007
937.811154,8.004
938.0092539999999,7.928
938.207104,7.732
938.4051039999999,7.672000000000001
938.6030039999999,7.83
938.801154,8.007
938.9989039999999,7.954
939.197154,7.901
939.3951539999999,7.727
939.5949039999999,7.609
939.791154,7.664000000000001
939.989154,7.723
940.187154,7.714
940.3851539999999,7.689
940.780454,7.515000000000001
941.1764539999999,7.3340000000000005
941.3744539999999,7.164000000000001
941.572504,7.351
941.770454,7.023000000000001
941.968454,6.6690000000000005
942.166704,6.761
942.3644539999999,6.635
942.562454,6.377
942.7607039999999,6.389
942.958454,6.631
943.1564539999999,6.572
943.3553039999999,6.699
943.552504,6.869
943.750504,6.676
943.9487039999999,6.7700000000000005
944.1465039999999,6.799
944.344754,7.082
944.542504,6.966
944.740504,7.0840000000000005
944.9387039999999,7.216
945.136904,7.275
945.336054,7.426
945.532754,7.597
945.7307539999999,7.9990000000000006
945.9287539999999,8.216
946.126754,8.236
946.324754,8.41
946.524504,8.631
946.720554,8.814
946.9187539999999,8.946
947.1167539999999,9.034
947.314954,9.319
947.512804,9.528
947.7108039999999,9.536
947.9088039999999,9.684000000000001
948.106954,9.806000000000001
948.304954,9.924
948.502804,9.912
948.7009539999999,9.944
948.8988039999999,10.077
949.096854,10.144
949.295004,10.084
949.4930039999999,10.084
949.690854,10.158
949.889004,10.228
950.0868539999999,10.311
950.285004,10.298
950.4830039999999,10.353
950.6809039999999,10.401
950.879004,10.476
951.0772539999999,10.468
951.275004,10.484
951.473004,10.563
951.671154,10.6
951.869054,10.576
952.067054,10.608
952.265054,10.656
952.4641039999999,10.699
952.6610539999999,10.714
952.859154,10.72
953.057054,10.775
953.2553039999999,10.848
953.4536039999999,10.89
953.6510539999999,10.921
953.849204,10.855
954.0473039999999,10.962
954.2453039999999,11.058
954.444704,11.075000000000001
954.641254,11.015
954.839254,11.079
955.037254,11.107000000000001
955.2353039999999,11.238
955.4337039999999,11.165000000000001
955.6311539999999,11.149000000000001
955.829254,11.131
956.0288039999999,11.200000000000001
956.2253539999999,11.186
956.4233539999999,11.147
956.621354,11.065
956.819254,11.103
957.017654,11.126
957.215504,11.123000000000001
957.415004,11.255
957.611504,11.233
957.809304,11.229000000000001
958.007304,11.176
958.205554,11.121
958.403554,11.219
958.601404,11.228
958.799554,11.22
958.997304,11.244
959.1955539999999,11.252
959.393554,11.295
959.591554,11.224
959.789554,11.014
959.987704,11.317
960.185604,11.223
960.383604,11.212
960.581554,11.056000000000001
960.976854,10.996
961.1750539999999,11.192
961.372854,11.018
961.5708539999999,11.039
961.7688539999999,11.120000000000001
961.966854,10.956
962.164854,10.887
962.362854,11.021
962.5609039999999,11.068
962.7593039999999,10.929
962.956904,10.977
963.1551039999999,10.971
963.3531039999999,10.778
963.550854,10.854000000000001
963.7507539999999,10.885
963.947104,10.84
964.144904,10.796
964.3431539999999,10.702
964.540904,10.76
964.739154,10.764
964.937154,10.768
965.1351539999999,10.901
965.3331539999999,10.828
965.5311539999999,10.704
965.7298539999999,10.711
965.927154,10.744
966.1253039999999,10.714
966.3232039999999,10.598
966.521204,10.541
966.719204,10.509
966.917204,10.56
967.115154,10.674
967.313354,10.593
967.5112039999999,10.611
967.709204,10.672
967.907204,10.749
968.105204,10.75
968.303404,10.676
968.5012039999999,10.736
968.699204,10.849
968.897354,10.929
969.0953539999999,10.887
969.293404,10.756
969.491404,10.647
969.689404,10.642
969.887404,10.707
970.086054,10.868
970.2834039999999,10.761000000000001
970.4830539999999,10.593
970.6792539999999,10.638
970.877404,10.621
971.0754539999999,10.69
971.2734539999999,10.667
971.471454,10.777000000000001
971.6696039999999,10.768
971.867454,10.705
972.065654,10.654
972.2634539999999,10.621
972.461454,10.623000000000001
972.659604,10.491
972.8576039999999,10.667
973.0554539999999,10.687
973.253704,10.615
973.451504,10.607000000000001
973.6506039999999,10.556000000000001
973.8476539999999,10.592
974.045454,10.421
974.243704,10.517
974.441504,10.595
974.639654,10.518
974.8376539999999,10.644
975.035854,10.648
975.233754,10.63
975.431754,10.67
975.629654,10.729000000000001
975.8276539999999,10.747
976.0256539999999,10.903
976.223754,10.96
976.421754,10.984
976.6199039999999,10.934000000000001
976.8177039999999,11.132
977.017254,11.157
977.213954,11.239
977.4134039999999,11.339
977.609754,11.249
977.807704,11.249
978.005904,11.347
978.203954,11.252
978.403554,11.443
978.5999539999999,11.546
978.797954,11.524000000000001
978.995954,11.619
979.193954,11.484
979.3919539999999,11.424
979.5899539999999,11.493
979.7879539999999,11.503
979.9857539999999,11.444
980.183954,11.482000000000001
980.383704,11.475
980.777254,11.535
980.975254,11.642
981.1737039999999,11.611
981.3712539999999,11.603
981.569254,11.738
981.767254,11.675
981.965254,11.625
982.1650539999999,11.672
982.3612539999999,11.687
982.559254,11.772
982.7575039999999,11.611
982.955254,11.798
983.153504,11.781
983.3513039999999,11.792
983.549304,11.773
983.747754,11.765
983.9455539999999,11.815
984.143504,11.879
984.341504,11.766
984.5393039999999,11.923
984.7375539999999,11.626
984.9355539999999,11.691
985.133554,11.728
985.331554,11.75
985.529354,11.602
985.7275539999999,11.125
985.9255539999999,11.524000000000001
986.123704,11.381
986.321554,11.387
986.519554,11.491
986.717554,11.445
986.9155539999999,11.649000000000001
987.1144039999999,11.436
987.311604,11.457
987.509604,11.417
987.707604,11.405
987.9056039999999,11.518
988.1053039999999,11.421
988.301754,11.265
988.499604,11.194
988.6978039999999,11.345
988.8956539999999,11.105
989.093804,11.244
989.291804,11.11
989.489604,11.272
989.6878039999999,11.224
989.885804,11.156
990.083804,11.246
990.281854,11.315
990.479804,11.265
990.6778539999999,11.261000000000001
990.8758039999999,11.167
991.073804,11.166
991.271804,11.292
991.469804,11.232000000000001
991.667954,11.078
991.8658539999999,11.228
992.0640539999999,11.269
992.261854,11.243
992.461504,11.102
992.658004,11.234
992.8558539999999,11.231
993.0541039999999,11.216000000000001
993.251854,11.243
993.449904,11.433
993.6480039999999,11.459
993.846004,11.509
994.044104,11.578
994.2421539999999,11.406
994.439904,11.228
994.638054,10.869
994.836054,10.907
995.034104,10.716000000000001
995.2321539999999,10.491
995.4301539999999,10.514
995.6280539999999,10.335
995.826054,10.355
996.0243039999999,10.394
996.2221539999999,10.57
996.4201539999999,10.492
996.6180539999999,10.559000000000001
996.816054,10.066
997.0143039999999,10.192
997.2123039999999,10.394
997.4101539999999,10.214
997.608304,10.218
997.806104,10.507
998.0043539999999,10.629
998.2023539999999,10.721
998.4002039999999,10.689
998.598354,10.854000000000001
998.7961039999999,10.751
998.9943539999999,10.788
999.193104,10.816
999.390354,10.739
999.588354,10.835
999.786354,10.895
999.9844039999999,10.919
1000.379654,11.015
1000.7756539999999,10.938
1000.973904,11.043000000000001
1001.171654,11.087
1001.369654,11.045
1001.567854,11.138
1001.7656539999999,11.051
1001.9636539999999,11.246
1002.161654,11.112
1002.359704,11.02
1002.557704,11.136000000000001
1002.7557039999999,11.266
1002.9536539999999,11.195
1003.151904,11.148
1003.349654,11.209
1003.547704,11.317
1003.745904,11.127
1003.943904,11.282
1004.143604,11.113
1004.339704,11.214
1004.539104,11.21
1004.735954,11.221
1004.933954,11.132
1005.131954,11.14
1005.3299539999999,11.119
1005.527754,11.082
1005.7262039999999,10.954
1005.923954,10.991
1006.122004,11.003
1006.3200039999999,11.013
1006.5179539999999,10.904
1006.715954,10.89
1006.9141539999999,10.923
1007.1121539999999,10.906
1007.3100039999999,10.803
1007.508154,10.861
1007.706004,10.867
1007.904004,10.775
1008.1021539999999,10.774000000000001
1008.300004,10.819
1008.4980039999999,10.657
1008.696154,10.553
1008.894154,10.588000000000001
1009.0922039999999,10.526
1009.2902039999999,10.472
1009.4880539999999,10.506
1009.686204,10.539
1009.884204,10.416
1010.0822039999999,10.523
1010.2802039999999,10.370000000000001
1010.478204,10.314
1010.676204,9.999
1010.875404,10.098
1011.0722539999999,10.091000000000001
1011.2702539999999,9.896
1011.468254,9.732
1011.666254,9.621
1011.864254,9.476
1012.0622539999999,9.439
1012.2602539999999,9.227
1012.458254,9.066
1012.656404,8.676
1012.855154,8.584
1013.052504,8.562
1013.2502539999999,8.266
1013.448454,8.008000000000001
1013.646404,7.8020000000000005
1013.8445039999999,7.545
1014.042504,7.264
1014.240504,7.1160000000000005
1014.438454,6.875
1014.636454,6.4430000000000005
1014.836204,6.268
1015.032554,5.957
1015.230554,5.819
1015.4283039999999,5.497
1015.626454,5.268
1015.8260039999999,4.968
1016.0225539999999,4.548
1016.220554,3.9490000000000003
1016.4187039999999,4.026
1016.616504,2.5540000000000003
1016.814704,2.754
1017.012754,2.73
1017.210554,2.802
1017.408704,2.653
1017.606504,2.836
1017.8051039999999,2.665
1018.002754,2.505
1018.200754,2.317
1018.3987539999999,2.495
1018.5967539999999,2.65
1018.7947539999999,2.849
1018.992754,3.16
1019.192454,3.586
1019.388754,4.008
1019.5867539999999,4.1450000000000005
1019.7847539999999,4.458
1020.1800039999999,4.68
1020.3780039999999,4.924
1020.5760039999999,5.095
1020.774054,5.437
1020.972054,5.968
1021.1714039999999,5.914
1021.3680539999999,6.103
1021.5668539999999,6.204
1021.764054,6.4
1021.9623039999999,6.5040000000000004
1022.160054,7.434
1022.3580539999999,7.535
1022.556254,7.729
1022.754054,7.86
1022.9523039999999,7.889
1023.1501039999999,8.05
1023.3481039999999,8.23
1023.546304,8.285
1023.7443039999999,8.753
1023.9423039999999,9.007
1024.140304,9.086
1024.338104,9.401
1024.536304,9.468
1024.734354,9.551
1024.9339539999999,9.736
1025.130354,9.761000000000001
1025.328154,9.835
1025.5263539999999,10.062
1025.724354,10.392
1025.922504,10.437
1026.120354,10.566
1026.3184039999999,10.727
1026.5163539999999,10.603
1026.714354,10.598
1026.912554,10.746
1027.110404,10.905
1027.308554,10.909
1027.506554,11.054
1027.7044039999998,10.997
1027.904254,11.106
1028.1005539999999,11.292
1028.298404,11.329
1028.496604,11.462
1028.694454,11.595
1028.894204,11.604000000000001
1029.090604,11.534
1029.288554,11.644
1029.4865539999998,11.685
1029.684604,11.676
1029.884254,11.786
1030.080604,11.809000000000001
1030.278754,11.923
1030.476604,11.783
1030.674604,11.732000000000001
1030.872604,11.689
1031.070604,11.621
1031.268754,11.765
1031.466754,11.91
1031.664654,11.901
1031.864554,11.794
1032.0606539999999,12.006
1032.258804,12.009
1032.456804,11.985
1032.654654,11.826
1032.852854,11.684000000000001
1033.050654,11.839
1033.248804,11.917
1033.446804,11.971
1033.644854,12.07
1033.842954,11.965
1034.040904,12.102
1034.238854,11.925
1034.436854,12.019
1034.634854,11.98
1034.8329039999999,11.982000000000001
1035.030904,12.169
1035.229054,12.222
1035.426854,12.095
1035.624854,12.121
1035.823104,12.074
1036.0209539999998,12.074
1036.219104,12.234
1036.416854,12.167
1036.615104,12.13
1036.813104,12.029
1037.011104,12.247
1037.209104,12.09
1037.407104,12.203
1037.604904,11.995000000000001
1037.803154,12.061
1038.002804,12.121
1038.199154,12.058
1038.397154,12.113
1038.594904,12.171
1038.793154,12.349
1038.992804,12.19
1039.189304,12.038
1039.387154,12.179
1039.5851539999999,12.096
1039.783154,12.09
1040.178404,12.132
1040.376454,12.396
1040.575204,12.458
1040.7726539999999,12.47
1040.970454,12.372
1041.1684539999999,12.529
1041.366654,12.432
1041.5644539999998,12.372
1041.762704,12.593
1041.960454,12.515
1042.158454,12.566
1042.356704,12.478
1042.5544539999999,12.446
1042.752704,12.443
1042.9507039999999,12.403
1043.148454,12.31
1043.346704,12.309000000000001
1043.544704,12.406
1043.742504,12.427
1043.940754,12.524000000000001
1044.138504,12.474
1044.337604,12.428
1044.534754,12.596
1044.732904,12.657
1044.930754,12.666
1045.1287539999998,12.619
1045.326754,12.571
1045.524754,12.704
1045.722754,12.597
1045.920754,12.620000000000001
1046.1187539999999,12.6
1046.316754,12.611
1046.514754,12.587
1046.712754,12.617
1046.910954,12.72
1047.108804,12.788
1047.306954,12.813
1047.504804,12.801
1047.7029539999999,12.825000000000001
1047.900954,12.802
1048.098804,12.696
1048.298654,12.780000000000001
1048.494954,12.658
1048.692804,12.588000000000001
1048.890954,12.745000000000001
1049.089004,12.819
1049.287004,12.842
1049.485004,12.826
1049.684504,12.755
1049.8810039999998,12.758000000000001
1050.079004,12.697000000000001
1050.277204,12.735
1050.475004,12.821
1050.673254,12.813
1050.8710039999999,12.748000000000001
1051.069054,12.813
1051.267154,12.799
1051.465054,12.781
1051.663004,12.885
1051.8610039999999,12.788
1052.059054,12.811
1052.258104,12.749
1052.4552039999999,12.715
1052.6530539999999,12.808
1052.851304,12.8
1053.0490539999998,12.772
1053.247204,12.812
1053.4452039999999,12.805
1053.643304,12.722
1053.841304,12.781
1054.039304,12.814
1054.237204,12.818
1054.435254,12.819
1054.6332539999999,12.842
1054.831354,12.757
1055.029354,12.792
1055.227254,12.724
1055.425254,12.714
1055.623504,12.703
1055.821354,12.769
1056.019354,12.883000000000001
1056.217504,12.823
1056.415254,12.929
1056.613504,12.681000000000001
1056.811504,12.632
1057.009354,12.702
1057.207504,12.621
1057.405254,12.658
1057.603304,12.607000000000001
1057.803154,12.528
1057.999504,12.626
1058.1975539999999,12.567
1058.395554,12.623000000000001
1058.593554,12.492
1058.791554,12.620000000000001
1058.989554,12.583
1059.1875539999999,12.549
1059.385554,12.589
1059.583704,12.488
1059.9788039999999,12.627
1060.176804,12.568
1060.3760539999998,12.481
1060.572854,12.49
1060.7708539999999,12.619
1060.968854,12.553
1061.166854,12.617
1061.364854,12.457
1061.562854,12.444
1061.761104,12.492
1061.960504,12.431000000000001
1062.1568539999998,12.484
1062.3550539999999,12.325000000000001
1062.552854,12.321
1062.751104,12.295
1062.9489039999999,12.374
1063.146904,12.417
1063.345104,12.52
1063.5431039999999,12.5
1063.741104,12.573
1063.939104,12.530000000000001
1064.136904,12.357000000000001
1064.335754,12.4
1064.533154,12.428
1064.731154,12.344
1064.930754,12.285
1065.126904,12.522
1065.3251539999999,12.421
1065.523154,12.345
1065.721304,12.167
1065.919154,12.096
1066.117154,12.046
1066.315154,12.185
1066.5132039999999,12.252
1066.711354,12.266
1066.909204,11.962
1067.107204,12.246
1067.3053539999999,12.381
1067.503154,12.363
1067.701354,12.495000000000001
1067.899354,12.531
1068.098654,12.451
1068.2953539999999,12.229000000000001
1068.493254,12.291
1068.691404,12.078
1068.889354,12.347
1069.087354,12.301
1069.285704,12.265
1069.483404,12.303
1069.681404,12.219
1069.879404,12.185
1070.077404,12.256
1070.275404,12.116
1070.4734039999998,12.1
1070.671404,12.023
1070.869404,12.167
1071.067404,12.041
1071.2655539999998,12.040000000000001
1071.463454,11.996
1071.661654,11.994
1071.859454,11.947000000000001
1072.059004,11.996
1072.255604,11.979000000000001
1072.453454,12.007
1072.651654,12.030000000000001
1072.8496539999999,11.954
1073.047454,11.939
1073.245604,11.889000000000001
1073.4438539999999,11.773
1073.643354,11.929
1073.839704,11.797
1074.037504,11.777000000000001
1074.236804,11.882
1074.433604,11.825000000000001
1074.631704,11.788
1074.829704,11.879
1075.027854,11.851
1075.2256539999998,11.794
1075.423654,11.846
1075.6219039999999,11.768
1075.8202039999999,11.66
1076.017754,11.654
1076.2156539999999,11.732000000000001
1076.415554,11.822000000000001
1076.6119039999999,11.749
1076.809904,11.693
1077.007904,11.715
1077.205904,11.565
1077.403704,11.541
1077.603604,11.435
1077.7999539999998,11.468
1077.997904,11.366
1078.196604,11.094
1078.3937039999998,10.834
1078.591954,10.636000000000001
1078.7908539999999,10.370000000000001
1078.987954,10.098
1079.185954,9.817
1079.385804,9.379
1079.779204,9.097
1079.977204,8.931000000000001
1080.175654,8.505
1080.3732539999999,8.436
1080.571254,8.27
1080.769254,7.957
1080.967254,7.66
1081.165204,7.647
1081.3632539999999,7.213
1081.561254,6.99
1081.759254,6.8340000000000005
1081.957254,6.532
1082.156054,6.621
1082.353504,6.946
1082.551504,6.995
1082.749504,6.305
1082.947254,6.547
1083.1455039999998,6.688
1083.343504,7.018
1083.541504,7.0200000000000005
1083.739504,7.405
1083.937304,7.5440000000000005
1084.1363039999999,7.759
1084.334154,7.897
1084.531504,8.076
1084.729504,8.136000000000001
1084.9275539999999,8.715
1085.125304,8.846
1085.323554,8.892
1085.521704,9.05
1085.720104,9.415000000000001
1085.9175539999999,9.527000000000001
1086.115704,9.667
1086.3152539999999,9.892
1086.511554,9.962
1086.7097039999999,10.275
1086.907604,10.36
1087.1059539999999,10.463000000000001
1087.303604,10.518
1087.501604,10.659
1087.699754,10.635
1087.8977539999998,10.754
1088.0956039999999,10.96
1088.293754,10.956
1088.491754,11.007
1088.689754,11.065
1088.887804,11.13
1089.085804,11.133000000000001
1089.285054,11.316
1089.481654,11.214
1089.6798039999999,11.294
1089.877804,11.318
1090.075954,11.296
1090.273804,11.21
1090.471804,11.075000000000001
1090.670204,11.199
1090.867804,11.193
1091.065854,11.122
1091.264254,11.185
1091.4620539999999,11.233
1091.659804,11.426
1091.857804,11.356
1092.055954,11.439
1092.254004,11.46
1092.4520539999999,11.257
1092.650054,11.145
1092.8478539999999,11.433
1093.046004,11.427
1093.245654,11.321
1093.441854,11.352
1093.6401039999998,11.358
1093.838104,11.259
1094.036004,11.42
1094.234054,11.328
1094.432254,11.259
1094.630254,11.337
1094.828154,11.234
1095.026054,11.154
1095.225754,11.203
1095.4222539999998,11.213000000000001
1095.620254,11.434000000000001
1095.818154,11.404
1096.016304,11.35
1096.214104,11.477
1096.412304,11.372
1096.610304,11.412
1096.808154,11.409
1097.006304,11.338000000000001
1097.2056539999999,11.415000000000001
1097.402304,11.341000000000001
1097.600304,11.464
1097.800004,11.342
1097.996304,11.445
1098.194354,11.319
1098.3923539999998,11.098
1098.590354,10.874
1098.788354,10.996
1098.986354,10.912
1099.381604,11.052
1099.7776039999999,10.797
1099.975604,10.855
1100.1736039999998,10.766
1100.371604,10.725
1100.569604,10.56
1100.767604,10.6
1100.9656539999999,10.645
1101.165454,10.618
1101.361654,10.465
1101.559904,10.474
1101.759304,10.546
1101.9556539999999,10.454
1102.153854,10.462
1102.351654,10.326
1102.549904,10.274000000000001
1102.747904,10.107000000000001
1102.945704,10.151
1103.143904,10.196
1103.3419039999999,10.019
1103.539904,9.875
1103.7379039999998,9.964
1103.935704,9.73
1104.133904,9.617
1104.331904,9.612
1104.5299539999999,9.569
1104.727954,9.474
1104.925954,9.472
1105.124954,9.557
1105.3221039999999,9.204
1105.520104,9.184000000000001
1105.717954,9.135
1105.915954,9.046
1106.115654,8.916
1106.3121039999999,8.73
1106.510154,8.835
1106.7080039999998,8.555
1106.906004,8.307
1107.1041539999999,8.195
1107.3021039999999,8.193
1107.500104,8.273
1107.698154,7.937
1107.896004,7.902
1108.094204,7.937
1108.2922039999999,7.642
1108.4901539999998,7.305
1108.688154,6.906000000000001
1108.886154,7.19
1109.084154,7.104
1109.282854,6.8870000000000005
1109.4801539999999,6.502
1109.678204,6.7170000000000005
1109.876304,6.516
1110.074204,6.289
1110.272454,6.163
1110.470204,5.791
1110.668204,5.39
1110.866204,5.032
1111.0643539999999,4.9270000000000005
1111.262454,4.624
1111.460454,4.354
1111.658254,4.171
1111.856354,3.741
1112.054404,3.499
1112.252454,3.019
1112.450454,2.828
1112.648454,2.783
1112.846254,2.475
1113.044404,2.311
1113.242604,2.0420000000000003
1113.440504,1.852
1113.638504,1.6380000000000001
1113.836254,1.477
1114.034404,1.179
1114.232654,1.1300000000000001
1114.430654,1.133
1114.628504,0.8270000000000001
1114.826654,0.68
1115.024804,0.797
1115.222654,0.524
1115.420654,0.254
1115.618554,0.019
1115.816554,0.061
1116.0151039999998,0.109
1116.212704,0.066
1116.410704,0.115
1116.608654,0.129
1116.806554,0.098
1117.0050039999999,0.047
1117.202704,0.08600000000000001
1117.400704,0.08600000000000001
1117.598704,0.034
1117.7967039999999,0.038
1117.994704,0.02
1118.192854,0.092
1118.390804,0.081
1118.588704,0.022
1118.786754,0.035
1118.9847539999998,0.068
1119.380054,0.04
1119.578004,0.011
1119.776004,0.062
1119.974254,0.058
1120.172004,0.177
1120.370254,0.41200000000000003
1120.568004,0.875
1120.7660039999998,1.399
1120.964254,1.735
1121.162004,2.261
1121.360254,2.562
1121.5580539999999,2.744
1121.756054,2.97
1121.954054,3.136
1122.1522539999999,3.5820000000000003
1122.350304,3.825
1122.548304,4.015
1122.746054,4.025
1122.944054,4.224
1123.1422539999999,4.212
1123.340304,4.385
1123.538304,4.649
1123.7361039999998,4.956
1123.9343039999999,4.957
1124.132304,5.148
1124.330454,5.433
1124.528304,5.734
1124.726754,6.037
1124.924304,6.186
1125.122304,6.357
1125.320504,6.421
1125.518354,6.5200000000000005
1125.716354,6.501
1125.9145039999999,6.6370000000000005
1126.1123539999999,6.743
1126.310504,6.732
1126.508504,6.937
1126.706354,6.785
1126.9045039999999,6.973
1127.1023539999999,6.9990000000000006
1127.300554,7.019
1127.498554,6.996
1127.6965539999999,6.939
1127.894804,7.029
1128.0925539999998,6.91
1128.290554,6.854
1128.488554,6.799
1128.686554,6.82
1128.886054,6.66
1129.082604,6.586
1129.280604,6.376
1129.479454,6.409
1129.676554,6.267
1129.874754,6.339
1130.0725539999999,6.121
1130.270804,6.086
1130.468604,5.926
1130.666604,5.688
1130.864754,5.534
1131.062604,5.338
1131.2608539999999,5.096
1131.460054,5.032
1131.656604,4.912
1131.854754,4.605
1132.053204,4.359
1132.250854,4.248
1132.448854,3.964
1132.646654,3.59
1132.8448039999998,3.668
1133.042804,3.452
1133.241104,3.343
1133.438854,3.146
1133.6368539999999,3.063
1133.8348039999998,3.025
1134.032804,2.83
1134.2310539999999,2.645
1134.4289039999999,2.479
1134.626904,2.3000000000000003
1134.824854,2.164
1135.022854,1.962
1135.2210539999999,1.871
1135.419054,1.703
1135.616904,1.455
1135.815054,1.218
1136.012854,1.002
1136.2110539999999,0.6990000000000001
1136.4091039999998,0.612
1136.608654,0.425
1136.805104,0.495
1137.003104,0.343
1137.201104,0.268
1137.3991039999999,0.302
1137.597104,0.184
1137.795104,0.092
1137.993104,0.045
1138.191104,0.069
1138.3891039999999,0.049
1138.588804,0.054
1138.785154,0.019
1139.180954,0.11900000000000001
1139.378404,0.128
1139.576754,0.073
1139.774404,0.019
1139.9724039999999,0.047
1140.170404,0.06
1140.368404,0.068
1140.566404,0.056
1140.764704,0.033
1140.962654,0.043000000000000003
1141.1604539999998,0.064
1141.358654,0.095
1141.556454,0.012
1141.754454,0.019
1141.952654,0.057
1142.1504539999999,0.059000000000000004
1142.348654,0.031
1142.546454,0.069
1142.744454,0.048
1142.942704,0.055
1143.140704,0.025
1143.3387539999999,0.055
1143.5367039999999,0.059000000000000004
1143.734454,0.014
1143.932704,0.047
1144.130704,0.078
1144.328704,0.023
1144.526754,0.06
1144.7247539999998,0.056
1144.923904,0.048
1145.120754,0.062
1145.318904,0.055
1145.516704,0.017
1145.714704,0.055
1145.914354,0.041
1146.110754,0.042
1146.308904,0.054
1146.5069039999998,0.034
1146.7047539999999,0.023
1146.9046039999998,0.031
1147.100754,0.037
1147.298904,0.045
1147.4969039999999,0.019
1147.6947539999999,0.07100000000000001
1147.892954,0.042
1148.090754,0.018000000000000002
1148.2889539999999,0.046
1148.486954,0.065
1148.684954,0.029
1148.882954,0.059000000000000004
1149.080954,0.045
1149.2789539999999,0.154
1149.4770039999999,0.062
1149.675104,0.022
1149.873004,0.049
1150.071004,0.054
1150.269204,0.032
1150.4670039999999,0.108
1150.6654039999999,0.057
1150.863154,0.07
1151.061004,0.035
1151.259204,0.033
1151.4570039999999,0.068
1151.655004,0.062
1151.853154,0.034
1152.051154,0.066
1152.2492539999998,0.015
1152.447254,0.081
1152.645654,0.021
1152.843154,0.077
1153.041154,0.049
1153.2392539999998,0.056
1153.437304,0.07100000000000001
1153.6355039999999,0.06
1153.833204,0.132
1154.031204,0.153
1154.229304,0.148
1154.427304,0.106
1154.625454,0.099
1154.823204,0.113
1155.022904,0.043000000000000003
1155.219454,0.08
1155.417304,0.14200000000000002
1155.615304,0.105
1155.813504,0.05
1156.011254,0.024
1156.209454,0.062
1156.407454,0.025
1156.605304,0.034
1156.8034539999999,0.062
1157.001254,0.031
1157.199504,0.052000000000000005
1157.397504,0.018000000000000002
1157.595504,0.046
1157.793504,0.07100000000000001
1157.991654,0.052000000000000005
1158.189504,0.052000000000000005
1158.387504,0.044
1158.585654,0.029
1158.980754,0.035
1159.376754,0.038
1159.5761539999999,0.01
1159.772804,0.057
1159.970804,0.019
1160.169204,0.036000000000000004
1160.366804,0.023
1160.565654,0.023
1160.762804,0.026000000000000002
1160.960804,0.029
1161.159054,0.046
1161.356804,0.03
1161.5548039999999,0.098
1161.753054,0.091
1161.9510539999999,0.024
1162.148854,0.059000000000000004
1162.3470539999998,0.013000000000000001
1162.546154,0.028
1162.7428539999999,0.053
1162.941054,0.075
1163.138854,0.057
1163.3370539999999,0.042
1163.535104,0.027
1163.732904,0.073
1163.931104,0.041
1164.129254,0.049
1164.327104,0.03
1164.525104,0.038
1164.723104,0.044
1164.921104,0.028
1165.1191039999999,0.092
1165.318454,0.028
1165.5151039999998,0.008
1165.713154,0.018000000000000002
1165.911154,0.041
1166.109154,0.044
1166.307304,0.035
1166.505154,0.023
1166.703154,0.07200000000000001
1166.901754,0.014
1167.0993039999998,0.042
1167.297304,0.053
1167.495354,0.08600000000000001
1167.693354,0.09
1167.892954,0.069
1168.089154,0.022
1168.287304,0.073
1168.485354,0.028
1168.683204,0.011
1168.8813539999999,0.051000000000000004
1169.0807539999998,0.092
1169.277354,0.024
1169.4770039999999,0.044
1169.673354,0.065
1169.8713539999999,0.044
1170.069604,0.047
1170.2673539999998,0.012
1170.465354,0.054
1170.6635039999999,0.07
1170.861404,0.024
1171.0594039999999,0.019
1171.257604,0.05
1171.455404,0.079
1171.653554,0.059000000000000004
1171.8515539999999,0.021
1172.0494039999999,0.031
1172.247604,0.041
1172.445404,0.044
1172.6436039999999,0.042
1172.841604,0.032
1173.039804,0.039
1173.237654,0.04
1173.4356539999999,0.054
1173.6336039999999,0.041
1173.8315539999999,0.021
1174.031004,0.055
1174.227654,0.036000000000000004
1174.427054,0.049
1174.623604,0.011
1174.821604,0.07
1175.021504,0.121
1175.217854,0.23700000000000002
1175.415704,0.34
1175.613854,0.658
1175.811604,1.018
1176.009854,1.407
1176.207854,1.713
1176.405754,2.1310000000000002
1176.603904,2.426
1176.801854,2.963
1176.999904,3.259
1177.1979039999999,3.43
1177.3958539999999,3.798
1177.5939039999998,4.182
1177.791854,4.075
1177.989904,4.249
1178.187904,4.272
1178.387554,4.441
1178.781154,4.607
1178.979204,4.997
1179.177154,5.154
1179.375204,5.274
1179.573204,5.428
1179.772604,5.575
1179.969204,5.9030000000000005
1180.1672039999999,5.988
1180.365204,6.578
1180.563204,6.392
1180.7614039999999,6.349
1180.959204,6.771
1181.157454,6.994
1181.356254,7.405
1181.553204,7.196
1181.751454,7.283
1181.950904,7.51
1182.147454,7.65
1182.345204,8.153
1182.543254,7.964
1182.741454,7.875
1182.9394539999998,8.033
1183.137454,8.106
1183.335504,8.393
1183.533254,8.586
1183.7315039999999,8.401
1183.9294539999999,8.425
1184.127454,8.778
1184.325504,8.84
1184.523504,9.099
1184.7215039999999,9.374
1184.921004,9.599
1185.117654,9.918000000000001
1185.315504,10.029
1185.513504,10.162
1185.7115039999999,10.516
1185.909504,10.635
1186.107654,10.919
1186.3057039999999,10.999
1186.503554,11.1
1186.7017039999998,11.235
1186.899704,11.292
1187.097704,11.547
1187.295704,11.731
1187.493704,11.766
1187.6917039999998,11.901
1187.8895539999999,12.167
1188.087704,12.053
1188.285754,12.373000000000001
1188.4837539999999,12.263
1188.682754,12.569
1188.879754,12.551
1189.077754,12.49
1189.277404,12.474
1189.4737539999999,12.696
1189.671754,12.724
1189.871704,12.791
1190.068004,12.954
1190.265804,13.052
1190.463804,13.065
1190.661954,13.035
1190.861254,13.072000000000001
1191.058004,13.054
1191.255754,13.22
1191.453804,13.229000000000001
1191.651904,13.264000000000001
1191.851604,13.113
1192.048004,13.222
1192.246054,13.083
1192.443804,13.031
1192.641954,13.144
1192.8402039999999,13.31
1193.038004,13.258000000000001
1193.236054,13.313
1193.4339539999999,13.395
1193.631954,13.322000000000001
1193.830004,13.133000000000001
1194.028204,13.405000000000001
1194.226054,13.284
1194.424204,13.307
1194.6220039999998,13.387
1194.820004,13.465
1195.018204,13.348
1195.2169039999999,13.446
1195.414254,13.381
1195.613004,13.441
1195.810254,13.55
1196.0082539999999,13.297
1196.206504,13.487
1196.404254,13.393
1196.603104,13.501
1196.800004,13.568
1196.9982539999999,13.387
1197.196254,13.26
1197.3941539999998,13.462
1197.5939039999998,13.338000000000001
1197.7903039999999,13.356
1197.988304,13.244
1198.383554,13.373000000000001
1198.779554,13.394
1198.977554,13.302
1199.175554,13.372
1199.373554,13.368
1199.571804,13.146
1199.769554,13.147
1199.9675539999998,13.269
1200.165604,13.315
1200.363604,13.245000000000001
1200.561604,13.134
1200.7596039999999,13.216000000000001
1200.957804,13.292
1201.155604,13.269
1201.353604,13.364
1201.551604,13.323
1201.749804,13.431000000000001
1201.947854,13.376
1202.1458539999999,13.44
1202.343654,13.356
1202.541854,13.326
1202.739854,13.501
1202.937854,13.306000000000001
1203.1358539999999,13.247
1203.3351539999999,13.197000000000001
1203.531654,13.229000000000001
1203.729854,13.203
1203.927854,13.188
1204.125904,13.172
1204.3239039999999,13.191
1204.521654,13.174
1204.720354,13.125
1204.918054,13.284
1205.1160539999998,13.238
1205.3139039999999,13.199
1205.512054,13.222
1205.709904,13.364
1205.907904,13.307
1206.106104,13.246
1206.3039039999999,13.206
1206.501904,13.290000000000001
1206.700054,13.285
1206.899504,13.411
1207.096104,13.425
1207.2941039999998,13.493
1207.4919539999999,13.625
1207.690104,13.549
1207.8881039999999,13.711
1208.086104,13.512
1208.2841039999998,13.700000000000001
1208.4825039999998,13.763
1208.680104,13.704
1208.878104,13.664
1209.076354,13.539
1209.274154,13.913
1209.472154,13.896
1209.670154,13.937000000000001
1209.868154,13.96
1210.066304,13.94
1210.264154,14.132
1210.462304,13.991
1210.660304,14.044
1210.8584039999998,14.249
1211.056404,14.173
1211.2542039999998,14.184000000000001
1211.452354,14.173
1211.6503539999999,14.208
1211.848204,14.219
1212.046404,14.204
1212.2442039999999,14.212
1212.442304,14.272
1212.640354,14.213000000000001
1212.838354,14.262
1213.037654,14.356
1213.234454,14.324
1213.432354,14.258000000000001
1213.630354,14.271
1213.828604,14.134
1214.0281539999999,14.204
1214.224454,14.05
1214.422354,14.06
1214.620404,13.911
1214.818604,13.891
1215.016604,13.885
1215.214504,13.839
1215.412654,13.783
1215.611604,13.758000000000001
1215.8086039999998,13.619
1216.006604,13.52
1216.205854,13.502
1216.402654,13.486
1216.602254,13.436
1216.798654,13.385
1216.996654,13.441
1217.1957539999999,13.236
1217.392654,13.165000000000001
1217.5906539999999,12.969
1217.788654,12.989
1217.986654,13.128
1218.381954,13.045
1218.579954,12.944
1218.777904,12.999
1218.975954,12.819
1219.1739539999999,12.790000000000001
1219.371954,12.895
1219.569954,12.826
1219.767954,12.725
1219.9662039999998,12.8
1220.1639539999999,12.766
1220.363604,12.742
1220.5602039999999,12.92
1220.757954,12.815
1220.9562039999998,12.939
1221.154004,13.085
1221.3520039999999,12.957
1221.550204,12.869
1221.748004,12.844
1221.946604,12.831
1222.144254,12.878
1222.3420039999999,12.825000000000001
1222.540204,12.946
1222.738204,13.006
1222.936254,13.067
1223.135004,13.039
1223.332054,13.082
1223.530254,13.016
1223.7282539999999,13.157
1223.926404,13.214
1224.1242539999998,13.079
1224.322254,13.085
1224.520254,13.158
1224.719404,13.026
1224.916454,12.893
1225.114304,12.995000000000001
1225.313854,12.942
1225.510304,12.827
1225.708304,12.832
1225.906454,12.788
1226.104454,12.945
1226.302454,12.94
1226.500454,13.149000000000001
1226.698304,13.041
1226.896504,13.07
1227.0961539999998,13.139000000000001
1227.292504,13.045
1227.491904,12.982000000000001
1227.688504,12.902000000000001
1227.886454,12.936
1228.084504,12.967
1228.284404,13.046000000000001
1228.4805039999999,13.481
1228.678504,13.404
1228.877504,13.375
1229.074504,13.450000000000001
1229.2726539999999,13.441
1229.470504,13.416
1229.668504,13.422
1229.866754,13.426
1230.066204,13.436
1230.262554,13.539
1230.4607039999999,13.563
1230.6585539999999,13.519
1230.856804,13.539
1231.0562539999999,13.55
1231.252704,13.530000000000001
1231.4507039999999,13.564
1231.648704,13.562000000000001
1231.846804,13.569
1232.0448039999999,13.611
1232.244454,13.46
1232.4407039999999,13.407
1232.6387539999998,13.696
1232.836854,13.747
1233.034804,13.697000000000001
1233.2327539999999,13.612
1233.430754,13.747
1233.6287539999998,13.708
1233.8276039999998,13.701
1234.024854,13.626
1234.223004,13.726
1234.420854,13.917
1234.6187539999999,13.828
1234.817004,13.745000000000001
1235.016404,13.827
1235.213004,13.872
1235.411004,13.897
1235.6087539999999,13.938
1235.807004,13.767
1236.005054,13.734
1236.202904,13.688
1236.401054,13.55
1236.599054,13.537
1236.797054,13.509
1236.995054,13.447000000000001
1237.193204,13.356
1237.391054,13.352
1237.589054,13.307
1237.787054,13.374
1238.182304,13.368
1238.380304,13.316
1238.578304,13.42
1238.7763539999999,13.277000000000001
1238.974354,13.273
1239.172354,13.352
1239.3713539999999,13.592
1239.568354,13.601
1239.766554,13.601
1239.965254,13.461
1240.162354,13.530000000000001
1240.3605539999999,13.572000000000001
1240.558354,13.565
1240.7563539999999,13.648
1240.954604,13.549
1241.1523539999998,13.544
1241.350604,13.649000000000001
1241.5486039999998,13.818
1241.7463539999999,13.653
1241.944604,13.619
1242.142404,13.567
1242.340604,13.248000000000001
1242.5386039999999,13.401
1242.737854,13.531
1242.934654,13.59
1243.132654,13.669
1243.3306539999999,13.57
1243.528654,13.749
1243.726604,13.66
1243.925804,13.782
1244.122654,13.698
1244.3206539999999,13.607000000000001
1244.518654,13.765
1244.7166539999998,13.561
1244.9148539999999,13.606
1245.112654,13.531
1245.310804,13.540000000000001
1245.508654,13.526
1245.706854,13.745000000000001
1245.904854,13.651
1246.102704,13.733
1246.3008539999998,13.684000000000001
1246.498854,13.867
1246.696704,13.893
1246.894854,13.632
1247.092854,13.657
1247.291404,13.437000000000001
1247.488904,13.653
1247.687704,13.714
1247.885554,13.639000000000001
1248.0829039999999,13.738
1248.280904,13.594
1248.478904,13.870000000000001
1248.6771039999999,13.836
1248.874904,13.832
1249.0729039999999,13.615
1249.271054,13.621
1249.4689039999998,13.55
1249.666904,13.620000000000001
1249.864954,13.774000000000001
1250.062954,13.712
1250.2610539999998,13.704
1250.459104,13.737
1250.656904,13.848
1250.8551539999999,13.826
1251.052954,13.612
1251.2510539999998,13.589
1251.449104,13.538
1251.6472039999999,13.64
1251.845804,13.548
1252.042954,13.498000000000001
1252.241104,13.496
1252.439104,13.506
1252.637354,13.468
1252.835204,13.403
1253.0332039999998,13.484
1253.231104,13.51
1253.429154,13.553
1253.627354,13.467
1253.8252539999999,13.535
1254.0232039999999,13.486
1254.221354,13.56
1254.419154,13.656
1254.617354,13.564
1254.815904,13.534
1255.013254,13.603
1255.211404,13.625
1255.409204,13.748000000000001
1255.6074039999999,13.686
1255.805404,13.628
1256.003404,13.658
1256.201404,13.562000000000001
1256.399404,13.674
1256.5974039999999,13.705
1256.795404,13.734
1256.993404,13.603
1257.191404,13.739
1257.389454,13.591000000000001
1257.587904,13.663
1257.7854539999998,13.624
1258.1807039999999,13.955
1258.378704,14.05
1258.5767039999998,13.943
1258.7763539999999,14.054
1258.972704,14.124
1259.170704,13.952
1259.368704,13.788
1259.5667039999998,13.731
1259.764954,13.703
1259.962754,13.835
1260.160754,13.893
1260.358954,14.013
1260.556754,13.978
1260.754954,14.038
1260.9529539999999,13.972
1261.150754,14.032
1261.348954,14.082
1261.546954,14.099
1261.744804,14.049
1261.943004,13.979000000000001
1262.140804,13.784
1262.339004,13.882
1262.537004,13.725
1262.735004,13.658
1262.933004,13.81
1263.132404,13.89
1263.329004,13.825000000000001
1263.528654,13.625
1263.7252039999998,13.615
1263.9230539999999,13.483
1264.121054,13.515
1264.319204,13.515
1264.517054,13.433
1264.715054,13.413
1264.913204,13.372
1265.111054,13.455
1265.309204,13.395
1265.507054,13.357000000000001
1265.705104,13.445
1265.904854,13.438
1266.101054,13.370000000000001
1266.299204,13.361
1266.497204,13.194
1266.695254,13.201
1266.8949539999999,13.127
1267.091254,13.257
1267.289254,13.228
1267.487554,13.448
1267.685104,13.35
1267.8832539999999,13.435
1268.081254,13.519
1268.2794039999999,13.666
1268.477254,13.571
1268.6753039999999,13.437000000000001
1268.875004,13.444
1269.071304,13.382
1269.269454,13.474
1269.467304,13.561
1269.665554,13.439
1269.863304,13.525
1270.0613039999998,13.292
1270.259454,13.515
1270.4574539999999,13.515
1270.655554,13.43
1270.853554,13.361
1271.051354,13.594
1271.249454,13.474
1271.447804,13.379
1271.645354,13.369
1271.843554,13.353
1272.041554,13.290000000000001
1272.239454,13.13
1272.437504,13.182
1272.636204,13.23
1272.833604,13.290000000000001
1273.031604,13.367
1273.229504,13.201
1273.427504,13.116
1273.627454,13.192
1273.823604,13.217
1274.021604,13.035
1274.219754,13.119
1274.4175539999999,13.194
1274.615754,13.116
1274.813804,13.131
1275.011654,13.112
1275.2098039999998,12.837
1275.407554,13.108
1275.605754,13.043000000000001
1275.805504,13.026
1276.001754,13.02
1276.1998039999999,13.033
1276.397804,12.901
1276.595804,12.963000000000001
1276.793804,12.944
1276.991804,12.845
1277.1898039999999,12.938
1277.387804,12.76
1277.585954,12.731
1277.981104,12.775
1278.179104,12.642
1278.378004,12.735
1278.575104,12.736
1278.7731039999999,12.536
1278.971104,12.427
1279.1691039999998,12.557
1279.3673039999999,12.666
1279.565104,12.528
1279.763354,12.354000000000001
1279.961104,12.364
1280.1591039999998,12.216000000000001
1280.357354,12.301
1280.555104,12.136000000000001
1280.753354,11.904
1280.9511539999999,11.918000000000001
1281.149154,11.794
1281.347354,11.764000000000001
1281.5453539999999,11.628
1281.743404,11.398
1281.941404,11.165000000000001
1282.139154,11.17
1282.337354,11.164
1282.535504,11.0
1282.7334039999998,10.946
1282.931404,10.746
1283.129404,10.477
1283.327404,10.226
1283.525404,10.040000000000001
1283.7252039999998,9.864
1283.921404,9.706
1284.119404,9.573
1284.317404,9.248
1284.515404,9.027000000000001
1284.713604,8.631
1284.911604,8.358
1285.109454,8.112
1285.3076039999999,7.773000000000001
1285.5054539999999,7.357
1285.703604,7.157
1285.901604,6.585
1286.099454,6.198
1286.2976039999999,5.7700000000000005
1286.4954539999999,5.3790000000000004
1286.693654,5.415
1286.8932539999998,5.222
1287.0896539999999,5.452
1287.287654,5.393
1287.4856539999998,5.277
1287.683654,5.246
1287.881654,4.829
1288.079654,4.409
1288.277654,4.716
1288.476704,4.988
1288.673704,4.771
1288.871654,4.924
1289.070554,4.937
1289.2678039999998,4.998
1289.466854,4.769
1289.663904,4.7780000000000005
1289.861704,5.029
1290.060804,5.252
1290.257854,5.44
1290.455704,5.39
1290.6539539999999,5.533
1290.851954,5.798
1291.049704,5.9030000000000005
1291.247854,6.054
1291.445854,6.1610000000000005
1291.643954,6.261
1291.841954,6.476
1292.040154,6.748
1292.237854,6.833
1292.436104,7.135
1292.634104,7.133
1292.831954,7.312
1293.030104,7.345
1293.227854,7.437
1293.425904,7.513
1293.624104,7.607
1293.8220039999999,7.8870000000000005
1294.020004,7.952
1294.2179039999999,7.993
1294.4172039999999,8.076
1294.6141539999999,7.934
1294.812154,7.939
1295.010004,8.117
1295.208154,8.235
1295.406154,8.302
1295.6041539999999,8.363
1295.802154,8.32
1296.000204,8.14
1296.199854,8.172
1296.3959539999998,8.384
1296.595904,8.781
1296.7922039999999,8.78
1296.990204,8.915000000000001
1297.385454,9.112
1297.781454,9.068
1297.979454,9.313
1298.179054,9.273
1298.3755039999999,9.417
1298.573704,9.421
1298.771504,9.593
1298.969504,9.765
1299.169204,9.754
1299.3655039999999,9.723
1299.565104,9.85
1299.7615039999998,9.583
1299.959504,9.654
1300.157504,9.824
1300.3557039999998,9.815
1300.554654,9.857
1300.751754,9.778
1300.949504,9.698
1301.147504,9.81
1301.345754,9.859
1301.544154,9.903
1301.741754,9.857
1301.939754,9.876
1302.139454,9.863
1302.335804,9.802
1302.535554,9.77
1302.731804,9.772
1302.9298039999999,9.823
1303.127554,9.884
1303.3258039999998,9.85
1303.523754,10.029
1303.721804,10.03
1303.9198039999999,9.975
1304.117804,10.065
1304.3158039999998,10.014
1304.5140039999999,9.936
1304.712004,10.136000000000001
1304.909804,10.157
1305.1079539999998,10.137
1305.3058039999999,10.193
1305.504004,10.214
1305.7025039999999,10.163
1305.9000039999999,10.109
1306.0978539999999,10.075000000000001
1306.296004,9.988
1306.4938539999998,10.027000000000001
1306.692004,9.957
1306.8900039999999,9.961
1307.088004,10.037
1307.2877039999998,9.981
1307.484054,10.040000000000001
1307.6820539999999,10.012
1307.880054,10.031
1308.078204,10.19
1308.276054,10.115
1308.474054,10.191
1308.672054,10.249
1308.870054,10.251
1309.0680539999998,10.34
1309.266054,10.147
1309.4643039999999,10.166
1309.662304,10.109
1309.8601039999999,9.993
1310.0580539999999,10.113
1310.256254,10.069
1310.4543039999999,9.925
1310.652304,9.864
1310.8501039999999,9.825000000000001
1311.048254,9.695
1311.246254,9.773
1311.444254,9.691
1311.6423539999998,9.738
1311.842054,9.86
1312.038104,9.804
1312.236254,9.89
1312.434254,9.844
1312.6323539999999,9.923
1312.830354,9.89
1313.0281539999999,9.769
1313.226254,9.881
1313.4245039999998,9.858
1313.622504,9.939
1313.820554,9.917
1314.018504,10.106
1314.216304,9.959
1314.414304,9.976
1314.612504,9.949
1314.8104039999998,9.861
1315.008554,10.005
1315.2065539999999,10.141
1315.404354,10.067
1315.6025539999998,10.09
1315.800554,10.156
1315.998404,9.927
1316.1965539999999,10.017
1316.394554,10.03
1316.5925539999998,10.123
1316.790554,10.114
1316.9887039999999,10.126
1317.383854,10.064
1317.581804,9.979000000000001
1317.779854,9.933
1317.977854,10.059000000000001
1318.1758539999998,10.064
1318.3755039999999,10.098
1318.571854,9.945
1318.769854,9.999
1318.967854,10.096
1319.166104,9.944
1319.363854,10.093
1319.5621039999999,10.126
1319.759904,10.037
1319.9579039999999,9.912
1320.156104,9.963000000000001
1320.355454,9.822000000000001
1320.5521039999999,9.917
1320.750104,9.81
1320.9479039999999,9.674
1321.146104,9.796
1321.344104,9.909
1321.542154,9.714
1321.7401539999998,9.847
1321.938804,9.926
1322.136154,9.951
1322.334154,9.835
1322.532154,9.722
1322.7301539999999,9.791
1322.928604,9.703
1323.126154,9.752
1323.324154,9.693
1323.522354,9.747
1323.720204,9.505
1323.9182039999998,9.633000000000001
1324.116204,9.687
1324.314204,9.598
1324.512354,9.59
1324.710354,9.317
1324.9082039999998,9.577
1325.106354,9.714
1325.304204,9.764
1325.502354,9.919
1325.700404,9.968
1325.8982039999999,10.017
1326.096354,10.228
1326.294204,10.223
1326.492204,10.262
1326.690404,10.434000000000001
1326.888404,10.391
1327.086404,10.381
1327.284604,10.437
1327.4824039999999,10.654
1327.680404,10.759
1327.878554,10.611
1328.076404,10.641
1328.2746539999998,10.797
1328.472654,10.811
1328.6704539999998,10.844
1328.868454,10.8
1329.066554,10.738
1329.264704,10.747
1329.462704,10.823
1329.6604539999998,10.872
1329.859704,10.853
1330.0566039999999,10.799
1330.254804,10.802
1330.452704,10.77
1330.650704,10.677
1330.848454,10.468
1331.046654,10.413
1331.2446539999999,10.377
1331.442704,10.392
1331.640704,10.401
1331.838454,10.451
1332.036604,10.516
1332.2346539999999,10.548
1332.432854,10.622
1332.630754,10.585
1332.828754,10.692
1333.026654,10.792
1333.224904,10.735
1333.422904,10.786
1333.620754,10.876
1333.818754,10.767
1334.0169039999998,11.118
1334.2166539999998,11.172
1334.412904,11.109
1334.610904,11.191
1334.808804,11.156
1335.0069039999998,11.316
1335.204954,11.46
1335.402904,11.427
1335.600904,11.437
1335.798904,11.311
1335.9969039999999,11.325000000000001
1336.195104,11.263
1336.392954,11.227
1336.5919039999999,11.243
1336.7889539999999,11.242
1336.986954,11.217
1337.382204,11.212
1337.5802039999999,11.359
1337.7782539999998,11.326
1337.976254,11.336
1338.174204,11.372
1338.372204,11.464
1338.5702039999999,11.484
1338.768204,11.559000000000001
1338.966254,11.739
1339.164254,11.562
1339.362504,11.545
1339.560504,11.643
1339.7582539999999,11.656
1339.956504,11.657
1340.1545039999999,11.699
1340.352254,11.655
1340.550504,11.8
1340.7482539999999,11.928
1340.9463039999998,11.883000000000001
1341.1445039999999,11.871
1341.342504,11.885
1341.540554,11.992
1341.738554,11.905
1341.9363039999998,11.799
1342.1345039999999,11.763
1342.332704,11.808
1342.530554,11.916
1342.728554,11.826
1342.9276539999998,11.676
1343.124554,11.564
1343.322704,11.635
1343.520704,11.781
1343.718554,11.687
1343.916554,11.708
1344.114554,11.694
1344.312704,11.698
1344.510754,11.687
1344.708554,11.685
1344.906604,11.617
1345.1046039999999,11.674
1345.302754,11.665000000000001
1345.500754,11.681000000000001
1345.698754,11.597
1345.8967539999999,11.643
1346.094754,11.564
1346.292604,11.657
1346.4925039999998,11.534
1346.688754,11.434000000000001
1346.886654,11.556000000000001
1347.0848039999998,11.415000000000001
1347.283004,11.329
1347.480754,11.514000000000001
1347.678754,11.466000000000001
1347.876804,11.371
1348.0748039999999,11.401
1348.2732039999999,11.441
1348.470854,11.373000000000001
1348.668804,11.27
1348.8669539999999,11.149000000000001
1349.064954,11.156
1349.263254,11.295
1349.4610539999999,11.338000000000001
1349.658804,11.229000000000001
1349.8568539999999,11.216000000000001
1350.054954,11.206
1350.253054,11.206
1350.451104,11.211
1350.648854,11.172
1350.846854,11.162
1351.0450039999998,11.005
1351.243254,10.812
1351.441104,10.897
1351.639054,10.978
1351.837004,10.797
1352.0350039999998,10.786
1352.233254,10.627
1352.431104,10.558
1352.6291039999999,10.5
1352.827104,10.498
1353.0250039999999,10.178
1353.223254,10.149000000000001
1353.4212539999999,9.959
1353.6191039999999,9.864
1353.8171539999998,9.665000000000001
1354.015054,9.441
1354.2137539999999,9.305
1354.411304,9.096
1354.6093039999998,8.907
1354.807304,8.585
1355.005304,8.513
1355.203304,8.306000000000001
1355.401304,8.087
1355.5993039999998,7.833
1355.798454,7.723
1355.995304,7.328
1356.193304,7.3580000000000005
1356.3913539999999,6.958
1356.5893039999999,6.5680000000000005
1356.787304,6.2860000000000005
1357.1826039999999,6.015000000000001
1357.380604,5.7860000000000005
1357.578604,5.579
1357.776604,5.436
1357.974604,4.883
1358.173004,4.965
1358.370854,4.875
1358.568604,4.616
1358.766604,4.58
1358.9646539999999,4.74
1359.162654,4.955
1359.360854,5.151
1359.5586039999998,5.29
1359.756604,5.731
1359.9548539999998,5.7330000000000005
1360.152854,5.954
1360.350854,6.248
1360.548854,6.619
1360.746654,6.854
1360.944904,7.006
1361.142904,7.5120000000000005
1361.340904,7.636
1361.538904,7.5840000000000005
1361.736654,7.632000000000001
1361.934904,7.705
1362.1329039999998,7.846
1362.331054,7.63
1362.528904,7.596
1362.726954,7.753
1362.9249539999998,7.883
1363.1229039999998,7.676
1363.3211039999999,7.647
1363.518904,7.890000000000001
1363.7169039999999,7.863
1363.915104,7.766
1364.113554,7.753
1364.311104,7.509
1364.509104,7.446
1364.706954,7.359
1364.905104,7.155
1365.102954,6.922
1365.301104,6.964
1365.499104,6.961
1365.698604,6.86
1365.895154,7.0
1366.093154,6.953
1366.291154,6.914
1366.4891539999999,6.965
1366.687154,7.01
1366.8851539999998,6.796
1367.083154,6.924
1367.281154,6.696
1367.4791539999999,6.308
1367.677154,5.915
1367.875304,6.067
1368.073204,6.492
1368.2714039999998,6.497
1368.469204,6.55
1368.668804,6.947
1368.865354,7.117
1369.063204,7.438
1369.2631039999999,8.193
1369.459204,7.609
1369.6572039999999,7.0600000000000005
1369.855354,6.739
1370.053354,6.721
1370.251454,6.941
1370.4494539999998,7.056
1370.6472039999999,7.24
1370.8469539999999,7.341
1371.043354,7.613
1371.241454,7.76
1371.4394539999998,7.98
1371.637454,8.141
1371.835404,8.129
1372.033404,8.266
1372.2333039999999,8.561
1372.4294539999999,8.537
1372.627454,8.776
1372.825404,8.904
1373.023404,8.736
1373.221654,8.959
1373.419654,8.918000000000001
1373.6175039999998,9.303
1373.815654,9.135
1374.013454,9.339
1374.211654,9.278
1374.409654,9.588000000000001
1374.6075039999998,9.751
1374.807454,9.793000000000001
1375.003454,9.796
1375.201654,9.842
1375.399804,9.878
1375.597704,9.897
1375.795704,9.728
1375.993704,9.718
1376.1917039999998,9.613
1376.389704,9.687
1376.587704,9.715
1376.9829539999998,9.711
1377.181204,9.863
1377.378954,9.773
1377.576954,9.687
1377.774954,9.692
1377.9729539999998,9.654
1378.171004,9.658
1378.369004,9.587
1378.567004,9.395
1378.7650039999999,9.587
1378.963454,9.86
1379.161004,9.939
1379.3592039999999,9.862
1379.557004,9.724
1379.7550039999999,9.595
1379.953204,9.61
1380.151054,9.355
1380.349254,9.41
1380.547054,9.164
1380.745054,9.346
1380.943254,9.463000000000001
1381.141254,9.293000000000001
1381.339254,9.093
1381.5372539999998,8.915000000000001
1381.735054,8.918000000000001
1381.933254,8.533
1382.132604,8.453
1382.3293039999999,8.457
1382.527304,8.175
1382.7257539999998,8.089
1382.923304,7.827
1383.121304,7.555
1383.319454,7.133
1383.517304,6.8180000000000005
1383.715904,6.54
1383.913304,6.229
1384.111304,5.712
1384.3095039999998,5.2410000000000005
1384.507304,4.721
1384.706904,4.846
1384.903454,4.711
1385.101304,4.5
1385.2995039999998,4.485
1385.497504,4.365
1385.695354,4.534
1385.893504,4.41
1386.0916539999998,4.307
1386.290154,4.738
1386.487504,4.646
1386.6856539999999,4.368
1386.8846039999999,4.438
1387.0815539999999,4.542
1387.279554,4.684
1387.4775539999998,4.817
1387.675554,5.067
1387.875104,5.179
1388.0715539999999,5.234
1388.269554,5.392
1388.4675539999998,5.133
1388.665554,5.055
1388.8637039999999,5.131
1389.061804,5.005
1389.259804,5.043
1389.457604,5.1000000000000005
1389.655754,5.016
1389.853754,4.969
1390.051554,4.944
1390.251604,4.931
1390.447804,4.7780000000000005
1390.645604,4.671
1390.843754,4.5680000000000005
1391.0417539999999,4.376
1391.239854,4.327
1391.437854,4.309
1391.6374039999998,4.225
1391.833754,4.2780000000000005
1392.032004,4.469
1392.230004,4.525
1392.427854,4.671
1392.628004,4.8180000000000005
1392.8238039999999,4.928
1393.021804,4.992
1393.220904,5.034
1393.417904,5.194
1393.617554,5.245
1393.813804,5.229
1394.011804,5.388
1394.210004,5.426
1394.408004,5.231
1394.607654,5.325
1394.804054,5.396
1395.002054,5.371
1395.2017039999998,5.313
1395.398054,5.373
1395.597754,5.307
1395.794054,5.339
1395.9920539999998,5.248
1396.191804,5.2330000000000005
1396.388054,5.258
1396.7835539999999,5.309
1396.981304,5.24
1397.179304,5.349
1397.377354,5.257
1397.5753539999998,5.3950000000000005
1397.773354,5.346
1397.971354,5.372
1398.169604,5.357
1398.367354,5.365
1398.5653539999998,5.368
1398.763604,5.347
1398.961354,5.345
1399.159354,5.3740000000000006
1399.3574039999999,5.339
1399.555404,5.382
1399.753604,5.313
1399.9516039999999,5.2940000000000005
1400.149404,5.263
1400.347654,5.347
1400.545404,5.2700000000000005
1400.7434039999998,5.434
1400.942254,5.425
1401.1396539999998,5.482
1401.337654,5.284
1401.5354539999998,5.214
1401.733654,5.449
1401.932004,5.3950000000000005
1402.1296539999998,5.454
1402.327654,5.535
1402.5264539999998,5.484
1402.723454,5.6370000000000005
1402.921654,5.556
1403.121204,5.589
1403.317704,5.5920000000000005
1403.515704,5.6610000000000005
1403.7138539999999,5.7250000000000005
1403.9117039999999,5.7250000000000005
1404.109854,5.737
1404.307854,5.816
1404.506054,5.864
1404.7038539999999,5.7090000000000005
1404.9017039999999,5.728
1405.099904,5.845
1405.297904,5.814
1405.496604,5.75
1405.693904,5.6610000000000005
1405.8919039999998,5.582
1406.089904,5.547
1406.287854,5.497
1406.485904,5.457
1406.683904,5.484
1406.8819039999998,5.391
1407.079904,5.297
1407.278854,5.355
1407.475904,5.189
1407.6740539999998,5.2780000000000005
1407.8719039999999,5.251
1408.070154,5.4190000000000005
1408.267904,5.339
1408.465954,5.281
1408.664104,5.305
1408.861954,5.194
1409.0602039999999,5.099
1409.258204,5.12
1409.455954,4.9830000000000005
1409.654104,5.139
1409.8521039999998,5.063
1410.050204,4.996
1410.248204,4.908
1410.447754,4.889
1410.644104,4.833
1410.842154,4.83
1411.040154,4.942
1411.2387039999999,4.825
1411.4362039999999,4.688
1411.634104,4.8100000000000005
1411.8321039999998,4.622
1412.030354,4.601
1412.2282539999999,4.535
1412.426254,4.587
1412.6241539999999,4.516
1412.823754,4.646
1413.0204039999999,4.6770000000000005
1413.218404,4.555
1413.417154,4.594
1413.614404,4.5120000000000005
1413.812154,4.509
1414.012004,4.462
1414.208404,4.495
1414.4063039999999,4.455
1414.604454,4.469
1414.802404,4.372
1415.000454,4.43
1415.1984539999999,4.375
1415.3964039999998,4.347
1415.5961539999998,4.1290000000000004
1415.792404,4.2170000000000005
1415.990454,4.203
1416.385704,3.9610000000000003
1416.781704,3.789
1416.9797039999999,3.763
1417.177704,3.9090000000000003
1417.375704,3.645
1417.573754,3.841
1417.7719539999998,3.811
1417.969754,3.85
1418.167704,3.6870000000000003
1418.365754,3.577
1418.563754,3.813
1418.7619539999998,3.8280000000000003
1418.959754,3.826
1419.157954,3.894
1419.355754,4.034
1419.553754,3.96
1419.752004,3.843
1419.949754,3.868
1420.148004,3.829
1420.345754,4.0280000000000005
1420.543754,4.117
1420.742004,4.079
1420.940004,3.9090000000000003
1421.1386539999999,3.923
1421.3360539999999,3.839
1421.533804,3.783
1421.7320539999998,3.6710000000000003
1421.9300039999998,3.338
1422.128004,3.336
1422.3260539999999,3.239
1422.524054,3.059
1422.722654,2.912
1422.920054,2.9290000000000003
1423.1182039999999,2.7800000000000002
1423.316054,2.809
1423.5142039999998,2.725
1423.7120539999999,2.586
1423.910204,2.435
1424.108204,2.606
1424.306204,2.376
1424.504254,2.095
1424.702254,1.993
1424.9001039999998,1.931
1425.098254,1.827
1425.2962539999999,1.637
1425.4941039999999,1.665
1425.692254,1.633
1425.8901039999998,1.49
1426.088254,1.221
1426.286304,0.999
1426.4843039999998,0.654
1426.682304,0.612
1426.880304,0.289
1427.078304,0.20500000000000002
1427.276304,0.056
1427.474454,0.08700000000000001
1427.672304,0.116
1427.8720039999998,0.069
1428.068554,0.111
1428.266304,0.294
1428.4643039999999,0.335
1428.662454,0.43
1428.861504,0.8130000000000001
1429.058554,0.802
1429.256304,1.0
1429.4543039999999,1.01
1429.652454,1.16
1429.850704,1.212
1430.048554,1.214
1430.2482539999999,1.098
1430.4445039999998,0.744
1430.642504,0.769
1430.840504,0.735
1431.038554,0.637
1431.2365539999998,0.6890000000000001
1431.434354,0.738
1431.632504,0.594
1431.830804,0.611
1432.028754,0.46900000000000003
1432.226604,0.454
1432.424754,0.599
1432.622554,0.526
1432.820804,0.545
1433.018754,0.556
1433.216604,0.611
1433.414754,0.534
1433.612754,0.422
1433.810554,0.316
1434.0088039999998,0.245
1434.206804,0.246
1434.404654,0.366
1434.6028039999999,0.297
1434.800804,0.328
1434.9988039999998,0.456
1435.1984539999999,0.503
1435.394654,0.497
1435.592804,0.5670000000000001
1435.791254,0.681
1435.9888039999998,0.525
1436.3840539999999,0.509
1436.780354,0.332
1436.978104,0.37
1437.176104,0.49
1437.3756039999998,0.231
1437.572304,0.419
1437.770104,0.34600000000000003
1437.968104,0.496
1438.166104,0.584
1438.364104,0.592
1438.562304,0.594
1438.760104,0.41000000000000003
1438.9583539999999,0.607
1439.156154,0.627
1439.3541539999999,0.638
1439.552354,0.482
1439.750354,0.316
1439.950054,0.3
1440.146354,0.278
1440.344154,0.192
1440.542154,0.191
1440.740354,0.29
1440.938154,0.433
1441.1364039999999,0.38
1441.334404,0.496
1441.532154,0.582
1441.730404,0.52
1441.9285539999998,0.43
1442.1273039999999,0.501
1442.324404,0.455
1442.5224039999998,0.465
1442.720404,0.447
1442.9184539999999,0.487
1443.1183039999999,0.492
1443.314404,0.5680000000000001
1443.5124039999998,0.494
1443.710404,0.421
1443.908404,0.597
1444.108254,0.495
1444.3044539999999,0.461
1444.5041039999999,0.402
1444.700454,0.34700000000000003
1444.898604,0.326
1445.097454,0.321
1445.294604,0.254
1445.4941039999999,0.39
1445.690604,0.41200000000000003
1445.8886539999999,0.487
1446.086654,0.542
1446.284654,0.505
1446.4825039999998,0.497
1446.680654,0.389
1446.8786539999999,0.352
1447.076654,0.229
1447.2746539999998,0.20800000000000002
1447.472654,0.34800000000000003
1447.671554,0.272
1447.868904,0.455
1448.0667039999998,0.354
1448.264704,0.319
1448.4628539999999,0.28600000000000003
1448.661754,0.558
1448.858654,0.457
1449.056904,0.586
1449.254704,0.6890000000000001
1449.452804,0.47900000000000004
1449.650854,0.704
1449.8489539999998,0.509
1450.048904,0.537
1450.244704,0.5690000000000001
1450.442854,0.5650000000000001
1450.640854,0.52
1450.839104,0.47900000000000004
1451.0377039999998,0.502
1451.234954,0.34400000000000003
1451.432854,0.5680000000000001
1451.6309039999999,0.515
1451.829104,0.436
1452.0287039999998,0.581
1452.225004,0.516
1452.4231539999998,0.724
1452.6209039999999,0.785
1452.819104,0.847
1453.017904,0.741
1453.215004,0.799
1453.4131539999998,0.593
1453.610904,0.631
1453.809154,0.581
1454.008854,0.594
1454.205004,0.5640000000000001
1454.4031539999999,0.645
1454.601154,0.62
1454.799154,0.6
1454.997604,0.5630000000000001
1455.1952039999999,0.645
1455.393204,0.6950000000000001
1455.5912039999998,0.6940000000000001
1455.789204,0.746
1455.987204,0.806
1456.3824539999998,0.833
1456.580454,0.998
1456.778454,0.936
1456.9764539999999,0.9570000000000001
1457.174454,0.771
1457.3724539999998,0.909
1457.570904,1.02
1457.768454,1.031
1457.966704,1.035
1458.1645039999999,0.911
1458.362504,1.055
1458.560704,1.151
1458.758504,1.039
1458.956754,1.228
1459.1545039999999,1.068
1459.352504,1.2690000000000001
1459.550704,1.226
1459.748504,1.074
1459.9467539999998,1.038
1460.144754,0.923
1460.3425539999998,0.754
1460.5407539999999,0.59
1460.738754,0.768
1460.9384539999999,0.796
1461.134754,0.717
1461.3325539999998,0.7030000000000001
1461.530754,0.8130000000000001
1461.728754,0.858
1461.926954,1.006
1462.124804,1.014
1462.322804,1.098
1462.520804,1.044
1462.7188039999999,1.04
1462.916954,1.285
1463.1148039999998,1.223
1463.312954,1.223
1463.510804,1.153
1463.7088039999999,1.196
1463.9073039999998,1.1420000000000001
1464.105004,1.012
1464.302854,1.014
1464.501004,1.051
1464.6988039999999,0.977
1464.897004,1.1280000000000001
1465.095004,1.032
1465.2930039999999,1.043
1465.491004,1.05
1465.689054,0.924
1465.8883039999998,1.071
1466.085004,1.197
1466.283154,1.3
1466.481004,1.1340000000000001
1466.6790039999998,1.199
1466.878804,1.385
1467.075004,1.244
1467.273054,0.973
1467.4711539999998,1.117
1467.669054,0.874
1467.868954,1.11
1468.065054,1.336
1468.2632039999999,1.112
1468.461204,1.082
1468.659054,1.091
1468.858904,1.175
1469.055054,1.383
1469.2532039999999,1.289
1469.451204,1.291
1469.6492039999998,1.118
1469.847304,1.124
1470.045304,1.139
1470.243254,1.081
1470.441304,1.026
1470.6392039999998,1.091
1470.838704,1.031
1471.0353539999999,0.8270000000000001
1471.233504,0.8290000000000001
1471.4312539999999,0.961
1471.629254,0.783
1471.8275039999999,0.81
1472.0253539999999,0.66
1472.2235039999998,0.623
1472.4212539999999,0.464
1472.619254,0.544
1472.8175039999999,0.47900000000000004
1473.015504,0.611
1473.2135039999998,0.528
1473.411504,0.376
1473.6093039999998,0.522
1473.807554,0.497
1474.005504,0.661
1474.205154,0.446
1474.401504,0.6890000000000001
1474.599354,0.623
1474.797554,0.718
1474.9955539999999,0.754
1475.193554,0.771
1475.391554,0.8
1475.589554,0.87
1475.787554,0.89
1475.986804,0.914
1476.381054,0.969
1476.5788539999999,0.841
1476.777054,1.079
1476.975604,1.002
1477.172804,1.199
1477.371054,1.041
1477.5688539999999,1.278
1477.766854,1.093
1477.965254,1.193
1478.162854,1.097
1478.3611039999998,1.0090000000000001
1478.559104,1.006
1478.756854,0.963
1478.955404,0.924
1479.152854,0.931
1479.3511039999999,0.798
1479.549104,0.858
1479.747104,0.5740000000000001
1479.945104,0.397
1480.142904,0.449
1480.3411039999999,0.511
1480.539104,0.463
1480.737254,0.522
1480.935104,0.592
1481.133104,0.58
1481.3311039999999,0.749
1481.5291539999998,0.512
1481.727154,0.47500000000000003
1481.926454,0.642
1482.1231539999999,0.578
1482.3213039999998,0.719
1482.5191539999998,0.598
1482.717304,0.449
1482.9166539999999,0.599
1483.113154,0.447
1483.311354,0.674
1483.5091539999999,0.59
1483.7072039999998,0.626
1483.905354,0.618
1484.103204,0.638
1484.301354,0.588
1484.499354,0.758
1484.697354,0.52
1484.895354,0.223
1485.0933539999999,0.229
1485.291354,0.291
1485.489404,0.27
1485.687404,0.391
1485.8854039999999,0.68
1486.084654,0.706
1486.281504,0.642
1486.479404,0.599
1486.677404,0.582
1486.875404,0.522
1487.073404,0.336
1487.271554,0.373
1487.469404,0.214
1487.667404,0.335
1487.865404,0.388
1488.063404,0.529
1488.261554,0.406
1488.459554,0.777
1488.6576539999999,1.313
1488.855654,0.884
1489.0534539999999,0.982
1489.251604,0.92
1489.449604,0.931
1489.647454,0.808
1489.845654,0.532
1490.0436539999998,0.518
1490.2416039999998,0.47200000000000003
1490.4398039999999,0.258
1490.6378539999998,0.256
1490.8357039999999,0.245
1491.033704,0.262
1491.231654,0.138
1491.429654,0.124
1491.6278539999998,0.188
1491.825854,0.278
1492.023704,0.47200000000000003
1492.221854,0.338
1492.419654,0.41500000000000004
1492.6178539999999,0.446
1492.817454,0.458
1493.0137539999998,0.438
1493.211904,0.496
1493.409654,0.554
1493.607654,0.482
1493.8070539999999,0.41000000000000003
1494.003904,0.253
1494.201904,0.116
1494.3999039999999,0.067
1494.597904,0.089
1494.7976039999999,0.054
1494.993904,0.028
1495.191954,0.078
1495.3900039999999,0.116
1495.5880539999998,0.135
1495.983204,0.14
1496.181204,0.1
1496.3792039999998,0.07
1496.577204,0.115
1496.775204,0.095
1496.973204,0.044
1497.171204,0.045
1497.369404,0.129
1497.567204,0.074
1497.7654539999999,0.028
1497.9646539999999,0.073
1498.161204,0.027
1498.359454,0.042
1498.557204,0.066
1498.7554539999999,0.105
1498.953204,0.084
1499.1512539999999,0.084
1499.349454,0.013000000000000001
1499.547504,0.056
1499.745504,0.043000000000000003
1499.9435039999998,0.046
1500.141254,0.082
1500.339504,0.093
1500.537504,0.057
1500.735504,0.082
1500.9335039999999,0.068
1501.131504,0.089
1501.329504,0.034
1501.527504,0.177
1501.725704,0.11
1501.9235039999999,0.06
1502.121504,0.117
1502.3195039999998,0.084
1502.517504,0.054
1502.715704,0.06
1502.9137039999998,0.026000000000000002
1503.1115539999998,0.026000000000000002
1503.309704,0.005
1503.507554,0.022
1503.705704,0.098
1503.9037039999998,0.12
1504.1015539999999,0.05
1504.299704,0.098
1504.497854,0.06
1504.6957539999999,0.052000000000000005
1504.8937039999998,0.10300000000000001
1505.091754,0.059000000000000004
1505.289754,0.02
1505.487754,0.069
1505.6857539999999,0.058
1505.883754,0.297
1506.0817539999998,0.137
1506.279754,0.147
1506.477754,0.038
1506.676004,0.039
1506.873754,0.092
1507.071804,0.177
1507.269904,0.122
1507.467754,0.034
1507.666004,0.195
1507.863754,0.255
1508.0617539999998,0.114
1508.259904,0.281
1508.457804,0.322
1508.656054,0.294
1508.854054,0.278
1509.051804,0.006
1509.249954,0.056
1509.447954,0.027
1509.6460539999998,0.03
1509.845754,0.224
1510.041804,0.217
1510.239954,0.037
1510.437954,0.17200000000000001
1510.636204,0.062
1510.834054,0.116
1511.032054,0.224
1511.230004,0.10400000000000001
1511.4280039999999,0.17200000000000001
1511.627904,0.44
1511.824054,0.113
1512.022054,0.429
1512.220004,0.307
1512.4180039999999,0.055
1512.616254,0.096
1512.814254,0.048
1513.012104,0.124
1513.2102539999998,0.135
1513.408004,0.03
1513.606254,0.054
1513.804254,0.131
1514.002104,0.127
1514.2002539999999,0.127
1514.3983039999998,0.021
1514.5970539999998,0.053
1514.794304,0.076
1514.9923039999999,0.098
1515.190304,0.107
1515.3883039999998,0.075
1515.586304,0.022
1516.3797539999998,0.03
1516.575554,0.048
1516.7735539999999,0.106
1516.971554,0.049
1517.1695539999998,0.463
1517.367604,0.299
1517.565604,0.16
1517.763604,0.184
1517.9616039999999,0.203
1518.159604,0.1
1518.357804,0.08600000000000001
1518.555604,0.027
1518.753804,0.088
1518.9516039999999,0.123
1519.149604,0.109
1519.347804,0.179
1519.546904,0.111
1519.7438539999998,0.127
1519.941854,0.075
1520.139604,0.055
1520.3378539999999,0.148
1520.535854,0.17400000000000002
1520.7338539999998,0.052000000000000005
1520.931854,0.031
