timestamps,Speed
s,m/s
0.0,0.032
0.0011,0.032
0.26335,0.032
0.2641,0.032
0.41765,0.032
0.61475,0.032
0.6158,0.032
0.81275,0.032
0.815449999,0.032
1.01075,0.032
1.01175,0.032
1.20875,0.032
1.20975,0.032
1.40675,0.032
1.4078,0.032
1.6048,0.032
1.6058,0.032
1.8028,0.032
1.80545,0.032
2.0008,0.032
2.19905,0.032
2.2002,0.032
2.39705,0.032
2.3982,0.032
2.59505,0.032
2.59635,0.032
2.79305,0.032
2.79425,0.032
2.9911,0.032
2.99225,0.032
3.1891,0.032
3.19025,0.032
3.3873,0.032
3.38825,0.032
3.5851,0.032
3.588,0.032
3.78335,0.032
3.7845,0.032
3.9811,0.032
3.98225,0.032
4.1793,0.032
4.18025,0.032
4.3773,0.032
4.37825,0.032
4.57535,0.032
4.5764,0.032
4.77315,0.032
4.7743,0.032
4.97135,0.032
4.9723,0.032
5.16935,0.032
5.1703,0.032
5.36745,0.032
5.3684,0.032
5.56535,0.032
5.56645,0.032
5.76315,0.032
5.7643,0.032
5.96135,0.032
5.9623,0.032
6.15935,0.032
6.1603,0.032
6.35685,0.032
6.3575,0.032
6.5554,0.032
6.55645,0.032
6.75495,0.032
6.7559,0.032
6.9514,0.032
6.95235,0.032
7.1494,0.032
7.1503,0.032
7.3469,0.032
7.34755,0.032
7.5458,0.032
7.54685,0.032
7.7434,0.032
7.74435,0.032
7.9414,0.032
7.94235,0.032
8.1394,0.032
8.14035,0.032
8.3374,0.032
8.3386,0.032
8.5349,0.032
8.5356,0.032
8.7334,0.032
8.73435,0.032
8.93095,0.032
8.93155,0.032
9.1294,0.032
9.13035,0.032
9.32695,0.032
9.32755,0.032
9.52565,0.032
9.52635,0.032
9.72345,0.032
9.7244,0.032
9.92095,0.032
9.9216,0.032
10.11895,0.032
10.1196,0.032
10.31695,0.032
10.3176,0.032
10.51495,0.032
10.5156,0.032
10.7133,0.032
10.71395,0.032
10.91095,0.032
10.9116,0.032
11.10895,0.032
11.1096,0.032
11.30695,0.032
11.3076,0.032
11.50495,0.032
11.50565,0.032
11.703,0.032
11.7054,0.032
11.901,0.032
11.90165,0.032
12.098999999,0.032
12.09965,0.032
12.297,0.032
12.2979,0.032
12.495,0.032
12.49565,0.032
12.693,0.032
12.693649999,0.032
12.891,0.032
12.8918,0.032
13.089,0.032
13.08965,0.032
13.287,0.032
13.2879,0.032
13.485,0.032
13.48565,0.032
13.68305,0.032
13.6837,0.032
13.88105,0.032
13.88185,0.032
14.07905,0.032
14.079849999,0.032
14.27705,0.032
14.27835,0.032
14.4759,0.032
14.477,0.032
14.67305,0.032
14.6737,0.032
14.87105,0.032
14.87185,0.032
15.06905,0.032
15.06985,0.032
15.26705,0.032
15.26795,0.032
15.46505,0.032
15.46595,0.032
15.6631,0.032
15.6637,0.032
15.8611,0.032
15.86185,0.032
16.0591,0.032
16.05985,0.032
16.25705,0.032
16.2581,0.032
16.45505,0.032
16.45595,0.032
16.6531,0.032
16.65395,0.032
16.8511,0.032
16.8519,0.032
17.0491,0.032
17.0499,0.032
17.2471,0.032
17.2481,0.032
17.4451,0.032
17.446,0.032
17.64435,0.032
17.64525,0.032
17.8411,0.032
17.8419,0.032
18.0391,0.032
18.0399,0.032
18.2371,0.032
18.2381,0.032
18.4351,0.032
18.43615,0.032
18.63445,0.032
18.6353,0.032
18.83115,0.032
18.83215,0.032
19.02915,0.032
19.02995,0.032
19.22715,0.032
19.22815,0.032
19.42515,0.032
19.42615,0.032
19.62335,0.032
19.62425,0.032
19.82115,0.032
19.82215,0.032
20.01915,0.032
20.02015,0.032
20.21715,0.032
20.21815,0.032
20.41515,0.032
20.41615,0.032
20.61315,0.032
20.6142,0.032
20.8112,0.032
20.8122,0.032
21.00935,0.032
21.01035,0.032
21.2072,0.032
21.2082,0.032
21.4052,0.032
21.4062,0.032
21.60315,0.032
21.6042,0.032
21.80115,0.032
21.99945,0.032
22.00065,0.032
22.19745,0.032
22.19865,0.032
22.39715,0.032
22.3983,0.032
22.59345,0.032
22.5948,0.032
22.79145,0.032
22.79265,0.032
22.98945,0.032
22.99065,0.032
23.1875,0.032
23.18865,0.032
23.3871,0.032
23.38825,0.032
23.5835,0.032
23.5848,0.032
23.7815,0.032
23.7827,0.032
23.97975,0.032
23.9807,0.032
24.17775,0.032
24.17865,0.032
24.37665,0.032
24.3776,0.032
24.5735,0.032
24.5748,0.032
24.77335,0.032
24.7743,0.032
24.9697,0.032
24.9707,0.032
25.16755,0.032
25.1687,0.032
25.36575,0.032
25.3667,0.032
25.56355,0.032
25.56485,0.032
25.76155,0.032
25.7627,0.032
25.95975,0.032
25.9607,0.032
26.1573,0.032
26.1579,0.032
26.35575,0.032
26.3567,0.032
26.5538,0.032
26.55485,0.032
26.75175,0.032
26.7527,0.032
26.9498,0.032
26.95075,0.032
27.1473,0.032
27.14795,0.032
27.3458,0.032
27.34675,0.032
27.5438,0.032
27.5449,0.032
27.7413,0.032
27.74195,0.032
27.9404,0.032
27.9414,0.032
28.1378,0.032
28.13905,0.032
28.3353,0.032
28.33595,0.032
28.5338,0.032
28.5349,0.032
28.7313,0.032
28.732,0.032
28.9298,0.032
28.9308,0.032
29.12735,0.032
29.128,0.032
29.32535,0.032
29.326,0.032
29.52385,0.032
29.52495,0.032
29.72135,0.032
29.722,0.032
29.91995,0.032
29.9206,0.032
30.11735,0.032
30.118,0.032
30.31535,0.032
30.316,0.032
30.51335,0.032
30.51575,0.032
30.71135,0.032
30.71205,0.032
30.9094,0.032
30.91005,0.032
31.1074,0.032
31.10805,0.032
31.3054,0.032
31.306,0.032
31.5034,0.032
31.5058,0.032
31.7014,0.032
31.70205,0.032
31.8994,0.032
31.90005,0.032
32.0974,0.032
32.09825,0.032
32.2954,0.032
32.29605,0.032
32.49405,0.032
32.49675,0.032
32.691399999,0.032
32.6922,0.032
32.88945,0.032
32.89005,0.032
33.08745,0.032
33.0883,0.032
33.4835,0.032
33.48445,0.032
33.6814,0.032
33.6822,0.032
33.87945,0.032
33.8802,0.032
34.07745,0.032
34.0783,0.032
34.27545,0.032
34.27635,0.032
34.47345,0.032
34.4741,0.032
34.67145,0.032
34.67225,0.032
34.87015,0.032
34.87095,0.032
35.06745,0.032
35.06835,0.032
35.26625,0.032
35.2671,0.032
35.46345,0.032
35.46415,0.032
35.66145,0.032
35.66225,0.032
35.85945,0.032
35.86025,0.032
36.0575,0.032
36.0585,0.032
36.2555,0.032
36.25635,0.032
36.4535,0.032
36.45435,0.032
36.6515,0.032
36.6523,0.032
36.8495,0.032
36.85025,0.032
37.0475,0.032
37.0485,0.032
37.2455,0.032
37.2464,0.032
37.4435,0.032
37.4444,0.032
37.6428,0.032
37.6438,0.032
37.8395,0.032
37.8403,0.032
38.0391,0.032
38.04015,0.032
38.23555,0.032
38.23655,0.032
38.43355,0.032
38.4344,0.032
38.6315,0.032
38.63255,0.032
38.8295,0.032
38.8303,0.032
39.02755,0.032
39.02855,0.032
39.22555,0.032
39.22655,0.032
39.42355,0.032
39.4246,0.032
39.62155,0.032
39.6226,0.032
39.819549999,0.032
39.8206,0.032
40.01755,0.032
40.0186,0.032
40.21555,0.032
40.2166,0.032
40.41355,0.032
40.4146,0.032
40.61155,0.032
40.6126,0.032
40.80955,0.032
40.8106,0.032
41.0076,0.032
41.0086,0.032
41.2056,0.032
41.2066,0.032
41.4036,0.032
41.60185,0.032
41.60315,0.032
41.7996,0.032
41.99785,0.032
41.99905,0.032
42.1959,0.032
42.19705,0.032
42.3939,0.032
42.39505,0.032
42.5919,0.032
42.5932,0.032
42.7899,0.032
42.79105,0.032
42.9879,0.032
42.98905,0.032
43.1859,0.032
43.18705,0.032
43.3839,0.032
43.38505,0.032
43.5828,0.032
43.58415,0.032
43.7801,0.032
43.78105,0.032
43.9779,0.032
43.9791,0.032
44.17615,0.032
44.1771,0.032
44.37395,0.032
44.3751,0.032
44.5719,0.032
44.57325,0.032
44.77015,0.032
44.7711,0.032
44.9679,0.032
44.9691,0.032
45.16615,0.032
45.1671,0.032
45.36395,0.032
45.3651,0.032
45.5636,0.032
45.56495,0.032
45.76015,0.032
45.7611,0.032
45.95815,0.032
45.95835,0.032
46.1562,0.032
46.15715,0.032
46.3542,0.032
46.35515,0.032
46.55195,0.032
46.555,0.032
46.7502,0.032
46.75115,0.032
46.9477,0.032
46.94835,0.032
47.1462,0.032
47.14715,0.032
47.3442,0.032
47.34515,0.032
47.5434,0.032
47.54405,0.032
47.7402,0.032
47.74115,0.032
47.9382,0.032
47.9384,0.032
48.13575,0.032
48.1364,0.032
48.3342,0.032
48.33515,0.032
48.53175,0.032
48.5324,0.032
48.7302,0.032
48.73115,0.032
48.9282,0.032
48.9284,0.032
49.12575,0.032
49.1264,0.032
49.32375,0.032
49.3244,0.032
49.52175,0.032
49.5224,0.032
49.71975,0.032
49.7204,0.032
49.9185,0.032
49.91915,0.032
50.1158,0.032
50.1164,0.032
50.3138,0.032
50.3144,0.032
50.51175,0.032
50.51245,0.032
50.70975,0.032
50.7104,0.032
50.9078,0.032
50.90845,0.032
51.1058,0.032
51.10645,0.032
51.3038,0.032
51.30445,0.032
51.50325,0.032
51.50405,0.032
51.6998,0.032
51.70045,0.032
51.8978,0.032
51.8987,0.032
52.095799999,0.032
52.09645,0.032
52.2938,0.032
52.29445,0.032
52.4918,0.032
52.49435,0.032
52.6898,0.032
52.69045,0.032
52.88785,0.032
52.8887,0.032
53.085849999,0.032
53.0867,0.032
53.28385,0.032
53.2845,0.032
53.48185,0.032
53.4843,0.032
53.67985,0.032
53.68065,0.032
53.87785,0.032
53.8787,0.032
54.075849999,0.032
54.076699999,0.032
54.27385,0.032
54.2745,0.032
54.47185,0.032
54.47435,0.032
54.66985,0.032
54.67065,0.032
54.86785,0.032
54.86875,0.032
55.0659,0.032
55.066749999,0.032
55.2639,0.032
55.26475,0.032
55.46355,0.032
55.46435,0.032
55.6599,0.032
55.66065,0.032
55.85785,0.032
55.8589,0.032
56.0559,0.032
56.05675,0.032
56.2539,0.032
56.2548,0.032
56.4535,0.032
56.4543,0.032
56.64995,0.032
56.6507,0.032
56.8479,0.032
56.84895,0.032
57.0459,0.032
57.04695,0.032
57.2439,0.032
57.2448,0.032
57.44275,0.032
57.44375,0.032
57.6399,0.032
57.6407,0.032
57.8379,0.032
57.83895,0.032
58.03595,0.032
58.03695,0.032
58.23395,0.032
58.2348,0.032
58.63005,0.032
58.6312,0.032
58.829099999,0.032
58.83015,0.032
59.02595,0.032
59.02695,0.032
59.22395,0.032
59.22495,0.032
59.4228,0.032
59.42385,0.032
59.61995,0.032
59.621,0.032
59.817949999,0.032
59.818999999,0.032
60.016,0.032
60.017,0.032
60.214,0.032
60.215,0.032
60.412,0.032
60.413,0.032
60.61,0.032
60.611,0.032
60.808,0.032
60.809,0.032
61.006,0.032
61.007,0.032
61.20485,0.032
61.20585,0.032
61.402,0.032
61.60025,0.032
61.6016,0.032
61.799,0.032
61.80015,0.032
61.99625,0.032
61.99745,0.032
62.1943,0.032
62.19545,0.032
62.3931,0.032
62.39425,0.032
62.5903,0.032
62.5916,0.032
62.7883,0.032
62.78945,0.032
62.9863,0.032
62.9875,0.032
63.1859,0.032
63.18705,0.032
63.3823,0.032
63.3835,0.032
63.58055,0.032
63.58165,0.032
63.7783,0.032
63.77945,0.032
63.97655,0.032
63.97745,0.032
64.17435,0.032
64.1755,0.032
64.37235,0.032
64.3735,0.032
64.57055,0.032
64.57165,0.032
64.76905,0.032
64.77025,0.032
64.9666,0.032
64.9675,0.032
65.1646,0.032
65.1655,0.032
65.36235,0.032
65.3635,0.032
65.56055,0.032
65.56165,0.032
65.7591,0.032
65.76005,0.032
65.9566,0.032
65.95755,0.032
66.1546,0.032
66.15555,0.032
66.3539,0.032
66.35505,0.032
66.5506,0.032
66.5517,0.032
66.7486,0.032
66.74955,0.032
66.9466,0.032
66.94755,0.032
67.1446,0.032
67.14555,0.032
67.34265,0.032
67.3436,0.032
67.5406,0.032
67.5417,0.032
67.7386,0.032
67.73955,0.032
67.9376,0.032
67.93825,0.032
68.13465,0.032
68.1356,0.032
68.33265,0.032
68.3336,0.032
68.53065,0.032
68.53175,0.032
68.72865,0.032
68.7288,0.032
68.92765,0.032
68.9283,0.032
69.12415,0.032
69.1248,0.032
69.3227,0.032
69.3228,0.032
69.52015,0.032
69.52085,0.032
69.71815,0.032
69.71885,0.032
69.9162,0.032
69.91685,0.032
70.1142,0.032
70.11485,0.032
70.3122,0.032
70.31285,0.032
70.5102,0.032
70.51085,0.032
70.70865,0.032
70.70885,0.032
70.9062,0.032
70.90855,0.032
71.1042,0.032
71.10485,0.032
71.3022,0.032
71.303,0.032
71.5002,0.032
71.50085,0.032
71.69825,0.032
71.6991,0.032
71.89625,0.032
71.8969,0.032
72.0955,0.032
72.0962,0.032
72.29225,0.032
72.293,0.032
72.4903,0.032
72.49095,0.032
72.68865,0.032
72.68955,0.032
72.88625,0.032
72.8871,0.032
73.08425,0.032
73.084899999,0.032
73.28225,0.032
73.28305,0.032
73.48025,0.032
73.48105,0.032
73.67825,0.032
73.67915,0.032
73.8763,0.032
73.87715,0.032
74.07425,0.032
74.0749,0.032
74.27355,0.032
74.27435,0.032
74.47025,0.032
74.47105,0.032
74.66825,0.032
74.66915,0.032
74.8663,0.032
74.86715,0.032
75.0643,0.032
75.06515,0.032
75.2623,0.032
75.2631,0.032
75.4603,0.032
75.4611,0.032
75.6583,0.032
75.65935,0.032
75.8563,0.032
75.8572,0.032
76.0543,0.032
76.056,0.032
76.2523,0.032
76.2531,0.032
76.4503,0.032
76.4511,0.032
76.6483,0.032
76.64935,0.032
76.84635,0.032
76.84735,0.032
77.04435,0.032
77.0452,0.032
77.24235,0.032
77.24505,0.032
77.44035,0.032
77.44115,0.032
77.63835,0.032
77.63935,0.032
77.83635,0.032
77.83905,0.032
78.03435,0.032
78.0352,0.032
78.23235,0.032
78.23335,0.032
78.43035,0.032
78.43115,0.032
78.62835,0.032
78.6294,0.032
78.8264,0.032
78.8274,0.032
79.0257,0.032
79.02675,0.032
79.2224,0.032
79.2234,0.032
79.42035,0.032
79.4214,0.032
79.61835,0.032
79.6194,0.032
79.8164,0.032
79.8174,0.032
80.0144,0.032
80.0154,0.032
80.2129,0.032
80.21395,0.032
80.4104,0.032
80.41145,0.032
80.6084,0.032
80.60955,0.032
80.8064,0.032
80.8091,0.032
81.0044,0.032
81.00545,0.032
81.2024,0.032
81.4007,0.032
81.40185,0.032
81.599,0.032
81.6003,0.032
81.7967,0.032
81.7979,0.032
81.9947,0.032
81.9976,0.032
82.1927,0.032
82.19385,0.032
82.3907,0.032
82.39185,0.032
82.5887,0.032
82.59,0.032
82.78695,0.032
82.7879,0.032
82.9847,0.032
82.9859,0.032
83.18315,0.032
83.1855,0.032
83.38095,0.032
83.3819,0.032
83.57875,0.032
83.58005,0.032
83.77695,0.032
83.7779,0.032
83.97475,0.032
83.9759,0.032
84.17445,0.032
84.1756,0.032
84.37095,0.032
84.3719,0.032
84.56895,0.032
84.57005,0.032
84.767,0.032
84.76795,0.032
84.965,0.032
84.96595,0.032
85.16275,0.032
85.16395,0.032
85.361,0.032
85.36195,0.032
85.559,0.032
85.5601,0.032
85.757,0.032
85.75795,0.032
85.955,0.032
85.95595,0.032
86.1528,0.032
86.15395,0.032
86.351,0.032
86.35195,0.032
86.549,0.032
86.5501,0.032
86.74655,0.032
86.7472,0.032
86.94505,0.032
86.946,0.032
87.14305,0.032
87.144,0.032
87.34105,0.032
87.34195,0.032
87.53905,0.032
87.54175,0.032
87.73655,0.032
87.7372,0.032
87.93505,0.032
87.936,0.032
88.1342,0.032
88.13515,0.032
88.33105,0.032
88.332,0.032
88.52905,0.032
88.53015,0.032
88.7266,0.032
88.72725,0.032
88.9246,0.032
88.92525,0.032
89.12305,0.032
89.124,0.032
89.3206,0.032
89.3212,0.032
89.5186,0.032
89.5192,0.032
89.7166,0.032
89.71895,0.032
89.9146,0.032
89.91525,0.032
90.1131,0.032
90.11405,0.032
90.3106,0.032
90.31125,0.032
90.5086,0.032
90.5095,0.032
90.70665,0.032
90.70725,0.032
90.90465,0.032
90.90535,0.032
91.1026,0.032
91.1034,0.032
91.3006,0.032
91.30125,0.032
91.4986,0.032
91.4995,0.032
91.69665,0.032
91.6973,0.032
91.89465,0.032
91.8953,0.032
92.09265,0.032
92.094999999,0.032
92.29065,0.032
92.2913,0.032
92.48865,0.032
92.48955,0.032
92.68665,0.032
92.6875,0.032
92.88465,0.032
92.8853,0.032
93.08265,0.032
93.08345,0.032
93.28065,0.032
93.28145,0.032
93.47865,0.032
93.4793,0.032
93.6767,0.032
93.67755,0.032
93.8747,0.032
93.87535,0.032
94.072699999,0.032
94.0735,0.032
94.2707,0.032
94.2715,0.032
94.4687,0.032
94.4697,0.032
94.6667,0.032
94.66755,0.032
94.8647,0.032
94.86555,0.032
95.062699999,0.032
95.0635,0.032
95.2607,0.032
95.2615,0.032
95.4587,0.032
95.4597,0.032
95.65675,0.032
95.6576,0.032
95.85575,0.032
95.8566,0.032
96.05275,0.032
96.0535,0.032
96.25075,0.032
96.2515,0.032
96.4487,0.032
96.44975,0.032
96.6467,0.032
96.64775,0.032
96.84475,0.032
96.8456,0.032
97.0441,0.032
97.0451,0.032
97.24075,0.032
97.24155,0.032
97.43875,0.032
97.43975,0.032
97.63675,0.032
97.63945,0.032
97.83475,0.032
97.83565,0.032
98.03275,0.032
98.0338,0.032
98.23075,0.032
98.2318,0.032
98.42875,0.032
98.4298,0.032
98.626799999,0.032
98.6278,0.032
98.8248,0.032
98.8258,0.032
99.0228,0.032
99.02385,0.032
99.2208,0.032
99.22185,0.032
99.4188,0.032
99.4198,0.032
99.6168,0.032
99.6178,0.032
99.8148,0.032
99.8158,0.032
100.0128,0.032
100.0138,0.032
100.2108,0.032
100.21185,0.032
100.4088,0.032
100.40995,0.032
100.6068,0.032
100.60785,0.032
100.80485,0.032
100.80625,0.032
101.00285,0.032
101.2011,0.032
101.20225,0.032
101.3991,0.032
101.40025,0.032
101.5971,0.032
101.5984,0.032
101.7951,0.032
101.7963,0.032
101.9935,0.032
101.99465,0.032
102.19135,0.032
102.1923,0.032
102.3891,0.032
102.3903,0.032
102.58735,0.032
102.58845,0.032
102.78515,0.032
102.7863,0.032
102.98315,0.032
102.9843,0.032
103.18135,0.032
103.1823,0.032
103.37915,0.032
103.3803,0.032
103.5774,0.032
103.57845,0.032
103.77515,0.032
103.7763,0.032
103.97315,0.032
103.976,0.032
104.1714,0.032
104.17235,0.032
104.3694,0.032
104.3703,0.032
104.5674,0.032
104.5685,0.032
104.7654,0.032
104.76635,0.032
104.9632,0.032
104.96435,0.032
105.1614,0.032
105.16235,0.032
105.3594,0.032
105.36035,0.032
105.55865,0.032
105.5597,0.032
105.75545,0.032
105.75635,0.032
105.9534,0.032
105.95435,0.032
106.1514,0.032
106.15235,0.032
106.3494,0.032
106.35035,0.032
106.54695,0.032
106.5476,0.032
106.74545,0.032
106.7464,0.032
106.94345,0.032
106.9444,0.032
107.14145,0.032
107.14415,0.032
107.33945,0.032
107.3404,0.032
107.537,0.032
107.5376,0.032
107.73545,0.032
107.7364,0.032
107.93345,0.032
107.9344,0.032
108.131,0.032
108.13165,0.032
108.32945,0.032
108.3304,0.032
108.52695,0.032
108.52765,0.032
108.725,0.032
108.72565,0.032
108.9235,0.032
108.92445,0.032
109.121,0.032
109.12165,0.032
109.3195,0.032
109.32045,0.032
109.517,0.032
109.51765,0.032
109.715,0.032
109.71565,0.032
109.913,0.032
109.91365,0.032
110.111,0.032
110.11335,0.032
110.309,0.032
110.30965,0.032
110.50705,0.032
110.5077,0.032
110.70505,0.032
110.7057,0.032
110.90305,0.032
110.9037,0.032
111.10105,0.032
111.1017,0.032
111.29905,0.032
111.2997,0.032
111.49705,0.032
111.4977,0.032
111.69505,0.032
111.6957,0.032
111.89305,0.032
111.8937,0.032
112.09105,0.032
112.0936,0.032
112.28905,0.032
112.2897,0.032
112.4871,0.032
112.48795,0.032
112.6851,0.032
112.6857,0.032
112.8831,0.032
112.8837,0.032
113.0811,0.032
113.081849999,0.032
113.2791,0.032
113.2797,0.032
113.4771,0.032
113.47795,0.032
113.6751,0.032
113.67575,0.032
113.8731,0.032
113.87375,0.032
114.0711,0.032
114.0719,0.032
114.2691,0.032
114.2699,0.032
114.46715,0.032
114.468,0.032
114.6651,0.032
114.666,0.032
114.8631,0.032
114.86375,0.032
115.0611,0.032
115.0619,0.032
115.2591,0.032
115.2599,0.032
115.45715,0.032
115.458,0.032
115.65515,0.032
115.656,0.032
115.8535,0.032
115.8542,0.032
116.05115,0.032
116.05195,0.032
116.24915,0.032
116.24995,0.032
116.44715,0.032
116.4482,0.032
116.64515,0.032
116.646,0.032
116.84315,0.032
116.84405,0.032
117.04285,0.032
117.04365,0.032
117.23915,0.032
117.23995,0.032
117.4372,0.032
117.4382,0.032
117.6352,0.032
117.63605,0.032
117.8332,0.032
117.83405,0.032
118.0312,0.032
118.03385,0.032
118.2292,0.032
118.2302,0.032
118.4272,0.032
118.4282,0.032
118.6252,0.032
118.6262,0.032
118.8232,0.032
118.8242,0.032
119.0228,0.032
119.0238,0.032
119.21925,0.032
119.22025,0.032
119.41725,0.032
119.41825,0.032
119.61525,0.032
119.61625,0.032
119.81325,0.032
119.8144,0.032
120.0112,0.032
120.01225,0.032
120.2092,0.032
120.21025,0.032
120.40725,0.032
120.40825,0.032
120.60525,0.032
120.60625,0.032
120.80325,0.032
121.0015,0.032
121.0027,0.032
121.1995,0.032
121.2007,0.032
121.39915,0.032
121.4003,0.032
121.59555,0.032
121.59685,0.032
121.79515,0.032
121.7963,0.032
121.99175,0.032
121.9927,0.032
122.18955,0.032
122.1907,0.032
122.3878,0.032
122.38875,0.032
122.58555,0.032
122.58685,0.032
122.78355,0.032
122.7847,0.032
122.9818,0.032
122.9827,0.032
123.17955,0.032
123.18075,0.032
123.3778,0.032
123.37875,0.032
123.5758,0.032
123.57685,0.032
123.77425,0.032
123.7754,0.032
123.9718,0.032
123.97275,0.032
124.1698,0.032
124.17075,0.032
124.3678,0.032
124.36875,0.032
124.5658,0.032
124.5669,0.032
124.7636,0.032
124.76475,0.032
124.9618,0.032
124.96275,0.032
125.1598,0.032
125.16075,0.032
125.35785,0.032
125.35875,0.032
125.55585,0.032
125.5569,0.032
125.7544,0.032
125.75535,0.032
125.95185,0.032
125.9528,0.032
126.14985,0.032
126.1508,0.032
126.3474,0.032
126.348,0.032
126.54585,0.032
126.54695,0.032
126.74475,0.032
126.7457,0.032
126.94185,0.032
126.94285,0.032
127.13985,0.032
127.1408,0.032
127.3378,0.032
127.3396,0.032
127.5359,0.032
127.53695,0.032
127.7339,0.032
127.73485,0.032
127.9314,0.032
127.93205,0.032
128.1299,0.032
128.13085,0.032
128.3274,0.032
128.32805,0.032
128.5254,0.032
128.52605,0.032
128.7239,0.032
128.72485,0.032
128.9214,0.032
128.9225,0.032
129.1199,0.032
129.12085,0.032
129.31745,0.032
129.3181,0.032
129.51545,0.032
129.5161,0.032
129.71345,0.032
129.71405,0.032
129.91145,0.032
129.9121,0.032
130.10945,0.032
130.1101,0.032
130.30745,0.032
130.3081,0.032
130.50545,0.032
130.5061,0.032
130.70345,0.032
130.7041,0.032
130.90265,0.032
130.9033,0.032
131.09945,0.032
131.1001,0.032
131.2975,0.032
131.29835,0.032
131.4955,0.032
131.4961,0.032
131.6935,0.032
131.6941,0.032
131.89155,0.032
131.89235,0.032
132.08945,0.032
132.09015,0.032
132.2875,0.032
132.28835,0.032
132.4855,0.032
132.48615,0.032
132.6835,0.032
132.68415,0.032
132.8815,0.032
132.8823,0.032
133.0795,0.032
133.08015,0.032
133.2775,0.032
133.2784,0.032
133.4755,0.032
133.47635,0.032
133.6735,0.032
133.67415,0.032
133.8715,0.032
133.8723,0.032
134.0695,0.032
134.07035,0.032
134.26915,0.032
134.27005,0.032
134.46555,0.032
134.4664,0.032
134.66355,0.032
134.6642,0.032
134.86155,0.032
134.86235,0.032
135.05955,0.032
135.06035,0.032
135.25755,0.032
135.25855,0.032
135.45555,0.032
135.4564,0.032
135.65355,0.032
135.65445,0.032
135.85155,0.032
135.85405,0.032
136.0496,0.032
136.05035,0.032
136.2476,0.032
136.2486,0.032
136.4456,0.032
136.44645,0.032
136.6436,0.032
136.64445,0.032
136.8416,0.032
136.8441,0.032
137.0396,0.032
137.04035,0.032
137.2376,0.032
137.2386,0.032
137.4356,0.032
137.4366,0.032
137.6336,0.032
137.6345,0.032
137.8316,0.032
137.83265,0.032
138.0296,0.032
138.0304,0.032
138.2276,0.032
138.22865,0.032
138.42595,0.032
138.427,0.032
138.6236,0.032
138.6245,0.032
138.8216,0.032
138.82265,0.032
139.0196,0.032
139.0204,0.032
139.21765,0.032
139.21865,0.032
139.41565,0.032
139.41665,0.032
139.61365,0.032
139.61465,0.032
139.81165,0.032
139.8127,0.032
140.00965,0.032
140.0107,0.032
140.20765,0.032
140.20865,0.032
140.40725,0.032
140.40825,0.032
140.60365,0.032
140.80195,0.032
140.80315,0.032
141.00015,0.032
141.0011,0.032
141.1982,0.032
141.1991,0.032
141.39645,0.032
141.3976,0.032
141.59395,0.032
141.59525,0.032
141.79385,0.032
141.7948,0.032
141.98995,0.032
141.9911,0.032
142.1882,0.032
142.18915,0.032
142.386,0.032
142.38715,0.032
142.584,0.032
142.58525,0.032
142.7839,0.032
142.785,0.032
142.97995,0.032
142.98115,0.032
143.1782,0.032
143.17915,0.032
143.3762,0.032
143.37715,0.032
143.57415,0.032
143.57545,0.032
143.77385,0.032
143.7748,0.032
143.9702,0.032
143.97115,0.032
144.16825,0.032
144.1692,0.032
144.36625,0.032
144.3672,0.032
144.564,0.032
144.5653,0.032
144.76225,0.032
144.7632,0.032
144.96025,0.032
144.9612,0.032
145.15935,0.032
145.15995,0.032
145.35625,0.032
145.3572,0.032
145.5543,0.032
145.55535,0.032
145.75395,0.032
145.7549,0.032
145.9503,0.032
145.95125,0.032
146.1478,0.032
146.14845,0.032
146.3463,0.032
146.3472,0.032
146.5443,0.032
146.54535,0.032
146.744,0.032
146.74495,0.032
146.94025,0.032
146.94125,0.032
147.1378,0.032
147.13845,0.032
147.3358,0.032
147.33645,0.032
147.5343,0.032
147.53535,0.032
147.7318,0.032
147.7325,0.032
147.9303,0.032
147.93125,0.032
148.12785,0.032
148.12845,0.032
148.32585,0.032
148.32645,0.032
148.5243,0.032
148.5254,0.032
148.72185,0.032
148.72425,0.032
148.92035,0.032
148.9213,0.032
149.11785,0.032
149.1185,0.032
149.31585,0.032
149.3165,0.032
149.51385,0.032
149.5145,0.032
149.71185,0.032
149.7125,0.032
149.9099,0.032
149.9105,0.032
150.1082,0.032
150.1088,0.032
150.306,0.032
150.3067,0.032
150.50385,0.032
150.50455,0.032
150.7025,0.032
150.7031,0.032
150.89985,0.032
150.90055,0.032
151.097899999,0.032
151.09875,0.032
151.2959,0.032
151.29655,0.032
151.4939,0.032
151.49455,0.032
151.691899999,0.032
151.694399999,0.032
151.8899,0.032
151.89055,0.032
152.087899999,0.032
152.088799999,0.032
152.2859,0.032
152.28655,0.032
152.4839,0.032
152.48455,0.032
152.6819,0.032
152.6844,0.032
152.87995,0.032
152.8806,0.032
153.07795,0.032
153.078799999,0.032
153.27595,0.032
153.2768,0.032
153.47395,0.032
153.47455,0.032
153.67195,0.032
153.6727,0.032
153.86995,0.032
153.8707,0.032
154.068649999,0.032
154.0695,0.032
154.26595,0.032
154.26685,0.032
154.46395,0.032
154.4663,0.032
154.66195,0.032
154.66275,0.032
154.85995,0.032
154.86075,0.032
155.058,0.032
155.059,0.032
155.256,0.032
155.25685,0.032
155.45535,0.032
155.45625,0.032
155.65195,0.032
155.65275,0.032
155.85,0.032
155.8508,0.032
156.048,0.032
156.049,0.032
156.246,0.032
156.24685,0.032
156.444,0.032
156.4449,0.032
156.642,0.032
156.64305,0.032
156.84,0.032
156.8408,0.032
157.038,0.032
157.03905,0.032
157.236,0.032
157.237,0.032
157.434,0.032
157.4349,0.032
157.632,0.032
157.63305,0.032
157.830049999,0.032
157.8308,0.032
158.02895,0.032
158.02995,0.032
158.22605,0.032
158.22705,0.032
158.42405,0.032
158.4249,0.032
158.62205,0.032
158.6242,0.032
158.820049999,0.032
158.821049999,0.032
159.01805,0.032
159.01905,0.032
159.21605,0.032
159.21705,0.032
159.41405,0.032
159.41505,0.032
159.6121,0.032
159.61475,0.032
159.8101,0.032
159.8111,0.032
160.0081,0.032
160.0091,0.032
160.2061,0.032
160.20875,0.032
160.4041,0.032
160.60235,0.032
160.60365,0.032
160.80035,0.032
160.80155,0.032
160.99835,0.032
160.99955,0.032
161.19635,0.032
161.19755,0.032
161.3946,0.032
161.3958,0.032
161.5926,0.032
161.5937,0.032
161.79035,0.032
161.79155,0.032
161.9884,0.032
161.98955,0.032
162.1864,0.032
162.18755,0.032
162.3847,0.032
162.3859,0.032
162.5826,0.032
162.5837,0.032
162.7806,0.032
162.78155,0.032
162.9784,0.032
162.9796,0.032
163.17665,0.032
163.1776,0.032
163.3755,0.032
163.37665,0.032
163.5724,0.032
163.5737,0.032
163.7706,0.032
163.77155,0.032
163.96865,0.032
163.9696,0.032
164.16665,0.032
164.1676,0.032
164.3663,0.032
164.3672,0.032
164.56265,0.032
164.56375,0.032
164.76065,0.032
164.7616,0.032
164.9582,0.032
164.95885,0.032
165.1562,0.032
165.1572,0.032
165.3542,0.032
165.35685,0.032
165.5522,0.032
165.5532,0.032
165.7502,0.032
165.7512,0.032
165.9482,0.032
165.9492,0.032
166.1462,0.032
166.1472,0.032
166.3442,0.032
166.34525,0.032
166.5422,0.032
166.5434,0.032
166.74025,0.032
166.74125,0.032
166.93825,0.032
166.93925,0.032
167.1362,0.032
167.1374,0.032
167.3342,0.032
167.33525,0.032
167.53225,0.032
167.7305,0.032
167.73175,0.032
167.9285,0.032
167.92975,0.032
168.1265,0.032
168.1295,0.032
168.3245,0.032
168.32575,0.032
168.5225,0.032
168.5239,0.032
168.72075,0.032
168.72175,0.032
168.9185,0.032
168.91975,0.032
169.11655,0.032
169.11775,0.032
169.315,0.032
169.31605,0.032
169.51255,0.032
169.51395,0.032
169.71215,0.032
169.7132,0.032
169.90855,0.032
169.9098,0.032
170.10655,0.032
170.1078,0.032
170.30645,0.032
170.3075,0.032
170.5028,0.032
170.50395,0.032
170.7008,0.032
170.7018,0.032
170.9004,0.032
170.9014,0.032
171.0966,0.032
171.097849999,0.032
171.2948,0.032
171.29585,0.032
171.4928,0.032
171.49405,0.032
171.6908,0.032
171.69185,0.032
171.8888,0.032
171.88985,0.032
172.0866,0.032
172.087849999,0.032
172.2848,0.032
172.28585,0.032
172.4828,0.032
172.48405,0.032
172.68035,0.032
172.681,0.032
172.87885,0.032
172.87985,0.032
173.076849999,0.032
173.0779,0.032
173.27485,0.032
173.27585,0.032
173.47285,0.032
173.4741,0.032
173.67035,0.032
173.671,0.032
173.86885,0.032
173.86995,0.032
174.06685,0.032
174.06795,0.032
174.26435,0.032
174.26505,0.032
174.4629,0.032
174.4641,0.032
174.6604,0.032
174.66105,0.032
174.8584,0.032
174.85905,0.032
175.0569,0.032
175.058,0.032
175.2544,0.032
175.25505,0.032
175.4529,0.032
175.45415,0.032
175.6504,0.032
175.65105,0.032
175.8484,0.032
175.84905,0.032
176.0464,0.032
176.04705,0.032
176.2444,0.032
176.2451,0.032
176.44245,0.032
176.44475,0.032
176.64045,0.032
176.6411,0.032
176.83845,0.032
176.83905,0.032
177.03645,0.032
177.03705,0.032
177.23445,0.032
177.2351,0.032
177.43245,0.032
177.4331,0.032
177.63045,0.032
177.6311,0.032
177.82845,0.032
177.829099999,0.032
178.02645,0.032
178.0271,0.032
178.22445,0.032
178.22525,0.032
178.4225,0.032
178.4231,0.032
178.6205,0.032
178.62135,0.032
178.818499999,0.032
178.8191,0.032
179.01645,0.032
179.0171,0.032
179.21445,0.032
179.21525,0.032
179.41245,0.032
179.41315,0.032
179.6105,0.032
179.61135,0.032
179.8085,0.032
179.80915,0.032
180.0065,0.032
180.00715,0.032
180.2045,0.032
180.2053,0.032
180.4025,0.032
180.4033,0.032
180.6005,0.032
180.60135,0.032
180.7985,0.032
180.7994,0.032
180.9965,0.032
180.99715,0.032
181.1948,0.032
181.19555,0.032
181.3925,0.032
181.39335,0.032
181.59055,0.032
181.5914,0.032
181.78855,0.032
181.7894,0.032
181.98655,0.032
181.9874,0.032
182.18455,0.032
182.18535,0.032
182.38255,0.032
182.38335,0.032
182.58055,0.032
182.58155,0.032
182.77855,0.032
182.77945,0.032
182.97655,0.032
182.97745,0.032
183.17455,0.032
183.17535,0.032
183.3726,0.032
183.3734,0.032
183.5708,0.032
183.5716,0.032
183.769,0.032
183.77,0.032
183.9666,0.032
183.96745,0.032
184.1646,0.032
184.1656,0.032
184.3626,0.032
184.3634,0.032
184.5606,0.032
184.5616,0.032
184.7586,0.032
184.7596,0.032
184.9566,0.032
184.9576,0.032
185.1546,0.032
185.1573,0.032
185.3543,0.032
185.3551,0.032
185.5506,0.032
185.55165,0.032
185.7486,0.032
185.74965,0.032
185.9466,0.032
185.94765,0.032
186.1446,0.032
186.14565,0.032
186.34265,0.032
186.34365,0.032
186.54065,0.032
186.54165,0.032
186.73865,0.032
186.73965,0.032
186.93665,0.032
186.9378,0.032
187.13465,0.032
187.3329,0.032
187.33425,0.032
187.5309,0.032
187.53235,0.032
187.72895,0.032
187.73025,0.032
187.92695,0.032
187.92825,0.032
188.12515,0.032
188.12625,0.032
188.32295,0.032
188.32425,0.032
188.52095,0.032
188.5224,0.032
188.71895,0.032
188.72025,0.032
188.91695,0.032
188.91825,0.032
189.11515,0.032
189.11625,0.032
189.313,0.032
189.3143,0.032
189.5112,0.032
189.5124,0.032
189.7092,0.032
189.7103,0.032
189.907,0.032
189.9083,0.032
190.1052,0.032
190.1063,0.032
190.3049,0.032
190.306,0.032
190.5012,0.032
190.50245,0.032
190.6992,0.032
190.7003,0.032
190.897,0.032
190.8983,0.032
191.0952,0.032
191.09635,0.032
191.29325,0.032
191.29605,0.032
191.49125,0.032
191.4925,0.032
191.68925,0.032
191.690349999,0.032
191.88725,0.032
191.88835,0.032
192.08525,0.032
192.08635,0.032
192.28325,0.032
192.28435,0.032
192.48075,0.032
192.4814,0.032
192.67925,0.032
192.68035,0.032
192.87885,0.032
192.87995,0.032
193.07525,0.032
193.0764,0.032
193.2733,0.032
193.2744,0.032
193.4708,0.032
193.47145,0.032
193.6688,0.032
193.66945,0.032
193.8673,0.032
193.87005,0.032
194.0648,0.032
194.06545,0.032
194.2633,0.032
194.26445,0.032
194.4611,0.032
194.4618,0.032
194.6588,0.032
194.65945,0.032
194.8573,0.032
194.8584,0.032
195.05485,0.032
195.0555,0.032
195.2533,0.032
195.2544,0.032
195.45085,0.032
195.45145,0.032
195.64885,0.032
195.64945,0.032
195.84685,0.032
195.84745,0.032
196.0448,0.032
196.0455,0.032
196.24285,0.032
196.2435,0.032
196.44085,0.032
196.4415,0.032
196.63885,0.032
196.6395,0.032
196.83685,0.032
196.8375,0.032
197.03485,0.032
197.0355,0.032
197.035501,0.032
197.23285,0.032
197.2335,0.032
197.233501,0.032
197.43085,0.032
197.43175,0.032
197.431751,0.032
197.62885,0.032
197.6295,0.032
197.629501,0.032
197.82685,0.032
197.8275,0.032
197.827501,0.032
198.0249,0.032
198.02565,0.032
198.025651,0.032
198.2229,0.032
198.22355,0.032
198.223551,0.032
198.4209,0.032
198.42175,0.032
198.421751,0.032
198.6189,0.032
198.61955,0.032
198.619551,0.032
198.8169,0.032
198.81755,0.032
198.817551,0.032
199.0149,0.032
199.0157,0.032
199.015701,0.032
199.2129,0.032
199.21355,0.032
199.213551,0.032
199.4109,0.032
199.41175,0.032
199.411751,0.032
199.61025,0.032
199.61115,0.032
199.611151,0.032
199.8069,0.032
199.80755,0.032
199.807551,0.032
200.00495,0.032
200.0057,0.032
200.005701,0.032
200.20295,0.032
200.20375,0.032
200.203751,0.032
200.40095,0.032
200.4018,0.032
200.401801,0.032
200.59895,0.032
200.5998,0.032
200.599801,0.032
200.79695,0.032
200.7976,0.032
200.797601,0.032
200.99655,0.032
200.99735,0.032
200.997351,0.032
201.19295,0.032
201.19375,0.032
201.193751,0.032
201.39095,0.032
201.39195,0.032
201.391951,0.032
201.58895,0.032
201.59025,0.032
201.590251,0.032
201.78695,0.032
201.78785,0.032
201.787851,0.032
201.985,0.032
201.98575,0.032
201.985751,0.032
202.183,0.032
202.18375,0.032
202.183751,0.032
202.381,0.032
202.382,0.032
202.382001,0.032
202.5797,0.032
202.58055,0.032
202.580551,0.032
202.77695,0.032
202.77785,0.032
202.777851,0.032
202.97495,0.032
202.97575,0.032
202.975751,0.032
203.173,0.032
203.1738,0.032
203.173801,0.032
203.371,0.032
203.372,0.032
203.372001,0.032
203.57045,0.032
203.57145,0.032
203.571451,0.032
203.767,0.032
203.7679,0.032
203.767901,0.032
203.965,0.032
203.96605,0.032
203.966051,0.032
204.1645,0.032
204.1653,0.032
204.165301,0.032
204.361,0.032
204.362,0.032
204.362001,0.032
204.559,0.032
204.56005,0.032
204.560051,0.032
204.757,0.032
204.7579,0.032
204.757901,0.032
204.95505,0.032
204.95605,0.032
204.956051,0.032
205.1533,0.032
205.1543,0.032
205.154301,0.032
205.35105,0.032
205.35205,0.032
205.352051,0.032
205.54905,0.032
205.55005,0.032
205.550051,0.032
205.74705,0.032
205.74805,0.032
205.748051,0.032
205.94505,0.032
205.94605,0.032
205.946051,0.032
206.14305,0.032
206.14405,0.032
206.144051,0.032
206.34105,0.032
206.34205,0.032
206.342051,0.032
206.53905,0.032
206.5401,0.032
206.540101,0.032
206.73705,0.032
206.73985,0.032
206.739851,0.032
206.9351,0.032
207.13335,0.032
207.133351,0.032
207.13475,0.032
207.33255,0.032
207.332551,0.032
207.33375,0.032
207.52935,0.032
207.529351,0.032
207.5309,0.032
207.72735,0.032
207.727351,0.032
207.72875,0.032
207.92535,0.032
207.925351,0.032
207.92675,0.032
208.1234,0.032
208.123401,0.032
208.12475,0.032
208.3223,0.032
208.322301,0.032
208.3237,0.032
208.51935,0.032
208.519351,0.032
208.5209,0.032
208.71735,0.032
208.717351,0.032
208.72045,0.032
208.91535,0.032
208.915351,0.032
208.91675,0.032
209.1136,0.032
209.113601,0.032
209.11475,0.032
209.31235,0.032
209.312351,0.032
209.3138,0.032
209.5096,0.032
209.509601,0.032
209.5109,0.032
209.7074,0.032
209.707401,0.032
209.7088,0.032
209.9054,0.032
209.905401,0.032
209.9068,0.032
210.10365,0.032
210.103651,0.032
210.1048,0.032
210.30165,0.032
210.301651,0.032
210.3028,0.032
210.49965,0.032
210.499651,0.032
210.50095,0.032
210.6974,0.032
210.697401,0.032
210.6988,0.032
210.89565,0.032
210.895651,0.032
210.8968,0.032
211.09365,0.032
211.093651,0.032
211.094799999,0.032
211.29165,0.032
211.291651,0.032
211.29185,0.032
211.48965,0.032
211.489651,0.032
211.49095,0.032
211.68765,0.032
211.687651,0.032
211.688849999,0.032
211.88545,0.032
211.885451,0.032
211.88685,0.032
212.0853,0.032
212.085301,0.032
212.0865,0.032
212.28165,0.032
212.281651,0.032
212.2819,0.032
212.47965,0.032
212.479651,0.032
212.481,0.032
212.67765,0.032
212.677651,0.032
212.67885,0.032
212.8757,0.032
212.875701,0.032
212.8759,0.032
213.07515,0.032
213.075151,0.032
213.07635,0.032
213.2712,0.032
213.27185,0.032
213.271851,0.032
213.4692,0.032
213.46985,0.032
213.469851,0.032
213.6677,0.032
213.667701,0.032
213.66885,0.032
213.86525,0.032
213.86585,0.032
213.865851,0.032
214.063699999,0.032
214.063701,0.032
214.06485,0.032
214.2612,0.032
214.26185,0.032
214.261851,0.032
214.4592,0.032
214.45985,0.032
214.459851,0.032
214.6577,0.032
214.657701,0.032
214.65885,0.032
214.85525,0.032
214.8559,0.032
214.855901,0.032
215.05325,0.032
215.0539,0.032
215.053901,0.032
215.25275,0.032
215.25345,0.032
215.253451,0.032
215.44925,0.032
215.4499,0.032
215.449901,0.032
215.64725,0.032
215.6479,0.032
215.647901,0.032
215.84525,0.032
215.8459,0.032
215.845901,0.032
216.04325,0.032
216.0439,0.032
216.043901,0.032
216.24125,0.032
216.2419,0.032
216.241901,0.032
216.43925,0.032
216.43995,0.032
216.439951,0.032
216.63725,0.032
216.63795,0.032
216.637951,0.032
216.8354,0.032
216.8362,0.032
216.836201,0.032
217.0333,0.032
217.03395,0.032
217.033951,0.032
217.2313,0.032
217.23215,0.032
217.232151,0.032
217.43025,0.032
217.4309,0.032
217.430901,0.032
217.6273,0.032
217.627949999,0.032
217.627950999,0.032
217.8253,0.032
217.826099999,0.032
217.826101,0.032
218.0233,0.032
218.02395,0.032
218.023951,0.032
218.2213,0.032
218.2222,0.032
218.222201,0.032
218.4193,0.032
218.41995,0.032
218.419951,0.032
218.61735,0.032
218.618,0.032
218.618001,0.032
218.81535,0.032
218.81615,0.032
218.816151,0.032
219.01335,0.032
219.0141,0.032
219.014101,0.032
219.21135,0.032
219.2122,0.032
219.212201,0.032
219.40935,0.032
219.4102,0.032
219.410201,0.032
219.6073,0.032
219.608,0.032
219.608001,0.032
219.80535,0.032
219.80615,0.032
219.806151,0.032
220.00495,0.032
220.00575,0.032
220.005751,0.032
220.20135,0.032
220.20225,0.032
220.202251,0.032
220.39935,0.032
220.40025,0.032
220.400251,0.032
220.59735,0.032
220.59825,0.032
220.598251,0.032
220.79535,0.032
220.79615,0.032
220.796151,0.032
220.9948,0.032
220.99555,0.032
220.995551,0.032
221.19135,0.032
221.1924,0.032
221.192401,0.032
221.38935,0.032
221.39025,0.032
221.390251,0.032
221.58735,0.032
221.58825,0.032
221.588251,0.032
221.7854,0.032
221.7862,0.032
221.786201,0.032
221.9834,0.032
221.9842,0.032
221.984201,0.032
222.1814,0.032
222.1824,0.032
222.182401,0.032
222.3794,0.032
222.38025,0.032
222.380251,0.032
222.5774,0.032
222.57825,0.032
222.578251,0.032
222.7754,0.032
222.7764,0.032
222.776401,0.032
222.9734,0.032
222.9742,0.032
222.974201,0.032
223.1714,0.032
223.1724,0.032
223.172401,0.032
223.3694,0.032
223.3704,0.032
223.370401,0.032
223.5674,0.032
223.5683,0.032
223.568301,0.032
223.76545,0.032
223.76645,0.032
223.766451,0.032
223.96345,0.032
223.96425,0.032
223.964251,0.032
224.16145,0.032
224.16245,0.032
224.162451,0.032
224.35945,0.032
224.36045,0.032
224.360451,0.032
224.55745,0.032
224.55845,0.032
224.558451,0.032
224.75545,0.032
224.75645,0.032
224.756451,0.032
224.95345,0.032
224.95445,0.032
224.954451,0.032
225.15145,0.032
225.15245,0.032
225.152451,0.032
225.34945,0.032
225.35045,0.032
225.350451,0.032
225.54745,0.032
225.5485,0.032
225.548501,0.032
225.7455,0.032
225.7465,0.032
225.746501,0.032
225.9435,0.032
225.9445,0.032
225.944501,0.032
226.14145,0.032
226.1425,0.032
226.142501,0.032
226.33945,0.032
226.3405,0.032
226.340501,0.032
226.53835,0.032
226.53935,0.032
226.539351,0.032
226.7355,0.032
226.93375,0.032
226.933751,0.032
226.9351,0.032
227.13175,0.032
227.131751,0.032
227.1331,0.032
227.32975,0.032
227.329751,0.032
227.3311,0.032
227.52775,0.032
227.527751,0.032
227.53095,0.032
227.72575,0.032
227.725751,0.032
227.7271,0.032
227.9238,0.032
227.923801,0.032
227.9251,0.032
228.1218,0.032
228.121801,0.032
228.1231,0.032
228.3198,0.032
228.319801,0.032
228.3211,0.032
228.5178,0.032
228.517801,0.032
228.5193,0.032
228.7158,0.032
228.715801,0.032
228.7171,0.032
228.91405,0.032
228.914051,0.032
228.9151,0.032
229.1118,0.032
229.111801,0.032
229.1131,0.032
229.31,0.032
229.310001,0.032
229.3111,0.032
229.5078,0.032
229.507801,0.032
229.50935,0.032
229.70585,0.032
229.705851,0.032
229.70715,0.032
229.90405,0.032
229.904051,0.032
229.90515,0.032
230.10185,0.032
230.101851,0.032
230.10315,0.032
230.30005,0.032
230.300051,0.032
230.30115,0.032
230.49805,0.032
230.498051,0.032
230.49935,0.032
230.69585,0.032
230.695851,0.032
230.6989,0.032
230.89405,0.032
230.894051,0.032
230.89515,0.032
231.09205,0.032
231.092050999,0.032
231.09315,0.032
231.29065,0.032
231.290651,0.032
231.29175,0.032
231.4881,0.032
231.488101,0.032
231.48935,0.032
231.68585,0.032
231.685851,0.032
231.68715,0.032
231.8841,0.032
231.884101,0.032
231.8852,0.032
232.0821,0.032
232.082100999,0.032
232.0832,0.032
232.2796,0.032
232.28025,0.032
232.280251,0.032
232.4781,0.032
232.478101,0.032
232.4794,0.032
232.6761,0.032
232.676101,0.032
232.6772,0.032
232.8741,0.032
232.874101,0.032
232.8752,0.032
233.071599999,0.032
233.07225,0.032
233.072251,0.032
233.27025,0.032
233.2709,0.032
233.270901,0.032
233.46815,0.032
233.468151,0.032
233.46945,0.032
233.66615,0.032
233.666151,0.032
233.6672,0.032
233.86415,0.032
233.864151,0.032
233.86525,0.032
234.06165,0.032
234.0623,0.032
234.062301,0.032
234.25965,0.032
234.26195,0.032
234.261951,0.032
234.45765,0.032
234.4583,0.032
234.458301,0.032
234.65615,0.032
234.656151,0.032
234.65635,0.032
234.85385,0.032
234.8545,0.032
234.854501,0.032
235.05165,0.032
235.0523,0.032
235.052301,0.032
235.24965,0.032
235.25035,0.032
235.250351,0.032
235.4477,0.032
235.44835,0.032
235.448351,0.032
235.64615,0.032
235.646151,0.032
235.6464,0.032
235.84535,0.032
235.846,0.032
235.846001,0.032
236.0417,0.032
236.0423,0.032
236.042301,0.032
236.2397,0.032
236.24035,0.032
236.240351,0.032
236.4377,0.032
236.43835,0.032
236.438351,0.032
236.6357,0.032
236.6365,0.032
236.636501,0.032
236.8337,0.032
236.83435,0.032
236.834351,0.032
237.0317,0.032
237.0326,0.032
237.032601,0.032
237.2297,0.032
237.23035,0.032
237.230351,0.032
237.42775,0.032
237.42835,0.032
237.428351,0.032
237.62575,0.032
237.62635,0.032
237.626351,0.032
237.8237,0.032
237.82435,0.032
237.824350999,0.032
238.0217,0.032
238.02405,0.032
238.024051,0.032
238.2197,0.032
238.2206,0.032
238.220601,0.032
238.41775,0.032
238.4184,0.032
238.418401,0.032
238.61575,0.032
238.6164,0.032
238.616401,0.032
238.81375,0.032
238.81455,0.032
238.814551,0.032
239.01175,0.032
239.01265,0.032
239.012651,0.032
239.20975,0.032
239.21065,0.032
239.210651,0.032
239.40775,0.032
239.4084,0.032
239.408401,0.032
239.60575,0.032
239.60655,0.032
239.606551,0.032
239.80375,0.032
239.80455,0.032
239.804551,0.032
240.00175,0.032
240.00255,0.032
240.002551,0.032
240.19975,0.032
240.20065,0.032
240.200651,0.032
240.3978,0.032
240.39865,0.032
240.398651,0.032
240.59685,0.032
240.5976,0.032
240.597601,0.032
240.7938,0.032
240.7946,0.032
240.794601,0.032
240.9918,0.032
240.9928,0.032
240.992801,0.032
241.1898,0.032
241.19065,0.032
241.190651,0.032
241.3878,0.032
241.38865,0.032
241.388651,0.032
241.5858,0.032
241.5866,0.032
241.586601,0.032
241.78435,0.032
241.7851,0.032
241.785101,0.032
241.9818,0.032
241.9828,0.032
241.982801,0.032
242.1798,0.032
242.18085,0.032
242.180851,0.032
242.37785,0.032
242.3787,0.032
242.378701,0.032
242.57585,0.032
242.57685,0.032
242.576851,0.032
242.77385,0.032
242.7746,0.032
242.774601,0.032
242.97185,0.032
242.9726,0.032
242.972601,0.032
243.1698,0.032
243.17085,0.032
243.170851,0.032
243.36945,0.032
243.3703,0.032
243.370301,0.032
243.56585,0.032
243.56685,0.032
243.566851,0.032
243.76385,0.032
243.76465,0.032
243.764651,0.032
243.96185,0.032
243.9629,0.032
243.962901,0.032
244.15985,0.032
244.1609,0.032
244.160901,0.032
244.35785,0.032
244.3589,0.032
244.358901,0.032
244.55585,0.032
244.5569,0.032
244.556901,0.032
244.75385,0.032
244.7549,0.032
244.754901,0.032
244.9531,0.032
244.9541,0.032
244.954101,0.032
245.14985,0.032
245.1509,0.032
245.150901,0.032
245.3479,0.032
245.3489,0.032
245.348901,0.032
245.5459,0.032
245.5469,0.032
245.546901,0.032
245.7439,0.032
245.74495,0.032
245.744951,0.032
245.9419,0.032
245.94305,0.032
245.943051,0.032
246.1406,0.032
246.14165,0.032
246.141651,0.032
246.3379,0.032
246.3389,0.032
246.338901,0.032
246.5359,0.032
246.7354,0.032
246.735401,0.032
246.73675,0.032
246.9322,0.032
246.932201,0.032
246.93355,0.032
247.1302,0.032
247.130201,0.032
247.1316,0.032
247.3282,0.032
247.328201,0.032
247.3296,0.032
247.5262,0.032
247.526201,0.032
247.5277,0.032
247.7248,0.032
247.724801,0.032
247.7272,0.032
247.9222,0.032
247.922201,0.032
247.9236,0.032
248.12045,0.032
248.120451,0.032
248.1216,0.032
248.3182,0.032
248.318201,0.032
248.3196,0.032
248.51625,0.032
248.516251,0.032
248.5177,0.032
248.71445,0.032
248.714451,0.032
248.7156,0.032
248.91225,0.032
248.912251,0.032
248.91365,0.032
249.11045,0.032
249.110451,0.032
249.11165,0.032
249.30825,0.032
249.308251,0.032
249.30965,0.032
249.5074,0.032
249.507401,0.032
249.50895,0.032
249.70445,0.032
249.704451,0.032
249.70565,0.032
249.90245,0.032
249.902451,0.032
249.90365,0.032
250.10135,0.032
250.101351,0.032
250.10255,0.032
250.2985,0.032
250.298501,0.032
250.29965,0.032
250.49625,0.032
250.496251,0.032
250.49775,0.032
250.696149999,0.032
250.696150999,0.032
250.6973,0.032
250.8925,0.032
250.892501,0.032
250.89365,0.032
251.0905,0.032
251.090501,0.032
251.09165,0.032
251.2901,0.032
251.290101,0.032
251.2912,0.032
251.4863,0.032
251.486301,0.032
251.4878,0.032
251.6845,0.032
251.684501,0.032
251.6856,0.032
251.8825,0.032
251.882501,0.032
251.8836,0.032
252.08005,0.032
252.080699999,0.032
252.080701,0.032
252.27855,0.032
252.278551,0.032
252.27965,0.032
252.47655,0.032
252.476551,0.032
252.4778,0.032
252.6745,0.032
252.674501,0.032
252.6756,0.032
252.8725,0.032
252.872501,0.032
252.8736,0.032
253.07005,0.032
253.070699999,0.032
253.070701,0.032
253.26855,0.032
253.268551,0.032
253.26965,0.032
253.46655,0.032
253.466551,0.032
253.46785,0.032
253.66405,0.032
253.6647,0.032
253.664701,0.032
253.86255,0.032
253.862551,0.032
253.86365,0.032
254.0601,0.032
254.0607,0.032
254.060701,0.032
254.2581,0.032
254.2587,0.032
254.258701,0.032
254.45655,0.032
254.456551,0.032
254.45785,0.032
254.6541,0.032
254.65475,0.032
254.654751,0.032
254.8527,0.032
254.852701,0.032
254.8538,0.032
255.0501,0.032
255.05075,0.032
255.050751,0.032
255.2481,0.032
255.24875,0.032
255.248751,0.032
255.4461,0.032
255.44675,0.032
255.446751,0.032
255.6441,0.032
255.64475,0.032
255.644751,0.032
255.8421,0.032
255.84275,0.032
255.842751,0.032
256.0401,0.032
256.04075,0.032
256.040751,0.032
256.2381,0.032
256.23875,0.032
256.238751,0.032
256.4361,0.032
256.43675,0.032
256.436751,0.032
256.6341,0.032
256.63475,0.032
256.634751,0.032
256.8321,0.032
256.8328,0.032
256.832801,0.032
257.03015,0.032
257.0308,0.032
257.030801,0.032
257.22815,0.032
257.2288,0.032
257.228801,0.032
257.42615,0.032
257.4268,0.032
257.426801,0.032
257.62415,0.032
257.62495,0.032
257.624951,0.032
257.82215,0.032
257.8228,0.032
257.822800999,0.032
258.02015,0.032
258.021,0.032
258.021001,0.032
258.21815,0.032
258.2188,0.032
258.218801,0.032
258.41615,0.032
258.4168,0.032
258.416801,0.032
258.6151,0.032
258.6159,0.032
258.615901,0.032
258.81215,0.032
258.81285,0.032
258.812851,0.032
259.0102,0.032
259.01105,0.032
259.011051,0.032
259.2082,0.032
259.20885,0.032
259.208851,0.032
259.4062,0.032
259.4068,0.032
259.406801,0.032
259.60445,0.032
259.60505,0.032
259.605051,0.032
259.8022,0.032
259.80295,0.032
259.802951,0.032
260.0002,0.032
260.00105,0.032
260.001051,0.032
260.1982,0.032
260.1991,0.032
260.199101,0.032
260.3965,0.032
260.3971,0.032
260.397101,0.032
260.5942,0.032
260.595,0.032
260.595001,0.032
260.79225,0.032
260.793,0.032
260.793001,0.032
260.99025,0.032
260.9911,0.032
260.991101,0.032
261.18825,0.032
261.1891,0.032
261.189101,0.032
261.3862,0.032
261.3871,0.032
261.387101,0.032
261.5842,0.032
261.585,0.032
261.585001,0.032
261.78225,0.032
261.78325,0.032
261.783251,0.032
261.98025,0.032
261.98125,0.032
261.981251,0.032
262.17825,0.032
262.17915,0.032
262.179151,0.032
262.37625,0.032
262.37725,0.032
262.377251,0.032
262.57585,0.032
262.5766,0.032
262.576601,0.032
262.77225,0.032
262.7733,0.032
262.773301,0.032
262.97025,0.032
262.9713,0.032
262.971301,0.032
263.16825,0.032
263.1693,0.032
263.169301,0.032
263.36625,0.032
263.36715,0.032
263.367151,0.032
263.56425,0.032
263.5653,0.032
263.565301,0.032
263.7623,0.032
263.7631,0.032
263.763101,0.032
263.9603,0.032
263.9613,0.032
263.961301,0.032
264.1583,0.032
264.1593,0.032
264.159301,0.032
264.3563,0.032
264.3573,0.032
264.357301,0.032
264.55455,0.032
264.55555,0.032
264.555551,0.032
264.7523,0.032
264.7533,0.032
264.753301,0.032
264.9503,0.032
264.9513,0.032
264.951301,0.032
265.1483,0.032
265.1493,0.032
265.149301,0.032
265.3463,0.032
265.34745,0.032
265.347451,0.032
265.5443,0.032
265.54535,0.032
265.545351,0.032
265.7423,0.032
265.74335,0.032
265.743351,0.032
265.94035,0.032
265.94135,0.032
265.941351,0.032
266.1387,0.032
266.13935,0.032
266.139351,0.032
266.33675,0.032
266.5346,0.032
266.534601,0.032
266.53615,0.032
266.7326,0.032
266.732601,0.032
266.7339,0.032
266.9306,0.032
266.930601,0.032
266.9319,0.032
267.12865,0.032
267.128651,0.032
267.12995,0.032
267.3266,0.032
267.326601,0.032
267.3296,0.032
267.52485,0.032
267.524851,0.032
267.52615,0.032
267.7226,0.032
267.722601,0.032
267.72395,0.032
267.92085,0.032
267.920851,0.032
267.92195,0.032
268.11865,0.032
268.118651,0.032
268.11995,0.032
268.31665,0.032
268.316651,0.032
268.31965,0.032
268.51485,0.032
268.514851,0.032
268.51615,0.032
268.71265,0.032
268.712651,0.032
268.714,0.032
268.9109,0.032
268.910901,0.032
268.91195,0.032
269.1089,0.032
269.108901,0.032
269.11,0.032
269.30665,0.032
269.306651,0.032
269.308,0.032
269.5049,0.032
269.504901,0.032
269.50795,0.032
269.7029,0.032
269.702901,0.032
269.704,0.032
269.9009,0.032
269.900901,0.032
269.90195,0.032
270.098899999,0.032
270.098901,0.032
270.1,0.032
270.2967,0.032
270.296701,0.032
270.29795,0.032
270.4949,0.032
270.494901,0.032
270.4962,0.032
270.69425,0.032
270.694251,0.032
270.69535,0.032
270.8909,0.032
270.890901,0.032
270.892,0.032
271.088899999,0.032
271.088901,0.032
271.09,0.032
271.2869,0.032
271.286901,0.032
271.288,0.032
271.4849,0.032
271.484901,0.032
271.48625,0.032
271.68455,0.032
271.684551,0.032
271.6857,0.032
271.88045,0.032
271.8811,0.032
271.881101,0.032
272.07895,0.032
272.078950999,0.032
272.0801,0.032
272.27695,0.032
272.276951,0.032
272.2781,0.032
272.47495,0.032
272.474951,0.032
272.47625,0.032
272.67295,0.032
272.672951,0.032
272.67415,0.032
272.8705,0.032
272.8711,0.032
272.871101,0.032
273.0685,0.032
273.0691,0.032
273.069101,0.032
273.26695,0.032
273.266951,0.032
273.2681,0.032
273.46445,0.032
273.46515,0.032
273.465151,0.032
273.663,0.032
273.663001,0.032
273.666,0.032
273.8605,0.032
273.86115,0.032
273.861151,0.032
274.0585,0.032
274.05915,0.032
274.059151,0.032
274.2574,0.032
274.257401,0.032
274.25855,0.032
274.4545,0.032
274.45515,0.032
274.455151,0.032
274.653,0.032
274.653001,0.032
274.65415,0.032
274.8505,0.032
274.85115,0.032
274.851151,0.032
275.0485,0.032
275.04915,0.032
275.049151,0.032
275.2465,0.032
275.24715,0.032
275.247151,0.032
275.44455,0.032
275.4452,0.032
275.445201,0.032
275.64255,0.032
275.6432,0.032
275.643201,0.032
275.8412,0.032
275.8418,0.032
275.841801,0.032
276.03855,0.032
276.0392,0.032
276.039201,0.032
276.23655,0.032
276.2372,0.032
276.237201,0.032
276.43465,0.032
276.4353,0.032
276.435301,0.032
276.63255,0.032
276.6332,0.032
276.633201,0.032
276.830549999,0.032
276.8314,0.032
276.831401,0.032
277.02855,0.032
277.0292,0.032
277.029201,0.032
277.22655,0.032
277.2272,0.032
277.227201,0.032
277.42455,0.032
277.42705,0.032
277.427051,0.032
277.6226,0.032
277.6232,0.032
277.623201,0.032
277.8206,0.032
277.82145,0.032
277.821451,0.032
278.0186,0.032
278.0192,0.032
278.019201,0.032
278.2166,0.032
278.2172,0.032
278.217201,0.032
278.4162,0.032
278.417,0.032
278.417001,0.032
278.6126,0.032
278.61325,0.032
278.613251,0.032
278.8106,0.032
278.81145,0.032
278.811451,0.032
279.0086,0.032
279.0095,0.032
279.009501,0.032
279.2066,0.032
279.20725,0.032
279.207251,0.032
279.40465,0.032
279.4071,0.032
279.407101,0.032
279.6026,0.032
279.6034,0.032
279.603401,0.032
279.8006,0.032
279.8015,0.032
279.801501,0.032
279.9986,0.032
279.9995,0.032
279.999501,0.032
280.1966,0.032
280.19725,0.032
280.197251,0.032
280.39465,0.032
280.3954,0.032
280.395401,0.032
280.59265,0.032
280.59345,0.032
280.593451,0.032
280.79065,0.032
280.79165,0.032
280.791651,0.032
280.98925,0.032
280.99015,0.032
280.990151,0.032
281.18665,0.032
281.1875,0.032
281.187501,0.032
281.38465,0.032
281.38545,0.032
281.385451,0.032
281.58265,0.032
281.58345,0.032
281.583451,0.032
281.78065,0.032
281.78165,0.032
281.781651,0.032
281.97865,0.032
281.97955,0.032
281.979551,0.032
282.17665,0.032
282.17755,0.032
282.177551,0.032
282.3747,0.032
282.3755,0.032
282.375501,0.032
282.5727,0.032
282.5735,0.032
282.573501,0.032
282.7707,0.032
282.7717,0.032
282.771701,0.032
282.9687,0.032
282.9697,0.032
282.969701,0.032
283.1667,0.032
283.16755,0.032
283.167551,0.032
283.3647,0.032
283.3657,0.032
283.365701,0.032
283.5641,0.032
283.56485,0.032
283.564851,0.032
283.7607,0.032
283.7617,0.032
283.761701,0.032
283.9592,0.032
283.96025,0.032
283.960251,0.032
284.1567,0.032
284.1576,0.032
284.157601,0.032
284.3547,0.032
284.35575,0.032
284.355751,0.032
284.554,0.032
284.55505,0.032
284.555051,0.032
284.75075,0.032
284.75175,0.032
284.751751,0.032
284.9487,0.032
284.94975,0.032
284.949751,0.032
285.1467,0.032
285.14775,0.032
285.147751,0.032
285.34475,0.032
285.34575,0.032
285.345751,0.032
285.54275,0.032
285.54375,0.032
285.543751,0.032
285.74075,0.032
285.74175,0.032
285.741751,0.032
285.93875,0.032
285.9398,0.032
285.939801,0.032
286.13765,0.032
286.1388,0.032
286.138801,0.032
286.33475,0.032
286.533,0.032
286.533001,0.032
286.53455,0.032
286.73265,0.032
286.732651,0.032
286.73405,0.032
286.92905,0.032
286.929051,0.032
286.9304,0.032
287.12705,0.032
287.127051,0.032
287.1284,0.032
287.32505,0.032
287.325051,0.032
287.32645,0.032
287.52305,0.032
287.523051,0.032
287.5246,0.032
287.7213,0.032
287.721301,0.032
287.72245,0.032
287.91905,0.032
287.919051,0.032
287.92045,0.032
288.11705,0.032
288.117051,0.032
288.11845,0.032
288.31685,0.032
288.316851,0.032
288.318,0.032
288.5133,0.032
288.513301,0.032
288.5146,0.032
288.7111,0.032
288.711101,0.032
288.71245,0.032
288.9093,0.032
288.909301,0.032
288.91045,0.032
289.1071,0.032
289.107101,0.032
289.1085,0.032
289.3051,0.032
289.305101,0.032
289.3083,0.032
289.50405,0.032
289.504051,0.032
289.50535,0.032
289.7014,0.032
289.701401,0.032
289.70255,0.032
289.9009,0.032
289.900901,0.032
289.90205,0.032
290.0971,0.032
290.097100999,0.032
290.09845,0.032
290.2951,0.032
290.295101,0.032
290.2965,0.032
290.49335,0.032
290.493351,0.032
290.49635,0.032
290.690849999,0.032
290.6915,0.032
290.691501,0.032
290.88935,0.032
290.889351,0.032
290.8905,0.032
291.08735,0.032
291.087351,0.032
291.0885,0.032
291.28535,0.032
291.285351,0.032
291.2865,0.032
291.48335,0.032
291.483351,0.032
291.4864,0.032
291.68135,0.032
291.681351,0.032
291.68155,0.032
291.87935,0.032
291.879351,0.032
291.8805,0.032
292.0774,0.032
292.077401,0.032
292.07855,0.032
292.2754,0.032
292.275401,0.032
292.27655,0.032
292.4734,0.032
292.473401,0.032
292.47465,0.032
292.6709,0.032
292.67155,0.032
292.671551,0.032
292.8689,0.032
292.86955,0.032
292.869551,0.032
293.0674,0.032
293.067401,0.032
293.06855,0.032
293.2649,0.032
293.26555,0.032
293.265551,0.032
293.4634,0.032
293.463401,0.032
293.4665,0.032
293.6609,0.032
293.66155,0.032
293.661551,0.032
293.8589,0.032
293.85955,0.032
293.859551,0.032
294.05745,0.032
294.057451,0.032
294.0586,0.032
294.25495,0.032
294.2556,0.032
294.255601,0.032
294.45295,0.032
294.4536,0.032
294.453601,0.032
294.6514,0.032
294.651401,0.032
294.65165,0.032
294.84895,0.032
294.84955,0.032
294.849551,0.032
295.04695,0.032
295.0476,0.032
295.047601,0.032
295.24495,0.032
295.2456,0.032
295.245601,0.032
295.44295,0.032
295.4436,0.032
295.443601,0.032
295.64095,0.032
295.6416,0.032
295.641601,0.032
295.83895,0.032
295.8396,0.032
295.839601,0.032
296.03695,0.032
296.0376,0.032
296.037601,0.032
296.235,0.032
296.23575,0.032
296.235751,0.032
296.433,0.032
296.4336,0.032
296.433601,0.032
296.631,0.032
296.63185,0.032
296.631851,0.032
296.82895,0.032
296.829599999,0.032
296.829601,0.032
297.027,0.032
297.02765,0.032
297.027651,0.032
297.225,0.032
297.2258,0.032
297.225801,0.032
297.423,0.032
297.42365,0.032
297.423651,0.032
297.621,0.032
297.6219,0.032
297.621901,0.032
297.818999999,0.032
297.81965,0.032
297.819651,0.032
298.017,0.032
298.01765,0.032
298.017651,0.032
298.215,0.032
298.2158,0.032
298.215801,0.032
298.413,0.032
298.4138,0.032
298.413801,0.032
298.611,0.032
298.6119,0.032
298.611901,0.032
298.809,0.032
298.8099,0.032
298.809901,0.032
299.00705,0.032
299.0077,0.032
299.007701,0.032
299.20505,0.032
299.2058,0.032
299.205801,0.032
299.40305,0.032
299.40385,0.032
299.403851,0.032
299.60105,0.032
299.6019,0.032
299.601901,0.032
299.79905,0.032
299.7999,0.032
299.799901,0.032
299.99705,0.032
299.9979,0.032
299.997901,0.032
300.19505,0.032
300.19585,0.032
300.195851,0.032
300.39305,0.032
300.39385,0.032
300.393851,0.032
300.59105,0.032
300.59205,0.032
300.592051,0.032
300.78905,0.032
300.78995,0.032
300.789951,0.032
300.9874,0.032
300.9883,0.032
300.988301,0.032
301.1851,0.032
301.1859,0.032
301.185901,0.032
301.3831,0.032
301.38385,0.032
301.383851,0.032
301.5811,0.032
301.5821,0.032
301.582101,0.032
301.7791,0.032
301.77995,0.032
301.779951,0.032
301.9771,0.032
301.97795,0.032
301.977951,0.032
302.1751,0.032
302.1761,0.032
302.176101,0.032
302.3731,0.032
302.3739,0.032
302.373901,0.032
302.5711,0.032
302.5721,0.032
302.572101,0.032
302.7691,0.032
302.7701,0.032
302.770101,0.032
302.96715,0.032
302.968,0.032
302.968001,0.032
303.1651,0.032
303.16615,0.032
303.166151,0.032
303.3631,0.032
303.3639,0.032
303.363901,0.032
303.5611,0.032
303.56385,0.032
303.563851,0.032
303.7591,0.032
303.76015,0.032
303.760151,0.032
303.95715,0.032
303.95815,0.032
303.958151,0.032
304.15515,0.032
304.15615,0.032
304.156151,0.032
304.35315,0.032
304.35415,0.032
304.354151,0.032
304.55115,0.032
304.5522,0.032
304.552201,0.032
304.74915,0.032
304.7502,0.032
304.750201,0.032
304.9478,0.032
304.94885,0.032
304.948851,0.032
305.14555,0.032
305.14655,0.032
305.146551,0.032
305.34315,0.032
305.3442,0.032
305.344201,0.032
305.54115,0.032
305.5439,0.032
305.543901,0.032
305.73915,0.032
305.7402,0.032
305.740201,0.032
305.93715,0.032
306.1368,0.032
306.136801,0.032
306.1381,0.032
306.3334,0.032
306.53145,0.032
306.531451,0.032
306.53295,0.032
306.72945,0.032
306.729451,0.032
306.73075,0.032
306.92745,0.032
306.927451,0.032
306.92875,0.032
307.12675,0.032
307.126751,0.032
307.12845,0.032
307.3235,0.032
307.323501,0.032
307.3248,0.032
307.5215,0.032
307.521501,0.032
307.523,0.032
307.7195,0.032
307.719501,0.032
307.7208,0.032
307.91745,0.032
307.917451,0.032
307.9188,0.032
308.1168,0.032
308.116801,0.032
308.11815,0.032
308.3137,0.032
308.313701,0.032
308.3148,0.032
308.5115,0.032
308.511501,0.032
308.51305,0.032
308.70975,0.032
308.709751,0.032
308.7108,0.032
308.9075,0.032
308.907501,0.032
308.9088,0.032
309.1055,0.032
309.105501,0.032
309.10865,0.032
309.30375,0.032
309.303751,0.032
309.30485,0.032
309.5015,0.032
309.501501,0.032
309.50305,0.032
309.69975,0.032
309.699751,0.032
309.70085,0.032
309.89775,0.032
309.897751,0.032
309.89885,0.032
310.0955,0.032
310.095501,0.032
310.096849999,0.032
310.29375,0.032
310.293751,0.032
310.29485,0.032
310.49175,0.032
310.491751,0.032
310.49305,0.032
310.68975,0.032
310.689751,0.032
310.690849999,0.032
310.8878,0.032
310.887801,0.032
310.88885,0.032
311.086799999,0.032
311.086801,0.032
311.0881,0.032
311.2838,0.032
311.283801,0.032
311.2849,0.032
311.4818,0.032
311.481801,0.032
311.482,0.032
311.6793,0.032
311.67995,0.032
311.679951,0.032
311.8778,0.032
311.877801,0.032
311.87885,0.032
312.075799999,0.032
312.075801,0.032
312.076849999,0.032
312.2738,0.032
312.273801,0.032
312.2749,0.032
312.4713,0.032
312.47195,0.032
312.471951,0.032
312.6693,0.032
312.67,0.032
312.670001,0.032
312.86945,0.032
312.869451,0.032
312.8705,0.032
313.0658,0.032
313.065801,0.032
313.06605,0.032
313.2638,0.032
313.263801,0.032
313.2649,0.032
313.46135,0.032
313.462,0.032
313.462001,0.032
313.65935,0.032
313.66,0.032
313.660001,0.032
313.8581,0.032
313.8588,0.032
313.858801,0.032
314.05535,0.032
314.056,0.032
314.056001,0.032
314.25335,0.032
314.254,0.032
314.254001,0.032
314.45185,0.032
314.451851,0.032
314.45205,0.032
314.64935,0.032
314.65,0.032
314.650001,0.032
314.8474,0.032
314.848,0.032
314.848001,0.032
315.04585,0.032
315.045851,0.032
315.0461,0.032
315.244,0.032
315.244001,0.032
315.24695,0.032
315.44185,0.032
315.441851,0.032
315.44205,0.032
315.6394,0.032
315.64005,0.032
315.640051,0.032
315.8374,0.032
315.83805,0.032
315.838051,0.032
316.0354,0.032
316.03605,0.032
316.036051,0.032
316.2334,0.032
316.23405,0.032
316.234051,0.032
316.4314,0.032
316.4323,0.032
316.432301,0.032
316.6294,0.032
316.63005,0.032
316.630051,0.032
316.8274,0.032
316.828049999,0.032
316.828051,0.032
317.0254,0.032
317.0262,0.032
317.026201,0.032
317.2234,0.032
317.22405,0.032
317.224051,0.032
317.4214,0.032
317.4221,0.032
317.422101,0.032
317.6194,0.032
317.6203,0.032
317.620301,0.032
317.817449999,0.032
317.8181,0.032
317.818101,0.032
318.01545,0.032
318.0161,0.032
318.016101,0.032
318.21345,0.032
318.21425,0.032
318.214251,0.032
318.41145,0.032
318.4123,0.032
318.412301,0.032
318.60965,0.032
318.61055,0.032
318.610551,0.032
318.80745,0.032
318.8081,0.032
318.808101,0.032
319.00545,0.032
319.00625,0.032
319.006251,0.032
319.20345,0.032
319.20595,0.032
319.205951,0.032
319.40145,0.032
319.40235,0.032
319.402351,0.032
319.59945,0.032
319.60035,0.032
319.600351,0.032
319.7975,0.032
319.79835,0.032
319.798351,0.032
319.9955,0.032
319.99625,0.032
319.996251,0.032
320.1935,0.032
320.19425,0.032
320.194251,0.032
320.39145,0.032
320.3925,0.032
320.392501,0.032
320.58945,0.032
320.59035,0.032
320.590351,0.032
320.7875,0.032
320.78835,0.032
320.788351,0.032
320.9855,0.032
320.9863,0.032
320.986301,0.032
321.1835,0.032
321.1843,0.032
321.184301,0.032
321.3815,0.032
321.38255,0.032
321.382551,0.032
321.57985,0.032
321.58085,0.032
321.580851,0.032
321.7775,0.032
321.7784,0.032
321.778401,0.032
321.97595,0.032
321.97695,0.032
321.976951,0.032
322.1735,0.032
322.1743,0.032
322.174301,0.032
322.3715,0.032
322.3725,0.032
322.372501,0.032
322.5695,0.032
322.57055,0.032
322.570550999,0.032
322.76755,0.032
322.7684,0.032
322.768401,0.032
322.96555,0.032
322.96655,0.032
322.966551,0.032
323.16355,0.032
323.16435,0.032
323.164351,0.032
323.3632,0.032
323.3642,0.032
323.364201,0.032
323.55955,0.032
323.56055,0.032
323.560551,0.032
323.75755,0.032
323.75855,0.032
323.758551,0.032
323.95555,0.032
323.95655,0.032
323.956551,0.032
324.15355,0.032
324.1546,0.032
324.154601,0.032
324.35155,0.032
324.3526,0.032
324.352601,0.032
324.5496,0.032
324.5506,0.032
324.550601,0.032
324.7476,0.032
324.7486,0.032
324.748601,0.032
324.9456,0.032
324.9466,0.032
324.946601,0.032
325.1436,0.032
325.1446,0.032
325.144601,0.032
325.3416,0.032
325.34275,0.032
325.342751,0.032
325.5396,0.032
325.5406,0.032
325.540601,0.032
325.7376,0.032
325.9359,0.032
325.935901,0.032
325.93725,0.032
326.13385,0.032
326.133851,0.032
326.13525,0.032
326.33185,0.032
326.331851,0.032
326.33325,0.032
326.52985,0.032
326.529851,0.032
326.5314,0.032
326.72785,0.032
326.727851,0.032
326.72925,0.032
326.9259,0.032
326.925901,0.032
326.92725,0.032
327.1241,0.032
327.124101,0.032
327.1253,0.032
327.32255,0.032
327.322551,0.032
327.3239,0.032
327.52015,0.032
327.520151,0.032
327.5214,0.032
327.7179,0.032
327.717901,0.032
327.721,0.032
327.9159,0.032
327.915901,0.032
327.9173,0.032
328.11415,0.032
328.114151,0.032
328.1153,0.032
328.31345,0.032
328.313451,0.032
328.31485,0.032
328.51015,0.032
328.510151,0.032
328.51145,0.032
328.7093,0.032
328.709301,0.032
328.7107,0.032
328.90595,0.032
328.905951,0.032
328.90735,0.032
329.10415,0.032
329.104151,0.032
329.10535,0.032
329.30215,0.032
329.302151,0.032
329.30335,0.032
329.5002,0.032
329.500201,0.032
329.50145,0.032
329.6982,0.032
329.698201,0.032
329.7011,0.032
329.89595,0.032
329.895951,0.032
329.89735,0.032
330.09415,0.032
330.094150999,0.032
330.09535,0.032
330.29215,0.032
330.292151,0.032
330.29335,0.032
330.4902,0.032
330.490201,0.032
330.4915,0.032
330.6882,0.032
330.688201,0.032
330.69105,0.032
330.886,0.032
330.886001,0.032
330.88735,0.032
331.085849999,0.032
331.085851,0.032
331.087,0.032
331.2822,0.032
331.282201,0.032
331.2834,0.032
331.47975,0.032
331.48035,0.032
331.480351,0.032
331.6782,0.032
331.678201,0.032
331.6794,0.032
331.8762,0.032
331.876201,0.032
331.87735,0.032
332.075849999,0.032
332.075851,0.032
332.07705,0.032
332.2722,0.032
332.272201,0.032
332.2734,0.032
332.46975,0.032
332.4704,0.032
332.470401,0.032
332.66825,0.032
332.668251,0.032
332.6695,0.032
332.86625,0.032
332.866251,0.032
332.8674,0.032
333.063749999,0.032
333.0644,0.032
333.064401,0.032
333.26225,0.032
333.262251,0.032
333.2634,0.032
333.45975,0.032
333.4604,0.032
333.460401,0.032
333.65775,0.032
333.6584,0.032
333.658401,0.032
333.85625,0.032
333.856251,0.032
333.8574,0.032
334.05375,0.032
334.05445,0.032
334.054451,0.032
334.25225,0.032
334.252251,0.032
334.25345,0.032
334.4498,0.032
334.45045,0.032
334.450451,0.032
334.6494,0.032
334.6501,0.032
334.650101,0.032
334.8463,0.032
334.846301,0.032
334.84745,0.032
335.0438,0.032
335.04445,0.032
335.044451,0.032
335.2418,0.032
335.24245,0.032
335.242451,0.032
335.4398,0.032
335.44045,0.032
335.440451,0.032
335.6382,0.032
335.63885,0.032
335.638851,0.032
335.8358,0.032
335.83645,0.032
335.836451,0.032
336.0338,0.032
336.0345,0.032
336.034501,0.032
336.2318,0.032
336.2325,0.032
336.232501,0.032
336.42985,0.032
336.4305,0.032
336.430501,0.032
336.62785,0.032
336.628449999,0.032
336.628450999,0.032
336.82585,0.032
336.82645,0.032
336.826451,0.032
337.02385,0.032
337.02465,0.032
337.024651,0.032
337.22185,0.032
337.2225,0.032
337.222501,0.032
337.41985,0.032
337.4207,0.032
337.420701,0.032
337.61785,0.032
337.6185,0.032
337.618501,0.032
337.8163,0.032
337.816999999,0.032
337.817001,0.032
338.01385,0.032
338.01465,0.032
338.014651,0.032
338.21185,0.032
338.2125,0.032
338.212501,0.032
338.4099,0.032
338.41075,0.032
338.410751,0.032
338.60785,0.032
338.6085,0.032
338.608501,0.032
338.80585,0.032
338.8083,0.032
338.808301,0.032
339.00385,0.032
339.00465,0.032
339.004651,0.032
339.20185,0.032
339.2029,0.032
339.202901,0.032
339.3999,0.032
339.4008,0.032
339.400801,0.032
339.5979,0.032
339.5988,0.032
339.598801,0.032
339.7959,0.032
339.7967,0.032
339.796701,0.032
339.9939,0.032
339.9947,0.032
339.994701,0.032
340.1919,0.032
340.1927,0.032
340.192701,0.032
340.3899,0.032
340.39075,0.032
340.390751,0.032
340.5879,0.032
340.5888,0.032
340.588801,0.032
340.7859,0.032
340.7868,0.032
340.786801,0.032
340.9839,0.032
340.98475,0.032
340.984751,0.032
341.1819,0.032
341.1827,0.032
341.182701,0.032
341.3816,0.032
341.3826,0.032
341.382601,0.032
341.577949999,0.032
341.578799999,0.032
341.578801,0.032
341.77595,0.032
341.7768,0.032
341.776801,0.032
341.97395,0.032
341.9765,0.032
341.976501,0.032
342.17195,0.032
342.17295,0.032
342.172951,0.032
342.36995,0.032
342.37095,0.032
342.370951,0.032
342.56795,0.032
342.56895,0.032
342.568951,0.032
342.76595,0.032
342.76695,0.032
342.766951,0.032
342.96395,0.032
342.965,0.032
342.965001,0.032
343.16195,0.032
343.16275,0.032
343.162751,0.032
343.36,0.032
343.361,0.032
343.361001,0.032
343.558,0.032
343.559,0.032
343.559001,0.032
343.756,0.032
343.75685,0.032
343.756851,0.032
343.95395,0.032
343.955,0.032
343.955001,0.032
344.152,0.032
344.153,0.032
344.153001,0.032
344.35,0.032
344.351,0.032
344.351001,0.032
344.548,0.032
344.549,0.032
344.549001,0.032
344.746,0.032
344.74705,0.032
344.747051,0.032
344.944,0.032
344.94505,0.032
344.945051,0.032
345.1429,0.032
345.14405,0.032
345.144051,0.032
345.34,0.032
345.34105,0.032
345.341051,0.032
345.538,0.032
345.7367,0.032
345.736701,0.032
345.73805,0.032
345.9343,0.032
345.934301,0.032
345.9357,0.032
346.1323,0.032
346.132301,0.032
346.13365,0.032
346.33055,0.032
346.330551,0.032
346.3317,0.032
346.5283,0.032
346.528301,0.032
346.5298,0.032
346.72745,0.032
346.727451,0.032
346.72885,0.032
346.9245,0.032
346.924501,0.032
346.9257,0.032
347.1223,0.032
347.122301,0.032
347.1237,0.032
347.32055,0.032
347.320551,0.032
347.3217,0.032
347.51835,0.032
347.518351,0.032
347.51985,0.032
347.71795,0.032
347.717951,0.032
347.71935,0.032
347.91455,0.032
347.914551,0.032
347.91575,0.032
348.11235,0.032
348.112351,0.032
348.11375,0.032
348.31055,0.032
348.310551,0.032
348.31175,0.032
348.50855,0.032
348.508551,0.032
348.50985,0.032
348.70635,0.032
348.706351,0.032
348.70775,0.032
348.90625,0.032
348.906251,0.032
348.90745,0.032
349.1026,0.032
349.102601,0.032
349.10375,0.032
349.3006,0.032
349.300601,0.032
349.30175,0.032
349.4986,0.032
349.498601,0.032
349.4999,0.032
349.69635,0.032
349.696351,0.032
349.69775,0.032
349.8946,0.032
349.894601,0.032
349.8958,0.032
350.0926,0.032
350.092601,0.032
350.09375,0.032
350.2901,0.032
350.29075,0.032
350.290751,0.032
350.4886,0.032
350.488601,0.032
350.4899,0.032
350.6866,0.032
350.686601,0.032
350.68775,0.032
350.8846,0.032
350.884601,0.032
350.8858,0.032
351.0826,0.032
351.082601,0.032
351.083799999,0.032
351.28015,0.032
351.2808,0.032
351.280801,0.032
351.47865,0.032
351.478651,0.032
351.47995,0.032
351.67665,0.032
351.676651,0.032
351.6778,0.032
351.87465,0.032
351.874651,0.032
351.8758,0.032
352.072649999,0.032
352.072651,0.032
352.073799999,0.032
352.27015,0.032
352.2708,0.032
352.270801,0.032
352.46815,0.032
352.4688,0.032
352.468801,0.032
352.6684,0.032
352.668401,0.032
352.66955,0.032
352.8642,0.032
352.86485,0.032
352.864851,0.032
353.062649999,0.032
353.062651,0.032
353.06385,0.032
353.2611,0.032
353.26175,0.032
353.261751,0.032
353.4582,0.032
353.45885,0.032
353.458851,0.032
353.6567,0.032
353.656701,0.032
353.65785,0.032
353.8542,0.032
353.85655,0.032
353.856551,0.032
354.0527,0.032
354.052701,0.032
354.05385,0.032
354.2502,0.032
354.25085,0.032
354.250851,0.032
354.4482,0.032
354.44885,0.032
354.448851,0.032
354.6462,0.032
354.6469,0.032
354.646901,0.032
354.84425,0.032
354.84485,0.032
354.844851,0.032
355.04225,0.032
355.04285,0.032
355.042851,0.032
355.24025,0.032
355.2409,0.032
355.240901,0.032
355.43825,0.032
355.43885,0.032
355.438851,0.032
355.6362,0.032
355.6369,0.032
355.636901,0.032
355.8342,0.032
355.8349,0.032
355.834901,0.032
356.03225,0.032
356.0329,0.032
356.032901,0.032
356.23025,0.032
356.23115,0.032
356.231151,0.032
356.42825,0.032
356.4289,0.032
356.428901,0.032
356.62705,0.032
356.627699999,0.032
356.627700999,0.032
356.82425,0.032
356.825049999,0.032
356.825051,0.032
357.02225,0.032
357.0229,0.032
357.022901,0.032
357.22025,0.032
357.22115,0.032
357.221151,0.032
357.41825,0.032
357.4189,0.032
357.418901,0.032
357.6173,0.032
357.61795,0.032
357.617951,0.032
357.81425,0.032
357.81505,0.032
357.815051,0.032
358.0123,0.032
358.01305,0.032
358.013051,0.032
358.2108,0.032
358.21165,0.032
358.211651,0.032
358.4083,0.032
358.40915,0.032
358.409151,0.032
358.6063,0.032
358.60695,0.032
358.606951,0.032
358.8043,0.032
358.8051,0.032
358.805101,0.032
359.0023,0.032
359.0031,0.032
359.003101,0.032
359.2003,0.032
359.2012,0.032
359.201201,0.032
359.3983,0.032
359.3992,0.032
359.399201,0.032
359.5963,0.032
359.597,0.032
359.597001,0.032
359.79595,0.032
359.79675,0.032
359.796751,0.032
359.99235,0.032
359.9931,0.032
359.993101,0.032
360.19035,0.032
360.1931,0.032
360.193101,0.032
360.38835,0.032
360.3892,0.032
360.389201,0.032
360.58635,0.032
360.5872,0.032
360.587201,0.032
360.78605,0.032
360.78685,0.032
360.786851,0.032
360.98235,0.032
360.9831,0.032
360.983101,0.032
361.18035,0.032
361.18135,0.032
361.181351,0.032
361.37835,0.032
361.37925,0.032
361.379251,0.032
361.57635,0.032
361.57725,0.032
361.577251,0.032
361.7744,0.032
361.7771,0.032
361.777101,0.032
361.9724,0.032
361.97315,0.032
361.973151,0.032
362.17035,0.032
362.1714,0.032
362.171401,0.032
362.36835,0.032
362.3694,0.032
362.369401,0.032
362.56635,0.032
362.56725,0.032
362.567251,0.032
362.7661,0.032
362.7671,0.032
362.767101,0.032
362.9624,0.032
362.96315,0.032
362.963151,0.032
363.1604,0.032
363.1614,0.032
363.161401,0.032
363.3584,0.032
363.35945,0.032
363.359451,0.032
363.5564,0.032
363.5573,0.032
363.557301,0.032
363.7544,0.032
363.75545,0.032
363.755451,0.032
363.9524,0.032
363.9534,0.032
363.953401,0.032
364.1504,0.032
364.1514,0.032
364.151401,0.032
364.3484,0.032
364.3494,0.032
364.349401,0.032
364.54645,0.032
364.54745,0.032
364.547451,0.032
364.74445,0.032
364.74545,0.032
364.745451,0.032
364.94295,0.032
364.94395,0.032
364.943951,0.032
365.14045,0.032
365.14145,0.032
365.141451,0.032
365.33845,0.032
365.33945,0.032
365.339451,0.032
365.53785,0.032
365.73475,0.032
365.734751,0.032
365.7361,0.032
365.9327,0.032
365.932701,0.032
365.9341,0.032
366.13075,0.032
366.130751,0.032
366.1321,0.032
366.32875,0.032
366.328751,0.032
366.3301,0.032
366.52675,0.032
366.526751,0.032
366.52825,0.032
366.7264,0.032
366.726401,0.032
366.7278,0.032
366.9227,0.032
366.922701,0.032
366.92415,0.032
367.12075,0.032
367.120751,0.032
367.12215,0.032
367.319,0.032
367.319001,0.032
367.32035,0.032
367.51675,0.032
367.516751,0.032
367.51825,0.032
367.7164,0.032
367.716401,0.032
367.71775,0.032
367.913,0.032
367.913001,0.032
367.91415,0.032
368.111,0.032
368.111001,0.032
368.11215,0.032
368.309,0.032
368.309001,0.032
368.31015,0.032
368.50675,0.032
368.506751,0.032
368.5083,0.032
368.705,0.032
368.705001,0.032
368.70795,0.032
368.903,0.032
368.903001,0.032
368.90415,0.032
369.1008,0.032
369.100801,0.032
369.10215,0.032
369.299,0.032
369.299001,0.032
369.30015,0.032
369.49705,0.032
369.497051,0.032
369.4983,0.032
369.6948,0.032
369.694801,0.032
369.6962,0.032
369.89305,0.032
369.893051,0.032
369.8942,0.032
370.09105,0.032
370.091050999,0.032
370.09125,0.032
370.28905,0.032
370.289051,0.032
370.2908,0.032
370.48705,0.032
370.487051,0.032
370.48835,0.032
370.68485,0.032
370.684851,0.032
370.6862,0.032
370.88305,0.032
370.883051,0.032
370.8842,0.032
371.08055,0.032
371.0812,0.032
371.081201,0.032
371.27905,0.032
371.279051,0.032
371.282,0.032
371.4771,0.032
371.477101,0.032
371.47835,0.032
371.6746,0.032
371.67525,0.032
371.675251,0.032
371.87305,0.032
371.873051,0.032
371.87425,0.032
372.07105,0.032
372.071050999,0.032
372.0713,0.032
372.2686,0.032
372.2692,0.032
372.269201,0.032
372.46735,0.032
372.467351,0.032
372.46865,0.032
372.6651,0.032
372.665101,0.032
372.6653,0.032
372.8631,0.032
372.863101,0.032
372.86425,0.032
373.0618,0.032
373.06245,0.032
373.062451,0.032
373.2586,0.032
373.25925,0.032
373.259251,0.032
373.4566,0.032
373.4577,0.032
373.457701,0.032
373.65465,0.032
373.65525,0.032
373.655251,0.032
373.8526,0.032
373.85325,0.032
373.853251,0.032
374.0506,0.032
374.05125,0.032
374.051251,0.032
374.2486,0.032
374.24925,0.032
374.249251,0.032
374.4466,0.032
374.4473,0.032
374.447301,0.032
374.64465,0.032
374.6453,0.032
374.645301,0.032
374.84265,0.032
374.8433,0.032
374.843301,0.032
375.0428,0.032
375.042801,0.032
375.04305,0.032
375.23865,0.032
375.2393,0.032
375.239301,0.032
375.43665,0.032
375.4373,0.032
375.437301,0.032
375.63465,0.032
375.6353,0.032
375.635301,0.032
375.83265,0.032
375.8333,0.032
375.833301,0.032
376.03065,0.032
376.03155,0.032
376.031551,0.032
376.22865,0.032
376.22935,0.032
376.229351,0.032
376.4267,0.032
376.42735,0.032
376.427351,0.032
376.6247,0.032
376.6255,0.032
376.625501,0.032
376.8227,0.032
376.82335,0.032
376.823351,0.032
377.0207,0.032
377.02155,0.032
377.021551,0.032
377.2187,0.032
377.21955,0.032
377.219551,0.032
377.4167,0.032
377.41735,0.032
377.417351,0.032
377.6147,0.032
377.6155,0.032
377.615501,0.032
377.8127,0.032
377.813499999,0.032
377.813501,0.032
378.0107,0.032
378.0116,0.032
378.011601,0.032
378.2087,0.032
378.2096,0.032
378.209601,0.032
378.4067,0.032
378.40735,0.032
378.407351,0.032
378.60475,0.032
378.6055,0.032
378.605501,0.032
378.80275,0.032
378.8035,0.032
378.803501,0.032
379.00075,0.032
379.00325,0.032
379.003251,0.032
379.1987,0.032
379.1996,0.032
379.199601,0.032
379.39675,0.032
379.3976,0.032
379.397601,0.032
379.5963,0.032
379.59705,0.032
379.597051,0.032
379.79275,0.032
379.79355,0.032
379.793551,0.032
379.99075,0.032
379.9918,0.032
379.991801,0.032
380.18875,0.032
380.18965,0.032
380.189651,0.032
380.38675,0.032
380.38765,0.032
380.387651,0.032
380.58475,0.032
380.58555,0.032
380.585551,0.032
380.78275,0.032
380.78355,0.032
380.783551,0.032
380.98075,0.032
380.9818,0.032
380.981801,0.032
381.17875,0.032
381.17975,0.032
381.179751,0.032
381.3768,0.032
381.37765,0.032
381.377651,0.032
381.5748,0.032
381.5758,0.032
381.575801,0.032
381.7728,0.032
381.7736,0.032
381.773601,0.032
381.9708,0.032
381.9718,0.032
381.971801,0.032
382.1688,0.032
382.1698,0.032
382.169801,0.032
382.3668,0.032
382.36765,0.032
382.367651,0.032
382.5648,0.032
382.5658,0.032
382.565801,0.032
382.7628,0.032
382.7636,0.032
382.763601,0.032
382.9608,0.032
382.9618,0.032
382.961801,0.032
383.1588,0.032
383.15985,0.032
383.159851,0.032
383.35685,0.032
383.35785,0.032
383.357851,0.032
383.55485,0.032
383.55585,0.032
383.555851,0.032
383.75285,0.032
383.75385,0.032
383.753851,0.032
383.95085,0.032
383.95185,0.032
383.951851,0.032
384.14885,0.032
384.14985,0.032
384.149851,0.032
384.34685,0.032
384.34785,0.032
384.347851,0.032
384.54485,0.032
384.54585,0.032
384.545851,0.032
384.7442,0.032
384.74525,0.032
384.745251,0.032
384.94085,0.032
384.942,0.032
384.942001,0.032
385.13885,0.032
385.1399,0.032
385.139901,0.032
385.3369,0.032
385.5351,0.032
385.535101,0.032
385.5367,0.032
385.73315,0.032
385.733151,0.032
385.73445,0.032
385.93115,0.032
385.931151,0.032
385.93245,0.032
386.12915,0.032
386.129151,0.032
386.13045,0.032
386.32715,0.032
386.327151,0.032
386.32845,0.032
386.52515,0.032
386.525151,0.032
386.52665,0.032
386.72315,0.032
386.723151,0.032
386.72445,0.032
386.92115,0.032
386.921151,0.032
386.9225,0.032
387.1194,0.032
387.119401,0.032
387.1205,0.032
387.31715,0.032
387.317151,0.032
387.3202,0.032
387.5152,0.032
387.515201,0.032
387.5167,0.032
387.7134,0.032
387.713401,0.032
387.7145,0.032
387.9112,0.032
387.911201,0.032
387.9125,0.032
388.1094,0.032
388.109401,0.032
388.1105,0.032
388.3072,0.032
388.307201,0.032
388.3085,0.032
388.5052,0.032
388.505201,0.032
388.5067,0.032
388.7034,0.032
388.703401,0.032
388.7045,0.032
388.9014,0.032
388.901401,0.032
388.9025,0.032
389.09945,0.032
389.099451,0.032
389.1005,0.032
389.29745,0.032
389.297451,0.032
389.2985,0.032
389.49525,0.032
389.495251,0.032
389.49675,0.032
389.69345,0.032
389.693451,0.032
389.69455,0.032
389.89145,0.032
389.891451,0.032
389.89255,0.032
390.08945,0.032
390.089451,0.032
390.09055,0.032
390.28745,0.032
390.287451,0.032
390.28855,0.032
390.48525,0.032
390.485251,0.032
390.48675,0.032
390.68495,0.032
390.684951,0.032
390.68605,0.032
390.88145,0.032
390.881451,0.032
390.88255,0.032
391.07895,0.032
391.07965,0.032
391.079651,0.032
391.2775,0.032
391.277501,0.032
391.27855,0.032
391.4755,0.032
391.475501,0.032
391.4768,0.032
391.6735,0.032
391.673501,0.032
391.6746,0.032
391.8724,0.032
391.872401,0.032
391.8735,0.032
392.069,0.032
392.069649999,0.032
392.069651,0.032
392.2675,0.032
392.267501,0.032
392.2686,0.032
392.4655,0.032
392.465501,0.032
392.46855,0.032
392.6635,0.032
392.663501,0.032
392.6646,0.032
392.8615,0.032
392.861501,0.032
392.8626,0.032
393.059,0.032
393.0597,0.032
393.059701,0.032
393.2572,0.032
393.25785,0.032
393.257851,0.032
393.45555,0.032
393.455551,0.032
393.45685,0.032
393.65305,0.032
393.6537,0.032
393.653701,0.032
393.85155,0.032
393.851551,0.032
393.8526,0.032
394.04905,0.032
394.0497,0.032
394.049701,0.032
394.24705,0.032
394.2477,0.032
394.247701,0.032
394.44555,0.032
394.445551,0.032
394.44685,0.032
394.64305,0.032
394.6437,0.032
394.643701,0.032
394.84105,0.032
394.8417,0.032
394.841701,0.032
395.03905,0.032
395.03975,0.032
395.039751,0.032
395.2371,0.032
395.23775,0.032
395.237751,0.032
395.4355,0.032
395.43735,0.032
395.437351,0.032
395.6331,0.032
395.6337,0.032
395.633701,0.032
395.8311,0.032
395.8317,0.032
395.831701,0.032
396.0291,0.032
396.02975,0.032
396.029751,0.032
396.2271,0.032
396.22775,0.032
396.227751,0.032
396.4251,0.032
396.42575,0.032
396.425751,0.032
396.6231,0.032
396.6239,0.032
396.623901,0.032
396.8211,0.032
396.821999999,0.032
396.822001,0.032
397.01915,0.032
397.02,0.032
397.020001,0.032
397.21715,0.032
397.21775,0.032
397.217751,0.032
397.4151,0.032
397.4176,0.032
397.417601,0.032
397.6131,0.032
397.6139,0.032
397.613901,0.032
397.8111,0.032
397.81175,0.032
397.811751,0.032
398.0091,0.032
398.01,0.032
398.010001,0.032
398.20715,0.032
398.2078,0.032
398.207801,0.032
398.40515,0.032
398.4058,0.032
398.405801,0.032
398.60315,0.032
398.60395,0.032
398.603951,0.032
398.80115,0.032
398.80195,0.032
398.801951,0.032
398.99915,0.032
399.0,0.032
399.000001,0.032
399.19715,0.032
399.198,0.032
399.198001,0.032
399.39515,0.032
399.3958,0.032
399.395801,0.032
399.59315,0.032
399.59395,0.032
399.593951,0.032
399.79115,0.032
399.79215,0.032
399.792151,0.032
399.9892,0.032
399.99005,0.032
399.990051,0.032
400.1872,0.032
400.18805,0.032
400.188051,0.032
400.38545,0.032
400.38645,0.032
400.386451,0.032
400.5832,0.032
400.584,0.032
400.584001,0.032
400.7812,0.032
400.782,0.032
400.782001,0.032
400.9792,0.032
400.9802,0.032
400.980201,0.032
401.1772,0.032
401.17805,0.032
401.178051,0.032
401.3752,0.032
401.37625,0.032
401.376251,0.032
401.5732,0.032
401.57425,0.032
401.574251,0.032
401.7712,0.032
401.7722,0.032
401.772201,0.032
401.96925,0.032
401.97025,0.032
401.970251,0.032
402.16725,0.032
402.1681,0.032
402.168101,0.032
402.36525,0.032
402.36625,0.032
402.366251,0.032
402.56325,0.032
402.56425,0.032
402.564251,0.032
402.7612,0.032
402.76225,0.032
402.762251,0.032
402.95925,0.032
402.96025,0.032
402.960251,0.032
403.15725,0.032
403.15825,0.032
403.158251,0.032
403.35525,0.032
403.35625,0.032
403.356251,0.032
403.55325,0.032
403.55425,0.032
403.554251,0.032
403.7519,0.032
403.7529,0.032
403.752901,0.032
403.94925,0.032
403.9503,0.032
403.950301,0.032
404.14725,0.032
404.1483,0.032
404.148301,0.032
404.34525,0.032
404.3463,0.032
404.346301,0.032
404.54325,0.032
404.5443,0.032
404.544301,0.032
404.74125,0.032
404.74245,0.032
404.742451,0.032
404.9393,0.032
405.13755,0.032
405.137551,0.032
405.1391,0.032
405.3371,0.032
405.337101,0.032
405.3386,0.032
405.53355,0.032
405.533551,0.032
405.53695,0.032
405.73155,0.032
405.731551,0.032
405.7331,0.032
405.92955,0.032
405.929551,0.032
405.9311,0.032
406.12755,0.032
406.127551,0.032
406.1291,0.032
406.3256,0.032
406.325601,0.032
406.3271,0.032
406.5238,0.032
406.523801,0.032
406.52695,0.032
406.7216,0.032
406.721601,0.032
406.72315,0.032
406.9198,0.032
406.919801,0.032
406.92115,0.032
407.1176,0.032
407.117601,0.032
407.11915,0.032
407.3156,0.032
407.315601,0.032
407.31715,0.032
407.5138,0.032
407.513801,0.032
407.5153,0.032
407.7116,0.032
407.711601,0.032
407.71315,0.032
407.90985,0.032
407.909851,0.032
407.91115,0.032
408.10785,0.032
408.107851,0.032
408.1109,0.032
408.306,0.032
408.306001,0.032
408.3075,0.032
408.50385,0.032
408.503851,0.032
408.5053,0.032
408.70185,0.032
408.701851,0.032
408.7032,0.032
408.89985,0.032
408.899851,0.032
408.90125,0.032
409.097849999,0.032
409.097851,0.032
409.09925,0.032
409.29565,0.032
409.295651,0.032
409.29725,0.032
409.49385,0.032
409.493851,0.032
409.4954,0.032
409.69185,0.032
409.691851,0.032
409.69325,0.032
409.8894,0.032
409.89005,0.032
409.890051,0.032
410.087899999,0.032
410.087901,0.032
410.08925,0.032
410.2859,0.032
410.285901,0.032
410.2873,0.032
410.4839,0.032
410.483901,0.032
410.4854,0.032
410.6819,0.032
410.681901,0.032
410.6833,0.032
410.8794,0.032
410.88005,0.032
410.880051,0.032
411.0779,0.032
411.077901,0.032
411.0793,0.032
411.2759,0.032
411.275901,0.032
411.2773,0.032
411.4739,0.032
411.473901,0.032
411.47545,0.032
411.6719,0.032
411.671901,0.032
411.6733,0.032
411.86945,0.032
411.8701,0.032
411.870101,0.032
412.06745,0.032
412.0681,0.032
412.068101,0.032
412.26675,0.032
412.266751,0.032
412.26815,0.032
412.46345,0.032
412.46405,0.032
412.464051,0.032
412.6619,0.032
412.661901,0.032
412.6633,0.032
412.85945,0.032
412.8601,0.032
412.860101,0.032
413.05745,0.032
413.0581,0.032
413.058101,0.032
413.256,0.032
413.256001,0.032
413.2574,0.032
413.45345,0.032
413.4541,0.032
413.454101,0.032
413.65195,0.032
413.651951,0.032
413.65335,0.032
413.8495,0.032
413.8501,0.032
413.850101,0.032
414.0475,0.032
414.0481,0.032
414.048101,0.032
414.2455,0.032
414.2461,0.032
414.246101,0.032
414.4435,0.032
414.4441,0.032
414.444101,0.032
414.64145,0.032
414.64215,0.032
414.642151,0.032
414.8395,0.032
414.84015,0.032
414.840151,0.032
415.0375,0.032
415.03815,0.032
415.038151,0.032
415.2355,0.032
415.23615,0.032
415.236151,0.032
415.4335,0.032
415.43415,0.032
415.434151,0.032
415.6315,0.032
415.63215,0.032
415.632151,0.032
415.8295,0.032
415.8304,0.032
415.830400999,0.032
416.0275,0.032
416.02815,0.032
416.028151,0.032
416.2255,0.032
416.22615,0.032
416.226151,0.032
416.4235,0.032
416.4243,0.032
416.424301,0.032
416.6215,0.032
416.6222,0.032
416.622201,0.032
416.819549999,0.032
416.8204,0.032
416.820401,0.032
417.01755,0.032
417.0182,0.032
417.018201,0.032
417.21555,0.032
417.2162,0.032
417.216201,0.032
417.41355,0.032
417.41435,0.032
417.414351,0.032
417.61155,0.032
417.61235,0.032
417.612351,0.032
417.80955,0.032
417.8104,0.032
417.810401,0.032
418.00755,0.032
418.0084,0.032
418.008401,0.032
418.2071,0.032
418.20775,0.032
418.207751,0.032
418.40355,0.032
418.40435,0.032
418.404351,0.032
418.60155,0.032
418.60235,0.032
418.602351,0.032
418.7996,0.032
418.80045,0.032
418.800451,0.032
418.9979,0.032
418.99875,0.032
418.998751,0.032
419.1956,0.032
419.19625,0.032
419.196251,0.032
419.3936,0.032
419.39435,0.032
419.394351,0.032
419.5916,0.032
419.5926,0.032
419.592601,0.032
419.7896,0.032
419.7906,0.032
419.790601,0.032
419.9876,0.032
419.98845,0.032
419.988451,0.032
420.1856,0.032
420.1883,0.032
420.188301,0.032
420.3836,0.032
420.3844,0.032
420.384401,0.032
420.58165,0.032
420.5824,0.032
420.582401,0.032
420.77965,0.032
420.78065,0.032
420.780651,0.032
420.9776,0.032
420.9785,0.032
420.978501,0.032
421.1756,0.032
421.1765,0.032
421.176501,0.032
421.3736,0.032
421.3744,0.032
421.374401,0.032
421.57165,0.032
421.5724,0.032
421.572401,0.032
421.76965,0.032
421.77065,0.032
421.770651,0.032
421.96765,0.032
421.96865,0.032
421.968651,0.032
422.16565,0.032
422.16655,0.032
422.166551,0.032
422.36365,0.032
422.3647,0.032
422.364701,0.032
422.56165,0.032
422.5627,0.032
422.562701,0.032
422.75965,0.032
422.7623,0.032
422.762301,0.032
422.95765,0.032
422.95865,0.032
422.958651,0.032
423.15565,0.032
423.15665,0.032
423.156651,0.032
423.35365,0.032
423.3547,0.032
423.354701,0.032
423.5517,0.032
423.5527,0.032
423.552701,0.032
423.7497,0.032
423.7507,0.032
423.750701,0.032
423.9477,0.032
423.9487,0.032
423.948701,0.032
424.1457,0.032
424.1467,0.032
424.146701,0.032
424.3437,0.032
424.3447,0.032
424.344701,0.032
424.5417,0.032
424.5427,0.032
424.542701,0.032
424.7397,0.032
424.938,0.032
424.938001,0.032
424.9396,0.032
425.136,0.032
425.136001,0.032
425.1376,0.032
425.3342,0.032
425.334201,0.032
425.3356,0.032
425.532,0.032
425.532001,0.032
425.53375,0.032
425.7302,0.032
425.730201,0.032
425.7316,0.032
425.928,0.032
425.928001,0.032
425.9296,0.032
426.126,0.032
426.126001,0.032
426.1276,0.032
426.3242,0.032
426.324201,0.032
426.3256,0.032
426.522,0.032
426.522001,0.032
426.52375,0.032
426.72,0.032
426.720001,0.032
426.7216,0.032
426.918,0.032
426.918001,0.032
426.91965,0.032
427.116,0.032
427.116001,0.032
427.11765,0.032
427.31425,0.032
427.314251,0.032
427.31765,0.032
427.51225,0.032
427.512251,0.032
427.5141,0.032
427.71025,0.032
427.710251,0.032
427.71195,0.032
427.90825,0.032
427.908251,0.032
427.90995,0.032
428.10605,0.032
428.106051,0.032
428.1079,0.032
428.30425,0.032
428.304251,0.032
428.3059,0.032
428.50225,0.032
428.502251,0.032
428.50405,0.032
428.7003,0.032
428.700301,0.032
428.7019,0.032
428.8983,0.032
428.898301,0.032
428.9003,0.032
429.09605,0.032
429.096050999,0.032
429.097949999,0.032
429.2943,0.032
429.294301,0.032
429.2959,0.032
429.49225,0.032
429.492251,0.032
429.49405,0.032
429.6898,0.032
429.69045,0.032
429.690451,0.032
429.8883,0.032
429.888301,0.032
429.8899,0.032
430.0863,0.032
430.086301,0.032
430.087949999,0.032
430.2843,0.032
430.284301,0.032
430.28595,0.032
430.4823,0.032
430.482301,0.032
430.4841,0.032
430.67985,0.032
430.6805,0.032
430.680501,0.032
430.8783,0.032
430.878301,0.032
430.87995,0.032
431.0763,0.032
431.076301,0.032
431.07795,0.032
431.27385,0.032
431.2745,0.032
431.274501,0.032
431.274502,0.032
431.274503,0.032
431.274504,0.032
431.4723,0.1269980788675205
431.472301,0.1269985591506335
431.472302,0.1269990394337739
431.472303,0.1269995197168869
431.472304,0.127
431.4744,0.1260875556667523
431.66985,0.041002992244175
431.67215,0.0400017413059751
431.672151,0.0400013059794813
431.672152,0.0400008706529875
431.672153,0.0400004353264937
431.672154,0.04
431.86785,0.0260466310160425
431.8685,0.0260002852049903
431.868501,0.0260002139037427
431.868502,0.0260001426024951
431.868503,0.0260000713012475
431.868504,0.026
432.06635,0.0309998989133184
432.066351,0.0309999241849888
432.066352,0.0309999494566592
432.066352999,0.0309999747283296
432.066354,0.031
432.0683,0.0314910421397868
432.26385,0.0808349735049212
432.2645,0.0809989906636412
432.264501,0.0809992429977309
432.264502,0.0809994953318206
432.264503,0.0809997476659103
432.264504,0.081
432.46235,0.071000202173366
432.462351,0.0710001516300223
432.462352,0.0710001010866815
432.462353,0.0710000505433408
432.462354,0.071
432.46445,0.071
432.6599,0.071
432.6605,0.071
432.660501,0.071
432.660502,0.071
432.660503,0.071
432.660504,0.071
432.85785,0.009204787878787
432.8585,0.0090012525252493
432.858501,0.009000939393937
432.858502,0.0090006262626246
432.858503,0.0090003131313123
432.858504,0.009
433.05585,0.0827555757575767
433.0565,0.0829985050505088
433.056501,0.0829988787878816
433.056502,0.0829992525252544
433.056503,0.0829996262626272
433.056504,0.083
433.25385,0.0869857813683416
433.25455,0.0869999192123203
433.254551,0.0869999394092402
433.254552,0.0869999596061601
433.254553,0.0869999798030801
433.254554,0.087
433.4519,0.083013212121212
433.45255,0.0830000808080806
433.452551,0.0830000606060604
433.452552,0.0830000404040403
433.452553,0.0830000202020201
433.452554,0.083
433.6499,0.0207270323065303
433.6522,0.0200012622088623
433.652201,0.0200009466566467
433.652202,0.0200006311044311
433.652203,0.0200003155522155
433.652204,0.02
433.8479,0.0379400458365166
433.84855,0.0379996333078695
433.848551,0.0379997249809021
433.848552,0.0379998166539347
433.848553,0.0379999083269673
433.848554,0.038
434.0459,0.093815030303031
434.04655,0.0939988686868715
434.046551,0.0939991515151536
434.046552,0.0939994343434357
434.046553,0.0939997171717179
434.046554,0.094
434.2439,0.0531354242424236
434.24455,0.0530008282828261
434.244551,0.0530006212121196
434.244552,0.053000414141413
434.244553,0.0530002070707065
434.244554,0.053
434.4419,0.0051585454545448
434.44255,0.0050009696969672
434.442551,0.0050007272727254
434.442552,0.0050004848484836
434.442553,0.0050002424242418
434.442554,0.005
434.6399,0.0259306363636366
434.64055,0.0259995757575708
434.640551,0.0259996818181765
434.640552,0.0259997878787884
434.640553,0.0259998939393942
434.640554,0.026
434.8379,0.0040726666666663
434.83855,0.0040004444444433
434.838551,0.0040003333333324
434.838552,0.0040002222222216
434.838553,0.0040001111111108
434.838554,0.004
435.0359,0.0194429534267317
435.03655,0.019493817998233
435.036551,0.0194938962514197
435.2339,0.0349370844377161
435.2347,0.034999686987253
435.234701,0.0349997652404398
435.234702,0.0349998434936265
435.234703,0.0349999217468132
435.234704,0.035
435.43195,0.0499504295098536
435.4326,0.0499996968165748
435.432601,0.0499997726124311
435.432602,0.0499998484082874
435.432603,0.0499999242041437
435.432604,0.05
435.62995,0.0261034106962668
435.6308,0.0260004843592387
435.630801,0.0260003632694307
435.630802,0.0260002421796228
435.630803,0.0260001210898079
435.630804,0.026
435.82795,0.0319801617795754
435.828599999,0.0319998786653188
435.828601,0.0319999089989891
435.828601999,0.0319999393326594
435.828603,0.0319999696663297
435.828603999,0.032
436.02595,0.0260183076534481
436.02655,0.0260001212427377
436.026551,0.0260000909320533
436.026552,0.0260000606213688
436.026553,0.0260000303106844
436.026554,0.026
436.22395,0.0080730171543858
436.22475,0.0080003632694239
436.224751,0.0080002724520679
436.224752,0.0080001816347119
436.224753,0.0080000908173559
436.224754,0.008
436.42195,0.0398942228961338
436.4226,0.0399993530452379
436.422601,0.0399995147839284
436.422602,0.0399996765226189
436.422603,0.0399998382613094
436.422604,0.04
436.61995,0.0280517053481334
436.6208,0.0280002421796159
436.620801,0.0280001816347119
436.620802,0.0280001210898079
436.620803,0.0280000605449039
436.620804,0.028
436.817949999,0.0419537108190093
436.8186,0.0419997168857438
436.818601,0.0419997876643079
436.818602,0.0419998584428719
436.818603,0.0419999292214359
436.818604,0.042
437.01595,0.0200726666666663
437.0166,0.0200004444444433
437.016601,0.0200003333333324
437.016602,0.0200002222222216
437.016603,0.0200001111111108
437.016604,0.02
437.21395,0.02
437.21475,0.02
437.214751,0.02
437.214752,0.02
437.214753,0.02
437.214754,0.02
437.412,0.0608438686868627
437.41275,0.060999171717162
437.412751,0.0609993787878803
437.412752,0.0609995858585868
437.412753,0.0609997929292934
437.412754,0.061
437.61,0.0998318727915298
437.61085,0.0999992125189318
437.610851,0.0999994093891988
437.610852,0.0999996062594659
437.610853,0.0999998031297329
437.610854,0.1
437.808,0.0428562318840545
437.81095,0.0420011594202869
437.810951,0.0420008695652152
437.810952,0.0420005797101434
437.810953,0.0420002898550717
437.810954,0.042
438.006,0.0579506056733955
438.0066,0.0579996728852551
438.006601,0.0579997546639413
438.006602,0.0579998364426275
438.006603,0.0579999182213137
438.006604,0.058
438.20395,0.0490365177895541
438.20475,0.0490001816805445
438.204751,0.0490001362604084
438.204752,0.0490000908402722
438.204753,0.0490000454201361
438.204754,0.049
438.402,0.0350533131313111
438.40275,0.0350002828282821
438.402751,0.0350002121212115
438.402752,0.035000141414141
438.402753,0.0350000707070705
438.402754,0.035
438.6,0.0330086219081272
438.60085,0.0330000403836445
438.600851,0.0330000302877333
438.600852,0.0330000201918222
438.600853,0.0330000100959111
438.600854,0.033
438.79805,0.0290172481696542
438.7989,0.0290000807876796
438.798901,0.0290000605907597
438.798902,0.0290000403938398
438.798903,0.0290000201969199
438.798904,0.029
438.996,0.0220231504424777
438.99665,0.0220001415929199
438.996651,0.0220001061946899
438.996652,0.02200007079646
438.996653,0.02200003539823
438.996654,0.022
439.194,0.1136267070401134
439.1948,0.1139981428210998
439.194801,0.1139986071158248
439.194802,0.1139990714105499
439.194803,0.1139995357052749
439.194804,0.114
439.392,0.0482680000000054
439.3928,0.0480013333333489
439.392801,0.0480010000000164
439.392802,0.0480006666666839
439.392803,0.0480003333333514
439.392804,0.048
439.59,0.0300956973518294
439.59105,0.0300003631778048
439.591051,0.0300002723833536
439.591052,0.0300001815889024
439.591053,0.0300000907944512
439.591054,0.03
439.788,0.0349771544099067
439.7889,0.0349998989133184
439.788901,0.0349999241849888
439.788902,0.0349999494566592
439.788903,0.0349999747283296
439.788904,0.035
439.986,0.0556795703222562
439.98905,0.055999580314759
439.989051,0.0559996852360677
439.989052,0.0559997901573765
439.989053,0.0559998950786912
439.989054,0.056
440.184,0.0619753563218385
440.1848,0.0619998773946363
440.184801,0.0619999080459772
440.184802,0.0619999386973181
440.184803,0.061999969348659
440.184804,0.062
440.38205,0.0261370909090858
440.3828,0.0260007272727254
440.382801,0.026000545454544
440.382802,0.0260003636363627
440.382803,0.0260001818181813
440.382804,0.026
440.58005,0.0190354501891559
440.58105,0.019000141235813
440.581051,0.0190001059268597
440.581052,0.0190000706179065
440.581053,0.0190000353089532
440.581054,0.019
440.77805,0.045883457164518
440.7789,0.0459994541319117
440.778901,0.0459995905989318
440.778902,0.0459997270659519
440.778903,0.0459998635329798
440.778904,0.046
440.97605,0.0320603838383841
440.9769,0.0320002828282821
440.976901,0.0320002121212115
440.976902,0.032000141414141
440.976903,0.0320000707070705
440.976904,0.032
441.17405,0.0379695987887956
441.17505,0.0379998788796369
441.175051,0.0379999091597277
441.175052,0.0379999394398184
441.175053,0.0379999697199092
441.175054,0.038
441.37205,0.0160894236602584
441.37285,0.016000444893831
441.372851,0.0160003336703732
441.372852,0.0160002224469155
441.372853,0.0160001112234577
441.372854,0.016
441.57005,0.0677365893037276
441.57105,0.0679989505549976
441.571051,0.0679992129162482
441.571052,0.0679994752774988
441.571053,0.0679997376387494
441.571054,0.068
441.76805,0.023228181818187
441.76905,0.0230009090909067
441.769051,0.02300068181818
441.769052,0.0230004545454534
441.769053,0.0230002272727267
441.769054,0.023
441.96605,0.0468903688731693
441.96695,0.0469995149065196
441.966951,0.0469996361798897
441.966952,0.0469997574532598
441.966953,0.0469998787266299
441.966954,0.047
442.1641,0.0351830569430581
442.16715,0.0350002397602391
442.167151,0.0350001798201793
442.167152,0.0350001198801195
442.167153,0.0350000599400597
442.167154,0.035
442.3621,0.0459436386833394
442.3631,0.0459997754529222
442.363101,0.0459998315896916
442.363102,0.0459998877264611
442.363103,0.0459999438632305
442.363104,0.046
442.5601,0.0300811313131331
442.5611,0.0300003232323224
442.561101,0.0300002424242418
442.561102,0.0300001616161612
442.561103,0.0300000808080806
442.561104,0.03
442.7581,0.0160709898989875
442.7591,0.0160002828282821
442.759101,0.0160002121212115
442.759102,0.016000141414141
442.759103,0.0160000707070705
442.759104,0.016
442.9561,0.0090354949494937
442.9571,0.009000141414141
442.957101,0.0090001060606057
442.957102,0.0090000707070705
442.957103,0.0090000353535352
442.957104,0.009
443.1541,0.070685616161609
443.1551,0.0709987474747506
443.155101,0.0709990606060629
443.155102,0.0709993737373753
443.155103,0.0709996868686876
443.155104,0.071
443.3521,0.0421470505050455
443.3531,0.0420005858585843
443.353101,0.0420004393939382
443.353102,0.0420002929292921
443.353103,0.0420001464646461
443.353104,0.042
443.5501,0.0290659191919206
443.5511,0.0290002626262656
443.551101,0.0290001969697002
443.551102,0.0290001313131347
443.551103,0.0290000656565654
443.551104,0.029
443.7481,0.0299968172043009
443.94635,0.0309999797596458
443.946351,0.0309999848197343
443.946352,0.0309999898798229
443.946353,0.0309999949399114
443.946354,0.031
443.9487,0.030946681818182
444.14415,0.0265046363636369
444.34235,0.0220000909090906
444.342351,0.022000068181818
444.342352,0.0220000454545453
444.342353,0.0220000227272726
444.342354,0.022
444.3447,0.0225093562231735
444.5404,0.0649991315324435
444.540401,0.0649993486493326
444.540402,0.0649995657662217
444.540403,0.0649997828831108
444.540404,0.065
444.54285,0.0644317373737327
444.7384,0.0190009292929269
444.738401,0.0190006969696952
444.738402,0.0190004646464634
444.738403,0.0190002323232317
444.738404,0.019
444.74265,0.0205225555555436
444.9364,0.0899985656565692
444.936401,0.0899989242424269
444.936402,0.0899992828282846
444.936403,0.0899996414141423
444.936404,0.09
444.93875,0.0895734545454565
445.1344,0.0540007272727254
445.134401,0.054000545454544
445.134402,0.0540003636363627
445.134403,0.0540001818181813
445.134404,0.054
445.1389,0.052978181818178
445.3324,0.0090009090909067
445.332401,0.00900068181818
445.332402,0.0090004545454534
445.332403,0.0090002272727267
445.332404,0.009
445.33475,0.0094141740226966
445.53065,0.0439992938209349
445.530651,0.0439994703657012
445.530652,0.0439996469104674
445.530653,0.0439998234552337
445.530654,0.044
445.53495,0.0441520707964605
445.7284,0.0509998584070779
445.728401,0.0509998938053079
445.728402,0.0509999292035379
445.728403,0.0509999646017679
445.728404,0.051
445.73075,0.050834121212122
445.9264,0.0370002828282821
445.926401,0.0370002121212115
445.926402,0.037000141414141
445.926403,0.0370000707070705
445.926404,0.037
445.9309,0.0364330390920532
446.12465,0.0120005044136178
446.124651,0.0120003783102134
446.124652,0.0120002522068089
446.124653,0.0120001261034044
446.124654,0.012
446.12675,0.0122755802781281
446.3224,0.0379994740834325
446.322401,0.03799960556258
446.322402,0.03799973704172
446.322403,0.03799986852086
446.322404,0.038
446.3268,0.0382663569805596
446.52045,0.0499997576369609
446.520451,0.0499998182277207
446.520452,0.0499998788184804
446.520453,0.0499999394092402
446.520454,0.05
446.5229,0.0502468213925348
446.71865,0.0699995963673067
446.718651,0.06999969727548
446.718652,0.0699997981836534
446.718653,0.0699998990918267
446.718654,0.07
446.7208,0.0696202730030265
446.91645,0.0350007077856402
446.916451,0.0350005308392302
446.916452,0.0350003538928201
446.916453,0.03500017694641
446.916454,0.035
446.9209,0.0360553636363573
447.11445,0.0819990505050529
447.114451,0.0819992878787896
447.114452,0.0819995252525264
447.114453,0.0819997626262632
447.114454,0.082
447.1168,0.0814083228247048
447.3127,0.0320010088272357
447.312701,0.0320007566204268
447.312702,0.0320005044136178
447.312703,0.0320002522068089
447.312704,0.032
447.31685,0.0322725562579008
447.51045,0.04499973704172
447.510451,0.04499980278129
447.510452,0.04499986852086
447.510453,0.04499993426043
447.510454,0.045
447.51295,0.0444710797174554
447.70865,0.0030008476286557
447.708651,0.0030006357214918
447.708652,0.0030004238143278
447.708653,0.0030002119071639
447.708654,0.003
447.7129,0.0042235692618872
447.90645,0.0599988473205286
447.906451,0.0599991354903965
447.906452,0.0599994236602643
447.906453,0.0599997118301321
447.906454,0.06
447.9088,0.0595971515151534
448.10445,0.0260006868686851
448.104451,0.0260005151515138
448.104452,0.0260003434343425
448.104453,0.0260001717171712
448.104454,0.026
448.10895,0.0269298158890324
448.3027,0.0669991727616549
448.302701,0.0669993795712499
448.302702,0.0669995863808333
448.302703,0.0669997931904166
448.302704,0.067
448.3048,0.0668412121212125
448.5007,0.0520003030303022
448.500701,0.0520002272727267
448.500702,0.0520001515151511
448.500703,0.0520000757575755
448.500704,0.052
448.50505,0.0521536464646464
448.6987,0.0589998585858589
448.698701,0.0589998939393942
448.698702,0.0589999292929294
448.698703,0.0589999646464647
448.698704,0.059
448.70085,0.0584905959595868
448.8967,0.0120009494949471
448.896701,0.0120007121212103
448.896702,0.0120004747474735
448.896703,0.0120002373737367
448.896704,0.012
448.89885,0.0120433535353531
449.0947,0.0159999191919194
449.094701,0.0159999393939395
449.094702,0.0159999595959597
449.094702999,0.0159999797979798
449.094704,0.016
449.098949999,0.0160428888888891
449.2927,0.0179999595959597
449.292701,0.0179999696969697
449.292702,0.0179999797979798
449.292703,0.0179999898989899
449.292704,0.018
449.2948,0.0186033939394086
449.4907,0.0749988484848513
449.490701,0.0749991363636385
449.490702,0.0749994242424257
449.490703,0.0749997121212128
449.490704,0.075
449.493,0.0741650909090903
449.6887,0.0030014545454508
449.688701,0.0030010909090881
449.688702,0.0030007272727254
449.688703,0.0030003636363627
449.688704,0.003
449.690849999,0.0035310808080903
449.8867,0.0519990101009985
449.886701,0.0519992575757453
449.886702,0.0519995050504922
449.886703,0.0519997525252531
449.886704,0.052
449.891,0.0520434378159752
450.0845,0.0539999595551062
450.084501,0.0539999696663297
450.084502,0.0539999797775531
450.084502999,0.0539999898887765
450.084504,0.054
450.086849999,0.0541893366960898
450.28275,0.0699996771752799
450.282751,0.0699997578814588
450.282752,0.0699998385876377
450.282753,0.0699999192938211
450.282754,0.07
450.287,0.0687133333333433
450.48075,0.010001212121209
450.480751,0.0100009090909067
450.480752,0.0100006060606045
450.480753,0.0100003030303022
450.480754,0.01
450.48095,0.0100156604244707
450.67825,0.0257799550561812
450.681,0.0259996803995014
450.681001,0.025999760299626
450.681002,0.0259998401997507
450.681003,0.0259999200998753
450.681004,0.026
450.87675,0.0439996321839037
450.876751,0.0439997241379317
450.876752,0.0439998160919544
450.876753,0.0439999080459772
450.876754,0.044
450.87895,0.0441441818181798
451.074749999,0.056999737373738
451.074751,0.0569998030303035
451.074752,0.056999868686869
451.074753,0.0569999343434345
451.074753999,0.057
451.075,0.056952787878787
451.27275,0.0190007676767657
451.272751,0.0190005757575743
451.272752,0.0190003838383828
451.272753,0.0190001919191914
451.272754,0.019
451.2758,0.0193381882412358
451.47025,0.0409273883421653
451.4709,0.0409995558920021
451.470901,0.0409996669190016
451.470902,0.040999777946001
451.470903,0.0409998889730005
451.470904,0.041
451.66825,0.0629273333333336
451.6689,0.0629995555555566
451.668901,0.0629996666666675
451.668902,0.0629997777777783
451.668903,0.0629998888888891
451.668904,0.063
451.8668,0.008001111672559
451.866801,0.0080008337544193
451.866802,0.0080005558362795
451.866803,0.0080002779181397
451.866804,0.008
451.86895,0.0082057734039851
452.0643,0.02693728993187
452.06495,0.0269996164521836
452.064950999,0.0269997123391377
452.064952,0.0269998082260918
452.064953,0.0269999041130459
452.064954,0.027
452.2628,0.0399997371746279
452.262801,0.0399998028809709
452.262802,0.0399998685873139
452.262803,0.0399999342936569
452.262804,0.04
452.265,0.0399778349735046
452.4603,0.0380066010598031
452.46095,0.0380000403734543
452.460951,0.0380000302800907
452.460952,0.0380000201867271
452.460953,0.0380000100933635
452.460954,0.038
452.6583,0.035009909090909
452.65895,0.0350000606060604
452.658951,0.0350000454545453
452.658952,0.0350000303030302
452.658953,0.0350000151515151
452.658954,0.035
452.8563,0.0300328215454317
452.8576,0.0300001006795869
452.857601,0.0300000755096902
452.857602,0.0300000503397934
452.857603,0.0300000251698967
452.857604,0.03
453.0543,0.0210298251836836
453.05495,0.0210001824170277
453.054951,0.0210001368127714
453.054952,0.0210000912085151
453.054953,0.0210000456042562
453.054954,0.021
453.2523,0.0329603636363638
453.25295,0.0329997575757581
453.252951,0.0329998181818186
453.252952,0.032999878787879
453.252953,0.0329999393939395
453.252954,0.033
453.4503,0.0110726666666663
453.45095,0.0110004444444433
453.450951,0.0110003333333324
453.450952,0.0110002222222216
453.450953,0.0110001111111108
453.450954,0.011
453.6483,0.0538579696969703
453.64895,0.0539991313131335
453.648951,0.0539993484848501
453.648952,0.0539995656565667
453.648953,0.0539997828282833
453.648954,0.054
453.8463,0.0161350770007544
453.847,0.0160007674829569
453.847001,0.0160005756122176
453.847002,0.0160003837414784
453.847003,0.0160001918707392
453.847004,0.016
454.04435,0.0259669696969698
454.045,0.0259997979797956
454.045001,0.0259998484848488
454.045002,0.0259998989898992
454.045003,0.0259999494949496
454.045004,0.026
454.24235,0.024006606060606
454.243,0.0240000404040403
454.243001,0.0240000303030302
454.243002,0.0240000202020201
454.243003,0.02400001010101
454.243004,0.024
454.44035,0.0498879717457108
454.4412,0.0499994752774988
454.441201,0.0499996064581241
454.441202,0.0499997376387494
454.441203,0.0499998688193747
454.441204,0.05
454.63835,0.0320549785082183
454.63895,0.0320003640960851
454.638951,0.0320002730720651
454.638952,0.0320001820480451
454.638953,0.0320000910240251
454.638954,0.032
454.83635,0.0359867912143398
454.837,0.0359999192123203
454.837001,0.0359999394092402
454.837002,0.0359999596061601
454.837003,0.03599997980308
454.837004,0.036
455.03435,0.0270635773584922
455.03575,0.027000181132075
455.035751,0.0270001358490562
455.035752,0.0270000905660375
455.035753,0.0270000452830187
455.035754,0.027
455.23235,0.0180298403041823
455.233,0.0180001825095052
455.233001,0.0180001368821289
455.233002,0.0180000912547526
455.233003,0.0180000456273763
455.233004,0.018
455.43035,0.0299452812105932
455.43125,0.0299997578814634
455.431251,0.0299998184110975
455.431252,0.0299998789407317
455.431253,0.0299999394703658
455.431254,0.03
455.62835,0.0708644045512016
455.629,0.0709991706700282
455.629001,0.0709993780025182
455.629002,0.0709995853350082
455.629003,0.07099979266751
455.629003999,0.071
455.82635,0.0450858787878784
455.827,0.0450005252525239
455.827001,0.0450003939393929
455.827002,0.0450002626262619
455.827003,0.0450001313131309
455.827004,0.045
456.0244,0.0649138461538457
456.02525,0.0649995964691056
456.025251,0.0649996973518292
456.025252,0.0649997982345528
456.025253,0.0649998991172764
456.025254,0.065
456.2224,0.0291371601819049
456.22315,0.0290007276402204
456.223151,0.0290005457301653
456.223152,0.0290003638201102
456.223153,0.0290001819100551
456.223154,0.029
456.42035,0.0200410701665821
456.42125,0.0200001817264003
456.421251,0.0200001362948002
456.421252,0.0200000908632001
456.421253,0.0200000454316
456.421254,0.02
456.61835,0.1255160404040146
456.61925,0.1259978585858335
456.619251,0.1259983939393675
456.619252,0.1259989292929015
456.619253,0.1259994646464355
456.619254,0.126
456.81635,0.0781708392315433
456.81705,0.0780009706774495
456.817051,0.0780007280080871
456.817051999,0.0780004853387247
456.817053,0.0780002426693623
456.817053999,0.078
457.0144,0.0062740434124285
457.01515,0.0060014538112028
457.015151,0.0060010903584021
457.015152,0.0060007269056013
457.015153,0.0060003634528007
457.015154,0.006
457.2124,0.0675463110216509
457.21385,0.0679987518872704
457.213851,0.0679990639154528
457.213852,0.0679993759436352
457.213853,0.0679996879718176
457.213854,0.068
457.4104,0.0122563889592277
457.4113,0.0120011344644185
457.411301,0.0120008508483138
457.411302,0.0120005672322092
457.411303,0.0120002836161046
457.411304,0.012
457.6084,0.0279269494949456
457.6093,0.0279996767676729
457.609301,0.0279997575757535
457.609302,0.0279998383838342
457.609303,0.0279999191919193
457.609304,0.028
457.8064,0.012052915297092
457.80705,0.0120003236409599
457.807051,0.0120002427307199
457.807052,0.0120001618204799
457.807053,0.0120000809102399
457.807054,0.012
458.0044,0.0707606056018119
458.0052,0.0709988089830966
458.005201,0.0709991067373224
458.005202,0.0709994044915483
458.005203,0.0709997022457741
458.005204,0.071
458.2024,0.0162233333333221
458.2032,0.0160011111111083
458.203201,0.0160008333333312
458.203202,0.0160005555555541
458.203203,0.016000277777777
458.203204,0.016
458.4004,0.0617669828456183
458.4014,0.0619990716448055
458.401401,0.0619993037336041
458.401402,0.0619995358224027
458.401403,0.0619997679112013
458.401404,0.062
458.5984,0.0251690146538639
458.5993,0.0250007478524488
458.599301,0.0250005608893366
458.599302,0.0250003739262244
458.599303,0.0250001869631122
458.599304,0.025
458.7964,0.0538675959595972
458.7973,0.0539994141414156
458.797301,0.0539995606060617
458.797302,0.0539997070707078
458.797303,0.0539998535353539
458.797304,0.054
458.99445,0.0231181101566493
458.9952,0.0230006265790787
458.995201,0.023000469934309
458.995202,0.0230003132895393
458.995203,0.0230001566447696
458.995204,0.023
459.19245,0.0518822721535024
459.19325,0.0519994142893223
459.193251,0.0519995607169917
459.193252,0.0519997071446611
459.193253,0.0519998535723306
459.193254,0.052
459.39045,0.0192744883077653
459.3921,0.0190006638169457
459.392101,0.0190004978627093
459.392102,0.0190003319084728
459.392103,0.0190001659542364
459.392104,0.019
459.58845,0.0199956693711967
459.5893,0.0199999797160243
459.589301,0.0199999847870182
459.589302,0.0199999898580121
459.589303,0.019999994929006
459.589304,0.02
459.78645,0.0389180505050501
459.7873,0.0389996161616116
459.787301,0.0389997121212074
459.787302,0.0389998080808085
459.787303,0.0389999040404042
459.787304,0.039
459.98445,0.0529466599292551
459.9852,0.0529997170287991
459.985201,0.0529997877715983
459.985202,0.0529998585143975
459.985203,0.0529999292572007
459.985204,0.053
460.18245,0.0450324766473119
460.18325,0.0450001615753593
460.183251,0.0450001211815195
460.183252,0.0450000807876796
460.183253,0.0450000403938398
460.183254,0.045
460.38045,0.0509696064581241
460.38145,0.050999878910192
460.381451,0.050999909182644
460.381452,0.050999939455096
460.381453,0.050999969727548
460.381454,0.051
460.57845,0.0281166262626289
460.57945,0.0280004646464634
460.579451,0.0280003484848476
460.579452,0.0280002323232317
460.579453,0.0280001161616158
460.579454,0.028
460.77645,0.0200365437089435
460.77735,0.0200001616978267
460.777351,0.02000012127337
460.777352,0.0200000808489133
460.777353,0.0200000404244566
460.777354,0.02
460.9745,0.0339290638405232
460.9755,0.0339997173858195
460.975501,0.0339997880393646
460.975502,0.0339998586929097
460.975503,0.0339999293464548
460.975504,0.034
461.1725,0.0907826649810282
461.17325,0.09099884702908
461.173251,0.09099913527181
461.173252,0.09099942351454
461.173253,0.09099971175727
461.173254,0.091
461.3705,0.0850303858764176
461.3715,0.0850001210592683
461.371501,0.0850000907944512
461.371502,0.0850000605296341
461.371503,0.085000030264817
461.371504,0.085
461.5685,0.074088841893252
461.570099999,0.0740002215508554
461.570101,0.0740001661631415
461.570102,0.0740001107754277
461.570103,0.0740000553877138
461.570104,0.074
461.76645,0.0292062357414558
461.76735,0.0290009125475391
461.767351,0.0290006844106576
461.767352,0.029000456273776
461.767353,0.0290002281368945
461.767354,0.029
461.9645,0.0717821246530356
461.9655,0.0719991319707191
461.965501,0.0719993489780362
461.965502,0.0719995659853534
461.965503,0.0719997829926828
461.965504,0.072
462.1625,0.0391673333333372
462.1635,0.0390006666666649
462.163501,0.0390004999999987
462.163502,0.0390003333333324
462.163503,0.0390001666666662
462.163504,0.039
462.3605,0.039
462.3615,0.039
462.361501,0.039
462.361502,0.039
462.361503,0.039
462.361504,0.039
462.5585,0.0250709898989915
462.5595,0.0250002828282861
462.559501,0.0250002121212115
462.559502,0.025000141414141
462.559503,0.0250000707070705
462.559504,0.025
462.7565,0.0438988841201706
462.75755,0.0439996162585215
462.757551,0.0439997121938911
462.757552,0.0439998081292607
462.757553,0.0439999040646303
462.757554,0.044
462.9545,0.0251011414141424
462.95555,0.0250003838383883
462.955551,0.0250002878787926
462.955552,0.0250001919191914
462.955553,0.0250000959595957
462.955554,0.025
463.1525,0.004111787878789
463.15355,0.0040004242424231
463.153551,0.0040003181818173
463.153552,0.0040002121212115
463.153553,0.0040001060606057
463.153554,0.004
463.3505,0.046771101010111
463.35155,0.0469991313131335
463.351551,0.0469993484848501
463.351552,0.0469995656565667
463.351553,0.0469997828282833
463.351554,0.047
463.5485,0.0430202879515033
463.5495,0.0430000808284929
463.549501,0.04300006062137
463.549502,0.043000040414247
463.549503,0.0430000202071241
463.549504,0.043
463.74655,0.0509755527447492
463.9448,0.0589998380976477
463.944801,0.0589998785732358
463.944802,0.0589999190488238
463.944803,0.0589999595244119
463.944804,0.059
463.94725,0.0592594242424263
464.1428,0.0799995757575708
464.142801,0.0799996818181766
464.142802,0.0799997878787823
464.142803,0.0799998939393881
464.142804,0.08
464.14585,0.0795077171717198
464.3408,0.0480006464646448
464.340801,0.0480004848484836
464.340802,0.0480003232323224
464.340803,0.0480001616161612
464.340804,0.048
464.34325,0.0477158686868662
464.5388,0.0250004646464634
464.538801,0.0250003484848476
464.538802,0.0250002323232317
464.538803,0.0250001161616158
464.538804,0.025
464.542,0.0254035353535356
464.7368,0.049999494949489
464.736801,0.049999621212115
464.736802,0.0499997474747481
464.736803,0.049999873737374
464.736804,0.05
464.7392,0.0496857704918063
464.93505,0.0240005245901626
464.935051,0.0240003934426219
464.935052,0.0240002622950813
464.935053,0.0240001311475406
464.935054,0.024
464.9379,0.024388483316478
465.13285,0.0509994539939268
465.132851,0.0509995904954432
465.132852,0.0509997269969595
465.132853,0.0509998634984836
465.132854,0.051
465.13525,0.0513146262626231
465.33085,0.076999474747476
465.330851,0.076999606060607
465.330852,0.076999737373738
465.330853,0.076999868686869
465.330854,0.077
465.3339,0.0761538888888933
465.52885,0.0220011111111083
465.528851,0.0220008333333312
465.528852,0.0220005555555541
465.528853,0.022000277777777
465.528854,0.022
465.5314,0.0227200808080793
465.72685,0.0779988686868715
465.726851,0.0779991515151536
465.726852,0.0779994343434357
465.726853,0.0779997171717178
465.726854,0.078
465.7299,0.0773852674066632
465.92505,0.0380008072653864
465.925051,0.0380006054490398
465.925052,0.0380004036326932
465.925053,0.0380002018163466
465.925054,0.038
465.92725,0.0376894545454588
466.12305,0.0100005656565642
466.123051,0.0100004242424231
466.123052,0.0100002828282821
466.123053,0.010000141414141
466.123054,0.01
466.12525,0.0103330637007117
466.32085,0.039999393326594
466.320851,0.0399995449949455
466.320852,0.039999696663297
466.320853,0.0399998483316485
466.320854,0.04
466.3239,0.0407069424823372
466.51905,0.0859990716448055
466.519051,0.0859993037336041
466.519052,0.0859995358224028
466.519053,0.0859997679112014
466.519054,0.086
466.5214,0.0860948837209297
466.71685,0.0939998382204227
466.716851,0.0939998786653165
466.716852,0.0939999191102102
466.716853,0.0939999595551039
466.716854,0.094
466.7199,0.0931856847414923
466.9151,0.0410010693568699
466.915101,0.0410008020176524
466.915102,0.0410005346784349
466.915103,0.0410002673392174
466.915104,0.041
466.9173,0.0413327272727312
467.1131,0.0709993939393954
467.113101,0.0709995454545466
467.113102,0.0709996969696977
467.113103,0.0709998484848488
467.113104,0.071
467.11595,0.0703669160768379
467.3109,0.027000889787662
467.310901,0.0270006673407465
467.310902,0.027000444893831
467.310903,0.0270002224469155
467.310904,0.027
467.3133,0.0271813319878892
467.5091,0.04199969727548
467.509101,0.04199977295661
467.509102,0.04199984863774
467.509103,0.04199992431887
467.509104,0.042
467.5121,0.0421515044247785
467.70685,0.0519997977244
467.706851,0.0519998482933
467.706852,0.0519998988622
467.706853,0.0519999494311
467.706854,0.052
467.7093,0.0516298612862517
467.9051,0.0220006052963414
467.905101,0.0220004539722561
467.905102,0.0220003026481707
467.905103,0.0220001513240853
467.905104,0.022
467.90795,0.0222156060606043
468.1031,0.0369996969696977
468.103101,0.0369997727272733
468.103102,0.0369998484848488
468.103103,0.0369999242424244
468.103104,0.037
468.1053,0.0373878879636685
468.3006,0.0718844814534448
468.30125,0.0719992934645488
468.301251,0.0719994700984116
468.301252,0.0719996467322744
468.301253,0.0719998233661372
468.301254,0.072
468.4991,0.0729999797826636
468.499101,0.0729999848369977
468.499102,0.0729999898913318
468.499103,0.0729999949456659
468.499104,0.073
468.50205,0.0726281242110567
468.69715,0.0480005049230051
468.697151,0.0480003786922556
468.697152,0.0480002524615061
468.697153,0.0480001262307566
468.697154,0.048
468.69935,0.0479334545454554
468.89515,0.0420001212121209
468.895151,0.0420000909090906
468.895152,0.0420000606060604
468.895153,0.0420000303030302
468.895154,0.042
468.89795,0.0420988484848481
469.09315,0.0489998585858589
469.093150999,0.0489998939393942
469.093152,0.0489999292929294
469.093153,0.0489999646464647
469.093154,0.049
469.09535,0.0488669090909075
469.29115,0.0370002424242452
469.291151,0.0370001818181848
469.291152,0.0370001212121209
469.291153,0.0370000606060604
469.291154,0.037
469.292,0.0368760909090956
469.48915,0.0080005858585843
469.489151,0.0080004393939382
469.489152,0.0080002929292921
469.489153,0.008000146464646
469.489154,0.008
469.4915,0.0083199090909075
469.68715,0.0349994545454559
469.687151,0.0349995909090919
469.687152,0.0349997272727279
469.687153,0.0349998636363639
469.687154,0.035
469.68995,0.0350564420893272
469.88465,0.0389867978803937
469.8853,0.0389999192530913
469.885301,0.0389999394398184
469.885302,0.0389999596265456
469.885303,0.0389999798132728
469.885304,0.039
470.08315,0.0739992923932289
470.083150999,0.0739994692949217
470.083152,0.0739996461966144
470.083153,0.0739998230983072
470.083154,0.074
470.086,0.0735112929292871
470.28115,0.0400006868686851
470.281151,0.0400005151515138
470.281152,0.0400003434343425
470.281153,0.0400001717171712
470.281154,0.04
470.28135,0.0399703329969702
470.47865,0.0101065590312878
470.47935,0.0100006054490398
470.479351,0.0100004540867798
470.479352,0.0100003027245199
470.479353,0.0100001513622599
470.479354,0.01
470.6772,0.0629989284811753
470.677201,0.0629991963608814
470.677202,0.0629994642405876
470.677203,0.0629997321202938
470.677204,0.063
470.68,0.0633389090909146
470.8752,0.0869995151515163
470.875201,0.0869996363636372
470.875202,0.0869997575757582
470.875203,0.0869998787878791
470.875204,0.087
470.8754,0.0869811919191957
471.0732,0.0680003838383828
471.073201,0.0680002878787871
471.073201999,0.0680001919191914
471.073203,0.0680000959595957
471.073204,0.068
471.076,0.0675766843300546
471.2707,0.0380990158970472
471.27135,0.0380006056018152
471.271351,0.0380004542013614
471.271352,0.0380003028009076
471.271353,0.0380001514004538
471.271354,0.038
471.4687,0.0629174242424246
471.46935,0.062999494949489
471.469351,0.062999621212115
471.469352,0.0629997474747409
471.469353,0.062999873737374
471.469354,0.063
471.6667,0.0560231212121211
471.66735,0.056000141414141
471.667351,0.0560001060606057
471.667352,0.0560000707070705
471.667353,0.0560000353535352
471.667354,0.056
471.8647,0.0440396363636362
471.86535,0.0440002424242418
471.865351,0.0440001818181813
471.865352,0.0440001212121209
471.865353,0.0440000606060604
471.865354,0.044
472.062699999,0.0290495454545452
472.06335,0.0290003030303065
472.063351,0.0290002272727267
472.063352,0.0290001515151511
472.063352999,0.0290000757575755
472.063354,0.029
472.2612,0.0260000606520089
472.261201,0.0260000454890067
472.261202,0.0260000303260044
472.261203,0.0260000151630022
472.261204,0.026
472.26205,0.0262475681130241
472.4587,0.0837939858728435
472.4594,0.083998829465173
472.459401,0.0839991220988756
472.459402,0.0839994147325948
472.459403,0.0839997073662974
472.459404,0.084
472.65675,0.0361464612275851
472.65735,0.036000969941902
472.657351,0.0360007274564265
472.657352,0.036000484970951
472.657353,0.0360002424854755
472.657354,0.036
472.85475,0.044972545454545
472.85535,0.0449998181818186
472.855351,0.0449998636363639
472.855352,0.0449999090909093
472.855353,0.0449999545454546
472.855354,0.045
473.05275,0.0689267878787935
473.05335,0.0689995151515163
473.053351,0.0689996363636372
473.053352,0.0689997575757581
473.053353,0.0689998787878791
473.053354,0.069
473.2512,0.0400005863027531
473.251201,0.0400004397270648
473.251202,0.0400002931513765
473.251203,0.0400001465756882
473.251204,0.04
473.25205,0.0398420287660818
473.44935,0.0030007469089055
473.449351,0.0030005601816791
473.449352,0.0030003734544527
473.449353,0.0030001867272263
473.449354,0.003
473.45185,0.00366795253724
473.64675,0.0558249835900032
473.6474,0.0559989295632443
473.647401,0.0559991971724332
473.647402,0.0559994647816221
473.647403,0.055999732390811
473.647404,0.056
473.84475,0.0480264242424241
473.8454,0.0480001616161612
473.845401,0.0480001212121209
473.845402,0.0480000808080806
473.845403,0.0480000404040403
473.845404,0.048
474.04275,0.0798943030303034
474.0434,0.0799993535353459
474.043401,0.0799995151515071
474.043402,0.0799996767676683
474.043403,0.0799998383838387
474.043404,0.08
474.24075,0.0551139974779308
474.24165,0.0550005044136178
474.241651,0.0550003783102134
474.241652,0.0550002522068089
474.241653,0.0550001261034044
474.241654,0.055
474.43875,0.006322056451614
474.44005,0.0060009879032233
474.440051,0.0060007409274174
474.440052,0.0060004939516116
474.440053,0.0060002469758058
474.440054,0.006
474.63675,0.069787909804916
474.6374,0.0699987028122473
474.637401,0.0699990271091993
474.637402,0.0699993514061328
474.637403,0.0699996757030664
474.637404,0.07
474.83475,0.07
474.83555,0.07
474.835551,0.07
474.835552,0.07
474.835553,0.07
474.835554,0.07
475.03275,0.0301322213798326
475.0334,0.0300008086934525
475.033401,0.0300006065200894
475.033402,0.0300004043467262
475.033403,0.0300002021733631
475.033404,0.03
475.23075,0.0549174242424246
475.2314,0.0549994949494962
475.231401,0.0549996212121221
475.231402,0.0549997474747481
475.231403,0.054999873737374
475.231404,0.055
475.42875,0.0102051954602754
475.42965,0.0100009079445122
475.429651,0.0100006809583841
475.429652,0.0100004539722561
475.429653,0.010000226986128
475.429654,0.01
475.626799999,0.0389041152679478
475.627449999,0.0389994135490409
475.627450999,0.0389995601617806
475.627451999,0.0389997067745204
475.627453,0.0389998533872602
475.627454,0.039
475.8248,0.0937768357305026
475.825599999,0.0939988897300053
475.825601,0.0939991672975039
475.825601999,0.0939994448650026
475.825603,0.0939997224325013
475.825603999,0.094
476.0228,0.0272720606060661
476.0236,0.0270013535353501
476.023601,0.0270010151515125
476.023602,0.027000676767675
476.023603,0.0270003383838375
476.023604,0.027
476.2208,0.0289913759151729
476.22165,0.0289999596061601
476.221651,0.0289999697046201
476.221652,0.02899997980308
476.221653,0.02899998990154
476.221654,0.029
476.4188,0.0309913737373736
476.41965,0.0309999595959597
476.419651,0.0309999696969697
476.419652,0.0309999797979798
476.419653,0.0309999898989899
476.419654,0.031
476.6168,0.1273626203074077
476.6181,0.1279980448475736
476.618101,0.1279985336356802
476.618102,0.1279990224237868
476.618103,0.1279995112118934
476.618104,0.128
476.8148,0.1329796455696198
476.8156,0.132999898734176
476.815601,0.1329999240506316
476.815602,0.1329999493670887
476.815603,0.1329999746835443
476.815604,0.133
477.0128,0.101129939393942
477.0136,0.1010006464646448
477.013601,0.1010004848484836
477.013602,0.1010003232323224
477.013603,0.1010001616161612
477.013604,0.101
477.2108,0.0452555477031777
477.2117,0.0450011307420466
477.211701,0.0450008480565349
477.211702,0.0450005653710233
477.211703,0.0450002826855116
477.211704,0.045
477.4088,0.0589360808080814
477.4097,0.0589997171717178
477.409701,0.0589997878787884
477.409702,0.0589998585858589
477.409703,0.0589999292929294
477.409704,0.059
477.60685,0.0570086262626263
477.6077,0.0570000404040408
477.607701,0.0570000303030308
477.607702,0.0570000202020207
477.607703,0.0570000101010106
477.607704,0.057
477.80485,0.0370812326345053
477.80565,0.0370004041424649
477.805651,0.0370003031068443
477.805652,0.0370002020712295
477.805653,0.0370001010356147
477.805654,0.037
478.00285,0.0360040606060606
478.00365,0.0360000202020201
478.003651,0.0360000151515151
478.003652,0.03600001010101
478.003653,0.036000005050505
478.003654,0.036
478.20085,0.0110952260671851
478.2016,0.0110005051780739
478.201601,0.0110003788835554
478.201602,0.0110002525890369
478.201603,0.0110001262945184
478.201604,0.011
478.39885,0.0378836042402821
478.3997,0.0379994548207989
478.399701,0.0379995911155992
478.399702,0.0379997274103994
478.399703,0.0379998637051997
478.399704,0.038
478.59685,0.0290388181818183
478.5977,0.0290001818181813
478.597701,0.029000136363636
478.597702,0.0290000909090906
478.597703,0.0290000454545453
478.597704,0.029
478.79485,0.0349575723998999
478.79625,0.0349998791236467
478.796251,0.034999909342735
478.796252,0.0349999395618233
478.796253,0.0349999697809116
478.796254,0.035
478.99285,0.0778248632218809
478.99365,0.0779991286727478
478.993651,0.0779993465045609
478.993652,0.0779995643363739
478.993653,0.0779997821681869
478.993654,0.078
479.19085,0.1446606054490527
479.19185,0.1449986478304776
479.191851,0.1449989858728582
479.191852,0.1449993239152388
479.191853,0.1449996619576194
479.191854,0.145
479.38885,0.0266333047210362
479.3899,0.0260024034334703
479.389901,0.0260018025751027
479.389902,0.0260012017167351
479.389903,0.0260006008583675
479.389904,0.026
479.5871,0.0529107505686129
479.58775,0.0529994541319195
479.587751,0.0529995905989396
479.587752,0.0529997270659597
479.587753,0.0529998635329798
479.587754,0.053
479.7849,0.0679239969719934
479.7859,0.0679996971990923
479.785901,0.0679997728993192
479.785902,0.0679998485995461
479.785903,0.0679999242997731
479.785904,0.068
479.98285,0.079951211125157
479.98365,0.07999975726928
479.983651,0.07999981795196
479.983652,0.07999987863464
479.983653,0.07999993931732
479.983654,0.08
480.18085,0.0053987389659561
480.1819,0.0050015132408536
480.181901,0.0050011349306402
480.181902,0.0050007566204268
480.181903,0.0050003783102134
480.181904,0.005
480.37885,0.039813686868685
480.3799,0.0399992929292846
480.379901,0.0399994696969609
480.379902,0.0399996464646373
480.379903,0.0399998232323136
480.379904,0.04
480.5769,0.0300431640131414
480.57775,0.0300002021733631
480.577751,0.0300001516300223
480.577752,0.0300001010866815
480.577753,0.0300000505433407
480.577754,0.03
480.7749,0.0200506686853376
480.7759,0.0200002018672717
480.775901,0.0200001514004538
480.775902,0.0200001009336358
480.775903,0.0200000504668179
480.775904,0.02
480.9729,0.0080879213907799
480.97435,0.0080002418745304
480.974351,0.0080001814058986
480.974352,0.0080001209372634
480.974353,0.0080000604686317
480.974354,0.008
481.1709,0.008
481.1719,0.008
481.171901,0.008
481.171902,0.008
481.171903,0.008
481.171904,0.008
481.3689,0.0229201716738189
481.36995,0.0229996970461969
481.369951,0.0229997727846466
481.369952,0.0229998485231006
481.369953,0.0229999242615503
481.369954,0.023
481.5669,0.0607977171717151
481.56795,0.0609992323232342
481.567951,0.0609994242424256
481.567952,0.0609996161616171
481.567953,0.0609998080808085
481.567954,0.061
481.7649,0.0629898560242488
481.7659,0.062999959585754
481.765901,0.0629999696893155
481.765902,0.062999979792877
481.765903,0.0629999898964385
481.765904,0.063
481.9629,0.0271825454545393
481.9639,0.0270007272727254
481.963901,0.027000545454544
481.963902,0.0270003636363627
481.963903,0.0270001818181813
481.963904,0.027
482.1609,0.0140659191919206
482.1619,0.0140002626262619
482.161901,0.0140001969696964
482.161902,0.0140001313131309
482.161903,0.0140000656565654
482.161904,0.014
482.3589,0.0687072961373518
482.35995,0.0689988891694044
482.359951,0.0689991668770533
482.359952,0.0689994445847022
482.359953,0.0689997222923511
482.359954,0.069
482.55695,0.0610405656565665
482.55795,0.0610001616161612
482.557951,0.0610001212121209
482.557952,0.0610000808080806
482.557953,0.0610000404040403
482.557954,0.061
482.75495,0.0251825454545393
482.75595,0.0250007272727254
482.755951,0.025000545454544
482.755952,0.0250003636363627
482.755953,0.0250001818181813
482.755954,0.025
482.95295,0.041913797979796
482.95395,0.0419996565656525
482.953951,0.0419997424242381
482.953952,0.0419998282828238
482.953953,0.0419999141414094
482.953954,0.042
483.15095,0.1440653319919551
483.15275,0.1449979275653975
483.152751,0.1449984456740481
483.152752,0.1449989637826987
483.152753,0.1449994818913493
483.152754,0.145
483.34895,0.07734620689654
483.34995,0.0770013793103413
483.349951,0.077001034482756
483.349952,0.0770006896551706
483.349953,0.0770003448275853
483.349954,0.077
483.54695,0.0690264710346571
483.74525,0.0610001619023522
483.745251,0.0610001214267641
483.745252,0.0610000809511761
483.745253,0.061000040475588
483.745254,0.061
483.74755,0.0606985050505048
483.94325,0.0350005252525239
483.943251,0.0350003939393929
483.943252,0.0350002626262619
483.943253,0.0350001313131309
483.943254,0.035
483.9462,0.0354166060606071
484.14125,0.0629994343434277
484.141251,0.0629995757575768
484.141252,0.0629997171717178
484.141253,0.0629998585858589
484.141254,0.063
484.1436,0.0630710909090905
484.33925,0.0689998787878791
484.339251,0.0689999090909093
484.339252,0.0689999393939395
484.339253,0.0689999696969697
484.339254,0.069
484.3422,0.0690743939393941
484.53725,0.0739998989898992
484.537251,0.0739999242424244
484.537252,0.0739999494949496
484.537253,0.0739999747474748
484.537254,0.074
484.5397,0.0741358888888899
484.73525,0.0849997777777783
484.735251,0.0849998333333337
484.735252,0.0849998888888891
484.735253,0.0849999444444445
484.735254,0.085
484.7382,0.084196545454543
484.93325,0.0310010909090881
484.933251,0.0310008181818161
484.933252,0.031000545454544
484.933253,0.031000272727272
484.933254,0.031
484.9356,0.0314383939393918
485.13125,0.0679992525252544
485.131251,0.0679994393939408
485.131252,0.0679996262626272
485.131253,0.0679998131313136
485.131254,0.068
485.13415,0.0678100983606543
485.3295,0.0550002622950813
485.329501,0.0550001967213109
485.329502,0.0550001311475406
485.329503,0.0550000655737703
485.329504,0.055
485.3315,0.05515140328698
485.52725,0.0699996965866
485.527251,0.06999977243995
485.527252,0.0699998482933
485.527253,0.06999992414665
485.527254,0.07
485.5297,0.0704570808080845
485.72525,0.1069992525252437
485.725251,0.1069994393939301
485.725252,0.1069996262626272
485.725253,0.1069998131313136
485.725254,0.107
485.72815,0.1056852963430173
485.9235,0.0170018158890244
485.923501,0.0170013619167683
485.923502,0.0170009079445122
485.923503,0.0170004539722561
485.923504,0.017
485.92555,0.0172172743362839
486.12125,0.03799957522124
486.121251,0.03799968141593
486.121252,0.03799978761062
486.121253,0.03799989380531
486.121254,0.038
486.12425,0.038317356872635
486.3195,0.0589995762925609
486.319501,0.0589996822194207
486.319502,0.0589997881462804
486.319503,0.0589998940731402
486.319504,0.059
486.3216,0.0596677522123876
486.51725,0.12199872566372
486.517251,0.12199904424779
486.517252,0.12199936283186
486.517253,0.12199968141593
486.517254,0.122
486.5204,0.1202367785912565
486.7153,0.0110022418581428
486.715301,0.0110016813935832
486.715302,0.0110011209290554
486.715303,0.0110005604645277
486.715304,0.011
486.7176,0.0124596165489413
486.9135,0.1369974571140326
486.913501,0.1369980928355245
486.913502,0.1369987285570163
486.913503,0.1369993642785081
486.913504,0.137
486.91625,0.1375686161616166
487.1115,0.1779991717171738
487.111501,0.1779993787878803
487.111502,0.1779995858585868
487.111503,0.1779997929292934
487.111504,0.178
487.11365,0.1772198333753962
487.30955,0.1060014541782341
487.309551,0.1060010906336756
487.309552,0.106000727089117
487.309553,0.1060003635445585
487.309554,0.106
487.3123,0.1046131313131302
487.50755,0.0060020202020151
487.507551,0.0060015151515113
487.507552,0.0060010101010075
487.507553,0.0060005050505037
487.507554,0.006
487.5098,0.00629530214918
487.7053,0.03199947408344
487.705301,0.03199960556258
487.705302,0.03199973704172
487.705303,0.03199986852086
487.705304,0.032
487.70765,0.0323195056746593
487.90355,0.0589994552332926
487.903551,0.0589995914249695
487.903552,0.0589997276166463
487.903553,0.0589998638083231
487.903554,0.059
487.90625,0.0587412929292915
488.10155,0.0400003838383828
488.101551,0.0400002878787871
488.101552,0.0400001919191914
488.101553,0.0400000959595957
488.101554,0.04
488.10365,0.0400105858585858
488.29955,0.0409999797979798
488.299551,0.0409999848484848
488.299552,0.0409999898989899
488.299553,0.0409999949494949
488.299554,0.041
488.3023,0.040722626262626
488.49755,0.021000404040403
488.497551,0.0210003030303022
488.497552,0.0210002020202015
488.497553,0.0210001010101007
488.497554,0.021
488.4998,0.0208978058645089
488.69535,0.0120001820020243
488.695351,0.0120001365015189
488.695352,0.0120000910010134
488.695353,0.0120000455005054
488.695354,0.012
488.6983,0.0124905045408598
488.89355,0.0449993340060561
488.893551,0.0449995005045421
488.893552,0.044999667003028
488.893553,0.044999833501514
488.893554,0.045
488.8957,0.0455852727272678
489.09155,0.0989989090909118
489.091551,0.0989991818181838
489.091552,0.0989994545454559
489.091552999,0.0989997272727279
489.091554,0.099
489.0943,0.0983349747729561
489.2891,0.0511583854692223
489.28975,0.0510009687184637
489.289751,0.0510007265388478
489.289752,0.0510004843592318
489.289753,0.0510002421796159
489.289754,0.051
489.48755,0.029000444893831
489.487551,0.0290003336703732
489.487552,0.0290002224469155
489.487553,0.0290001112234577
489.487554,0.029
489.49045,0.029555797979802
489.68555,0.0669992323232342
489.685551,0.0669994242424257
489.685552,0.0669996161616171
489.685553,0.0669998080808085
489.685554,0.067
489.6877,0.0664797575757482
489.88355,0.019000969696981
489.883551,0.0190007272727254
489.883552,0.0190004848484836
489.883553,0.0190002424242418
489.883554,0.019
489.8857,0.0194335353535317
490.08155,0.0589991919191939
490.081551,0.0589993939393954
490.081552,0.0589995959595969
490.081552999,0.0589997979797985
490.081554,0.059
490.0846,0.0581854793138287
490.2791,0.0061748839555996
490.27975,0.006001069626637
490.279751,0.0060008022199777
490.279752,0.0060005348133185
490.279753,0.0060002674066592
490.279754,0.006
490.4776,0.0399993126105652
490.477601,0.0399994844579239
490.477602,0.0399996563052826
490.477603,0.0399998281526413
490.477604,0.04
490.48045,0.0407474343434283
490.6756,0.0919989494949521
490.675601,0.0919992121212141
490.675602,0.091999474747476
490.675603,0.091999737373738
490.675604,0.092
490.6777,0.0914182185213237
490.8731,0.0371815291445866
490.87375,0.0370011102699946
490.873751,0.037000832702496
490.873752,0.0370005551349973
490.873753,0.0370002775674986
490.873754,0.037
491.071649999,0.0220003031834252
491.071651,0.0220002273875689
491.071652,0.0220001515917126
491.071653,0.0220000757958563
491.071653999,0.022
491.07385,0.0226318626956158
491.26915,0.0788262089853581
491.26975,0.0789988490661311
491.269751,0.0789991367995983
491.269752,0.0789994245330655
491.269753,0.0789997122665328
491.269754,0.079
491.46715,0.0949511919191957
491.46775,0.0949996767676776
491.467751,0.0949997575757581
491.467752,0.0949998383838388
491.467753,0.0949999191919194
491.467754,0.095
491.6656,0.079000323477381
491.665601,0.0790002426080357
491.665602,0.0790001617386905
491.665603,0.0790000808693452
491.665604,0.079
491.66835,0.0781823668937667
491.8631,0.0201947312641929
491.86375,0.0200011910169033
491.863751,0.0200008932626775
491.863752,0.0200005955084516
491.863753,0.0200002977542258
491.863754,0.02
492.0616,0.0309997776093005
492.061601,0.0309998332069754
492.061602,0.0309998888046502
492.061603,0.0309999444023251
492.061604,0.031
492.0638,0.03125483350151
492.25915,0.0539241069626642
492.2598,0.0539995358224027
492.259801,0.053999651866802
492.259802,0.0539997679112013
492.259803,0.0539998839556006
492.259804,0.054
492.45715,0.0430363333333363
492.4578,0.0430002222222248
492.457801,0.0430001666666694
492.457802,0.0430001111111139
492.457803,0.0430000555555585
492.457804,0.043
492.65565,0.0499998584786458
492.655651,0.0499998938589843
492.655652,0.0499999292393229
492.655653,0.0499999646196614
492.655654,0.05
492.65845,0.0493368054504188
492.85315,0.003155124905374
492.8538,0.0030009487761772
492.853801,0.0030007115821329
492.853802,0.0030004743880886
492.853803,0.0030002371940443
492.853804,0.003
493.05115,0.0219372424242426
493.0518,0.0219996161616116
493.051801,0.0219997121212128
493.051802,0.0219998080808085
493.051803,0.0219999040404042
493.051804,0.022
493.24915,0.021003303030303
493.2498,0.0210000202020201
493.249801,0.0210000151515151
493.249802,0.02100001010101
493.249803,0.021000005050505
493.249804,0.021
493.44715,0.0588744848484853
493.4478,0.0589992323232342
493.447801,0.0589994242424257
493.447802,0.0589996161616171
493.447803,0.0589998080808085
493.447804,0.059
493.64515,0.0520231212121211
493.6458,0.052000141414141
493.645801,0.0520001060606057
493.645802,0.0520000707070705
493.645803,0.0520000353535352
493.645804,0.052
493.84315,0.0539868713818272
493.84445,0.0539999597281652
493.844451,0.0539999697961239
493.844452,0.0539999798640826
493.844453,0.0539999899320413
493.844454,0.054
494.04115,0.0360596503673673
494.0418,0.0360003648340502
494.041801,0.0360002736255377
494.041802,0.0360001824170251
494.041803,0.0360000912085125
494.041804,0.036
494.2392,0.0549372582681143
494.23985,0.0549996162585215
494.239851,0.0549997121938911
494.239852,0.0549998081292607
494.239853,0.0549999040646303
494.239854,0.055
494.4372,0.108821636363637
494.43785,0.1089989090909118
494.437851,0.1089991818181838
494.437852,0.1089994545454559
494.437853,0.1089997272727279
494.437854,0.109
494.6352,0.0631519393939387
494.63585,0.0630009292929269
494.635851,0.0630006969696952
494.635852,0.0630004646464634
494.635853,0.0630002323232317
494.635854,0.063
494.8332,0.0331217259651803
494.834,0.0330006056018152
494.834001,0.0330004542013614
494.834002,0.0330003028009076
494.834003,0.0330001514004538
494.834004,0.033
495.0312,0.0290132221379844
495.03185,0.0290000808693464
495.031851,0.02900006065201
495.031852,0.0290000404346737
495.031853,0.0290000202173374
495.031854,0.029
495.2292,0.0409482946518665
495.23005,0.040999757820384
495.230051,0.040999818365288
495.230052,0.040999878910192
495.230053,0.040999939455096
495.230054,0.041
495.4272,0.0419966936299292
495.42785,0.0419999797775531
495.427851,0.0419999848331648
495.427852,0.0419999898887765
495.427853,0.0419999949443882
495.427854,0.042
495.6252,0.0270495454545452
495.62585,0.0270003030303065
495.625851,0.0270002272727267
495.625852,0.0270001515151511
495.625853,0.0270000757575755
495.625853999,0.027
495.8232,0.0170405753217268
495.823999999,0.0170002018672746
495.824001,0.0170001514004538
495.824001999,0.0170001009336358
495.824003,0.0170000504668179
495.824004,0.017
496.0212,0.0547503677581854
496.0225,0.0549992342569288
496.022501,0.0549994256926966
496.022502,0.0549996171284644
496.022503,0.0549998085642322
496.022504,0.055
496.21925,0.0082031275303652
496.2201,0.0080009514170016
496.220101,0.0080007135627512
496.220102,0.0080004757085008
496.220103,0.0080002378542504
496.220104,0.008
496.41725,0.0319266953223755
496.41785,0.03199951453856
496.417851,0.03199963590392
496.417852,0.03199975726928
496.417853,0.03199987863464
496.417854,0.032
496.61585,0.1299980202020252
496.615851,0.1299985151515189
496.615852,0.1299990101010126
496.615853,0.1299995050505063
496.615854,0.13
496.6186,0.1288774867524598
496.81325,0.0493082210446749
496.813999999,0.0490016351249244
496.814001,0.0490012263436991
496.814001999,0.0490008175624738
496.814003,0.0490004087812485
496.814003999,0.049
497.0112,0.0310730909090924
497.012,0.0310003636363627
497.012001,0.031000272727272
497.012002,0.0310001818181813
497.012003,0.0310000909090906
497.012004,0.031
497.20925,0.0539008480565366
497.2101,0.0539995355880879
497.210101,0.053999651691066
497.210102,0.053999767794044
497.210103,0.053999883897022
497.210104,0.054
497.40725,0.0549956868686868
497.4081,0.0549999797979798
497.408101,0.0549999848484848
497.408102,0.0549999898989899
497.408103,0.0549999949494949
497.408104,0.055
497.60525,0.055
497.6059,0.055
497.605901,0.055
497.605902,0.055
497.605903,0.055
497.605904,0.055
497.80325,0.0699391370174098
497.80405,0.069999697199088
497.804051,0.0699997728993149
497.804052,0.0699998485995418
497.804053,0.0699999242997731
497.804054,0.07
498.00125,0.0301624242424275
498.00205,0.030000808080806
498.002051,0.0300006060606045
498.002052,0.030000404040403
498.002053,0.0300002020202015
498.002054,0.03
498.19925,0.0776366784096737
498.20075,0.077999033719177
498.200751,0.0779992752893828
498.200752,0.0779995168595885
498.200753,0.0779997584297942
498.200754,0.078
498.39725,0.0451511246200593
498.39815,0.0450006686930074
498.398151,0.0450005015197555
498.398152,0.0450003343465037
498.398153,0.0450001671732518
498.398154,0.045
498.59525,0.0589360808080814
498.59615,0.0589997171717178
498.596151,0.0589997878787884
498.596152,0.0589998585858589
498.596153,0.0589999292929294
498.596154,0.059
498.79325,0.0370893784739722
498.79405,0.0370004446690236
498.794051,0.0370003335017677
498.794052,0.0370002223345118
498.794053,0.0370001111672559
498.794054,0.037
498.99125,0.0539309696969683
498.99205,0.0539996565656574
498.992051,0.053999742424243
498.992052,0.0539998282828287
498.992053,0.0539999141414143
498.992054,0.054
499.1893,0.0191772509457696
499.1903,0.019000706179065
499.190301,0.0190005296342987
499.190302,0.0190003530895325
499.190303,0.0190001765447662
499.190304,0.019
499.3873,0.019
499.38815,0.019
499.388151,0.019
499.388152,0.019
499.388153,0.019
499.388154,0.019
499.5853,0.0518493713708579
499.5862,0.0519993335016332
499.586201,0.0519995001262225
499.586202,0.0519996667508118
499.586203,0.0519998333754012
499.586204,0.052
499.7833,0.0340731278423409
499.7841,0.0340003638201102
499.784101,0.0340002728650826
499.784102,0.0340001819100551
499.784103,0.0340000909550275
499.784104,0.034
499.9813,0.0558885570131155
499.9823,0.0559995560040374
499.982301,0.055999667003028
499.982302,0.0559997780020187
499.982303,0.0559998890010093
499.982304,0.056
500.1793,0.0530152121212124
500.1803,0.0530000606060604
500.180301,0.0530000454545453
500.180302,0.0530000303030302
500.180303,0.0530000151515151
500.180304,0.053
500.3773,0.0410999144223492
500.37895,0.0410002416310087
500.378951,0.0410001812232565
500.378952,0.0410001208155043
500.378953,0.0410000604077521
500.378954,0.041
500.5753,0.0340356118571074
500.5763,0.0340001418799084
500.576301,0.0340001064099313
500.576302,0.0340000709399542
500.576303,0.0340000354699771
500.576304,0.034
500.7733,0.0180811313131285
500.7743,0.0180003232323224
500.774301,0.0180002424242418
500.774302,0.0180001616161612
500.774303,0.0180000808080806
500.774304,0.018
500.97135,0.0409065352539783
500.97215,0.0409995350012647
500.972151,0.0409996512509485
500.972152,0.0409997675006323
500.972153,0.0409998837503161
500.972154,0.041
501.16935,0.0390101311806252
501.17035,0.0390000403632693
501.170351,0.0390000302724519
501.170352,0.0390000201816346
501.170353,0.0390000100908173
501.170354,0.039
501.36735,0.0310405656565665
501.36835,0.0310001616161635
501.368351,0.0310001212121232
501.368352,0.0310000808080829
501.368353,0.0310000404040425
501.368354,0.031
501.56535,0.0359784179934292
501.5662,0.0359998989133184
501.566200999,0.0359999241849888
501.566202,0.0359999494566592
501.566203,0.0359999747283296
501.566204,0.036
501.76335,0.057888528892257
501.76435,0.0579995558920021
501.764351,0.0579996669190016
501.764352,0.057999777946001
501.764353,0.0579998889730005
501.764354,0.058
501.96135,0.0181525158027871
501.9621,0.0180008091024114
501.962101,0.0180006068268114
501.962102,0.0180004045512114
501.962103,0.0180002022756114
501.962104,0.018
502.15935,0.033918970996215
502.16035,0.0339996771752845
502.160351,0.0339997578814634
502.160352,0.0339998385876422
502.160353,0.0339999192938211
502.160354,0.034
502.35735,0.0379797171717178
502.35835,0.0379999191919194
502.358351,0.0379999393939395
502.358352,0.0379999595959597
502.358353,0.0379999797979798
502.358354,0.038
502.55535,0.0330416310093136
502.557,0.0330001006795883
502.557001,0.0330000755096916
502.557002,0.0330000503397934
502.557003,0.0330000251698967
502.557004,0.033
502.75335,0.0399643881428925
502.75435,0.0399998581200915
502.754351,0.0399998935900686
502.754352,0.0399999290600457
502.754353,0.0399999645300228
502.754354,0.04
502.95135,0.0718056104944544
502.95255,0.0719993541876908
502.952551,0.0719995156407681
502.952552,0.0719996770938454
502.952553,0.0719998385469227
502.952554,0.072
503.1494,0.0560811928228474
503.1504,0.056000323477381
503.150401,0.0560002426080357
503.150402,0.0560001617386905
503.150403,0.0560000808693452
503.150404,0.056
503.3474,0.0320763870967711
503.54565,0.0080004857684997
503.545651,0.0080003643263747
503.545652,0.0080002428842498
503.545653,0.0080001214421249
503.545654,0.008
503.5481,0.0080370606060609
503.74365,0.0109999393939395
503.743651,0.0109999545454546
503.743652,0.0109999696969697
503.743653,0.0109999848484848
503.743654,0.011
503.74665,0.0111210505050503
503.94165,0.0189998383838387
503.941651,0.018999878787879
503.941652,0.0189999191919193
503.941653,0.0189999595959597
503.941654,0.019
503.944,0.019
504.13965,0.019
504.139651,0.019
504.139652,0.019
504.139653,0.019
504.139654,0.019
504.14265,0.0193782828282823
504.33765,0.0439994949494962
504.337651,0.0439996212121221
504.337652,0.0439997474747481
504.337653,0.043999873737374
504.337654,0.044
504.34,0.0438459696969704
504.53565,0.0310002626262619
504.535651,0.0310001969696964
504.535652,0.0310001313131309
504.535653,0.0310000656565654
504.535654,0.031
504.5388,0.0313654444444461
504.73365,0.0539995353535299
504.733651,0.0539996515151523
504.733652,0.0539997676767682
504.733653,0.0539998838383841
504.733654,0.054
504.736,0.0536445454545471
504.93165,0.0240006060606045
504.931651,0.0240004545454534
504.931652,0.0240003030303022
504.931653,0.0240001515151511
504.931654,0.024
504.934,0.0242725151515138
505.12965,0.0469995353535365
505.129651,0.0469996515151523
505.129652,0.0469997676767682
505.129653,0.0469998838383841
505.129654,0.047
505.13265,0.0465007927291095
505.3277,0.0140006664983573
505.327701,0.0140004998737679
505.327702,0.0140003332491786
505.327703,0.0140001666245893
505.327704,0.014
505.33,0.0150784242424249
505.5257,0.1069981212121259
505.525701,0.1069985909090944
505.525702,0.1069990606060629
505.525703,0.1069995303030314
505.525704,0.107
505.5288,0.1059836363636274
505.7237,0.0420013131313098
505.723701,0.0420009848484823
505.723702,0.0420006565656549
505.723703,0.0420003282828274
505.723704,0.042
505.72605,0.0420236969696968
505.9217,0.0439999595959596
505.921701,0.0439999696969697
505.921702,0.0439999797979798
505.921703,0.0439999898989899
505.921704,0.044
505.9247,0.0437884287515766
506.11995,0.03000028247163
506.119951,0.0300002118537235
506.119952,0.030000141235817
506.119953,0.0300000706179065
506.119954,0.03
506.12205,0.0300529292929291
506.31795,0.0349998989898992
506.317951,0.0349999242424244
506.317952,0.0349999494949496
506.317953,0.0349999747474748
506.317954,0.035
506.32065,0.0350545335018966
506.5157,0.03899991908976
506.515701,0.03899993931732
506.515702,0.03899995954488
506.515703,0.03899997977244
506.515704,0.039
506.5182,0.0387607265388488
506.7139,0.0200003834510585
506.713901,0.0200002875882939
506.713902,0.0200001917255292
506.713903,0.0200000958627646
506.713904,0.02
506.71665,0.0207627777777781
506.9119,0.0749988888888916
506.911901,0.0749991666666687
506.911902,0.0749994444444458
506.911903,0.0749997222222229
506.911904,0.075
506.91405,0.0749783287048726
507.10995,0.0730000403938398
507.109951,0.0730000302953798
507.109952,0.0730000201969199
507.109953,0.0730000100984599
507.109954,0.073
507.11205,0.0725553939393831
507.30795,0.0310008484848463
507.307951,0.0310006363636347
507.307952,0.0310004242424231
507.307953,0.0310002121212115
507.307954,0.031
507.3107,0.0309167037411526
507.50575,0.0250001213346811
507.505751,0.0250000910010108
507.505752,0.0250000606673405
507.505753,0.0250000303336703
507.505754,0.025
507.5082,0.0251729494949509
507.70375,0.0389997171717138
507.703751,0.0389997878787884
507.703752,0.0389998585858589
507.703753,0.0389999292929294
507.703754,0.039
507.7067,0.0384946316851747
507.90195,0.0050006861755784
507.901951,0.0050005146316838
507.901952,0.0050003430877892
507.901953,0.0050001715438946
507.901954,0.005
507.9041,0.0054335353535317
508.09995,0.0449991919191939
508.099951,0.0449993939393954
508.099952,0.0449995959595969
508.099953,0.0449997979797984
508.099954,0.045
508.1008,0.045166636363641
508.29795,0.0839992121212029
508.297951,0.0839994090908994
508.297952,0.083999606060607
508.297953,0.0839998030303035
508.297954,0.084
508.30005,0.0836612525252533
508.49595,0.0520006464646448
508.495951,0.0520004848484836
508.495952,0.0520003232323224
508.495953,0.0520001616161612
508.495954,0.052
508.49885,0.0519267947421632
508.69375,0.0470001011122343
508.693751,0.0470000758341757
508.693752,0.0470000505561171
508.693753,0.0470000252780585
508.693754,0.047
508.6961,0.046585721493443
508.89195,0.0120007063572131
508.891951,0.0120005297679098
508.891952,0.0120003531786065
508.891953,0.0120001765893032
508.891954,0.012
508.89475,0.0127758829465159
509.0895,0.0668185166498651
509.09015,0.0669988900100936
509.090150999,0.0669991675075702
509.090152,0.0669994450050468
509.090153,0.0669997225025234
509.090154,0.067
509.288,0.0689999595653273
509.288001,0.0689999696739955
509.288002,0.0689999797826636
509.288003,0.0689999898913318
509.288004,0.069
509.2901,0.0688941414141388
509.486,0.0590002020202072
509.486001,0.0590001515151568
509.486002,0.0590001010101065
509.486003,0.0590000505050503
509.486004,0.059
509.4889,0.0585904646464696
509.684,0.0310005656565642
509.684001,0.0310004242424231
509.684002,0.0310002828282821
509.684003,0.031000141414141
509.684004,0.031
509.6861,0.0311799595959542
509.882,0.0479996565656574
509.882001,0.047999742424243
509.882002,0.0479998282828287
509.882003,0.0479999141414143
509.882004,0.048
509.88475,0.0475149634115564
510.0795,0.0131155185465451
510.08015,0.0130007065354511
510.080150999,0.0130005299015883
510.080152,0.0130003532677255
510.080153,0.0130001766338627
510.080154,0.013
510.2775,0.0169867878787867
510.27815,0.0169999191919193
510.278151,0.0169999393939395
510.278152,0.0169999595959597
510.278153,0.0169999797979798
510.278154,0.017
510.476,0.0219998989133184
510.476001,0.0219999241849888
510.476002,0.0219999494566592
510.476003,0.0219999747283296
510.476004,0.022
510.47825,0.0224533938935176
510.6735,0.0618679788039255
510.67415,0.0619991925309129
510.674151,0.0619993943981847
510.674152,0.0619995962654564
510.674153,0.0619997981327282
510.674154,0.062
510.872,0.0240007682587799
510.872001,0.0240005761940849
510.872002,0.0240003841293899
510.872003,0.0240001920646949
510.872004,0.024
510.87425,0.0240338848378176
511.06955,0.0269803268795573
511.07085,0.0269999396530049
511.070850999,0.0269999547397536
511.070852,0.0269999698265024
511.070853,0.0269999849132512
511.070853999,0.027
511.26755,0.0788276767164793
511.2682,0.0789989460349659
511.268201,0.0789992095262244
511.268202,0.0789994730174829
511.268203,0.0789997365087414
511.268204,0.079
511.46605,0.0510005660854168
511.466051,0.0510004245640626
511.466052,0.0510002830427084
511.466053,0.0510001415213542
511.466054,0.051
511.4683,0.0509546606106482
511.66355,0.0470132021196074
511.6642,0.0470000807469087
511.664201,0.0470000605601815
511.664202,0.0470000403734543
511.664203,0.0470000201867271
511.664204,0.047
511.86155,0.0061354242424119
511.8622,0.0060008282828261
511.862201,0.0060006212121196
511.862202,0.006000414141413
511.862203,0.0060002070707065
511.862204,0.006
512.05955,0.042877787878799
512.0602,0.0429992525252544
512.060201,0.0429994393939408
512.060202,0.0429996262626272
512.060203,0.0429998131313136
512.060204,0.043
512.25755,0.0081156060606155
512.2582,0.0080007070707253
512.258201,0.008000530303049
512.258202,0.0080003535353727
512.258203,0.0080001767676763
512.258204,0.008
512.45555,0.053848060606048
512.4562,0.053999070707073
512.456201,0.0539993030303047
512.456202,0.0539995353535365
512.456203,0.0539997676767682
512.456204,0.054
512.65355,0.0819075151515074
512.6542,0.0819994343434357
512.654201,0.0819995757575768
512.654202,0.0819997171717178
512.654203,0.0819998585858589
512.654204,0.082
512.8516,0.0371485988386635
512.85225,0.0370009088613963
512.852251,0.0370006816460472
512.852252,0.0370004544306981
512.852253,0.037000227215349
512.852254,0.037
513.0496,0.0798579696969826
513.05025,0.0799991313131335
513.050251,0.0799993484848501
513.050252,0.0799995656565667
513.050253,0.0799997828282833
513.050254,0.08
513.2476,0.1088168882175202
513.24885,0.1089994159113811
513.248851,0.1089995619335358
513.248852,0.1089997079556905
513.248853,0.1089998539778452
513.248854,0.109
513.4456,0.0222662680517141
513.4462,0.0220017633645762
513.446201,0.0220013225234321
513.446202,0.0220008816822881
513.446203,0.022000440841144
513.446204,0.022
513.6442,0.0239999595959597
513.644201,0.0239999696969697
513.644202,0.0239999797979798
513.644203,0.0239999898989899
513.644204,0.024
513.64655,0.0244856652360492
513.8416,0.0648646099469953
513.84225,0.0649991719262833
513.842251,0.0649993789447125
513.842252,0.0649995859631416
513.842253,0.0649997929815708
513.842254,0.065
514.0396,0.0152154389505559
514.04045,0.015001009081733
514.040451,0.0150007568112998
514.040452,0.0150005045408665
514.040453,0.0150002522704332
514.040454,0.015
514.2376,0.0299504044489428
514.23825,0.029999696663297
514.238251,0.0299997724974727
514.238252,0.0299998483316485
514.238253,0.0299999241658242
514.238254,0.03
514.4356,0.0260132121212132
514.43625,0.0260000808080806
514.436251,0.0260000606060604
514.436252,0.0260000404040403
514.436253,0.0260000202020201
514.436254,0.026
514.6336,0.0847606056018118
514.6344,0.0849988089830966
514.634401,0.0849991067373224
514.634402,0.0849994044915483
514.634403,0.0849997022457741
514.634404,0.085
514.83165,0.0580824260803574
514.83225,0.0580005458680805
514.832251,0.0580004094010603
514.832252,0.0580002729340402
514.832253,0.0580001364670201
514.832254,0.058
515.02965,0.0888664615384609
515.0305,0.0889993745271138
515.030501,0.0889995308953353
515.030502,0.0889996872635569
515.030503,0.0889998436317784
515.030504,0.089
515.2276,0.0421554386851945
515.22825,0.0420009506953199
515.228251,0.0420007130214899
515.228252,0.0420004753476599
515.228253,0.04200023767383
515.228254,0.042
515.4256,0.0270984646362953
515.4269,0.0270003020387608
515.426901,0.0270002265290706
515.426902,0.0270001510193804
515.426903,0.0270000755096902
515.426904,0.027
515.6236,0.0339715037974677
515.6244,0.0339998582278484
515.624401,0.0339998936708863
515.624402,0.0339999291139242
515.624403,0.0339999645569621
515.624404,0.034
515.82165,0.0190571212121148
515.8224,0.0190003030303022
515.822401,0.0190002272727266
515.822402,0.0190001515151511
515.822403,0.0190000757575755
515.822404,0.019
516.01965,0.0130258657243817
516.0205,0.0130001211509335
516.020501,0.0130000908632001
516.020502,0.0130000605754667
516.020503,0.0130000302877333
516.020504,0.013
516.21765,0.038887858585858
516.2185,0.038999474747476
516.218501,0.038999606060607
516.218502,0.038999737373738
516.218503,0.038999868686869
516.218504,0.039
516.41565,0.0489669362992894
516.4163,0.0489997977755313
516.416301,0.0489998483316485
516.416302,0.0489998988877656
516.416303,0.0489999494438828
516.416304,0.049
516.61365,0.0529837698713092
516.61445,0.0529999192530913
516.614451,0.0529999394398184
516.614452,0.0529999596265456
516.614453,0.0529999798132728
516.614454,0.053
516.81165,0.0022070909090951
516.812449999,0.0020010303030277
516.812451,0.0020007727272707
516.812451999,0.0020005151515138
516.812453,0.0020002575757569
516.812453999,0.002
517.00965,0.0199223832365561
517.0105,0.0199996364554414
517.010501,0.0199997273415811
517.010502,0.0199998182277207
517.010503,0.0199999091138603
517.010504,0.02
517.20765,0.052857666666666
517.2085,0.052999333333335
517.208501,0.0529995000000012
517.208502,0.0529996666666675
517.208503,0.0529998333333337
517.208504,0.053
517.40565,0.0699437917087921
517.4063,0.0699996562183935
517.406301,0.0699997421637927
517.406302,0.0699998281091918
517.406303,0.0699999140546008
517.406304,0.07
517.60365,0.072978058350101
517.6051,0.0729999396378271
517.605101,0.0729999547283703
517.605102,0.0729999698189135
517.605103,0.0729999849094567
517.605104,0.073
517.8017,0.0809694350139334
517.80245,0.0809998378515332
517.802451,0.0809998783886499
517.802452,0.0809999189257666
517.802453,0.0809999594628833
517.802454,0.081
517.9997,0.0451823152585058
518.0007,0.0450007263556097
518.000701,0.0450005447667073
518.000702,0.0450003631778048
518.000703,0.0450001815889024
518.000704,0.045
518.1977,0.0230949608289112
518.19855,0.0230004447813989
518.198551,0.0230003335860491
518.198552,0.0230002223906994
518.198553,0.0230001111953497
518.198554,0.023
518.3957,0.0568533535353528
518.39655,0.0569993131313148
518.396551,0.0569994848484861
518.396552,0.0569996565656574
518.396553,0.0569998282828287
518.396554,0.057
518.5937,0.0171624652690106
518.5945,0.0170008082849183
518.594501,0.0170006062136887
518.594502,0.0170004041424592
518.594502999,0.0170002020712296
518.594503999,0.017
518.7917,0.0478819196766814
518.79245,0.0479993735791882
518.792451,0.0479995301843911
518.792452,0.0479996867895941
518.792453,0.047999843394797
518.792454,0.048
518.9897,0.0897872988650765
518.9907,0.0899991525851219
518.990701,0.0899993644388414
518.990702,0.0899995762925609
518.990703,0.0899997881462804
518.990704,0.09
519.1877,0.0442101263264254
519.1886,0.0440009297625039
519.188601,0.0440006973218779
519.188602,0.0440004648812519
519.188603,0.0440002324406259
519.188604,0.044
519.3857,0.0519634747474751
519.3866,0.0519998383838388
519.386601,0.051999878787879
519.386602,0.0519999191919194
519.386603,0.0519999595959597
519.386604,0.052
519.5837,0.0112180873076091
519.58475,0.0110008276558377
519.584751,0.0110006207418841
519.584752,0.0110004138279071
519.584753,0.0110002069139535
519.584754,0.011
519.78175,0.0318513911290223
519.78315,0.0319995766129043
519.783151,0.0319996824596782
519.783152,0.0319997883064521
519.783153,0.031999894153226
519.783154,0.032
519.97975,0.0588628137651867
519.98075,0.0589994534412969
519.980751,0.0589995900809727
519.980752,0.0589997267206484
519.980753,0.0589998633603242
519.980754,0.059
520.17775,0.0281571919191866
520.17875,0.0280006262626246
520.178751,0.0280004696969685
520.178752,0.0280003131313123
520.178753,0.0280001565656561
520.178754,0.028
520.37575,0.0399482031842302
520.3766,0.0399997573919642
520.376601,0.0399998180439731
520.376602,0.0399998786959821
520.376603,0.039999939347991
520.376604,0.04
520.5737,0.0499468079737595
520.57475,0.0499997981327282
520.574751,0.0499998485995461
520.574752,0.0499998990663641
520.574753,0.049999949533182
520.574754,0.05
520.77175,0.0988131681415857
520.7725,0.09899900884956
520.772501,0.09899925663717
520.772502,0.09899950442478
520.772503,0.09899975221239
520.772504,0.099
520.96975,0.0402987944514401
520.97075,0.0400011904161382
520.970751,0.0400008928121036
520.970752,0.0400005952080691
520.970753,0.0400002976040345
520.970754,0.04
521.16775,0.0181115555555518
521.16875,0.0180004444444433
521.168751,0.0180003333333324
521.168752,0.0180002222222216
521.168753,0.0180001111111108
521.168754,0.018
521.36575,0.1175432036382055
521.36665,0.1179979787771653
521.366651,0.1179984840828739
521.366652,0.1179989893885826
521.366653,0.1179994946942913
521.366654,0.118
521.56375,0.038425536209969
521.5648,0.0380016149382199
521.564801,0.0380012112036764
521.564802,0.0380008074691329
521.564803,0.0380004037345894
521.564804,0.038
521.76175,0.0439680606060585
521.7628,0.043999878787879
521.762801,0.0439999090909093
521.762802,0.0439999393939395
521.762803,0.0439999696969697
521.762804,0.044
521.95975,0.0906085699899221
521.9614,0.0909990533736176
521.961401,0.0909992900302132
521.961402,0.0909995266868088
521.961403,0.0909997633434044
521.961404,0.091
522.15775,0.0422616312056622
522.1588,0.0420009929077989
522.158801,0.0420007446808491
522.158802,0.0420004964538994
522.158803,0.0420002482269497
522.158804,0.042
522.35575,0.0091756666666589
522.3568,0.0090006666666649
522.356801,0.0090004999999987
522.356802,0.0090003333333324
522.356803,0.0090001666666662
522.356804,0.009
522.55375,0.076638020202036
522.5548,0.0769986262626297
522.554801,0.0769989696969723
522.554802,0.0769993131313148
522.554803,0.0769996565656574
522.554804,0.077
522.7518,0.0481470505050621
522.7528,0.0480005858585843
522.752801,0.0480004393939382
522.752802,0.0480002929292921
522.752803,0.048000146464646
522.752804,0.048
522.9498,0.0310862020201991
522.9508,0.0310003434343425
522.950801,0.0310002575757569
522.950802,0.0310001717171712
522.950803,0.0310000858585856
522.950804,0.031
523.1478,0.0334920430107526
523.34605,0.0359999493991131
523.346051,0.0359999620493345
523.346052,0.0359999746995558
523.346053,0.0359999873497772
523.346054,0.036
523.34845,0.0364840404040356
523.54405,0.0759991919191939
523.544051,0.0759993939393954
523.544052,0.0759995959595969
523.544053,0.0759997979797984
523.544054,0.076
523.54725,0.0753543434343428
523.74205,0.036000808080806
523.742051,0.0360006060606045
523.742052,0.036000404040403
523.742053,0.0360002020202015
523.742054,0.036
523.7445,0.0360123379571246
523.9403,0.0369999798234552
523.940301,0.0369999848675914
523.940302,0.0369999899117276
523.940303,0.0369999949558638
523.940304,0.037
523.94315,0.0369568351870579
524.1381,0.0340000606673406
524.138101,0.0340000455005054
524.138102,0.0340000303336703
524.138103,0.0340000151668351
524.138104,0.034
524.1405,0.0340363030303043
524.3361,0.0369999393939378
524.336101,0.0369999545454529
524.336102,0.036999969696968
524.336103,0.0369999848484848
524.336104,0.037
524.33845,0.0366800909090924
524.5341,0.010000545454544
524.534101,0.010000409090908
524.534102,0.010000272727272
524.534103,0.010000136363636
524.534104,0.01
524.5372,0.0105472727272575
524.7321,0.0449992929292947
524.732101,0.044999469696971
524.732102,0.0449996464646473
524.732103,0.0449998232323236
524.732104,0.045
524.7345,0.0456890615539788
524.9303,0.1019988496467916
524.930301,0.1019991372350855
524.930302,0.1019994248233794
524.930303,0.101999712411706
524.930304,0.102
524.93315,0.1008633265925264
525.1281,0.0230015975733023
525.128101,0.0230011981799767
525.128102,0.0230007987866511
525.128103,0.0230003993933255
525.128104,0.023
525.13045,0.0235213333333308
525.3261,0.0669991111111133
525.326101,0.066999333333335
525.326102,0.0669995555555566
525.326103,0.0669997777777783
525.326104,0.067
525.3291,0.0672269696969736
525.5241,0.0819996969696977
525.524101,0.0819997727272733
525.524102,0.0819998484848488
525.524103,0.0819999242424244
525.524104,0.082
525.52655,0.0823825731584202
525.7223,0.1129993743693255
525.722301,0.1129995307769941
525.722302,0.1129996871846627
525.722303,0.1129998435923313
525.722304,0.113
525.7251,0.112336470588238
525.92035,0.0660009492552631
525.920351,0.0660007119414541
525.920352,0.0660004746276181
525.920353,0.066000237313809
525.920354,0.066
525.92245,0.0662646464646386
526.11835,0.0909994949494962
526.118351,0.0909996212121221
526.118352,0.0909997474747481
526.118353,0.090999873737374
526.118354,0.091
526.1211,0.0898060869565204
526.31615,0.0050017391304303
526.316151,0.0050013043478227
526.316152,0.0050008695652151
526.316153,0.0050004347826076
526.316154,0.005
526.3185,0.0056636827481973
526.5141,0.060998868401082
526.514101,0.0609991513008035
526.514102,0.0609994342005571
526.514103,0.0609997171002785
526.514104,0.061
526.5166,0.0607859672131188
526.71235,0.0440003430012601
526.712351,0.0440002572509451
526.712352,0.04400017150063
526.712353,0.044000085750315
526.712354,0.044
526.7151,0.0443883232323235
526.91035,0.0719994343434357
526.910351,0.0719995757575768
526.910352,0.0719997171717179
526.910353,0.0719998585858589
526.910354,0.072
526.91245,0.0716612525252443
527.10835,0.0400006464646448
527.108351,0.0400004848484836
527.108352,0.0400003232323224
527.108353,0.0400001616161612
527.108354,0.04
527.1111,0.0397781010101008
527.30635,0.0240003232323224
527.306351,0.0240002424242418
527.306352,0.0240001616161612
527.306353,0.0240000808080806
527.306354,0.024
527.3085,0.0244122750252854
527.50415,0.0619992315470191
527.504151,0.0619994236602643
527.504152,0.0619996157735095
527.504153,0.0619998078867547
527.504154,0.062
527.50725,0.0618281735620632
527.70235,0.0510002219979812
527.702351,0.0510001664984859
527.702352,0.0510001109989906
527.702353,0.0510000554994953
527.702354,0.051
527.7045,0.0506860040363213
527.8999,0.0220956912209967
527.90055,0.0220005852674051
527.900551,0.0220004389505538
527.900552,0.0220002926337025
527.900553,0.0220001463168512
527.900554,0.022
528.0984,0.1199980187010411
528.098401,0.1199985140257808
528.098401999,0.1199990093505205
528.098403,0.1199995046752602
528.098404,0.12
528.1005,0.1188037979798334
528.2964,0.007002282828277
528.296401,0.0070017121212078
528.296402,0.0070011414141385
528.296403,0.0070005707070692
528.296404,0.007
528.29915,0.00749990391909
528.49415,0.0429992718078193
528.494151,0.0429994538558593
528.494152,0.0429996359038993
528.494153,0.0429998179519393
528.494154,0.043
528.49665,0.0429874098360658
528.692399999,0.0420000201765447
528.692400999,0.0420000151324085
528.692401999,0.0420000100882723
528.692402999,0.0420000050441361
528.692403999,0.042
528.6945,0.0422327125914767
528.8899,0.063927388342159
528.89055,0.0639995558920021
528.890551,0.0639996669190016
528.890552,0.063999777946001
528.890553,0.0639998889730005
528.890554,0.064
529.0884,0.0819996360879463
529.088401,0.0819997270659597
529.088401999,0.0819998180439731
529.088403,0.0819999090219865
529.088404,0.082
529.09055,0.0819458080808099
529.2864,0.0770001010101007
529.286401,0.0770000757575755
529.286402,0.0770000505050503
529.286403,0.0770000252525251
529.286404,0.077
529.28915,0.0772909485368317
529.4839,0.0979254086781105
529.4846,0.0979995761856721
529.484601,0.097999682139254
529.484602,0.097999788092836
529.484603,0.097999894046418
529.484604,0.098
529.6824,0.0989999797775531
529.682401,0.0989999848331648
529.682402,0.0989999898887765
529.682403,0.0989999949443882
529.682404,0.099
529.68515,0.0986813420787082
529.87995,0.0760758930373422
529.8806,0.0760004641775972
529.880601,0.0760003481331979
529.880602,0.0760002320887986
529.880603,0.0760001160443993
529.880604,0.076
530.07795,0.1288249393939249
530.0786,0.128998929292932
530.078601,0.128999196969699
530.078602,0.128999464646466
530.078602999,0.128999732323233
530.078604,0.129
530.2764,0.0370018604651115
530.276401,0.0370013953488336
530.276402,0.0370009302325557
530.276403,0.0370004651162779
530.276404,0.037
530.2786,0.0374657005806429
530.47445,0.0789991517293634
530.474451,0.0789993637970225
530.474452,0.0789995758646817
530.474453,0.0789997879323408
530.474454,0.079
530.47525,0.0787748118211565
530.6724,0.0230011315988857
530.672401,0.0230008486991643
530.672402,0.0230005657994428
530.672403,0.0230002828997214
530.672404,0.023
530.6746,0.0236758627648919
530.86995,0.0837987184661791
530.8706,0.0839987689202856
530.870601,0.0839990766902142
530.870602,0.0839993844601428
530.870603,0.0839996922300714
530.870604,0.084
531.06795,0.0949636666666636
531.068599999,0.0949997777777783
531.068601,0.0949998333333337
531.068602,0.0949998888888891
531.068603,0.0949999444444445
531.068604,0.095
531.26595,0.0940033030303027
531.2666,0.0940000202020201
531.266601,0.0940000151515151
531.266602,0.09400001010101
531.266603,0.094000005050505
531.266604,0.094
531.46445,0.0870001415213542
531.464451,0.0870001061410156
531.464452,0.0870000707606771
531.464453,0.0870000353803385
531.464454,0.087
531.4653,0.0870341559424688
531.662,0.0949756144335118
531.6626,0.0949998385061826
531.662601,0.0949998788796369
531.662602,0.0949999192530913
531.662603,0.0949999596265456
531.662604,0.095
531.86,0.0491403232323386
531.8606,0.0490009292929269
531.860601,0.0490006969696952
531.860602,0.0490004646464634
531.860603,0.0490002323232317
531.860604,0.049
532.058,0.0639542424242373
532.0586,0.0639996969696977
532.058601,0.0639997727272733
532.058602,0.0639998484848488
532.058603,0.0639999242424244
532.058604,0.064
532.256,0.0649966978035852
532.25665,0.06499997980308
532.256651,0.06499998485231
532.256652,0.06499998990154
532.256653,0.06499999495077
532.256654,0.065
532.45395,0.0769573333333377
532.45465,0.0769997575757582
532.454651,0.0769998181818186
532.454652,0.076999878787879
532.454653,0.0769999393939395
532.454654,0.077
532.652,0.0341420303030173
532.65265,0.0340008686868664
532.652651,0.0340006515151498
532.652652,0.0340004343434332
532.652653,0.0340002171717166
532.652654,0.034
532.85,0.0808447575757448
532.85065,0.0809990505050529
532.850651,0.0809992878787896
532.850652,0.0809995252525264
532.850653,0.0809997626262632
532.850654,0.081
533.048,0.0421288181818288
533.04865,0.0420007878787858
533.048651,0.0420005909090894
533.048652,0.0420003939393929
533.048653,0.0420001969696964
533.048654,0.042
533.246,0.0340264242424218
533.24665,0.0340001616161612
533.246651,0.0340001212121209
533.246652,0.0340000808080806
533.246653,0.0340000404040403
533.246654,0.034
533.444,0.0240330303030272
533.44465,0.0240002020202015
533.444651,0.0240001515151511
533.444652,0.0240001010101007
533.444653,0.0240000505050503
533.444654,0.024
533.642,0.0200132121212109
533.64265,0.0200000808080806
533.642651,0.0200000606060604
533.642652,0.0200000404040403
533.642653,0.0200000202020201
533.642654,0.02
533.84,0.0817172862547316
533.8409,0.0819987490542276
533.840901,0.0819990617906707
533.840902,0.0819993745271138
533.840903,0.0819996872635569
533.840904,0.082
534.038,0.0849900783817943
534.03865,0.08499993931732
534.038651,0.08499995448799
534.038652,0.08499996965866
534.038653,0.08499998482933
534.038654,0.085
534.236,0.0999504545454504
534.23665,0.0999996969696977
534.236651,0.0999997727272733
534.236652,0.0999998484848488
534.236653,0.0999999242424244
534.236654,0.1
534.43405,0.042235277497482
534.43485,0.0420011705348436
534.434851,0.0420008779011077
534.434852,0.0420005852674051
534.434853,0.0420002926337025
534.434854,0.042
534.63205,0.0231010138713701
534.6331,0.0230003833543496
534.633101,0.0230002875157621
534.633102,0.0230001916771748
534.633103,0.0230000958385874
534.633104,0.023
534.830049999,0.0827409504550039
534.8309,0.0829987866531881
534.830901,0.082999089989891
534.830902,0.082999393326594
534.830903,0.082999696663297
534.830904,0.083
535.02805,0.095943929292929
535.0289,0.095999737373738
535.028901,0.0959998030303035
535.028902,0.095999868686869
535.028903,0.0959999343434345
535.028904,0.096
535.22605,0.0850363700707815
535.2267,0.0850002224469155
535.226701,0.0850001668351866
535.226702,0.0850001112234577
535.226703,0.0850000556117288
535.226704,0.085
535.42405,0.0322150492051216
535.42485,0.0320010698965403
535.424851,0.0320008024224052
535.424852,0.0320005349482701
535.424853,0.032000267474135
535.424854,0.032
535.62205,0.0519187878787862
535.62285,0.0519995959595969
535.622851,0.0519996969696977
535.622852,0.0519997979797984
535.622853,0.0519998989898992
535.622854,0.052
535.820049999,0.0559817465926301
535.82095,0.0559999192327109
535.820951,0.0559999394245332
535.820952,0.0559999596163554
535.820953,0.0559999798081777
535.820954,0.056
536.01805,0.0778995555555565
536.01895,0.0779995555555566
536.018951,0.0779996666666675
536.018952,0.0779997777777783
536.018953,0.0779998888888891
536.018954,0.078
536.21605,0.0221993124368165
536.21675,0.0220011324570244
536.216751,0.0220008493427683
536.216752,0.0220005662285122
536.216753,0.0220002831142561
536.216754,0.022
536.4141,0.0578810909091017
536.41475,0.0579992727272745
536.414751,0.0579994545454559
536.414752,0.0579996363636372
536.414753,0.0579998181818186
536.414754,0.058
536.6121,0.0091988190764612
536.6129,0.0090009891496316
536.612901,0.0090007418622237
536.612902,0.0090004945748158
536.612903,0.0090002472874079
536.612904,0.009
536.8101,0.0587467204843676
536.8111,0.0589989909182669
536.811101,0.0589992431887001
536.811102,0.0589994954591334
536.811103,0.0589997477295667
536.811104,0.059
537.0097,0.0331113261469044
537.01055,0.033000521433942
537.010551,0.0330003910754565
537.010552,0.033000260716971
537.010553,0.0330001303584855
537.010554,0.033
537.2061,0.1226086558044787
537.20695,0.1229981670061146
537.206951,0.1229986252545859
537.206952,0.1229990835030573
537.206953,0.1229995417515286
537.206954,0.123
537.4041,0.1329669362992952
537.40475,0.1329997977755313
537.404751,0.1329998483316485
537.404752,0.1329998988877656
537.404753,0.1329999494438828
537.404754,0.133
537.6021,0.0911598586572499
537.60285,0.091000848056559
537.602851,0.0910006360424253
537.602852,0.0910004240282915
537.602853,0.0910002120141578
537.602854,0.091
537.8001,0.0492127011349235
537.8011,0.049000847414878
537.801101,0.0490006355611585
537.801102,0.049000423707439
537.801103,0.0490002118537195
537.801104,0.049
537.9981,0.066917776654877
537.999,0.0669996361798897
537.999001,0.0669997271349173
537.999002,0.0669998180899448
537.999003,0.0669999090449724
537.999004,0.067
538.1961,0.0212100202020182
538.197,0.0210009292929269
538.197001,0.0210006969696952
538.197002,0.0210004646464634
538.197003,0.0210002323232317
538.197004,0.021
538.39575,0.0130322325231778
538.39655,0.0130001603608114
538.396551,0.0130001202706085
538.396552,0.0130000801804057
538.396553,0.0130000400902028
538.396554,0.013
538.59215,0.0319270384517415
538.5929,0.0319996129360735
538.592901,0.0319997097020523
538.592902,0.0319998064680422
538.592903,0.0319999032340211
538.592904,0.032
538.7901,0.0757660731399849
538.79115,0.0759991122320325
538.791151,0.0759993341740243
538.791152,0.0759995561160162
538.791153,0.0759997780580081
538.791154,0.076
538.9881,0.0282555151515039
538.98915,0.0280009696969672
538.989151,0.0280007272727254
538.989152,0.0280004848484836
538.989153,0.0280002424242418
538.989154,0.028
539.1861,0.2967663381349626
539.187,0.2979945413191949
539.187001,0.2979959059893962
539.187002,0.2979972706595974
539.187003,0.2979986353297987
539.187004,0.298
539.38415,0.1159272369416793
539.38515,0.1150036941710731
539.385151,0.1150027706283048
539.385152,0.1150018470855365
539.385153,0.1150009235427682
539.385154,0.115
539.58215,0.0632113650151711
539.58295,0.0630010515672668
539.582951,0.0630007886754277
539.582952,0.0630005257836184
539.582953,0.0630002628918092
539.582954,0.063
539.78015,0.0351418365287541
539.78115,0.0350005650857705
539.781151,0.0350004238143278
539.781152,0.0350002825428852
539.781153,0.0350001412714426
539.781154,0.035
539.97815,0.0280354949494937
539.97915,0.028000141414141
539.979151,0.0280001060606057
539.979152,0.0280000707070705
539.979153,0.0280000353535352
539.979154,0.028
540.17615,0.0777716018191027
540.17705,0.0779989893885826
540.177051,0.0779992420414369
540.177052,0.0779994946942913
540.177053,0.0779997473471456
540.177054,0.078
540.37415,0.1685159525611602
540.3752,0.168998163007827
540.375201,0.1689986222558702
540.375202,0.1689990815039135
540.375203,0.1689995407519567
540.375204,0.169
540.57215,0.1241829582806353
540.57295,0.1240009102401999
540.572951,0.1240006826801499
540.572952,0.1240004551201
540.572953,0.12400022756005
540.572954,0.124
540.77015,0.1170354591321885
540.77115,0.1170001412714426
540.771151,0.1170001059535819
540.771152,0.1170000706357213
540.771153,0.1170000353178606
540.771154,0.117
540.96815,0.0622788888888795
540.96915,0.0620011111111083
540.969151,0.0620008333333312
540.969152,0.0620005555555541
540.969153,0.062000277777777
540.969154,0.062
541.16615,0.1147312525252615
541.16715,0.114998929292932
541.167151,0.114999196969699
541.167152,0.114999464646466
541.167153,0.114999732323233
541.167154,0.115
541.3644,0.0333328856349473
541.3652,0.0330016561474333
541.365201,0.0330012421105749
541.365202,0.0330008280737166
541.365203,0.0330004140368583
541.365204,0.033
541.5622,0.1454270101010292
541.5632,0.1459977171717229
541.563201,0.1459982878787921
541.563202,0.1459988585858614
541.563203,0.1459994292929307
541.563204,0.146
541.7602,0.1161521212121161
541.7612,0.1160006060606045
541.761201,0.1160004545454534
541.761202,0.1160003030303022
541.761203,0.1160001515151511
541.761204,0.116
541.9582,0.0582941010100911
541.9592,0.0580011717171687
541.959201,0.0580008787878765
541.959202,0.0580005858585843
541.959203,0.0580002929292921
541.959204,0.058
542.1562,0.0958073131312978
542.1572,0.0959992323232124
542.157201,0.0959994242424038
542.157202,0.0959996161615953
542.157203,0.0959998080807867
542.157204,0.096
542.3542,0.0751064848484933
542.3552,0.0750004242424231
542.355201,0.0750003181818173
542.355202,0.0750002121212115
542.355203,0.0750001060606058
542.355204,0.075
542.5522,0.075
542.55385,0.075
542.553851,0.075
542.553852,0.075
542.553853,0.075
542.553854,0.075
542.7502,0.050124033954133
542.9485,0.0250005067781565
542.948501,0.0250003800836174
542.948502,0.0250002533890782
542.948503,0.0250001266945391
542.948504,0.025
542.9517,0.0248950808080807
543.1462,0.0185099797979807
543.3445,0.0120001313131309
543.344501,0.0120000984848482
543.344502,0.0120000656565654
543.344503,0.0120000328282827
543.344504,0.012
543.34705,0.0121929275069501
543.54245,0.0269996968931556
543.542451,0.0269997726698667
543.542452,0.0269998484465778
543.542453,0.0269999242232889
543.542454,0.027
543.54585,0.0267084978540715
543.7405,0.0100003433476386
543.740501,0.0100002575107289
543.740502,0.0100001716738193
543.740503,0.0100000858369096
543.740504,0.01
543.74305,0.0104629090909183
543.9385,0.0459992727272745
543.938501,0.0459994545454559
543.938502,0.0459996363636372
543.938503,0.0459998181818186
543.938504,0.046
543.9417,0.0454511919191914
544.1365,0.0120006868686851
544.136501,0.0120005151515138
544.136502,0.0120003434343425
544.136503,0.0120001717171712
544.136504,0.012
544.13915,0.0122271818181841
544.3345,0.0289996565656574
544.334501,0.028999742424243
544.334502,0.0289998282828287
544.334503,0.0289999141414143
544.334504,0.029
544.3378,0.0287838688524605
544.53275,0.0160002622950813
544.532751,0.0160001967213109
544.532752,0.0160001311475406
544.532753,0.0160000655737703
544.532754,0.016
544.5353,0.0170299873577504
544.7305,0.0959983817952
544.730501,0.0959987863464
544.730502,0.0959991908976
544.730503,0.0959995954488
544.730504,0.096
544.7332,0.0949256796973462
544.92875,0.0170015939470325
544.928751,0.0170011954602744
544.928752,0.0170007969735162
544.928753,0.0170003984867581
544.928754,0.017
544.9318,0.017739357774978
545.1265,0.06499902907712
545.126501,0.06499927180784
545.126502,0.06499951453856
545.126503,0.06499975726928
545.126504,0.065
545.1292,0.0643736565656531
545.3245,0.0190009292929269
545.324501,0.0190006969696952
545.324502,0.0190004646464634
545.324503,0.0190002323232317
545.324504,0.019
545.3278,0.0201139066834726
545.52275,0.085998648171504
545.522751,0.085998986128628
545.522752,0.085999324085752
545.522753,0.085999662042876
545.522754,0.086
545.5253,0.0867851668351684
545.72055,0.1469987664307412
545.720551,0.1469990748230559
545.720552,0.1469993832153706
545.720553,0.1469996916076852
545.720554,0.147
545.72385,0.1456696266397212
545.91875,0.0670016145307729
545.918751,0.0670012108980797
545.918752,0.0670008072653864
545.918753,0.0670004036326932
545.918754,0.067
545.9212,0.0672225884732019
546.11655,0.0849996359959564
546.116551,0.0849997269969673
546.116552,0.0849998179979782
546.116553,0.0849999089989891
546.116554,0.085
546.11985,0.0847003636363656
546.31455,0.0670003636363627
546.314551,0.067000272727272
546.314552,0.0670001818181813
546.314553,0.0670000909090906
546.314554,0.067
546.3172,0.0668264918032769
546.5128,0.0540002622950813
546.512801,0.0540001967213109
546.512802,0.0540001311475406
546.512803,0.0540000655737703
546.512804,0.054
546.516,0.0543066868686871
546.7108,0.0729996161616171
546.710801,0.0729997121212128
546.710802,0.0729998080808085
546.710803,0.0729999040404042
546.710804,0.073
546.7132,0.0729757979797982
546.9088,0.0710000404040403
546.908801,0.0710000303030302
546.908802,0.0710000202020201
546.908803,0.07100001010101
546.908804,0.071
546.9112,0.0707579797979821
547.1068,0.051000404040403
547.106801,0.0510003030303022
547.106802,0.0510002020202015
547.106803,0.0510001010101007
547.106804,0.051
547.10985,0.0516469380531057
547.30455,0.09299915044248
547.304551,0.09299936283186
547.304552,0.09299957522124
547.304553,0.09299978761062
547.304554,0.093
547.3072,0.0919856443883882
547.5028,0.0170015334173983
547.502801,0.0170011500630487
547.502802,0.0170007667086991
547.502803,0.0170003833543496
547.502804,0.017
547.506,0.0178554949494957
547.7008,0.069998929292932
547.700801,0.069999196969699
547.700802,0.069999464646466
547.700803,0.069999732323233
547.700804,0.07
547.70325,0.0709265151515014
547.8988,0.1449984848484886
547.898801,0.1449988636363665
547.898802,0.1449992424242443
547.898803,0.1449996212121221
547.898804,0.145
547.9019,0.1440305454545366
548.096799999,0.0830012525252493
548.096801,0.083000939393937
548.096802,0.0830006262626247
548.096802999,0.0830003131313123
548.096804,0.083
548.09925,0.0821846666666787
548.2948,0.0170013333333299
548.294801,0.0170009999999974
548.294802,0.0170006666666649
548.294803,0.0170003333333324
548.294804,0.017
548.2979,0.0175785454545503
548.4928,0.0539992525252331
548.492801,0.0539994393939195
548.492802,0.0539996262626059
548.492803,0.0539998131313136
548.492804,0.054
548.4954,0.0542884444444362
548.6908,0.0759995555555566
548.690801,0.0759996666666675
548.690802,0.0759997777777783
548.690803,0.0759998888888891
548.690804,0.076
548.693899999,0.0754531415594396
548.88835,0.0411066868533856
548.88895,0.0410007065354511
548.888951,0.0410005299015883
548.888952,0.0410003532677255
548.888953,0.0410001766338627
548.888954,0.041
549.086799999,0.0679994541319195
549.086801,0.0679995905989396
549.086802,0.0679997270659597
549.086803,0.0679998635329798
549.086803999,0.068
549.08925,0.0679505983337548
549.28485,0.0640000807876796
549.284851,0.0640000605907597
549.284852,0.0640000403938398
549.284853,0.0640000201969199
549.284854,0.064
549.2879,0.0633077272727184
549.48285,0.0190009090909326
549.482851,0.0190006818182059
549.482852,0.0190004545454534
549.482853,0.0190002272727267
549.482854,0.019
549.4854,0.0196043535353389
549.68085,0.0659990505050529
549.680851,0.0659992878787896
549.680852,0.0659995252525264
549.680853,0.0659997626262632
549.680854,0.066
549.6839,0.0659692556144342
549.87835,0.0640066010598025
549.879,0.0640000403734543
549.879001,0.0640000302800907
549.879002,0.0640000201867271
549.879003,0.0640000100933635
549.879004,0.064
550.076849999,0.048000323477381
550.076851,0.0480002426080357
550.076852,0.0480001617386905
550.076853,0.0480000808693452
550.076853999,0.048
550.0799,0.0483230606060649
550.27485,0.0689995757575768
550.274851,0.0689996818181826
550.274852,0.0689997878787884
550.274853,0.0689998939393942
550.274854,0.069
550.2773,0.0694690789805849
550.4724,0.1068841685591595
550.473,0.1069992329043673
550.473001,0.1069994246782754
550.473002,0.1069996164521836
550.473003,0.1069998082260918
550.473004,0.107
550.67085,0.0960002223906994
550.670851,0.0960001667930246
550.670852,0.0960001111953497
550.670853,0.0960000555976748
550.670854,0.096
550.6733,0.0957293839577611
550.86835,0.0741498013578065
550.8697,0.0740004425446305
550.869701,0.0740003319084728
550.869702,0.0740002212723152
550.869703,0.0740001106361576
550.869704,0.074
551.06635,0.0341426906511128
551.06705,0.0340008107423339
551.067051,0.0340006080567504
551.067052,0.0340004053711669
551.067053,0.0340002026855834
551.067054,0.034
551.2649,0.0280001213040178
551.264901,0.0280000909780134
551.264902,0.0280000606520089
551.264903,0.0280000303260044
551.264904,0.028
551.2673,0.0281571940449213
551.4624,0.0409570931112757
551.46305,0.0409997375725467
551.463051,0.04099980317941
551.463052,0.0409998687862733
551.463053,0.0409999343931366
551.463054,0.041
551.6609,0.1109985847864579
551.660901,0.1109989385898434
551.660902,0.110999292393229
551.660903,0.1109996461966145
551.660904,0.111
551.6633,0.1103107645723004
551.8584,0.0541881302043735
551.85905,0.054001150643449
551.859051,0.0540008629825867
551.859052,0.0540005753217245
551.859053,0.0540002876608622
551.859054,0.054
552.0564,0.068950454545459
552.05705,0.0689996969696977
552.057051,0.0689997727272733
552.057052,0.0689998484848488
552.057053,0.0689999242424244
552.057054,0.069
552.2544,0.1706630909090631
552.25505,0.170997939393886
552.255051,0.1709984545454584
552.255052,0.1709989696969723
552.255053,0.1709994848484861
552.255054,0.171
552.4524,0.0354492121212493
552.45305,0.0350027474747405
552.453051,0.0350020606060554
552.453052,0.0350013737373702
552.453053,0.0350006868686851
552.453054,0.035
552.6504,0.0778579696969579
552.65105,0.0779991313131335
552.651051,0.0779993484848501
552.651052,0.0779995656565667
552.651053,0.0779997828282833
552.651054,0.078
552.8484,0.0710231212121191
552.84905,0.071000141414141
552.849051,0.0710001060606058
552.849052,0.0710000707070705
552.849053,0.0710000353535352
552.849054,0.071
553.0464,0.132593012836646
553.0477,0.1329987515731217
553.047701,0.1329990636798413
553.047702,0.1329993757865608
553.047703,0.1329996878932804
553.047704,0.133
553.24445,0.2266885714285457
553.2451,0.2269980952381
553.245101,0.226998571428575
553.245102,0.22699904761905
553.245103,0.226999523809525
553.245104,0.227
553.44245,0.0994227878788229
553.4431,0.0990025858585793
553.443101,0.0990019393939345
553.443102,0.0990012929292896
553.443103,0.0990006464646448
553.443104,0.099
553.64045,0.0870396363636396
553.6411,0.0870002424242418
553.641101,0.0870001818181813
553.641102,0.0870001212121209
553.641103,0.0870000606060604
553.641104,0.087
553.83845,0.0700518716847648
553.83905,0.0700003435210903
553.839051,0.0700002576408177
553.839052,0.0700001717605451
553.839053,0.0700000858802726
553.839054,0.07
554.03645,0.0570429285533917
554.0371,0.0570002625599589
554.037101,0.0570001969199692
554.037102,0.0570001312799794
554.037103,0.0570000656399897
554.037104,0.057
554.2351,0.1429982626262176
554.235101,0.1429986969696509
554.235102,0.1429991313130841
554.235103,0.1429995656565174
554.235104,0.143
554.2354,0.1430209134494024
554.43245,0.1569431945495824
554.43325,0.1569997173858195
554.433251,0.1569997880393646
554.433252,0.1569998586929097
554.433253,0.1569999293464548
554.433254,0.157
554.63045,0.0433768309325557
554.6311,0.0430023047763399
554.631101,0.0430017285822549
554.631102,0.0430011523881699
554.631103,0.0430005761940849
554.631104,0.043
554.82845,0.0201048776796963
554.82935,0.0200004640605284
554.829350999,0.0200003480453963
554.829352,0.0200002320302642
554.829352999,0.0200001160151321
554.829354,0.02
555.0265,0.0678533906447648
555.0271,0.06799902907712
555.027101,0.06799927180784
555.027102,0.06799951453856
555.027103,0.06799975726928
555.027104,0.068
555.2249,0.0520487096774155
555.2255,0.0520003225806443
555.225501,0.0520002419354832
555.225502,0.0520001612903221
555.225503,0.052000080645161
555.225504,0.052
555.4225,0.0988207939317251
555.42325,0.09899904930468
555.423251,0.09899928697851
555.423252,0.09899952465234
555.423253,0.09899976232617
555.423254,0.099
555.6205,0.1538320950214624
555.6211,0.1539988880465027
555.621101,0.153999166034877
555.621102,0.1539994440232513
555.621103,0.1539997220116256
555.621104,0.154
555.818499999,0.0912713846153858
555.81935,0.0910012711223532
555.819351,0.0910009533417739
555.819352,0.0910006355611946
555.819353,0.0910003177805792
555.819354,0.091
556.01645,0.1497306262626287
556.01735,0.1499988080808111
556.017351,0.1499991060606083
556.017352,0.1499994040404055
556.017353,0.1499997020202027
556.017354,0.15
556.2155,0.067273048289761
556.21615,0.0670016700201165
556.216151,0.0670012525150873
556.216152,0.0670008350100582
556.216153,0.0670004175050291
556.216154,0.067
556.4125,0.0241753588638129
556.4133,0.024000872432156
556.413301,0.024000654324117
556.413302,0.024000436216078
556.413303,0.024000218108039
556.413304,0.024
556.6105,0.1474964848484745
556.6113,0.1479974949495013
556.611301,0.1479981212121259
556.611302,0.1479987474747506
556.611303,0.1479993737373753
556.611304,0.148
556.8085,0.1221186471479188
556.8094,0.1220005249873937
556.809401,0.122000393740534
556.809402,0.1220002624936894
556.809403,0.1220001312468447
556.809404,0.122
557.0065,0.0652602424242399
557.0074,0.0650011515151486
557.007401,0.0650008636363614
557.007402,0.0650005757575743
557.007403,0.0650002878787871
557.007404,0.065
557.2045,0.2095204551201446
557.20515,0.2099970670038
557.205151,0.20999780025285
557.205152,0.2099985335019
557.205153,0.20999926675095
557.205154,0.21
557.4025,0.1621947615442885
557.4033,0.1620009689629044
557.403301,0.1620007267221783
557.403302,0.1620004844814522
557.403303,0.1620002422407261
557.403304,0.162
557.6005,0.1659787339218145
557.60155,0.1659999192938211
557.601551,0.1659999394703658
557.601552,0.1659999596469105
557.601553,0.1659999798234553
557.601554,0.166
557.7985,0.0485391559262018
557.7994,0.0480023856456851
557.799401,0.0480017892342638
557.799402,0.0480011928228425
557.799403,0.0480005964114212
557.799404,0.048
557.9965,0.1893516767676832
557.9974,0.1899971313131385
557.997401,0.1899978484848539
557.997402,0.1899985656565693
557.997403,0.1899992828282846
557.997404,0.19
558.1955,0.0338309214159819
558.19655,0.0330031534019503
558.196551,0.0330023650514627
558.196552,0.0330015767009752
558.196553,0.0330007883504876
558.196554,0.033
558.39255,0.04096731707317
558.39335,0.0409998373983744
558.393351,0.0409998780487808
558.393352,0.0409999186991872
558.393353,0.0409999593495936
558.393354,0.041
558.59055,0.0051461818181848
558.59135,0.0050007272727254
558.591351,0.005000545454544
558.591352,0.0050003636363627
558.591353,0.0050001818181813
558.591354,0.005
558.78855,0.0626916418663107
558.7896,0.0629988297604065
558.789601,0.0629991223203048
558.789602,0.0629994148802032
558.789603,0.0629997074401016
558.789604,0.063
558.98655,0.058021587462083
558.9874,0.0580001011122343
558.987401,0.0580000758341757
558.987402,0.0580000505561171
558.987403,0.0580000252780585
558.987404,0.058
559.18455,0.070943929292929
559.1854,0.070999737373738
559.185401,0.0709998030303035
559.185402,0.070999868686869
559.185403,0.0709999343434345
559.185404,0.071
559.38255,0.0530731093710547
559.38335,0.0530003637282132
559.383351,0.0530002727961599
559.383352,0.0530001818641066
559.383353,0.0530000909320533
559.383354,0.053
559.58055,0.0808863030303007
559.58135,0.0809994343434357
559.581351,0.0809995757575768
559.581352,0.0809997171717178
559.581353,0.0809998585858589
559.581354,0.081
559.77855,0.1188075075680977
559.77955,0.1189992330978828
559.779551,0.1189994248234121
559.779552,0.1189996165489414
559.779553,0.1189998082744707
559.779554,0.119
559.9766,0.0543295127492947
559.9776,0.0540013127997947
559.977601,0.054000984599846
559.977602,0.0540006563998973
559.977603,0.0540003281999486
559.977604,0.054
560.1746,0.1207108011119522
560.17545,0.1209986454384668
560.175451,0.1209989840788501
560.175452,0.1209993227192334
560.175453,0.1209996613596167
560.175454,0.121
560.3726,0.017526954327512
560.3736,0.0170020994196263
560.373601,0.0170015745647197
560.373602,0.0170010497098131
560.373603,0.0170005248549065
560.373604,0.017
560.5706,0.1921075555554849
560.5716,0.1929964444443523
560.571601,0.1929973333332389
560.571602,0.1929982222221256
560.571603,0.1929991111110123
560.571604,0.193
560.7686,0.1064411515151866
560.7696,0.1060017575757531
560.769601,0.1060013181818148
560.769602,0.1060008787878765
560.769603,0.1060004393939382
560.769604,0.106
560.9666,0.0134715757575599
560.9676,0.013001878787874
560.967601,0.0130014090909055
560.967602,0.013000939393937
560.967603,0.0130004696969685
560.967604,0.013
561.1646,0.0866247676767802
561.1656,0.0869985050505088
561.165601,0.0869988787878816
561.165602,0.0869992525252544
561.165603,0.0869996262626272
561.165604,0.087
561.3626,0.0223295959595849
561.3636,0.0220013131313098
561.363601,0.0220009848484823
561.363602,0.0220006565656549
561.363603,0.0220003282828274
561.363604,0.022
561.5606,0.058849605662282
561.5614,0.058999251769466
561.561401,0.0589994388270995
561.561402,0.058999625884733
561.561403,0.0589998129423665
561.561404,0.059
561.7586,0.0848682946518563
561.7596,0.0849994752774988
561.759601,0.0849996064581241
561.759602,0.0849997376387494
561.759603,0.0849998688193747
561.759604,0.085
561.9566,0.0730638626609483
561.95765,0.073000242363039
561.957651,0.0730001817722792
561.957652,0.0730001211815195
561.957653,0.0730000605907597
561.957654,0.073
562.15495,0.0908953287981821
562.1561,0.0909996371882095
562.156101,0.0909997278911571
562.156102,0.0909998185941047
562.156103,0.0909999092970523
562.156104,0.091
562.3526,0.2123490863072925
562.35365,0.2129975297393127
562.353651,0.2129981473044845
562.353652,0.2129987648696563
562.353653,0.2129993824348282
562.353654,0.213
562.5506,0.231898858585863
562.55165,0.2319996161616171
562.551651,0.2319997121212128
562.551652,0.2319998080808085
562.551653,0.2319999040404043
562.551654,0.232
562.7486,0.2663814648956372
562.9469,0.3009993017077816
562.946901,0.3009994762808362
562.946902,0.3009996508538908
562.946903,0.3009998254269453
562.946904,0.301
562.9495,0.3025602222222461
563.1449,0.419997595959602
563.144901,0.4199981969697015
563.144902,0.419998797979801
563.144903,0.4199993989899004
563.144904,0.42
563.1475,0.419055999999986
563.3429,0.3480014545454922
563.342901,0.3480010909091295
563.342902,0.3480007272727668
563.342903,0.3480003636363628
563.342904,0.348
563.3456,0.3477163527054211
563.5425,0.3270004208416823
563.542501,0.3270003156312617
563.542502,0.3270002104208411
563.542503,0.3270001052104206
563.542504,0.327
563.5453,0.326814928716905
563.7389,0.3140002647657834
563.738901,0.3140001985743376
563.738902,0.3140001323828917
563.738903,0.3140000661914459
563.738904,0.314
563.74155,0.3153497272727412
563.9369,0.4149979595959647
563.936901,0.4149984696969735
563.936902,0.4149989797979824
563.936903,0.4149994898989912
563.936904,0.415
563.94145,0.4118323756627076
564.13495,0.2770027871749488
564.134951,0.2770020903812116
564.134952,0.2770013935874744
564.134953,0.2770006967937372
564.134954,0.277
564.1376,0.2777075580222068
564.33315,0.329998930373363
564.333151,0.3299991977800222
564.333152,0.3299994651866815
564.333153,0.3299997325933407
564.333154,0.33
564.3356,0.3303091506572249
564.53095,0.3549994944388283
564.530951,0.3549996208291213
564.530952,0.3549997472194142
564.530953,0.3549998736097071
564.530954,0.355
564.5337,0.3537672433795698
564.7292,0.2660017957124797
564.729201,0.2660013467843598
564.729202,0.2660008978562398
564.729203,0.2660004489281199
564.729204,0.266
564.7316,0.2643376168928495
564.9281,0.1280027752639447
564.928101,0.1280020814479585
564.928102,0.1280013876319723
564.928103,0.1280006938159862
564.928104,0.128
564.9308,0.1277671729743446
565.12495,0.11100034544069
565.124951,0.1110002590805175
565.124952,0.111000172720345
565.124953,0.1110000863601725
565.124954,0.111
565.12755,0.1110524444444452
565.32295,0.1149999191919194
565.322951,0.1149999393939395
565.322952,0.1149999595959597
565.322953,0.1149999797979798
565.322954,0.115
565.32555,0.1137282222222034
565.52095,0.0180019595959546
565.520951,0.0180014696969659
565.520952,0.0180009797979773
565.520953,0.0180004898989886
565.520954,0.018
565.52575,0.0206402222221906
565.71895,0.1269977979798035
565.718951,0.1269983484848526
565.718952,0.1269988989899017
565.718953,0.1269994494949509
565.718954,0.127
565.72155,0.1277463909205661
565.9172,0.1839988499369512
565.917201,0.1839991374527134
565.917202,0.1839994249684756
565.917203,0.1839997124842378
565.917204,0.184
565.91955,0.1823391150442552
566.11495,0.0440028318583999
566.114951,0.0440021238937999
566.114952,0.0440014159291999
566.114953,0.0440007079645999
566.114954,0.044
566.11755,0.0441440403530917
566.3132,0.0549997780580081
566.313201,0.0549998335435061
566.313202,0.054999889029004
566.313203,0.054999944514502
566.313204,0.055
566.31555,0.0547511818181829
566.5112,0.0340004242424231
566.511201,0.0340003181818173
566.511202,0.0340002121212115
566.511203,0.0340001060606058
566.511204,0.034
566.5156,0.0366420404040662
566.7092,0.152997595959602
566.709201,0.1529981969697015
566.709202,0.152998797979801
566.709203,0.1529993989899005
566.709204,0.153
566.71155,0.1523364848484883
566.9072,0.0970011313131606
566.907201,0.0970008484848785
566.907202,0.0970005656565963
566.907203,0.0970002828283142
566.907204,0.097
566.90955,0.0963949633375501
567.10495,0.0460010316055599
567.104951,0.0460007737041699
567.104952,0.0460005158027799
567.104953,0.0460002579013899
567.104954,0.046
567.10755,0.0459607162673386
567.3032,0.0430000605296341
567.303201,0.0430000453972256
567.303202,0.043000030264817
567.303203,0.0430000151324085
567.303204,0.043
567.3056,0.0454081010100772
567.5012,0.2419959797979899
567.501201,0.2419969848484924
567.501202,0.2419979898989949
567.501203,0.2419989949494974
567.501204,0.242
567.5056,0.2380662689585065
567.699,0.0650035793730951
567.699001,0.0650026845298213
567.699002,0.0650017896865475
567.699003,0.0650008948432737
567.699004,0.065
567.7016,0.0649345271122339
567.89725,0.0600001008827264
567.897251,0.0600000756620455
567.897252,0.0600000504413646
567.897253,0.0600000252206808
567.897254,0.06
567.8996,0.06
568.09605,0.06
568.096050999,0.06
568.096052,0.06
568.096053,0.06
568.096053999,0.06
568.0984,0.060857638994706
568.293,0.1319985376999275
568.293001,0.1319989032749456
568.293002,0.1319992688499637
568.293003,0.1319996344249819
568.293004,0.132
568.2956,0.1328642421185502
568.49125,0.1979986683480487
568.491251,0.1979990012610366
568.491252,0.1979993341740243
568.491253,0.1979996670870122
568.491254,0.198
568.49375,0.1983387383764853
568.6902,0.224999457150039
568.690201,0.2249995928625293
568.690202,0.2249997285750195
568.690203,0.2249998642875097
568.690204,0.225
568.690399999,0.2250059680284214
568.88725,0.2309998782035019
568.887251,0.2309999086526264
568.887252,0.2309999391017509
568.887253,0.2309999695508755
568.887254,0.231
568.8896,0.2319004848485237
569.08525,0.3069984646464685
569.085251,0.3069988484848513
569.085251999,0.3069992323232342
569.085253,0.3069996161616171
569.085254,0.307
569.08945,0.3072543030303017
569.28325,0.3189997575757582
569.283251,0.3189998181818186
569.283252,0.3189998787878791
569.283253,0.3189999393939395
569.283254,0.319
569.28565,0.3190726060606053
569.48125,0.3249998787878791
569.481251,0.3249999090909093
569.481252,0.3249999393939395
569.481253,0.3249999696969697
569.481254,0.325
569.48375,0.3250629825889465
569.67875,0.3299834973504907
569.6794,0.3299998990663613
569.679401,0.3299999242997702
569.679402,0.3299999495331792
569.679403,0.329999974766591
569.679404,0.33
569.87675,0.2941279676849356
569.87745,0.294000727089117
569.877451,0.2940005453168378
569.877452,0.2940003635445585
569.877453,0.2940001817722792
569.877454,0.294
570.0753,0.25600076825878
570.075301,0.256000576194085
570.075301999,0.2560003841293899
570.075303,0.256000192064695
570.075304,0.256
570.0796,0.2537885844057763
570.2728,0.1543366540499315
570.27345,0.1540020590461719
570.273451,0.1540015442846289
570.273452,0.1540010295230859
570.273453,0.1540005147615429
570.273454,0.154
570.4713,0.1250005863027531
570.471301,0.1250004397270648
570.471302,0.1250002931513765
570.471303,0.1250001465756882
570.471304,0.125
570.47385,0.1239720918495881
570.6688,0.0452640423921489
570.66945,0.0450016149382199
570.669451,0.0450012112036764
570.669452,0.045000807469087
570.669453,0.0450004037345435
570.669454,0.045
570.8668,0.0559636666666636
570.86745,0.0559997777777783
570.867451,0.0559998333333337
570.867452,0.0559998888888891
570.867453,0.0559999444444445
570.867454,0.056
571.0653,0.0899993126105652
571.065301,0.0899994844579239
571.065302,0.0899996563052826
571.065303,0.0899998281526413
571.065304,0.09
571.067749999,0.090333292959874
571.2628,0.1169108856926651
571.26345,0.1169994549583662
571.263451,0.1169995912187746
571.263452,0.1169997274791831
571.263453,0.1169998637395915
571.263454,0.117
571.4608,0.10603633333333
571.46145,0.1060002222222216
571.461451,0.1060001666666662
571.461452,0.1060001111111108
571.461453,0.1060000555555554
571.461454,0.106
571.6588,0.0840782024741272
571.6595,0.0840004443322508
571.659501,0.0840003332491786
571.659502,0.0840002221661191
571.659503,0.0840001110830595
571.659504,0.084
571.85685,0.084
571.8575,0.084
571.857501,0.084
571.857502,0.084
571.857503,0.084
571.857504,0.084
572.05485,0.211577212121177
572.0555,0.2119974141414207
572.055501,0.2119980606060655
572.055502,0.2119987070707103
572.055503,0.2119993535353552
572.055504,0.212
572.25285,0.2608504874968543
572.25345,0.2609990098509749
572.253451,0.2609992573882312
572.253452,0.2609995049254875
572.253453,0.2609997524627437
572.253454,0.261
572.45085,0.3497285050505262
572.45145,0.3499982020202066
572.451451,0.3499986515151549
572.451452,0.3499991010101033
572.451453,0.3499995505050516
572.451454,0.35
572.6505,0.2174355633449778
572.65115,0.2170026639959872
572.651151,0.2170019979969904
572.651152,0.2170013319979936
572.651153,0.2170006659989968
572.651154,0.217
572.84685,0.2209866768525581
572.8475,0.2209999185128598
572.847501,0.2209999388846449
572.847502,0.2209999592564299
572.847503,0.2209999796282149
572.847504,0.221
573.04485,0.2728282424242282
573.0455,0.2729989494949522
573.045501,0.2729992121212141
573.045502,0.2729994747474761
573.045503,0.272999737373738
573.045504,0.273
573.2453,0.3109992392392411
573.245301,0.3109994294294309
573.245302,0.3109996196196206
573.245303,0.3109998098098103
573.245304,0.311
573.24775,0.3127453618756113
573.44085,0.4505333333333758
573.4415,0.45099714576963
573.441501,0.4509978593272226
573.441502,0.450998572884815
573.441503,0.4509992864424075
573.441504,0.451
573.63885,0.4490091197982345
573.63975,0.4490000403530894
573.639751,0.4490000302648171
573.639752,0.4490000201765447
573.639753,0.4490000100882724
573.639754,0.449
573.8369,0.5018381188368974
573.8375,0.50199892793932
573.837501,0.50199919595449
573.837502,0.50199946396966
573.837503,0.50199973198483
573.837504,0.502
574.0349,0.6664966666666111
574.0355,0.6669966666666751
574.035501,0.6669975000000063
574.035502,0.6669983333333376
574.035503,0.6669991666666688
574.035504,0.667
574.23285,0.6540527479182449
574.23365,0.6540002624274533
574.233651,0.65400019682059
574.233652,0.6540001312137267
574.233653,0.6540000656068633
574.233654,0.654
574.43085,0.652006611068991
574.4315,0.6520000404346726
574.431501,0.6520000303260045
574.431502,0.6520000202173364
574.431503,0.6520000101086681
574.431504,0.652
574.62885,0.7425850491803319
574.62975,0.7429981639344309
574.629751,0.7429986229508232
574.629752,0.7429990819672154
574.629753,0.7429995409836077
574.629754,0.743
574.8269,0.7280495955510657
574.827549999,0.728000303336703
574.827551,0.7280002275025272
574.827551999,0.7280001516683514
574.827553,0.7280000758341757
574.827553999,0.728
575.0249,0.5336440909091443
575.02555,0.5330039393939294
575.025551,0.5330029545454471
575.025552,0.5330019696969648
575.025553,0.5330009848484824
575.025554,0.533
575.2229,0.5190568054504175
575.2237,0.5190002826141805
575.223701,0.5190002119606354
575.223702,0.5190001413070903
575.223703,0.5190000706535451
575.223704,0.519
575.4209,0.5638172727272691
575.4217,0.5639990909090674
575.421701,0.5639993181817942
575.421702,0.5639995454545208
575.421703,0.5639997727272733
575.421704,0.5640000000000001
575.42405,0.564272377587076
575.6189,0.5868950429076234
575.6198,0.5869995355880879
575.619801,0.5869996516910659
575.619802,0.586999767794044
575.619803,0.586999883897022
575.619804,0.587
575.8169,0.7214175801970167
575.81775,0.7219972720384004
575.817750999,0.7219979540288003
575.817752,0.7219986360192002
575.817752999,0.7219993180096
575.817754,0.722
576.0149,0.8435966228513316
576.01555,0.8439975328614825
576.015551,0.8439981496461119
576.015552,0.8439987664307412
576.015553,0.8439993832153706
576.015554,0.844
576.2129,1.2105068281604534
576.2137,1.2119925712843993
576.213701,1.2119944284632993
576.213702,1.2119962856421995
576.213703,1.2119981428210995
576.213704,1.212
576.4109,1.3295208484849064
576.4117,1.3299976161616225
576.411701,1.3299982121212166
576.411702,1.3299988080808112
576.411703,1.3299994040404055
576.411704,1.33
576.41415,1.3346055426553685
576.6089,1.701297869762763
576.6098,1.7029924684502968
576.609801,1.7029943513377226
576.609802,1.7029962342251483
576.609803,1.7029981171125743
576.609804,1.703
576.80695,1.9180683636363596
576.8078,1.9189956363636476
576.807801,1.9189967272727355
576.807802,1.918997818181824
576.807803,1.918998909090912
576.807804,1.919
577.00495,1.8253107987866788
577.0056,1.8250019009100051
577.005601,1.825001425682504
577.005602,1.8250009504550029
577.005603,1.8250004752275013
577.005604,1.825
577.20295,2.0630302498107294
577.20375,2.063995175372205
577.203751,2.063996381529154
577.203752,2.0639975876861025
577.203753,2.0639987938430515
577.203754,2.064
577.40095,2.313980787878911
577.40175,2.314994929292942
577.401751,2.3149961969697066
577.401752,2.314997464646471
577.401753,2.3149987323232355
577.401754,2.315
577.4061,2.3166664783047635
577.59895,2.390615015136239
577.59995,2.3909984661957657
577.599951,2.390998849646824
577.599952,2.390999233097883
577.599953,2.3909996165489416
577.599954,2.391
577.79695,2.3063668941117026
577.7978,2.3060017184735866
577.797801,2.30600128885519
577.797802,2.3060008592367933
577.797803,2.306000429618397
577.797804,2.306
577.99495,2.596667164857372
577.99585,2.597994102499384
577.995851,2.597995576874537
577.995852,2.597997051249692
577.995853,2.597998525624846
577.995854,2.598
578.19295,2.951557756442618
578.19375,2.9529928246589368
578.193751,2.9529946184942024
578.193752,2.952996412329468
578.193753,2.952998206164734
578.193754,2.953
578.39095,3.1840579393940533
578.39175,3.184995313131325
578.391751,3.1849964848484937
578.391752,3.1849976565656624
578.391753,3.1849988282828314
578.391754,3.185
578.39625,3.176132731399715
578.58895,2.796078759142405
578.59,2.794007889028984
578.590001,2.794005916771738
578.590002,2.794003944514492
578.590003,2.794001972257246
578.590004,2.794
578.787,2.8517496487237795
578.78785,2.8519988273944934
578.787851,2.8519991205458703
578.787852,2.851999413697247
578.787853,2.851999706848624
578.787854,2.852
578.98615,2.972481124780314
578.987,2.972997569671108
578.987001,2.972998177253331
578.987002,2.972998784835554
578.987003,2.972999392417777
578.987004,2.973
579.183,3.01677575634516
579.184,3.0169991065989867
579.184001,3.01699932994924
579.184002,3.016999553299493
579.184003,3.0169997766497465
579.184004,3.017
579.381,3.0179961871049312
579.38175,3.01799997977244
579.381751,3.01799998482933
579.381752,3.01799998988622
579.381753,3.01799999494311
579.381754,3.018
579.3842,3.016975949558606
579.57895,2.935441271122301
579.58,2.9350016746532117
579.580001,2.935001255989909
579.580002,2.935000837326606
579.580003,2.9350004186633027
579.580004,2.935
579.777,3.096178545454573
579.778,3.096996727272736
579.778001,3.096997545454552
579.778002,3.096998363636368
579.778003,3.096999181818184
579.778004,3.097
579.9766,3.244366297317621
579.97745,3.2449970318375607
579.977451,3.2449977738781706
579.977452,3.2449985159187804
579.977453,3.2449992579593903
579.977454,3.245
580.173,3.148520030518853
580.17405,3.1480019735503517
580.174051,3.148001480162764
580.174052,3.1480009867751755
580.174053,3.148000493387588
580.174054,3.148
580.371,3.1539756055625783
580.3718,3.15399987863464
580.371801,3.15399990897598
580.371802,3.15399993931732
580.371803,3.15399996965866
580.371804,3.154
580.37425,3.1535311576292413
580.569,3.1162020277427405
580.57005,3.1160007667086997
580.570051,3.1160005750315243
580.570052,3.1160003833543497
580.570053,3.116000191677175
580.570054,3.116
580.767,3.1498190101010177
580.76805,3.149999313131315
580.768051,3.149999484848486
580.768052,3.149999656565657
580.768053,3.1499998282828288
580.768054,3.15
580.965,3.0554659200000094
580.96805,3.0540019199999957
580.968051,3.054001439999997
580.968052,3.054000959999998
580.968053,3.054000479999999
580.968054,3.0540000000000003
581.163,3.050021510204083
581.16405,3.050000081632653
581.164051,3.0500000612244897
581.164052,3.0500000408163266
581.164053,3.0500000204081634
581.164054,3.0500000000000003
581.361,2.781369436726556
581.362,2.7800054559231997
581.362001,2.7800040919423994
581.362002,2.7800027279616
581.362003,2.7800013639808
581.362004,2.78
581.3644,2.7808158637956857
581.559,2.8470792588883342
581.5617,2.847998637956939
581.561701,2.847998978467704
581.561702,2.847999318978469
581.561703,2.8479996594892345
581.561704,2.848
581.75705,2.740552238349867
581.75805,2.740002200152783
581.758051,2.7400016501145874
581.758052,2.7400011000763915
581.758053,2.740000550038196
581.758054,2.74
581.95505,2.654436080808066
581.95605,2.654001737373733
581.956051,2.6540013030303
581.956052,2.6540008686868664
581.956053,2.654000434343433
581.956054,2.654
582.15465,2.7355875350701546
582.15565,2.735998356713431
582.155651,2.7359987675350737
582.155652,2.735999178356716
582.155653,2.735999589178358
582.155654,2.736
582.35105,3.071277250509028
582.35205,3.072993136456229
582.352051,3.072994852342172
582.352052,3.072996568228114
582.352053,3.0729982841140573
582.352054,3.073
582.3544,3.0710805454545547
582.54905,2.911821454545427
582.55005,2.9110032727272643
582.550051,2.9110024545454483
582.550052,2.911001636363632
582.550053,2.911000818181816
582.550054,2.911
582.74705,2.967811393878068
582.94535,3.02499884644574
582.945351,3.0249991348343053
582.945352,3.0249994232228703
582.945353,3.024999711611435
582.945354,3.025
582.948,3.020322727272679
583.14335,2.675007070707053
583.143351,2.67500530303029
583.143352,2.675003535353526
583.143353,2.6750017676767635
583.143354,2.6750000000000003
583.14795,2.674930363636364
583.34135,2.6720000606060608
583.341351,2.6720000454545456
583.341352,2.6720000303030305
583.341353,2.6720000151515158
583.341354,2.672
583.344,2.666627818181763
583.53935,2.2700081212121006
583.539351,2.270006090909076
583.539352,2.27000406060605
583.539353,2.2700020303030253
583.539354,2.27
583.54195,2.2710085368314985
583.54215,2.2710862361251216
583.73755,2.346998446014131
583.737551,2.346998834510598
583.737552,2.346999223007065
583.737553,2.3469996115035325
583.737554,2.347
583.74015,2.35000548028316
583.93535,2.575995369059668
583.935351,2.575996526794751
583.935352,2.575997684529834
583.935353,2.575998842264917
583.935354,2.576
583.938,2.5802763636362243
584.13335,2.8959935353535515
584.133351,2.895995151515164
584.133352,2.895996767676776
584.133353,2.895998383838388
584.133354,2.896
584.136,2.900209545454589
584.33135,3.210993636363652
584.331351,3.21099522727274
584.331352,3.210996818181826
584.331353,3.210998409090913
584.331354,3.211
584.33595,3.20665933333334
584.52935,3.0240037777777684
584.529351,3.024002833333326
584.529352,3.024001888888884
584.529353,3.0240009444444422
584.529354,3.024
584.53185,3.026190688524647
584.5322,3.0264978764186425
584.7276,3.1979964892812194
584.727601,3.1979973669609145
584.727602,3.1979982446406097
584.727603,3.197999122320305
584.727604,3.198
584.73005,3.193300910010182
584.9254,2.8180076845298085
584.925401,2.8180057633973568
584.925402,2.8180038422649045
584.925403,2.8180019211324523
584.925404,2.818
584.92805,2.816864090909128
585.1234,2.733001717171713
585.123401,2.7330012878787846
585.123402,2.7330008585858563
585.123403,2.7330004292929284
585.123404,2.733
585.12605,2.733226952573161
585.3216,2.7499996569122107
585.321601,2.749999742684158
585.321602,2.7499998284561054
585.321603,2.7499999142280527
585.321604,2.75
585.32405,2.751669835651127
585.51935,2.8849972692794004
585.519351,2.88499795195955
585.519352,2.8849986346397003
585.519353,2.88499931731985
585.519354,2.885
585.52375,2.8820508549810566
585.5241,2.8818160504413166
585.7176,2.7520026834804474
585.717601,2.7520020126103355
585.717602,2.752001341740224
585.717603,2.752000670870112
585.717604,2.752
585.72005,2.7540651263902625
585.9154,2.918996622851373
585.915401,2.91899746713853
585.915402,2.9189983114256868
585.915403,2.9189991557128434
585.915404,2.919
585.91805,2.9183050909091137
586.1134,2.867001050505048
586.113401,2.8670007878787858
586.113402,2.867000525252524
586.113403,2.867000262626262
586.113404,2.867
586.11605,2.8718060544904644
586.3116,3.226992734611522
586.311601,3.2269945509586413
586.311602,3.2269963673057607
586.311603,3.2269981836528805
586.311604,3.227
586.31405,3.2295103033367827
586.5094,3.4299958948432865
586.509401,3.429996921132465
586.509402,3.4299979474216435
586.509403,3.4299989737108216
586.509404,3.43
586.51205,3.4305338713745326
586.5123,3.430584312736437
586.70765,3.469999192938212
586.707651,3.4699993947036587
586.707652,3.4699995964691057
586.707653,3.469999798234553
586.707654,3.47
586.71005,3.477224303030232
586.90565,4.06698793939397
586.905651,4.066990954545478
586.905652,4.066993969696985
586.905653,4.066996984848492
586.905654,4.067
586.9081,4.0680253434343285
587.10365,4.149998323232328
587.103651,4.149998742424246
587.103652,4.149999161616164
587.103653,4.149999580808082
587.103654,4.15
587.1061,4.1494193838383655
587.30165,4.103000949494946
587.301651,4.10300071212121
587.301652,4.103000474747473
587.301653,4.103000237373736
587.301654,4.103
587.30405,4.102697474747464
587.49965,4.078000505050504
587.499651,4.078000378787878
587.499652,4.0780002525252526
587.499653,4.078000126262626
587.499654,4.078
587.49985,4.078031565173623
587.5023,4.078426129843972
587.69835,4.109999355812785
587.698351,4.109999516859589
587.698352,4.1099996779063925
587.698353,4.109999838953197
587.698354,4.11
587.70075,4.112234485555076
587.89565,4.293996269640152
587.895651,4.293997202230114
587.895652,4.293998134820076
587.895653,4.293999067410038
587.895654,4.2940000000000005
587.8981,4.29511294236601
588.09345,4.383998179979782
588.093451,4.383998634984837
588.093451999,4.383999089989891
588.093453,4.383999544994946
588.093454,4.384
588.0961,4.387043834510628
588.29165,4.611995398587298
588.291651,4.611996548940473
588.291652,4.611997699293648
588.291653,4.611998849646825
588.291654,4.612
588.29605,4.614333380070128
588.49135,4.717997876815228
588.491351,4.717998407611421
588.491352,4.717998938407614
588.491353,4.717999469203807
588.491354,4.718
588.49155,4.718257540107048
588.4939,4.721345393430167
588.6877,4.975994744079463
588.687701,4.975996058059597
588.687702,4.975997372039732
588.687703,4.9759986860198655
588.687704,4.976
588.690099999,4.977064888888878
588.8857,5.063998222222227
588.885701,5.06399866666667
588.885702,5.063999111111113
588.885703,5.063999555555557
588.885704,5.064
588.8881,5.064314705733768
589.08365,5.089999474614803
589.083651,5.089999605961102
589.083652,5.0899997373074015
589.083652999,5.089999868653701
589.083654,5.09
589.083899999,5.090546666666802
589.28165,5.5299911111111335
589.281651,5.52999333333335
589.281652,5.529995555555567
589.281653,5.529997777777783
589.281654,5.53
589.28405,5.529867023208881
589.4792,5.519036296670033
589.47985,5.519000221997981
589.479851,5.519000166498486
589.479852,5.519000110998991
589.479853,5.519000055499496
589.479854,5.519
589.48225,5.52008909090908
589.6772,5.608702727272754
589.67785,5.608998181818186
589.677851,5.60899863636364
589.677852,5.608999090909093
589.677853,5.608999545454546
589.677854,5.609
589.8757,5.736997412180952
589.875701,5.736998059135714
589.875702,5.736998706090476
589.875703,5.736999353045238
589.875704,5.737
589.87815,5.737345637143573
590.0732,5.764907585162764
590.07385,5.764999434771639
590.073851,5.764999576078729
590.073852,5.76499971738582
590.073853,5.764999858692909
590.073853999,5.765
590.2717,5.798999312610565
590.271701,5.798999484457925
590.271702,5.798999656305283
590.271703,5.798999828152642
590.271704,5.799
590.27415,5.797566989898946
590.4697,5.683002343434404
590.469701,5.68300175757582
590.469702,5.683001171717235
590.469703,5.683000585858651
590.469704,5.683
590.46995,5.682952823618481
590.4723,5.682502154933146
590.66725,5.645115831440819
590.66785,5.645000767095633
590.667851,5.645000575321725
590.667852,5.645000383547817
590.667853,5.645000191773908
590.667854,5.6450000000000005
590.86525,5.784572929292962
590.86585,5.784997171717179
590.865851,5.784997878787884
590.865852,5.78499858585859
590.865853,5.784999292929295
590.865854,5.785
591.063699999,5.897997715440996
591.063701,5.897998286580747
591.063702,5.897998857720498
591.063703,5.897999428860249
591.063703999,5.898
591.06395,5.898032278576843
591.2612,5.923914186222552
591.26185,5.923999475145079
591.261851,5.92399960635882
591.261852,5.923999737572547
591.261853,5.923999868786273
591.261854,5.924
591.4597,5.949999474349256
591.459701,5.949999605761942
591.459702,5.949999737174628
591.459703,5.949999868587314
591.459704,5.95
591.45995,5.950298555667075
591.4623,5.953150611835554
591.65845,6.191206278836444
591.6591,6.191995145436321
591.659101,6.191996359077241
591.659102,6.191997572718161
591.659103,6.191998786359081
591.659104,6.192
591.85525,6.073395457317037
591.8559,6.073002418699181
591.855901,6.073001814024386
591.855902,6.073001209349591
591.855903,6.073000604674796
591.855904,6.073
592.05325,6.148748969696992
592.0539,6.148998464646469
592.053901,6.148998848484851
592.053902,6.148999232323234
592.053903,6.148999616161617
592.053904,6.149
592.25355,6.075001482594537
592.253551,6.075001111945903
592.253552,6.075000741297268
592.253553,6.075000370648635
592.253554,6.075
592.25615,6.075978375350155
592.44925,6.148753521772325
592.4499,6.148998492487908
592.449901,6.148998869365931
592.449902,6.148999246243954
592.449903,6.148999623121977
592.449904,6.149
592.45225,6.1493149925551815
592.64725,6.175497238190594
592.6479,6.175584512342721
592.647901,6.175584646610647
592.8459,6.202169561757146
592.845901,6.202169696025073
592.848,6.2024515244024565
593.04325,6.22866733701946
593.04405,6.2287747513605325
593.044051,6.228774885628458
593.24125,6.255252386433885
593.2419,6.255339660585997
593.241901,6.255339794853923
593.43925,6.281837435848311
593.43995,6.2819314233967525
593.439951,6.281931557664679
593.44205,6.282213386042048
593.6373,6.308429198659051
593.63795,6.308516472811178
593.637951,6.308516607079104
593.8358,6.335081382036658
593.83645,6.3351686561887695
593.836451,6.335168790456695
594.0333,6.361599297487917
594.03395,6.361686571640028
594.033951,6.361686705907955
594.2313,6.388184346902342
594.23195,6.388271621054454
594.231951,6.38827175532238
594.4293,6.414769396316768
594.42995,6.414856670468894
594.429951,6.414856804736821
594.43205,6.415138633114189
594.6273,6.441354445731193
594.62815,6.44146857346858
594.628151,6.441468707736506
594.8268,6.468140897035132
594.8274,6.4682214577909285
594.827401,6.468221592058854
595.0233,6.494524544560059
595.0241,6.494631958901131
595.024101,6.494632093169057
595.2213,6.521109593974484
595.2221,6.521217008315556
595.222101,6.521217142583482
595.4193,6.547694643388909
595.4202,6.547815484522611
595.420201,6.547815618790538
595.42205,6.548063880186331
595.61735,6.57428640619965
595.6182,6.574400533937037
595.618201,6.574400668204962
595.81535,6.60087145561409
595.8177,6.601186985240976
595.817700999,6.601187119508902
596.01335,6.627456505028516
596.0141,6.6275572059732575
596.014101,6.627557340241183
596.21135,6.654041554442941
596.2121,6.654142255387698
596.212101,6.654142389655624
596.40935,6.680626603857366
596.4101,6.680727304802123
596.410101,6.680727439070049
596.4141,6.681264376507468
596.60735,6.707211653271791
596.6082,6.707325781009178
596.608201,6.707325915277105
596.80535,6.733796702686232
596.80625,6.733917543819934
596.806251,6.73391767808786
597.00335,6.760381752100657
597.004,6.7604690262527685
597.004001,6.760469160520694
597.20135,6.786966801515082
597.20215,6.787074215856155
597.202151,6.78707435012408
597.39935,6.813551850929508
597.40015,6.81365926527058
597.400151,6.813659399538506
597.4024,6.8139613681048345
597.5974,6.840143613740248
597.59825,6.840257741477635
597.598251,6.840257875745561
597.79535,6.866721949758358
597.79625,6.86684279089206
597.796251,6.866842925159986
597.9951,6.8935419680438725
597.9957,6.893622528799685
597.995701,6.89362266306761
598.19135,6.919892048587224
598.19215,6.919999462928296
598.192151,6.919999597196222
598.192152,6.919999731464148
598.192153,6.919999865732074
598.192154,6.92
598.3894,6.684200242118497
598.3904,6.683004781841097
598.390401,6.683003586380823
598.390402,6.6830023909205485
598.390403,6.683001195460275
598.390404,6.683
598.39275,6.687182515151696
598.5874,7.034210040403899
598.5884,7.035992868686685
598.588401,7.035994651515166
598.588402,7.035996434343444
598.588403,7.035998217171723
598.588404,7.0360000000000005
598.7854,7.0628766649823
598.7863,7.062999454269819
598.786301,7.06299959070236
598.786302,7.062999727134917
598.786303,7.062999863567458
598.786304,7.063
598.9834,7.014248339222607
598.9844,7.014000989399291
598.984401,7.014000742049468
598.984402,7.014000494699646
598.984403,7.014000247349823
598.984404,7.014
599.1814,7.06180489383215
599.1822,7.061999029322551
599.182201,7.061999271991914
599.182202,7.061999514661276
599.182203,7.061999757330638
599.182204,7.062
599.3794,7.115712907944528
599.38045,7.115998910466586
599.380451,7.115999182849939
599.380452,7.115999455233293
599.380453,7.115999727616647
599.380454,7.1160000000000005
599.3828,7.114257832785983
599.5774,6.969745582217791
599.5784,6.96900297044716
599.578400999,6.969002227835391
599.578402,6.969001485223623
599.578403,6.969000742611853
599.578404,6.969
599.7754,6.850543587670536
599.7763,6.850002405255174
599.776301,6.850001803941381
599.776302,6.850001202627587
599.776303,6.850000601313794
599.776304,6.8500000000000005
599.9734,6.886803189502911
599.97445,6.886999253091095
599.974451,6.886999439818322
599.974452,6.886999626545547
599.974453,6.886999813272774
599.974454,6.8870000000000005
600.1714,7.107874018691627
600.1724,7.108995514018703
600.172401,7.108996635514028
600.172402,7.108997757009352
600.172403,7.108998878504676
600.172404,7.109
600.3694,7.088111759656647
600.37045,7.088000424135318
600.370451,7.088000318101489
600.370452,7.08800021206766
600.370453,7.08800010603383
600.370454,7.088
600.3728,7.08439806060608
600.56745,6.785541494949617
600.56845,6.7840061414143005
600.568451,6.784004606060769
600.568452,6.784003070707238
600.568453,6.784001535353531
600.568454,6.784
600.76685,7.035663013286596
600.7679,7.036994926046641
600.767901,7.03699619453498
600.767902,7.0369974630233205
600.767903,7.03699873151166
600.767904,7.037
600.96345,6.976311595013981
600.96445,6.976001241414395
600.964451,6.976000931060796
600.964452,6.976000620707198
600.964453,6.976000310353599
600.964454,6.976
601.16145,7.080467575757594
601.16245,7.080997878787884
601.162451,7.080998409090913
601.162452,7.080998939393942
601.162453,7.080999469696971
601.162454,7.081
601.35945,7.164574060606075
601.36045,7.164998303030307
601.360451,7.164998727272731
601.360452,7.164999151515154
601.360453,7.164999575757577
601.360454,7.165
601.3628,7.163068696969706
601.55745,7.002826525252497
601.55845,7.002003292929285
601.558451,7.002002469696963
601.558452,7.002001646464642
601.558453,7.002000823232321
601.558454,7.002
601.75685,6.827881143430361
601.75785,6.827003510531586
601.757851,6.827002632898689
601.757852,6.827001755265793
601.757853,6.827000877632896
601.757854,6.827
601.95345,6.768346053367196
601.9546,6.768001199491738
601.954601,6.768000899618803
601.954602,6.768000599745869
601.954603,6.768000299872934
601.954604,6.768
602.15145,6.665522678797051
602.15245,6.665002082385641
602.152451,6.66500156178923
602.152452,6.66500104119282
602.152453,6.6650005205964105
602.152454,6.665
602.3495,6.596700690702093
602.5477,6.52800138646426
602.547701,6.528001039848196
602.547702,6.52800069323213
602.547703,6.528000346616065
602.547704,6.5280000000000005
602.55015,6.52631352793158
602.55055,6.526037735279332
602.7455,6.391623291394096
602.9451,6.254002757926516
602.945101,6.254002068444887
602.945102,6.254001378963258
602.945103,6.25400068948163
602.945104,6.254
602.9478,6.254438708365119
603.14175,6.285999349097383
603.141751,6.285999511823038
603.141752,6.285999674548692
603.141753,6.285999837274346
603.141754,6.2860000000000005
603.14445,6.283875878787869
603.33975,6.130003151515233
603.339751,6.130002363636358
603.339752,6.130001575757571
603.339753,6.130000787878786
603.339754,6.13
603.34245,6.1278486464647255
603.53775,5.9720031919191845
603.537751,5.9720023939393885
603.537752,5.9720015959595925
603.537753,5.972000797979796
603.537754,5.972
603.5402,5.969282222222263
603.54055,5.968893333333345
603.73575,5.752004444444433
603.735751,5.752003333333325
603.735752,5.752002222222217
603.735753,5.752001111111108
603.735754,5.752
603.73845,5.750148202020192
603.93375,5.616002747474741
603.933751,5.616002060606056
603.933752,5.616001373737371
603.933753,5.616000686868686
603.933754,5.6160000000000005
603.93835,5.605498168978582
604.132,5.163009139974757
604.132001,5.163006854981068
604.132002,5.163004569987378
604.132003,5.16300228499369
604.132004,5.163
604.1344,5.158880455120141
604.32975,4.8230068773704
604.329751,4.8230051580278
604.329752,4.8230034386852
604.329753,4.8230017193426
604.329754,4.823
604.33245,4.82444149306432
604.528,4.928997861286261
604.528001,4.928998395964696
604.528002,4.9289989306431305
604.528003,4.928999465321565
604.528004,4.929
604.53035,4.9297709302325545
604.53055,4.929836653185053
604.7258,4.993998685540953
604.725801,4.993999014155715
604.725802,4.9939993427704765
604.725803,4.993999671385239
604.725804,4.994
604.72845,4.993492181818176
604.9238,4.956000767676766
604.923801,4.956000575757575
604.923802,4.956000383838384
604.923803,4.956000191919192
604.923804,4.956
604.92645,4.952956165489375
605.122,4.728004601412702
605.122001,4.728003451059527
605.122002,4.728002300706351
605.122003,4.728001150353175
605.122004,4.728
605.12635,4.722507077856496
605.3198,4.47800505561186
605.319801,4.478003791708931
605.319802,4.478002527806002
605.319803,4.478001263903073
605.319804,4.478
605.32245,4.474676650693676
605.51805,4.229005023959634
605.518051,4.229003767969726
605.518052,4.229002511979817
605.518053,4.229001255989909
605.518054,4.229
605.52045,4.229363489254105
605.5207,4.229401415929208
605.7158,4.2589993931732
605.715801,4.2589995448799005
605.715802,4.2589996965866
605.715803,4.258999848293301
605.715804,4.259
605.71845,4.25301309090903
605.9138,3.811009050505028
605.913801,3.8110067878787706
605.913802,3.811004525252514
605.913803,3.811002262626257
605.913804,3.811
605.91645,3.8143375378405984
606.112,4.060994954591335
606.112001,4.060996215943501
606.112002,4.060997477295667
606.112003,4.060998738647833
606.112004,4.061
606.1144,4.0630208686868485
606.31,4.227996626262635
606.310001,4.227997469696976
606.310002,4.227998313131317
606.310003,4.227999156565659
606.310004,4.228
606.3124,4.229802595304198
606.50805,4.376996990658932
606.508051,4.376997742994199
606.508052,4.376998495329466
606.508053,4.376999247664733
606.508054,4.377
606.5104,4.372767768844243
606.5105,4.372587366834238
606.70705,4.018007216080589
606.707051,4.018005412060493
606.707052,4.018003608040192
606.707053,4.018001804020096
606.707054,4.018
606.7094,4.018715243902435
606.90385,4.077998780487809
606.903851,4.077999085365856
606.903852,4.077999390243904
606.903853,4.077999695121952
606.903854,4.078
606.90645,4.079493158425855
607.10205,4.1919976992936485
607.102051,4.191998274470237
607.102052,4.191998849646825
607.102053,4.191999424823412
607.102054,4.192
607.10445,4.195972331580226
607.3017,4.522993368394519
607.301701,4.522995026295842
607.301702,4.522996684197353
607.301703,4.522998342098677
607.301704,4.523
607.3041,4.525147675070007
607.49805,4.698996414565835
607.498051,4.698997310924376
607.498052,4.6989982072829175
607.498053,4.698999103641459
607.498054,4.699
607.5004,4.702400515151499
607.50055,4.702617939394034
607.69605,4.985994202020216
607.696051,4.985995651515163
607.696052,4.985997101010108
607.696053,4.9859985505050535
607.696054,4.986
607.6997,4.993156556224905
607.89525,5.376992148594397
607.895251,5.376994111445798
607.895252,5.376996074297199
607.895253,5.376998037148599
607.895254,5.377
607.8976,5.382245121951192
608.09205,5.816991056910592
608.092050999,5.816993292682944
608.092052,5.816995528455296
608.092053,5.816997764227648
608.092054,5.817
608.09445,5.816116849280494
608.2901,5.744001474375154
608.290101,5.744001105781365
608.290102,5.7440007371875765
608.290103,5.744000368593788
608.290104,5.744
608.29255,5.738432773151734
608.4876,5.294488538985482
608.48825,5.293009104213956
608.488251,5.293006828160467
608.488252,5.293004552106979
608.488253,5.293002276053489
608.488254,5.293
608.49065,5.28154376547847
608.6861,4.347019125600155
608.686101,4.347014344200116
608.686102,4.3470095628000776
608.686103,4.347004781400039
608.686104,4.347
608.68855,4.34524804407708
608.88575,4.204002865013766
608.885751,4.204002148760325
608.885752,4.204001432506884
608.885753,4.204000716253441
608.885754,4.204
608.8882,4.201944537815157
609.0821,4.039003361344529
609.082100999,4.039002521008396
609.082102,4.039001680672264
609.082103,4.039000840336132
609.082104,4.039
609.08455,4.034404484848553
609.2801,3.667007515151497
609.280101,3.6670056363636223
609.280102,3.667003757575748
609.280103,3.6670018787878735
609.280104,3.667
609.28245,3.666336987130965
609.4776,3.611184829674472
609.47825,3.611001130456722
609.478251,3.6110008478425417
609.478252,3.611000565228361
609.478253,3.6110002826141807
609.478254,3.611
609.4826,3.611
609.6761,3.611
609.676101,3.611
609.676102,3.611
609.676103,3.611
609.676104,3.611
609.67855,3.611994109382872
609.8754,3.6919983743100895
609.875401,3.691998780732568
609.875402,3.691999187155045
609.875403,3.6919995935775223
609.875404,3.692
609.8778,3.692827675895344
610.071599999,3.759774081788145
610.07225,3.75999861823724
610.072251,3.7599989636779294
610.072251999,3.75999930911862
610.072253,3.7599996545593104
610.072254,3.76
610.27015,3.614002950985338
610.270151,3.614002213239004
610.270152,3.614001475492669
610.270153,3.614000737746335
610.270154,3.614
610.2726,3.612851990915989
610.46765,3.52130694928082
610.4683,3.5210018773656278
610.468301,3.52100140802422
610.468302,3.5210009386828136
610.468303,3.5210004693414065
610.468304,3.521
610.47075,3.52134589898991
610.66565,3.5489075151515075
610.6663,3.54899943434342
610.666301,3.548999575757577
610.666302,3.548999717171718
610.666303,3.548999858585859
610.666304,3.549
610.86545,3.7369962239518046
610.865451,3.7369971679638536
610.865452,3.736998111975903
610.865453,3.736999055987951
610.865454,3.737
610.8679,3.739298755397583
611.06165,3.9213853695706886
611.0623,3.9219962407924913
611.062301,3.921997180594369
611.062302,3.9219981203962457
611.062302999,3.921999060198123
611.062304,3.922
611.26015,4.112996138488764
611.260151,4.112997103866573
611.260152,4.112998069244382
611.260153,4.112999034622192
611.260154,4.113
611.26255,4.114777501892489
611.45765,4.25951482210451
611.4583,4.259997032551105
611.458301,4.259997774413328
611.458302,4.2599985162755525
611.458303,4.259999258137776
611.458304,4.26
611.46265,4.25905617171716
611.65565,4.217142030303043
611.6563,4.217000868686892
611.656301,4.217000651515175
611.656302,4.217000434343459
611.656303,4.217000217171742
611.656304,4.2170000000000005
611.85365,4.232807439299118
611.85605,4.232999679599491
611.856051,4.232999759699616
611.856052,4.23299983979975
611.856053,4.232999919899875
611.856054,4.233
612.05165,4.114396565605128
612.0523,4.1140024254777
612.052301,4.1140018191082754
612.052302,4.1140012127388506
612.052303,4.114000606369425
612.052304,4.114
612.24965,4.169800939156799
612.25035,4.169998868972485
612.250351,4.169999151729363
612.250352,4.169999434486242
612.250353,4.169999717243121
612.250354,4.17
612.4477,4.459042121212208
612.44835,4.459994141414156
612.448351,4.459995606060617
612.448352,4.459997070707078
612.448353,4.459998535353539
612.448354,4.46
612.45085,4.459331878787862
612.6457,4.407175060606075
612.64635,4.407001070707098
612.646351,4.407000803030331
612.646352,4.407000535353564
612.646353,4.407000267676767
612.646354,4.407
612.8437,4.054436366389129
612.8445,4.05300714610142
612.844501,4.053005359576066
612.844502,4.05300357305071
612.844503,4.053001786525355
612.844504,4.053
613.0417,3.95831402577713
613.04235,3.95800192064695
613.042351,3.9580014404852126
613.042352,3.958000960323475
613.042353,3.9580004801617377
613.042354,3.958
613.2397,3.896204787878769
613.24035,3.896001252525249
613.240351,3.8960009393939368
613.240352,3.8960006262626248
613.240353,3.896000313131312
613.240354,3.896
613.4377,3.501805720050424
613.4386,3.500007989911708
613.438601,3.5000059924337807
613.438602,3.5000039949558537
613.438603,3.500001997477927
613.438604,3.5
613.44095,3.496939226295842
613.6357,3.242853259165536
613.63635,3.24200521871048
613.636351,3.24200391403286
613.636352,3.24200260935524
613.636353,3.24200130467762
613.636354,3.242
613.8354,2.88344828621469
613.8362,2.882007205404035
613.836201,2.882005404053026
613.836202,2.8820036027020177
613.836203,2.882001801351009
613.836204,2.882
614.0317,2.859094202750893
614.0325,2.859000468670401
614.032501,2.859000351502801
614.032502,2.859000234335201
614.032503,2.8590001171676005
614.032504,2.859
614.22975,2.5080745918624383
614.23035,2.507007116502383
614.230351,2.5070053373767878
614.230352,2.507003558251192
614.230353,2.507001779125596
614.230354,2.507
614.42775,2.15452492307693
614.4286,2.1530071424968296
614.428601,2.153005356872622
614.428602,2.153003571248415
614.428603,2.153001785624207
614.428604,2.153
614.431,2.146117936788941
614.62575,1.5867348773702827
614.62635,1.5850114892540796
614.626351,1.5850086169405595
614.626352,1.5850057446270398
614.626352999,1.58500287231352
614.626353999,1.585
614.82535,1.4634909309309407
614.82615,1.4630024424425057
614.826151,1.4630018318318967
614.826152,1.4630012212212875
614.826153,1.4630006106106093
614.826154,1.463
615.0217,1.3952784415584474
615.0225,1.3950013852813818
615.022501,1.3950010389610363
615.022502,1.3950006926406908
615.022503,1.3950003463203455
615.022504,1.395
615.21975,1.259449439110621
615.2204,1.2590027488630553
615.220401,1.2590020616472914
615.220402,1.2590013744315276
615.220403,1.259000687215764
615.220404,1.259
615.41805,1.4083170486023735
615.41895,1.4089969780911686
615.418951,1.4089977335683763
615.418952,1.4089984890455842
615.418953,1.408999244522792
615.418954,1.409
615.42135,1.4121995144159003
615.61575,1.6717928376327889
615.61665,1.67299465857361
615.616651,1.6729959939302077
615.616652,1.672997329286805
615.616653,1.6729986646434023
615.616654,1.673
615.81375,1.951077289506877
615.8144,1.95199435651076
615.814401,1.95199576738307
615.814402,1.95199717825538
615.814403,1.9519985891276896
615.814404,1.952
616.01175,2.57247215745642
616.01255,2.5749874236689694
616.012551,2.574990567751727
616.012552,2.5749937118344848
616.012553,2.5749968559172425
616.012554,2.575
616.20975,2.5132517575757625
616.21055,2.513001252525249
616.210551,2.5130009393939368
616.210552,2.5130006262626248
616.210553,2.5130003131313123
616.210554,2.513
616.40775,2.598629164352435
616.4086,2.598998263064838
616.408601,2.5989986972986654
616.408602,2.598999131532444
616.408603,2.598999565766222
616.408604,2.599
616.41095,2.59998342424242
616.60575,2.681642010101009
616.6066,2.6819983232323272
616.606601,2.6819987424242457
616.606602,2.681999161616164
616.606603,2.681999580808082
616.606604,2.682
616.80375,2.764725571284103
616.8044,2.7649983215368628
616.804401,2.764998741152635
616.804402,2.7649991607684075
616.804403,2.76499958038418
616.804404,2.765
617.00175,2.9602047236941544
617.00255,2.9609960434014733
617.002551,2.960997032551105
617.002552,2.960998021700737
617.002553,2.9609990108503683
617.002554,2.961
617.19975,3.019760424242419
617.20055,3.019998808080811
617.200551,3.019999106060608
617.200552,3.019999404040405
617.200553,3.0199997020202027
617.200554,3.02
617.3978,3.336389548549865
617.3988,3.3379935838587804
617.398801,3.337995187894085
617.398802,3.33799679192939
617.398803,3.337998395964695
617.398804,3.338
617.40125,3.337196411422807
617.5958,3.27328056608542
617.59665,3.273001314126861
617.596651,3.2730009855951456
617.596652,3.2730006570634305
617.596653,3.2730003285317157
617.596654,3.273
617.7938,3.297892171717171
617.79465,3.2979994949494964
617.794651,3.297999621212122
617.794652,3.297999747474748
617.794653,3.297999873737374
617.794654,3.298
617.9925,3.24222664988674
617.9933,3.242001127611374
617.993301,3.2420008457085303
617.993302,3.242000563805687
617.993303,3.2420002819028437
617.993304,3.242
618.1898,3.4469527898733343
618.1908,3.4479958278481115
618.190801,3.447996870886084
618.190802,3.447997913924056
618.190803,3.447998956962028
618.190804,3.448
618.3878,3.5176450505050627
618.3888,3.5179985858585896
618.388801,3.517998939393942
618.388802,3.517999292929295
618.388803,3.517999646464648
618.388804,3.518
618.39125,3.518964306292632
618.5858,3.5956633206974966
618.58665,3.595998423047768
618.586651,3.595998817285825
618.586652,3.595999211523884
618.586653,3.595999605761942
618.586654,3.596
618.7838,3.638782124653048
618.7848,3.638999131970732
618.784801,3.6389993489780488
618.784802,3.638999565985366
618.784803,3.6389997829926832
618.784804,3.639
618.9818,3.7475569464105063
618.9826,3.747997795753292
618.982601,3.747998346814969
618.982602,3.747998897876646
618.982603,3.747999448938323
618.982604,3.748
619.17985,3.830683929292917
619.1806,3.8309983232323273
619.180601,3.8309987424242458
619.180602,3.830999161616164
619.180603,3.830999580808082
619.180604,3.831
619.37785,3.906615112232043
619.37885,3.9069984665826016
619.378851,3.9069988499369512
619.378852,3.906999233291301
619.378853,3.9069996166456495
619.378854,3.907
619.3813,3.90738257315842
619.576,3.9378351463168415
619.57705,3.937999374369308
619.577051,3.9379995307769766
619.577052,3.937999687184645
619.577053,3.937999843592314
619.577054,3.938
619.77385,3.958893407482309
619.77485,3.958999575328616
619.774851,3.958999681496462
619.774852,3.958999787664308
619.774853,3.958999893832154
619.774854,3.959
619.97185,3.781902585858556
619.97285,3.781003595959587
619.972851,3.7810026969696895
619.972852,3.7810017979797936
619.972853,3.781000898989897
619.972854,3.781
620.16985,3.9314242528444794
620.1706,3.93199694563844
620.170601,3.93199770922883
620.170602,3.93199847281922
620.170603,3.93199923640961
620.170604,3.932
620.36785,3.8563848877679567
620.36885,3.8560015334173983
620.368851,3.8560011500630487
620.368852,3.856000766708699
620.368853,3.8560003833543495
620.368854,3.856
620.37125,3.8526876690212224
620.56605,3.5833879717456654
620.56705,3.5820055297678977
620.567051,3.5820041473259234
620.567052,3.5820027648839488
620.567053,3.5820013824419745
620.567054,3.5820000000000003
620.76385,3.6347176547889934
620.7649,3.634998928481176
620.764901,3.634999196360882
620.764902,3.634999464240588
620.764903,3.6349997321202943
620.764904,3.635
620.96185,3.767325425612552
620.96285,3.767997312452647
620.962851,3.767997984339485
620.962852,3.767998656226324
620.962853,3.7679993281131616
620.962854,3.768
621.1599,3.7759695045500496
621.16065,3.775999838220425
621.160651,3.775999878665319
621.160652,3.775999919110213
621.160653,3.7759999595551066
621.160654,3.776
621.35785,3.74317544514503
621.3589,3.743000665825976
621.358901,3.7430004993694816
621.358902,3.743000332912988
621.358903,3.743000166456494
621.358904,3.743
621.3613,3.745081373737353
621.55585,3.914084404040444
621.5569,3.9149965252525343
621.556901,3.9149973939394007
621.556902,3.914998262626267
621.556903,3.9149991313131336
621.556904,3.915
621.75385,3.837473943981844
621.75505,3.837001574564765
621.755051,3.837001180923585
621.755052,3.837000787282405
621.755053,3.83700039364118
621.755054,3.837
621.95185,3.705868396793568
621.95465,3.704002665330655
621.954651,3.7040019989979913
621.954652,3.704001332665328
621.954653,3.704000666332664
621.954654,3.704
622.1499,3.9238693808916314
622.1509,3.924995495541285
622.150901,3.92499662165606
622.150902,3.9249977477707065
622.150903,3.9249988738853534
622.150904,3.925
622.3479,3.954802723146738
622.5475,3.98499939485628
622.547501,3.98499954614221
622.547502,3.98499969742814
622.547503,3.98499984871407
622.547504,3.985
622.5499,3.984049641495051
622.5503,3.983890983981697
622.74415,3.9070015865751295
622.744151,3.9070011899313473
622.744152,3.907000793287565
622.744153,3.9070003966437823
622.744154,3.907
622.7468,3.906211545454538
622.94215,3.848001191919189
622.942151,3.848000893939392
622.942152,3.8480005959595935
622.942153,3.848000297979797
622.942154,3.848
622.94485,3.848312697932427
623.14045,3.870999536056468
623.140451,3.870999652042348
623.140452,3.870999768028228
623.140453,3.870999884014107
623.140454,3.871
623.1431,3.870745705614576
623.33815,3.852000384420839
623.338151,3.852000288315629
623.338152,3.852000192210419
623.338153,3.8520000961052094
623.338154,3.852
623.34085,3.85317069426913
623.5362,3.937998263064887
623.536201,3.937998697298666
623.536202,3.937999131532444
623.536203,3.937999565766222
623.536204,3.938
623.53865,3.9386794444444657
623.539,3.938776666666664
623.7342,3.99299888888886
623.734201,3.992999166666637
623.734202,3.9929994444444143
623.734203,3.992999722222191
623.734204,3.993
623.73685,3.994909071644741
623.9324,4.135997114026243
623.932401,4.1359978355196825
623.932402,4.135998557013122
623.932403,4.135999278506561
623.932404,4.136
623.93485,4.138077492416551
624.1302,4.303996602628927
624.130201,4.303997451971696
624.130202,4.303998301314464
624.130203,4.303999150657232
624.130204,4.304
624.13285,4.30210427850654
624.3284,4.162002865792122
624.328401,4.162002149344091
624.328402,4.162001432896061
624.328403,4.162000716448031
624.328404,4.162
624.33085,4.163273700707825
624.5262,4.264997917087973
624.526201,4.264998437815979
624.526202,4.264998958543986
624.526203,4.264999479271993
624.526204,4.265
624.5286,4.2688311828498975
624.529,4.269470779319024
624.72445,4.581993604035325
624.724451,4.581995203026493
624.724452,4.581996802017662
624.724453,4.581998401008831
624.724454,4.582
624.7271,4.587921586259217
624.9224,5.024991048244529
624.922401,5.024993286183397
624.922402,5.024995524122264
624.922403,5.024997762061132
624.922404,5.025
624.9249,5.024936969696971
625.1204,5.020000101010101
625.120401,5.020000075757576
625.120402,5.020000050505051
625.120403,5.020000025252526
625.120404,5.0200000000000005
625.1229,5.021514256825116
625.3182,5.139997573306376
625.318201,5.139998179979782
625.318202,5.139998786653187
625.318203,5.139999393326594
625.318204,5.14
625.3228,5.142434199243374
625.51645,5.244997881462805
625.516451,5.244998411097104
625.516452,5.244998940731403
625.516453,5.244999470365701
625.516454,5.245
625.5189,5.246941074836737
625.519,5.247020431943699
625.71555,5.4029968257157295
625.715551,5.402997619286797
625.715552,5.4029984128578645
625.715553,5.402999206428933
625.715554,5.4030000000000005
625.71825,5.401904621635342
625.91245,5.323001625190448
625.912451,5.323001218892836
625.912452,5.323000812595224
625.912453,5.323000406297612
625.912454,5.323
625.9149,5.322567626262633
626.11045,5.288000707070705
626.110451,5.288000530303029
626.110452,5.288000353535353
626.110453,5.288000176767676
626.110454,5.288
626.1129,5.288222644753484
626.3082,5.30599963590392
626.308201,5.30599972692794
626.308202,5.30599981795196
626.308203,5.30599990897598
626.308204,5.306
626.3109,5.307591081967222
626.50645,5.422997639344269
626.506451,5.4229982295082015
626.506452,5.422998819672134
626.506453,5.422999409836067
626.506454,5.423
626.50885,5.423640868029264
626.50905,5.423694362856402
626.7046,5.47599893010346
626.704601,5.475999197577595
626.704602,5.475999465051729
626.704603,5.475999732525865
626.704604,5.476
626.70725,5.481897831690734
626.90245,5.916991084154685
626.902451,5.916993313116014
626.902452,5.916995542077342
626.902453,5.916997771038671
626.902454,5.917
626.90495,5.918638787878756
627.10045,6.04699737373738
627.100451,6.046998030303035
627.100452,6.04699868686869
627.100453,6.0469993434343445
627.100454,6.047
627.10295,6.048611947527791
627.298,6.174577638748704
627.29865,6.174997416750763
627.298651,6.1749980625630725
627.298652,6.174998708375382
627.298653,6.17499935418769
627.298654,6.175
627.4965,6.388995673490029
627.496501,6.388996755117522
627.496502,6.388997836745014
627.496503,6.388998918372508
627.496504,6.389
627.49895,6.391124808080777
627.4991,6.391255111111048
627.6945,6.560996525252534
627.694501,6.560997393939401
627.694502,6.560998262626267
627.694503,6.5609991313131335
627.694504,6.561
627.6988,6.561650909090902
627.8925,6.590999393939396
627.892501,6.5909995454545465
627.892502,6.590999696969698
627.892503,6.590999848484849
627.892504,6.591
627.8969,6.59317579797982
628.0905,6.688998020202026
628.090501,6.688998515151519
628.090502,6.688999010101012
628.090503,6.688999505050506
628.090504,6.689
628.092949999,6.688814696969692
628.2885,6.674000303030303
628.288501,6.674000227272727
628.288502,6.674000151515152
628.288503,6.674000075757576
628.288504,6.674
628.2887,6.674159373737434
628.4865,6.834996747474663
628.486501,6.834997560606067
628.486502,6.834998373737378
628.486503,6.834999186868689
628.486504,6.835
628.4889,6.836391264832099
628.48905,6.836478364049447
628.68455,6.94999767735421
628.684551,6.949998258015658
628.684552,6.9499988386771046
628.684553,6.949999419338552
628.684554,6.95
628.68695,6.950157194044914
628.882,6.962953812768109
628.8827,6.962999737572547
628.882701,6.96299980317941
628.882702,6.962999868786273
628.882703,6.962999934393137
628.882704,6.963
629.08055,7.075997715440997
629.080551,7.075998286580748
629.080552,7.075998857720498
629.080552999,7.07599942886025
629.080554,7.0760000000000005
629.083,7.075036424242394
629.27855,6.998001575757572
629.278551,6.998001181818179
629.278552,6.998000787878786
629.278553,6.998000393939393
629.278554,6.998
629.27875,6.998148372445173
629.47605,7.147504920514721
629.4767,7.147996971990924
629.476701,7.147997728993193
629.476702,7.147998485995462
629.476703,7.147999242997732
629.476704,7.148000000000001
629.4791,7.147236865520736
629.6745,7.085001274014153
629.674501,7.085000955510615
629.674502,7.085000637007076
629.674503,7.085000318503538
629.674504,7.085
629.67695,7.082963723511634
629.87205,6.9205444500504045
629.8727,6.92000332996972
629.872701,6.920002497477289
629.872702,6.920001664984859
629.872703,6.92000083249243
629.872704,6.92
630.0705,6.861001193124364
630.070501,6.861000894843274
630.070502,6.861000596562183
630.070502999,6.861000298281091
630.070504,6.861
630.0749,6.861399233097885
630.26805,6.878940605449037
630.2687,6.878999636730576
630.268701,6.878999727547932
630.268702,6.878999818365289
630.268703,6.878999909182644
630.268704,6.879
630.46605,6.496268363636469
630.4667,6.495007757575738
630.466701,6.495005818181804
630.466702,6.495003878787869
630.466703,6.495001939393934
630.466704,6.495
630.4691,6.4923498787879055
630.66405,6.276723363636298
630.6647,6.276004424242413
630.664701,6.27600331818181
630.664702,6.276002212121206
630.664703,6.276001106060603
630.664704,6.276
630.86205,5.990020186821405
630.86275,5.989005796516016
630.862751,5.989004347387012
630.862752,5.989002898258009
630.862753,5.989001449129004
630.862754,5.989
631.0601,5.705866562263131
631.0607,5.705005738822921
631.060701,5.705004304117191
631.060702,5.7050028694114605
631.060703,5.70500143470573
631.060704,5.705
631.2581,5.530533838383898
631.2587,5.530003535353527
631.258701,5.5300026515151455
631.258702,5.530001767676763
631.258703,5.530000883838381
631.258704,5.53
631.4561,5.32861620202027
631.4567,5.32800408080807
631.456701,5.328003060606053
631.456702,5.328002040404035
631.456703,5.328001020202018
631.456704,5.328
631.45915,5.327110770007587
631.6541,5.256237758141862
631.65475,5.256001454178234
631.654751,5.256001090633676
631.654752,5.256000727089117
631.654753,5.256000363544559
631.654754,5.256
631.85355,5.114465620456213
631.8542,5.11400284783153
631.854201,5.114002135873647
631.854202,5.114001423915765
631.854203,5.114000711957882
631.854204,5.114
632.0501,4.999382650724972
632.05075,4.9990023403714
632.050751,4.999001755278551
632.050752,4.9990011701857
632.050753,4.99900058509285
632.050754,4.999
632.2481,4.705971090909171
632.24875,4.705005939393924
632.248751,4.705004454545444
632.248752,4.705002969696962
632.248753,4.705001484848481
632.248754,4.705
632.4461,4.229575545454676
632.44675,4.228009636363612
632.446751,4.228007227272709
632.446752,4.228004818181806
632.446753,4.228002409090903
632.446754,4.228
632.45105,4.228
632.6441,4.228
632.64475,4.228
632.644751,4.228
632.644752,4.228
632.644753,4.228
632.644754,4.228
632.8421,4.048730355791082
632.8429,4.048003633610995
632.842901,4.048002725208272
632.842902,4.048001816805549
632.842903,4.048000908402826
632.842904,4.048
633.04075,3.922415133501294
633.0414,3.922002539042815
633.041401,3.9220019042821113
633.041402,3.922001269521408
633.041403,3.922000634760704
633.041404,3.922
633.2381,3.8005581376518167
633.239,3.8000024696356216
633.239001,3.800001852226716
633.239002,3.800001234817811
633.239003,3.8000006174089056
633.239004,3.8
633.4361,3.79202847320526
633.4368,3.7920001617795753
633.436801,3.7920001213346817
633.436802,3.792000080889788
633.436803,3.792000040444894
633.436804,3.792
633.4392,3.793476323232309
633.6341,3.913566222222197
633.6348,3.9139975353535417
633.634801,3.913998151515156
633.634802,3.913998767676771
633.634803,3.9139993838383855
633.634804,3.914
633.8321,3.946866067642621
633.8329,3.9469993336698654
633.832901,3.946999500252399
633.832902,3.946999666834933
633.832903,3.9469998334174665
633.832904,3.947
634.03015,4.085540646791351
634.0308,4.08599719050026
634.030801,4.085997892875195
634.030802,4.08599859525013
634.030803,4.085999297625065
634.030804,4.086
634.22815,4.008355672131144
634.22905,4.008001573770488
634.229051,4.008001180327866
634.229052,4.008000786885244
634.229053,4.008000393442622
634.229054,4.008
634.42615,3.959223717171715
634.42705,3.9590009898989873
634.427051,3.959000742424241
634.427052,3.959000494949494
634.427053,3.959000247474747
634.427054,3.959
634.42935,3.960288778761063
634.62415,4.069632900126392
634.624799999,4.06999775474084
634.624800999,4.069998316055631
634.624802,4.06999887737042
634.624803,4.06999943868521
634.624804,4.07
634.82215,4.040121725965164
634.82295,4.040000605601815
634.822951,4.040000454201362
634.822952,4.040000302800908
634.822953,4.040000151400454
634.822954,4.04
635.02015,3.9563410909090977
635.02095,3.9560016969696927
635.020951,3.956001272727269
635.020952,3.9560008484848463
635.020953,3.956000424242423
635.020954,3.956
635.21815,3.9400730136294793
635.21905,3.940000323069156
635.219051,3.940000242301867
635.219052,3.940000161534578
635.219053,3.940000080767289
635.219054,3.94
635.41615,3.906155232323231
635.41705,3.906000686868685
635.417051,3.906000515151514
635.417052,3.906000343434343
635.417053,3.9060001717171713
635.417054,3.906
635.4194,3.9043039534883808
635.61415,3.763508958544014
635.61485,3.7630028918099017
635.614851,3.763002168857426
635.614852,3.763001445904951
635.614853,3.763000722952475
635.614854,3.763
635.81215,4.03084064597542
635.812999999,4.03199456977039
635.813001,4.0319959273277926
635.813001999,4.031997284885195
635.813003,4.0319986424425975
635.813003999,4.032
636.0102,3.700268411215002
636.01095,3.699006728972137
636.010951,3.699005046729151
636.010952,3.699003364485973
636.010953,3.6990016822429865
636.010954,3.699
636.2082,3.914068833922257
636.20905,3.914995638566392
636.209051,3.914996728924794
636.209052,3.914997819283196
636.209053,3.914998909641598
636.209054,3.915
636.4066,3.890207580321289
636.40825,3.890000502008031
636.408251,3.890000376506024
636.408252,3.890000251004016
636.408253,3.890000125502008
636.408254,3.89
636.41145,3.8900162398373994
636.6042,3.890995660569106
636.60505,3.8909999796747967
636.605051,3.8909999847560974
636.605052,3.890999989837399
636.605053,3.8909999949186993
636.605054,3.891
636.8022,3.810308610409263
636.80295,3.810001637190496
636.802951,3.810001227892872
636.802952,3.810000818595248
636.802953,3.810000409297624
636.802954,3.81
637.0002,3.8149809595959616
637.00095,3.814999898989899
637.000951,3.814999924242424
637.000952,3.8149999494949496
637.000953,3.8149999747474745
637.000954,3.815
637.1982,2.9454262093315027
637.1992,2.941017634300082
637.199201,2.9410132257250616
637.199202,2.941008817150041
637.199203,2.9410044085750204
637.199204,2.9410000000000003
637.3962,2.944981728145528
637.3971,2.9449999191510865
637.397101,2.944999939363315
637.397102,2.944999959575543
637.397103,2.9449999797877715
637.397104,2.945
637.39945,2.944454969696972
637.5942,2.8992100202020183
637.595099999,2.899000929292927
637.595101,2.8990006969696958
637.595102,2.8990004646464635
637.595103,2.899000232323232
637.595104,2.899
637.7922,3.171886831733176
637.793,3.172994461849433
637.793001,3.172995846387075
637.793002,3.1729972309247163
637.793003,3.172998615462358
637.793004,3.173
637.99025,3.316254044578044
637.99265,3.3179970949161106
637.992651,3.317997821187083
637.992652,3.317998547458055
637.992653,3.317999273729028
637.992654,3.318
638.18825,2.9160631536113244
638.18925,2.914008219735483
638.189251,2.914006164801612
638.189252,2.9140041098677414
638.189253,2.9140020549338708
638.189254,2.914
638.3862,2.850340686868672
638.38725,2.85000129292929
638.387251,2.8500009696969677
638.387252,2.850000646464645
638.387253,2.8500003232323223
638.387254,2.85
638.38965,2.849639699248107
638.58585,2.820135939849622
638.58675,2.8200006015037578
638.586751,2.820000451127818
638.586752,2.820000300751879
638.586753,2.820000150375939
638.586754,2.82
638.7822,2.728493475827004
638.78325,2.7280018727735325
638.783251,2.7280014045801493
638.783252,2.728000936386766
638.783253,2.728000468193384
638.783254,2.728
638.98025,2.680183018963317
638.981,2.68000097092288
638.981001,2.68000072819216
638.981002,2.68000048546144
638.981003,2.68000024273072
638.981004,2.68
639.17825,2.6030740599999924
639.181,2.602001559999996
639.181001,2.6020011699999968
639.181002,2.602000779999998
639.181003,2.602000389999999
639.181004,2.602
639.37625,2.4467980840764065
639.37725,2.4460031796178265
639.377251,2.44600238471337
639.377252,2.4460015898089136
639.377253,2.4460007949044567
639.377254,2.446
639.3797,2.4447640222334126
639.57425,2.3464567963617946
639.57515,2.346002021222835
639.575151,2.346001515917126
639.575152,2.3460010106114173
639.575153,2.346000505305709
639.575154,2.346
639.77225,2.2927308108108098
639.77495,2.2920010810810787
639.774951,2.292000810810809
639.774952,2.2920005405405397
639.774953,2.29200027027027
639.774954,2.2920000000000003
639.97025,2.342790902600739
639.97105,2.342998959714434
639.971051,2.3429992197858254
639.971052,2.342999479857217
639.971053,2.3429997399286084
639.971054,2.343
640.16825,2.302217977301378
640.1693,2.302000827238333
640.169301,2.30200062042875
640.169302,2.3020004136191665
640.169303,2.3020002068095837
640.169304,2.302
640.36625,2.331847840363733
640.36725,2.3319993937863117
640.367251,2.331999545339733
640.367252,2.331999696893156
640.367253,2.3319998484465776
640.367254,2.332
640.3697,2.3315799797979664
640.56425,2.298172404040398
640.56525,2.298000686868685
640.565251,2.298000515151514
640.565252,2.298000343434343
640.565253,2.298000171717171
640.565254,2.298
640.76225,2.4849994849784776
640.7633,2.4859962029790554
640.763301,2.485997152234292
640.763302,2.485998101489528
640.763303,2.485999050744764
640.763304,2.486
640.9603,2.656132909090938
640.9613,2.6569965454545543
640.961301,2.6569974090909154
640.961302,2.656998272727277
640.961303,2.6569991363636385
640.961304,2.657
641.1583,2.6858529494949543
641.1593,2.685999414141416
641.159301,2.685999560606062
641.159302,2.685999707070708
641.159303,2.6859998535353538
641.159304,2.686
641.3563,2.6074005858585725
641.3573,2.607001595959592
641.357301,2.6070011969696942
641.357302,2.607000797979796
641.357303,2.607000398989898
641.357304,2.607
641.35975,2.6093639359039305
641.5547,2.7977732999499434
641.557,2.799996134201312
641.557001,2.799997100650984
641.557002,2.799998067100656
641.557003,2.7999990335503284
641.557004,2.8000000000000003
641.7523,2.980074253693253
641.7533,2.980996311767712
641.753301,2.980997233825784
641.753302,2.980998155883856
641.753303,2.980999077941928
641.753304,2.981
641.9503,3.0317413939394027
641.9513,3.031998969696972
641.951301,3.0319992272727294
641.951302,3.031999484848486
641.951303,3.0319997424242437
641.951304,3.032
642.1483,3.1720351024538345
642.3466,3.312997156589939
642.346601,3.3129978674424545
642.346602,3.3129985782949696
642.346603,3.312999289147485
642.346604,3.313
642.34925,3.3153653636362868
642.5446,3.4899964242424333
642.544601,3.489997318181825
642.544602,3.489998212121217
642.544603,3.4899991060606084
642.544604,3.49
642.547,3.490580848484843
642.5474,3.490677818181816
642.7426,3.537999030303033
642.742601,3.5379992727272747
642.742602,3.5379995151515167
642.742603,3.5379997575757582
642.742604,3.5380000000000003
642.74525,3.5388820000000094
642.9406,3.60399866666667
642.940601,3.6039990000000026
642.940602,3.603999333333335
642.940603,3.603999666666668
642.940604,3.604
642.94325,3.6045479090909143
643.1386,3.6449991717171737
643.138601,3.644999378787881
643.138602,3.644999585858587
643.138603,3.6449997929292937
643.138604,3.645
643.14125,3.6485306646526032
643.3372,3.909994662638483
643.337201,3.909995996978862
643.337202,3.9099973313192415
643.337203,3.9099986656596206
643.337204,3.91
643.33985,3.911541489361718
643.5346,4.024997669706186
643.534601,4.02499825227964
643.534602,4.024998834853093
643.534603,4.024999417426547
643.534604,4.025
643.53705,4.02684067676765
643.5374,4.027104060606053
643.7326,4.173996989898998
643.732601,4.173997742424248
643.732602,4.173998494949499
643.732603,4.173999247474749
643.732604,4.174
643.7372,4.17321078787879
643.9306,4.140000686868685
643.930601,4.140000515151513
643.930602,4.140000343434342
643.930603,4.140000171717171
643.930604,4.14
643.9333,4.140639959595963
644.1286,4.186999050505054
644.128601,4.18699928787879
644.128602,4.186999525252527
644.128603,4.186999762626264
644.128604,4.187
644.1313,4.189502214375802
644.32685,4.370996287515773
644.326851,4.370997215636829
644.326852,4.370998143757887
644.326853,4.370999071878943
644.326854,4.371
644.3293,4.375389153053467
644.5258,4.727992822317183
644.525801,4.727994616737887
644.525802,4.727996411158592
644.525803,4.727998205579295
644.525804,4.728
644.5282,4.726709471544667
644.5286,4.72649402439025
644.7226,4.622002154471539
644.722601,4.622001615853654
644.722602,4.62200107723577
644.722603,4.622000538617884
644.722604,4.622
644.72525,4.625336696090828
644.92085,4.871994955863821
644.920851,4.871996216897866
644.920852,4.87199747793191
644.920853,4.871998738965955
644.920854,4.872
644.9233,4.869860136536062
645.1186,4.69900349936788
645.118601,4.69900262452591
645.118602,4.69900174968394
645.118603,4.699000874841969
645.118604,4.699
645.1213,4.699244781841111
645.31685,4.716999636822195
645.316851,4.716999727616646
645.316852,4.716999818411098
645.316853,4.7169999092055495
645.316854,4.7170000000000005
645.3193,4.716570661985965
645.51625,4.6820007021063175
645.516251,4.682000526579738
645.516252,4.682000351053159
645.516253,4.682000175526579
645.516254,4.682
645.5187,4.683133329938936
645.51905,4.683295498981665
645.71265,4.772998146639516
645.712651,4.772998609979637
645.712652,4.772999073319758
645.712653,4.772999536659879
645.712654,4.773
645.71535,4.774264706179073
645.9109,4.865998123581341
645.910901,4.865998592686005
645.910902,4.865999061790671
645.910903,4.865999530895335
645.910904,4.866
645.9133,4.865128727272736
646.1089,4.794001454545452
646.108901,4.794001090909089
646.108902,4.794000727272726
646.108903,4.794000363636363
646.108904,4.7940000000000005
646.1113,4.798368464646422
646.3069,5.1549927070707255
646.306901,5.154994530303044
646.306902,5.154996353535363
646.306903,5.154998176767681
646.306904,5.155
646.3093,5.154540161616167
646.5049,5.117000767676766
646.504901,5.117000575757574
646.504902,5.117000383838383
646.504903,5.117000191919192
646.504904,5.117
646.5073,5.1163093704172
646.50745,5.116266134007571
646.70265,5.06000115297092
646.702651,5.060000864728191
646.702652,5.060000576485461
646.702653,5.060000288242731
646.702654,5.0600000000000005
646.70535,5.058870998990912
646.90085,4.977001675075678
646.900851,4.977001256306758
646.900852,4.977000837537839
646.900853,4.977000418768919
646.900854,4.977
646.90335,4.981700873516909
647.098899999,5.349992466548871
647.098901,5.349994349911653
647.098902,5.349996233274435
647.098903,5.349998116637218
647.098903999,5.3500000000000005
647.1003,5.351649818181818
647.2969,5.583995272727285
647.296901,5.583996454545464
647.296902,5.583997636363643
647.296903,5.583998818181822
647.296904,5.5840000000000005
647.29935,5.58598891919189
647.4949,5.744996747474755
647.494901,5.744997560606067
647.494902,5.744998373737378
647.494903,5.744999186868689
647.494904,5.745
647.49735,5.74783182002018
647.4975,5.74800548028316
647.6927,5.9739953690596685
647.692701,5.973996526794752
647.692702,5.973997684529834
647.692703,5.973998842264917
647.692703999,5.974
647.6973,5.97476522704339
647.8909,6.006999334006057
647.890901,6.006999500504543
647.890902,6.006999667003028
647.890903,6.0069998335015145
647.890904,6.007000000000001
647.89335,6.010335454545559
648.088899999,6.276994545454559
648.088901,6.276995909090919
648.088902,6.27699727272728
648.088903,6.27699863636364
648.088903999,6.277
648.0901,6.276945677517036
648.28645,6.268027433762299
648.28705,6.268000181680544
648.287051,6.268000136260408
648.287052,6.268000090840272
648.287053,6.268000045420136
648.287054,6.268
648.4865,6.51499504637741
648.486501,6.514996284783163
648.486502,6.514997523188776
648.486503,6.514998761594388
648.486504,6.515000000000001
648.48895,6.51744039704756
648.4891,6.517590053448642
648.68295,6.710996009162647
648.682951,6.7109970068719855
648.682952,6.710998004581324
648.682953,6.710999002290662
648.682954,6.711
648.6854,6.7098508310178975
648.8809,6.618001879262436
648.880901,6.618001409446827
648.880902,6.618000939631218
648.880903,6.618000469815609
648.880904,6.618
648.88535,6.618291835395104
649.07895,6.630999737440042
649.078950999,6.630999803080031
649.078952,6.6309998687200205
649.078953,6.630999934360011
649.078954,6.631
649.0792,6.631546252838642
649.27645,7.069547766843432
649.2771,7.070991117840042
649.277101,7.070993338380032
649.277102,7.070995558920021
649.277103,7.0709977794600105
649.277104,7.071
649.47495,6.931002830427084
649.474951,6.931002122820313
649.474952,6.931001415213542
649.474953,6.9310007076067714
649.474954,6.931
649.4774,6.932087111111095
649.47755,6.932153777777796
649.67295,7.018998222222227
649.672951,7.01899866666667
649.672952,7.018999111111113
649.672953,7.018999555555557
649.672954,7.019
649.6754,7.0166404747474
649.87095,6.828003858585849
649.870951,6.828002893939387
649.870952,6.828001929292925
649.870953,6.828000964646463
649.870954,6.828
649.8733,6.829195791067425
650.0685,6.928692132223087
650.0691,6.928997961140555
650.069101,6.928998470855417
650.069101999,6.928998980570278
650.069103,6.928999490285139
650.069104,6.929
650.26645,7.087474818181866
650.2671,7.087996787878796
650.267101,7.087997590909097
650.267102,7.087998393939398
650.267103,7.087999196969699
650.267104,7.088
650.46445,6.9544426060605655
650.4651,6.9540027070707
650.465101,6.954002030303025
650.465102,6.95400135353535
650.465103,6.9540006767676745
650.465104,6.954
650.46755,6.951134703357648
650.66245,6.722824680636252
650.66315,6.722004685685421
650.663151,6.722003514264066
650.663152,6.722002342842711
650.663153,6.722001171421356
650.663154,6.722
650.8605,6.796752272727252
650.86115,6.796998484848489
650.861151,6.796998863636366
650.861152,6.796999242424244
650.861153,6.796999621212122
650.861154,6.797
651.059,6.836999191306547
651.059001,6.836999393479911
651.059002,6.836999595653274
651.059003,6.836999797826636
651.059004,6.837
651.0592,6.8370445117335255
651.2565,6.881851476154442
651.25715,6.881999091597278
651.257151,6.881999318697958
651.257152,6.881999545798639
651.257153,6.88199977289932
651.257154,6.882000000000001
651.4545,6.852099090909082
651.45515,6.852000606060605
651.455151,6.852000454545454
651.455152,6.852000303030303
651.455153,6.852000151515152
651.455154,6.852
651.45755,6.85186678797068
651.653,6.8410002223907
651.653001,6.841000166793025
651.653002,6.84100011119535
651.653003,6.841000055597675
651.653004,6.841
651.6532,6.841085066868566
651.8505,6.926716154428441
651.85115,6.926998263941464
651.851151,6.926998697956098
651.851152,6.926999131970732
651.851153,6.926999565985367
651.851154,6.9270000000000005
652.0485,7.025672999999973
652.04915,7.025998000000005
652.049151,7.025998500000004
652.049152,7.025999000000002
652.049153,7.025999500000001
652.049154,7.026
652.2465,6.97516845454544
652.24715,6.975001030303028
652.247151,6.975000772727271
652.247152,6.975000515151514
652.247153,6.975000257575758
652.247154,6.9750000000000005
652.44455,7.01486791214341
652.4452,7.014999192123204
652.445201,7.014999394092403
652.445202,7.014999596061602
652.445203,7.014999798030801
652.445204,7.015000000000001
652.4476,7.014019818181782
652.6425,6.934288000000017
652.6432,6.934001636363679
652.643201,6.934001227272771
652.643202,6.934000818181817
652.643203,6.934000409090908
652.643204,6.934
652.84055,6.80741948484852
652.8412,6.80700256565656
652.841201,6.80700192424242
652.841202,6.80700128282828
652.841203,6.80700064141414
652.841204,6.807
653.03855,6.71838348133199
653.0394,6.718001796165485
653.039401,6.718001347124114
653.039402,6.718000898082742
653.039403,6.718000449041371
653.039404,6.718
653.23655,6.692085965621833
653.2372,6.692000525783619
653.237201,6.692000394337714
653.237202,6.69200026289181
653.237203,6.692000131445905
653.237204,6.692
653.43455,6.9311473810716455
653.4369,6.933995152729106
653.436901,6.93399636454683
653.436902,6.933997576364553
653.436903,6.933998788182277
653.436904,6.934
653.43935,6.933066174599149
653.63255,6.859306948332915
653.63335,6.85900152710613
653.633351,6.859001145329597
653.633352,6.859000763553065
653.633353,6.859000381776532
653.633354,6.859
653.830549999,6.5532466060606325
653.83135,6.552006202020187
653.831351,6.552004651515141
653.831352,6.552003101010094
653.831353,6.552001550505047
653.831354,6.5520000000000005
654.02855,6.123421379833324
654.0292,6.122008693454616
654.029201,6.122006520090961
654.029202,6.122004346727308
654.029203,6.122002173363653
654.029204,6.122
654.22655,6.370860025220692
654.22745,6.371994955863678
654.227451,6.371996216897866
654.227452,6.37199747793191
654.227453,6.371998738965955
654.227454,6.372
654.42455,6.108939615773413
654.42525,6.108005338725973
654.425251,6.10800400404448
654.425252,6.108002669362986
654.425253,6.108001334681494
654.425254,6.1080000000000005
654.42765,6.105409729729633
654.62255,5.894707027026962
654.6232,5.894004324324314
654.623201,5.894003243243235
654.623202,5.894002162162157
654.623203,5.894001081081078
654.623204,5.894
654.8206,6.023505324249287
654.82135,6.023997375725467
654.821351,6.0239980317941
654.821352,6.023998687862734
654.821353,6.023999343931367
654.821354,6.024
655.0186,6.036943957597173
655.01945,6.036999737506311
655.019451,6.036999803129733
655.019452,6.036999868753155
655.019453,6.036999934376578
655.019454,6.037
655.2166,6.3237578181818135
655.21745,6.324994181818031
655.217451,6.324995636363482
655.217452,6.3249970909089335
655.217453,6.324998545454384
655.217454,6.325
655.4146,6.186459585439796
655.41525,6.186002810920114
655.415251,6.186002108190086
655.415252,6.186001405460057
655.415253,6.186000702730029
655.415254,6.186
655.41775,6.183630060605999
655.61255,5.998668444444376
655.61325,5.998003797979789
655.613251,5.998002848484841
655.613252,5.998001898989894
655.613253,5.998000949494947
655.613254,5.998
655.8106,5.755924896516946
655.81135,5.755004906612809
655.811351,5.755003679959607
655.811352,5.755002453306405
655.811353,5.755001226653202
655.811354,5.755
656.0086,5.854493568726316
656.0096,5.854997982345472
656.009601,5.854998486759147
656.009602,5.8549989911727645
656.009603,5.854999495586383
656.009604,5.855
656.2066,6.045127518948863
656.2075,6.045996139464276
656.207501,6.04599710459818
656.207502,6.045998069732083
656.207503,6.045999034866097
656.207504,6.046
656.4046,6.187351676767682
656.4055,6.187997131313138
656.405501,6.187997848484853
656.405502,6.187998565656569
656.405503,6.187999282828284
656.405504,6.188
656.40785,6.187786619504801
656.6026,6.170073127842346
656.6034,6.17000036382011
656.603401,6.1700002728650825
656.603402,6.170000181910055
656.603403,6.170000090955027
656.603404,6.17
656.8006,6.32835436363635
656.8014,6.328996787878796
656.801401,6.328997590909097
656.801402,6.328998393939398
656.801403,6.328999196969699
656.801404,6.329
656.9986,6.229531651954637
656.99965,6.229002017654472
656.999651,6.229001513240854
656.999652,6.229001008827236
656.999653,6.229000504413618
656.999654,6.229
657.1966,6.328543088198134
657.1975,6.328997978266369
657.197501,6.328998483699776
657.197502,6.328998989133184
657.197503,6.328999494566592
657.197504,6.329
657.39585,6.588881054216863
657.3967,6.589994759036157
657.396701,6.589996069277119
657.396702,6.589997379518079
657.396703,6.58999868975904
657.396704,6.59
657.39905,6.593242439024373
657.5926,6.860750569105703
657.5935,6.86199447154473
657.593501,6.861995853658547
657.593502,6.861997235772365
657.593503,6.861998617886182
657.593503999,6.862
657.79065,7.118952099014882
657.79145,7.119994786562277
657.791451,7.119996089921707
657.791452,7.119997393281138
657.791453,7.119998696640569
657.791454,7.12
657.98865,7.060243636363642
657.98945,7.060001212121209
657.989451,7.060000909090907
657.989452,7.060000606060605
657.989453,7.060000303030303
657.989454,7.0600000000000005
658.18665,7.348530978809167
658.18765,7.3499941473259485
658.187651,7.349995610494462
658.187652,7.3499970736629745
658.187653,7.349998536831488
658.187654,7.35
658.38465,7.665631700783416
658.3855,7.666993591104206
658.385501,7.666995193328109
658.385502,7.666996795552194
658.385503,7.666998397776097
658.385504,7.667
658.38785,7.666751181818182
658.58265,7.646090575757576
658.5835,7.646000424242423
658.583501,7.646000318181818
658.583502,7.646000212121211
658.583503,7.646000106060605
658.583504,7.646
658.78065,7.603174650164187
658.78145,7.603000868906287
658.781451,7.603000651679715
658.781452,7.603000434453143
658.781453,7.603000217226572
658.781454,7.603
658.97865,7.5482786074671955
658.97965,7.548001109989906
658.979651,7.54800083249243
658.979652,7.548000554994953
658.979653,7.548000277497477
658.979654,7.548
659.17665,7.630579131313098
659.17765,7.630998323232328
659.177651,7.630998742424246
659.177652,7.630999161616164
659.177653,7.630999580808082
659.177654,7.631
659.37465,7.70366653865589
659.37555,7.70399852450733
659.375551,7.703998893380498
659.375552,7.7039992622536655
659.375553,7.703999631126832
659.375554,7.704
659.3798,7.70663566994699
659.57265,7.826345738077243
659.5737,7.826997517032558
659.573701,7.826998137774418
659.573702,7.826998758516279
659.573703,7.826999379258139
659.573704,7.827
659.7707,7.854858020202025
659.7717,7.854999434343436
659.771701,7.854999575757577
659.771702,7.854999717171719
659.771703,7.85499985858586
659.771704,7.855
659.9687,7.99542687563194
659.9695,7.995997148634992
659.969501,7.995997861476244
659.969502,7.995998574317497
659.969503,7.995999287158749
659.969504,7.996
660.1667,8.095493440968678
660.1677,8.095997981836534
660.167701,8.0959984863774
660.167702,8.095998990918266
660.167703,8.095999495459134
660.167704,8.096
660.3647,8.140771818181825
660.3657,8.140999090909093
660.365701,8.14099931818182
660.365702,8.140999545454546
660.365703,8.140999772727273
660.365704,8.141
660.36805,8.140099515151519
660.5627,8.06538537373736
660.5637,8.065001535353531
660.563701,8.065001151515148
660.563702,8.065000767676766
660.563703,8.065000383838383
660.563704,8.065
660.7607,8.1764320808081
660.7617,8.176997737373743
660.761701,8.176998303030308
660.761702,8.176998868686871
660.761703,8.176999434343436
660.761704,8.177
660.9587,8.145162262626258
660.9597,8.145000646464645
660.959701,8.145000484848483
660.959702,8.145000323232322
660.959703,8.14500016161616
660.959704,8.145
661.1567,8.16752022737321
661.1577,8.16763454556938
661.157701,8.167634659887588
661.3547,8.190155230215371
661.35575,8.190275264321361
661.355751,8.190275378639557
661.35765,8.190492468894087
661.5527,8.212790233057547
661.55385,8.21292169898314
661.553851,8.212921813301335
661.75075,8.235430951809517
661.75175,8.235545270005687
661.751751,8.235545384323883
661.9487,8.258060238741873
661.9499,8.258197420577284
661.949901,8.25819753489548
662.1467,8.280695241584036
662.14775,8.280815275690026
662.147751,8.280815390008222
662.3447,8.303330244426197
662.543,8.325999542727217
662.543001,8.325999657045413
662.543002,8.325999771363609
662.543003,8.325999885681805
662.543004,8.326
662.5474,8.325222929292922
662.54775,8.32516106060605
662.741,8.291000707070726
662.741001,8.29100053030305
662.741002,8.291000353535374
662.741003,8.291000176767696
662.741004,8.291
662.7436,8.289112000000054
662.939,8.147002909090903
662.939001,8.147002181818177
662.939002,8.147001454545451
662.939003,8.147000727272726
662.939004,8.147
662.9416,8.150797427490435
663.13725,8.436994148802032
663.137251,8.436995611601525
663.137252,8.436997074401015
663.137253,8.436998537200507
663.137254,8.437
663.14145,8.436660500632103
663.335,8.421000323640959
663.335001,8.42100024273072
663.335002,8.42100016182048
663.335003,8.42100008091024
663.335004,8.421
663.3376,8.421458888888896
663.533,8.455999292929294
663.533001,8.455999469696971
663.533002,8.455999646464647
663.533003,8.455999823232323
663.533004,8.456
663.53545,8.451952042253392
663.5358,8.451372816901426
663.7318,8.127006619718294
663.731801,8.127004964788721
663.731802,8.127003309859147
663.731803,8.127001654929574
663.731804,8.127
663.7342,8.130583371356112
663.92905,8.421994017743996
663.929051,8.421995513307996
663.929052,8.421997008871998
663.929053,8.421998504435999
663.929054,8.422
663.9316,8.421666014127153
664.12725,8.396000524722503
664.127251,8.396000393541877
664.127252,8.396000262361252
664.127253,8.396000131180626
664.127254,8.396
664.1296,8.395646915151518
664.3267,8.365982369696958
664.326701,8.365982219191908
664.3289,8.365651258585862
664.52305,8.3364307030303
664.523051,8.33643055252525
664.5251,8.336122167676757
664.52545,8.336069490909095
664.7213,8.30659307676767
664.721301,8.30659292626262
664.72325,8.30629959191919
664.9205,8.276612470707061
664.920501,8.27661232020201
664.92265,8.276288884848489
665.11725,8.2470006020202
665.117251,8.24700045151515
665.117252,8.2470003010101
665.117253,8.24700015050505
665.117254,8.247
665.1196,8.24639572727273
665.31525,8.196001030303027
665.315251,8.19600077272727
665.315252,8.196000515151514
665.315253,8.196000257575756
665.315254,8.196
665.31765,8.196896380182036
665.51305,8.26999850353893
665.513051,8.2699988776542
665.513052,8.269999251769466
665.513053,8.269999625884733
665.513054,8.27
665.5174,8.262215792129066
665.5178,8.261499344096752
665.71125,7.915007164480305
665.711251,7.915005373360229
665.711252,7.915003582240152
665.711253,7.915001791120076
665.711254,7.915
665.71365,7.917540570562965
665.9093,8.124995758646817
665.909301,8.124996818985112
665.909302,8.12499787932341
665.909303,8.124998939661705
665.909304,8.125
665.91165,8.12660652567975
666.1079,8.26099726082579
666.107901,8.26099794561934
666.107902,8.260998630412894
666.107903,8.260999315206448
666.107904,8.261000000000001
666.11035,8.265634265450796
666.3053,8.634992421479248
666.305301,8.634994316109436
666.305302,8.634996210739624
666.305303,8.634998105369812
666.305304,8.635
666.30775,8.634530091000997
666.5031,8.59700076845298
666.503101,8.597000576339735
666.503102,8.59700038422649
666.503103,8.597000192113244
666.503104,8.597
666.5055,8.597169243188697
666.5059,8.597197497477294
666.7013,8.610999717457116
666.701301,8.610999788092837
666.701302,8.610999858728558
666.701303,8.61099992936428
666.701304,8.611
666.70365,8.611319909090907
666.8993,8.637999454545456
666.899301,8.637999590909091
666.899302,8.637999727272728
666.899303,8.637999863636363
666.899304,8.638
666.90165,8.639445515151507
667.0973,8.759997535353541
667.097301,8.759998151515155
667.097302,8.759998767676771
667.097303,8.759999383838386
667.097304,8.76
667.09965,8.76
667.29535,8.76
667.295351,8.76
667.295352,8.76
667.295353,8.76
667.295354,8.76
667.29965,8.755128024193601
667.49375,8.53500453629044
667.493751,8.535003402217734
667.493752,8.535002268145156
667.493753,8.535001134072578
667.493754,8.535
667.49735,8.536747044534366
667.4976,8.53686850202427
667.691349999,8.630998056680166
667.691351,8.630998542510126
667.691352,8.630999028340083
667.691353,8.630999514170043
667.691354,8.631
667.6937,8.6298743939394
667.88935,8.536001919191914
667.889351,8.536001439393935
667.889352,8.536000959595956
667.889353,8.536000479797979
667.889354,8.536
667.8917,8.534342467827411
668.086849999,8.396462074186262
668.0875,8.396002826141885
668.087501,8.396002119606354
668.087502,8.396001413070904
668.087502999,8.396000706535451
668.087504,8.396
668.28535,8.532997230224924
668.285351,8.532997922668693
668.285352,8.532998615112461
668.285353,8.532999307556231
668.285354,8.533
668.2877,8.532869666666661
668.48335,8.522000222222221
668.483351,8.522000166666666
668.483352,8.522000111111112
668.483353,8.522000055555555
668.483354,8.522
668.4857,8.523184848484844
668.48585,8.523260606060582
668.68135,8.621997979797985
668.681351,8.621998484848488
668.681352,8.621998989898993
668.681353,8.621999494949495
668.681354,8.622
668.6837,8.631538030302986
668.87935,9.426983737373778
668.879351,9.426987803030334
668.879352,9.426991868686889
668.879353,9.426995934343443
668.879354,9.427
668.88175,9.427133010345695
669.076849999,9.437963694171088
669.0775,9.437999777946002
669.077501,9.437999833459502
669.077502,9.437999888973
669.077502999,9.4379999444865
669.077504,9.438
669.2753,9.23566899470905
669.27595,9.235004091710747
669.275951,9.23500306878306
669.275952,9.235002045855374
669.275953,9.235001022927689
669.275954,9.235
669.4734,9.130002127120786
669.473401,9.13000159534059
669.473402,9.130001063560393
669.473403,9.130000531780198
669.473404,9.13
669.47575,9.125631218773677
669.476,9.125165662377125
669.6709,8.762217895533578
669.67155,8.76100744890233
669.671551,8.761005586676747
669.671552,8.761003724451164
669.671553,8.761001862225584
669.671554,8.761000000000001
669.8694,8.492005438463469
669.869401,8.492004078847602
669.869402,8.492002719231735
669.869403,8.492001359615868
669.869404,8.492
669.87175,8.490247751703265
670.0669,8.344488478425475
670.06755,8.344002987635706
670.067551,8.344002240726802
670.067552,8.344001493817895
670.067552999,8.344000746908906
670.067554,8.344
670.2649,8.195492151515193
670.26555,8.195003010101003
670.265551,8.195002257575752
670.265552,8.195001505050502
670.265553,8.195000752525251
670.265554,8.195
670.46335,8.222999433771488
670.463351,8.222999575328616
670.463352,8.222999716885745
670.463353,8.222999858442872
670.463354,8.223
670.46575,8.222298849646796
670.46595,8.222240322906146
670.6609,8.16519138244196
670.66155,8.165001170534811
670.661551,8.16500087790111
670.661552,8.165000585267405
670.661553,8.165000292633703
670.661554,8.165000000000001
670.8594,8.126000788476116
670.859401,8.126000591357087
670.859402,8.126000394238057
670.859403,8.126000197119028
670.859404,8.126
670.86175,8.122045601816822
671.0569,7.793102376987031
671.05755,7.792006742366876
671.057551,7.792005056775157
671.057552,7.792003371183438
671.057553,7.792001685591719
671.057554,7.792
671.2549,7.540832363636432
671.25555,7.540005090909078
671.255551,7.540003818181809
671.255552,7.540002545454539
671.255553,7.540001272727269
671.255554,7.54
671.4529,7.446334137843999
671.4536,7.446001898510472
671.453601,7.446001423882854
671.453602,7.446000949255236
671.453603,7.446000474627618
671.453604,7.446
671.456,7.445782126799699
671.65095,7.428054922960339
671.65155,7.428000363728213
671.651551,7.42800027279616
671.651552,7.428000181864107
671.651553,7.428000090932053
671.651554,7.428
671.84895,7.388122020202011
671.84955,7.388000808080806
671.849551,7.388000606060604
671.849552,7.388000404040403
671.849553,7.388000202020201
671.849554,7.388
672.04695,7.204561292929249
672.04755,7.204003717171707
672.047551,7.204002787878781
672.047552,7.204001858585854
672.047553,7.204000929292927
672.047554,7.204
672.24495,7.069445796516068
672.2456,7.069002726584189
672.245601,7.069002044938141
672.245602,7.069001363292094
672.245603,7.069000681646047
672.245604,7.069
672.44295,6.913515272727316
672.4436,6.913003151515144
672.443601,6.913002363636358
672.443602,6.913001575757572
672.443603,6.9130007878787865
672.443604,6.913
672.448,6.910802000000036
672.64095,6.81432699999997
672.6416,6.814001999999995
672.641601,6.814001499999996
672.641602,6.8140009999999975
672.641603,6.814000499999999
672.641604,6.814
672.83895,6.651538393939345
672.8396,6.651003292929285
672.839601,6.651002469696963
672.839602,6.651001646464642
672.839603,6.651000823232321
672.839604,6.651
673.03695,6.55742863051702
673.03785,6.557001896595204
673.037851,6.557001422446403
673.037852,6.557000948297602
673.037853,6.5570004741488015
673.037854,6.557
673.23495,6.404506002528486
673.2356,6.404003094816768
673.235601,6.40400232111251
673.235602,6.40400154740834
673.235603,6.40400077370417
673.235604,6.404
673.433,6.199625353535422
673.4336,6.199004141414131
673.433601,6.199003106060598
673.433602,6.199002070707065
673.433603,6.1990010353535325
673.433604,6.199
673.43595,6.197733810844898
673.63105,6.092433936948246
673.63185,6.092002158890285
673.631851,6.092001619167714
673.631852,6.092001079445143
673.631853,6.092000539722572
673.631854,6.0920000000000005
673.82895,5.993327413400729
673.829599999,5.99300200252844
673.829601,5.99300150189633
673.829601999,5.99300100126422
673.829603,5.99300050063211
673.829603999,5.993
674.02695,5.309132650693538
674.02785,5.306013861286219
674.027851,5.306010395964665
674.027852,5.30600693064311
674.027853,5.306003465321555
674.027854,5.306
674.226,5.002923854088152
674.2266,5.002006118238978
674.226601,5.002004588679234
674.226602,5.002003059119489
674.226603,5.002001529559744
674.226604,5.002
674.42295,4.863496604922638
674.42365,4.863002821618871
674.423651,4.863002116214154
674.423652,4.863001410809436
674.423653,4.863000705404718
674.423654,4.863
674.426,4.864764087812256
674.621,5.011395427706271
674.6218,5.011996992177651
674.621801,5.011997744133239
674.621802,5.011998496088826
674.621803,5.011999248044413
674.621804,5.0120000000000005
674.818999999,5.002040606060601
674.8198,5.002000202020201
674.819800999,5.002000151515151
674.819802,5.0020001010101005
674.819802999,5.002000050505051
674.819804,5.002
675.017,5.077653185259973
675.0179,5.0779984654215085
675.017901,5.077998849066131
675.017902,5.077999232710754
675.017903,5.0779996163553776
675.017904,5.078
675.215,5.101890424242425
675.2159,5.101999515151516
675.215901,5.1019996363636375
675.215902,5.101999757575759
675.215903,5.101999878787879
675.215904,5.102
675.413,5.261470847029034
675.41365,5.261996763590401
675.413651,5.261997572692801
675.413652,5.2619983817952
675.413653,5.2619991908976
675.413654,5.2620000000000005
675.4161,5.263703497350468
675.611,5.3994400605601705
675.6118,5.39999721423165
675.611801,5.399997910673737
675.611802,5.399998607115825
675.611803,5.399999303557912
675.611804,5.4
675.809,5.541280686175605
675.81,5.541997134207878
675.810001,5.541997850655909
675.810002,5.5419985671039385
675.810003,5.541999283551969
675.810004,5.542
676.007,5.442456796361794
676.0079,5.442002021222835
676.007901,5.442001515917126
676.007902,5.442001010611418
676.007903,5.442000505305709
676.007904,5.442
676.205,5.662986424242433
676.2059,5.663995515151526
676.205901,5.6639966363636445
676.205902,5.663997757575763
676.205903,5.663998878787881
676.205904,5.664
676.403,5.86627749241654
676.4037,5.866995894843287
676.403701,5.866996921132465
676.403702,5.866997947421643
676.403703,5.866998973710822
676.403704,5.867
676.4061,5.868644906612806
676.60105,6.002482362443191
676.6018,6.002997253912173
676.601801,6.002997940434129
676.601802,6.002998626956086
676.601803,6.002999313478044
676.601804,6.003
676.79905,6.1442808675914495
676.80005,6.144997134930651
676.800051,6.144997851197989
676.800052,6.144998567465326
676.800053,6.144999283732664
676.800054,6.1450000000000005
676.99705,6.750911939394044
676.99805,6.753987696969729
676.998051,6.753990772727296
676.998052,6.753993848484864
676.998053,6.753996924242433
676.998054,6.754
677.1967,6.762959228263593
677.1976,6.762999819594088
677.197601,6.762999864695566
677.197602,6.762999909797044
677.197603,6.762999954898522
677.197604,6.763
677.39305,6.85161280692817
677.3939,6.851998186449317
677.393901,6.851998639836988
677.393902,6.851999093224658
677.393903,6.85199954661233
677.393904,6.852
677.3963,6.853040949734772
677.59105,6.937650699671627
677.59185,6.937998262187425
677.591851,6.937998696640569
677.591852,6.937999131093712
677.591853,6.937999565546856
677.591854,6.938
677.78905,6.980782179616556
677.79005,6.98099913218971
677.790051,6.980999349142282
677.790052,6.980999566094854
677.790053,6.980999783047428
677.790054,6.981
677.98705,7.151132909090938
677.98805,7.151996545454554
677.988051,7.151997409090916
677.988052,7.151998272727277
677.988053,7.151999136363639
677.988054,7.152
678.18505,7.202767033855485
678.18595,7.202998969176354
678.185951,7.202999226882266
678.185952,7.202999484588178
678.185953,7.202999742294089
678.185954,7.203
678.38305,7.252771717171719
678.38395,7.252998989898993
678.383951,7.252999242424244
678.383952,7.252999494949496
678.383953,7.252999747474748
678.383954,7.253
678.38645,7.255380741862287
678.5811,7.44104236184701
678.5821,7.441996184708564
678.582101,7.441997138531423
678.582102,7.441998092354282
678.582103,7.441999046177141
678.582104,7.442
678.7791,7.513634909090921
678.7801,7.513998545454549
678.780101,7.513998909090912
678.780102,7.513999272727275
678.780103,7.513999636363637
678.780104,7.514
678.97745,7.595729151515129
678.9781,7.595998343434347
678.978101,7.595998757575761
678.978102,7.595999171717174
678.978103,7.595999585858587
678.978104,7.596
679.17505,7.679848785374408
679.17775,7.680998297019789
679.177751,7.6809987227648415
679.177752,7.680999148509894
679.177753,7.6809995742549475
679.177754,7.681
679.3731,7.641174108053008
679.37395,7.641000815494391
679.373951,7.641000611620793
679.373952,7.641000407747196
679.373953,7.641000203873598
679.373954,7.641
679.37645,7.642133686601038
679.5711,7.730543981831909
679.5721,7.730998183194503
679.572101,7.730998637395864
679.572102,7.730999091597277
679.572103,7.730999545798638
679.572104,7.731
679.7691,7.781741393939373
679.7701,7.781998969696972
679.770101,7.781999227272729
679.770102,7.781999484848487
679.770103,7.781999742424243
679.770104,7.782
679.9671,7.867563919191934
679.9681,7.8679982626262674
679.968101,7.867998696969701
679.968102,7.867999131313134
679.968103,7.867999565656567
679.968104,7.868
680.1652,7.888893568904598
680.1662,7.888999575971733
680.166201,7.8889996819788
680.166202,7.888999787985867
680.166203,7.888999893992933
680.166204,7.889
680.3631,7.72686790603684
680.36415,7.726003293761043
680.364151,7.726002470320782
680.364152,7.726001646880521
680.364153,7.726000823440261
680.364154,7.726
680.3665,7.725000701578509
680.5615,7.64193881232774
680.5637,7.641001703833622
680.563701,7.641001277875216
680.563702,7.641000851916811
680.563703,7.641000425958405
680.563704,7.641
680.7591,7.47502272634794
680.7603,7.474003397761945
680.760301,7.474002548321459
680.760302,7.474001698880972
680.760303,7.474000849440486
680.760304,7.474
680.9571,7.492742476190477
680.9598,7.49299961904762
680.959801,7.492999714285715
680.959802,7.49299980952381
680.959803,7.492999904761906
680.959804,7.493
681.1551,7.505933509933778
681.1561,7.505999735099339
681.156101,7.505999801324504
681.156102,7.505999867549669
681.156103,7.505999933774834
681.156104,7.506
681.35315,7.336861802575079
681.35415,7.336003433476386
681.354151,7.33600257510729
681.354152,7.336001716738194
681.354153,7.336000858369097
681.354154,7.336
681.3567,7.334032636363597
681.55115,7.183775818181879
681.55215,7.183003090909171
681.552151,7.1830023181819
681.552152,7.183001545454629
681.552153,7.183000772727358
681.552154,7.183
681.74915,7.244670042918434
681.94825,7.306998747790965
681.948251,7.306999060843224
681.948252,7.306999373895483
681.948253,7.306999686947742
681.948254,7.307
681.9509,7.305523662186138
682.1454,7.19700223180319
682.145401,7.197001673852393
682.145402,7.197001115901595
682.145403,7.197000557950798
682.145404,7.197
682.1481,7.196809373737373
682.3434,7.1830002828282815
682.343401,7.183000212121211
682.343402,7.183000141414141
682.343403,7.18300007070707
682.343404,7.183
682.3461,7.1819180837723
682.54275,7.103001605216951
682.542751,7.103001203912713
682.542752,7.103000802608475
682.542753,7.103000401304238
682.542754,7.103
682.5452,7.103049740721911
682.54535,7.103052791052362
682.73945,7.106999918657855
682.739451,7.106999938993392
682.739452,7.106999959328928
682.739453,7.106999979664464
682.739454,7.107
682.7421,7.106841120840629
682.9393,7.095000240180134
682.939301,7.0950001801351
682.939302,7.095000120090067
682.939303,7.095000060045034
682.939304,7.095
682.94175,7.094713188886047
683.13545,7.072000469028803
683.135451,7.072000351771602
683.135452,7.072000234514402
683.135453,7.0720001172572005
683.135454,7.072
683.1381,7.071959909090909
683.33345,7.069000060606061
683.333451,7.069000045454545
683.333452,7.06900003030303
683.333453,7.069000015151515
683.333454,7.069
683.3361,7.068559000000015
683.53145,7.0360006666666655
683.531451,7.036000499999999
683.531452,7.036000333333333
683.531453,7.036000166666667
683.531454,7.0360000000000005
683.53605,7.037578424242422
683.5362,7.037629939393924
683.72945,7.10399862626263
683.729451,7.103998969696972
683.729452,7.103999313131315
683.729453,7.103999656565658
683.729454,7.104
683.7321,7.104093451059537
683.92765,7.110999858728557
683.927651,7.110999894046418
683.927652,7.110999929364279
683.927653,7.110999964682139
683.927654,7.111
683.9301,7.113693859693196
684.1265,7.32999559466936
684.126501,7.32999669600202
684.126502,7.32999779733468
684.126503,7.32999889866734
684.126504,7.33
684.1292,7.331656339172388
684.32345,7.45099754252342
684.323451,7.450998156892548
684.323452,7.450998771261745
684.323453,7.450999385630872
684.323454,7.451
684.32615,7.4517897373737085
684.52145,7.508998828282832
684.521451,7.508999121212124
684.521452,7.508999414141416
684.521453,7.508999707070708
684.521454,7.509
684.5241,7.508666330390931
684.52425,7.508647414880203
684.7197,7.4840005044136175
684.719701,7.484000378310213
684.719702,7.484000252206809
684.719703,7.484000126103404
684.719704,7.484
684.72215,7.483666454545444
684.9177,7.457000545454544
684.917701,7.457000409090908
684.917702,7.457000272727272
684.917703,7.457000136363636
684.917704,7.457
684.92015,7.459146690070178
685.1171,7.631996489468414
685.117101,7.631997367101311
685.117102,7.631998244734207
685.117103,7.631999122367104
685.117104,7.632000000000001
685.11955,7.632174402852048
685.31345,7.64599971479501
685.313451,7.645999786096257
685.313452,7.645999857397505
685.313453,7.645999928698752
685.313454,7.646
685.31615,7.6467751424968515
685.5117,7.702998849936952
685.511701,7.702999137452713
685.511702,7.702999424968476
685.511703,7.702999712484238
685.511704,7.703
685.5141,7.704234303030291
685.5143,7.704337333333354
685.7097,7.804997939393945
685.709701,7.804998454545459
685.709702,7.804998969696973
685.709703,7.804999484848487
685.709704,7.805000000000001
685.71215,7.808137797979896
685.9077,8.058994868686737
685.907701,8.058996151515162
685.907702,8.058997434343443
685.907703,8.058998717171722
685.907704,8.059000000000001
685.91015,8.06227368686864
686.1057,8.32399464646466
686.105701,8.323995984848494
686.105702,8.32399732323233
686.105703,8.323998661616164
686.105704,8.324
686.1082,8.325071244635172
686.30375,8.408998283261807
686.303751,8.408998712446357
686.303752,8.408999141630904
686.303753,8.408999570815453
686.303754,8.409
686.3062,8.40948239696586
686.5015,8.447999211125161
686.501501,8.44799940834387
686.501502,8.44799960556258
686.501503,8.44799980278129
686.501504,8.448
686.506,8.45505299369486
686.50615,8.455288302648142
686.69975,8.758993725094594
686.699751,8.758995293820945
686.699752,8.758996862547297
686.699753,8.758998431273648
686.699754,8.759
686.70215,8.758602373648465
686.89795,8.7261085340709
686.8986,8.726000663816947
686.898601,8.72600049786271
686.898602,8.726000331908473
686.898603,8.726000165954238
686.898604,8.726
687.09575,8.996994501648505
687.095751,8.996995876236378
687.095752,8.996997250824252
687.095752999,8.996998625412125
687.095754,8.997
687.0982,8.999557181818144
687.29375,9.203995818181829
687.293751,9.203996863636371
687.293752,9.203997909090916
687.293753,9.203998954545458
687.293754,9.204
687.2962,9.203715509481674
687.4915,9.18100046523388
687.491501,9.18100034892541
687.491502,9.181000232616942
687.491503,9.181000116308471
687.491504,9.181
687.49585,9.188058824716176
687.49605,9.188383667087024
687.68975,9.502993503152602
687.689751,9.502995127364452
687.689752,9.5029967515763
687.689753,9.50299837578815
687.689754,9.503
687.6922,9.504024567247066
687.88725,9.585726056018146
687.8879,9.585998324501643
687.887901,9.585998743376232
687.887902,9.585999162250822
687.887903,9.585999581125412
687.887904,9.586
688.085749999,9.591999878695985
688.085751,9.591999909021988
688.085752,9.591999939347993
688.085753,9.591999969673996
688.085753999,9.592
688.0882,9.592457080808074
688.28375,9.628999252525254
688.283751,9.62899943939394
688.283752,9.628999626262626
688.283753,9.628999813131314
688.283754,9.629
688.2862,9.630468587285549
688.4813,9.747607336024185
688.48195,9.747997598385409
688.481951,9.747998198789038
688.481952,9.747998799192668
688.481953,9.7479993995963
688.481954,9.748
688.48435,9.7498654398382
688.67975,9.901996885743184
688.679751,9.901997664307387
688.679752,9.901998442871593
688.679753,9.901999221435796
688.679754,9.902
688.6822,9.902617209184982
688.8773,9.95184759020942
688.8779,9.95199899066364
688.877901,9.951999242997733
688.877902,9.95199949533182
688.877903,9.95199974766591
688.877904,9.952
689.0753,9.968943862660948
689.07595,9.96899965665236
689.075950999,9.96899974248927
689.075952,9.96899982832618
689.075953,9.96899991416309
689.075954,9.969
689.27375,10.135996622851374
689.273751,10.135997467138532
689.273752,10.135998311425688
689.273753,10.135999155712843
689.273754,10.136
689.27625,10.136693158293347
689.4718,10.190998889169403
689.471801,10.190999166877054
689.471802,10.190999444584705
689.471803,10.190999722292352
689.471804,10.191
689.472,10.191192040404
689.4744,10.193543555555594
689.6698,10.38499608080809
689.669801,10.384997060606068
689.669802,10.384998040404046
689.669803,10.384999020202022
689.669804,10.385
689.67225,10.384567953570514
689.8673,10.350115518546565
689.86795,10.35000070653545
689.867951,10.350000529901587
689.867952,10.350000353267726
689.867953,10.350000176633865
689.867954,10.35
690.0653,10.408805121212106
690.06595,10.408998808080812
690.065950999,10.408999106060609
690.065952,10.408999404040406
690.065953,10.408999702020203
690.065954,10.409
690.2633,10.409996696969698
690.26395,10.40999997979798
690.263951,10.409999984848485
690.263952,10.40999998989899
690.263953,10.409999994949494
690.263954,10.41
690.4618,10.514997877179688
690.461801,10.514998407884766
690.461802,10.514998938589844
690.461803,10.514999469294922
690.461804,10.515
690.462,10.514947575069405
690.4644,10.514305637143568
690.65935,10.462161554378014
690.65995,10.462001069896573
690.659951,10.462000802422436
690.659952,10.4620005349483
690.659953,10.462000267474137
690.659954,10.462
690.85795,10.611468545546105
690.85865,10.611996980372428
690.858651,10.61199773527932
690.858652,10.611998490186217
690.858653,10.611999245093108
690.858654,10.612
691.0553,10.449540304105469
691.05595,10.449003304612257
691.055951,10.449002478459192
691.055952,10.449001652306128
691.055953,10.449000826153064
691.055954,10.449
691.2533,10.4908507043676
691.254,10.490999151729364
691.254001,10.49099936379702
691.254002,10.49099957586468
691.254003,10.49099978793234
691.254004,10.491
691.45135,10.610603636363672
691.452,10.610997575757583
691.452001,10.610998181818188
691.452002,10.610998787878792
691.452003,10.610999393939396
691.452004,10.611
691.45445,10.60910990909085
691.64935,10.458505363636403
691.65,10.458003090909171
691.650001,10.4580023181819
691.650002,10.45800154545454
691.650003,10.45800077272727
691.650004,10.458
691.84735,10.257663909090963
691.848,10.25700406060605
691.848001,10.257003045454535
691.848002,10.257002030303024
691.848003,10.257001015151513
691.848004,10.257
692.04535,10.288894303030292
692.046,10.288999353535354
692.046001,10.288999515151517
692.046002,10.288999676767675
692.046003,10.28899983838384
692.046004,10.289
692.24335,10.313917424242431
692.244,10.313999494949496
692.244001,10.313999621212124
692.244002,10.313999747474748
692.244003,10.313999873737377
692.244004,10.314
692.44135,10.337902619227856
692.44215,10.337999515518549
692.442151,10.337999636638912
692.442152,10.337999757759276
692.442153,10.337999878879636
692.442154,10.338
692.4446,10.336813161485992
692.63935,10.242317331311572
692.64,10.242001940864288
692.640001,10.242001455648216
692.640002,10.242000970432144
692.640003,10.242000485216073
692.640004,10.242
692.83735,10.204173276166456
692.83825,10.2040007667087
692.838251,10.204000575031523
692.838252,10.20400038335435
692.838253,10.204000191677176
692.838254,10.204
693.03535,10.287722194690245
693.036,10.28799830088496
693.036001,10.28799872566372
693.036002,10.28799915044248
693.036003,10.28799957522124
693.036004,10.288
693.2334,10.461425417823834
693.23405,10.461996485735934
693.234051,10.46199736430195
693.234052,10.461998242867969
693.234053,10.461999121433983
693.234054,10.462
693.4314,10.414182695608286
693.43215,10.414000969207496
693.432151,10.414000726905629
693.432152,10.414000484603736
693.432153,10.414000242301867
693.432154,10.414
693.4346,10.413159535118758
693.6294,10.34622471955535
693.63005,10.346001374431566
693.630051,10.346001030823684
693.630052,10.346000687215804
693.630053,10.34600034360792
693.630054,10.346
693.8274,10.441202090452247
693.829049999,10.441998070351763
693.829051,10.441998552763822
693.829051999,10.441999035175884
693.829053,10.44199951758794
693.829054,10.442
694.0254,10.43602598377282
694.02625,10.436000121703854
694.026251,10.43600009127789
694.026252,10.436000060851926
694.026253,10.436000030425964
694.026254,10.436
694.2234,10.385168624873597
694.22405,10.38500103134479
694.224051,10.385000773508592
694.224052,10.385000515672395
694.224053,10.385000257836197
694.224054,10.385
694.4214,10.554352953054083
694.42215,10.554996567390216
694.422151,10.55499742554266
694.422152,10.554998283695108
694.422153,10.554999141847553
694.422154,10.555
694.4247,10.552943145670245
694.6194,10.39564953294624
694.6202,10.395003231507186
694.620201,10.39500242363039
694.620202,10.395001615753593
694.620203,10.395000807876796
694.620204,10.395
694.8174,10.375091267036847
694.8183,10.375000403836443
694.818300999,10.375000302877334
694.818302,10.375000201918224
694.818302999,10.375000100959111
694.818304,10.375
695.0154,10.587027515151526
695.0163,10.587995696969708
695.016301,10.587996772727282
695.016302,10.587997848484855
695.016303,10.587998924242427
695.016304,10.588
695.2134,10.367730892541148
695.21405,10.36700447029076
695.214051,10.36700335271807
695.214052,10.367002235145382
695.214053,10.367001117572691
695.214054,10.367
695.41145,10.33412557153672
695.4122,10.334000666162016
695.412201,10.334000499621515
695.412202,10.334000333081017
695.412203,10.334000166540518
695.412204,10.334
695.41475,10.33414144444444
695.60945,10.34495811111111
695.6102,10.34499977777778
695.610201,10.344999833333334
695.610202,10.34499988888889
695.610203,10.344999944444446
695.610204,10.345
695.8078,10.240346380832252
695.80845,10.240002118537197
695.808451,10.240001588902896
695.808452,10.240001059268598
695.808453,10.2400005296343
695.808454,10.24
696.00545,10.33359425827647
696.0063,10.333998099570389
696.006301,10.33399857467779
696.006302,10.333999049785191
696.006303,10.333999524892596
696.006304,10.334
696.2041,10.247395812783086
696.205,10.24700175138399
696.205001,10.247001313537991
696.205002,10.247000875691995
696.205003,10.247000437845998
696.205004,10.247
696.40145,10.101558235294055
696.4022,10.10100296146044
696.402201,10.10100222109533
696.402202,10.10100148073022
696.402203,10.10100074036511
696.402204,10.101
696.40465,10.101506367079038
696.59945,10.141833557182526
696.60025,10.141999171926283
696.600251,10.141999378944712
696.600252,10.14199958596314
696.600253,10.14199979298157
696.600254,10.142
696.79745,10.071377472887752
696.7985,10.071001432534674
696.798501,10.071001074401003
696.798502,10.071000716267337
696.798503,10.071000358133668
696.798504,10.071
696.99545,9.942589416224408
696.99635,9.942002608036384
696.996351,9.942001956027289
696.996352,9.942001304018191
696.996353,9.942000652009096
696.996354,9.942
697.19345,10.084347111111118
697.19435,10.08499711111112
697.194351,10.08499783333334
697.194352,10.08499855555556
697.194353,10.08499927777778
697.194354,10.085
697.39145,10.196544982314355
697.39225,10.196997736230426
697.392251,10.19699830217282
697.392252,10.196998868115214
697.392253,10.196999434057608
697.392254,10.197
697.3947,10.19708643109541
697.58955,10.203971590106008
697.59035,10.203999858657244
697.590351,10.203999893992934
697.590352,10.203999929328624
697.590353,10.203999964664312
697.590354,10.204
697.78745,10.200021276810498
697.7885,10.200000080746907
697.788501,10.200000060560182
697.788502,10.200000040373457
697.788503,10.200000020186728
697.788504,10.2
697.98545,10.114457797979828
697.9865,10.114001737373783
697.986501,10.11400130303035
697.986502,10.114000868686867
697.986503,10.114000434343437
697.986504,10.114
698.18345,9.924868132423544
698.18435,9.9240038412939
698.184351,9.924002880970423
698.184352,9.92400192064695
698.184353,9.924000960323474
698.184354,9.924
698.3815,9.716058975523556
698.3825,9.71500421902598
698.382501,9.715003164269485
698.382502,9.715002109512987
698.382503,9.715001054756495
698.382504,9.715
698.38495,9.710977498119888
698.5795,9.391035658059572
698.58195,9.38700657808973
698.581951,9.387004933567296
698.581952,9.387003289044866
698.581953,9.387001644522432
698.581954,9.387
698.7775,9.295469946578462
698.7785,9.29500187229712
698.778501,9.29500140422284
698.778502,9.29500093614856
698.778503,9.29500046807428
698.778504,9.295
698.9755,9.16864397979796
698.9765,9.16800256565656
698.976501,9.16800192424242
698.976502,9.16800128282828
698.976503,9.16800064141414
698.976504,9.168
699.1735,9.077392792519587
699.17435,9.077001839777605
699.174351,9.077001379833204
699.174352,9.077000919888802
699.174353,9.0770004599444
699.174354,9.077
699.3715,8.899901902599012
699.3725,8.899003593237438
699.372501,8.899002694928079
699.372502,8.89900179661872
699.372503,8.89900089830936
699.372504,8.899000000000001
699.37495,8.896947239636027
699.5695,8.733674742163815
699.5703,8.733003356926275
699.570301,8.733002517694635
699.570302,8.73300167846309
699.570302999,8.733000839231545
699.570304,8.733
699.7675,8.514114429868782
699.7685,8.513004439959625
699.768501,8.513003329969719
699.768502,8.513002219979812
699.768503,8.513001109989906
699.768504,8.513
699.9655,8.189647979797925
699.9665,8.188006565656549
699.966501,8.188004924242412
699.966502,8.188003282828275
699.966503,8.188001641414138
699.966504,8.188
700.1635,8.218835021459217
700.16455,8.218999373895482
700.164551,8.21899953042161
700.164552,8.218999686947742
700.164553,8.21899984347387
700.164554,8.219
700.36155,8.191141979797976
700.36255,8.191000565656564
700.362551,8.191000424242423
700.362552,8.191000282828282
700.362553,8.191000141414142
700.362554,8.191
700.365,8.190382790815049
700.55965,8.141265960131202
700.5607,8.141001009336359
700.560701,8.141000757002269
700.560702,8.14100050466818
700.560703,8.14100025233409
700.560704,8.141
700.75755,7.889283861511203
700.75855,7.888005114986088
700.758551,7.888003836239566
700.758552,7.888002557493044
700.758553,7.888001278746522
700.758554,7.888
700.95555,7.712892444444415
700.95655,7.712003555555547
700.956551,7.71200266666666
700.956552,7.712001777777773
700.956553,7.712000888888887
700.956554,7.712
701.15355,7.40755163636376
701.15455,7.406006181818166
701.154551,7.406004636363625
701.154552,7.406003090909084
701.154553,7.406001545454542
701.154554,7.406000000000001
701.35155,7.227907656565729
701.35255,7.227003616161607
701.352551,7.227002712121205
701.352552,7.227001808080804
701.352553,7.227000904040402
701.352554,7.227
701.355,7.225428322792839
701.54955,7.1004202276751816
701.74785,6.973002570199841
701.747851,6.973001927649881
701.747852,6.973001285099921
701.747853,6.973000642549961
701.747854,6.973
701.75055,6.973054368540456
701.9462,6.976999919334508
701.946201,6.976999939500883
701.946202,6.976999959667255
701.946203,6.976999979833628
701.946204,6.977
701.9502,6.980518744939197
702.1438,7.150996477732802
702.143801,7.150997358299602
702.143802,7.150998238866401
702.143803,7.150999119433201
702.143804,7.151
702.1466,7.152679999999994
702.34185,7.26999759656653
702.341851,7.269998197424898
702.341852,7.2699987982832655
702.341853,7.269999399141633
702.341854,7.27
702.3445,7.2699465454545456
702.53985,7.26600008080808
702.539851,7.266000060606061
702.539852,7.26600004040404
702.539853,7.26600002020202
702.539854,7.266
702.5423,7.26937251515162
702.54265,7.269855090909075
702.73785,7.538994484848343
702.737851,7.5389958636362175
702.737852,7.538997242424093
702.737853,7.538998621212126
702.737854,7.539000000000001
702.7405,7.542461181818069
702.93585,7.797994767676781
702.935851,7.7979960757575855
702.935852,7.797997383838391
702.935853,7.7979986919191955
702.935854,7.798
702.93855,7.797686828282827
703.13385,7.775000464646464
703.133851,7.775000348484848
703.133852,7.775000232323232
703.133853,7.775000116161616
703.133854,7.775
703.1384,7.774104575757575
703.33185,7.736000787878786
703.331851,7.736000590909089
703.331852,7.736000393939393
703.331853,7.736000196969696
703.331854,7.736
703.33455,7.736924731399752
703.5301,7.80399862799496
703.530101,7.803998970996219
703.530102,7.80399931399748
703.530103,7.80399965699874
703.530104,7.804
703.5325,7.801273830594211
703.53265,7.801103160556327
703.72785,7.579004551201
703.727851,7.579003413400749
703.727852,7.5790022756005
703.727853,7.579001137800249
703.727854,7.579
703.7305,7.580227904161425
703.9261,7.6709981437578865
703.926101,7.670998607818415
703.926102,7.670999071878943
703.926103,7.670999535939472
703.926104,7.671
703.9285,7.67244184070795
704.12385,7.78999759292036
704.123851,7.78999819469027
704.123852,7.78999879646018
704.123853,7.78999939823009
704.123854,7.79
704.1285,7.784908171717193
704.32185,7.573004383838374
704.321851,7.57300328787878
704.321852,7.573002191919187
704.321853,7.573001095959594
704.321854,7.573
704.32455,7.573815939470371
704.5201,7.632998789407317
704.520101,7.632999092055487
704.520102,7.632999394703659
704.520103,7.632999697351829
704.520104,7.633
704.5225,7.636064651162761
704.52265,7.636256511627829
704.7179,7.885994883720944
704.717901,7.885996162790708
704.717902,7.885997441860471
704.717903,7.885998720930236
704.717904,7.886
704.72055,7.889564490413759
704.9161,8.152994611503546
704.916101,8.15299595862766
704.916102,8.152997305751773
704.916103,8.152998652875887
704.916104,8.153
704.91855,8.153902719919097
705.1139,8.22599852376138
705.113901,8.225998892821035
705.113902,8.22599926188069
705.113903,8.225999630940345
705.113904,8.226
705.11655,8.225452090909085
705.3119,8.185000828282826
705.311901,8.18500062121212
705.311902,8.185000414141413
705.311903,8.185000207070708
705.311904,8.185
705.31455,8.191179561160213
705.51015,8.647990658259797
705.510151,8.647992993694848
705.510152,8.647995329129898
705.510153,8.647997664564949
705.510154,8.648
705.51255,8.650066142208754
705.5127,8.65019549167922
705.70845,8.818996550680795
705.708451,8.818997413010598
705.708452,8.818998275340398
705.708453,8.8189991376702
705.708454,8.819
705.71085,8.818733373798688
705.90615,8.797000445118867
705.906151,8.79700033383915
705.906152,8.797000222559433
705.906153,8.797000111279717
705.906154,8.797
705.9085,8.79938214700681
706.1041,8.997995938368284
706.104101,8.997996953776212
706.104102,8.997997969184143
706.104103,8.997998984592071
706.104104,8.998
706.1065,9.005025682507512
706.3019,9.577988270980818
706.301901,9.577991203235612
706.301902,9.577994135490409
706.301903,9.577997067745205
706.301904,9.578
706.3045,9.578563066834812
706.50015,9.620999132408578
706.500151,9.620999349306434
706.500152,9.620999566204288
706.500153,9.620999783102144
706.500154,9.621
706.50245,9.62399175757576
706.5027,9.624317515151436
706.69815,9.8789947878788
706.698151,9.8789960909091
706.698152,9.8789973939394
706.698153,9.8789986969697
706.698154,9.879
706.70035,9.878744909090903
706.89615,9.856000464646463
706.896151,9.856000348484848
706.896152,9.85600023232323
706.896153,9.856000116161615
706.896154,9.856
706.8985,9.858097181818172
707.09415,10.032996424242432
707.094150999,10.032997318181824
707.094152,10.032998212121216
707.094153,10.032999106060608
707.094154,10.033
707.09845,10.03321718907988
707.29195,10.042999797775533
707.291951,10.04299984833165
707.291952,10.042999898887766
707.291953,10.042999949443884
707.291954,10.043
707.2945,10.043346831483358
707.49015,10.069999455095864
707.490151,10.0699995913219
707.490152,10.069999727547932
707.490153,10.069999863773967
707.490154,10.07
707.4925,10.073886303030283
707.49275,10.074300444444322
707.68815,10.39799337373739
707.688151,10.397995030303042
707.688151999,10.397996686868694
707.688152999,10.397998343434349
707.688153999,10.398
707.6898,10.397842170073185
707.8857,10.37905791572041
707.8863,10.379000383547815
707.886301,10.379000287660862
707.886302,10.379000191773908
707.886303,10.379000095886951
707.886304,10.379
708.085799999,10.383999899749377
708.085801,10.38399992481203
708.085802,10.383999949874688
708.085803,10.383999974937344
708.085803999,10.384
708.0882,10.38569574338084
708.2822,10.522997169042776
708.282201,10.522997876782082
708.282202,10.522998584521387
708.282203,10.522999292260694
708.282204,10.523
708.2824,10.523271232323332
708.4802,10.79699446464648
708.480201,10.79699584848486
708.480202,10.79699723232324
708.480203,10.79699861616162
708.480204,10.797
708.48255,10.795755909090916
708.4827,10.79567636363639
708.6782,10.692002121212116
708.678201,10.692001590909086
708.678202,10.692001060606058
708.678203,10.692000530303028
708.678204,10.692
708.68055,10.688365268735822
708.8757,10.386013262679697
708.87635,10.385006197325245
708.876351,10.385004647993933
708.876352,10.38500309866262
708.876353,10.38500154933131
708.876354,10.385
709.0759,10.317001363066897
709.075900999,10.317001022300174
709.075902,10.317000681533449
709.075903,10.317000340766723
709.075904,10.317
709.07825,10.318326571574117
709.2722,10.42799773815589
709.272201,10.42799830361692
709.272202,10.427998869077946
709.272203,10.427999434538972
709.272204,10.428
709.27455,10.426046479939451
709.4697,10.263544587433808
709.47035,10.263003330809983
709.470351,10.263002498107488
709.470352,10.263001665404992
709.470353,10.263000832702495
709.470354,10.263
709.4727,10.26613037149354
709.6682,10.526994662623212
709.668201,10.526995996967411
709.668202,10.526997331311607
709.668203,10.526998665655803
709.668204,10.527
709.66905,10.526739560938676
709.8657,10.46620133232398
709.86635,10.46600123139036
709.866351,10.466000923542769
709.866352,10.46600061569518
709.866353,10.46600030784759
709.866354,10.466
710.063699999,10.379309255238594
710.0644,10.379001757132082
710.064401,10.379001317849074
710.064402,10.379000878566016
710.064402999,10.379000439283008
710.064404,10.379
710.26175,10.24045912121216
710.2624,10.2400028080808
710.262401,10.2400021060606
710.262402,10.2400014040404
710.262403,10.2400007020202
710.262404,10.24
710.45975,10.406448393939348
710.4604,10.406996626262634
710.460401,10.406997469696975
710.460402,10.406998313131318
710.460403,10.40699915656566
710.460404,10.407
710.4628,10.405171362143056
710.65825,10.256003052817784
710.658251,10.256002289613338
710.658252,10.256001526408893
710.658253,10.256000763204446
710.658254,10.256
710.65845,10.255974282109518
710.85575,10.230085813777434
710.8564,10.230000524854908
710.856401,10.23000039364118
710.856402,10.230000262427454
710.856403,10.230000131213728
710.856404,10.23
711.05375,10.000759696969627
711.0544,10.000004646464635
711.054401,10.000003484848476
711.054402,10.000002323232318
711.054403,10.000001161616158
711.054404,10.0
711.25175,10.031870158970474
711.25255,10.03199935402473
711.252551,10.031999515518548
711.252552,10.031999677012363
711.252553,10.031999838506184
711.252554,10.032
711.44975,9.872528885519376
711.4504,9.87200323477381
711.450401,9.872002426080355
711.450402,9.872001617386903
711.450403,9.872000808693452
711.450404,9.872
711.4528,9.871370747474751
711.64775,9.820171757575771
711.6484,9.820001050505049
711.648401,9.820000787878786
711.648402,9.820000525252524
711.648403,9.820000262626262
711.648404,9.82
711.84575,9.762698032540664
711.84815,9.762001161451812
711.848151,9.76200087108886
711.848152,9.762000580725909
711.848153,9.762000290362954
711.848154,9.762
712.04375,9.449126113092271
712.04445,9.448006398370008
712.044451,9.448004798777552
712.044452,9.448003199185097
712.044453,9.448001599592638
712.044454,9.448
712.2418,9.364277454545478
712.24245,9.364001696969693
712.242451,9.36400127272727
712.242452,9.364000848484848
712.242453,9.364000424242423
712.242454,9.364
712.4398,9.561395847436154
712.4404,9.561995998989651
712.440401,9.56199699924224
712.440402,9.561997999494826
712.440403,9.561998999747413
712.440404,9.562
712.44485,9.560675181818208
712.6378,9.503179979797968
712.6384,9.50300119191919
712.638401,9.503000893939392
712.638402,9.503000595959596
712.638403,9.503000297979796
712.638404,9.503
712.8358,9.601871024292516
712.83805,9.602997996493867
712.838051,9.602998497370402
712.838052,9.602998998246935
712.838053,9.602999499123468
712.838054,9.603
713.0338,9.37775256619138
713.03445,9.377004602851311
713.034451,9.377003452138483
713.034452,9.377002301425655
713.034453,9.377001150712829
713.034454,9.377
713.2318,9.049086696969786
713.23245,9.04800664646463
713.232451,9.048004984848472
713.232452,9.048003323232315
713.232453,9.048001661616157
713.232454,9.048
713.4314,9.038037756634957
713.43215,9.038000200300456
713.432151,9.038000150225344
713.432152,9.038000100150231
713.432153,9.038000050075112
713.432154,9.038
713.4347,9.037287560417214
713.6278,8.983252963622517
713.628699999,8.983001119308094
713.628700999,8.983000839481079
713.628702,8.983000559654062
713.628703,8.983000279827015
713.628704,8.983
713.8258,8.954132404040404
713.8267,8.954000585858585
713.826701,8.954000439393939
713.826702,8.954000292929292
713.826703,8.954000146464647
713.826704,8.954
714.0238,8.953003307206068
714.02445,8.95300002022756
714.024451,8.95300001517067
714.024452,8.95300001011378
714.024453,8.95300000505689
714.024454,8.953
714.22185,8.980893454453692
714.2226,8.98099943477164
714.222601,8.980999576078728
714.222602,8.980999717385819
714.222603,8.98099985869291
714.222604,8.981
714.42055,8.955098661298443
714.4213,8.955000523402127
714.421301,8.955000392551584
714.421302,8.955000261701056
714.421303,8.955000130850529
714.421304,8.955
714.4238,8.953797260968829
714.6178,8.860315140755795
714.61845,8.86000192746639
714.618451,8.860001445599792
714.618452,8.860000963733196
714.618453,8.860000481866598
714.618454,8.86
714.8158,8.36725715006303
714.8167,8.365009987389634
714.816700999,8.365007490542226
714.816702,8.365004993694818
714.816702999,8.365002496847408
714.816704,8.365
715.0138,8.168701152679404
715.0145,8.168003983822034
715.014501,8.168002987866526
715.014502,8.168001991911018
715.014503,8.16800099595551
715.014504,8.168000000000001
715.21185,8.213848060606049
715.2125,8.213999070707047
715.212501,8.21399930303028
715.212502,8.213999535353537
715.212503,8.21399976767677
715.212504,8.214
715.4108,8.387297358111487
715.4116,8.38799650426922
715.411601,8.387997378201915
715.411602,8.38799825213461
715.411603,8.387999126067305
715.411604,8.388
715.4141,8.386657315402147
715.60785,8.282432499365653
715.60865,8.282002151738132
715.608651,8.2820016138036
715.608652,8.282001075869067
715.608653,8.282000537934533
715.608654,8.282
715.80585,8.351104981226563
715.8084,8.351998598247814
715.808401,8.35199894868586
715.808402,8.351999299123907
715.808403,8.351999649561954
715.808404,8.352
716.00385,8.304208823229752
716.0047,8.30400097809475
716.004701,8.304000733571064
716.004702,8.304000489047375
716.004703,8.304000244523689
716.004704,8.304
716.20185,8.21928104145599
716.2025,8.219001718907982
716.202501,8.219001289180987
716.202502,8.219000859453992
716.202503,8.219000429726995
716.202504,8.219
716.39985,8.234935079485236
716.40065,8.234999677012365
716.400651,8.234999757759274
716.400652,8.234999838506182
716.400653,8.234999919253092
716.400654,8.235
716.40315,8.235
716.59785,8.235
716.59885,8.235
716.598851,8.235
716.598852,8.235
716.598853,8.235
716.598854,8.235
716.7961,8.178288665825969
716.7971,8.17800115006305
716.797101,8.178000862547288
716.797102,8.178000575031525
716.797103,8.178000287515763
716.797104,8.178
716.99385,7.958010796863132
716.99475,7.95700447255248
716.994751,7.95700335441436
716.994752,7.95700223627624
716.994753,7.95700111813812
716.994754,7.957
717.1919,8.16295115821351
717.1929,8.163995821347473
717.192901,8.163996866010606
717.192902,8.163997910673737
717.192903,8.163998955336869
717.192904,8.164
717.3899,8.308447130214898
717.39065,8.308997067003801
717.390651,8.30899780025285
717.390652,8.308998533501901
717.390653,8.30899926675095
717.390654,8.309000000000001
717.3932,8.308627195152749
717.5879,8.280117727846505
717.5887,8.280000585710678
717.588701,8.280000439283008
717.588702,8.280000292855338
717.588703,8.28000014642767
717.588704,8.28
717.78755,8.392432314235696
717.78855,8.392997738303734
717.788551,8.3929983037278
717.788552,8.392998869151867
717.788553,8.392999434575934
717.788554,8.393
717.9839,8.35118281345566
717.98475,8.351000856269112
717.984751,8.351000642201834
717.984752,8.351000428134556
717.984753,8.351000214067279
717.984754,8.351
718.1819,8.444594565656564
718.18275,8.444998101010107
718.182751,8.44499857575758
718.182752,8.444999050505054
718.182753,8.444999525252527
718.182754,8.445
718.3799,8.568527559373404
718.38065,8.568997493683685
718.380651,8.568998120262764
718.380652,8.568998746841844
718.380653,8.568999373420922
718.380654,8.569
718.3832,8.57272804847252
718.5779,8.85782272153494
718.5787,8.858994142893224
718.578701,8.858995607169918
718.578702,8.858997071446613
718.578702999,8.858998535723305
718.578704,8.859
718.7764,8.823190913207538
718.77745,8.8230007245283
718.777451,8.823000543396226
718.777452,8.82300036226415
718.777453,8.823000181132075
718.777454,8.823
718.9739,8.710603048101241
718.97495,8.71000228860759
718.974951,8.710001716455693
718.974952,8.710001144303796
718.974953,8.710000572151898
718.974954,8.71
719.17195,8.672164023249938
719.1728,8.67200076825878
719.172801,8.672000576194085
719.172802,8.67200038412939
719.172803,8.672000192064695
719.172804,8.672
719.3701,8.501908666498672
719.37115,8.501003448449701
719.371151,8.501002586337275
719.371152,8.50100172422485
719.371153,8.501000862112425
719.371154,8.501
719.37355,8.498008028311455
719.56795,8.255253731041556
719.56895,8.254004994944376
719.568951,8.254003746208282
719.568952,8.254002497472188
719.568953,8.254001248736094
719.568954,8.254
719.7659,8.284834979797969
719.76695,8.284999373737376
719.766951,8.28499953030303
719.766952,8.284999686868687
719.766953,8.284999843434344
719.766954,8.285
719.9639,8.374520909090931
719.96495,8.374998181818187
719.964951,8.37499863636364
719.964952,8.374999090909093
719.964953,8.374999545454546
719.964954,8.375
720.16195,8.667509212121262
720.16295,8.668994060606076
720.162951,8.668995545454557
720.162952,8.668997030303037
720.162953,8.66899851515152
720.162954,8.669
720.35995,8.480958363636333
720.36095,8.480003818181808
720.360951,8.480002863636356
720.360952,8.480001909090905
720.360953,8.480000954545453
720.360954,8.48
720.36335,8.478897694641011
720.55795,8.38936988877655
720.55875,8.389001840242663
720.558751,8.389001380181998
720.558752,8.389000920121331
720.558753,8.389000460060666
720.558754,8.389
720.75595,8.616839979818273
720.75695,8.617995378405663
720.756951,8.617996533804247
720.756952,8.61799768920283
720.756953,8.617998844601416
720.756954,8.618
720.95395,8.773169785407763
720.955,8.773996849280493
720.955001,8.77399763696037
720.955002,8.773998424640247
720.955003,8.773999212320124
720.955004,8.774000000000001
721.15195,9.053504171717236
721.153,9.054994323232338
721.153001,9.054995742424254
721.153002,9.054997161616168
721.153003,9.054998580808084
721.153004,9.055
721.34995,9.213453707779893
721.54825,9.372996781783687
721.548251,9.372997586337766
721.548252,9.372998390891844
721.548253,9.37299919544592
721.548254,9.373
721.55075,9.375785939393884
721.55105,9.376120787878776
721.7476,9.595502353535366
721.94425,9.814995535353546
721.944251,9.81499665151516
721.944252,9.814997767676772
721.944253,9.814998883838388
721.944254,9.815
721.9469,9.818768545454583
722.14225,10.096994303030318
722.142251,10.096995727272738
722.142252,10.096997151515158
722.142253,10.09699857575758
722.142254,10.097
722.1449,10.099066666666689
722.3407,10.25199687578736
722.340701,10.25199765684052
722.340702,10.25199843789368
722.340703,10.25199921894684
722.340704,10.252
722.3434,10.253473895216349
722.53825,10.35999781321185
722.538251,10.359998359908888
722.538252,10.359998906605924
722.538253,10.359999453302962
722.538254,10.36
722.54075,10.36223559669748
722.54105,10.36250429822366
722.7381,10.538996417312994
722.738101,10.538997312984746
722.738102,10.538998208656496
722.738103,10.538999104328248
722.738104,10.539
722.74055,10.54156882997702
722.93425,10.744995799133328
722.934251,10.744996849349995
722.934252,10.744997899566664
722.934253,10.744998949783334
722.934254,10.745
722.93695,10.745068080808082
723.13225,10.749999898989898
723.132251,10.749999924242424
723.132252,10.74999994949495
723.132253,10.749999974747476
723.132254,10.75
723.13495,10.746600252206791
723.3305,10.50000504413618
723.330501,10.500003783102134
723.330502,10.50000252206809
723.330503,10.500001261034043
723.330504,10.5
723.33485,10.496660303336665
723.5283,10.348003073811924
723.528301,10.348002305358944
723.528302,10.348001536905963
723.528303,10.348000768452982
723.528304,10.348
723.5308,10.35011568113013
723.53115,10.350412351160426
723.7265,10.515996609485375
723.726501,10.515997457114032
723.726502,10.515998304742688
723.726503,10.515999152371345
723.726504,10.516
723.72905,10.51869016177963
723.9243,10.724995773508605
723.924301,10.724996830131454
723.924302,10.724997886754302
723.924303,10.724998943377152
723.924304,10.725
723.92695,10.720295999999951
724.1223,10.373007111111091
724.122301,10.37300533333332
724.122302,10.373003555555544
724.122303,10.373001777777771
724.122304,10.373
724.12495,10.378233259334058
724.3205,10.764992088799213
724.320501,10.76499406659941
724.320502,10.764996044399608
724.320503,10.764998022199803
724.320504,10.765
724.32295,10.765654737373728
724.5185,10.817998929292932
724.518501,10.817999196969698
724.518502,10.817999464646466
724.518503,10.817999732323232
724.518504,10.818
724.52095,10.820285404040476
724.52115,10.820472272727296
724.7165,11.002996262626272
724.716501,11.002997196969703
724.716502,11.002998131313136
724.716503,11.002999065656567
724.716504,11.003
724.71895,11.003852178742768
724.91455,11.071998606412526
724.914551,11.071998954809397
724.914552,11.071999303206264
724.914553,11.071999651603132
724.914554,11.072
724.917,11.070379640960834
725.1123,10.94100264981036
725.112301,10.94100198735777
725.112302,10.94100132490518
725.112303,10.941000662452591
725.112304,10.941
725.11505,10.940044267339218
725.31055,10.872001392181586
725.310551,10.872001044136187
725.310552,10.872000696090792
725.310553,10.872000348045397
725.310554,10.872
725.31305,10.872529454545443
725.50855,10.913999151515153
725.508551,10.913999363636364
725.508552,10.913999575757575
725.508553,10.913999787878788
725.508554,10.914
725.51095,10.912959313131324
725.5112,10.912850727272716
725.70655,10.828001737373732
725.706551,10.8280013030303
725.706552,10.828000868686866
725.706553,10.828000434343434
725.706554,10.828
725.709,10.82579039111777
725.9047,10.649003613424163
725.904701,10.649002710068125
725.904702,10.649001806712084
725.904703,10.649000903356042
725.904704,10.649
725.90715,10.648665779352232
726.1023,10.622000546558702
726.102301,10.622000409919028
726.102302,10.622000273279353
726.102303,10.622000136639675
726.102304,10.622
726.10495,10.626604640605343
726.30055,10.966993039092074
726.300551,10.966994779319055
726.300552,10.966996519546036
726.300553,10.96699825977302
726.300554,10.967
726.303,10.968568107016637
726.49865,11.093997435638572
726.498651,11.09399807672893
726.498652,11.093998717819286
726.498653,11.093999358909644
726.498654,11.094
726.5011,11.09385183240787
726.50135,11.09383668854114
726.69605,11.082042645128729
726.69675,11.082000242301868
726.696751,11.082000181726402
726.696752,11.082000121150934
726.696753,11.082000060575467
726.696754,11.082
726.8946,11.150998605003794
726.894601,11.150998953752843
726.894602,11.150999302501896
726.894603,11.150999651250949
726.894604,11.151
726.89895,11.151658484848475
727.0926,11.180999393939397
727.092601,11.180999545454547
727.092602,11.180999696969698
727.092602999,11.18099984848485
727.092604,11.181
727.096999999,11.174805636363738
727.2906,10.902005636363624
727.290601,10.902004227272718
727.290602,10.902002818181812
727.290603,10.902001409090907
727.290604,10.902
727.2931,10.901470545454556
727.4886,10.860000848484846
727.488601,10.860000636363637
727.488602,10.860000424242422
727.488603,10.86000021212121
727.488604,10.86
727.491,10.860688193499614
727.49125,10.860760000000008
727.68645,10.9168265154951
727.68705,10.916998851095997
727.687051,10.916999138321998
727.687052,10.916999425547996
727.687053,10.916999712774
727.687054,10.917
727.8846,10.865001052898029
727.884601,10.865000789673529
727.884602,10.865000526448998
727.884603,10.8650002632245
727.884604,10.865
727.887,10.86800105050502
728.0826,11.112994989899002
728.082601,11.112996242424252
728.082602,11.1129974949495
728.082602999,11.11299874747475
728.082604,11.113
728.08695,11.111441192220278
728.28055,11.04200143470573
728.280551,11.042001076029296
728.280552,11.042000717352863
728.280553,11.042000358676432
728.280554,11.042
728.28305,11.039895319363838
728.4786,10.875003372885626
728.478601,10.87500252966422
728.478602,10.875001686442811
728.478603,10.875000843221407
728.478604,10.875
728.481,10.87520432405317
728.48125,10.87522564334086
728.67735,10.891948492600957
728.67795,10.891999658891397
728.677951,10.891999744168547
728.677952,10.891999829445698
728.677953,10.891999914722849
728.677954,10.892
728.8741,10.772429159258344
728.8748,10.77200243840487
728.874801,10.772001828803653
728.874802,10.772001219202435
728.874803,10.772000609601218
728.874804,10.772
729.072649999,10.581003861511237
729.072651,10.581002896133429
729.072652,10.581001930755615
729.072653,10.58100096537781
729.072653999,10.581
729.07505,10.581931072419874
729.27015,10.6577458591976
729.2708,10.657998445622006
729.270801,10.657998834216505
729.270802,10.657999222811004
729.270803,10.6579996114055
729.270804,10.658
729.4686,10.552002143579369
729.468601,10.552001607684526
729.468602,10.552001071789684
729.468603,10.55200053589484
729.468604,10.552
729.47105,10.55088930373362
729.4713,10.550775782038338
729.66615,10.462296972754816
729.6668,10.46200181634712
729.666801,10.46200136226034
729.666802,10.46200090817356
729.666803,10.46200045408678
729.666804,10.462
729.86415,10.695227090909029
729.8648,10.695995272727284
729.864801,10.695996454545464
729.864802,10.695997636363645
729.864803,10.69599881818182
729.864804,10.696
730.062649999,10.676000404346729
730.062651,10.676000303260045
730.062652,10.676000202173364
730.062653,10.676000101086682
730.062653999,10.676
730.06515,10.677587161241451
730.26015,10.801584133232437
730.2608,10.801997456472376
730.260801,10.801998092354282
730.260802,10.801998728236187
730.260803,10.801999364118094
730.260804,10.802
730.45815,10.842864575757588
730.4588,10.842999171717176
730.458801,10.84299937878788
730.458802,10.842999585858587
730.458803,10.842999792929293
730.458804,10.843
730.46125,10.842275168257135
730.65725,10.78419380210951
730.6579,10.784001185334
730.657901,10.7840008890005
730.657902,10.784000592667
730.657903,10.7840002963335
730.657904,10.784
730.85415,10.779016607414931
730.8548,10.779000101574402
730.854801,10.779000076180802
730.854802,10.779000050787202
730.854803,10.7790000253936
730.854804,10.779
731.05215,10.606571424242471
731.0528,10.606003494949483
731.052801,10.606002621212117
731.052802,10.606001747474744
731.052803,10.606000873737372
731.052804,10.606
731.2502,10.626935939393944
731.2508,10.626999575757578
731.250801,10.626999681818184
731.250802,10.62699978787879
731.250803,10.626999893939397
731.250804,10.627
731.4482,10.492411818181788
731.4488,10.49200272727272
731.448801,10.49200204545454
731.448802,10.49200136363636
731.448803,10.49200068181818
731.448804,10.492
731.4513,10.492163878787885
731.64615,10.504957060606063
731.6468,10.50499973737374
731.646801,10.504999803030303
731.646802,10.50499986868687
731.646803,10.504999934343436
731.646804,10.505
731.84415,10.363504761423911
731.84485,10.363002867962628
731.844851,10.36300215097197
731.844852,10.363001433981314
731.844853,10.363000716990657
731.844854,10.363
732.0422,10.510511151515113
732.04285,10.510997010101018
732.042851,10.510997757575764
732.042852,10.51099850505051
732.042853,10.510999252525256
732.042854,10.511
732.2402,10.545857986373976
732.241,10.545999293464549
732.241001,10.545999470098412
732.241002,10.545999646732271
732.241003,10.545999823366136
732.241004,10.546
732.4382,10.26493216072774
732.43885,10.26400570128884
732.438851,10.26400427596663
732.438852,10.26400285064442
732.438853,10.26400142532221
732.438854,10.264
732.44135,10.261784131147484
732.6362,10.088802542244634
732.6371,10.088003551071871
732.637101,10.088002663303904
732.637102,10.088001775535936
732.637103,10.088000887767969
732.637104,10.088
732.8342,10.022218275600524
732.83485,10.02200133501896
732.834851,10.02200100126422
732.834852,10.02200066750948
732.834853,10.02200033375474
732.834854,10.022
733.0322,10.301075151515075
733.03285,10.301994343434355
733.032851,10.301995757575767
733.032852,10.30199717171718
733.032853,10.30199858585859
733.032854,10.302
733.23185,10.598800840840816
733.23265,10.599994034034047
733.232651,10.599995525525536
733.232652,10.599997017017024
733.232653,10.599998508508513
733.232654,10.6
733.4282,10.206316666666549
733.42885,10.205008053007116
733.428851,10.205006039755336
733.428852,10.205004026503556
733.428853,10.20500201325178
733.428854,10.205
733.43135,10.198062819671952
733.6262,9.656512504413596
733.6271,9.654011117276138
733.627101,9.654008337957103
733.627102,9.654005558638069
733.627102999,9.654002779319034
733.627103999,9.654
733.8242,9.589231344792736
733.8249,9.589001314459049
733.824901,9.589000985844285
733.824902,9.589000657229525
733.824903,9.589000328614762
733.824904,9.589
734.0222,9.496330666666688
734.0229,9.496001878787874
734.022901,9.496001409090908
734.022902,9.496000939393936
734.022903,9.49600046969697
734.022904,9.496
734.22025,9.539821468584428
734.22105,9.539999111784006
734.221051,9.539999333838004
734.221052,9.539999555892004
734.221053,9.539999777946004
734.221054,9.54
734.41825,9.866668121212095
734.41905,9.867993373737391
734.419051,9.867995030303042
734.419052,9.867996686868697
734.419053,9.867998343434348
734.419054,9.868
734.42155,9.871138116637152
734.61625,10.115926301439028
734.6171,10.11699497096694
734.617101,10.116996228225206
734.617102,10.116997485483472
734.617103,10.116998742741735
734.617104,10.117
734.81425,10.0940992020202
734.8151,10.094000464646465
734.815101,10.094000348484848
734.815102,10.09400023232323
734.815103,10.094000116161617
734.815104,10.094
735.01225,10.223570171890763
735.0129,10.223997371081907
735.012901,10.223998028311431
735.012902,10.223998685540954
735.012903,10.223999342770478
735.012904,10.224
735.21025,10.195117668433008
735.21105,10.19500058541509
735.211051,10.195000439061316
735.211052,10.195000292707544
735.211053,10.195000146353772
735.211054,10.195
735.40825,10.217906606060604
735.40905,10.217999535353524
735.409051,10.21799965151514
735.409052,10.217999767676757
735.409053,10.217999883838385
735.409054,10.218
735.4116,10.219053871781902
735.60625,10.29962580514892
735.60715,10.299998344270575
735.607151,10.299998758202932
735.607152,10.299999172135289
735.607153,10.299999586067644
735.607154,10.3
735.8043,10.419452259530429
735.8052,10.41999757636961
735.805201,10.419998182277208
735.805202,10.419998788184804
735.805203,10.419999394092402
735.805204,10.42
736.0023,10.520564263702957
736.00315,10.520997959080582
736.003151,10.520998469310436
736.003152,10.520998979540291
736.003153,10.520999489770146
736.003154,10.521
736.2003,10.553874269833264
736.20105,10.553999332996463
736.201051,10.553999499747349
736.201052,10.553999666498232
736.201053,10.553999833249115
736.201054,10.554
736.3983,10.66856207070712
736.39905,10.668997676767685
736.399051,10.668998257575762
736.399052,10.668998838383844
736.399053,10.668999419191922
736.399054,10.669
736.40365,10.668374063051688
736.5963,10.64213673644388
736.5973,10.642000544766708
736.597301,10.64200040857503
736.597302,10.642000272383353
736.597303,10.642000136191676
736.597304,10.642
736.7943,10.883951114480665
736.79515,10.884995087187276
736.795151,10.884996315390456
736.795152,10.884997543593638
736.795153,10.884998771796818
736.795154,10.885
736.9924,10.951694332576295
736.9933,10.95199864748924
736.993301,10.95199898561692
736.993302,10.95199932374464
736.993303,10.95199966187232
736.993304,10.952
737.1903,10.937060970677452
737.1911,10.937000303336704
737.191101,10.937000227502526
737.191102,10.93700015166835
737.191103,10.937000075834176
737.191104,10.937
737.3883,10.863300484848448
737.3891,10.86300149494949
737.389101,10.863001121212118
737.389102,10.863000747474745
737.389103,10.863000373737371
737.389104,10.863
737.3917,10.861141975806424
737.5865,10.721718588709734
737.5875,10.7210028629033
737.587501,10.721002147177495
737.587502,10.72100143145161
737.587503,10.721000715725804
737.587504,10.721
737.7843,10.71204794541319
737.78535,10.712000181956029
737.785351,10.71200013646702
737.785352,10.712000090978012
737.785353,10.712000045489006
737.785354,10.712
737.9823,10.81751567349002
737.9832,10.81799785696235
737.983201,10.817998392721762
737.983202,10.817998928481176
737.983203,10.817999464240588
737.983204,10.818
738.1803,10.888622336613652
738.18135,10.88899856674237
738.181351,10.888998925056775
738.181352,10.888999283371184
738.181353,10.888999641685592
738.181354,10.889
738.3783,10.92086989633377
738.3791,10.92099935271808
738.379101,10.92099951453856
738.379102,10.92099967635904
738.379103,10.92099983817952
738.379104,10.921
738.3817,10.920489311475402
738.5763,10.882207344262286
738.57735,10.882000786885245
738.577351,10.882000590163932
738.577352,10.882000393442622
738.577353,10.882000196721313
738.577354,10.882
738.7743,10.906866919191923
738.77535,10.906999494949495
738.775351,10.906999621212124
738.775352,10.906999747474748
738.775353,10.906999873737377
738.775354,10.907
738.9723,10.834333545615362
738.9732,10.83400147586555
738.973201,10.834001106899162
738.973202,10.834000737932776
738.973203,10.834000368966388
738.973204,10.834
739.17035,10.819076003028016
739.17135,10.819000302800909
739.171351,10.819000227100682
739.171352,10.819000151400454
739.171353,10.819000075700227
739.171354,10.819
739.36835,10.834934964610726
739.36915,10.834999676440852
739.369151,10.83499975733064
739.369152,10.834999838220426
739.369153,10.834999919110214
739.369154,10.835
739.3717,10.8359762663976
739.56635,10.91061501513624
739.56735,10.910998466195766
739.567351,10.910998849646823
739.567352,10.910999233097884
739.567353,10.91099961654894
739.567354,10.911
739.76435,10.902047896995708
739.7654,10.90200018177228
739.765401,10.90200013632921
739.765402,10.90200009088614
739.765403,10.90200004544307
739.765404,10.902
739.96235,10.900010143975752
739.96335,10.900000040414248
739.963351,10.900000030310684
739.963352,10.900000020207123
739.963353,10.90000001010356
739.963354,10.9
740.16035,10.895025353535354
740.16135,10.8950001010101
740.161351,10.895000075757576
740.161352,10.89500005050505
740.161353,10.895000025252523
740.161354,10.895
740.35835,10.986533494949455
740.35935,10.986998141414146
740.359351,10.98699860606061
740.359352,10.986999070707071
740.359353,10.986999535353537
740.359354,10.987
740.362,10.988376454545469
740.55635,11.089477717171734
740.55735,11.089997919191925
740.557351,11.089998439393945
740.557352,11.08999895959596
740.557353,11.089999479797982
740.557354,11.09
740.75435,10.999484291845471
740.7554,10.999001837919714
740.755401,10.999001378439784
740.755402,10.999000918959856
740.755403,10.999000459479928
740.755404,10.999
740.95235,10.964186313131306
740.9534,10.964000707070706
740.953401,10.964000530303029
740.953402,10.964000353535353
740.953403,10.964000176767676
740.953404,10.964
741.1504,10.959514322580644
741.34865,10.955000091081594
741.348651,10.955000068311197
741.348652,10.955000045540796
741.348653,10.9550000227704
741.348654,10.955
741.3513,10.955588000000006
741.54665,10.998999111111116
741.546651,10.998999333333336
741.546652,10.998999555555557
741.546653,10.99899977777778
741.546654,10.999
741.5493,10.998224909090904
741.5495,10.998166323232295
741.74465,10.941001171717202
741.744651,10.94100087878791
741.744652,10.94100058585862
741.744653,10.941000292929292
741.744654,10.941
741.74735,10.94070277123529
741.9442,10.919000440992232
741.944201,10.919000330744174
741.944202,10.919000220496116
741.944203,10.919000110248058
741.944204,10.919
741.94685,10.91697963858486
742.14065,10.76900305421226
742.140651,10.769002290659197
742.140652,10.76900152710613
742.140653,10.769000763553064
742.140654,10.769
742.14335,10.769190578136834
742.3387,10.78299971724312
742.338701,10.78299978793234
742.338702,10.78299985862156
742.338703,10.78299992931078
742.338704,10.783
742.34135,10.784617000000017
742.5367,10.90399755555556
742.536701,10.903998166666671
742.536702,10.90399877777778
742.536703,10.90399938888889
742.536704,10.904
742.54105,10.907227390755285
742.5413,10.9074130436979
742.73465,11.050997029552924
742.734651,11.050997772164694
742.734652,11.050998514776465
742.734653,11.05099925738823
742.734654,11.051
742.7374,11.048933565656563
742.93265,10.902003010101003
742.932651,10.902002257575752
742.932652,10.902001505050505
742.932653,10.902000752525252
742.932654,10.902
742.93535,10.902054395964692
743.1309,10.90599991929382
743.130901,10.905999939470366
743.130902,10.90599995964691
743.130903,10.905999979823456
743.130904,10.906
743.13335,10.90916570273013
743.3287,11.161994823053604
743.328701,11.161996117290204
743.328702,11.1619974115268
743.328703,11.161998705763402
743.328704,11.162
743.33135,11.16245436363637
743.5267,11.195999313131315
743.526701,11.195999484848484
743.526702,11.195999656565656
743.526703,11.195999828282828
743.526704,11.196
743.52935,11.190246084762808
743.52955,11.189811170534618
743.7249,10.76500869828454
743.724901,10.765006523713405
743.724902,10.76500434914227
743.724903,10.765002174571135
743.724904,10.765
743.7274,10.767094721941314
743.9227,10.930996643073822
743.922701,10.930997482305369
743.922702,10.930998321536912
743.922703,10.930999160768456
743.922704,10.931
743.92535,10.928166909091004
744.1207,10.719004282828273
744.120701,10.719003212121205
744.120702,10.719002141414135
744.120703,10.719001070707067
744.120704,10.719
744.12345,10.721327001261034
744.31895,10.886996610340391
744.318951,10.886997457755369
744.318952,10.886998305170245
744.318953,10.886999152585124
744.318954,10.887
744.32145,10.887429147914023
744.5167,10.92099931226296
744.516701,10.92099948419722
744.516702,10.92099965613148
744.516703,10.92099982806574
744.516704,10.921
744.51945,10.919379409836065
744.5196,10.919290885245855
744.71495,10.804002360655732
744.714951,10.8040017704918
744.714952,10.804001180327866
744.714953,10.804000590163934
744.714954,10.804
744.7175,10.80303438685211
744.9127,10.729001517067044
744.912701,10.729001137800251
744.912702,10.7290007585335
744.912703,10.72900037926675
744.912704,10.729
744.91545,10.728431527392074
745.11075,10.688000828073717
745.110751,10.688000621055288
745.110752,10.68800041403686
745.110753,10.68800020701843
745.110754,10.688
745.11345,10.689618688193752
745.30895,10.806997598385408
745.308951,10.80699819878904
745.308952,10.80699879919267
745.308953,10.8069993995963
745.308954,10.807
745.31145,10.809330355791024
745.50645,10.991389401968156
745.5071,10.991996265455471
745.507101,10.991997199091603
745.507102,10.991998132727735
745.507103,10.991999066363867
745.507104,10.992
745.5096,10.991684689236996
745.705,10.967000505305707
745.705001,10.967000378979282
745.705002,10.967000252652856
745.705003,10.967000126326427
745.705004,10.967
745.7075,10.964907393939436
745.903,10.801003353535345
745.903001,10.80100251515151
745.903002,10.801001676767672
745.903003,10.801000838383835
745.903004,10.801
745.9055,10.800911757575756
746.101,10.79400014141414
746.101001,10.794000106060606
746.101002,10.794000070707073
746.101003,10.794000035353536
746.101004,10.794
746.10535,10.79538316746655
746.29895,10.856998726951254
746.298951,10.856999045213442
746.298952,10.856999363475628
746.298953,10.856999681737816
746.298954,10.857
746.3015,10.857090010101013
746.49695,10.86399985858586
746.496951,10.863999893939395
746.496952,10.86399992929293
746.496953,10.863999964646466
746.496954,10.864
746.4972,10.864221151515103
746.49965,10.866423676767589
746.69495,11.041996404040413
746.694951,11.04199730303031
746.694951999,11.041998202020206
746.694952999,11.041999101010104
746.694953999,11.042
746.6975,11.041202968947257
746.893,10.980001252209036
746.893001,10.980000939156776
746.893002,10.980000626104518
746.893003,10.980000313052258
746.893004,10.98
746.89555,10.97815889759794
747.090749999,10.83700289254108
747.090751,10.83700216940581
747.090752,10.83700144627054
747.090752999,10.83700072313527
747.090754,10.837
747.0935,10.83571183858764
747.289,10.744001876418658
747.289001,10.744001407313991
747.289002,10.744000938209329
747.289003,10.744000469104664
747.289004,10.744
747.29155,10.746353121212168
747.487,10.926996303030313
747.487001,10.926997227272734
747.487002,10.926998151515155
747.487003,10.926999075757578
747.487004,10.927
747.4872,10.926921403508787
747.48965,10.925938947368454
747.68585,10.847262255639071
747.6865,10.84700160401002
747.686501,10.847001203007515
747.686502,10.84700080200501
747.686503,10.847000401002504
747.686504,10.847
747.883,11.050995847328254
747.883001,11.050996885496192
747.883002,11.050997923664127
747.883003,11.050998961832065
747.883004,11.051
747.88545,11.05018466666668
748.081,10.98500133333333
748.081000999,10.985000999999995
748.081002,10.985000666666664
748.081003,10.985000333333332
748.081004,10.985
748.08125,10.985023606060611
748.279,11.003999616161616
748.279001,11.003999712121212
748.279002,11.003999808080808
748.279003,11.003999904040404
748.279004,11.004
748.28145,11.00432094877619
748.47655,11.029920746908898
748.47715,11.029999475145091
748.477151,11.02999960635882
748.477152,11.029999737572544
748.477153,11.029999868786271
748.477154,11.03
748.4796,11.030269531680435
748.6745,11.051746115702482
748.6768,11.051999559228651
748.676801,11.051999669421487
748.676802,11.051999779614324
748.676803,11.051999889807162
748.676804,11.052
748.873,11.200996962283392
748.873001,11.200997721712543
748.873002,11.200998481141696
748.873003,11.200999240570848
748.873004,11.201
748.87555,11.201385368314824
749.07055,11.230901009081729
749.0712,11.230999394550944
749.071201,11.230999545913203
749.071201999,11.23099969727548
749.071203,11.23099984863774
749.071204,11.231
749.26855,11.182161848484862
749.2692,11.182000989898988
749.269201,11.182000742424242
749.269202,11.182000494949492
749.269203,11.182000247474749
749.269204,11.182
749.46705,11.227999070002502
749.467051,11.227999302501896
749.467052,11.227999535001263
749.467053,11.227999767500632
749.467054,11.228
749.4673,11.227962755488274
749.46965,11.227606964420904
749.66455,11.19809901589704
749.6652,11.198000605601816
749.665201,11.19800045420136
749.665202,11.198000302800908
749.665203,11.198000151400452
749.665204,11.198
749.86255,11.199993393939396
749.8632,11.19999995959596
749.863201,11.199999969696972
749.863202,11.19999997979798
749.863203,11.199999989898991
749.863204,11.2
750.06105,11.203999919130656
750.061051,11.203999939347993
750.061052,11.203999959565328
750.061053,11.203999979782663
750.061054,11.204
750.06125,11.204008902346706
750.25855,11.212970295230884
750.2592,11.212999818319457
750.259201,11.212999863739592
750.259202,11.212999909159729
750.259203,11.212999954579864
750.259204,11.213
750.45845,11.255999136762863
750.458451,11.255999352572148
750.458452,11.255999568381432
750.458453,11.255999784190715
750.458454,11.256
750.4587,11.256036249999992
750.46105,11.256382540650396
750.65455,11.284896260162595
750.65525,11.284999410569108
750.655251,11.284999557926833
750.655252,11.284999705284552
750.655253,11.284999852642278
750.655254,11.285
750.8526,11.469388939393996
750.85325,11.469996262626273
750.853251,11.469997196969704
750.853252,11.469998131313137
750.853253,11.469999065656568
750.853254,11.47
751.0506,11.457042939393943
751.05125,11.45700026262627
751.051251,11.457000196969704
751.051252,11.45700013131314
751.051253,11.457000065656574
751.051254,11.457
751.2486,11.304505363636403
751.24925,11.304003090909085
751.249251,11.304002318181812
751.249252,11.30400154545454
751.249253,11.30400077272727
751.249254,11.304
751.4466,11.372118429214597
751.44915,11.37299861930966
751.449151,11.372998964482244
751.449152,11.37299930965483
751.449153,11.372999654827415
751.449154,11.373
751.4515,11.37493805201427
751.6446,11.53445972463034
751.64525,11.534996695563496
751.645251,11.534997521672622
751.645252,11.534998347781748
751.645253,11.534999173890874
751.645254,11.535
751.8426,11.61174566666669
751.84325,11.611998444444447
751.843251,11.611998833333336
751.843252,11.611999222222224
751.843253,11.611999611111113
751.843254,11.612
752.04165,11.626939457831323
752.04245,11.62699969879518
752.042451,11.626999774096388
752.042452,11.626999849397592
752.042453,11.626999924698795
752.042454,11.627
752.2386,11.71769759146339
752.23925,11.717998150406508
752.239251,11.717998612804882
752.239252,11.717999075203254
752.239253,11.717999537601628
752.239254,11.718
752.4366,11.856505902549832
752.4373,11.856997192628132
752.437301,11.8569978944711
752.437302,11.856998596314067
752.437303,11.856999298157032
752.437304,11.857
752.43985,11.857360040404032
752.6353,11.884999434343436
752.635301,11.884999575757575
752.635302,11.884999717171718
752.635303,11.88499985858586
752.635304,11.885
752.6377,11.886052787878777
752.8326,11.971690666666698
752.8333,11.971998242424249
752.833301,11.971998681818183
752.833302,11.971999121212123
752.833303,11.97199956060606
752.833304,11.972
753.03065,11.871151843687372
753.0329,11.870002044088173
753.032901,11.87000153306613
753.032902,11.870001022044086
753.032903,11.870000511022043
753.032904,11.87
753.22865,11.882946822691428
753.22945,11.882999735436275
753.229451,11.882999801577208
753.229452,11.88299986771814
753.229453,11.88299993385907
753.229454,11.883
753.42665,11.823198332069769
753.4273,11.82300121304018
753.427301,11.823000909780134
753.427302,11.82300060652009
753.427303,11.823000303260043
753.427304,11.823
753.42985,11.823776529999982
753.62465,11.883190529999998
753.6273,11.883998780000004
753.627301,11.883999085000005
753.627302,11.88399939
753.627303,11.883999695000002
753.627304,11.884
753.82265,11.930843173469404
753.8233,11.93099904081633
753.823300999,11.930999280612248
753.823302,11.930999520408166
753.823302999,11.930999760204084
753.823304,11.931
754.02065,11.912219263711494
754.02295,11.912000380666166
754.022951,11.912000285499625
754.022952,11.912000190333083
754.022953,11.912000095166542
754.022954,11.912
754.21865,11.947852702290074
754.21945,11.947999267175575
754.219451,11.947999450381682
754.219452,11.947999633587788
754.219453,11.947999816793894
754.219454,11.948
754.41665,11.966913296314994
754.41755,11.966999616355375
754.417551,11.966999712266531
754.417552,11.96699980817769
754.417553,11.966999904088844
754.417554,11.967
754.41995,11.966676054081123
754.61465,11.940352068102156
754.61725,11.940000540811216
754.617251,11.94000040560841
754.617252,11.940000270405609
754.617253,11.940000135202803
754.617254,11.94
754.81265,11.754620474368728
754.8133,11.754003794950258
754.813301,11.754002846212693
754.813302,11.75400189747513
754.813303,11.754000948737565
754.813304,11.754
755.0107,11.606563169316196
755.01145,11.60600298763562
755.011451,11.606002240726715
755.011452,11.60600149381781
755.011453,11.606000746908906
755.011454,11.606
755.20865,11.63587818181818
755.20945,11.635999393939397
755.209451,11.635999545454547
755.209452,11.635999696969698
755.209453,11.63599984848485
755.209454,11.636
755.40665,11.739577696969688
755.40745,11.739997898989904
755.407451,11.739998424242428
755.407452,11.739998949494952
755.407453,11.739999474747476
755.407454,11.74
755.4101,11.740053427561838
755.60465,11.74398174659263
755.60555,11.74399991923271
755.605551,11.743999939424532
755.605552,11.743999959616357
755.605553,11.743999979808178
755.605554,11.744
755.80265,11.640474828282825
755.80355,11.640002101010156
755.803551,11.640001575757571
755.803552,11.640001050505049
755.803553,11.640000525252525
755.803554,11.64
756.0007,11.604137160181915
756.00145,11.604000727640242
756.001451,11.604000545730187
756.001452,11.604000363820132
756.001453,11.604000181910056
756.001454,11.604
756.1987,11.545239515273924
756.1995,11.545001191618276
756.199501,11.545000893713706
756.199502,11.545000595809135
756.199503,11.545000297904568
756.199504,11.545
756.3967,11.620595944514475
756.39775,11.620998466582558
756.397751,11.620998849936951
756.397752,11.6209992332913
756.397753,11.620999616645651
756.397754,11.621
756.4001,11.62148615617892
756.5947,11.661812666161236
756.595599999,11.661999171089212
756.595601,11.661999378316908
756.595602,11.661999585544606
756.595603,11.661999792772304
756.595604,11.662
756.79365,11.741636491580804
756.79455,11.741998391555672
756.794551,11.741998793666754
756.794552,11.741999195777836
756.794553,11.74199959788892
756.794554,11.742
756.9907,11.863378706568623
756.9917,11.863997524727372
756.991701,11.86399814354553
756.991702,11.863998762363686
756.991703,11.863999381181843
756.991704,11.864
757.1887,12.018369969666317
757.1895,12.018996865520736
757.189501,12.018997649140552
757.189502,12.018998432760368
757.189503,12.018999216380184
757.189504,12.019
757.3867,12.010045590312814
757.3877,12.010000181634712
757.387701,12.010000136226031
757.387702,12.010000090817355
757.387703,12.010000045408676
757.387704,12.01
757.39005,12.010355364806864
757.5847,12.039840343347633
757.58575,12.039999394092405
757.585751,12.039999545569303
757.585752,12.039999697046202
757.585753,12.039999848523102
757.585754,12.04
757.7827,12.109680161738654
757.7836,12.109998584786418
757.783601,12.109998938589802
757.783602,12.109999292393187
757.783603,12.109999646196616
757.783604,12.11
757.98075,12.059690037528146
757.98345,12.059001020765573
757.983451,12.05900076557418
757.983452,12.059000510382786
757.983453,12.059000255191394
757.983454,12.059
758.17875,12.010200897501278
758.17955,12.010000999490051
758.179551,12.01000074961754
758.179552,12.010000499745027
758.179553,12.010000249872514
758.179554,12.01
758.37675,11.932395116044386
758.37775,11.932001574167504
758.377751,11.932001180625628
758.377752,11.932000787083751
758.377753,11.932000393541877
758.377754,11.932
758.3802,11.932012353535354
758.57475,11.93299492929293
758.57575,11.93299997979798
758.575751,11.932999984848484
758.575752,11.93299998989899
758.575753,11.932999994949494
758.575754,11.933
758.77275,12.061443184230477
758.7736,12.061997391963615
758.773601,12.06199804397271
758.773602,12.061998695981806
758.773603,12.061999347990904
758.773604,12.062
758.97075,11.962506686853375
758.97175,11.962002018672717
758.971751,11.962001514004536
758.971752,11.962001009336358
758.971753,11.96200050466818
758.971754,11.962
759.16875,12.012741393939402
759.16975,12.012998969696971
759.169751,12.01299922727273
759.169752,12.012999484848486
759.169753,12.012999742424244
759.169754,12.013
759.36675,11.93937523232322
759.36775,11.93900149494949
759.367751,11.93900112121212
759.367752,11.939000747474743
759.367753,11.939000373737374
759.367754,11.939
759.3702,11.93807371875786
759.5648,11.86438020701846
759.5658,11.864001514768995
759.565801,11.864001136076746
759.565802,11.864000757384495
759.565803,11.86400037869225
759.565804,11.864
759.76275,11.84410143975752
759.76375,11.84400040414246
759.763751,11.844000303106844
759.763752,11.844000202071229
759.763753,11.844000101035617
759.763754,11.844
759.9608,11.934538682150988
759.9618,11.934998162080287
759.961801,11.934998621560217
759.961802,11.934999081040145
759.961803,11.934999540520073
759.961804,11.935
760.1588,11.829537494949475
760.1598,11.829002141414136
760.159801,11.829001606060602
760.159802,11.829001070707069
760.159803,11.829000535353536
760.159804,11.829
760.3568,11.752390444444432
760.3578,11.752001555555552
760.357801,11.752001166666664
760.357802,11.752000777777775
760.357803,11.752000388888888
760.357804,11.752
760.3602,11.751878989898984
760.55475,11.742053232323237
760.5558,11.742000202020208
760.555801,11.74200015151516
760.555802,11.742000101010108
760.555803,11.742000050505052
760.555804,11.742
760.7542,11.533057372116314
760.7552,11.532004212637904
760.755201,11.532003159478428
760.755202,11.532002106318952
760.755203,11.532001053159476
760.755204,11.532
760.95075,11.485329125301494
761.14905,11.438000954678175
761.149051,11.43800071600863
761.149052,11.438000477339088
761.149053,11.438000238669543
761.149054,11.438
761.15175,11.439348000000008
761.34705,11.536998000000006
761.347051,11.536998500000005
761.347052,11.536999000000003
761.347053,11.536999500000002
761.347054,11.537
761.34975,11.53706808080808
761.54505,11.541999898989898
761.545051,11.541999924242424
761.545052,11.541999949494947
761.545053,11.541999974747474
761.545054,11.542
761.5475,11.54155527272728
761.5479,11.54148254545455
761.74305,11.506000727272726
761.743051,11.506000545454544
761.743052,11.506000363636362
761.743053,11.506000181818182
761.743054,11.506
761.7457,11.50855245454548
761.94105,11.696996141414152
761.941051,11.696997106060614
761.941052,11.696998070707076
761.941053,11.69699903535354
761.941054,11.697
761.9437,11.69621412534608
762.1397,11.638001188019128
762.139701,11.638000891014345
762.139702,11.638000594009563
762.139703,11.638000297004782
762.139704,11.638
762.14235,11.635265531914866
762.3371,11.434004133738592
762.337101,11.434003100303944
762.337102,11.434002066869295
762.337103,11.43400103343465
762.337104,11.434
762.33975,11.43444055499494
762.5353,11.466999334006056
762.535301,11.466999500504542
762.535302,11.466999667003028
762.535303,11.466999833501514
762.535304,11.467
762.53975,11.469202770475242
762.5399,11.46927708796764
762.7331,11.564998018200209
762.733101,11.564998513650156
762.733102,11.564999009100102
762.733103,11.564999504550052
762.733104,11.565
762.73575,11.563075636363616
762.9311,11.421002909090902
762.931101,11.421002181818176
762.931102,11.42100145454545
762.931103,11.421000727272723
762.931104,11.421
762.93375,11.42063963682219
763.12935,11.394000544766708
763.129351,11.39400040857503
763.129352,11.394000272383352
763.129353,11.394000136191677
763.129354,11.394
763.1337,11.396439474083405
763.3271,11.504997754740778
763.327101,11.50499831605563
763.327102,11.50499887737042
763.327103,11.50499943868521
763.327104,11.505
763.32975,11.503464732593391
763.5253,11.390002320887987
763.525301,11.39000174066599
763.525302,11.390001160443994
763.525303,11.390000580221995
763.525304,11.39
763.52775,11.392107133501328
763.5279,11.392236352644872
763.7238,11.56099655415618
763.723801,11.560997415617136
763.723802,11.56099827707809
763.723803,11.560999138539046
763.723804,11.561
763.72645,11.560275803345151
763.9211,11.50700109477952
763.921101,11.50700082108464
763.921102,11.50700054738976
763.921103,11.50700027369488
763.921104,11.507
763.9238,11.505952877679691
764.11935,11.430001553593945
764.119351,11.430001165195456
764.119352,11.430000776796971
764.119353,11.430000388398485
764.119354,11.43
764.1218,11.428466612740165
764.31715,11.306002507583411
764.317151,11.30600188068756
764.317152,11.306001253791706
764.317153,11.306000626895854
764.317154,11.306
764.3198,11.305666246215957
764.51535,11.281000504540868
764.515351,11.28100037840565
764.515352,11.281000252270434
764.515353,11.281000126135217
764.515354,11.281
764.5178,11.28122236363637
764.51805,11.281245090909092
764.71335,11.298999636363638
764.713351,11.298999727272728
764.713352,11.298999818181818
764.713353,11.29899990909091
764.713354,11.299
764.7159,11.300480232558169
764.91115,11.41399767441861
764.911151,11.413998255813958
764.911152,11.413998837209306
764.911153,11.413999418604652
764.911154,11.414
764.91445,11.416195116044385
765.10935,11.545997336024223
765.109351,11.545998002018168
765.109352,11.545998668012112
765.109353,11.545999334006057
765.109354,11.546
765.11185,11.549290181818115
765.30735,11.80699472727274
765.307351,11.806996045454555
765.307352,11.80699736363637
765.307353,11.806998681818186
765.307354,11.807
765.3098,11.80780859504131
765.507,11.872998677685954
765.507001,11.872999008264468
765.507002,11.87299933884298
765.507003,11.872999669421487
765.507004,11.873
765.5094,11.872499689330285
765.50955,11.872468367710734
765.70335,11.832000835243187
765.703351,11.832000626432391
765.703352,11.832000417621591
765.703353,11.832000208810795
765.703354,11.832
765.7058,11.8314064307381
765.90115,11.78400097067745
765.901151,11.784000728008088
765.901152,11.784000485338725
765.901153,11.784000242669364
765.901154,11.784
765.90565,11.784657674653218
766.0994,11.812999414880204
766.099401,11.812999561160153
766.099402,11.812999707440104
766.099403,11.81299985372005
766.099404,11.813
766.10185,11.81218466666668
766.2974,11.74700133333333
766.297401,11.747000999999996
766.297402,11.747000666666665
766.297403,11.747000333333332
766.297404,11.747
766.29985,11.745518697956117
766.4949,11.627396063588224
766.49555,11.627002422407331
766.495551,11.627001816805516
766.495552,11.6270012112037
766.495553,11.627000605601884
766.495554,11.627
766.5001,11.622312691433017
766.693399999,11.42300412433661
766.693400999,11.423003093252456
766.693401999,11.423002062168305
766.693402999,11.423001031084151
766.693404,11.423
766.69585,11.423024707070708
766.8914,11.42499995959596
766.891401,11.42499996969697
766.891402,11.42499997979798
766.891403,11.424999989898993
766.891404,11.425
766.8933,11.425507515151512
767.0894,11.477998929292932
767.089401,11.477999196969698
767.089401999,11.477999464646466
767.089403,11.477999732323232
767.089404,11.478
767.091849999,11.479741848484824
767.2874,11.618997151515158
767.287401,11.618997863636368
767.287402,11.61899857575758
767.287403,11.61899928787879
767.287404,11.619
767.28985,11.619444278506553
767.4849,11.654872129162454
767.4856,11.654999273461131
767.485601,11.654999455095842
767.485602,11.654999636730556
767.485603,11.654999818365289
767.485604,11.655
767.4881,11.656716157735053
767.6834,11.790997249747226
767.683401,11.79099793731042
767.683402,11.790998624873614
767.683403,11.790999312436806
767.683404,11.791
767.68585,11.791012350416562
767.88145,11.79199997980308
767.881451,11.79199998485231
767.881452,11.79199998990154
767.881453,11.79199999495077
767.881454,11.792
767.88385,11.791636877999498
768.0794,11.76200060621369
768.079401,11.762000454660267
768.079401999,11.762000303106843
768.079403,11.762000151553424
768.079404,11.762
768.081849999,11.76103666750822
768.27745,11.684001575359757
768.277451,11.684001181519816
768.277452,11.684000787679878
768.277453,11.68400039383994
768.277454,11.684
768.27985,11.682174130709075
768.47495,11.533498380015097
768.4756,11.533003048195804
768.475601,11.533002286146852
768.475602,11.533001524097902
768.475603,11.53300076204895
768.475604,11.533
768.48005,11.532887727272726
768.67295,11.528016515151515
768.6736,11.528000101010102
768.673601,11.528000075757577
768.673602,11.528000050505051
768.673603,11.528000025252526
768.673604,11.528
768.87145,11.447001637604242
768.871451,11.447001228203185
768.871452,11.447000818802122
768.871453,11.447000409401062
768.871454,11.447
768.87385,11.445948009083988
769.06895,11.36028714610146
769.069599999,11.360001756245264
769.069601,11.360001317183947
769.069602,11.360000878122632
769.069603,11.360000439061317
769.069604,11.36
769.26745,11.430998564569125
769.267451,11.43099892342684
769.267452,11.430999282284562
769.267453,11.43099964114228
769.267454,11.431
769.2699,11.430469334006062
769.46495,11.388152734611488
769.46565,11.388000867810293
769.465651,11.388000650857718
769.465652,11.388000433905145
769.465653,11.388000216952571
769.465654,11.388
769.46815,11.385049436726373
769.66295,11.154773104319336
769.6636,11.154004728466909
769.663601,11.154003546350214
769.663602,11.154002364233389
769.663603,11.154001182116692
769.663604,11.154
769.86145,11.074001617386903
769.861451,11.074001213040178
769.861452,11.074000808693452
769.861453,11.074000404346728
769.861454,11.074
769.8639,11.075690726538902
770.059,11.2105479414733
770.05965,11.210997235116052
770.059651,11.210997926337038
770.059652,11.210998617558026
770.059653,11.210999308779012
770.059654,11.211
770.25825,11.371511827309185
770.25885,11.371996767068282
770.258851,11.371997575301211
770.258852,11.37199838353414
770.258853,11.37199919176707
770.258854,11.372
770.455,11.20551267090212
770.4556,11.205003395171529
770.455601,11.205002546378648
770.455602,11.205001697585764
770.455603,11.205000848792883
770.455604,11.205
770.4581,11.207294303030364
770.653,11.386444808080851
770.6536,11.386996323232331
770.653601,11.38699724242425
770.653602,11.386998161616166
770.653603,11.386999080808083
770.653604,11.387
770.851,11.415889649255613
770.85175,11.415999414584912
770.851751,11.415999560938683
770.851752,11.415999707292457
770.851753,11.415999853646229
770.851754,11.416
771.049,11.243571712986403
771.04965,11.243003496715504
771.049651,11.243002622536627
771.049652,11.243001748357752
771.049653,11.243000874178875
771.049654,11.243
771.247,11.050637484848428
771.24765,11.050003898989887
771.247651,11.050002924242415
771.247652,11.050001949494945
771.247653,11.050000974747473
771.247654,11.05
771.445,11.10083154545456
771.44565,11.100998969696974
771.445651,11.10099922727273
771.445652,11.100999484848488
771.445653,11.100999742424245
771.445654,11.101
771.4481,11.101494141414156
771.643,11.140867878787867
771.64365,11.140999191919173
771.643651,11.140999393939373
771.643652,11.140999595959574
771.643653,11.140999797979775
771.643654,11.141
771.841,11.329233126419364
771.8418,11.329996184708564
771.841801,11.329997138531423
771.841802,11.329998092354282
771.841803,11.32999904617714
771.841804,11.33
772.03905,11.388819883750298
772.03965,11.388998807177158
772.039651,11.388999105382869
772.039652,11.38899940358858
772.039653,11.38899970179429
772.039654,11.389
772.237,11.49464987878791
772.23765,11.494997858585863
772.237651,11.4949983939394
772.237652,11.494998929292931
772.237653,11.494999464646469
772.237654,11.495
772.435,11.284962138713736
772.4359,11.284004257250936
772.435901,11.284003192938204
772.435902,11.284002128625469
772.435903,11.284001064312736
772.435904,11.284
772.43835,11.284210275600504
772.633,11.300943777496844
772.63365,11.30099965613148
772.633651,11.300999742098613
772.633652,11.30099982806574
772.633653,11.30099991403287
772.633654,11.301
772.831,11.4503913701741
772.8318,11.450996971990923
772.831801,11.450997728993194
772.831802,11.450998485995465
772.831803,11.450999242997732
772.831804,11.451
773.02905,11.396209444444452
773.0298,11.39600111111111
773.029801,11.396000833333332
773.029802,11.396000555555554
773.029803,11.396000277777778
773.029804,11.396
773.22705,11.28536682162705
773.2277,11.285002243557347
773.227701,11.28500168266801
773.227702,11.285001121778674
773.227703,11.285000560889335
773.227704,11.285
773.42505,11.264095757881462
773.42595,11.264000423707438
773.425951,11.264000317780578
773.425952,11.26400021185372
773.425953,11.26400010592686
773.425954,11.264
773.42835,11.263302194325892
773.62445,11.20619046949537
773.6251,11.206001164951072
773.625101,11.206000873713313
773.625102,11.20600058247552
773.625103,11.20600029123776
773.625103999,11.206
773.821049999,11.16417162897078
773.82185,11.164000853875477
773.821851,11.164000640406606
773.821852,11.164000426937736
773.821852999,11.164000213468867
773.821854,11.164
774.01905,11.101255818181825
774.01985,11.10100127272727
774.019851,11.101000954545452
774.019852,11.101000636363636
774.019853,11.101000318181818
774.019854,11.101
774.21705,11.090044666666667
774.21785,11.09000022222222
774.217851,11.090000166666666
774.217852,11.090000111111111
774.217853,11.090000055555556
774.217854,11.09
774.41505,10.993442645128718
774.41595,10.99300195860676
774.415951,10.99300146895507
774.415952,10.99300097930338
774.415953,10.99300048965169
774.415954,10.993
774.4183,10.992419424242428
774.61305,10.944223717171717
774.61395,10.944000989898989
774.613951,10.944000742424242
774.613952,10.944000494949494
774.613953,10.944000247474747
774.613954,10.944
774.81105,11.077455603840312
774.81185,11.0779972915614
774.811851,11.07799796867105
774.811852,11.0779986457807
774.811853,11.07799932289035
774.811854,11.078
775.0091,11.146737242424232
775.00985,11.14699860606061
775.009851,11.146998954545458
775.009852,11.146999303030306
775.009853,11.146999651515152
775.009854,11.147
775.2071,11.13119661492238
775.20955,11.13100032048072
775.209551,11.13100024036054
775.209552,11.13100016024036
775.209553,11.13100008012018
775.209554,11.131
775.4051,11.122039134419552
775.40595,11.122000183299388
775.405951,11.122000137474542
775.405952,11.122000091649694
775.405953,11.122000045824848
775.405954,11.122
775.4083,11.12176303030303
775.6031,11.102086262626264
775.60395,11.102000404040403
775.603951,11.102000303030303
775.603952,11.102000202020202
775.603953,11.102000101010102
775.603954,11.102
775.8011,11.141847599797872
775.80185,11.141999191510866
775.801851,11.14199939363315
775.801852,11.141999595755433
775.801853,11.141999797877716
775.801854,11.142
775.9991,11.053338919191932
775.99985,11.053001797979794
775.999851,11.053001348484846
775.999852,11.053000898989897
775.999853,11.053000449494949
775.999854,11.053
776.19865,11.174386946946967
776.19965,11.174997557557564
776.199651,11.174998168168171
776.199652,11.174998778778782
776.199653,11.174999389389392
776.199654,11.175
776.3951,10.986019134860005
776.39615,10.985003867684467
776.396151,10.985002900763352
776.396152,10.985001933842234
776.396153,10.985000966921117
776.396154,10.985
776.3986,10.987287136719702
776.5931,11.169154713166549
776.594,11.169996259792782
776.594001,11.169997194844589
776.594002,11.16999812989639
776.594003,11.169999064948197
776.594003999,11.17
776.7911,11.262505314155964
776.79215,11.262998122634372
776.792151,11.26299859197578
776.792152,11.262999061317188
776.792153,11.262999530658591
776.792154,11.263
776.98915,11.151427044247804
776.9899,11.15100226548672
776.989901,11.15100169911504
776.989902,11.15100113274336
776.989903,11.15100056637168
776.989904,11.151
777.18715,11.34003778058
777.18815,11.340996166456506
777.188151,11.34099712484238
777.188152,11.340998083228254
777.188153,11.340999041614127
777.188154,11.341
777.38515,11.3240862020202
777.38615,11.324000343434342
777.386151,11.324000257575756
777.386152,11.324000171717172
777.386153,11.324000085858586
777.386154,11.324
777.3886,11.324593419257004
777.5831,11.371780682335103
777.584,11.371999029567856
777.584001,11.371999272175891
777.584002,11.371999514783928
777.584003,11.371999757391963
777.584004,11.372
777.7811,11.368021276810495
777.78215,11.368000080746908
777.782151,11.36800006056018
777.782152,11.368000040373454
777.782153,11.368000020186727
777.782154,11.368
777.97915,11.280446222222256
777.98015,11.280001777777825
777.980151,11.28000133333338
777.980152,11.280000888888935
777.980153,11.280000444444491
777.980154,11.28
778.17715,11.207370161616192
778.17815,11.207001474747472
778.178151,11.207001106060604
778.178152,11.207000737373736
778.178153,11.207000368686868
778.178154,11.207
778.37515,11.379079313304764
778.3762,11.379996505932857
778.376201,11.37999737944964
778.376202,11.379998252966429
778.376203,11.379999126483217
778.376204,11.38
778.3806,11.376313533720602
778.57315,11.214841949987342
778.57415,11.214003354382411
778.574151,11.21400251578681
778.574152,11.214001677191206
778.574153,11.214000838595604
778.574154,11.214
778.77115,11.238866952789706
778.7722,11.238999495077003
778.772201,11.238999621307752
778.772202,11.238999747538502
778.772203,11.23899987376925
778.772204,11.239
778.96915,11.221095818181825
778.9702,11.221000363636373
778.970201,11.221000272727284
778.970202,11.221000181818193
778.970203,11.22100009090909
778.970204,11.221
779.16715,11.152367303030328
779.1682,11.152001393939392
779.168201,11.152001045454544
779.168202,11.152000696969695
779.168203,11.15200034848485
779.168204,11.152
779.36515,11.072405759030092
779.36615,11.072001616569835
779.366151,11.07200121242738
779.366152,11.07200080828492
779.366153,11.07200040414246
779.366154,11.072
779.36855,11.07184268686869
779.56315,11.059065919191918
779.56415,11.059000262626263
779.564151,11.059000196969697
779.564152,11.059000131313132
779.564153,11.059000065656566
779.564154,11.059
779.7612,11.126621135503427
779.7623,11.126998627302552
779.762301,11.126998970476915
779.762302,11.126999313651275
779.762303,11.12699965682564
779.762304,11.127
779.9592,11.166797069226888
779.9602,11.166999191510866
779.960201,11.16699939363315
779.960202,11.166999595755431
779.960203,11.166999797877716
779.960204,11.167
780.1572,11.16898835225839
780.15835,11.168999959626548
780.158351,11.16899996971991
780.158352,11.168999979813274
780.158353,11.168999989906636
780.158354,11.169
780.3552,11.081468681152076
780.35625,11.081001778676097
780.356251,11.08100133400707
780.356252,11.081000889338046
780.356253,11.081000444669025
780.356254,11.081
780.3586,11.07932894165194
780.5532,10.940715150290451
780.5542,10.940002849204337
780.554201,10.940002136903251
780.554202,10.940001424602167
780.554203,10.940000712301083
780.554204,10.94
780.7512,10.95046658064516
780.94945,10.96099978747628
780.949451,10.960999840607212
780.949452,10.96099989373814
780.949453,10.960999946869071
780.949454,10.961
780.95205,10.957645289256297
781.1491,10.703005169045964
781.149101,10.703003876784509
781.149102,10.703002584523055
781.149103,10.703001292261456
781.149104,10.703
781.1517,10.702933910386967
781.3455,10.698000101832994
781.345501,10.698000076374743
781.345502,10.698000050916498
781.345503,10.69800002545825
781.345504,10.698
781.3481,10.697436222222214
781.5435,10.655000868686866
781.543501,10.655000651515149
781.543502,10.655000434343432
781.543503,10.655000217171716
781.543504,10.655
781.54585,10.65334121212122
781.5462,10.653093737373728
781.7415,10.515002828282904
781.741501,10.515002121212197
781.741502,10.51500141414141
781.741503,10.515000707070708
781.741504,10.515
781.74405,10.514974308779012
781.9397,10.51300004036327
781.939701,10.513000030272451
781.939702,10.513000020181634
781.939703,10.513000010090815
781.939704,10.513
781.94205,10.511446279069776
782.1375,10.38200264914054
782.137501,10.382001986855403
782.137502,10.38200132457027
782.137503,10.382000662285137
782.137504,10.382
782.14005,10.382771515151497
782.3355,10.441998787878791
782.335501,10.441999090909093
782.335502,10.441999393939396
782.335503,10.441999696969695
782.335504,10.442
782.3381,10.439823555555522
782.5335,10.276003353535344
782.533501,10.276002515151507
782.533502,10.276001676767672
782.533503,10.276000838383837
782.533504,10.276
782.53585,10.275929496619083
782.5362,10.27591897821187
782.73315,10.270000120210367
782.733151,10.270000090157776
782.733152,10.270000060105184
782.733153,10.270000030052593
782.733154,10.27
782.73575,10.269471686593734
782.9297,10.230000814042226
782.929701,10.23000061053167
782.929702,10.230000407021114
782.929703,10.230000203510556
782.929704,10.23
782.9321,10.229636694465508
783.12755,10.20000060652009
783.127551,10.200000454890068
783.127552,10.200000303260046
783.127553,10.200000151630023
783.127554,10.2
783.1301,10.200012845610496
783.32575,10.200999979818365
783.325751,10.200999984863774
783.325752,10.200999989909183
783.325753,10.200999994954593
783.325754,10.201
783.33,10.197779266750972
783.5235,10.051003034134
783.523501,10.0510022756005
783.523502,10.051001517067
783.523503,10.0510007585335
783.523504,10.051
783.52585,10.050585303030305
783.52625,10.050514595959596
783.7215,10.016000707070706
783.721501,10.016000530303028
783.721502,10.016000353535352
783.721503,10.016000176767676
783.721504,10.016
783.726,10.015183576292555
783.91975,9.98000072635561
783.919751,9.980000544766709
783.919752,9.980000363177805
783.919753,9.980000181588904
783.919754,9.98
783.9221,9.978388606060614
784.11775,9.84400274747474
784.117751,9.844002060606057
784.117752,9.84400137373737
784.117753,9.844000686868684
784.117754,9.844
784.1201,9.844497636363633
784.31575,9.885999151515133
784.315751,9.885999363636342
784.315752,9.885999575757554
784.315753,9.885999787878765
784.315754,9.886
784.32005,9.8813568484849
784.51375,9.672004323232311
784.513751,9.672003242424235
784.513752,9.672002161616156
784.513753,9.672001080808078
784.513754,9.672
784.51615,9.673586835187043
784.5163,9.673686177957494
784.71155,9.802997350859462
784.711551,9.802998013144595
784.711552,9.80299867542973
784.711553,9.802999337714866
784.711554,9.803
784.716,9.800936266397564
784.90975,9.71100185671039
784.909751,9.711001392532792
784.909752,9.711000928355194
784.909753,9.711000464177598
784.909754,9.711
784.91215,9.709487755617284
785.1078,9.58600252461499
785.107801,9.586001893461242
785.107802,9.586001262307494
785.107803,9.586000631153748
785.107804,9.586
785.11015,9.58622359668924
785.30715,9.604999618760964
785.307151,9.60499971407072
785.307152,9.604999809380477
785.307153,9.604999904690231
785.307154,9.605
785.30975,9.602240966183654
785.5038,9.39600425120772
785.503801,9.396003188405787
785.503802,9.39600212560386
785.503803,9.39600106280193
785.503804,9.396
785.50615,9.39654503030303
785.5063,9.396579878787868
785.7018,9.441999070707071
785.701801,9.441999303030306
785.701802,9.441999535353537
785.701803,9.44199976767677
785.701804,9.442
785.70415,9.4398785855014
785.89975,9.26300361707501
785.899751,9.263002712806257
785.899752,9.263001808537505
785.899753,9.263000904268752
785.899754,9.263
785.9021,9.262751244635194
786.0978,9.24200042413532
786.097801,9.24200031810149
786.097802,9.24200021206766
786.097802999,9.24200010603383
786.097804,9.242
786.10015,9.239394637318671
786.2953,9.02266977488752
786.2977,9.0200044422211
786.297701,9.020003331665825
786.297702,9.020002221110548
786.297703,9.020001110555274
786.297704,9.02
786.49385,8.866003140453726
786.493851,8.866002355340294
786.493852,8.866001570226864
786.493853,8.866000785113432
786.493854,8.866
786.49615,8.860503515151512
786.4963,8.860144424242511
786.69185,8.392009575757552
786.691851,8.392007181818164
786.691852,8.392004787878776
786.691853,8.392002393939388
786.691854,8.392
786.6942,8.389998896136486
786.89115,8.222003411941786
786.891151,8.22200255895634
786.891152,8.222001705970893
786.891153,8.222000852985447
786.891154,8.222
786.8935,8.21802736842107
787.087799999,7.88900677345536
787.087801,7.889005080091521
787.087802,7.889003386727681
787.087803,7.88900169336384
787.087803999,7.889
787.09015,7.882424090909122
787.2858,7.334011212121184
787.285801,7.334008409090888
787.285802,7.334005606060592
787.285803,7.334002803030296
787.285804,7.334
787.28605,7.3334582582581245
787.48335,6.898963763763998
787.4856,6.894008808809037
787.485601,6.89400660660684
787.485602,6.894004404404644
787.485603,6.894002202202197
787.485604,6.894
787.488,6.889262940127435
787.68185,6.506007908280235
787.681851,6.506005931210177
787.681852,6.506003954140118
787.681853,6.506001977070059
787.681854,6.506
787.6842,6.499845206922528
787.88055,5.984715786305635
787.8812,5.983010494105818
787.881201,5.983007870579364
787.881202,5.983005247052909
787.881203,5.983002623526455
787.881204,5.9830000000000005
788.077849999,5.6000077904907
788.077851,5.6000058428680255
788.077852,5.600003895245351
788.077853,5.600001947622675
788.077853999,5.6000000000000005
788.0802,5.598246424242433
788.27585,5.452002989898983
788.275851,5.4520022424242365
788.275852,5.452001494949491
788.275853,5.452000747474745
788.275854,5.452
788.2761,5.451549341407913
788.47335,5.090198092354377
788.474,5.089007327781966
788.474001,5.089005495836474
788.474002,5.089003663890983
788.474003,5.089001831945492
788.474004,5.089
788.47635,5.086177922668703
788.67185,4.8510048117260425
788.671851,4.8510036087945325
788.671852,4.851002405863022
788.671853,4.851001202931511
788.671854,4.851
788.6742,4.84738894776686
788.8694,4.5469296997223605
788.87,4.546006156951789
788.870001,4.546004617713842
788.870002,4.546003078475895
788.870003,4.546001539237947
788.870004,4.546
789.06785,3.753016032347698
789.067850999,3.753012024260773
789.067852,3.753008016173849
789.067853,3.7530040080869247
789.067854,3.753
789.0702,3.747365812310826
789.2654,3.278570655903258
789.26605,3.277009606458099
789.266051,3.2770072048435743
789.266052,3.2770048032290497
789.266053,3.2770024016145247
789.266054,3.277
789.46335,3.108558353119521
789.464,3.1080034150037803
789.464001,3.1080025612528352
789.464002,3.10800170750189
789.464003,3.108000853750945
789.464004,3.108
789.46845,3.1034866363636056
789.66135,2.907663909090964
789.662,2.9070040606060505
789.662001,2.907003045454538
789.662002,2.9070020303030253
789.662003,2.9070010151515127
789.662004,2.907
789.85935,2.7973910123705736
789.86005,2.797002221661191
789.860051,2.7970016662458934
789.860052,2.797001110830596
789.860053,2.797000555415298
789.860054,2.797
790.0574,2.81892733333334
790.05805,2.8189995555555565
790.058051,2.8189996666666675
790.058052,2.8189997777777784
790.058053,2.818999888888889
790.058054,2.819
790.2554,2.649561515151561
790.25605,2.6490034343434257
790.256051,2.649002575757569
790.256052,2.649001717171713
790.256053,2.6490008585858567
790.256054,2.649
790.4534,2.5433501212121503
790.45405,2.543002141414136
790.454051,2.543001606060602
790.454052,2.543001070707068
790.454053,2.543000535353534
790.454054,2.543
790.4564,2.540819878787889
790.6514,2.359607757575702
790.65205,2.359003717171708
790.652051,2.3590027878787807
790.652052,2.359001858585854
790.652053,2.359000929292927
790.652054,2.359
790.8494,2.1726176666666106
790.85005,2.1720037777777685
790.850051,2.1720028333333263
790.850052,2.172001888888884
790.850053,2.1720009444444424
790.850054,2.172
791.0491,2.1560523985978923
791.04975,2.1560003204807203
791.049751,2.1560002403605405
791.049752,2.15600016024036
791.049753,2.1560000801201804
791.049754,2.156
791.2454,2.068293183902215
791.24605,2.068001793173709
791.246051,2.068001344880282
791.246052,2.0680008965868546
791.246053,2.0680004482934278
791.246054,2.068
791.4434,2.1885698863923
791.4441,2.1889975561726898
791.444101,2.1889981671295176
791.444102,2.188998778086345
791.444103,2.1889993890431727
791.444104,2.189
791.44645,2.189936266734019
791.6414,2.267738994695609
791.64205,2.267998403637286
791.642051,2.267998802727965
791.642052,2.2679992018186432
791.642053,2.267999600909322
791.642054,2.268
791.8394,2.315805238455739
791.8402,2.3159990310370957
791.840201,2.3159992732778214
791.840202,2.3159995155185475
791.840203,2.3159997577592737
791.840204,2.316
792.03745,2.449557170288065
792.0381,2.449997291561401
792.038101,2.449997968671051
792.038102,2.449998645780701
792.038103,2.4499993228903505
792.038104,2.45
792.2366,2.835992221662488
792.236601,2.835994166246866
792.236602,2.835996110831244
792.236603,2.835998055415622
792.236604,2.836
792.23895,2.8385063594936586
792.43345,3.046301296202474
792.4341,3.0469957265822893
792.434101,3.046996794936717
792.434102,3.046997863291145
792.434103,3.046998931645573
792.434104,3.047
792.43645,3.050946542056056
792.63145,3.3789839252335327
792.63205,3.3799932710280545
792.632051,3.3799949532710407
792.632052,3.379996635514027
792.632053,3.3799983177570136
792.632054,3.38
792.82945,3.653953570527496
792.8302,3.6549944486500263
792.830201,3.65499583648752
792.830202,3.6549972243250135
792.830203,3.654998612162507
792.830204,3.655
793.02745,3.941903272727231
793.0282,3.9429941818181966
793.028201,3.942995636363648
793.028202,3.942997090909098
793.028203,3.942998545454549
793.028204,3.943
793.22545,4.016662397173862
793.22635,4.01699850618219
793.226351,4.016998879636642
793.226352,4.016999253091095
793.226353,4.016999626545547
793.226354,4.017
793.42345,4.2111096969697055
793.42435,4.211996060606071
793.424351,4.211997045454552
793.424352,4.211998030303035
793.424353,4.211999015151517
793.424354,4.212
793.42865,4.210240768452955
793.62145,4.131288291203253
793.62215,4.131001638018196
793.622151,4.131001228513648
793.622152,4.131000819009098
793.622153,4.13100040950455
793.622154,4.131
793.819449999,4.298318162544252
793.82025,4.29899660777386
793.820250999,4.298997455830396
793.820252,4.298998303886931
793.820252999,4.298999151943465
793.820254,4.299
794.0175,4.521290758827999
794.0199,4.523995492111206
794.019901,4.5239966190834044
794.019902,4.523997746055603
794.019903,4.523998873027802
794.019904,4.524
794.21585,4.575774349593496
794.2167,4.575998943089434
794.216701,4.575999207317076
794.216702,4.575999471544717
794.216703,4.575999735772359
794.216704,4.5760000000000005
794.4135,5.966963885656434
794.41435,5.972971727801741
794.414351,5.972978795851306
794.414352,5.97298586390087
794.414353,5.972992931950435
794.414354,5.973
794.4167,5.972228874841976
794.6121,5.908001314791401
794.612101,5.90800098609355
794.612102,5.9080006573957
794.612103,5.908000328697851
794.612104,5.908
794.6147,5.910135493313087
794.80945,6.070338622255853
794.81025,6.07099670956347
794.810251,6.070997532172602
794.810252,6.070998354781735
794.810253,6.070999177390867
794.810254,6.071
795.0075,6.375757768240319
795.0083,6.376993819742505
795.008301,6.376995364806879
795.008302,6.376996909871252
795.008303,6.376998454935626
795.008304,6.377
795.2055,6.606829848637779
795.2065,6.607995338042394
795.206501,6.607996503531796
795.206502,6.607997669021197
795.206503,6.607998834510599
795.206504,6.6080000000000005
795.4035,6.517415684689233
795.4044,6.51700183931278
795.404401,6.517001379484585
795.404402,6.517000919656391
795.404403,6.517000459828195
795.404404,6.517
795.40675,6.519997666666653
795.6015,6.7688448888889
795.6024,6.769994888888903
795.602401,6.769996166666677
795.602402,6.769997444444451
795.602403,6.769998722222226
795.602404,6.7700000000000005
795.7995,7.277928044467154
795.8003,7.279989691763543
795.800301,7.2799922688226575
795.800302,7.279994845881772
795.800303,7.279997422940886
795.800304,7.28
795.9975,7.55487927272725
795.9983,7.55599442424228
795.998301,7.555995818181829
795.998302,7.555997212121219
795.998303,7.5559986060606095
795.998304,7.556
796.1955,7.83053264060536
796.19655,7.831994431273658
796.196551,7.831995823455244
796.196552,7.831997215636829
796.196553,7.831998607818415
796.196554,7.832
796.3935,8.089816598433167
796.3944,8.090994763709894
796.394401,8.09099607278242
796.394402,8.090997381854947
796.394403,8.090998690927472
796.394404,8.091
796.3988,8.098992727272805
796.5915,8.44935636363638
796.5924,8.450992727272746
796.592401,8.45099454545456
796.592402,8.450996363636373
796.592403,8.450998181818187
796.592404,8.451
796.78955,8.76978079838316
796.7903,8.77099353208693
796.790301,8.770995149065197
796.790302,8.770996766043465
796.790303,8.770998383021732
796.790304,8.771
796.9887,8.900507808184766
796.98945,8.900997388902843
796.989451,8.900998041677132
796.989452,8.900998694451422
796.989453,8.90099934722571
796.989454,8.901
797.18555,8.83334638254692
797.18655,8.833001380010144
797.186551,8.833001035007609
797.186552,8.833000690005072
797.186553,8.833000345002537
797.186554,8.833
797.38355,8.866827595959602
797.38455,8.866999313131316
797.384551,8.866999484848487
797.384552,8.866999656565659
797.384553,8.866999828282829
797.384554,8.867
797.387,8.86775413697248
797.58155,8.927736699519837
797.5824,8.927998766742485
797.582401,8.927999075056864
797.582402,8.927999383371244
797.582403,8.927999691685622
797.582404,8.928
797.77955,8.887207741609908
797.78055,8.887000827655815
797.780551,8.887000620741862
797.780552,8.887000413827908
797.780553,8.887000206913955
797.780554,8.887
797.97755,9.227669774436208
797.98005,9.231993082706785
797.980051,9.231994812030088
797.980052,9.231996541353393
797.980053,9.231998270676696
797.980054,9.232
798.1761,9.399101613394256
798.17715,9.399996590563177
798.177151,9.39999744292238
798.177152,9.399998295281588
798.177153,9.399999147640791
798.177154,9.4
798.37355,9.606889683464216
798.3746,9.607995786275016
798.374601,9.607996839706264
798.374602,9.60799789313751
798.374603,9.607998946568754
798.374604,9.608
798.377,9.611972140510638
798.57155,9.93450132928988
798.57245,9.935993368713689
798.572451,9.935995026535268
798.572452,9.935996684356844
798.572453,9.935998342178422
798.572454,9.936
798.76955,10.14289360585408
798.7706,10.143995801160749
798.770601,10.14399685087056
798.770602,10.143997900580374
798.770603,10.143998950290188
798.770604,10.144
798.9676,10.286274888888912
798.9686,10.28699711111112
798.968601,10.28699783333334
798.968602,10.28699855555556
798.968603,10.28699927777778
798.968604,10.287
799.167,10.405400822467422
799.168,10.405997612838522
799.168001,10.405998209628892
799.168002,10.40599880641926
799.168003,10.40599940320963
799.168004,10.406
799.3636,10.496535279755864
799.3646,10.496998148524929
799.364601,10.496998611393696
799.364602,10.496999074262463
799.364603,10.496999537131233
799.364604,10.497
799.36695,10.499227515151505
799.5616,10.684046707070632
799.5626,10.684996202020104
799.562601,10.684997151515052
799.562602,10.68499810101
799.562603,10.684999050505054
799.562604,10.685
799.7596,10.872046707070632
799.7606,10.872996202020213
799.760601,10.87299715151516
799.760602,10.872998101010108
799.760603,10.872999050505054
799.760604,10.873
799.9576,10.901852949494955
799.9586,10.901999414141416
799.958601,10.901999560606065
799.958602,10.90199970707071
799.958603,10.901999853535354
799.958604,10.902
800.1556,11.03333066666669
800.1566,11.03399733333334
800.156601,11.033998000000006
800.156602,11.03399866666667
800.156603,11.033999333333336
800.156604,11.034
800.3536,11.077776888888897
800.3546,11.077999111111112
800.354601,11.077999333333334
800.354602,11.077999555555555
800.354603,11.077999777777778
800.354604,11.078
800.357,11.078727438330162
800.5516,11.137809032258064
800.74985,11.19799878557875
800.749851,11.197999089184064
800.749852,11.197999392789376
800.749853,11.197999696394689
800.749854,11.198
800.75245,11.199363211310295
800.9479,11.301997899520329
800.947901,11.301998424640246
800.947902,11.301998949760163
800.947903,11.301999474880082
800.947904,11.302
800.95045,11.301845696969693
801.1459,11.290000242424243
801.145901,11.290000181818185
801.145902,11.290000121212122
801.145903,11.290000060606062
801.145904,11.29
801.14845,11.29122156565659
801.3439,11.384998080808083
801.343901,11.384998560606064
801.343902,11.384999040404043
801.343903,11.38499952020202
801.343904,11.385
801.3465,11.384672222222232
801.5419,11.360000505050504
801.541901,11.360000378787875
801.541902,11.360000252525252
801.541903,11.360000126262625
801.541904,11.36
801.54425,11.36053318181818
801.5446,11.36061272727273
801.7399,11.404999090909092
801.739901,11.40499931818182
801.739902,11.404999545454546
801.739903,11.404999772727273
801.739904,11.405
801.7425,11.405793168044088
801.93955,11.46599877786126
801.939551,11.465999083395946
801.939552,11.465999388930632
801.939553,11.465999694465316
801.939554,11.466
801.9422,11.46531272727272
802.1359,11.415001038961035
802.135901,11.415000779220778
802.135902,11.41500051948052
802.135903,11.41500025974026
802.135904,11.415
802.1385,11.415930888888903
802.3339,11.48599856565653
802.333901,11.485998924242429
802.333902,11.485999282828285
802.333903,11.485999641414145
802.333904,11.486
802.3365,11.4851657343711
802.53305,11.422001285463216
802.533051,11.422000964097412
802.533052,11.422000642731607
802.533053,11.422000321365804
802.533054,11.422
802.5354,11.422607802895604
802.53575,11.422698481076967
802.7299,11.47299896367793
802.729901,11.472999222758448
802.729902,11.472999481838963
802.729903,11.472999740919484
802.729904,11.473
802.7325,11.473615445145027
802.92815,11.519999051702396
802.928151,11.519999288776798
802.928152,11.5199995258512
802.928153,11.5199997629256
802.928154,11.52
802.9306,11.521324482326378
803.1276,11.627997834043626
803.127601,11.62799837553272
803.127602,11.627998917021811
803.127603,11.627999458510908
803.127604,11.628
803.1302,11.626243357924166
803.32415,11.495002706690403
803.324151,11.495002030017805
803.324152,11.495001353345202
803.324153,11.495000676672602
803.324154,11.495
803.32655,11.493655429727012
803.52195,11.384002244691604
803.521951,11.384001683518704
803.521952,11.3840011223458
803.521953,11.3840005611729
803.521954,11.384
803.52435,11.385597333333315
803.52475,11.385863999999993
803.71995,11.51599733333334
803.719951,11.515998000000003
803.719952,11.51599866666667
803.719953,11.515999333333337
803.719954,11.516
803.7226,11.516146814627996
803.9182,11.52699977805801
803.918201,11.526999833543508
803.918202,11.526999889029003
803.918203,11.526999944514504
803.918204,11.527
803.9206,11.52890226042982
804.11595,11.68399682427308
804.115951,11.683997618204812
804.115952,11.68399841213654
804.115953,11.683999206068272
804.115954,11.684
804.1186,11.680555660948505
804.31415,11.426005206861742
804.314151,11.426003905146308
804.314152,11.426002603430872
804.314153,11.426001301715436
804.314154,11.426
804.31855,11.429133650151698
804.51195,11.566997148634991
804.511951,11.566997861476244
804.511952,11.566998574317497
804.511953,11.566999287158747
804.511954,11.567
804.5143,11.568611393939388
804.51465,11.568851797979807
804.70995,11.70299725252526
804.709951,11.702997939393944
804.709952,11.702998626262628
804.709953,11.702999313131317
804.709954,11.703
804.71255,11.70233234493191
804.90825,11.652001028744325
804.908251,11.652000771558244
804.908252,11.652000514372164
804.908253,11.65200025718608
804.908254,11.652
804.9106,11.652462207628188
805.1062,11.690999211922206
805.106201,11.690999408941654
805.106202,11.690999605961103
805.106203,11.690999802980553
805.106204,11.691
805.1086,11.692512626262612
805.3042,11.815997474747482
805.304201,11.815998106060611
805.304202,11.81599873737374
805.304203,11.815999368686873
805.304204,11.816
805.30655,11.816672138728322
805.50315,11.872998853983416
805.503151,11.872999140487565
805.503152,11.87299942699171
805.503153,11.872999713495854
805.503154,11.873
805.5055,11.874918750317493
805.50565,11.875041432562918
805.7,12.033996728473468
805.700001,12.0339975463551
805.700002,12.033998364236734
805.700003,12.033999182118366
805.700004,12.034
805.70255,12.031674944500562
805.8982,11.853003652875977
805.898201,11.85300273965701
805.898202,11.85300182643804
805.898203,11.853000913218969
805.898204,11.853
805.90055,11.85335234042553
806.097949999,11.882999399249064
806.097951,11.882999549436798
806.097952,11.882999699624532
806.097953,11.882999849812268
806.097953999,11.883
806.09815,11.88303795159235
806.2942,11.920999225477708
806.294201,11.92099941910828
806.294202,11.920999612738854
806.294203,11.920999806369426
806.294204,11.921
806.29655,11.920229848484851
806.4922,11.85600131313131
806.492201,11.856000984848482
806.492202,11.856000656565657
806.492203,11.856000328282828
806.492204,11.856
806.49455,11.858310454545444
806.4947,11.858458181818246
806.6902,12.05099606060607
806.690201,12.050997045454553
806.690202,12.050998030303036
806.690203,12.050999015151518
806.690204,12.051
806.69255,12.051995272727268
806.8882,12.134998303030308
806.888201,12.13499872727273
806.888202,12.134999151515151
806.888203,12.134999575757575
806.888204,12.135
806.8906,12.13578636707905
807.08625,12.199998687200209
807.086251,12.199999015400156
807.086251999,12.199999343600105
807.086253,12.199999671800052
807.086254,12.2
807.0865,12.199867161241514
807.28375,12.093353156699438
807.2844,12.093002159979807
807.284401,12.093001619984856
807.284402,12.093001079989904
807.284403,12.093000539994952
807.284404,12.093
807.48225,12.038001111953498
807.482251,12.038000833965125
807.482252,12.03800055597675
807.482253,12.038000277988374
807.482254,12.038
807.4846,12.037763030303031
807.48475,12.037747878787872
807.68025,12.018000404040404
807.680251,12.018000303030304
807.680252,12.018000202020202
807.680253,12.018000101010102
807.680254,12.018
807.68085,12.018177595959624
807.87825,12.07699880808081
807.878251,12.076999106060608
807.878252,12.076999404040404
807.878253,12.076999702020204
807.878254,12.077
807.8806,12.078398121212182
808.07625,12.194997616161622
808.076251,12.194998212121217
808.076251999,12.194998808080811
808.076253,12.194999404040406
808.076254,12.195
808.076699999,12.195234085288927
808.27375,12.298656744890266
808.2744,12.298997900580371
808.274401,12.29899842543528
808.274402,12.298998950290189
808.274403,12.298999475145092
808.274404,12.299
808.47175,12.361791909090927
808.4724,12.36199872727273
808.472401,12.361999045454548
808.472402,12.361999363636365
808.472403,12.361999681818183
808.472404,12.362
808.47475,12.360352228398188
808.6703,12.22300280949974
808.670301,12.223002107124806
808.670302,12.223001404749873
808.670303,12.223000702374936
808.670304,12.223
808.6705,12.223112763058332
808.8678,12.336623739591188
808.86845,12.336997698713102
808.868451,12.336998274034826
808.868452,12.33699884935655
808.868453,12.336999424678275
808.868454,12.337
809.0658,12.173541696969648
809.06645,12.173003313131304
809.066451,12.173002484848478
809.066452,12.173001656565653
809.066452999,12.173000828282824
809.066454,12.173
809.2638,12.266689515151542
809.26445,12.266998101010106
809.264451,12.26699857575758
809.264452,12.266999050505053
809.264453,12.266999525252526
809.264454,12.267
809.4618,12.271983484848487
809.46245,12.2719998989899
809.462451,12.271999924242424
809.462452,12.27199994949495
809.462453,12.271999974747477
809.462454,12.272
809.4648,12.26987912121203
809.6598,12.09359124242429
809.66045,12.093003616161608
809.660451,12.093002712121203
809.660452,12.093001808080803
809.660453,12.093000904040402
809.660454,12.093
809.8578,12.106953757575754
809.85845,12.10699971717172
809.858451,12.10699978787879
809.858452,12.10699985858586
809.858453,12.10699992929293
809.858454,12.107
810.0563,12.17199868587314
810.056301,12.171999014404856
810.056302,12.171999342936571
810.056303,12.171999671468283
810.056304,12.172
810.0565,12.17202769618975
810.2538,12.199907585162764
810.25445,12.19999943477164
810.254451,12.19999957607873
810.254452,12.19999971738582
810.254453,12.19999985869291
810.254454,12.2
810.4518,12.060462424242385
810.45245,12.06000282828282
810.452451,12.060002121212117
810.452452,12.06000141414141
810.452453,12.060000707070706
810.452454,12.06
810.4548,12.059751370174112
810.6498,12.039085208175626
810.6506,12.039000423921271
810.650601,12.039000317940951
810.650602,12.039000211960635
810.650603,12.039000105980318
810.650604,12.039
810.84785,11.99413737680062
810.84845,11.994000909780134
810.848451,11.9940006823351
810.848452,11.994000454890068
810.848453,11.994000227445031
810.848454,11.994
811.04585,11.991009151515152
811.04645,11.99100006060606
811.046451,11.991000045454545
811.046452,11.991000030303027
811.046453,11.991000015151515
811.046454,11.991
811.24385,11.91921963636362
811.24445,11.919001454545452
811.244451,11.919001090909088
811.244452,11.919000727272726
811.244453,11.919000363636362
811.244454,11.919
811.44185,11.874137272727262
811.44245,11.874000909090908
811.442451,11.87400068181818
811.442452,11.874000454545454
811.442453,11.874000227272727
811.442454,11.874
811.4449,11.870294875031442
811.63985,11.574990658924596
811.6405,11.574006059076147
811.640501,11.574004544307154
811.640502,11.57400302953816
811.640503,11.574001514768996
811.640504,11.574
811.83785,11.600910818181813
811.8385,11.600999454545455
811.838501,11.600999590909092
811.838502,11.600999727272727
811.838503,11.600999863636364
811.838504,11.601
812.03585,11.678644327868856
812.03675,11.678998426229512
812.036751,11.678998819672136
812.036752,11.678999213114755
812.036753,11.678999606557378
812.036754,11.679
812.23385,11.71782193939394
812.23475,11.717999212121214
812.234751,11.717999409090911
812.234752,11.717999606060609
812.234753,11.717999803030304
812.234754,11.718
812.43185,11.837603135271843
812.4325,11.8379975726928
812.432501,11.837998179519602
812.432502,11.8379987863464
812.432503,11.8379993931732
812.432504,11.838
812.43495,11.837888902346704
812.62985,11.829036517789556
812.63065,11.829000181680543
812.630651,11.82900013626041
812.630652,11.829000090840273
812.630653,11.829000045420138
812.630654,11.829
812.8279,11.831988575757576
812.82865,11.83199993939394
812.828651,11.831999954545456
812.828652,11.831999969696971
812.828653,11.831999984848483
812.828653999,11.832
813.02585,11.7293404700531
813.0265,11.72900208238564
813.026501,11.72900156178923
813.026502,11.729001041192822
813.026503,11.729000520596411
813.026504,11.729
813.22385,11.69216871626736
813.22475,11.692000746532177
813.224751,11.692000559899135
813.224752,11.692000373266078
813.224753,11.692000186633038
813.224754,11.692
813.42225,11.654134974772942
813.42295,11.654000766902117
813.422951,11.654000575176587
813.422952,11.65400038345106
813.422953,11.65400019172553
813.422954,11.654
813.42535,11.655733947368404
813.61985,11.796490526315845
813.62055,11.796997105263166
813.620551,11.796997828947374
813.620552,11.796998552631583
813.620553,11.796999276315791
813.620554,11.797
813.8179,11.830862043906128
813.8187,11.830999313651276
813.818700999,11.830999485238456
813.818702,11.830999656825638
813.818703,11.830999828412818
813.818704,11.831
814.0159,11.838967515151516
814.0167,11.83899983838384
814.016701,11.83899987878788
814.016702,11.83899991919192
814.016703,11.83899995959596
814.016704,11.839
814.2139,11.882799212518933
814.2148,11.88299911155982
814.214801,11.882999333669868
814.214802,11.88299955577991
814.214803,11.882999777889957
814.214804,11.883
814.4119,11.913866259156352
814.41275,11.913999373579188
814.412751,11.913999530184393
814.412752,11.913999686789596
814.412753,11.913999843394796
814.412754,11.914
814.4152,11.915890568325306
814.6099,12.066378570346034
814.6107,12.066996908310188
814.610701,12.06699768123264
814.610702,12.066998454155094
814.610703,12.066999227077549
814.610704,12.067
814.8079,12.12576042424242
814.8087,12.12599880808081
814.808701,12.125999106060608
814.808702,12.125999404040405
814.808703,12.125999702020202
814.808704,12.126
815.0059,12.0205369525732
815.0069,12.020002139253334
815.006901,12.020001604440017
815.006902,12.020001069626638
815.006903,12.02000053481332
815.006904,12.02
815.2039,11.997105063163223
815.2048,11.997000464881266
815.204801,11.997000348660952
815.204802,11.99700023244064
815.204803,11.997000116220326
815.204804,11.997
815.4019,11.991027393939394
815.4028,11.99100012121212
815.402801,11.99100009090909
815.402802,11.99100006060606
815.402803,11.991000030303027
815.402804,11.991
815.40515,11.992055048004037
815.5999,12.079638423446177
815.6007,12.079998201111676
815.600701,12.079998650833758
815.600702,12.079999100555838
815.600703,12.07999955027792
815.600704,12.08
815.79905,11.99135930705494
815.79985,11.991001787597284
815.799851,11.991001340697965
815.799852,11.991000893798642
815.799853,11.99100044689932
815.799854,11.991
815.99595,11.983040750887875
815.99695,11.98300016235414
815.996951,11.9830001217656
815.996952,11.983000081177067
815.996953,11.983000040588534
815.996954,11.983
816.19395,11.904400585858616
816.19495,11.904001595959592
816.194951,11.904001196969691
816.194952,11.904000797979796
816.194953,11.904000398989895
816.194954,11.904
816.39195,12.069283477381852
816.3928,12.069996643922172
816.392801,12.069997482941629
816.392802,12.069998321961084
816.392803,12.069999160980544
816.392804,12.07
816.39515,12.07118395155185
816.58995,12.169493313146624
816.59095,12.169997981327285
816.590951,12.169998485995462
816.590952,12.16999899066364
816.590953,12.16999949533182
816.590954,12.17
816.78795,12.148083883691532
816.7887,12.14800044500632
816.788701,12.14800033375474
816.788702,12.14800022250316
816.788703,12.14800011125158
816.788704,12.148
816.98595,12.036567203026465
816.98695,12.036002259773008
816.986951,12.036001694829755
816.986952,12.036001129886504
816.986953,12.03600056494325
816.986954,12.036
817.18395,12.16036616161611
817.18495,12.16099747474748
817.184951,12.16099810606061
817.184952,12.16099873737374
817.184953,12.16099936868687
817.184954,12.161
817.38195,12.219730490146542
817.38285,12.219998807478529
817.382851,12.219999105608895
817.382852,12.219999403739264
817.382853,12.219999701869632
817.382854,12.22
817.3852,12.220319666919
817.57995,12.24685638152915
817.581,12.246999454958369
817.581001,12.246999591218774
817.581002,12.246999727479183
817.581003,12.24699986373959
817.581004,12.247
817.778,12.276847878787883
817.779,12.276999393939397
817.779001,12.276999545454547
817.779002,12.276999696969698
817.779003,12.27699984848485
817.779004,12.277
817.976,12.35858420202017
817.977,12.3589983434343
817.977001,12.358998757575714
817.977002,12.358999171717128
817.977003,12.358999585858587
817.977004,12.359
818.17395,12.151112555555628
818.175,12.150004222222211
818.175001,12.15000316666666
818.175002,12.150002111111109
818.175003,12.150001055555553
818.175004,12.15
818.37195,12.140053232323236
818.373,12.140000202020202
818.373001,12.140000151515151
818.373002,12.140000101010102
818.373003,12.140000050505051
818.373004,12.14
818.37535,12.140912333333327
818.56995,12.21659011111113
818.571,12.21699844444445
818.571001,12.216998833333337
818.571002,12.216999222222224
818.571003,12.216999611111111
818.571004,12.217
818.76795,12.094654757575729
818.769,12.094002484848478
818.769001,12.094001863636358
818.769002,12.09400124242424
818.769003,12.09400062121212
818.769004,12.094
818.966,11.879873913043497
818.9668,11.879004347826076
818.966801,11.879003260869556
818.966802,11.879002173913037
818.966803,11.87900108695652
818.966804,11.879
819.164,11.84517223007065
819.165,11.84500068617558
819.165001,11.845000514631684
819.165002,11.84500034308779
819.165003,11.845000171543894
819.165004,11.845
819.362,11.67785187878785
819.363,11.677003393939383
819.363001,11.677002545454538
819.363002,11.677001696969691
819.363003,11.677000848484846
819.363004,11.677
819.36535,11.67694077253219
819.56,11.67202660944206
819.56105,11.6720001009846
819.561051,11.67200007573845
819.561052,11.6720000504923
819.561053,11.67200002524615
819.561054,11.672
819.758,11.679957414141416
819.75905,11.67999983838384
819.759051,11.679999878787878
819.759052,11.67999991919192
819.759053,11.67999995959596
819.759054,11.68
819.956,11.554814104104077
819.95885,11.553002542542536
819.958851,11.553001906906903
819.958852,11.553001271271269
819.958853,11.553000635635636
819.958854,11.553
820.154,11.586825969920964
820.155,11.586999306653054
820.155001,11.586999479989784
820.155002,11.586999653326536
820.155003,11.586999826663268
820.155004,11.587
820.352,11.539158826207956
820.5503,11.491000971414111
820.550301,11.491000728560584
820.550302,11.491000485707056
820.550303,11.491000242853527
820.550304,11.491
820.55265,11.489827000000004
820.553,11.489651999999992
820.74805,11.392126999999991
820.9463,11.293001999999996
820.946301,11.293001499999995
820.946302,11.293001
820.946303,11.2930005
820.946304,11.293
820.9489,11.293419555555545
821.1443,11.324999353535356
821.144301,11.324999515151518
821.144302,11.324999676767678
821.144303,11.32499983838384
821.144304,11.325
821.1469,11.324724666666665
821.3423,11.304000424242425
821.342301,11.304000318181815
821.342302,11.304000212121212
821.342303,11.304000106060606
821.342304,11.304
821.34485,11.302469828282796
821.5403,11.185002404040398
821.540301,11.1850018030303
821.540302,11.1850012020202
821.540303,11.1850006010101
821.540304,11.185
821.54265,11.18486983102144
821.54305,11.184847636822196
821.73855,11.174000221941991
821.738551,11.174000166456493
821.738552,11.174000110970995
821.738553,11.174000055485497
821.738554,11.174
821.74285,11.17032950455009
821.93635,11.00500341759352
821.936351,11.00500256319514
821.936352,11.005001708796762
821.936353,11.00500085439838
821.936354,11.005
821.93895,11.005235761856705
822.13455,11.022999636730576
822.134551,11.022999727547932
822.134552,11.022999818365289
822.134553,11.022999909182644
822.134554,11.023
822.13695,11.023218038422655
822.33235,11.040999635995956
822.332351,11.040999726996969
822.332352,11.040999817997978
822.332353,11.04099990899899
822.332354,11.041
822.3349,11.04133432323233
822.53035,11.066999474747476
822.530351,11.066999606060609
822.530352,11.066999737373738
822.530353,11.06699986868687
822.530354,11.067
822.5327,11.066668577194754
822.53305,11.066619132189706
822.72855,11.03900056508577
822.728551,11.039000423814327
822.728552,11.039000282542885
822.728553,11.039000141271442
822.728554,11.039
822.7309,11.039035581395348
822.92635,11.041999939332658
822.926351,11.041999954499495
822.926352,11.04199996966633
822.926353,11.041999984833163
822.926354,11.042
822.9308,11.04143920282544
823.12455,11.017000504540864
823.124551,11.01700037840565
823.124552,11.017000252270432
823.124553,11.017000126135216
823.124554,11.017
823.12695,11.017969059656254
823.32235,11.09699838220425
823.322351,11.096998786653188
823.322352,11.096999191102125
823.322353,11.096999595551065
823.322354,11.097
823.3249,11.09642136363635
823.52035,11.052000909090909
823.520351,11.05200068181818
823.520352,11.052000454545452
823.520353,11.052000227272726
823.520354,11.052
823.5227,11.050638799192742
823.52305,11.050435721493432
823.71855,10.937002320887986
823.718551,10.93700174066599
823.718552,10.937001160443993
823.718553,10.937000580221996
823.718554,10.937
823.72095,10.935898808080818
823.91655,10.846001838383836
823.916551,10.846001378787877
823.916552,10.846000919191916
823.916553,10.846000459595958
823.916554,10.846
823.91895,10.845262024741237
824.1146,10.785001232012116
824.114601,10.785000924009086
824.114602,10.785000616006055
824.114603,10.78500030800303
824.114604,10.785
824.1189,10.78975163636371
824.3126,11.00399557575746
824.312601,11.003996681818064
824.312602,11.003997787878667
824.312603,11.003998893939396
824.312604,11.004
824.31495,11.004747398230084
824.51035,11.06699872566372
824.510351,11.06699904424779
824.510352,11.06699936283186
824.510353,11.06699968141593
824.510354,11.067
824.5127,11.066033792064294
824.5131,11.065869050728278
824.70945,10.985001647413355
824.709451,10.985001235560016
824.709452,10.985000823706676
824.709453,10.985000411853338
824.709454,10.985
824.71185,10.985267370022822
824.9066,11.006999553639362
824.906601,11.006999665229522
824.906602,11.00699977681968
824.906603,11.00699988840984
824.906604,11.007
824.90895,11.007687212121208
825.1046,11.06499882828283
825.104601,11.064999121212123
825.104602,11.064999414141417
825.104603,11.064999707070708
825.104604,11.065
825.107,11.064686797385624
825.3035,11.039000522875815
825.303501,11.03900039215686
825.303502,11.039000261437907
825.303503,11.039000130718954
825.303504,11.039
825.3059,11.039632125824475
825.5006,11.090998944698129
825.500601,11.090999208523597
825.500602,11.090999472349065
825.500603,11.090999736174531
825.500604,11.091
825.5029,11.09150625908294
825.5031,11.09155035830618
825.70015,11.134999118015536
825.700151,11.134999338511651
825.700152,11.134999559007769
825.700153,11.134999779503884
825.700154,11.135
825.70255,11.135800485952917
825.8977,11.200998663629465
825.897701,11.2009989977221
825.897702,11.200999331814732
825.897703,11.200999665907366
825.897704,11.201
825.9001,11.201352531709803
826.09415,11.22990377473363
826.094799999,11.229999411466263
826.094801,11.229999558599696
826.094802,11.229999705733132
826.094803,11.229999852866566
826.094804,11.23
826.29265,11.230999979782665
826.292651,11.230999984836998
826.292652,11.230999989891332
826.292653,11.230999994945666
826.292654,11.231
826.295,11.231047393939397
826.49065,11.23499991919192
826.490651,11.23499993939394
826.490652,11.234999959595958
826.490653,11.23499997979798
826.490654,11.235
826.493,11.237534935622303
826.49315,11.237697015905022
826.6887,11.448995677859138
826.688701,11.448996758394353
826.688702,11.448997838929568
826.688703,11.448998919464785
826.688704,11.449
826.69105,11.447731891891898
826.88665,11.342002162162157
826.886651,11.342001621621618
826.886652,11.34200108108108
826.886653,11.34200054054054
826.886654,11.342
826.891,11.344083623517564
827.08415,11.436686449659325
827.084799999,11.436998082260864
827.084801,11.436998561695631
827.084802,11.43699904113046
827.084803,11.436999520565228
827.084803999,11.437
827.28215,11.26457142424247
827.2828,11.264003494949485
827.282801,11.264002621212114
827.282802,11.264001747474742
827.282803,11.264000873737372
827.282804,11.264
827.48065,11.313998989133156
827.480651,11.313999241849888
827.480652,11.313999494566591
827.480653,11.313999747283296
827.480654,11.314
827.483,11.314106555639666
827.48315,11.314113368660104
827.67815,11.322970295230888
827.6788,11.322999818319456
827.678801,11.322999863739591
827.678802,11.322999909159728
827.678803,11.322999954579863
827.678804,11.323
827.87835,11.32999985968429
827.878351,11.329999894763215
827.878352,11.329999929842144
827.878353,11.329999964921072
827.878354,11.33
827.8808,11.330485589208443
828.0742,11.368880091626377
828.074799999,11.368999205904812
828.074801,11.368999404428608
828.074802,11.368999602952409
828.074803,11.368999801476203
828.074803999,11.369
828.2722,11.360027454545458
828.2728,11.36000018181818
828.272801,11.360000136363636
828.272802,11.36000009090909
828.272803,11.360000045454544
828.272804,11.36
828.47065,11.28000161738695
828.470651,11.280001213040224
828.470652,11.280000808693496
828.470653,11.280000404346772
828.470654,11.28
828.4731,11.28165412061567
828.47325,11.28175555891996
828.6688,11.413997294978556
828.668801,11.413997971233918
828.668802,11.41399864748928
828.668803,11.41399932374464
828.668804,11.414
828.6714,11.413658938858005
828.8667,11.388000525517937
828.866701,11.388000394138452
828.866702,11.388000262758968
828.866703,11.388000131379483
828.866704,11.388
828.86905,11.38996535957607
829.0642,11.553452112036386
829.06485,11.55399664900329
829.064850999,11.553997486752468
829.064852,11.553998324501643
829.064853,11.553999162250822
829.064854,11.554
829.2622,11.3427002424243
829.26285,11.342004282828272
829.262851,11.342003212121204
829.262852,11.342002141414136
829.262853,11.342001070707068
829.262854,11.342
829.4602,11.370904212121204
829.46085,11.370999414141416
829.460851,11.370999560606062
829.460852,11.370999707070707
829.460853,11.370999853535354
829.460854,11.371
829.4632,11.373014242424231
829.65825,11.540481414141455
829.65885,11.540996565656574
829.658851,11.54099742424243
829.658852,11.540998282828289
829.658853,11.540999141414144
829.658854,11.541
829.85625,11.603807818181837
829.85685,11.603998727272732
829.856851,11.603999045454549
829.856852,11.603999363636364
829.856853,11.603999681818184
829.856854,11.604
830.0542,11.54918166666665
830.05485,11.549001111111108
830.054851,11.54900083333333
830.054852,11.549000555555551
830.054853,11.549000277777775
830.054854,11.549
830.2522,11.576907515151508
830.25285,11.576999434343437
830.252851,11.576999575757576
830.252852,11.576999717171718
830.252853,11.57699985858586
830.252854,11.577
830.4502,11.5461023939394
830.45085,11.546000626262623
830.450851,11.546000469696969
830.450852,11.546000313131312
830.450853,11.546000156565656
830.450854,11.546
830.4532,11.545798575757576
830.6482,11.529056151515157
830.64885,11.529000343434342
830.648851,11.529000257575756
830.648852,11.529000171717172
830.648853,11.529000085858586
830.648854,11.529
830.84625,11.471697857857846
830.84865,11.471001161161158
830.848651,11.471000870870869
830.848652,11.47100058058058
830.848653,11.47100029029029
830.848654,11.471
831.04425,11.5377767235669
831.0449,11.537998634394908
831.044901,11.537998975796182
831.044902,11.537999317197457
831.044903,11.537999658598729
831.044904,11.538
831.24225,11.629696121212096
831.2429,11.629998141414148
831.242901,11.62999860606061
831.242902,11.629999070707074
831.242903,11.629999535353535
831.242904,11.63
831.44025,11.537307181818209
831.4409,11.537001878787876
831.440901,11.537001409090909
831.440902,11.537000939393938
831.440903,11.53700046969697
831.440904,11.537
831.4433,11.537072551097651
831.63825,11.542975654806964
831.63905,11.542999878879638
831.639051,11.542999909159729
831.639052,11.54299993943982
831.639053,11.54299996971991
831.639054,11.543
831.83625,11.4981487490523
831.8369,11.498000909780137
831.836901,11.498000682335102
831.836902,11.498000454890068
831.836903,11.498000227445036
831.836904,11.498
832.03545,11.514927191574724
832.0363,11.514999658976931
832.036301,11.5149997442327
832.036302,11.514999829488469
832.036303,11.514999914744234
832.036304,11.515
832.23225,11.255864903357145
832.2329,11.255005289928928
832.232901,11.255003967446733
832.232902,11.255002644964389
832.232903,11.255001322482194
832.232904,11.255
832.43025,11.37756277707647
832.43095,11.37799751577885
832.430951,11.377998136834137
832.430952,11.377998757889426
832.430953,11.377999378944711
832.430954,11.378
832.43335,11.377566116700203
832.629,11.34213653923542
832.62975,11.342000724346075
832.629751,11.342000543259555
832.629752,11.342000362173035
832.629753,11.34200018108652
832.629754,11.342
832.8263,11.412764533468582
832.82695,11.412998559837732
832.826951,11.4129989198783
832.826952,11.412999279918866
832.826953,11.412999639959434
832.826954,11.413
833.0243,11.451831957618566
833.02515,11.451999212916247
833.025151,11.451999409687186
833.025152,11.451999606458124
833.025153,11.451999803229064
833.025154,11.452
833.22355,11.341475754077797
833.2244,11.341002228356333
833.224401,11.341001671267248
833.224402,11.341001114178166
833.224403,11.341000557089084
833.224404,11.341
833.4203,11.050894473282542
833.4209,11.050005923664107
833.420901,11.05000444274808
833.420902,11.050002961832057
833.420903,11.050001480916029
833.420904,11.05
833.42325,11.052379742619218
833.6183,11.250235155185436
833.61905,11.250995942467837
833.619051,11.250996956850878
833.619052,11.250997971233918
833.619053,11.25099898561696
833.619054,11.251
833.817949999,11.225098191835716
833.8187,11.225000520911594
833.818700999,11.225000390683697
833.818702,11.225000260455795
833.818703,11.225000130227896
833.818704,11.225
834.0143,11.213052165945534
834.01515,11.213000244336982
834.015151,11.213000183252737
834.015152,11.213000122168491
834.015153,11.213000061084246
834.015154,11.213
834.2123,11.22295686868687
834.21315,11.2229997979798
834.213151,11.22299984848485
834.213152,11.2229998989899
834.213153,11.22299994949495
834.213154,11.223
834.4103,11.15622152679476
834.41095,11.15600135490394
834.410951,11.156001016177957
834.410952,11.15600067745197
834.410953,11.156000338725985
834.410954,11.156
834.4133,11.15584608629826
834.6083,11.143052747918246
834.6091,11.143000262427456
834.609101,11.14300019682059
834.609102,11.143000131213729
834.609103,11.143000065606865
834.609104,11.143
834.80635,11.125068545454535
834.8071,11.125000363636362
834.807101,11.125000272727272
834.807102,11.125000181818182
834.807103,11.12500009090909
834.807104,11.125
835.00435,11.238422668348065
835.00535,11.238997699873902
835.005351,11.238998274905429
835.005352,11.238998849936952
835.005353,11.238999424968476
835.005354,11.239
835.20235,11.376404336618648
835.2032,11.37699721000759
835.203201,11.376997907505691
835.203202,11.376998605003797
835.203203,11.376999302501895
835.203204,11.377
835.4003,11.269493090909087
835.4012,11.269002181818175
835.401201,11.269001636363631
835.401202,11.269001090909088
835.401203,11.269000545454544
835.401204,11.269
835.40355,11.271259636913756
835.5987,11.45922559757941
835.5995,11.45999614725165
835.599501,11.459997110438737
835.599502,11.459998073625826
835.599503,11.459999036812912
835.599504,11.46
835.79635,11.408211525423702
835.79715,11.40800105236529
835.797151,11.408000789273968
835.797152,11.408000526182644
835.797153,11.408000263091322
835.797154,11.408
835.99435,11.345319132189696
835.99535,11.345001271442984
835.995351,11.345000953582238
835.995352,11.345000635721492
835.995353,11.345000317860746
835.995354,11.345
836.19235,11.343008632802627
836.1932,11.343000040434672
836.193201,11.343000030326005
836.193202,11.343000020217335
836.193203,11.343000010108668
836.193204,11.343
836.39035,11.293228225195657
836.39125,11.293001009845996
836.391251,11.293000757384496
836.391252,11.293000504923
836.391253,11.2930002524615
836.391254,11.293
836.3936,11.29533533097523
836.58835,11.4891996563921
836.58915,11.489996018191016
836.589151,11.48999701364326
836.589152,11.489998009095508
836.589153,11.489999004547752
836.589154,11.49
836.78635,11.459164812105938
836.7874,11.459000625472886
836.787401,11.459000469104664
836.787402,11.459000312736444
836.787403,11.45900015636822
836.787404,11.459
836.98435,11.583334595959624
836.9854,11.58399747474748
836.985401,11.58399810606061
836.985402,11.58399873737374
836.985403,11.58399936868687
836.985404,11.584
837.18235,11.600913776206117
837.18335,11.60099965647891
837.183351,11.600999742359184
837.183352,11.600999828239456
837.183353,11.600999914119727
837.183354,11.601
837.38035,11.37407804828973
837.38215,11.372004607645865
837.382151,11.372003455734395
837.382152,11.372002303822931
837.382153,11.372001151911466
837.382154,11.372
837.3847,11.372348501901149
837.57835,11.398855726235734
837.5794,11.398999452471486
837.579401,11.398999589353616
837.579402,11.398999726235743
837.579403,11.398999863117872
837.579404,11.399
837.7764,11.261699757575736
837.7774,11.261002787878782
837.777401,11.261002090909086
837.777402,11.261001393939392
837.777403,11.261000696969695
837.777404,11.261
837.9744,11.37044222222224
837.9754,11.370997777777784
837.975401,11.370998333333338
837.975402,11.370998888888892
837.975403,11.370999444444449
837.975404,11.371
838.1724,11.332197757575752
838.1734,11.332000787878789
838.173401,11.33200059090909
838.173402,11.332000393939394
838.173403,11.332000196969696
838.173404,11.332
838.3704,11.345943094034377
838.3712,11.345999716885744
838.371201,11.345999787664308
838.371202,11.345999858442871
838.371203,11.345999929221437
838.371204,11.346
838.3738,11.3460916851665
838.5684,11.352964540867807
838.5694,11.352999858728554
838.569401,11.352999894046414
838.569402,11.352999929364277
838.569403,11.35299996468214
838.569404,11.353
838.7676,11.23372457372118
838.7688,11.23300240722166
838.768801,11.233001805416244
838.768802,11.23300120361083
838.768803,11.233000601805417
838.768804,11.233
838.9644,11.22703064089522
838.9654,11.22700012207528
838.965401,11.22700009155646
838.965402,11.22700006103764
838.965403,11.22700003051882
838.965404,11.227
839.1624,11.28669575757577
839.1634,11.286998787878792
839.163401,11.286999090909092
839.163402,11.286999393939396
839.163403,11.286999696969698
839.163404,11.287
839.3604,11.326797171717178
839.3614,11.326999191919194
839.361401,11.326999393939396
839.361402,11.326999595959595
839.361403,11.3269997979798
839.361404,11.327
839.364,11.328166888888909
839.5584,11.415548707070725
839.5594,11.415998202020209
839.559401,11.415998651515157
839.559402,11.415999101010105
839.559403,11.415999550505052
839.559404,11.416
839.75785,11.40009648885549
839.75905,11.40000032056098
839.759051,11.400000240420736
839.759052,11.400000160280491
839.759053,11.400000080140243
839.759054,11.4
839.95445,11.272654338085518
839.95545,11.272002606924636
839.955451,11.272001955193478
839.955452,11.272001303462318
839.955453,11.27200065173116
839.955454,11.272
840.15245,11.333296503921073
840.35075,11.394998755375669
840.350751,11.39499906653175
840.350752,11.394999377687832
840.350753,11.394999688843916
840.350754,11.395
840.3534,11.392781076029276
840.5487,11.229003354382412
840.548701,11.22900251578681
840.548702,11.229001677191206
840.548703,11.229000838595605
840.548704,11.229
840.5512,11.229680727272717
840.5515,11.229762545454545
840.7467,11.282998909090912
840.746701,11.282999181818184
840.746702,11.282999454545456
840.746703,11.282999727272728
840.746704,11.283
840.7513,11.283394108448928
840.94495,11.29999965699874
840.944951,11.299999742749057
840.944952,11.29999982849937
840.944953,11.299999914249684
840.944954,11.3
840.9474,11.298639393173218
841.1427,11.1900022250316
841.142701,11.1900016687737
841.142702,11.1900011125158
841.142703,11.1900005562579
841.142704,11.19
841.1454,11.19035402020202
841.3407,11.215999474747465
841.340701,11.215999606060608
841.340702,11.21599973737374
841.340703,11.21599986868687
841.340704,11.216
841.3434,11.215292852459044
841.53895,11.164001049180325
841.538951,11.164000786885245
841.538952,11.164000524590165
841.538953,11.16400026229508
841.538954,11.164
841.54135,11.164969304677658
841.54155,11.16505021491784
841.7367,11.2439983817952
841.736701,11.2439987863464
841.736702,11.2439991908976
841.736703,11.2439995954488
841.736704,11.244
841.7394,11.243306451450186
841.93495,11.19300102900378
841.934951,11.193000771752835
841.934952,11.19300051450189
841.934953,11.193000257250944
841.934954,11.193
841.9374,11.192727878634644
842.1327,11.17100044500632
842.132701,11.17100033375474
842.132702,11.17100022250316
842.132703,11.17100011125158
842.132704,11.171
842.13535,11.170024700833112
842.33075,11.098001474375154
842.330751,11.098001105781366
842.330752,11.098000737187578
842.330753,11.09800036859379
842.330754,11.098
842.33525,11.095232532795215
842.52895,10.97600246215943
842.528951,10.976001846619573
842.528952,10.976001231079715
842.528953,10.976000615539858
842.528954,10.976
842.5314,10.975814696969692
842.53155,10.975803333333332
842.72695,10.961000303030303
842.726951,10.961000227272727
842.726952,10.961000151515153
842.726953,10.961000075757577
842.726954,10.961
842.7314,10.964726513506712
842.925,11.126996647311294
842.925001,11.126997485483471
842.925002,11.126998323655648
842.925003,11.126999161827824
842.925004,11.127
842.9274,11.126903191919194
843.123,11.11900016161616
843.123001,11.11900012121212
843.123002,11.11900008080808
843.123003,11.11900004040404
843.123004,11.119
843.12535,11.11901186346397
843.32075,11.11999997977244
843.320751,11.119999984829333
843.320752,11.11999998988622
843.320753,11.119999994943113
843.320754,11.12
843.32335,11.118681438270093
843.5196,11.019002031682223
843.519601,11.019001523761624
843.519602,11.019001015841084
843.519603,11.01900050792054
843.519604,11.019
843.5226,11.023827605776445
843.52275,11.024069308335289
843.71695,11.336993554598443
843.716951,11.336995165948831
843.716952,11.336996777299223
843.716953,11.336998388649612
843.716954,11.337
843.71935,11.34094393335031
843.915,11.662993415804106
843.915001,11.66299506185308
843.915002,11.662996707902051
843.915003,11.662998353951028
843.915004,11.663
843.9192,11.659354989899008
844.113,11.491003474747464
844.113001,11.4910026060606
844.113002,11.491001737373733
844.113003,11.491000868686866
844.113004,11.491
844.11535,11.492387674418598
844.3108,11.60799763397365
844.310801,11.60799822548022
844.310802,11.60799881698686
844.310803,11.60799940849343
844.310804,11.608
844.3134,11.608949676772712
844.51035,11.680998536707596
844.510351,11.680998902530698
844.510352,11.6809992683538
844.510353,11.6809996341769
844.510354,11.681
844.5127,11.680618245614038
844.51285,11.680593836765818
844.707,11.649000650902618
844.707001,11.649000488176965
844.707002,11.64900032545131
844.707003,11.649000162725656
844.707004,11.649
844.7094,11.650728698284626
844.90455,11.791528143289568
844.9052,11.791997114026245
844.905201,11.791997835519682
844.905202,11.79199855701312
844.905203,11.79199927850656
844.905204,11.792
845.103,11.84699888776542
845.103001,11.846999165824066
845.103002,11.84699944388271
845.103003,11.846999721941357
845.103004,11.847
845.10535,11.845708515151522
845.301,11.738002202020196
845.301001,11.738001651515146
845.301002,11.7380011010101
845.301003,11.738000550505047
845.301004,11.738
845.30335,11.737106285714288
845.5005,11.66200152380952
845.500501,11.66200114285714
845.500502,11.66200076190476
845.500503,11.662000380952382
845.500504,11.662
845.50305,11.661507643765894
845.5032,11.661478636132314
845.697,11.624000773536894
845.697001,11.624000580152671
845.697002,11.624000386768447
845.697003,11.624000193384225
845.697004,11.624
845.6994,11.623504359233104
845.89455,11.583135287588306
845.8952,11.58300082744702
845.895201,11.583000620585269
845.895202,11.58300041372351
845.895203,11.583000206861756
845.895204,11.583
846.09305,11.524001192822844
846.093050999,11.524000894617132
846.093052,11.524000596411422
846.093053,11.524000298205712
846.093054,11.524
846.0973,11.525393888888878
846.29105,11.58899868686869
846.291051,11.58899901515152
846.291052,11.588999343434343
846.291053,11.588999671717174
846.291054,11.589
846.2934,11.588810424242425
846.48905,11.573000323232325
846.489051,11.573000242424245
846.489052,11.57300016161616
846.489053,11.57300008080808
846.489054,11.573
846.48925,11.573075232323218
846.49155,11.573958060606088
846.68705,11.64899846464647
846.687051,11.648998848484853
846.687052,11.648999232323234
846.687053,11.648999616161618
846.687054,11.649
846.6894,11.649414383043148
846.8846,11.683893313146596
846.8852,11.68399929346455
846.885201,11.683999470098414
846.885202,11.683999646732277
846.885203,11.683999823366138
846.885204,11.684
847.08255,11.815563999999965
847.0832,11.81599733333334
847.083201,11.815998000000006
847.083202,11.81599866666667
847.083203,11.815999333333336
847.083204,11.816
847.28105,11.540005579984824
847.281051,11.540004184988618
847.281052,11.540002789992412
847.281053,11.540001394996208
847.281054,11.54
847.2834,11.54
847.47855,11.54
847.4792,11.54
847.479201,11.54
847.479202,11.54
847.479203,11.54
847.479204,11.54
847.48155,11.539457844762628
847.67825,11.494000924390852
847.678251,11.49400069329314
847.678252,11.494000462195428
847.678253,11.494000231097711
847.678254,11.494
847.68065,11.49425541116751
847.8746,11.514930284263954
847.87525,11.514999573604063
847.875251,11.514999680203047
847.875252,11.514999786802033
847.875253,11.514999893401017
847.875254,11.515
848.0726,11.52596366666667
848.07325,11.52599977777778
848.073251,11.525999833333334
848.073251999,11.525999888888888
848.073253,11.525999944444443
848.073254,11.526
848.2706,11.60972254545457
848.27125,11.609998303030308
848.271251,11.60999872727273
848.271252,11.609999151515153
848.271253,11.609999575757575
848.271254,11.61
848.4702,11.430003618999844
848.470201,11.430002714249907
848.470202,11.430001809499972
848.470203,11.430000904750038
848.470204,11.43
848.4704,11.43002287744227
848.4727,11.430291337224048
848.6666,11.452923664044652
848.66725,11.452999533113424
848.667251,11.452999649835068
848.667252,11.452999766556712
848.667253,11.452999883278355
848.667254,11.453
848.8651,11.527998483699776
848.865101,11.527998862774831
848.865102,11.527999241849887
848.865103,11.527999620924945
848.865104,11.528
848.8694,11.526417320211936
849.062599999,11.455240938682836
849.06325,11.455001473631084
849.063251,11.455001105223314
849.063251999,11.455000736815542
849.063253,11.45500036840777
849.063254,11.455
849.2606,11.479917424242432
849.26125,11.479999494949496
849.261251,11.479999621212125
849.261252,11.479999747474748
849.261253,11.479999873737375
849.261254,11.48
849.4607,11.7999935823513
849.460701,11.79999518676343
849.460702,11.79999679117556
849.460703,11.799998395587872
849.460704,11.8
849.46095,11.799793540183158
849.46325,11.797863224822024
849.6566,11.635590844354054
849.6573,11.635003357070184
849.657301,11.635002517802638
849.657302,11.635001678535092
849.657303,11.635000839267546
849.657304,11.635
849.8546,11.3241093333334
849.8553,11.323006303030288
849.855301,11.323004727272716
849.855302,11.323003151515143
849.855303,11.323001575757573
849.855304,11.323
850.05265,10.75587942424258
850.0533,10.754011494949465
850.053301,10.7540086212121
850.053302,10.754005747474732
850.053303,10.754002873737369
850.053304,10.754
850.2513,11.004994929292945
850.251301,11.004996196969708
850.251302,11.004997464646472
850.251303,11.004998732323235
850.251304,11.005
850.25385,11.008494006054562
850.44865,11.275828012108978
850.4495,11.276994510595372
850.449501,11.27699588294653
850.449502,11.276997255297688
850.449503,11.276998627648844
850.449504,11.277
850.45185,11.281076926167737
850.64795,11.621863465595284
850.6486,11.622993048719255
850.648601,11.622994786539442
850.648602,11.622996524359628
850.648603,11.622998262179816
850.648604,11.623
850.84525,11.84699544368168
850.845251,11.84699658276126
850.845252,11.84699772184084
850.845253,11.84699886092042
850.845254,11.847
850.84785,11.845702982588984
851.0434,11.748001998485991
851.043401,11.748001498864491
851.043402,11.748000999242995
851.043403,11.7480004996215
851.043404,11.748
851.04585,11.748294920874148
851.2418,11.771921145440835
851.24245,11.77199951770912
851.242451,11.77199963828184
851.242452,11.77199975885456
851.242453,11.77199987942728
851.242454,11.772
851.4395,11.796999492514592
851.439501,11.796999619385945
851.439502,11.796999746257296
851.439503,11.796999873128648
851.439504,11.797
851.4419,11.795909807886764
851.442,11.795864307381215
851.63665,11.707297573306343
851.6373,11.70700182002022
851.637301,11.707001365015165
851.637302,11.707000910010107
851.637303,11.707000455005057
851.637304,11.707
851.8347,11.55247282828288
851.8353,11.552003131313125
851.835301,11.552002348484844
851.835302,11.55200156565656
851.835303,11.55200078282828
851.835304,11.552
852.0327,11.49524553846154
852.03355,11.49500115006305
852.033551,11.495000862547288
852.033552,11.495000575031526
852.033553,11.495000287515763
852.033554,11.495
852.2313,11.34900295322376
852.231301,11.34900221491782
852.231302,11.34900147661188
852.231303,11.34900073830594
852.231304,11.349
852.23375,11.3488146969697
852.4293,11.334000303030304
852.429301,11.334000227272726
852.429302,11.33400015151515
852.429303,11.334000075757576
852.429304,11.334
852.42955,11.333611611601416
852.4319,11.329901397225663
852.62665,11.022427248423694
852.62755,11.021006315258496
852.627551,11.021004736443873
852.627552,11.021003157629249
852.627553,11.021001578814625
852.627554,11.021
852.825049999,10.89043236941707
852.8257,10.89000264446126
852.825701,10.890001983345943
852.825702,10.890001322230631
852.825703,10.890000661115316
852.825704,10.89
853.0229,10.842158665655786
853.02355,10.842000970432144
853.023551,10.842000727824107
853.023552,10.842000485216072
853.023553,10.842000242608036
853.023554,10.842
853.2207,10.7573452386966
853.2215,10.757001717605451
853.221501,10.757001288204089
853.221502,10.757000858802725
853.221503,10.757000429401362
853.221504,10.757
853.4202,10.729126813627254
853.4211,10.729000561122245
853.421101,10.729000420841682
853.421102,10.729000280561122
853.421103,10.72900014028056
853.421104,10.729
853.42345,10.72814039694657
853.6167,10.657331236641218
853.6176,10.657001465648852
853.617601,10.657001099236638
853.617602,10.657000732824423
853.617603,10.657000366412213
853.617604,10.657
853.8147,10.571284419721897
853.81535,10.57100173957016
853.815351,10.57100130467762
853.815352,10.57100086978508
853.815353,10.57100043489254
853.815354,10.571
854.0127,10.639720030280085
854.0135,10.639998607115825
854.013501,10.63999895533687
854.013502,10.639999303557913
854.013503,10.639999651778956
854.013504,10.64
854.21095,10.36790127208488
854.2116,10.367005512367635
854.211601,10.367004134275764
854.211602,10.367002756183895
854.211603,10.367001378092027
854.211604,10.367
854.4087,10.253606389099142
854.40975,10.253002301286898
854.409751,10.253001725965174
854.409752,10.253001150643447
854.409753,10.253000575321725
854.409754,10.253
854.4121,10.24971548142534
854.6067,9.977265645691167
854.6076,9.97600560020216
854.607601,9.97600420015162
854.607602,9.97600280010108
854.607603,9.97600140005054
854.607604,9.976
854.8047,10.084502343434348
854.8056,10.084997797979804
854.805601,10.084998348484854
854.805602,10.084998898989902
854.805603,10.084999449494951
854.805604,10.085
855.00285,10.039163596867878
855.00355,10.039000929527656
855.003551,10.039000697145742
855.003552,10.039000464763827
855.003553,10.039000232381914
855.003554,10.039
855.2015,9.758005678201553
855.201501,9.758004258651164
855.201502,9.758002839100778
855.201503,9.75800141955039
855.201504,9.758
855.20395,9.757913634300124
855.3991,9.751023092055489
855.39975,9.751000141235812
855.399751,9.75100010592686
855.399752,9.751000070617906
855.399753,9.751000035308952
855.399754,9.751
855.4021,9.749766511627913
855.59675,9.647422730030344
855.59755,9.647002103134474
855.597551,9.647001577350856
855.597552,9.647001051567235
855.597553,9.64700052578362
855.597554,9.647
855.7956,9.572001514768996
855.795601,9.572001136076748
855.795602,9.572000757384496
855.795603,9.57200037869225
855.795604,9.572
855.79585,9.571647418622332
855.99275,9.28943899066359
855.99375,9.288005733030518
855.993751,9.288004299772888
855.993752,9.28800286651526
855.993753,9.28800143325763
855.993754,9.288
856.19075,9.039141990904486
856.19165,9.038005053057088
856.191651,9.038003789792816
856.191652,9.038002526528544
856.191653,9.038001263264272
856.191654,9.038
856.3891,8.773874861181293
856.38975,8.773005350832898
856.389751,8.773004013124675
856.389752,8.77300267541645
856.389753,8.773001337708225
856.389754,8.773
856.39215,8.770195337854837
856.58815,8.540765546345071
856.5888,8.540004682240632
856.588801,8.540003511680474
856.588802,8.540002341120317
856.588803,8.540001170560158
856.588804,8.540000000000001
856.7848,8.21043598679198
856.78565,8.209006725933435
856.785651,8.209005044450075
856.785652,8.209003362966717
856.785653,8.209001681483358
856.785654,8.209
856.9828,7.56030359828439
856.9838,7.557013161746493
856.983801,7.557009871309964
856.983802,7.557006580873434
856.983803,7.55700329043653
856.983804,7.557
857.181,7.261978438210678
857.18165,7.261005984331549
857.181651,7.261004488248662
857.181652,7.261002992165775
857.181653,7.261001496082887
857.181654,7.261
857.3788,7.091861367650741
857.3798,7.09100343174362
857.379801,7.091002573807715
857.379802,7.09100171587181
857.379803,7.091000857935905
857.379804,7.091
857.38215,7.093647191574712
857.578549999,7.315262036108391
857.5792,7.315995486459389
857.579201,7.315996614844542
857.579202,7.315997743229695
857.579203,7.315998871614847
857.579204,7.316
857.7748,7.297097029501522
857.7758,7.297000386571718
857.775801,7.297000289928788
857.775802,7.297000193285859
857.775803,7.297000096642929
857.775804,7.297
857.9728,7.702931151515221
857.9738,7.704991757575779
857.973801,7.704993818181833
857.973802,7.704995878787889
857.973803,7.704997939393944
857.973804,7.705
858.1708,7.287129696969866
858.1718,7.285008484848464
858.171801,7.285006363636348
858.171802,7.285004242424232
858.171803,7.285002121212116
858.171804,7.285
858.3688,7.00840965656561
858.3698,7.007005616161603
858.369801,7.007004212121202
858.369802,7.007002808080801
858.369803,7.007001404040401
858.369804,7.007000000000001
858.37215,7.006079305660382
858.56775,6.929315532075479
858.56855,6.929001569811317
858.568551,6.929001177358488
858.568552,6.929000784905659
858.568553,6.92900039245283
858.568554,6.929
858.76505,7.011661773948296
858.76585,7.01199831728333
858.765851,7.0119987379624975
858.765852,7.0119991586416655
858.765853,7.0119995793208325
858.765854,7.0120000000000005
858.9632,7.063399909842229
858.9655,7.063998958176812
858.965501,7.063999218632609
858.965502,7.063999479088406
858.965503,7.063999739544203
858.965504,7.064
859.1608,6.709910995671118
859.16185,6.708007252355469
859.161851,6.708005439266602
859.161852,6.708003626177735
859.161853,6.708001813088868
859.161854,6.708
859.3588,6.746792393939381
859.35985,6.746999212121214
859.359851,6.74699940909091
859.359852,6.746999606060607
859.359853,6.746999803030303
859.359854,6.747
859.3622,6.743919393939408
859.5568,6.48838404040398
859.55785,6.48700525252524
859.557851,6.487003939393929
859.557852,6.48700262626262
859.557853,6.48700131313131
859.557854,6.487
859.7548,6.469061844402277
859.9531,6.451000364326375
859.953101,6.451000273244782
859.953102,6.451000182163188
859.953103,6.451000091081594
859.953104,6.4510000000000005
859.9557,6.454081111111024
860.15085,6.685698535353487
860.3491,6.920995252525265
860.349101,6.9209964393939485
860.349102,6.920997626262633
860.349103,6.920998813131316
860.349104,6.921
860.35175,6.923071363636385
860.5471,7.075996868686877
860.547101,7.075997651515158
860.547102,7.075998434343439
860.547103,7.07599921717172
860.547104,7.0760000000000005
860.54955,7.077334181818225
860.54985,7.07749781818182
860.7451,7.183997818181824
860.745101,7.183998363636368
860.745102,7.183998909090912
860.745103,7.183999454545456
860.745104,7.184
860.7477,7.1880513333333935
860.9431,7.492993757575774
860.943101,7.492995318181831
860.943102,7.492996878787887
860.943103,7.492998439393943
860.943104,7.493
860.9457,7.497405333333209
861.1411,7.828993212121229
861.141101,7.828994909090921
861.141102,7.828996606060614
861.141103,7.828998303030307
861.141104,7.829
861.1437,7.836078212572382
861.33915,8.368989093663243
861.339151,8.368991820247432
861.339152,8.368994546831622
861.339153,8.368997273415811
861.339154,8.369
861.34175,8.372051806256353
861.53735,8.601995297679125
861.537351,8.601996473259343
861.537352,8.601997648839562
861.537353,8.60199882441978
861.537354,8.602
861.5416,8.606701081900873
861.54215,8.607310030333606
861.73515,8.82099557128401
861.735151,8.820996678462976
861.735152,8.820997785641943
861.735153,8.820998892820908
861.735154,8.821
861.73775,8.820790433905152
861.93335,8.805000322906155
861.933351,8.805000242179617
861.933352,8.805000161453076
861.933353,8.805000080726538
861.933354,8.805
861.9357,8.807692325581382
862.13115,9.031995409504562
862.131151,9.03199655712842
862.131152,9.03199770475228
862.131153,9.03199885237614
862.131154,9.032
862.13575,9.038313696969688
862.32915,9.30399450505052
862.329151,9.30399587878789
862.329152,9.30399725252526
862.329153,9.30399862626263
862.329154,9.304
862.3318,9.304734258324933
862.52735,9.358998890010094
862.527351,9.35899916750757
862.527352,9.358999445005049
862.527353,9.358999722502524
862.527354,9.359
862.5298,9.359469908998982
862.52995,9.35949872598583
862.72515,9.39699923154702
862.725151,9.396999423660263
862.725152,9.39699961577351
862.725153,9.396999807886756
862.725154,9.397
862.72795,9.402450787878989
862.92315,9.78299220202022
862.923151,9.782994151515163
862.923152,9.78299610101011
862.923153,9.782998050505055
862.923154,9.783
862.92585,9.785271031525768
863.1214,9.949996630517033
863.121401,9.949997472887777
863.121402,9.949998315258515
863.121403,9.94999915762926
863.121404,9.95
863.12385,9.951434459049592
863.3192,10.065997654196163
863.319201,10.065998240647124
863.319202,10.065998827098085
863.319203,10.065999413549042
863.319204,10.066
863.32185,10.068843582240191
863.5174,10.278995701311818
863.517401,10.278996775983863
863.517402,10.278997850655909
863.517403,10.278998925327954
863.517404,10.279
863.51985,10.2788146969697
863.52005,10.278799545454552
863.7154,10.264000303030302
863.715401,10.264000227272726
863.715402,10.26400015151515
863.715403,10.264000075757576
863.715404,10.264
863.71985,10.267705000000024
863.9134,10.428996666666675
863.913401,10.428997500000008
863.913402,10.428998333333338
863.913403,10.428999166666667
863.913404,10.429
864.1114,10.509998363636369
864.111401,10.509998772727275
864.111402,10.509999181818184
864.111403,10.509999590909093
864.111404,10.51
864.11405,10.508173333333314
864.30985,10.37300276140085
864.309851,10.373002071050635
864.309852,10.373001380700424
864.309853,10.373000690350212
864.309854,10.373
864.31255,10.374160010124024
864.5074,10.457998278916737
864.507401,10.457998709187551
864.507402,10.457999139458368
864.507403,10.457999569729184
864.507404,10.458
864.50985,10.459383595959576
864.51045,10.459722989898948
864.7054,10.569997737373743
864.705401,10.569998303030308
864.705402,10.569998868686872
864.705403,10.569999434343435
864.705404,10.57
864.7096,10.575743010100982
864.9034,10.84099452525254
864.903401,10.840995893939406
864.903402,10.84099726262627
864.903403,10.840998631313136
864.903404,10.841
864.90595,10.839932737373717
865.1014,10.758001676767671
865.101401,10.758001257575756
865.101402,10.758000838383838
865.101403,10.75800041919192
865.101404,10.758
865.1042,10.756849613647772
865.3007,10.676001645760156
865.300701,10.676001234320118
865.300702,10.67600082288008
865.300703,10.67600041144004
865.300704,10.676
865.30325,10.677578714104223
865.49745,10.79799751969505
865.497451,10.797998139771288
865.497452,10.797998759847523
865.497453,10.797999379923764
865.497454,10.798
865.49985,10.798943878787869
865.5001,10.79904236363633
865.69545,10.875998424242429
865.695451,10.87599881818182
865.695451999,10.875999212121211
865.695452999,10.875999606060606
865.695453999,10.876
865.69825,10.876070552611656
865.8936,10.880999899066364
865.893601,10.880999924299774
865.893602,10.880999949533182
865.893603,10.880999974766592
865.893604,10.881
865.8961,10.880949524772497
866.0914,10.877000080889788
866.091401,10.877000060667342
866.091401999,10.877000040444894
866.091403,10.877000020222448
866.091404,10.877
866.093949999,10.877462792224197
866.28945,10.912999272910882
866.289451,10.912999454683163
866.289452,10.912999636455442
866.289453,10.91299981822772
866.289454,10.913
866.29225,10.911419469734874
866.48695,10.801358939469774
866.48935,10.80000226113056
866.489351,10.80000169584792
866.489352,10.80000113056528
866.489353,10.80000056528264
866.489354,10.8
866.49185,10.798345334013293
866.68545,10.670002651708304
866.685451,10.670001988781229
866.685452,10.670001325854152
866.685453,10.670000662927077
866.685454,10.67
866.688,10.669768779011106
866.88295,10.652063935418765
866.88365,10.652000363269424
866.883651,10.652000272452067
866.883652,10.652000181634714
866.883653,10.652000090817356
866.883654,10.652
867.0815,10.69499913065454
867.081501,10.694999347990905
867.081502,10.694999565327269
867.081502999,10.694999782663634
867.081504,10.695
867.08415,10.69382370295528
867.27945,10.607001778226822
867.279451,10.607001333670116
867.279452,10.607000889113412
867.279453,10.607000444556704
867.279454,10.607
867.282,10.604922932932892
867.47865,10.444492752752716
867.47925,10.444003263263255
867.479251,10.444002447447442
867.479252,10.444001631631629
867.479253,10.444000815815814
867.479254,10.444
867.4818,10.442429836901091
867.67545,10.323002466870534
867.675451,10.3230018501529
867.675452,10.323001233435267
867.675453,10.323000616717634
867.675454,10.323
867.8736,10.146003573050711
867.873601,10.146002679788031
867.873602,10.146001786525355
867.873603,10.14600089326268
867.873604,10.146
868.071,10.101148598838664
868.071649999,10.101000908861398
868.071651,10.101000681646047
868.071652,10.101000454430698
868.071653,10.10100022721535
868.071653999,10.101
868.2695,10.1119997776093
868.269501,10.111999833206976
868.269502,10.11199988880465
868.269503,10.111999944402326
868.269504,10.112
868.272,10.112377895533696
868.467,10.141900984102945
868.46765,10.141999394398184
868.467651,10.141999545798638
868.467652,10.141999697199092
868.467653,10.141999848599546
868.467654,10.142
868.4721,10.143729000000013
868.665,10.21874566666669
868.66565,10.218998444444448
868.665651,10.218998833333336
868.665652,10.218999222222225
868.665653,10.218999611111112
868.665654,10.219
868.86365,9.887006707070691
868.863651,9.887005030303015
868.863652,9.887003353535343
868.863653,9.887001676767673
868.863654,9.887
868.86615,9.888109333333365
869.06105,9.974731555555575
869.06165,9.974998222222226
869.061651,9.97499866666667
869.061652,9.974999111111114
869.061653,9.974999555555556
869.061654,9.975
869.25905,9.95107321212122
869.25965,9.951000484848484
869.259651,9.951000363636362
869.259652,9.951000242424245
869.259653,9.951000121212122
869.259654,9.951
869.45765,10.062997737373744
869.457651,10.062998303030309
869.457652,10.062998868686872
869.457653,10.062999434343435
869.457654,10.063
869.46205,10.06337743434343
869.4622,10.063390313131316
869.65565,10.079999656565658
869.655651,10.079999742424244
869.655652,10.079999828282828
869.655653,10.079999914141414
869.655654,10.08
869.6582,10.07174687200185
869.853,9.440282090380984
869.8537,9.438012966422589
869.853701,9.438009724816942
869.853702,9.438006483211296
869.853703,9.438003241605648
869.853704,9.438
870.0517,9.658995535353547
870.051701,9.65899665151516
870.051702,9.658997767676777
870.051703,9.658998883838388
870.051704,9.659
870.05435,9.661084727272748
870.2497,9.814996848484856
870.249701,9.814997636363644
870.249702,9.814998424242429
870.249703,9.814999212121212
870.249704,9.815
870.44705,9.90270933333331
870.4477,9.902998222222228
870.447701,9.90299866666667
870.447702,9.902999111111114
870.447703,9.902999555555557
870.447704,9.903
870.4502,9.908534060605954
870.6457,10.341991131313154
870.645701,10.341993348484866
870.645702,10.341995565656577
870.645703,10.341997782828289
870.645704,10.342
870.6482,10.342692808478413
870.84305,10.396776835730504
870.84385,10.396998889729971
870.843851,10.396999167297473
870.843852,10.39699944486497
870.843853,10.39699972243247
870.843854,10.397
871.04105,10.192677634571584
871.0417,10.192004144553945
871.041701,10.19200310841546
871.041702,10.192002072276972
871.041703,10.192001036138484
871.041704,10.192
871.23905,10.2228976060606
871.2397,10.22299937373736
871.239701,10.222999530303014
871.239702,10.222999686868688
871.239703,10.222999843434344
871.239704,10.223
871.43705,10.238927041614126
871.43795,10.238999677175284
871.437951,10.238999757881464
871.437952,10.238999838587644
871.437953,10.23899991929382
871.437954,10.239
871.44035,10.240017769911494
871.63505,10.322722194690243
871.6357,10.32299830088496
871.635701,10.32299872566372
871.635702,10.32299915044248
871.635703,10.32299957522124
871.635704,10.323
871.83305,10.298101438304302
871.83385,10.29800050466818
871.833851,10.298000378501134
871.833852,10.29800025233409
871.833853,10.298000126167045
871.833854,10.298
872.0311,10.116693070707097
872.03185,10.116003676767669
872.031851,10.11600275757575
872.031852,10.116001838383834
872.031853,10.116000919191915
872.031854,10.116
872.2291,10.084105750378988
872.22975,10.084000646791326
872.229751,10.08400048509348
872.229752,10.084000323395651
872.229753,10.084000161697826
872.229754,10.084
872.4271,10.111879354187687
872.42795,10.11199943491423
872.427951,10.111999576185672
872.427952,10.111999717457117
872.427953,10.111999858728558
872.427954,10.112
872.4304,10.112197856420634
872.62575,10.12799967644085
872.625751,10.127999757330638
872.625752,10.127999838220424
872.625753,10.127999919110213
872.625754,10.128
872.62825,10.126501014383072
872.8231,10.00948284632848
872.8239,10.009002402220537
872.823901,10.0090018016654
872.823902,10.009001201110268
872.823903,10.009000600555131
872.823904,10.009
873.0211,9.872556303030311
873.0219,9.87200276767676
873.021901,9.872002075757573
873.021902,9.87200138383838
873.021903,9.87200069191919
873.021904,9.872
873.21975,9.912999171089211
873.219751,9.912999378316908
873.219752,9.912999585544606
873.219753,9.912999792772304
873.219754,9.913
873.41835,9.985760391468029
873.419,9.985998534504397
873.419001,9.985998900878297
873.419002,9.9859992672522
873.419003,9.9859996336261
873.419004,9.986
873.4215,9.986443451776662
873.6151,10.020839390862946
873.616,10.020999289340104
873.616001,10.020999467005078
873.616002,10.020999644670052
873.616003,10.020999822335028
873.616004,10.021
873.81385,10.026999878695984
873.813851,10.026999909021988
873.813852,10.026999939347991
873.813853,10.026999969673996
873.813854,10.027
873.8183,10.02634931112793
874.01135,9.998095715367151
874.012,9.998000585415088
874.012001,9.998000439061316
874.012002,9.998000292707545
874.012003,9.998000146353773
874.012004,9.998
874.20915,10.015922363636363
874.21,10.015999636363638
874.210001,10.015999727272728
874.210002,10.015999818181818
874.210003,10.01599990909091
874.210004,10.016
874.408,10.066998969696971
874.408001,10.06699922727273
874.408002,10.066999484848486
874.408003,10.066999742424244
874.408004,10.067
874.41235,10.063927070707033
874.41255,10.063785656565653
874.60515,9.92760383838384
874.606,9.92700282828282
874.606001,9.927002121212116
874.606002,9.92700141414141
874.606003,9.927000707070706
874.606004,9.927
874.80315,9.903121604844811
874.80415,9.903000484481453
874.804151,9.90300036336109
874.804152,9.903000242240726
874.804153,9.903000121120364
874.804154,9.903
875.00115,9.988672091024055
875.0019,9.98899826042984
875.001901,9.98899869532238
875.001902,9.98899913021492
875.001903,9.98899956510746
875.001904,9.989
875.19935,10.000957365632091
875.20005,10.000999757759274
875.200051,10.000999818319457
875.200052,10.000999878879636
875.200053,10.00099993943982
875.200054,10.001
875.39715,9.92833329292929
875.39805,9.928001474747472
875.398051,9.928001106060604
875.398052,9.928000737373736
875.398053,9.928000368686869
875.398054,9.928
875.40245,9.925380161616136
875.59515,9.810538747474745
875.59605,9.81000238383838
875.596051,9.810001787878784
875.596052,9.81000119191919
875.596053,9.810000595959597
875.596054,9.81
875.79315,9.70854255866771
875.7942,9.708002059046173
875.794201,9.70800154428463
875.794202,9.708001029523086
875.794203,9.708000514761544
875.794204,9.708
875.99115,9.682105709228829
875.99195,9.682000525916576
875.991951,9.682000394437436
875.991952,9.682000262958296
875.991953,9.682000131479157
875.991954,9.682
876.18915,9.821431515151504
876.18995,9.82199717171718
876.189951,9.821997878787885
876.189952,9.82199858585859
876.189953,9.821999292929297
876.189954,9.822
876.38755,9.816019793190415
876.3882,9.816000121059268
876.388201,9.816000090794452
876.388202,9.816000060529635
876.388203,9.816000030264815
876.388204,9.816
876.3926,9.810667475360072
876.58515,9.577096588324478
876.58605,9.576004852160716
876.586051,9.576003639120538
876.586052,9.576002426080358
876.586053,9.57600121304018
876.586054,9.576
876.78315,9.685414887711293
876.7842,9.68599777946001
876.784201,9.685998334595007
876.784202,9.685998889730003
876.784203,9.685999444865002
876.784204,9.686
876.98155,9.717894303030294
876.9822,9.717999353535356
876.982201,9.717999515151517
876.982202,9.717999676767676
876.982203,9.71799983838384
876.982204,9.718
877.1794,9.615340470053098
877.18005,9.61500208238564
877.180051,9.61500156178923
877.180052,9.61500104119282
877.180053,9.61500052059641
877.180054,9.615
877.3772,9.6886250517285
877.3782,9.68899850618219
877.378201,9.688998879636642
877.378202,9.688999253091094
877.378203,9.688999626545549
877.378204,9.689
877.38065,9.68927198382614
877.5752,9.71090503917109
877.57605,9.7109995552186
877.576051,9.71099966641395
877.576052,9.7109997776093
877.576053,9.71099988880465
877.576054,9.711
877.7732,9.755771990915957
877.7742,9.755999091597277
877.774201,9.755999318697958
877.774202,9.75599954579864
877.774203,9.75599977289932
877.774204,9.756
877.9712,9.84952335353537
877.9722,9.849998101010106
877.972201,9.84999857575758
877.972202,9.849999050505051
877.972203,9.849999525252526
877.972204,9.85
878.1692,9.681686936299307
878.17,9.68100341759352
878.170001,9.681002563195142
878.170002,9.68100170879676
878.170003,9.68100085439838
878.170004,9.681
878.3672,9.764574490413738
878.3682,9.764998304742688
878.368201,9.764998728557018
878.368202,9.764999152371344
878.368203,9.764999576185671
878.368204,9.765
878.37055,9.763104242424252
878.5652,9.605811313131287
878.5662,9.605003232323224
878.566200999,9.605002424242418
878.566202,9.605001616161612
878.566203,9.605000808080806
878.566204,9.605
878.7636,9.459482120676636
878.76425,9.459002948750308
878.764251,9.45900221156273
878.764252,9.459001474375151
878.764253,9.459000737187576
878.764254,9.459
878.9624,9.48190129648241
878.96325,9.481999537688443
878.963251,9.481999653266332
878.963252,9.48199976884422
878.963253,9.48199988442211
878.963254,9.482
879.15925,9.608256616789292
879.1604,9.608997423281773
879.160401,9.608998067461329
879.160402,9.608998711640886
879.160403,9.608999355820442
879.160404,9.609
879.3576,9.583085943896885
879.35825,9.583000525650744
879.358251,9.583000394238056
879.358252,9.583000262825372
879.358253,9.583000131412684
879.358254,9.583
879.3606,9.584848363636356
879.5555,9.738405939394006
879.55625,9.738996848484858
879.556251,9.738997636363644
879.556252,9.738998424242428
879.556253,9.738999212121216
879.556254,9.739
879.75325,9.727039706551986
879.95155,9.715000242853527
879.951551,9.715000182140146
879.951552,9.715000121426764
879.951553,9.715000060713384
879.951554,9.715
879.9545,9.714218863636347
880.14925,9.662580606060596
880.34755,9.610001060606058
880.347551,9.610000795454544
880.347552,9.610000530303028
880.347553,9.610000265151514
880.347554,9.61
880.3501,9.611607323232285
880.54555,9.73499747474748
880.545551,9.73499810606061
880.545552,9.73499873737374
880.545553,9.73499936868687
880.545554,9.735
880.5479,9.734703713058854
880.5486,9.734615306895677
880.7435,9.710000505178074
880.743501,9.710000378883556
880.743502,9.71000025258904
880.743503,9.71000012629452
880.743504,9.71
880.7464,9.708305493064335
880.94175,9.594002340479186
880.941751,9.59400175535939
880.941752,9.594001170239594
880.941753,9.594000585119796
880.941754,9.594
880.9441,9.592410295828072
881.1395,9.460002710493042
881.139501,9.46000203286978
881.139502,9.46000135524652
881.139503,9.46000067762326
881.139504,9.46
881.1425,9.462193486493348
881.33755,9.604997071446611
881.337551,9.60499780358496
881.337552,9.604998535723306
881.337553,9.604999267861654
881.337554,9.605
881.3405,9.60644324242422
881.53555,9.701998040404046
881.535551,9.701998530303031
881.535552,9.701999020202022
881.535553,9.701999510101013
881.535554,9.702
881.5379,9.703563999999991
881.53825,9.703797333333345
881.73355,9.83399733333334
881.733551,9.833998000000005
881.733552,9.83399866666667
881.733553,9.833999333333336
881.733554,9.834
881.7362,9.83383979818365
881.93175,9.822000242179618
881.931751,9.822000181634714
881.931752,9.82200012108981
881.931753,9.822000060544903
881.931754,9.822
881.93445,9.82142754297272
882.12955,9.780000849342768
882.129551,9.780000637007076
882.129552,9.780000424671384
882.129553,9.780000212335692
882.129554,9.78
882.1322,9.782389074401031
882.3278,9.958996388398496
882.327801,9.958997291298871
882.327802,9.958998194199248
882.327803,9.958999097099625
882.327804,9.959
882.3323,9.954930295828053
882.52555,9.78000362073324
882.525551,9.78000271554993
882.525552,9.78000181036662
882.525553,9.780000905183307
882.525554,9.78
882.528,9.78126006060604
882.5284,9.781466121212109
882.72355,9.881997939393944
882.723551,9.881998454545458
882.723552,9.881998969696973
882.723553,9.881999484848484
882.723554,9.882
882.7262,9.88579048675918
882.9218,10.1659942698613
882.921801,10.165995702395977
882.921802,10.16599713493065
882.921803,10.165998567465326
882.921804,10.166
882.9242,10.161722943110028
883.11955,9.81300714032868
883.119551,9.81300535524651
883.119552,9.81300357016434
883.119553,9.81300178508217
883.119554,9.813
883.1226,9.815076293865213
883.3176,9.947997273415734
883.317601,9.947997955061782
883.317602,9.947998636707906
883.317603,9.947999318353952
883.317604,9.948
883.322,9.949397315842562
883.5158,10.010998728557018
883.515801,10.010999046417764
883.515802,10.01099936427851
883.515803,10.010999682139255
883.515804,10.011
883.5182,10.010709282103138
883.5183,10.01069714863498
883.7136,9.987000485338724
883.713601,9.987000364004045
883.713602,9.987000242669362
883.713603,9.98700012133468
883.713604,9.987
883.7162,9.984001341740182
883.91185,9.75800462042874
883.911851,9.758003465321556
883.911852,9.758002310214373
883.911853,9.758001155107186
883.911854,9.758
883.9144,9.755814040404092
884.10985,9.588003434343428
884.109851,9.58800257575757
884.109852,9.588001717171714
884.109853,9.588000858585858
884.109854,9.588
884.1122,9.587667823008852
884.3076,9.56000056637168
884.307601,9.56000042477876
884.307602,9.56000028318584
884.307603,9.56000014159292
884.307604,9.56
884.31205,9.561839414732606
884.5058,9.641998345105955
884.505801,9.641998758829468
884.505802,9.641999172552978
884.505803,9.641999586276487
884.505804,9.642
884.50815,9.64115875757576
884.50835,9.64108704040402
884.7038,9.571001434343431
884.703801,9.571001075757572
884.703802,9.571000717171716
884.703803,9.571000358585858
884.703804,9.571
884.7062,9.570128727272737
884.9018,9.499001454545452
884.901801,9.499001090909088
884.901802,9.499000727272726
884.901803,9.499000363636362
884.901804,9.499
884.90455,9.500012158545823
885.09985,9.571998525624847
885.099851,9.571998894218636
885.099852,9.571999262812424
885.099853,9.571999631406213
885.099854,9.572
885.1022,9.57403793939393
885.29785,9.743996525252534
885.297851,9.7439973939394
885.297852,9.743998262626269
885.297853,9.743999131313132
885.297854,9.744
885.3024,9.743018684738956
885.49705,9.701000863453814
885.497051,9.70100064759036
885.497052,9.701000431726907
885.497053,9.701000215863454
885.497054,9.701
885.4994,9.701405304878048
885.49995,9.701500325203249
885.69385,9.73499930894309
885.693851,9.734999481707318
885.693852,9.734999654471546
885.693853,9.734999827235772
885.693854,9.735
885.6963,9.73682832323238
885.89185,9.882997010101018
885.891851,9.882997757575763
885.891852,9.88299850505051
885.891853,9.882999252525256
885.891854,9.883
885.8943,9.883518848484863
886.089849999,9.924999151515154
886.089851,9.924999363636363
886.089852,9.924999575757578
886.089853,9.92499978787879
886.089853999,9.925
886.0923,9.926778909090883
886.28785,10.068997090909098
886.287851,10.068997818181824
886.287852,10.06899854545455
886.287853,10.068999272727275
886.287854,10.069
886.2881,10.06887948484851
886.48585,9.972001959595952
886.485851,9.972001469696966
886.485852,9.972000979797976
886.485853,9.972000489898988
886.485854,9.972
886.4882,9.972651666666662
886.48835,9.97269333333332
886.68385,10.026998888888892
886.683851,10.02699916666667
886.683852,10.026999444444447
886.683853,10.026999722222223
886.683854,10.027
886.6862,10.025307376387495
886.88135,9.884507931382473
886.88205,9.884002885973755
886.882051,9.884002164480318
886.882052,9.88400144298688
886.882053,9.88400072149344
886.882054,9.884
887.079849999,9.481008149646089
887.079851,9.481006112234564
887.079852,9.481004074823042
887.079853,9.48100203741152
887.079853999,9.481
887.08225,9.477527886897285
887.2779,9.194005796516018
887.277901,9.194004347387011
887.277902,9.19400289825801
887.277903,9.194001449129004
887.277904,9.194
887.2781,9.194062316426937
887.4754,9.25679206661622
887.47605,9.256998728236187
887.476051,9.25699904617714
887.476052,9.256999364118094
887.476053,9.256999682059046
887.476054,9.257
887.4784,9.25724900682336
887.6739,9.277999575435938
887.673901,9.277999681576954
887.673902,9.277999787717969
887.673903,9.277999893858984
887.673904,9.278
887.67625,9.272980045420162
887.8714,8.85539942467839
887.87205,8.854008559172323
887.872051,8.854006419379242
887.872052,8.854004279586162
887.872053,8.854002139793081
887.872054,8.854000000000001
888.0699,8.01801690169316
888.069900999,8.018012676269871
888.069902,8.01800845084658
888.069903,8.01800422542329
888.069904,8.018
888.07225,8.018355319954562
888.2674,8.047912305944724
888.26805,8.04801075350246
888.268051,8.048010904960242
888.4654,8.077900946611141
888.46605,8.077999394168877
888.466051,8.077999545626657
888.466052,8.077999697084438
888.466053,8.077999848542218
888.466054,8.078
888.4685,8.079199201415252
888.6639,8.174998038918378
888.663901,8.174998529188784
888.663902,8.17499901945919
888.663903,8.174999509729595
888.663904,8.175
888.6665,8.171711602321425
888.86205,7.924005066868522
888.862051,7.924003800151391
888.862052,7.924002533434261
888.862053,7.924001266717131
888.862054,7.924
888.8644,7.921784892703873
889.05945,7.737617510729665
889.0601,7.737003776824025
889.060101,7.737002832618018
889.060102,7.737001888412013
889.060103,7.737000944206006
889.060104,7.737
889.25795,7.656001637604242
889.257951,7.656001228203181
889.257952,7.656000818802121
889.257953,7.656000409401061
889.257954,7.656000000000001
889.26045,7.655370174110535
889.45545,7.606165026495065
889.4561,7.606001009336358
889.456101,7.606000757002269
889.456102,7.606000504668179
889.456103,7.6060002523340895
889.456104,7.606
889.45845,7.606758303030299
889.65345,7.669788606060589
889.6541,7.669998707070674
889.654101,7.669999030302996
889.654102,7.669999353535318
889.654103,7.669999676767677
889.654104,7.67
889.85245,7.689934271356779
889.8531,7.689999597989951
889.853101,7.689999698492463
889.853102,7.689999798994976
889.853103,7.689999899497488
889.853104,7.69
890.04945,7.494650680203099
890.0501,7.494003979695421
890.050101,7.494002984771566
890.050102,7.49400198984771
890.050103,7.494000994923855
890.050104,7.494
890.2476,7.494
890.24825,7.494
890.248251,7.494
890.248252,7.494
890.248253,7.494
890.248254,7.494
890.44605,7.2600047320525665
890.446051,7.260003549039425
890.446052,7.260002366026283
890.446053,7.260001183013141
890.446054,7.26
890.44845,7.257181176470616
890.45085,7.254357647058756
890.6441,7.027004705882341
890.644101,7.027003529411756
890.644102,7.027002352941171
890.644103,7.027001176470585
890.644104,7.027
890.64645,7.027769957081579
890.84145,7.091768947235534
890.84215,7.091998687200205
890.842151,7.091999015400154
890.842152,7.091999343600103
890.842153,7.091999671800052
890.842154,7.0920000000000005
891.0396,7.179709480060602
891.04025,7.17999822311964
891.040251,7.1799986673397305
891.040252,7.1799991115598205
891.040253,7.17999955577991
891.040254,7.18
891.2375,7.185974134275618
891.23835,7.185999878849063
891.238351,7.185999909136797
891.238352,7.1859999394245335
891.238353,7.185999969712267
891.238354,7.186
891.4355,7.073345142857116
891.4361,7.0730022857142805
891.436101,7.07300171428571
891.436102,7.07300114285714
891.436103,7.073000571428571
891.436104,7.073
891.43845,7.0715070909090985
891.6335,6.947384363636334
891.6341,6.947002545454539
891.634101,6.947001909090904
891.634102,6.947001272727269
891.634103,6.947000636363635
891.634104,6.947
891.83225,6.9390001614938175
891.832251,6.939000121120363
891.832252,6.939000080746909
891.832253,6.939000040373454
891.832254,6.939
891.8347,6.935998848775606
892.02965,6.696802433728784
892.0303,6.69600490785154
892.030301,6.696003680888655
892.030302,6.69600245392577
892.030303,6.696001226962885
892.030304,6.696
892.22835,6.647000989649076
892.228351,6.647000742236807
892.228352,6.647000494824538
892.228353,6.64700024741227
892.228354,6.647
892.23075,6.647229861146184
892.4255,6.665913274425652
892.4264,6.665999616258522
892.426401,6.665999712193892
892.426402,6.6659998081292615
892.426403,6.665999904064631
892.426404,6.666
892.4288,6.665163974715559
892.62415,6.59700139570164
892.624151,6.597001046776231
892.624152,6.59700069785082
892.624153,6.597000348925411
892.624154,6.597
892.62445,6.596716174615144
892.82165,6.407627100681354
892.8223,6.407003835478164
892.822300999,6.407002876608622
892.822302,6.407001917739081
892.822302999,6.407000958869541
892.822304,6.407
893.021,6.180744710308435
893.02165,6.180004554803098
893.021651,6.180003416102323
893.021652,6.180002277401549
893.021653,6.180001138700774
893.021654,6.18
893.21765,6.036478901601788
893.2183,6.036002929061778
893.218301,6.036002196796334
893.218302,6.036001464530889
893.218303,6.036000732265445
893.218304,6.0360000000000005
893.4155,5.60575418181797
893.4163,5.6040087272727055
893.416301,5.604006545454529
893.416302,5.604004363636353
893.416303,5.604002181818176
893.416304,5.604
893.4188,5.60354618181817
893.6143,5.568000727272726
893.614301,5.568000545454544
893.614302,5.568000363636363
893.614303,5.5680001818181815
893.614304,5.5680000000000005
893.6168,5.56513842424248
893.8115,5.3419217575757765
893.8123,5.341004585858575
893.812301,5.341003439393931
893.812302,5.341002292929288
893.812303,5.341001146464643
893.812304,5.341
894.0109,5.056295959899737
894.0118,5.055005734335825
894.011801,5.055004300751868
894.011802,5.055002867167913
894.011803,5.055001433583956
894.011804,5.055
894.2084,4.9970011800610346
894.208401,4.997000885045776
894.208402,4.997000590030517
894.208403,4.997000295015258
894.208404,4.997
894.21085,4.993873766102454
894.40565,4.74489978277348
894.40635,4.744005112402254
894.406351,4.744003834301727
894.406352,4.7440025562012
894.406353,4.744001278100672
894.406354,4.744
894.40875,4.740514909090943
894.60355,4.457169454545479
894.60435,4.456005818181804
894.604351,4.456004363636353
894.604352,4.456002909090902
894.604353,4.456001454545452
894.604354,4.456
894.80155,4.222950181818201
894.80235,4.222004727272716
894.802351,4.222003545454537
894.802352,4.222002363636358
894.802353,4.222001181818179
894.802354,4.222
894.99965,3.879396143361968
895.00045,3.878006945986858
895.000451,3.878005209490144
895.000452,3.878003472993429
895.000453,3.8780017364967145
895.000454,3.878
895.19755,3.6342416961131727
895.19855,3.633004946996454
895.198551,3.633003710247341
895.198552,3.633002473498227
895.198553,3.633001236749113
895.198554,3.633
895.39555,3.4239592723597685
895.39645,3.423004244567953
895.396451,3.4230031834259647
895.396452,3.4230021222839766
895.396453,3.423001061141988
895.396454,3.423
895.3988,3.4213175151515234
895.59355,3.281648323232317
895.59445,3.281002868686861
895.594451,3.281002151515146
895.594452,3.281001434343431
895.594453,3.2810007171717155
895.594454,3.281
895.79155,3.125790630994421
895.79255,3.1250031499242725
895.792551,3.1250023624432046
895.792552,3.1250015749621363
895.792553,3.1250007874810684
895.792554,3.125
895.9897,2.805061344792808
895.99035,2.804006491405444
895.990351,2.804004868554083
895.990352,2.804003245702722
895.990353,2.804001622851361
895.990354,2.8040000000000003
896.1876,2.7403241160151586
896.1886,2.740001291298862
896.188601,2.7400009684741464
896.188602,2.740000645649431
896.188603,2.740000322824716
896.188604,2.74
896.3856,2.591605642062617
896.3864,2.591003013144583
896.386401,2.591002259858437
896.386402,2.591001506572292
896.386403,2.591000753286146
896.386404,2.591
896.3889,2.5886954187688613
896.5836,2.408927003027214
896.5846,2.408003693239143
896.584601,2.4080027699293574
896.584602,2.4080018466195714
896.584603,2.408000923309786
896.584604,2.408
896.7816,2.046840666666605
896.7826,2.0450073333333147
896.782601,2.045005499999986
896.782602,2.0450036666666573
896.782603,2.0450018333333286
896.782604,2.045
896.9796,1.9045376182048248
896.98035,1.90400285208596
896.980351,1.90400213906447
896.980352,1.90400142604298
896.980353,1.9040007130214904
896.980354,1.904
897.17775,1.6530855384615433
897.1786,1.6520050844892684
897.178601,1.6520038133669517
897.178602,1.6520025422446345
897.178603,1.652001271122317
897.178604,1.652
897.37595,1.4297365757576368
897.3766,1.4290045050504938
897.376601,1.4290033787878702
897.376602,1.4290022525252468
897.376603,1.4290011262626234
897.376604,1.429
897.37905,1.4268606774520038
897.5736,1.256703195146627
897.5744,1.2560034984834072
897.574401,1.25600262386258
897.574402,1.2560017492416538
897.574403,1.2560008746208269
897.574404,1.256
897.7716,1.2311266397578162
897.7726,1.2310005045408667
897.772601,1.23100037840565
897.772602,1.2310002522704333
897.772603,1.2310001261352168
897.772604,1.231
897.9696,0.8003043776823027
897.97065,0.7980087452663249
897.970651,0.7980065589497437
897.970652,0.7980043726331625
897.970653,0.7980021863165813
897.970654,0.798
898.16765,0.6029938585859372
898.16865,0.6020039595959495
898.168651,0.6020029696969622
898.168652,0.6020019797979748
898.168653,0.6020009898989873
898.168654,0.602
898.36565,0.3900800606060244
898.36665,0.3890043030302922
898.366651,0.3890032272727192
898.366652,0.3890021515151461
898.366653,0.389001075757573
898.366654,0.389
898.36905,0.3867111751326993
898.5636,0.2008635633055261
898.5645,0.2000038210765635
898.564501,0.2000028658074226
898.564502,0.2000019105382817
898.564503,0.2000009552691408
898.564504,0.2
898.7616,0.105505324249284
898.76265,0.1050019177390817
898.762651,0.1050014383043112
898.762652,0.1050009588695408
898.762653,0.1050004794347704
898.762654,0.105
898.9596,0.104005323232323
898.96065,0.1040000202020201
898.960651,0.1040000151515151
898.960652,0.10400001010101
898.960653,0.104000005050505
898.960654,0.104
899.15765,0.1995132121211736
899.15865,0.1999980606060103
899.158651,0.1999985454545491
899.158652,0.1999990303030327
899.158653,0.1999995151515163
899.158654,0.2
899.35565,0.1860709898989955
899.35665,0.1860002828282821
899.356651,0.1860002121212116
899.356652,0.186000141414141
899.356653,0.1860000707070705
899.356654,0.186
899.35905,0.1857339793086071
899.55365,0.1641281251577009
899.5548,0.1640004441079978
899.554801,0.1640003330809984
899.554802,0.1640002220539989
899.554803,0.1640001110269994
899.554804,0.164
899.75165,0.1823782538480997
899.9511,0.2009996265455472
899.951101,0.2009997199091604
899.951102,0.2009998132727736
899.951103,0.2009999066363868
899.951104,0.201
899.95375,0.2009396808510632
900.1478,0.1965160486322172
900.3459,0.1920000911854101
900.345901,0.1920000683890576
900.345902,0.192000045592705
900.345903,0.1920000227963525
900.345904,0.192
900.3488,0.1915613228982633
900.54395,0.1620006059075975
900.543951,0.1620004544306982
900.543952,0.1620003029537988
900.543953,0.1620001514768994
900.543954,0.162
900.5463,0.1622248940464166
900.5468,0.1622728254288683
900.74215,0.1809996165489414
900.742151,0.180999712411706
900.742152,0.1809998082744707
900.742153,0.1809999041372353
900.742154,0.181
900.74455,0.1808546410515687
900.93995,0.1690002426693624
900.939951,0.1690001820020218
900.939952,0.1690001213346812
900.939953,0.1690000606673406
900.939954,0.169
900.9429,0.1692678181818138
901.13795,0.1869996363636372
901.137951,0.1869997272727279
901.137952,0.1869998181818186
901.137953,0.1869999090909093
901.137954,0.187
901.14055,0.186845968754929
901.33595,0.1752520915259592
901.335951,0.1752520321918896
901.3382,0.1751185898690236
901.53395,0.1635039457156401
901.533951,0.1635038863815705
901.53595,0.163385277576138
901.53635,0.1633615439482443
901.73235,0.1517320662774206
901.732351,0.151732006943351
901.73615,0.1515065968123699
901.92995,0.1400076540949951
901.929951,0.1400075947609255
901.9322,0.1398741524380662
902.12795,0.128259508284676
902.127951,0.1282594489506064
902.13035,0.1281171065172802
902.3262,0.1164965289569233
902.326201,0.1164964696228537
902.3286,0.1163541271895208
902.524,0.1047602499605511
902.524001,0.1047601906264815
902.526,0.1046415818210489
902.5265,0.1046119147861751
902.7222,0.0930002373362784
902.722201,0.0930001780022087
902.722202,0.0930001186681391
902.722203,0.0930000593340696
902.722204,0.093
902.7247,0.0933025454545395
902.9202,0.1169995151515163
902.920201,0.1169996363636372
902.920202,0.1169997575757582
902.920203,0.1169998787878791
902.920204,0.117
902.92255,0.1170353224592219
903.11945,0.1199999397741532
903.119451,0.1199999548306149
903.119452,0.1199999698870766
903.119453,0.1199999849435383
903.119454,0.12
903.12215,0.1212606454892065
903.3162,0.2119981296061038
903.316201,0.2119985972045778
903.316202,0.2119990648030519
903.316203,0.2119995324015259
903.316204,0.212
903.31855,0.2132914848485405
903.5142,0.3209977979798035
903.514201,0.3209983484848526
903.514202,0.3209988989899017
903.514203,0.3209994494949508
903.514204,0.321
903.51655,0.320609886621317
903.5171,0.3205184278155766
903.71265,0.2880006651549492
903.712651,0.2880004988662119
903.712652,0.2880003325774746
903.712653,0.2880001662887373
903.712654,0.288
903.71525,0.2893535206276507
903.9102,0.3909979144520427
903.910201,0.390998435839032
903.910202,0.3909989572260214
903.910203,0.3909994786130107
903.910204,0.391
903.9126,0.3901278463094123
904.108,0.3190014560161743
904.108001,0.3190010920121307
904.108002,0.3190007280080871
904.108003,0.3190003640040436
904.108004,0.319
904.11245,0.3205474098360371
904.30625,0.3879986078184146
904.306251,0.3879989558638109
904.306252,0.3879993039092073
904.306253,0.3879996519546037
904.306254,0.388
904.3086,0.3876563939393791
904.50425,0.3590005858585843
904.504251,0.3590004393939383
904.504252,0.3590002929292922
904.504253,0.359000146464646
904.504254,0.359
904.5066,0.355916279069781
904.50675,0.3557191102123987
904.70205,0.0990052578361848
904.702051,0.0990039433771386
904.702052,0.0990026289180924
904.702053,0.0990013144590462
904.702054,0.099
904.7049,0.1004072048436367
904.90025,0.1969980221998031
904.900251,0.1969985166498524
904.900252,0.1969990110999016
904.900253,0.1969995055499508
904.900254,0.197
904.9026,0.1998080909090776
905.09825,0.4339952121212242
905.098250999,0.4339964090909182
905.098252,0.4339976060606121
905.098253,0.433998803030306
905.098254,0.434
905.1006,0.4335971515151534
905.29625,0.4000006868686852
905.296251,0.4000005151515138
905.296252,0.4000003434343426
905.296253,0.4000001717171713
905.296254,0.4
905.30055,0.4034064242424762
905.49425,0.5569968282827462
905.494251,0.5569976212121273
905.494252,0.5569984141414182
905.494253,0.5569992070707092
905.494254,0.557
905.4966,0.5570355185465555
905.4972,0.5570446025738071
905.692399999,0.5599999394398185
905.692400999,0.559999954579864
905.692401999,0.5599999697199093
905.692402999,0.5599999848599547
905.692403999,0.56
905.69495,0.5618916451857854
905.89025,0.7069970280515616
905.890251,0.7069977710386712
905.890252,0.7069985140257808
905.890253,0.7069992570128905
905.890254,0.707
905.89295,0.7090827467811274
906.0883,0.8599969098712524
906.088301,0.8599976824034393
906.088301999,0.8599984549356262
906.088303,0.8599992274678131
906.088304,0.86
906.0907,0.8610648888888783
906.2863,0.9479982222222268
906.286301,0.94799866666667
906.286302,0.9479991111111136
906.286303,0.9479995555555568
906.286304,0.948
906.2887,0.9482057171717247
906.4843,0.9649996565656574
906.484301,0.964999742424243
906.484302,0.9649998282828288
906.484303,0.9649999141414144
906.484304,0.965
906.4867,0.9661487257128326
906.48725,0.9664124148372216
906.6818,1.0596864496593774
906.68245,1.0599980822609183
906.682451,1.0599985616956888
906.682452,1.0599990411304592
906.682453,1.0599995205652295
906.682454,1.06
906.88025,1.1199987866531882
906.880251,1.1199990899898913
906.880252,1.1199993933265942
906.880253,1.1199996966632972
906.880254,1.12
906.8827,1.1212477070706888
907.07825,1.2209979595959648
907.078251,1.2209984696969736
907.078251999,1.2209989797979826
907.078253,1.220999489898991
907.078254,1.221
907.080749999,1.2222215539858488
907.27645,1.317998042381438
907.276451,1.3179985317860785
907.276452,1.3179990211907189
907.276453,1.3179995105953597
907.276454,1.318
907.2789,1.320980085234351
907.4759,1.5609951265981572
907.475901,1.560996344948618
907.475902,1.5609975632990785
907.475903,1.5609987816495392
907.475904,1.561
907.47835,1.5641982803357446
907.4785,1.564394413635259
907.6718,1.817144858814629
907.67245,1.817994769778696
907.672451,1.8179960773340216
907.672452,1.817997384889348
907.672453,1.8179986924446736
907.672454,1.818
907.8698,1.886772090909112
907.87045,1.8869986060606097
907.870451,1.886998954545457
907.870452,1.8869993030303047
907.870453,1.8869996515151524
907.870454,1.887
908.069599999,2.254992608586511
908.069601,2.254994456439883
908.069602,2.254996304293256
908.069603,2.254998152146628
908.069604,2.255
908.26585,2.388588844297644
908.26645,2.3889972771145613
908.266451,2.388997957835921
908.266452,2.388998638557281
908.266453,2.3889993192786405
908.266454,2.389
908.46385,2.645216020201933
908.46445,2.645994808080821
908.464451,2.645996106060616
908.464452,2.6459974040404104
908.464453,2.645998702020205
908.464454,2.646
908.4669,2.650620222222153
908.66185,3.0188591111112
908.66245,3.019992444444464
908.662451,3.019994333333348
908.662452,3.019996222222232
908.662453,3.019998111111116
908.662454,3.02
908.85985,3.166551575757611
908.86045,3.166997030303038
908.860451,3.1669977727272784
908.860452,3.166998515151519
908.860453,3.1669992575757595
908.860454,3.1670000000000003
909.05965,3.3119970883534213
909.059651,3.311997816265066
909.059652,3.311998544176711
909.059653,3.3119992720883555
909.059654,3.3120000000000003
909.0599,3.312094975869932
909.25585,3.3877475031749853
909.2565,3.387998455676916
909.256501,3.3879988417576863
909.256502,3.3879992278384576
909.256503,3.3879996139192285
909.256504,3.388
909.45385,3.397966969696967
909.4545,3.3979997979797987
909.454501,3.397999848484849
909.454502,3.3979998989898994
909.454503,3.3979999494949498
909.454504,3.398
909.4569,3.399367414141401
909.6525,3.510997717171723
909.652501,3.510998287878792
909.652502,3.510998858585862
909.652503,3.510999429292931
909.652504,3.511
909.6552,3.512361616161624
909.8505,3.610997979797985
909.850501,3.610998484848489
909.850502,3.610998989898993
909.850503,3.610999494949497
909.850504,3.611
909.853,3.611365575757585
910.04785,3.639904212121221
910.0485,3.639999414141416
910.048501,3.639999560606062
910.048502,3.639999707070708
910.048503,3.639999853535354
910.048504,3.64
910.2471,3.477535016311118
910.24775,3.477003272271008
910.247751,3.477002454203256
910.247752,3.477001636135504
910.247753,3.477000818067752
910.247754,3.477
910.4445,3.680995852604839
910.444501,3.680996889453629
910.444502,3.6809979263024193
910.444503,3.6809989631512097
910.444504,3.681
910.447,3.681579439818308
910.44715,3.681614261922766
910.64185,3.7268133535200567
910.64265,3.7269990714105496
910.642651,3.726999303557912
910.642652,3.726999535705275
910.642653,3.726999767852637
910.642654,3.727
910.83985,3.714042971948442
910.8405,3.714000262825372
910.840501,3.714000197119029
910.840502,3.714000131412686
910.840503,3.714000065706343
910.840504,3.714
911.03785,3.646310073139972
911.03875,3.6460013720050406
911.038751,3.64600102900378
911.038752,3.64600068600252
911.038753,3.64600034300126
911.038754,3.646
911.236,3.515465895428166
911.2367,3.515002647133108
911.236701,3.515001985349831
911.236702,3.515001323566554
911.236703,3.515000661783277
911.236704,3.515
911.4345,3.540999474216381
911.434501,3.540999605662286
911.434502,3.5409997371081907
911.434503,3.540999868554095
911.434504,3.541
911.43695,3.5406050857719533
911.43725,3.540556649848637
911.6319,3.509129808274473
911.6327,3.509000645812309
911.632701,3.509000484359232
911.632702,3.5090003229061546
911.632703,3.509000161453077
911.632704,3.509
911.8299,3.4212908870356067
911.830549999,3.421001779125596
911.830551,3.421001334344197
911.830551999,3.421000889562798
911.830553,3.421000444781399
911.830554,3.4210000000000003
912.02875,3.365001130171541
912.028751,3.365000847628656
912.028752,3.365000565085771
912.028753,3.3650002825428853
912.028754,3.365
912.0312,3.36496293939394
912.2259,3.3620129393939395
912.22675,3.3620000606060607
912.226751,3.3620000454545456
912.226752,3.3620000303030304
912.226753,3.3620000151515157
912.226754,3.362
912.42415,3.2782562424242228
912.42475,3.278001696969693
912.424751,3.2780012727272694
912.424752,3.2780008484848464
912.424753,3.278000424242423
912.424754,3.278
912.4271,3.276222278353128
912.62205,3.1284955796917964
912.6227,3.128003031068444
912.622701,3.128002273301333
912.622702,3.1280015155342222
912.622703,3.128000757767111
912.622704,3.128
912.8208,3.073222322775237
912.8216,3.0730011060834563
912.821601,3.073000829562592
912.821602,3.073000553041728
912.821603,3.073000276520864
912.821603999,3.073
913.0179,2.94545742131975
913.0186,2.945002598984765
913.018601,2.945001949238573
913.018602,2.9450012994923824
913.018603,2.945000649746191
913.018604,2.945
913.21595,2.960931059535822
913.2168,2.960999677093845
913.216801,2.960999757820384
913.216802,2.9609998385469227
913.216803,2.960999919273461
913.216804,2.961
913.4154,2.806663675106546
913.41625,2.8060031085485004
913.416251,2.806002331411376
913.416252,2.8060015542742502
913.416253,2.8060007771371254
913.416254,2.806
913.41855,2.803792195370134
913.61215,2.617628878147997
913.6128,2.61700384634952
913.612801,2.61700288476214
913.612802,2.61700192317476
913.612803,2.61700096158738
913.612804,2.617
913.80995,2.470560070742737
913.8107,2.4700029711975677
913.810701,2.4700022283981755
913.810702,2.470001485598784
913.810703,2.470000742799392
913.810704,2.47
914.00795,2.281957155107156
914.00895,2.2810038133669512
914.008951,2.2810028600252137
914.008952,2.281001906683476
914.008953,2.281000953341738
914.008954,2.281
914.20595,2.171474804144556
914.2068,2.171002223906995
914.206801,2.171001667930246
914.206802,2.171001111953497
914.206803,2.171000555976749
914.206804,2.1710000000000003
914.40395,1.8573586363636427
914.4048,1.856006363636348
914.404801,1.8560047727272608
914.404802,1.856003181818174
914.404803,1.856001590909087
914.404804,1.856
914.40905,1.847017046200524
914.60215,1.4384894016660936
914.60285,1.437008462509446
914.602851,1.4370063468820846
914.602852,1.4370042312547229
914.602853,1.4370021156273616
914.602854,1.437
914.79995,1.109336614451771
914.80075,1.1080066498231262
914.800751,1.1080049873673448
914.800752,1.108003324911563
914.800753,1.1080016624557816
914.800754,1.108
914.99925,1.1747967453541093
914.99985,1.1749986539427455
914.999851,1.1749989904570592
914.999852,1.174999326971373
914.999853,1.1749996634856863
914.999854,1.175
915.19685,1.0570023959390802
915.196851,1.0570017969543102
915.196852,1.05700119796954
915.196853,1.05700059898477
915.196854,1.057
915.1992,1.0535029307731347
915.3941,0.762974886306296
915.39475,0.7620059626073624
915.394751,0.7620044719555219
915.394752,0.7620029813036813
915.394753,0.7620014906518406
915.394754,0.762
915.3971,0.7604132765531142
915.5937,0.6274423346693752
915.594349999,0.6270027054108148
915.594350999,0.6270020290581111
915.594352,0.6270013527054075
915.594353,0.6270006763527037
915.594354,0.627
915.78995,0.3541216700611231
915.79075,0.353005580448051
915.790751,0.3530041853360383
915.790752,0.3530027902240255
915.790753,0.3530013951120127
915.790754,0.353
915.98795,0.1996253333332577
915.98875,0.1990031111111032
915.988751,0.1990023333333274
915.988752,0.1990015555555516
915.988753,0.1990007777777758
915.988754,0.199
916.18595,0.0577549457755026
916.187,0.0570028650693496
916.187001,0.0570021488020122
916.187002,0.0570014325346748
916.187003,0.0570007162673374
916.187004,0.057
916.38485,0.0699997371746279
916.384851,0.0699998028809709
916.384852,0.0699998685873139
916.384853,0.0699999342936569
916.384854,0.07
916.38715,0.0704982488014132
916.38725,0.0705199495331766
916.582,0.1127821246530233
916.583,0.1129991319707067
916.583001,0.1129993489780239
916.583002,0.112999565985341
916.583003,0.1129997829926828
916.583004,0.113
916.78015,0.0482803535353548
916.781,0.0480013131313098
916.781001,0.0480009848484823
916.781002,0.0480006565656549
916.781003,0.0480003282828274
916.781004,0.048
916.978,0.0768456652360582
916.97905,0.0769994142893223
916.979051,0.0769995607169917
916.979052,0.0769997071446611
916.979053,0.0769998535723305
916.979054,0.077
917.176,0.084957414141416
917.17705,0.0849998383838388
917.177051,0.0849998787878791
917.177052,0.0849999191919194
917.177053,0.0849999595959597
917.177054,0.085
917.374,0.0840040657395702
917.3748,0.08400002022756
917.374801,0.08400001517067
917.374802,0.08400001011378
917.374803,0.08400000505689
917.374804,0.084
917.37715,0.0847573467843594
917.5724,0.1477888726355437
917.57305,0.1479987087011015
917.573051,0.1479990315258536
917.573052,0.1479993543505691
917.573053,0.1479996771752845
917.573054,0.148
917.77,0.0564666228846039
917.771,0.0560018590553123
917.771001,0.0560013942914842
917.771002,0.0560009295276561
917.771003,0.056000464763828
917.771004,0.056
917.968,0.1446382406471618
917.9688,0.144998200202229
917.968801,0.1449986501516717
917.968802,0.1449991001011145
917.968803,0.1449995500505572
917.968804,0.145
918.16615,0.1330547187894067
918.16705,0.1330002421185366
918.167051,0.1330001815889024
918.167052,0.1330001210592683
918.167053,0.1330000605296341
918.167054,0.133
918.36435,0.0642453333333082
918.36505,0.0640013939393904
918.365051,0.0640010454545428
918.365052,0.0640006969696952
918.365053,0.0640003484848476
918.365054,0.064
918.3673,0.0647486666666713
918.56215,0.1296986666666695
918.56305,0.12999866666667
918.563051,0.1299990000000025
918.563052,0.129999333333335
918.563053,0.1299996666666675
918.563054,0.13
918.76005,0.0553803030303331
918.76105,0.0550015151515113
918.761051,0.0550011363636334
918.761052,0.0550007575757556
918.761053,0.0550003787878778
918.761054,0.055
918.95805,0.0888275959596017
918.95905,0.0889993131313148
918.959051,0.0889994848484861
918.959052,0.0889996565656574
918.959053,0.0889998282828287
918.959054,0.089
919.15625,0.073064969696971
919.15705,0.0730003232323224
919.157051,0.0730002424242418
919.157052,0.0730001616161612
919.157053,0.0730000808080806
919.157054,0.073
919.35405,0.0799645050505062
919.35505,0.0799998585858589
919.355051,0.0799998939393942
919.355052,0.0799999292929294
919.355053,0.0799999646464647
919.355054,0.08
919.35735,0.0805216864428175
919.5524,0.1248400403938305
919.5531,0.1249990911385778
919.553101,0.1249993183539269
919.553102,0.124999545569276
919.553103,0.124999772784625
919.553104,0.125
919.7511,0.0774108285894931
919.94835,0.0300009614168223
919.948351,0.0300007210626167
919.948352,0.0300004807084111
919.948353,0.0300002403542055
919.948354,0.03
919.95085,0.0304664242424363
920.14635,0.0669992525252544
920.146351,0.0669994393939408
920.146352,0.0669996262626272
920.146353,0.0669998131313136
920.146354,0.067
920.14885,0.0671879046424139
920.3456,0.0819996988707661
920.345601,0.0819997741530746
920.345602,0.081999849435383
920.345603,0.0819999247176915
920.345604,0.082
920.3481,0.0826090899847638
920.5423,0.1299990238942577
920.542301,0.1299992679206932
920.542302,0.1299995119471288
920.542303,0.1299997559735644
920.542304,0.13
920.54465,0.1301776824034326
920.545,0.1302041908608948
920.74035,0.1449996970462012
920.740351,0.1449997727846509
920.740352,0.1449998485231006
920.740353,0.1449999242615502
920.740354,0.145
920.7451,0.1465100909090766
920.93835,0.2079987272727305
920.938351,0.2079990454545479
920.938352,0.2079993636363652
920.938353,0.2079996818181826
920.938354,0.208
920.94085,0.2071301818181592
921.13635,0.1390013939393904
921.136351,0.1390010454545428
921.136352,0.1390006969696952
921.136353,0.1390003484848476
921.136354,0.139
921.1389,0.1386399595959524
921.33435,0.1110005656565803
921.334351,0.1110004242424392
921.334352,0.1110002828282981
921.334353,0.1110001414141571
921.334354,0.111
921.33685,0.1104201212121325
921.53235,0.0650009292929269
921.532351,0.0650006969696952
921.532352,0.0650004646464634
921.532353,0.0650002323232317
921.532354,0.065
921.5347,0.0645384918032807
921.535,0.0644794754098529
921.7306,0.0260007868852439
921.730601,0.0260005901639329
921.730602,0.0260003934426219
921.730603,0.0260001967213109
921.730604,0.026
921.73285,0.0271755611474654
921.9293,0.1299979063915503
921.929301,0.1299984297936627
921.929302,0.1299989531957751
921.929303,0.1299994765978875
921.929304,0.13
921.9318,0.1285686475513457
922.12635,0.0170022938340464
922.126351,0.0170017203755348
922.126352,0.0170011469170232
922.126353,0.0170005734585116
922.126354,0.017
922.1289,0.0175014848484951
922.32435,0.0559992121212141
922.324351,0.0559994090909105
922.324352,0.055999606060607
922.324353,0.0559998030303035
922.324354,0.056
922.32685,0.0560378181818191
922.52235,0.0589999393939395
922.522351,0.0589999545454546
922.522352,0.0589999696969697
922.522353,0.0589999848484848
922.522354,0.059
922.5247,0.0591656696090787
922.52525,0.0592045094577529
922.7206,0.0729997175283739
922.720601,0.0729997881462804
922.720602,0.0729998587641869
922.720603,0.0729999293820934
922.720604,0.073
922.72285,0.0730451004016067
922.9198,0.076999919678715
922.919801,0.0769999397590363
922.919802,0.0769999598393575
922.919803,0.0769999799196787
922.919804,0.077
922.92235,0.0761981102362042
923.11665,0.0150012598425165
923.116651,0.0150009448818873
923.116652,0.0150006299212582
923.116653,0.0150003149606291
923.116654,0.015
923.1189,0.0150794040404045
923.31465,0.0219998585858589
923.314651,0.0219998939393942
923.314652,0.0219999292929294
923.314653,0.0219999646464647
923.314654,0.022
923.3169,0.0228291175726976
923.5124,0.09499852338812
923.512401,0.09499889254109
923.512402,0.09499926169406
923.512403,0.09499963084703
923.512404,0.095
923.51475,0.094278153846157
923.51505,0.0941858461538724
923.71065,0.0340012307692276
923.710651,0.0340009230769207
923.710652,0.0340006153846138
923.710653,0.0340003076923069
923.710654,0.034
923.7129,0.0343517352866907
923.9086,0.0649993735791882
923.908601,0.0649995301843911
923.908602,0.0649996867895941
923.908603,0.064999843394797
923.908604,0.065
923.91115,0.065450505561182
924.1064,0.0999992922143597
924.106401,0.0999994691607698
924.106402,0.0999996461071798
924.106403,0.0999998230535899
924.106404,0.1
924.1089,0.0999118688524567
924.30465,0.093000141235813
924.304651,0.0930001059268597
924.304652,0.0930000706179065
924.304653,0.0930000353089532
924.304654,0.093
924.3069,0.0922399898989851
924.50265,0.0260013535353501
924.502651,0.0260010151515125
924.502652,0.026000676767675
924.502653,0.0260003383838375
924.502654,0.026
924.5049,0.0274065858585946
924.50505,0.0275005252525104
924.70065,0.1499974949495013
924.700651,0.1499981212121259
924.700652,0.1499987474747506
924.700653,0.1499993737373753
924.700654,0.15
924.70315,0.1509328484848727
924.89865,0.2239985050505088
924.898651,0.2239988787878816
924.898652,0.2239992525252544
924.898653,0.2239996262626272
924.898654,0.224
924.90095,0.2225736969696969
925.09665,0.1010024848484785
925.096651,0.1010018636363589
925.096652,0.1010012424242393
925.096652999,0.1010006212121196
925.096654,0.101
925.1013,0.100254403209632
925.29605,0.0690006419257757
925.296051,0.0690004814443318
925.296052,0.0690003209628878
925.296053,0.0690001604814439
925.296054,0.069
925.2985,0.0688382604272658
925.49265,0.0560002644964388
925.492651,0.0560001983723291
925.492652,0.0560001322482194
925.492653,0.0560000661241097
925.492654,0.056
925.49495,0.0561038131122833
925.4951,0.0561105953278054
925.6917,0.0649998191409146
925.691701,0.0649998643556847
925.691702,0.0649999095704599
925.691703,0.0649999547852299
925.691704,0.065
925.69395,0.0656386189387888
925.88865,0.1209988626554992
925.888651,0.1209991469916244
925.888652,0.1209994313277496
925.888653,0.1209997156638748
925.888654,0.121
925.89095,0.1234906155398594
926.0862,0.3352905650858367
926.086849999,0.3359956609485478
926.086851,0.3359967457114109
926.086852,0.3359978304742739
926.086853,0.335998915237137
926.086853999,0.336
926.2847,0.2340020621683041
926.284701,0.2340015466262281
926.284702,0.234001031084152
926.284703,0.234000515542076
926.284704,0.234
926.28735,0.2340133670118718
926.48265,0.234999979792877
926.482651,0.2349999848446577
926.482652,0.2349999898964385
926.482653,0.2349999949482192
926.482654,0.235
926.48505,0.2352297451425665
926.4853,0.2352537168811533
926.6808,0.2539996164521836
926.680801,0.2539997123391377
926.680802,0.2539998082260918
926.680803,0.2539999041130459
926.680804,0.254
926.68495,0.2510101966716339
926.8791,0.1110028845183991
926.879101,0.1110021633887993
926.879102,0.1110014422591995
926.879103,0.1110007211295998
926.879104,0.111
926.88185,0.1106389582806572
927.0762,0.085085987357782
927.076849999,0.0850005259165599
927.076851,0.08500039443742
927.076852,0.08500026295828
927.076853,0.08500013147914
927.076853999,0.085
927.2742,0.0411453333333201
927.27485,0.0410008888888866
927.274851,0.0410006666666649
927.274852,0.0410004444444433
927.274853,0.0410002222222216
927.274854,0.041
927.4727,0.1499977963103416
927.472701,0.1499983472327562
927.472702,0.1499988981551708
927.472703,0.1499994490775854
927.472704,0.15
927.47295,0.1498733686601331
927.4751,0.1487666313399066
927.6702,0.0483366540499899
927.67085,0.0480020590462304
927.670851,0.0480015442846874
927.670852,0.0480010295231445
927.670853,0.0480005147616015
927.670854,0.048
927.8687,0.1899971291382433
927.868701,0.1899978468536824
927.868702,0.1899985645691216
927.868703,0.1899992822845608
927.868704,0.19
927.871,0.189026922300706
928.0662,0.1062983652876058
928.0669,0.1060016952573115
928.066900999,0.1060012714429836
928.066902,0.1060008476286557
928.066903,0.1060004238143279
928.066904,0.106
928.26485,0.0840004445567051
928.264851,0.0840003334175288
928.264852,0.0840002222783525
928.264853,0.0840001111391762
928.264854,0.084
928.26735,0.0842898661953995
928.46225,0.1069240494824608
928.4629,0.1069995354708418
928.462901,0.1069996516031314
928.462902,0.1069997677354209
928.462903,0.1069998838677104
928.462904,0.107
928.46515,0.1069659696969695
928.66025,0.1040099090909099
928.6609,0.1040000606060621
928.660901,0.104000045454547
928.660902,0.1040000303030319
928.660903,0.1040000151515151
928.660904,0.104
928.86055,0.0930002203856743
928.860551,0.0930001652892557
928.860552,0.0930001101928371
928.860553,0.0930000550964186
928.860554,0.093
928.86305,0.0937500076394386
929.0569,0.1519987980646834
929.056901,0.1519990985485126
929.056902,0.1519993990323417
929.056903,0.1519996995161708
929.056904,0.152
929.05925,0.151834121212122
929.25425,0.1380462424242382
929.2549,0.1380002828282821
929.254901,0.1380002121212116
929.254902,0.138000141414141
929.254903,0.1380000707070705
929.254904,0.138
929.4529,0.0730013131313098
929.452901,0.0730009848484823
929.452902,0.0730006565656549
929.452903,0.0730003282828274
929.452904,0.073
929.4553,0.073
929.45555,0.073
929.65085,0.073
929.650851,0.073
929.650852,0.073
929.650853,0.073
929.650854,0.073
929.65325,0.0726129631499099
929.84825,0.0411137203432676
929.84895,0.0410006461383123
929.848951,0.0410004846037342
929.848952,0.0410003230691561
929.848953,0.041000161534578
929.848954,0.041
930.04715,0.0629995560040374
930.047151,0.062999667003028
930.047152,0.0629997780020187
930.047153,0.0629998890010093
930.047154,0.063
930.04945,0.0628026194690264
930.2449,0.0460003438685199
930.244901,0.0460002579013899
930.244902,0.0460001719342599
930.244903,0.04600008596713
930.244904,0.046
930.2492,0.0458264680636221
930.44295,0.0380001615753593
930.442951,0.0380001211815195
930.442952,0.0380000807876796
930.442953,0.0380000403938398
930.442954,0.038
930.4432,0.0380360394038988
930.4454,0.0383583430159244
930.6403,0.0669115130083423
930.6409,0.0669994139934341
930.640901,0.0669995604950756
930.640902,0.066999706996717
930.640903,0.0669998534983585
930.640904,0.067
930.8391,0.142750042745811
930.83975,0.1429984712094582
930.839751,0.1429988534070936
930.839752,0.1429992356047291
930.839753,0.1429996178023646
930.839754,0.143
931.03645,0.0562663355296294
931.03705,0.0560017638114501
931.037051,0.0560013228585876
931.037052,0.056000881905725
931.037053,0.0560004409528625
931.037054,0.056
931.2343,0.1217818898433751
931.23495,0.1219986659929291
931.234951,0.1219989994946968
931.234952,0.1219993329964645
931.234953,0.1219996664982322
931.234954,0.122
931.43305,0.0460015345784918
931.433051,0.0460011509338688
931.433052,0.0460007672892459
931.433053,0.0460003836446229
931.433054,0.046
931.4372,0.0465024185811789
931.43745,0.0465327139611258
931.6303,0.0699025700580641
931.6311,0.0699995152739219
931.631101,0.0699996364554414
931.631102,0.0699997576369609
931.631103,0.0699998788184805
931.631104,0.07
931.8283,0.1228248066717065
931.82895,0.1229989284811753
931.828951,0.1229991963608815
931.828952,0.1229994642405876
931.828953,0.1229997321202938
931.828954,0.123
932.0263,0.0652644741487996
932.0272,0.0650011702395935
932.027201,0.0650008776796951
932.027202,0.0650005851197967
932.027203,0.0650002925598983
932.027204,0.065
932.22445,0.0580231328953996
932.2251,0.0580001414855984
932.225101,0.0580001061141988
932.225102,0.0580000707427992
932.225103,0.0580000353713996
932.225104,0.058
932.42235,0.1188137781147479
932.42295,0.1189987667424848
932.422951,0.1189990750568636
932.422952,0.1189993833712424
932.422953,0.1189996916856212
932.422954,0.119
932.42545,0.1186478306878215
932.6208,0.0910852204585471
932.6214,0.0910005643738962
932.621401,0.0910004232804222
932.621402,0.0910002821869481
932.621403,0.091000141093474
932.621404,0.091
932.8183,0.014254912680355
932.818949999,0.0140015590990026
932.818951,0.014001169324263
932.818952,0.0140007795495234
932.818953,0.0140003897747838
932.818954,0.014
933.0172,0.1449973568726422
933.017201,0.1449980176544816
933.017202,0.1449986784363211
933.017203,0.1449993392181605
933.017204,0.145
933.0195,0.1445268358884141
933.21615,0.1040008243277418
933.216151,0.1040006182458122
933.216152,0.1040004121638826
933.216153,0.1040002060819296
933.216154,0.104
933.21845,0.1050147421894853
933.41235,0.1907109575819414
933.413,0.1909982321564687
933.413001,0.1909986741173515
933.413002,0.1909991160782344
933.413003,0.1909995580391172
933.413004,0.191
933.41545,0.190209772842011
933.61045,0.1272112872286898
933.6111,0.1270012922766614
933.611101,0.1270009692074685
933.611102,0.1270006461383123
933.611103,0.1270003230691561
933.611104,0.127
933.8089,0.129990113378684
933.80955,0.1299999395313682
933.809551,0.1299999546485262
933.809552,0.1299999697656841
933.809553,0.129999984882842
933.809554,0.13
934.0065,0.1309966902834011
934.00715,0.130999979757085
934.007151,0.1309999848178138
934.007152,0.1309999898785425
934.007153,0.1309999949392712
934.007154,0.131
934.20435,0.0812030303030344
934.20515,0.0810010101010075
934.205151,0.0810007575757556
934.205152,0.0810005050505037
934.205153,0.0810002525252518
934.205154,0.081
934.40235,0.0969149356872673
934.4034,0.0969996771752845
934.403401,0.0969997578814634
934.403402,0.0969998385876422
934.403403,0.0969999192938211
934.403404,0.097
934.40565,0.0968296764408483
934.6006,0.0820458038422699
934.6012,0.0820003033367029
934.601201,0.0820002275025272
934.601202,0.0820001516683514
934.601203,0.0820000758341757
934.601204,0.082
934.79835,0.0859817419843475
934.79925,0.0859999192123203
934.799251,0.0859999394092402
934.799252,0.0859999596061601
934.799253,0.08599997980308
934.799254,0.086
934.99635,0.1715641393235885
934.99735,0.1719982635032855
934.997351,0.1719986976274641
934.997352,0.1719991317516427
934.997353,0.1719995658758214
934.997354,0.172
935.19435,0.1739908640727641
935.19525,0.1739999595755433
935.195251,0.1739999696816574
935.195252,0.1739999797877716
935.195253,0.1739999898938858
935.195254,0.174
935.39235,0.1192234461849464
935.39315,0.1190011116725591
935.393151,0.1190008337544193
935.393152,0.1190005558362795
935.393153,0.1190002779181397
935.393154,0.119
935.39565,0.1191764848484893
935.59115,0.1329997171717098
935.591151,0.1329997878787804
935.591152,0.1329998585858509
935.591153,0.1329999292929294
935.591154,0.133
935.5935,0.1325262998485635
935.7886,0.0931320545179311
935.78925,0.0930008076728904
935.789251,0.0930006057546678
935.789252,0.0930004038364452
935.789253,0.0930002019182226
935.789254,0.093
935.9874,0.0230014130709023
935.987401,0.0230010598031767
935.987402,0.0230007065354511
935.987403,0.0230003532677255
935.987404,0.023
935.99165,0.0249314632297557
936.18525,0.1129981804397316
936.185251,0.1129986353297987
936.185252,0.1129990902198658
936.185253,0.1129995451099329
936.185254,0.113
936.1875,0.1128185050505039
936.3824,0.0970690101010012
936.38325,0.0970003232323224
936.383251,0.0970002424242418
936.383252,0.0970001616161612
936.383253,0.0970000808080806
936.383254,0.097
936.3857,0.0969012465304031
936.5804,0.0890405349482701
936.5814,0.0890001614938174
936.581401,0.089000121120363
936.581402,0.0890000807469087
936.581403,0.0890000403734543
936.581404,0.089
936.7784,0.0750569059656229
936.7792,0.0750002831142561
936.779201,0.075000212335692
936.779202,0.075000141557128
936.779203,0.075000070778564
936.779204,0.075
936.9764,0.1545947527749882
936.9774,0.154998385469227
936.977401,0.1549987891019203
936.977402,0.1549991927346135
936.977403,0.1549995963673067
936.977404,0.155
937.1758,0.126146018054174
937.1768,0.1260005817452342
937.176801,0.1260004363089256
937.176802,0.1260002908726171
937.176803,0.1260001454363085
937.176804,0.126
937.37265,0.2096565675057137
937.37345,0.2099982913806297
937.373451,0.2099987185354723
937.373452,0.2099991456903149
937.373453,0.2099995728451574
937.373454,0.21
937.3757,0.2086614747474664
937.57045,0.0925983434343234
937.57145,0.0920023838383778
937.571451,0.0920017878787833
937.571452,0.0920011919191889
937.571453,0.0920005959595944
937.571454,0.092
937.7686,0.1139051111111106
937.76945,0.1139995555555566
937.769451,0.1139996666666675
937.769452,0.1139997777777783
937.769453,0.1139998888888891
937.769454,0.114
937.9664,0.0463619797979639
937.96745,0.0460013737373702
937.967451,0.0460010303030277
937.967452,0.0460006868686851
937.967453,0.0460003434343425
937.967454,0.046
938.1648,0.174573909090874
938.16545,0.1749973939393264
938.165451,0.1749980454545504
938.165452,0.1749986969697002
938.165453,0.1749993484848501
938.165454,0.175
938.3624,0.037630538286575
938.3633,0.0370027899924114
938.363301,0.0370020924943085
938.363302,0.0370013949962057
938.363303,0.0370006974981028
938.363304,0.037
938.3657,0.0371571940449213
938.56045,0.049934130709061
938.56145,0.0499997375725467
938.561451,0.04999980317941
938.561452,0.0499998687862733
938.561453,0.0499999343931366
938.561454,0.05
938.7594,0.210429428643309
938.7601,0.2109967581172077
938.760101,0.2109975685878827
938.760102,0.2109983790586499
938.760103,0.2109991895293249
938.760104,0.211
938.95665,0.2657620567375874
938.9575,0.2659988855116543
938.957501,0.2659991641337407
938.957502,0.2659994427558271
938.957503,0.2659997213779136
938.957504,0.266
939.15445,0.3226965757575565
939.1555,0.3229988484848514
939.155501,0.3229991363636385
939.155502,0.3229994242424257
939.155503,0.3229997121212128
939.155504,0.323
939.3526,0.3364655668016209
939.5507,0.3499997267206485
939.550701,0.3499997950404864
939.550702,0.3499998633603243
939.550703,0.3499999316801621
939.550704,0.35
939.55305,0.3517294420600768
939.5536,0.3521348952285343
939.74875,0.495997051249608
939.748751,0.4959977884371851
939.748752,0.4959985256247621
939.748753,0.4959992628123392
939.748754,0.496
939.75135,0.4963143491422717
939.94695,0.5199995156407682
939.946951,0.5199996367305761
939.946952,0.5199997578203841
939.946953,0.5199998789101921
939.946954,0.52
939.95145,0.5192044489383186
940.14475,0.4850007077856402
940.144751,0.4850005308392301
940.144752,0.4850003538928201
940.144753,0.48500017694641
940.144754,0.485
940.14735,0.487478000000038
940.34275,0.6739961818181915
940.342751,0.6739971363636437
940.342752,0.6739980909090958
940.342753,0.6739990454545479
940.342754,0.674
940.3454,0.6728952816901297
940.54155,0.5910016700201165
940.541551,0.5910012525150874
940.541552,0.5910008350100582
940.541553,0.5910004175050291
940.541554,0.591
940.54395,0.5916439553752473
940.5443,0.5917380223123739
940.73875,0.6439989249492928
940.738751,0.6439991937119696
940.738752,0.6439994624746463
940.738753,0.6439997312373232
940.738754,0.644
940.74155,0.6449449281210939
940.937,0.710998648171504
940.937001,0.710998986128628
940.937002,0.710999324085752
940.937003,0.710999662042876
940.937004,0.711
940.9413,0.7129334715550236
941.13475,0.7999981997471601
941.134751,0.79999864981037
941.134752,0.7999990998735801
941.134753,0.79999954993679
941.134754,0.8
941.1374,0.8001336363636378
941.33275,0.8099997979797986
941.332751,0.809999848484849
941.332752,0.8099998989898993
941.332753,0.8099999494949497
941.332754,0.81
941.3354,0.8119644545454748
941.53075,0.9569970303030378
941.530751,0.9569977727272784
941.530752,0.956998515151519
941.530753,0.9569992575757597
941.530754,0.957
941.53335,0.9581010552890854
941.53355,0.9581858823529368
941.7288,1.040998303458727
941.728801,1.040998727594045
941.728802,1.0409991517293633
941.728803,1.0409995758646815
941.728804,1.041
941.73145,1.0401589404641691
941.927,0.9780012714429837
941.927001,0.9780009535822376
941.927002,0.978000635721492
941.927003,0.978000317860746
941.927004,0.978
941.92945,0.9836208585857754
942.125,1.4329908080808311
942.125001,1.4329931060606236
942.125002,1.4329954040404156
942.125003,1.4329977020202078
942.125004,1.433
942.12745,1.4389604246715726
942.3228,1.914990252780611
942.322801,1.9149926895854583
942.322802,1.9149951263903056
942.322803,1.9149975631951528
942.322804,1.915
942.32545,1.9184843895055848
942.521,2.1759947325933533
942.521001,2.1759960494450152
942.521002,2.1759973662966767
942.521003,2.1759986831483387
942.521004,2.176
942.52345,2.179429087241504
942.52395,2.180130045385713
942.7193,2.4539943923348604
942.719301,2.4539957942511457
942.719302,2.4539971961674305
942.719303,2.453998598083716
942.719304,2.454
942.72175,2.4581075973698807
942.917,2.7859932827516607
942.917001,2.7859949620637456
942.917002,2.7859966413758306
942.917003,2.785998320687915
942.917004,2.786
942.91945,2.790595515151447
943.115,3.157992484848504
943.115001,3.157994363636378
943.115002,3.157996242424252
943.115003,3.1579981212121258
943.115004,3.158
943.11745,3.159112942366061
943.3128,3.2479981799797826
943.312801,3.2479986349848367
943.312802,3.247999089989891
943.312803,3.2479995449949457
943.312804,3.248
943.31545,3.2482136024217985
943.511,3.2639996770938366
943.511001,3.263999757820375
943.511002,3.263999838546923
943.511003,3.263999919273461
943.511004,3.264
943.51345,3.268112688714911
943.51375,3.2686171067912184
943.70905,3.596993274425667
943.709051,3.5969949558192504
943.709052,3.596996637212833
943.709053,3.596998318606417
943.709054,3.597
943.71165,3.5970655555555537
943.90705,3.601999898989899
943.907051,3.601999924242424
943.907052,3.601999949494949
943.907053,3.6019999747474745
943.907054,3.602
943.9095,3.60196293939394
944.10505,3.599000060606061
944.105051,3.5990000454545457
944.105052,3.5990000303030305
944.105053,3.599000015151516
944.105054,3.599
944.1075,3.604052595959756
944.30305,4.007991737373758
944.303051,4.007993803030319
944.303052,4.007995868686879
944.303053,4.00799793434344
944.303054,4.008
944.3055,4.007962939393939
944.50105,4.005000060606062
944.501051,4.005000045454545
944.501052,4.00500003030303
944.501053,4.005000015151515
944.501054,4.005
944.50345,4.0050121010101005
944.50365,4.005013111111111
944.69905,4.00599997979798
944.699051,4.0059999848484855
944.699052,4.00599998989899
944.699053,4.005999994949495
944.699054,4.006
944.7015,4.007826939187458
944.89655,4.153511521574609
944.8972,4.1539970123643775
944.897201,4.153997759273284
944.897202,4.153998506182189
944.897203,4.153999253091095
944.897204,4.154
945.09505,4.154
945.095050999,4.154
945.095052,4.154
945.095053,4.154
945.095054,4.154
945.0976,4.158384777777868
945.29305,4.494993111111128
945.293051,4.4949948333333465
945.293052,4.494996555555565
945.293053,4.494998277777782
945.293054,4.495
945.2956,4.493368607467172
945.49055,4.368451099899119
945.49125,4.368002563067602
945.491251,4.368001922300702
945.491252,4.368001281533801
945.491253,4.368000640766901
945.491254,4.368
945.49375,4.372377619408557
945.689099999,4.714992984584299
945.689100999,4.714994738438224
945.689101999,4.7149964922921495
945.689103,4.714998246146075
945.689104,4.715
945.69175,4.714652808478422
945.8866,4.689085813777433
945.88725,4.689000524854906
945.887251,4.68900039364118
945.887252,4.689000262427453
945.887253,4.689000131213727
945.887254,4.689
946.0851,4.869996340662127
946.085100999,4.869997255496595
946.085102,4.869998170331064
946.085103,4.869999085165532
946.085104,4.87
946.088749999,4.872375424242427
946.2831,4.9989973939394
946.283101,4.99899804545455
946.283102,4.9989986969697
946.283103,4.998999348484849
946.283104,4.999
946.2856,5.000032914458769
946.4806,5.080729356548048
946.48125,5.080998344688372
946.481251,5.080998758516279
946.481252,5.080999172344186
946.481253,5.080999586172093
946.481254,5.081
946.48375,5.083031114480628
946.6791,5.241996745008853
946.679101,5.24199755875664
946.679102,5.241998372504427
946.679103,5.2419991862522135
946.679104,5.242
946.6816,5.250124753974105
946.87725,5.886986979560972
946.877251,5.886990234670729
946.877252,5.886993489780486
946.877253,5.886996744890244
946.877254,5.8870000000000005
946.8798,5.887308606060613
947.0746,5.910920727272735
947.07525,5.9109995151515164
947.075251,5.910999636363638
947.075251999,5.910999757575759
947.075253,5.910999878787879
947.075254,5.9110000000000005
947.2731,5.985998483699776
947.273101,5.985998862774832
947.273102,5.985999241849888
947.273103,5.985999620924944
947.273104,5.986
947.27565,5.989330373737442
947.4711,6.244994767676781
947.471101,6.2449960757575855
947.471102,6.24499738383839
947.471103,6.244998691919196
947.471104,6.245
947.47135,6.245187193992537
947.4738,6.247051524405518
947.67085,6.396996956195252
947.670851,6.396997717146439
947.670852,6.396998478097626
947.670853,6.396999239048813
947.670854,6.397
947.67335,6.400825336048978
947.86665,6.6970743177190135
947.86725,6.697993869653784
947.867251,6.697995402240338
947.867252,6.697996934826892
947.867253,6.697998467413446
947.867254,6.698
948.064649999,6.524530787878747
948.06525,6.524003515151506
948.065251,6.52400263636363
948.065251999,6.524001757575753
948.065253,6.524000878787876
948.065254,6.524
948.26265,6.707392395859581
948.2633,6.707996283766735
948.263301,6.707997212825052
948.263302,6.707998141883368
948.263303,6.707999070941684
948.263304,6.708
948.46065,6.7339141212121145
948.4613,6.733999474747476
948.461301,6.733999606060607
948.461302,6.733999737373738
948.461303,6.733999868686869
948.461304,6.734
948.4637,6.740002101010042
948.6593,7.229989979798005
948.659301,7.229992484848505
948.659302,7.229994989899003
948.659303,7.229997494949502
948.659304,7.23
948.66185,7.230064292929295
948.8573,7.2349998989899
948.857301,7.234999924242425
948.857302,7.234999949494949
948.857303,7.234999974747475
948.857304,7.235
948.85975,7.235358252525264
949.05465,7.263904212121221
949.0553,7.263999414141415
949.055301,7.263999560606062
949.055302,7.263999707070708
949.055303,7.263999853535354
949.055304,7.264
949.2533,7.459996040403938
949.253301,7.459997030302925
949.253302,7.4599980202020255
949.253303,7.459999010101012
949.253304,7.46
949.2559,7.463523981900352
949.4522,7.72999457013576
949.452201,7.729995927601821
949.452202,7.72999728506788
949.452203,7.729998642533941
949.452204,7.73
949.45455,7.727060060882815
949.45475,7.726809426687038
949.6487,7.483756915271377
949.6493,7.483005012683905
949.649301,7.483003759512929
949.649302,7.483002506341952
949.649303,7.483001253170976
949.649304,7.483
949.8473,7.751994565656579
949.847301,7.751995924242434
949.847302,7.75199728282829
949.847303,7.751998641414144
949.847304,7.752
949.85185,7.752436232323233
950.04465,7.770937242424248
950.0453,7.770999616161617
950.045301,7.770999712121212
950.045302,7.770999808080808
950.045303,7.770999904040404
950.045304,7.771
950.24265,7.780966969696974
950.2433,7.780999797979799
950.243301,7.780999848484849
950.243302,7.7809998989899
950.243303,7.78099994949495
950.243304,7.781000000000001
950.4408,7.644452172596555
950.44145,7.644002765581623
950.441451,7.644002074186218
950.441452,7.644001382790812
950.441453,7.644000691395406
950.441454,7.644
950.4439,7.646916907529012
950.6387,7.879220090954963
950.63935,7.87999522991411
950.639351,7.879996422435583
950.639352,7.8799976149570545
950.639353,7.879998807478527
950.639354,7.88
950.8367,7.983525770491807
950.8376,7.983997901639349
950.837601,7.983998426229512
950.837602,7.983998950819675
950.837603,7.983999475409838
950.837604,7.984
951.0347,8.150237535353542
951.0356,8.150996626262634
951.035601,8.150997469696977
951.035602,8.150998313131318
951.035603,8.150999156565659
951.035604,8.151
951.23335,8.321996541087241
951.233351,8.32199740581543
951.233352,8.32199827054362
951.233353,8.321999135271811
951.233354,8.322000000000001
951.23575,8.322749505549979
951.43095,8.383811059535837
951.43155,8.383998748738652
951.431551,8.383999061553988
951.431552,8.383999374369326
951.431553,8.383999687184662
951.431554,8.384
951.4339,8.385743488372084
951.62935,8.53099702730031
951.629350999,8.530997770475233
951.629351999,8.530998513650156
951.629352999,8.530999256825078
951.629354,8.531
951.63385,8.54088779823459
951.827599999,8.966991203026504
951.827601,8.966993402269878
951.827601999,8.966995601513252
951.827603,8.966997800756626
951.827603999,8.967
951.82995,8.969904345629091
952.02485,9.211190348660873
952.0255,9.211995048003914
952.025501,9.2119962860029
952.025502,9.211997524002028
952.025503,9.211998762001013
952.025504,9.212
952.2227,9.478117422289694
952.22335,9.478994601971204
952.223351,9.478995951478405
952.223352,9.478997300985602
952.223353,9.478998650492802
952.223354,9.479
952.4212,9.378408779260011
952.422,9.378002033727658
952.422001,9.378001525295742
952.422002,9.378001016863829
952.422003,9.378000508431914
952.422004,9.378
952.4244,9.38507274936702
952.61875,9.958774268354343
952.6195,9.960988192405091
952.619501,9.96099114430382
952.619502,9.960994096202548
952.619503,9.960997048101271
952.619504,9.961
952.81675,9.932125017667843
952.8176,9.932000585562864
952.817601,9.932000439172151
952.817602,9.93200029278144
952.817603,9.93200014639073
952.817604,9.932
953.01725,9.948999659403958
953.017251,9.948999744552967
953.017252,9.94899982970198
953.017253,9.948999914850988
953.017254,9.949
953.0196,9.952488831168813
953.21275,10.239729982174682
953.2136,10.240994051438772
953.213601,10.240995538579078
953.213602,10.240997025719386
953.213603,10.240998512859694
953.213604,10.241
953.41075,10.558624111111104
953.4116,10.559993555555572
953.411601,10.55999516666668
953.411602,10.559996777777789
953.411603,10.559998388888893
953.411604,10.56
953.41395,10.562803135870922
953.60995,10.796995220569713
953.609951,10.796996415427284
953.609952,10.796997610284857
953.609953,10.79699880514243
953.609954,10.797
953.6124,10.799411375126354
953.80675,10.991010212335617
953.80775,10.99199605662286
953.807751,10.991997042467148
953.807752,10.991998028311432
953.807753,10.991999014155716
953.807754,10.992
954.00635,10.935258285714283
954.00725,10.93500114285714
954.007251,10.935000857142857
954.007252,10.93500057142857
954.007253,10.935000285714285
954.007254,10.935
954.20365,10.97399920570265
954.203651,10.973999404276988
954.203652,10.973999602851324
954.203653,10.973999801425665
954.203654,10.974
954.20605,10.975246404040393
954.401,11.07665978787882
954.40165,11.076997919191925
954.401651,11.076998439393943
954.401652,11.07699895959596
954.401653,11.076999479797982
954.401654,11.077
954.404,11.07564927272728
954.59875,10.96352048484848
954.59965,10.9630023030303
954.599651,10.963001727272724
954.599652,10.963001151515147
954.599653,10.963000575757576
954.599654,10.963
954.7971,10.708905980317994
954.7978,10.70800514761543
954.797801,10.708003860711573
954.797802,10.708002573807716
954.797803,10.708001286903858
954.797804,10.708
954.99495,10.919352475347711
954.99555,10.91999571175728
954.995551,10.91999678381796
954.995552,10.91999785587864
954.995553,10.91999892793932
954.995554,10.92
955.19275,11.243516910651202
955.19365,11.244993437657769
955.193651,11.244995078243324
955.193652,11.244996718828885
955.193653,11.244998359414442
955.193654,11.245
955.39115,11.453310189250631
955.3918,11.45399578097402
955.391801,11.453996835730516
955.391802,11.453997890487011
955.391803,11.453998945243503
955.391804,11.454
955.3942,11.456653471555091
955.5888,11.67216497597974
955.58955,11.67299557016436
955.589551,11.67299667762327
955.589552,11.67299778508218
955.589553,11.67299889254109
955.589554,11.673
955.7885,11.807322130532656
955.7895,11.807997299324835
955.789501,11.80799797449363
955.789502,11.80799864966242
955.789503,11.80799932483121
955.789504,11.808
955.9849,12.02300527763628
955.9858,12.023995598573624
955.985801,12.02399669893022
955.985802,12.023997799286812
955.985803,12.023998899643408
955.985804,12.024
956.1837,12.15699731177363
956.183701,12.156997983830223
956.183702,12.156998655886817
956.183703,12.156999327943408
956.183704,12.157
956.1861,12.15748379606259
956.3808,12.196797274103997
956.3818,12.19699919232711
956.381801,12.196999394245331
956.381802,12.196999596163556
956.381803,12.196999798081778
956.381804,12.197
956.38425,12.197766693629957
956.5796,12.258998746208295
956.579601,12.25899905965622
956.579602,12.258999373104148
956.579603,12.258999686552071
956.579604,12.259
956.58205,12.262877879469809
956.7768,12.571633818454464
956.77955,12.57599365841444
956.779551,12.575995243810786
956.779552,12.57599682920713
956.779553,12.575998414603475
956.779554,12.576
956.97505,12.633762445236878
956.97585,12.63399881813551
956.975851,12.633999113601632
956.975852,12.633999409067757
956.975853,12.633999704533878
956.975854,12.634
957.1737,12.72599814000506
957.173701,12.725998605003795
957.173702,12.72599907000253
957.173703,12.725999535001266
957.173704,12.726
957.1761,12.725334948271518
957.3712,12.671181529144572
957.37185,12.671001110269996
957.371851,12.671000832702497
957.371852,12.671000555135
957.371853,12.6710002775675
957.371854,12.671
957.37425,12.6718107676768
957.56885,12.737660262626273
957.56985,12.73799864646465
957.569851,12.737998984848486
957.569852,12.737999323232325
957.569853,12.73799966161616
957.569854,12.738
957.76695,12.946045777777789
957.76785,12.94699577777779
957.767851,12.946996833333342
957.767852,12.946997888888896
957.767853,12.946998944444449
957.767854,12.947
957.9652,12.670914939394017
957.96585,12.670005595959582
957.965851,12.670004196969684
957.965852,12.670002797979793
957.965853,12.670001398989896
957.965854,12.67
958.16285,12.770487858585875
958.16385,12.770997959595965
958.163851,12.770998469696975
958.163852,12.770998979797984
958.163853,12.770999489898992
958.163854,12.771
958.3611,12.638506474747494
958.36185,12.63800268686868
958.361851,12.63800201515151
958.361852,12.63800134343434
958.361853,12.63800067171717
958.361854,12.638
958.3643,12.637110545454515
958.55885,12.56636509090908
958.55985,12.566001454545452
958.559851,12.566001090909088
958.559852,12.566000727272726
958.559853,12.566000363636364
958.559854,12.566
958.75685,12.586893515151507
958.75785,12.586999575757575
958.757851,12.586999681818185
958.757852,12.586999787878788
958.757853,12.586999893939394
958.757854,12.587
958.9552,12.576036333333336
958.95585,12.576000222222222
958.955851,12.576000166666669
958.955852,12.576000111111112
958.955853,12.576000055555555
958.955854,12.576
959.15285,12.49726140146724
959.35115,12.418001598785729
959.351151,12.418001199089296
959.351152,12.418000799392866
959.351153,12.418000399696432
959.351154,12.418
959.3538,12.41778618181819
959.54915,12.402000323232324
959.549151,12.402000242424243
959.549152,12.40200016161616
959.549153,12.40200008080808
959.549154,12.402
959.55155,12.402459838383836
959.55195,12.402536606060606
959.74715,12.439999232323231
959.747151,12.439999424242425
959.747152,12.439999616161616
959.747153,12.439999808080808
959.747154,12.44
959.7502,12.443784424242477
959.94515,12.685995030303042
959.945151,12.685996272727282
959.945152,12.685997515151522
959.945153,12.68599875757576
959.945154,12.686
959.9478,12.68366136363634
960.14315,12.511003535353527
960.143151,12.511002651515144
960.143152,12.511001767676763
960.143153,12.511000883838385
960.143154,12.511
960.1458,12.510799545454544
960.34115,12.49600030303031
960.341151,12.496000227272736
960.341152,12.49600015151516
960.341153,12.496000075757584
960.341154,12.496
960.3438,12.495612454545467
960.53915,12.467000585858584
960.539151,12.46700043939394
960.539152,12.467000292929292
960.539153,12.467000146464647
960.539154,12.467
960.5416,12.46670351515152
960.54195,12.466661090909092
960.73715,12.443000484848485
960.737151,12.443000363636362
960.737152,12.443000242424242
960.737153,12.44300012121212
960.737154,12.443
960.74175,12.44629196469104
960.9354,12.584997134930653
960.935401,12.584997851197988
960.935402,12.584998567465329
960.935403,12.584999283732664
960.935404,12.585
960.9379,12.585782563843225
961.13315,12.64699874589128
961.133151,12.64699905941846
961.133152,12.64699937294564
961.133153,12.64699968647282
961.133154,12.647
961.13575,12.648547111111135
961.33115,12.764997616161622
961.331151,12.764998212121217
961.331152,12.764998808080811
961.331153,12.764999404040406
961.331154,12.765
961.33375,12.762133010589972
961.52945,12.546004417549156
961.529451,12.546003313161869
961.529452,12.546002208774578
961.529453,12.546001104387289
961.529454,12.546
961.5318,12.544932288242736
961.532,12.544841264222478
961.7272,12.4560018204804
961.727201,12.4560013653603
961.727202,12.4560009102402
961.727203,12.4560004551201
961.727204,12.456
961.7298,12.45446721040778
961.92705,12.338002361771323
961.927051,12.338001771328493
961.927052,12.338001180885662
961.927053,12.338000590442832
961.927054,12.338
961.9294,12.335524231455532
962.1232,12.13100422125923
962.123201,12.131003165944422
962.123202,12.131002110629614
962.123203,12.131001055314808
962.123204,12.131
962.1259,12.130264727272724
962.3212,12.077001090909087
962.321201,12.077000818181816
962.321202,12.077000545454544
962.321203,12.077000272727272
962.321204,12.077
962.3241,12.078162760351349
962.52045,12.15699839397742
962.520451,12.156998795483064
962.520452,12.15699919698871
962.520453,12.156999598494355
962.520454,12.157
962.52275,12.157151705209657
962.52315,12.157178134688692
962.7172,12.16999973570521
962.717201,12.169999801778909
962.717202,12.169999867852605
962.717203,12.169999933926302
962.717204,12.17
962.71995,12.171371268600254
962.91545,12.268998002522016
962.915451,12.268998501891556
962.915452,12.268999001261037
962.915453,12.26899950063052
962.915454,12.269
962.91975,12.269520727272722
963.11345,12.292999515151518
963.113451,12.29299963636364
963.113452,12.29299975757576
963.113453,12.29299987878788
963.113454,12.293
963.1158,12.293450811630846
963.3112,12.33099923135272
963.311201,12.33099942351454
963.311202,12.33099961567636
963.311203,12.33099980783818
963.311204,12.331
963.3141,12.332504984863814
963.5094,12.433997921291631
963.509401,12.433998440968724
963.509402,12.433998960645816
963.509403,12.433999480322909
963.509404,12.434
963.51365,12.436144444444428
963.5142,12.436422222222252
963.7074,12.533997979797986
963.707401,12.533998484848489
963.707402,12.533998989898992
963.707403,12.533999494949496
963.707404,12.534
963.7098,12.53182236808889
963.90545,12.354003635445586
963.905451,12.35400272658419
963.905452,12.354001817722793
963.905453,12.354000908861398
963.905454,12.354
963.9078,12.355350727272787
964.10345,12.467997696969702
964.103451,12.467998272727275
964.103452,12.467998848484852
964.103453,12.467999424242423
964.103454,12.468
964.1058,12.467028424242429
964.30145,12.386001656565654
964.301451,12.38600124242424
964.301452,12.386000828282826
964.301453,12.386000414141414
964.301454,12.386
964.30395,12.384600727272757
964.49945,12.275002242424238
964.499451,12.275001681818178
964.499452,12.27500112121212
964.499453,12.27500056060606
964.499454,12.275
964.5018,12.26629975879401
964.50195,12.265743477387115
964.69845,11.537014834170815
964.698451,11.537011125628114
964.698452,11.537007417085407
964.698453,11.537003708542706
964.698454,11.537
964.70115,11.537957969543154
964.89545,11.606998578680209
964.895451,11.606998934010155
964.895452,11.606999289340104
964.895453,11.606999644670053
964.895454,11.607
964.89785,11.609456505050597
965.09345,11.809995898989907
965.093451,11.809996924242432
965.093451999,11.809997949494957
965.093453,11.809998974747478
965.093454,11.81
965.095899999,11.81098828282827
965.29145,11.889998383838387
965.291451,11.889998787878792
965.291452,11.889999191919197
965.291453,11.889999595959598
965.291454,11.89
965.2917,11.890016151515148
965.48945,11.902999737373738
965.489451,11.902999803030305
965.489452,11.90299986868687
965.489453,11.902999934343436
965.489454,11.903
965.4919,11.903543418328695
965.49205,11.903576743246663
965.6875,11.946999111335524
965.687501,11.946999333501644
965.687502,11.946999555667762
965.687503,11.946999777833884
965.687504,11.947
965.692149999,11.94784408781226
965.885,11.982881180923531
965.88565,11.982999273277825
965.885651,11.982999454958367
965.885652,11.982999636638912
965.885653,11.982999818319456
965.885654,11.983
966.0835,12.024999150871874
966.083501,12.024999363153906
966.083502,12.024999575435938
966.083502999,12.024999787717968
966.083504,12.025
966.08595,12.026049520444204
966.2816,12.109998283695107
966.281601,12.10999871277133
966.281602,12.109999141847553
966.281603,12.109999570923776
966.281604,12.11
966.28405,12.10896256500885
966.479,12.026277384498838
966.47965,12.026001696541272
966.479651,12.026001272405956
966.479652,12.026000848270636
966.479653,12.02600042413532
966.479654,12.026
966.4821,12.023082355319596
966.6775,11.790004771291372
966.677501,11.790003578468529
966.677502,11.790002385645684
966.677503,11.790001192822844
966.677504,11.79
966.68015,11.78942579863739
966.87565,11.747000868029268
966.875651,11.747000651021953
966.875652,11.747000434014634
966.875653,11.747000217007315
966.875654,11.747
966.87975,11.745405903462215
967.0735,11.67000155673494
967.073501,11.670001167551217
967.073502,11.670000778367491
967.073502999,11.670000389183723
967.073504,11.67
967.07595,11.671976565656536
967.2715,11.829996767676777
967.271501,11.829997575757584
967.271502,11.829998383838388
967.271503,11.829999191919194
967.271504,11.83
967.2741,11.829008064353976
967.46975,11.754249894419326
967.4704,11.75400152840623
967.470401,11.754001146304672
967.470402,11.754000764203116
967.470403,11.754000382101555
967.470404,11.754
967.47285,11.754682373827023
967.66755,11.808998884098406
967.667551,11.808999163073803
967.667552,11.808999442049204
967.667553,11.808999721024602
967.667554,11.809
967.67025,11.809925198082269
967.86505,11.876775563966676
967.8657,11.876998627302552
967.865701,11.876998970476915
967.865702,11.876999313651275
967.865703,11.87699965682564
967.865704,11.877
968.06305,11.730485545454586
968.063699999,11.730002969696963
968.063701,11.730002227272722
968.063702,11.73000148484848
968.063703,11.730000742424242
968.063703999,11.73
968.26155,11.5400038412939
968.261551,11.540002880970428
968.261552,11.54000192064695
968.261553,11.540000960323477
968.261554,11.54
968.26175,11.53986052990162
968.4597,11.399002846328532
968.459701,11.3990021347464
968.459702,11.399001423164266
968.459703,11.399000711582136
968.459704,11.399
968.4621,11.401541212121188
968.4625,11.401965454545444
968.65705,11.608306363636428
968.6577,11.608995757575768
968.657701,11.608996818181826
968.657702,11.608997878787884
968.657703,11.608998939393942
968.657704,11.609
968.85505,11.32494136363644
968.8557,11.324005757575742
968.855701,11.324004318181808
968.855702,11.324002878787873
968.855703,11.324001439393935
968.855704,11.324
969.05305,11.346924030303024
969.0537,11.346999535353536
969.053701,11.346999651515151
969.053702,11.346999767676769
969.053703,11.346999883838384
969.053704,11.347
969.25185,11.411998687862734
969.251851,11.41199901589705
969.251852,11.411999343931369
969.251853,11.411999671965685
969.251854,11.412
969.44905,11.354191721000742
969.4497,11.354001172605509
969.449701,11.35400087945413
969.449702,11.354000586302757
969.449703,11.354000293151378
969.449704,11.354
969.4521,11.35391531431457
969.64705,11.3470248826054
969.64775,11.34700014137844
969.647751,11.347000106033828
969.647752,11.34700007068922
969.647753,11.347000035344609
969.647754,11.347
969.84575,11.442998060606064
969.845751,11.442998545454548
969.845752,11.442999030303032
969.845753,11.442999515151516
969.845754,11.443
969.8481,11.442893363636363
970.0431,11.434029727272732
970.04375,11.434000181818185
970.043751,11.434000136363638
970.043752,11.434000090909093
970.043753,11.434000045454546
970.043754,11.434
970.2411,11.290439383682717
970.2417,11.290002909825708
970.241701,11.29000218236928
970.241702,11.290001454912854
970.241703,11.290000727456428
970.241704,11.29
970.4397,11.404997676767682
970.439701,11.40499825757576
970.439702,11.40499883838384
970.439703,11.40499941919192
970.439704,11.405
970.44205,11.405426437768238
970.4422,11.405453703610211
970.6371,11.44088112092907
970.63775,11.440999272910885
970.637751,11.440999454683164
970.637752,11.440999636455444
970.637753,11.440999818227722
970.637754,11.441
970.836,11.681995137452724
970.836001,11.681996353089543
970.836002,11.681997568726365
970.836003,11.68199878436318
970.836004,11.682
970.8403,11.679784111251546
971.03375,11.58000206321112
971.033751,11.58000154740834
971.033752,11.58000103160556
971.033753,11.58000051580278
971.033754,11.58
971.0361,11.580473939393936
971.2311,11.619867878787868
971.23175,11.619999191919195
971.231751,11.619999393939397
971.231752,11.619999595959598
971.231753,11.6199997979798
971.231754,11.62
971.42925,11.762528024224116
971.4299,11.762997113298011
971.429901,11.762997834973511
971.429902,11.762998556649007
971.429903,11.762999278324504
971.429904,11.763
971.43225,11.761992115238773
971.6271,11.67828097043212
971.62775,11.678001718473588
971.627751,11.67800128885519
971.627752,11.678000859236796
971.627753,11.678000429618397
971.627754,11.678
971.82525,11.54942576835734
971.8259,11.549002604087804
971.825901,11.549001953065854
971.825902,11.549001302043902
971.825903,11.54900065102195
971.825904,11.549
972.02315,11.550992383838384
972.0239,11.55099995959596
972.023901,11.55099996969697
972.023902,11.55099997979798
972.023903,11.55099998989899
972.023904,11.551
972.2211,11.471324848484857
972.2219,11.471001616161612
972.221901,11.471001212121209
972.221902,11.471000808080806
972.221903,11.471000404040405
972.221904,11.471
972.41935,11.50488775365976
972.42,11.504999313478043
972.420001,11.504999485108533
972.420002,11.504999656739022
972.420003,11.504999828369511
972.420004,11.505
972.42235,11.50113348837211
972.6171,11.18016028311414
972.6178,11.17900659251768
972.617801,11.17900494438826
972.617802,11.17900329625884
972.617803,11.17900164812942
972.617804,11.179
972.81525,11.094280615850604
972.8159,11.094001716304891
972.815901,11.094001287228668
972.815902,11.094000858152446
972.815903,11.094000429076225
972.815904,11.094
973.01315,11.054172438162546
973.014,11.05400080767289
973.014001,11.054000605754668
973.014002,11.054000403836444
973.014003,11.054000201918225
973.014004,11.054
973.21175,10.97800153729456
973.211751,10.97800115297092
973.211752,10.97800076864728
973.211753,10.97800038432364
973.211754,10.978
973.21445,10.979509868819385
973.40915,11.088549727547989
973.40995,11.088997759838554
973.409951,11.088998319878916
973.409952,11.088998879919275
973.409953,11.088999439959638
973.409954,11.089
973.4124,11.089889454545483
973.60715,11.16070763636363
973.60795,11.160998545454548
973.607951,11.160998909090912
973.607952,11.160999272727274
973.607953,11.160999636363638
973.607954,11.161
973.80515,11.187883574854837
973.806,11.187999454683164
973.806001,11.187999591012373
973.806002,11.187999727341582
973.806003,11.187999863670791
973.806004,11.188
974.00315,11.163107828282827
974.004,11.163000505050505
974.004001,11.163000378787878
974.004002,11.163000252525253
974.004003,11.163000126262624
974.004004,11.163
974.2013,11.195890972467804
974.20195,11.19599933316494
974.201951,11.195999499873707
974.201952,11.195999666582471
974.201953,11.195999833291236
974.201954,11.196
974.39915,11.346386848484835
974.39995,11.346996949494956
974.399951,11.346997712121215
974.399952,11.346998474747478
974.399953,11.34699923737374
974.399954,11.347
974.40235,11.347689409389222
974.59715,11.40373988894498
974.59805,11.40399884906613
974.598051,11.403999136799598
974.598052,11.403999424533064
974.598053,11.403999712266533
974.598054,11.404
974.79515,11.509436164521851
974.7962,11.50999786020692
974.796201,11.50999839515519
974.796202,11.50999893010346
974.796203,11.50999946505173
974.796204,11.51
974.9932,11.624503613848873
974.99405,11.624997675006323
974.994051,11.624998256254743
974.994052,11.624998837503162
974.994053,11.624999418751582
974.994054,11.625
975.1912,11.843885288922444
975.1922,11.844995558920022
975.192201,11.844996669190015
975.192202,11.84499777946001
975.192203,11.844998889730006
975.192204,11.845
975.3894,11.907791751326782
975.39005,11.907998726307811
975.390051,11.90799904473086
975.390052,11.907999363153904
975.390053,11.907999681576952
975.390054,11.908
975.3925,11.907754909819632
975.5889,11.888075551102208
975.58965,11.888000400801602
975.589651,11.8880003006012
975.589652,11.888000200400802
975.589653,11.8880001002004
975.589654,11.888
975.7852,12.09692729585351
975.7862,12.097995726278311
975.786201,12.097996794708736
975.786202,12.097997863139156
975.786203,12.09799893156958
975.786204,12.098
975.98335,12.24554795448794
975.98395,12.24599700632112
975.983951,12.24599775474084
975.983952,12.24599850316056
975.983953,12.24599925158028
975.983954,12.246
976.1812,12.315698233215548
976.18205,12.315998586572444
976.182051,12.315998939929331
976.182052,12.315999293286222
976.182053,12.31599964664311
976.182054,12.316
976.3792,12.40056931617458
976.3802,12.40099828412819
976.380201,12.400998713096142
976.380202,12.400999142064094
976.380203,12.400999571032049
976.380204,12.401
976.38255,12.40137953488372
976.5772,12.432869929221452
976.578,12.4329993528817
976.578001,12.432999514661276
976.578001999,12.43299967644085
976.578003,12.432999838220423
976.578004,12.433
976.7752,12.270866592685964
976.77625,12.270003288776788
976.776251,12.270002466582593
976.776252,12.270001644388394
976.776253,12.270000822194197
976.776254,12.27
976.97325,12.40232559595962
976.97425,12.40299731313132
976.974251,12.40299798484849
976.974252,12.40299865656566
976.974253,12.40299932828283
976.974254,12.403
977.17125,12.710433151515026
977.17225,12.711993757575597
977.172251,12.71199531818183
977.172252,12.711996878787886
977.172253,12.711998439393945
977.172254,12.712
977.36965,12.668222661290342
977.37065,12.668000887096772
977.370651,12.66800066532258
977.370652,12.668000443548388
977.370653,12.668000221774196
977.370654,12.668
977.373,12.668522388663966
977.5672,12.711765303643734
977.56825,12.711999109311742
977.568251,12.711999331983806
977.568252,12.711999554655872
977.568253,12.711999777327936
977.568254,12.712
977.7652,12.888487279098902
977.768,12.890996415519409
977.768001,12.890997311639556
977.768002,12.890998207759704
977.768003,12.890999103879851
977.768004,12.891
977.96345,12.819294970700644
977.96425,12.81900146751592
977.964251,12.81900110063694
977.964252,12.81900073375796
977.964253,12.81900036687898
977.964254,12.819
978.16145,12.876764484848517
978.16225,12.876998828282831
978.162251,12.876999121212124
978.162252,12.876999414141416
978.162253,12.87699970707071
978.162254,12.877
978.3596,12.848095787878796
978.36025,12.848000585858586
978.360251,12.84800043939394
978.360252,12.848000292929292
978.360253,12.848000146464647
978.360254,12.848
978.3626,12.846945751072967
978.55725,12.75947364806865
978.5583,12.759001797525872
978.558301,12.759001348144404
978.558302,12.759000898762936
978.558303,12.75900044938147
978.558304,12.759
978.7554,12.702145384615395
978.9535,12.645001153846184
978.953501,12.645000865384612
978.953502,12.645000576923074
978.953503,12.645000288461535
978.953504,12.645
978.9565,12.644359345911962
979.15125,12.602714691823904
979.351,12.56000085534591
979.351001,12.560000641509433
979.351002,12.560000427672955
979.351003,12.560000213836478
979.351004,12.56
979.35355,12.557797914016746
979.54755,12.390003459679464
979.547551,12.390002594759595
979.547552,12.390001729839732
979.547553,12.390000864919866
979.547554,12.39
979.55,12.38930820202018
979.5503,12.389223353535352
979.74555,12.334001131313128
979.745551,12.334000848484846
979.745552,12.334000565656565
979.745553,12.33400028282828
979.745554,12.334
979.7505,12.331302181818172
979.94355,12.226002181818178
979.943551,12.226001636363634
979.943552,12.226001090909088
979.943553,12.226000545454545
979.943554,12.226
979.94615,12.228202666666604
980.14155,12.393996606060616
980.141551,12.39399745454546
980.141552,12.393998303030308
980.141553,12.393999151515152
980.141554,12.394
980.1445,12.39609526355608
980.3398,12.534997155107114
980.339801,12.534997866330317
980.339802,12.534998577553516
980.339803,12.5349992887768
980.339804,12.535
980.34215,12.5364829329962
980.53755,12.659997471555
980.537551,12.65999810366625
980.537552,12.6599987357775
980.537553,12.65999936788875
980.537554,12.66
980.54195,12.660377434343438
980.54225,12.660403191919189
980.73555,12.676999656565656
980.735551,12.676999742424243
980.735552,12.676999828282828
980.735553,12.676999914141414
980.735554,12.677
980.7385,12.675779939393912
980.93355,12.5950016565657
980.933551,12.595001242424289
980.933552,12.595000828282874
980.933553,12.595000414141412
980.933554,12.595
980.93615,12.593767866700365
981.1316,12.501001898510472
981.131601,12.501001423882853
981.131602,12.501000949255236
981.131603,12.501000474627617
981.131604,12.501
981.136,12.494368294651972
981.3298,12.202006034308765
981.329801,12.202004525731573
981.329802,12.202003017154382
981.329803,12.20200150857719
981.329804,12.202
981.3325,12.197270414560135
981.5276,11.855007017189063
981.527601,11.855005262891796
981.527602,11.855003508594532
981.527603,11.855001754297266
981.527604,11.855
981.53,11.854915292929292
981.5307,11.854890545454545
981.7256,11.848000141414142
981.725601,11.848000106060606
981.725602,11.848000070707071
981.725603,11.848000035353536
981.725604,11.848
981.72815,11.84540518668007
981.9238,11.646004076690202
981.923801,11.646003057517651
981.923802,11.646002038345102
981.923803,11.646001019172552
981.923804,11.646
981.92615,11.640496744186075
982.1216,11.182009383215346
982.121601,11.182007037411507
982.121602,11.182004691607672
982.121603,11.182002345803836
982.121604,11.182
982.12415,11.182333901639335
982.31985,11.207999475409837
982.319851,11.207999606557378
982.319852,11.20799973770492
982.319853,11.20799986885246
982.319854,11.208
982.32225,11.205821267996887
982.5178,11.028003637282236
982.517801,11.028002727961704
982.517802,11.028001818641068
982.517803,11.028000909320534
982.517804,11.028
982.52015,11.025710930232568
982.5204,11.025466996966705
982.7156,10.835003902932248
982.715601,10.835002927199184
982.715602,10.835001951466124
982.715603,10.83500097573306
982.715604,10.835
982.7182,10.833873866330377
982.91385,10.749001735182846
982.913851,10.749001301387135
982.913852,10.749000867591423
982.913853,10.749000433795713
982.913854,10.749
982.9162,10.746247676359054
983.1116,10.51700469279392
983.111601,10.51700351959544
983.111602,10.51700234639696
983.111603,10.51700117319848
983.111604,10.517
983.1142,10.515022718789462
983.30985,10.366003046658252
983.309851,10.366002284993687
983.309852,10.366001523329126
983.309853,10.366000761664562
983.309854,10.366
983.3122,10.36359113448536
983.5095,10.161004107187567
983.509501,10.161003080390676
983.509502,10.161002053593784
983.509503,10.161001026796892
983.509504,10.161
983.51185,10.156710649350671
983.5122,10.156070720651872
983.70585,9.802007313470824
983.705851,9.802005485103118
983.705852,9.802003656735412
983.705853,9.802001828367706
983.705854,9.802
983.7082,9.798741666666682
983.90385,9.527005555555542
983.903851,9.527004166666655
983.903852,9.527002777777772
983.903853,9.527001388888886
983.903854,9.527
983.9062,9.524618454545466
984.10185,9.326004060606053
984.101851,9.326003045454538
984.101852,9.326002030303025
984.101853,9.326001015151514
984.101854,9.326
984.1042,9.321959666666686
984.29985,8.98500688888887
984.299851,8.985005166666653
984.299852,8.985003444444436
984.299853,8.985001722222217
984.299854,8.985
984.30235,8.983361212121169
984.49785,8.855002626262694
984.497851,8.85500196969704
984.497852,8.855001313131385
984.497853,8.85500065656573
984.497854,8.855
984.5003,8.851466888888941
984.50045,8.85125022222233
984.69585,8.569005777777765
984.695851,8.569004333333323
984.695852,8.569002888888882
984.695853,8.569001444444442
984.695854,8.569
984.69605,8.568841616161649
984.89385,8.409003232323224
984.893851,8.409002424242418
984.893852,8.409001616161612
984.893853,8.409000808080807
984.893854,8.409
984.89625,8.401160525119996
985.091899999,7.761013087604107
985.091901,7.761009815703081
985.091902,7.761006543802054
985.091903,7.761003271901027
985.091903999,7.761
985.09425,7.756714095382308
985.2894,7.400194791824474
985.29005,7.399007307595237
985.290051,7.399005480696428
985.290052,7.399003653797619
985.290053,7.399001826898809
985.290054,7.399
985.4879,7.167004690422158
985.487901,7.167003517816652
985.487902,7.167002345211146
985.487903,7.167001172605506
985.487904,7.167
985.49025,7.163279575757593
985.4904,7.163041696969774
985.6859,6.853006343434327
985.685901,6.853004757575746
985.685902,6.853003171717163
985.685903,6.853001585858582
985.685904,6.853
985.6861,6.852771275574686
985.88385,6.622004667845403
985.883851,6.622003500884053
985.883852,6.622002333922702
985.883853,6.622001166961351
985.883854,6.622
985.8862,6.618079141630919
986.081899999,6.291006685180493
986.081901,6.29100501388537
986.081902,6.291003342590247
986.081903,6.291001671295124
986.081903999,6.291
986.08425,6.287175836487529
986.2794,5.969066071158301
986.28005,5.968006520312878
986.280051,5.968004890234658
986.280052,5.968003260156439
986.280053,5.968001630078219
986.280054,5.968
986.47795,5.748004446690363
986.477951,5.748003335017804
986.477952,5.748002223345118
986.477953,5.74800111167256
986.477954,5.748
986.48035,5.743500696617914
986.4807,5.742843452801611
986.6754,5.3772281070167605
986.67605,5.376007511357882
986.676051,5.376005633518411
986.676052,5.376003755678941
986.676053,5.376001877839471
986.676054,5.376
986.8734,5.168687030302968
986.87405,5.168004202020192
986.874051,5.168003151515144
986.874052,5.168002101010096
986.874053,5.168001050505048
986.874054,5.168
987.0719,4.823006974981029
987.071900999,4.823005231235772
987.071902,4.8230034874905146
987.071903,4.823001743745258
987.071904,4.823
987.07435,4.81803763815299
987.27005,4.421008115064556
987.270051,4.421006086298474
987.270052,4.421004057532393
987.270053,4.421002028766312
987.270054,4.421
987.2726,4.41719481949012
987.46745,4.125977450138935
987.4681,4.125005978288296
987.468101,4.125004483716222
987.468102,4.125002989144148
987.468103,4.125001494572074
987.468104,4.125
987.4705,4.122577350859479
987.6659,3.925004044489488
987.665901,3.925003033367145
987.665902,3.925002022244687
987.665903,3.925001011122344
987.665904,3.925
987.66615,3.924669765329367
987.86345,3.659810820085731
987.86405,3.659005369669429
987.864051,3.659004027252072
987.864052,3.659002684834715
987.864053,3.6590013424173575
987.864054,3.659
988.06145,3.316135955566673
988.0621,3.315006947740452
988.062101,3.315005210805339
988.062102,3.315003473870226
988.062103,3.315001736935113
988.062104,3.315
988.25945,3.193402969697003
988.2601,3.1930024646465287
988.260101,3.193001848484914
988.260102,3.1930012323232293
988.260103,3.1930006161616147
988.260104,3.193
988.45745,2.894987606060688
988.4581,2.894006040404025
988.458101,2.894004530303019
988.458102,2.8940030202020126
988.458103,2.8940015101010066
988.458104,2.894
988.46055,2.890392767676821
988.65545,2.6029644848485645
988.6561,2.602005898989884
988.656101,2.6020044242424127
988.656102,2.602002949494942
988.656103,2.602001474747471
988.656104,2.602
988.8541,2.157008989898967
988.854101,2.157006742424225
988.854102,2.157004494949484
988.854103,2.157002247474742
988.854104,2.157
988.85675,2.15225590909086
989.0521,1.8020071717171535
989.052101,1.8020053787878652
989.052102,1.8020035858585768
989.052103,1.8020017929292884
989.052104,1.802
989.0546,1.7988346466164602
989.25095,1.549829383458715
989.2516,1.5490050726816915
989.251601,1.5490038045112686
989.251602,1.5490025363408455
989.251603,1.5490012681704228
989.251604,1.549
989.44745,1.3078667921648948
989.44815,1.3070049249554696
989.448151,1.307003693716602
989.448152,1.3070024624777348
989.448153,1.3070012312388672
989.448154,1.307
989.45065,1.3001114429870146
989.64545,0.7624948940463948
989.64635,0.7600110393541598
989.646351,0.7600082795156199
989.646352,0.7600055196770799
989.646353,0.7600027598385399
989.646354,0.76
989.84345,0.5297639646018331
989.8441,0.52900467256636
989.844101,0.52900350442477
989.844102,0.5290023362831799
989.844103,0.52900116814159
989.844104,0.529
990.0421,0.1810070303030125
990.042101,0.1810052727272594
990.042102,0.1810035151515062
990.042103,0.1810017575757531
990.042104,0.181
990.04475,0.1805459803179364
990.24025,0.1470006863487239
990.240251,0.1470005147615429
990.240252,0.1470003431743619
990.240253,0.1470001715871809
990.240254,0.147
990.24275,0.1457620040080398
990.4375,0.0491675651302453
990.43985,0.0480019839679308
990.439851,0.0480014879759481
990.439852,0.0480009919839654
990.439853,0.0480004959919827
990.439854,0.048
990.44235,0.0483178807947101
990.63615,0.0729994905756508
990.636151,0.072999617931738
990.636152,0.0729997452878254
990.636153,0.0729998726439127
990.636154,0.073
990.6389,0.0730692909412062
990.83365,0.0779834973504935
990.8343,0.0779998990663641
990.834301,0.0779999242997731
990.834302,0.077999949533182
990.834303,0.077999974766591
990.834304,0.078
991.03215,0.0670002223906994
991.032151,0.0670001667930246
991.032152,0.0670001111953497
991.032153,0.0670000555976748
991.032154,0.067
991.03465,0.0670125965177898
991.2303,0.0679999798132728
991.230301,0.0679999848599546
991.230302,0.0679999899066364
991.230303,0.0679999949533182
991.230304,0.068
991.2328,0.0676468519454339
991.4275,0.0400996058615521
991.4282,0.0400005659423937
991.428201,0.0400004244567952
991.428202,0.0400002829711968
991.428203,0.0400001414855984
991.428204,0.04
991.4307,0.0397604243495879
991.6255,0.0210627734276384
991.62615,0.0210003839353362
991.626151,0.0210002879515021
991.626152,0.0210001919676681
991.626153,0.021000095983834
991.626154,0.021
991.823499999,0.0339407213114685
991.8244,0.0339997377049112
991.824401,0.0339998032786815
991.824402,0.0339998688524518
991.824403,0.0339999344262222
991.824404,0.034
992.0215,0.1296583215369408
992.0222,0.1299980586451009
992.022201,0.1299985439838257
992.022202,0.1299990293225504
992.022203,0.1299995146612752
992.022204,0.13
992.21955,0.0851825889477705
992.22035,0.0850009084027229
992.220351,0.0850006813020421
992.220352,0.0850004542013614
992.220353,0.0850002271006807
992.220354,0.085
992.41755,0.1118903636363613
992.41835,0.1119994545454559
992.418351,0.1119995909090919
992.418352,0.1119997272727279
992.418353,0.1119998636363639
992.418354,0.112
992.42085,0.1113068417066532
992.61555,0.0572371623327453
992.6164,0.0570011108305955
992.616401,0.0570008331229466
992.616402,0.0570005554152977
992.616403,0.0570002777076488
992.616404,0.057
992.814449999,0.0470329139406167
992.8151,0.0470002013085047
992.815101,0.0470001509813785
992.815102,0.0470001006542523
992.815103,0.0470000503271261
992.815104,0.047
993.01155,0.0300735833755705
993.0124,0.0300003446528121
993.012401,0.030000258489609
993.012402,0.030000172326406
993.012403,0.030000086163203
993.012404,0.03
993.20975,0.0399669696969669
993.2104,0.0399997979797984
993.210401,0.0399998484848488
993.210402,0.0399998989898992
993.210403,0.0399999494949496
993.210404,0.04
993.40775,0.1366796060605795
993.4084,0.1369980404040453
993.408401,0.136998530303034
993.408402,0.1369990202020226
993.408403,0.1369995101010113
993.408404,0.137
993.4128,0.1342886147623604
993.60555,0.0154033771486683
993.6062,0.0150024671385175
993.606201,0.0150018503538881
993.606202,0.0150012335692587
993.606203,0.0150006167846293
993.606204,0.015
993.8037,0.038920787282369
993.80435,0.0389995155185477
993.804351,0.0389996366389108
993.804352,0.0389997577592738
993.804353,0.0389998788796369
993.804354,0.039
994.0017,0.0778711818181935
994.00235,0.0779992121212141
994.002351,0.0779994090909105
994.002352,0.077999606060607
994.002353,0.0779998030303035
994.002354,0.078
994.1996,0.0660517314487634
994.20045,0.0660002423018671
994.200451,0.0660001817264003
994.200452,0.0660001211509335
994.200453,0.0660000605754667
994.200454,0.066
994.3976,0.0540457200606384
994.39835,0.0540002425467401
994.398351,0.0540001819100551
994.398352,0.05400012127337
994.398353,0.054000060636685
994.398354,0.054
994.40085,0.0539622009086327
994.5958,0.0510099040888431
994.59645,0.0510000605754667
994.596451,0.0510000454316
994.596452,0.0510000302877333
994.596453,0.0510000151438667
994.596454,0.051
994.79355,0.0788721616161628
994.79445,0.0789994343434357
994.794451,0.0789995757575768
994.794452,0.0789997171717178
994.794453,0.0789998585858589
994.794454,0.079
994.99155,0.068050222222228
994.99245,0.0680002222222279
994.992451,0.0680001666666662
994.992452,0.0680001111111108
994.992453,0.0680000555555554
994.992454,0.068
995.1911,0.0202174492608348
995.192,0.0200009621648685
995.192001,0.0200007216236514
995.192002,0.0200004810824342
995.192003,0.0200002405412171
995.192004,0.02
995.3876,0.1016227582697237
995.3885,0.1019983307888083
995.388501,0.1019987480916062
995.388502,0.1019991653944041
995.388503,0.101999582697202
995.388504,0.102
995.3909,0.1015282988389748
995.58595,0.0631287531549605
995.5866,0.0630007874810681
995.586601,0.0630005906108011
995.586602,0.0630003937405341
995.586603,0.063000196870267
995.586604,0.063
995.7836,0.1366247676767379
995.7846,0.1369985050505088
995.784601,0.1369988787878816
995.784602,0.1369992525252544
995.784603,0.1369996262626272
995.784604,0.137
995.9816,0.0195390197069175
995.9825,0.0190023850429449
995.982501,0.0190017887822087
995.982502,0.0190011925214724
995.982503,0.0190005962607362
995.982504,0.019
996.1796,0.06574999747667
996.18065,0.0659990512238227
996.180651,0.065999288417867
996.180652,0.0659995256119113
996.180653,0.0659997628059556
996.180654,0.066
996.3776,0.1489246315789342
996.38015,0.1499983157894779
996.380151,0.1499987368421084
996.380152,0.1499991578947389
996.380153,0.1499995789473694
996.380154,0.15
996.38265,0.1506352761516803
996.5756,0.1997444642402732
996.5766,0.1999989819292466
996.576601,0.199999236446935
996.576602,0.1999994909646233
996.576603,0.1999997454823116
996.576604,0.2
996.77375,0.2607368989898979
996.7746,0.2609987676767358
996.774601,0.2609990757575431
996.774602,0.2609993838383854
996.774603,0.2609996919191927
996.774604,0.261
996.9725,0.2759996968165662
996.972501,0.2759997726124225
996.972502,0.2759998484082788
996.972503,0.2759999242041437
996.972504,0.276
996.9727,0.2760642947262044
997.1696,0.3406542518294372
997.17065,0.3409986878627336
997.170651,0.3409990158970502
997.170652,0.3409993439313668
997.170653,0.3409996719656834
997.170654,0.341
997.36765,0.3877616767676847
997.36865,0.3879990505050529
997.368651,0.3879992878787897
997.368652,0.3879995252525264
997.368653,0.3879997626262632
997.368654,0.388
997.37305,0.3856687878787651
997.56565,0.2835324242424064
997.56665,0.2830021212121159
997.566651,0.2830015909090869
997.566652,0.2830010606060579
997.566653,0.2830005303030289
997.566654,0.283
997.76385,0.4045046060605962
997.76465,0.4049975353535416
997.764651,0.4049981515151562
997.764652,0.4049987676767708
997.764653,0.4049993838383854
997.764654,0.405
997.96165,0.4955385656565289
997.96265,0.4959981616161663
997.962651,0.4959986212121247
997.962652,0.4959990808080831
997.962653,0.4959995404040416
997.962654,0.496
998.15965,0.5905182828282989
998.16065,0.5909980808080856
998.160651,0.5909985606060641
998.160652,0.5909990404040428
998.160653,0.5909995202020214
998.160654,0.591
998.3578,0.6885773131313112
998.35865,0.6889980202020253
998.358651,0.688998515151519
998.358652,0.6889990101010126
998.358653,0.6889995050505063
998.358654,0.6890000000000001
998.3611,0.6916539994952916
998.55565,0.9027478677768912
998.5568,0.9039956598536572
998.556801,0.9039967448902428
998.556802,0.9039978299268284
998.556803,0.9039989149634144
998.556804,0.904
998.75365,0.9717490978109458
998.95195,1.0399986233076082
998.951951,1.0399989674807062
998.951952,1.0399993116538042
998.951953,1.039999655826902
998.951954,1.04
998.9546,1.0424990000000258
999.14995,1.226996222222232
999.149951,1.226997166666674
999.149952,1.226998111111116
999.149953,1.226999055555558
999.149954,1.227
999.15445,1.235901171717202
999.34795,1.6189920808078757
999.347951,1.6189940606058506
999.347952,1.6189960404038253
999.347953,1.6189980202018002
999.347954,1.619
999.351,1.624645868686733
999.54595,1.9859925858586045
999.545951,1.9859944393939533
999.545952,1.9859962929293025
999.545953,1.985998146464651
999.545954,1.986
999.54845,1.990008727272649
999.54875,1.9904905454545287
999.74395,2.303993575757592
999.743951,2.3039951818181943
999.743952,2.303996787878796
999.743953,2.3039983939393984
999.743954,2.3040000000000003
999.74845,2.3139456969697365
999.94195,2.741991151515174
999.941951,2.7419933636363805
999.941952,2.741995575757587
999.941953,2.7419977878787933
999.941954,2.742
999.94495,2.744284828282869
1000.13995,2.892996949494957
1000.139951,2.8929977121212183
1000.139952,2.892998474747479
1000.139953,2.8929992373737394
1000.139954,2.893
1000.1426,2.9003952817431253
1000.3396,3.450988820435791
1000.339601,3.450991615326843
1000.339602,3.4509944102178958
1000.339603,3.450997205108948
1000.339604,3.451
1000.34235,3.4543005143875747
1000.53595,3.6869951922587343
1000.535951,3.6869963941940505
1000.535952,3.686997596129367
1000.535953,3.686998798064684
1000.535954,3.687
1000.5385,3.69171315006294
1000.53885,3.692361069356809
1000.7342,4.05399259520809
1000.734201,4.053994446406067
1000.734202,4.053996297604045
1000.734203,4.053998148802022
1000.734204,4.054
1000.7367,4.054656343868538
1000.93195,4.10599894816688
1000.931951,4.10599921112516
1000.931952,4.10599947408344
1000.931953,4.10599973704172
1000.931954,4.106
1000.9347,4.1073574174022704
1001.1302,4.2039980226986176
1001.130201,4.203998517023964
1001.130202,4.203999011349309
1001.130203,4.203999505674654
1001.130204,4.204
1001.1327,4.20640775757571
1001.3282,4.394996141414151
1001.328201,4.394997106060614
1001.328202,4.394998070707076
1001.328203,4.394999035353538
1001.328204,4.3950000000000005
1001.3307,4.396956409608053
1001.52595,4.549996864728111
1001.525951,4.549997648546061
1001.525952,4.549998432364011
1001.525953,4.54999921618205
1001.525954,4.55
1001.53045,4.553855334173941
1001.53085,4.554198335434987
1001.7242,4.719996569987398
1001.724201,4.719997427490548
1001.724202,4.719998284993699
1001.724203,4.7199991424968495
1001.724204,4.72
1001.7267,4.722132578362037
1001.922,4.88899658240648
1001.922001,4.8889974368048605
1001.922002,4.88899829120324
1001.922003,4.88899914560162
1001.922004,4.889
1001.92475,4.893132868686872
1002.12,5.186993979797995
1002.120001,5.186995484848497
1002.120002,5.186996989898998
1002.120003,5.186998494949499
1002.120004,5.187
1002.12275,5.19152934174023
1002.31825,5.513993402269878
1002.318251,5.513995051702409
1002.318252,5.513996701134939
1002.318253,5.51399835056747
1002.318254,5.514
1002.32075,5.518240991150359
1002.516,5.849993203539648
1002.516001,5.84999490265488
1002.516002,5.849996601769921
1002.516003,5.849998300884961
1002.516004,5.8500000000000005
1002.5185,5.852782426229456
1002.521,5.855569311475419
1002.71425,6.070995540983618
1002.714251,6.070996655737713
1002.714252,6.070997770491808
1002.714253,6.0709988852459045
1002.714254,6.071
1002.71675,6.07309260606066
1002.91225,6.236996646464655
1002.912251,6.236997484848492
1002.912252,6.236998323232328
1002.912253,6.236999161616164
1002.912254,6.237
1002.91475,6.241423610199558
1003.1103,6.587992910881109
1003.110301,6.587994683160831
1003.110302,6.587996455440554
1003.110303,6.587998227720277
1003.110304,6.588
1003.11345,6.5928473351856764
1003.30825,6.892993836827497
1003.308251,6.892995377620623
1003.308252,6.892996918413749
1003.308253,6.892998459206874
1003.308254,6.893
1003.31075,6.89477745454542
1003.50625,7.033997151515159
1003.506251,7.033997863636369
1003.506252,7.033998575757579
1003.506253,7.03399928787879
1003.506254,7.034
1003.50875,7.036155636363594
1003.5089,7.036285181818205
1003.70425,7.204996545454554
1003.704251,7.204997409090916
1003.704252,7.204998272727277
1003.704253,7.204999136363639
1003.704254,7.205
1003.70675,7.2065379393939795
1003.90225,7.326997535353541
1003.902251,7.326998151515155
1003.902252,7.326998767676771
1003.902253,7.326999383838386
1003.902254,7.327
1003.9048,7.331766924047535
1004.1004,7.697992510724218
1004.100401,7.697994383043164
1004.100402,7.697996255362109
1004.100403,7.697998127681055
1004.100404,7.698
1004.10485,7.700919428571449
1004.2999,7.82899737343359
1004.299901,7.828998030075192
1004.299902,7.828998686716795
1004.299903,7.828999343358397
1004.299904,7.829
1004.30245,7.831074662592352
1004.49625,7.988996740514396
1004.496251,7.988997555385796
1004.496252,7.988998370257198
1004.496253,7.988999185128598
1004.496254,7.989
1004.4988,7.99081446424094
1004.49915,7.991063899623563
1004.6955,8.13099714930992
1004.695501,8.13099786198244
1004.695502,8.13099857465496
1004.695503,8.13099928732748
1004.695504,8.131
1004.69805,8.13208698348155
1004.89225,8.214998292249051
1004.892251,8.214998719186788
1004.892252,8.214999146124525
1004.892253,8.214999573062263
1004.892254,8.215
1004.8948,8.217828174703415
1005.0903,8.434995556677618
1005.090301,8.434996667508214
1005.090301999,8.43499777833881
1005.090303,8.434998889169405
1005.090304,8.435
1005.0905,8.435212104208373
1005.2899,8.650995671342695
1005.289901,8.650996753507021
1005.289902,8.650997835671348
1005.289903,8.650998917835674
1005.289904,8.651
1005.29245,8.65442319327738
1005.48625,8.914994621848754
1005.486251,8.914995966386567
1005.486252,8.914997310924377
1005.486253,8.914998655462188
1005.486254,8.915000000000001
1005.4888,8.915886347124097
1005.4893,8.916060413723526
1005.6838,8.983772320887972
1005.68445,8.98399860746717
1005.684451,8.983998955600367
1005.684452,8.983999303733565
1005.684453,8.983999651866762
1005.684454,8.984
1005.8823,9.198995653272693
1005.882301,9.198996739954518
1005.882302,9.198997826636344
1005.882303,9.198998913318173
1005.882304,9.199
1005.8848,9.20087830303035
1006.0803,9.347996989898911
1006.080301,9.347997742424162
1006.080301999,9.347998494949412
1006.080303,9.34799924747475
1006.080304,9.348
1006.08055,9.348347615442773
1006.27785,9.627146505172917
1006.27845,9.62799434771639
1006.278451,9.627995760787291
1006.278452,9.627997173858196
1006.278453,9.627998586929095
1006.278454,9.628
1006.4763,9.73099791761436
1006.476301,9.73099843821077
1006.476302,9.73099895880718
1006.476303,9.73099947940359
1006.476304,9.731
1006.4788,9.733154004541973
1006.4792,9.733499197577563
1006.6738,9.90143560938688
1006.67445,9.901996548069654
1006.674451,9.90199741105224
1006.674452,9.901998274034828
1006.674453,9.901999137017414
1006.674454,9.902
1006.8718,9.984725848484825
1006.87245,9.984998323232327
1006.872451,9.984998742424246
1006.872452,9.984999161616162
1006.872453,9.98499958080808
1006.872454,9.985
1007.069799999,10.134504545454504
1007.07045,10.134996969696978
1007.070451,10.134997727272731
1007.070452,10.134998484848488
1007.070452999,10.134999242424245
1007.070454,10.135
1007.26785,10.178854703357752
1007.2685,10.178999111335523
1007.268501,10.178999333501643
1007.268502,10.178999555667762
1007.268503,10.178999777833882
1007.268504,10.179
1007.46635,10.459994318928496
1007.466351,10.459995739196373
1007.466352,10.45999715946425
1007.466353,10.459998579732124
1007.466354,10.46
1007.4689,10.459653080999251
1007.46925,10.459605389856176
1007.6645,10.433000545041631
1007.664501,10.433000408781226
1007.664502,10.433000272520816
1007.664503,10.433000136260407
1007.664504,10.433
1007.6671,10.435858222222263
1007.86185,10.65027993939388
1007.8625,10.650995595959609
1007.862501,10.650996696969704
1007.862502,10.650997797979803
1007.862503,10.6509988989899
1007.862504,10.651
1008.06035,10.646000101086685
1008.060351,10.646000075815012
1008.060352,10.64600005054334
1008.060353,10.646000025271672
1008.060354,10.646
1008.063,10.647776018168074
1008.2585,10.778997315165286
1008.258501,10.778997986373964
1008.258502,10.778998657582642
1008.258503,10.778999328791322
1008.258504,10.779
1008.261,10.77908824242424
1008.45585,10.78597687878788
1008.4565,10.78599985858586
1008.456501,10.785999893939394
1008.456502,10.78599992929293
1008.456503,10.785999964646464
1008.456504,10.786
1008.461,10.789406060606074
1008.65385,10.93550454545459
1008.6545,10.935996969696978
1008.654501,10.935997727272731
1008.654502,10.935998484848488
1008.654503,10.935999242424243
1008.654504,10.936
1008.8531,10.888145542168663
1008.8537,10.888000963855418
1008.853701,10.888000722891563
1008.853702,10.88800048192771
1008.853703,10.888000240963857
1008.853704,10.888
1009.04985,11.008597896341431
1009.0505,11.008997540650412
1009.050501,11.00899815548781
1009.050502,11.008998770325206
1009.050503,11.008999385162603
1009.050504,11.009
1009.24855,10.99500028275688
1009.248551,10.99500021206766
1009.248552,10.99500014137844
1009.248553,10.99500007068922
1009.248554,10.995
1009.2513,10.996802929292931
1009.44655,11.12499737373738
1009.446551,11.124998030303034
1009.446552,11.12499868686869
1009.446553,11.124999343434345
1009.446554,11.125
1009.45095,11.123534666666652
1009.4513,11.123417999999978
1009.6439,11.059217999999982
1009.64455,11.059001333333333
1009.644551,11.059001
1009.644552,11.059000666666666
1009.644553,11.059000333333334
1009.644554,11.059
1009.8419,11.235459924223331
1009.8425,11.235996423339238
1009.842501,11.235997317504427
1009.842502,11.23599821166962
1009.842503,11.235999105834807
1009.842504,11.236
1010.0399,11.230022831188494
1010.04065,11.230000121120364
1010.040651,11.230000090840273
1010.040652,11.23000006056018
1010.040653,11.230000030280092
1010.040654,11.23
1010.2379,11.264884335522982
1010.23855,11.264999292572009
1010.238551,11.264999469429007
1010.238552,11.264999646286004
1010.238553,11.264999823143002
1010.238554,11.265
1010.4359,11.21715854545453
1010.43655,11.217000969696969
1010.436551,11.217000727272726
1010.436552,11.217000484848484
1010.436553,11.217000242424245
1010.436554,11.217
1010.4391,11.217154147325935
1010.63475,11.228999757820384
1010.634751,11.228999818365288
1010.634752,11.228999878910193
1010.634753,11.228999939455097
1010.634754,11.229
1010.63725,11.228760242669368
1010.8319,11.21006282103135
1010.83255,11.210000384226502
1010.832551,11.21000028816988
1010.832552,11.210000192113258
1010.832553,11.210000096056634
1010.832554,11.21
1011.03055,11.231999555555555
1011.030551,11.231999666666669
1011.030552,11.23199977777778
1011.030553,11.23199988888889
1011.030554,11.232
1011.0352,11.232820640928589
1011.2287,11.266999293464549
1011.228701,11.266999470098412
1011.228702,11.266999646732272
1011.228703,11.266999823366136
1011.228704,11.267
1011.2313,11.265950315895864
1011.4259,11.18726444275964
1011.42655,11.187001617386905
1011.426551,11.187001213040178
1011.426552,11.187000808693451
1011.426553,11.187000404346726
1011.426554,11.187
1011.42915,11.187432121059274
1011.62395,11.219857846153849
1011.624799999,11.219999334174023
1011.624800999,11.21999950063052
1011.624802,11.219999667087013
1011.624803,11.219999833543508
1011.624804,11.22
1011.8219,11.218009131313131
1011.8228,11.21800004040404
1011.822800999,11.21800003030303
1011.822802,11.21800002020202
1011.822802999,11.21800001010101
1011.822804,11.218
1012.0199,11.294745345132725
1012.02055,11.29499844247788
1012.020551,11.29499883185841
1012.020552,11.29499922123894
1012.020553,11.29499961061947
1012.020554,11.295
1012.21795,11.398578123107963
1012.21875,11.398997901109995
1012.218751,11.398998425832495
1012.218752,11.398998950555
1012.218753,11.3989994752775
1012.218754,11.399
1012.4159,11.353163679555228
1012.4166,11.35300092999747
1012.416601,11.353000697498103
1012.416602,11.353000464998734
1012.416603,11.353000232499369
1012.416604,11.353
1012.42135,11.355323886925774
1012.61405,11.449679767794072
1012.6147,11.449998041393242
1012.614701,11.449998531044931
1012.614702,11.44999902069662
1012.614703,11.449999510348311
1012.614704,11.45
1012.81195,11.439044655390054
1012.81275,11.439000222166118
1012.812750999,11.43900016662459
1012.812752,11.43900011108306
1012.812752999,11.43900005554153
1012.812754,11.439
1013.00995,11.463898484848484
1013.01075,11.463999494949496
1013.010751,11.463999621212125
1013.010752,11.463999747474748
1013.010753,11.463999873737375
1013.010754,11.464
1013.20795,11.5197726060606
1013.20875,11.519998868686873
1013.208751,11.519999151515153
1013.208752,11.519999434343436
1013.208753,11.519999717171718
1013.208754,11.52
1013.40595,11.604654848484842
1013.40675,11.604998282828287
1013.406751,11.604998712121215
1013.406752,11.604999141414144
1013.406753,11.604999570707072
1013.406754,11.605
1013.4115,11.606150254986131
1013.6048,11.652999030547845
1013.604801,11.652999272910884
1013.604802,11.652999515273924
1013.604803,11.65299975763696
1013.604804,11.653
1013.60735,11.651546612781042
1013.8021,11.54037333670122
1013.80275,11.540002283404895
1013.802751,11.540001712553671
1013.802752,11.540001141702447
1013.802753,11.540000570851223
1013.802754,11.54
1013.99995,11.655412391523733
1014.00095,11.65599765893038
1014.000951,11.655998244197786
1014.000952,11.65599882946519
1014.000953,11.655999414732596
1014.000954,11.656
1014.19795,11.696833346814962
1014.19875,11.69699917087968
1014.198751,11.69699937815976
1014.198752,11.69699958543984
1014.198753,11.69699979271992
1014.198754,11.697
1014.39595,11.654174606060607
1014.39675,11.654000868686866
1014.396751,11.65400065151515
1014.396752,11.654000434343434
1014.396753,11.654000217171715
1014.396754,11.654
1014.39955,11.65490261790668
1014.594,11.717675883984878
1014.595,11.717998708701138
1014.595001,11.717999031525853
1014.595002,11.71799935435057
1014.595002999,11.717999677175284
1014.595004,11.718
1014.792,11.74488345716452
1014.79285,11.74499945413192
1014.792851,11.74499959059894
1014.792852,11.74499972706596
1014.792853,11.74499986353298
1014.792854,11.745
1014.9908,11.777833465694904
1014.9918,11.777999336516714
1014.991801,11.777999502387535
1014.991802,11.777999668258358
1014.991803,11.77799983412918
1014.991804,11.778
1015.188,11.97021232487308
1015.1888,11.970996081218283
1015.188801,11.970997060913714
1015.188802,11.970998040609144
1015.188803,11.970999020304571
1015.188804,11.971
1015.386,12.092535296792102
1015.38675,12.092997534731
1015.386751,12.09299815104825
1015.386752,12.0929987673655
1015.386753,12.09299938368275
1015.386754,12.093
1015.3895,12.093207767969735
1015.5842,12.107939167717529
1015.585,12.10799969735183
1015.585001,12.107999773013873
1015.585002,12.107999848675917
1015.585003,12.10799992433796
1015.585004,12.108
1015.782,12.116961152388171
1015.78285,12.116999818043974
1015.782851,12.11699986353298
1015.782852,12.116999909021988
1015.782853,12.116999954510996
1015.782854,12.117
1015.98,12.140675276457344
1015.9827,12.140999519639731
1015.982701,12.1409996397298
1015.982702,12.140999759819865
1015.982703,12.140999879909932
1015.982704,12.141
1016.178,12.06938649350652
1016.17905,12.069001466768563
1016.179051,12.069001100076392
1016.179052,12.069000733384264
1016.179053,12.069000366692132
1016.179054,12.069
1016.376,12.045097577749686
1016.3768,12.04500048546144
1016.376801,12.04500036409608
1016.376802,12.04500024273072
1016.376803,12.04500012136536
1016.376804,12.045
1016.37955,12.0480611147541
1016.57405,12.264880786885284
1016.57505,12.265995540983615
1016.575051,12.265996655737712
1016.575052,12.26599777049181
1016.575053,12.265998885245905
1016.575054,12.266
1016.7724,12.121478939393896
1016.77305,12.121002929292922
1016.773051,12.121002196969693
1016.773052,12.12100146464646
1016.773053,12.12100073232323
1016.773054,12.121
1016.9702,12.14991142351453
1016.9708,12.14999941340076
1016.970801,12.14999956005057
1016.970802,12.14999970670038
1016.970803,12.14999985335019
1016.970804,12.15
1017.168,12.231564045397246
1017.16905,12.231998345523335
1017.169051,12.2319987591425
1017.169052,12.231999172761668
1017.169053,12.231999586380834
1017.169054,12.232
1017.3664,12.329676303030276
1017.36705,12.329998020202025
1017.367051,12.32999851515152
1017.367052,12.329999010101012
1017.367053,12.329999505050507
1017.367054,12.33
1017.3697,12.328516636363684
1017.56425,12.219450727272736
1017.56505,12.219002242424237
1017.565051,12.219001681818176
1017.565052,12.219001121212118
1017.565053,12.21900056060606
1017.565054,12.219
1017.76205,12.337396585858608
1017.76305,12.337997595959605
1017.763051,12.337998196969702
1017.763052,12.337998797979802
1017.763053,12.3379993989899
1017.763054,12.338
1017.9602,12.460376775170277
1017.9612,12.460997517032489
1017.961201,12.460998137774348
1017.961202,12.46099875851628
1017.961203,12.46099937925814
1017.961204,12.461
1018.15805,12.53162185952499
1018.1591,12.531998564931747
1018.159101,12.5319989236988
1018.159102,12.531999282465852
1018.159103,12.531999641232948
1018.159104,12.532
1018.35605,12.565801938414936
1018.3572,12.565999313478043
1018.357201,12.565999485108533
1018.357202,12.565999656739022
1018.357203,12.565999828369511
1018.357204,12.566
1018.35975,12.56661861807136
1018.55405,12.613828944570985
1018.7523,12.661999028094156
1018.752301,12.661999271070618
1018.752302,12.661999514047078
1018.752303,12.66199975702354
1018.752304,12.662
1018.75505,12.66201386518556
1018.95035,12.66299997980308
1018.950351,12.662999984852313
1018.950352,12.66299998990154
1018.950353,12.66299999495077
1018.950354,12.663
1018.95315,12.663183575757577
1019.14835,12.675999737373738
1019.148351,12.675999803030304
1019.148352,12.67599986868687
1019.148353,12.675999934343436
1019.148354,12.676
1019.15125,12.67484452525254
1019.34635,12.597001595959592
1019.346351,12.597001196969693
1019.346352,12.597000797979796
1019.346353,12.597000398989897
1019.346354,12.597
1019.5449,12.61599961722488
1019.544901,12.61599971291866
1019.544902,12.61599980861244
1019.544903,12.61599990430622
1019.544904,12.616
1019.54765,12.61590264877184
1019.5478,12.615897330969863
1019.74235,12.609000141808052
1019.742351,12.60900010635604
1019.742352,12.609000070904026
1019.742353,12.609000035452013
1019.742354,12.609
1019.7451,12.610026282828285
1019.94035,12.682998505050469
1019.940351,12.682998878787838
1019.940352,12.682999252525212
1019.940353,12.682999626262626
1019.940354,12.683
1020.13835,12.527003151515144
1020.138351,12.527002363636358
1020.138352,12.527001575757572
1020.138353,12.527000787878787
1020.138354,12.527
1020.1412,12.53132649494946
1020.33635,12.827993919191934
1020.336351,12.82799543939395
1020.336352,12.827996959595966
1020.336353,12.827998479797984
1020.336354,12.828
1020.3392,12.829652979797968
1020.53435,12.942997676767682
1020.534351,12.94299825757576
1020.534352,12.942998838383842
1020.534353,12.94299941919192
1020.534354,12.943
1020.53715,12.942124484848488
1020.5397,12.941325999999991
1020.73235,12.88100125252525
1020.732351,12.881000939393973
1020.732352,12.881000626262624
1020.732353,12.881000313131349
1020.732354,12.881
1020.7352,12.883011815198088
1020.9304,13.020997172431212
1020.930401,13.020997879323328
1020.930402,13.020998586215606
1020.930403,13.020999293107725
1020.930404,13.021
1020.93345,13.018344004008986
1021.12995,12.847003487847648
1021.129951,12.847002615885836
1021.129952,12.847001743923824
1021.129953,12.847000871962011
1021.129954,12.847
1021.13255,12.847475724102791
1021.3264,12.882999266989058
1021.326401,12.882999450241773
1021.326402,12.88299963349453
1021.326403,12.882999816747244
1021.326404,12.883
1021.3292,12.88457997981836
1021.5246,12.99499773965692
1021.524601,12.994998304742625
1021.524602,12.99499886982846
1021.524603,12.994999434914169
1021.524604,12.995
1021.5271,12.995012606060609
1021.5275,12.995014626262629
1021.7226,12.99599997979798
1021.722601,12.995999984848488
1021.722602,12.99599998989899
1021.722603,12.995999994949496
1021.722604,12.996
1021.7255,12.995794973451314
1021.92035,12.98200028318584
1021.920351,12.982000212389371
1021.920352,12.982000141592922
1021.920353,12.982000070796452
1021.920354,12.982
1021.9231,12.982955732660823
1022.1186,13.050998607818414
1022.118601,13.050998955863772
1022.118602,13.050999303909208
1022.118603,13.050999651954564
1022.118604,13.051
1022.12305,13.049518000000027
1022.3166,12.98500133333333
1022.316601,12.98500099999996
1022.316602,12.985000666666664
1022.316603,12.985000333333296
1022.316604,12.985
1022.31915,12.987368372092964
1022.5144,13.168996279069566
1022.514401,13.168997209302228
1022.514402,13.168998139534676
1022.514403,13.16899906976734
1022.514404,13.169
1022.51715,13.168432100882749
1022.51725,13.168411419924366
1022.71265,13.128000827238331
1022.712651,13.128000620428772
1022.712652,13.128000413619167
1022.712653,13.128000206809608
1022.712654,13.128
1022.71515,13.12841600000001
1022.91065,13.160999333333336
1022.910651,13.16099950000002
1022.910652,13.160999666666669
1022.910653,13.160999833333353
1022.910654,13.161
1022.91315,13.161655515151532
1023.10865,13.212998949494953
1023.108651,13.212999212121243
1023.108652,13.212999474747477
1023.108653,13.212999737373767
1023.108654,13.213
1023.11315,13.212886464646465
1023.30665,13.208000101010102
1023.306651,13.208000075757578
1023.306652,13.208000050505053
1023.306653,13.208000025252527
1023.306654,13.208
1023.30915,13.210448667509324
1023.5044,13.40199607585336
1023.504401,13.401997056890131
1023.504402,13.40199803792668
1023.504403,13.401999018963451
1023.504404,13.402
1023.50715,13.40104426733918
1023.5073,13.40099206052957
1023.70265,13.333001392181586
1023.702651,13.333001044136228
1023.702652,13.333000696090792
1023.702653,13.333000348045436
1023.702654,13.333
1023.7053,13.331677000000042
1023.90065,13.234001999999997
1023.900651,13.23400149999994
1023.900652,13.234000999999996
1023.900653,13.234000499999942
1023.900654,13.234
1023.9032,13.234578636363674
1024.09865,13.278999090909092
1024.098651,13.278999318181794
1024.098652,13.278999545454546
1024.098652999,13.2789997727273
1024.098654,13.279
1024.1012,13.277469828282866
1024.29665,13.160002404040398
1024.296651,13.160001803030369
1024.296652,13.1600012020202
1024.296653,13.160000601010168
1024.296654,13.16
1024.3014,13.158491432896112
1024.49415,13.097223773965633
1024.49485,13.097001271442982
1024.494851,13.0970009535822
1024.494852,13.097000635721493
1024.494853,13.09700031786071
1024.494854,13.097
1024.4974,13.100191346980242
1024.6927,13.344994986100597
1024.692701,13.344996239575588
1024.692702,13.344997493050297
1024.692703,13.344998746525292
1024.692703999,13.345
1024.69645,13.343694575757546
1024.8907,13.27600139393939
1024.890701,13.27600104545458
1024.890702,13.276000696969694
1024.890703,13.276000348484889
1024.890704,13.276
1024.89325,13.273365320545244
1025.088799999,13.071004139323565
1025.088801,13.07100310449279
1025.088802,13.071002069661782
1025.088803,13.071001034831008
1025.088803999,13.071
1025.0914,13.068901162203284
1025.2867,12.911003233956537
1025.286701,12.91100242546731
1025.286702,12.911001616978268
1025.286703,12.911000808489042
1025.286704,12.911
1025.2912,12.916286742366916
1025.48485,13.143995296492568
1025.484851,13.14399647236956
1025.484852,13.143997648246284
1025.484853,13.143998824123276
1025.484854,13.144
1025.4874,13.14397439275836
1025.48755,13.14397288408348
1025.6837,13.142000040231329
1025.683701,13.142000030173495
1025.683702,13.142000020115663
1025.683703,13.142000010057831
1025.683704,13.142
1025.6863,13.141749624365476
1025.8807,13.123000385786805
1025.880701,13.123000289340112
1025.880702,13.123000192893402
1025.880703,13.123000096446711
1025.880704,13.123
1025.8809,13.123063305576572
1026.078849999,13.18699870804946
1026.078851,13.186999031037132
1026.078852,13.18699935402473
1026.078853,13.186999677012402
1026.078853999,13.187
1026.0816,13.185820267879656
1026.2767,13.102001718473588
1026.276701,13.102001288855142
1026.276702,13.102000859236794
1026.276703,13.102000429618348
1026.276704,13.102
1026.2812,13.101500444444444
1026.4747,13.080000444444444
1026.474701,13.080000333333343
1026.474702,13.08000022222222
1026.474703,13.080000111111124
1026.474704,13.08
1026.47495,13.079749283552138
1026.47745,13.077201352169638
1026.6722,12.878717497477108
1026.6729,12.878004076690202
1026.672901,12.878003057517535
1026.672902,12.878002038345102
1026.672903,12.878001019172435
1026.672904,12.878
1026.87025,12.902923718110626
1026.87085,12.902999494821898
1026.870851,12.90299962111643
1026.870852,12.902999747410965
1026.870853,12.902999873705468
1026.870854,12.903
1027.06825,12.741494181818236
1027.06885,12.741003272727264
1027.068850999,12.741002454545354
1027.068852,12.741001636363633
1027.068853,12.741000818181725
1027.068854,12.741
1027.26625,12.791844424242408
1027.26685,12.791998969696971
1027.266851,12.7919992272727
1027.266852,12.791999484848484
1027.266853,12.791999742424212
1027.266854,12.792
1027.46425,12.73319482958847
1027.4649,12.733001191618277
1027.464901,12.73300089371374
1027.464902,12.733000595809138
1027.464903,12.733000297904605
1027.464904,12.733
1027.4674,12.732558787878776
1027.66225,12.698115606060597
1027.6629,12.698000707070706
1027.662901,12.698000530303007
1027.662902,12.698000353535353
1027.662903,12.698000176767655
1027.662904,12.698
1027.86025,12.567432696969655
1027.8609,12.56700264646464
1027.860901,12.567001984848403
1027.860902,12.56700132323232
1027.860903,12.567000661616085
1027.860904,12.567
1028.05895,12.489001575359756
1028.058951,12.489001181519772
1028.058952,12.489000787679878
1028.058953,12.489000393839897
1028.058954,12.489
1028.0615,12.488755625157877
1028.25625,12.470062773427628
1028.2569,12.470000383935336
1028.256901,12.470000287951493
1028.256902,12.470000191967667
1028.256903,12.470000095983824
1028.256904,12.47
1028.45475,12.471999959565329
1028.454751,12.471999969673996
1028.454752,12.471999979782662
1028.454753,12.471999989891332
1028.454754,12.472
1028.4574,12.474764178652684
1028.45755,12.474920878122624
1028.6529,12.678995821347474
1028.652901,12.678996866010724
1028.652902,12.678997910673738
1028.652903,12.678998955336988
1028.652904,12.679
1028.6573,12.68050783354352
1028.85115,12.74699862799496
1028.851151,12.74699897099618
1028.851152,12.74699931399748
1028.851153,12.7469996569987
1028.851154,12.747
1028.85355,12.747375605562556
1029.04825,12.77789747661186
1029.0489,12.77799937294564
1029.048901,12.777999529709213
1029.048902,12.77799968647282
1029.048903,12.777999843236392
1029.048904,12.778
1029.24625,12.85474566666669
1029.2469,12.85499844444445
1029.246901,12.85499883333338
1029.246902,12.854999222222224
1029.246903,12.854999611111158
1029.246904,12.855
1029.44425,12.870947151515155
1029.4449,12.870999676767678
1029.444901,12.870999757575747
1029.444902,12.87099983838384
1029.444903,12.870999919191911
1029.444904,12.871
1029.44755,12.8705056702853
1029.64225,12.834131522342853
1029.64295,12.834000747286035
1029.642951,12.834000560464547
1029.642952,12.834000373643018
1029.642953,12.83400018682153
1029.642954,12.834
1029.8403,12.963505199394152
1029.84105,12.963997375063109
1029.841051,12.963998031297256
1029.841052,12.963998687531554
1029.841053,12.963999343765702
1029.841054,12.964
1030.0383,13.035707710174192
1030.0391,13.035998545821766
1030.039101,13.035998909366285
1030.039102,13.035999272910882
1030.039103,13.0359996364554
1030.039104,13.036
1030.2363,13.11075208491275
1030.23695,13.110998483699776
1030.236951,13.11099886277479
1030.236952,13.110999241849887
1030.236953,13.110999620924902
1030.236954,13.111
1030.43515,13.110000020181635
1030.435151,13.110000015136226
1030.435152,13.110000010090818
1030.435153,13.110000005045409
1030.435154,13.11
1030.4376,13.108529557969206
1030.43785,13.108379267491918
1030.63245,12.99139315988896
1030.6331,12.991002404647633
1030.633101,12.991001803485792
1030.633102,12.991001202323815
1030.633103,12.991000601161977
1030.633104,12.991
1030.83095,12.99598352644836
1030.8316,12.995999899244334
1030.831601,12.995999924433248
1030.831602,12.995999949622169
1030.831603,12.99599997481108
1030.831604,12.996
1031.0283,13.025877873417718
1031.0291,13.025999392405064
1031.029101,13.02599954430378
1031.029102,13.025999696202533
1031.029103,13.025999848101248
1031.029104,13.026
1031.2263,12.844601607278396
1031.22695,12.84400367955521
1031.226951,12.84400275966651
1031.226952,12.844001839777604
1031.226953,12.844000919888906
1031.226954,12.844
1031.4243,12.955667991988
1031.42665,12.956997736604912
1031.426651,12.95699830245375
1031.426652,12.956998868302458
1031.426653,12.956999434151294
1031.426654,12.957
1031.4293,12.955653777664644
1031.6223,12.857459933859063
1031.6232,12.857002035105568
1031.623201,12.857001526329231
1031.623202,12.857001017552784
1031.623203,12.85700050877645
1031.623204,12.857
1031.820549999,12.967633363636397
1031.8212,12.967997757575764
1031.821201,12.967998318181886
1031.821202,12.96799887878788
1031.821203,12.967999439394005
1031.821204,12.968
1032.0191,12.98599963617989
1032.019101,12.985999727134908
1032.019102,12.985999818089946
1032.019103,12.985999909044963
1032.019104,12.986
1032.02165,12.988803171717109
1032.2171,13.203995595959608
1032.217101,13.203996696969831
1032.217102,13.203997797979804
1032.217103,13.203998898990028
1032.217104,13.204
1032.21965,13.205607323232428
1032.4145,13.328618686868646
1032.4151,13.328997474747482
1032.415101,13.32899810606054
1032.415102,13.32899873737374
1032.415103,13.3289993686868
1032.415104,13.329
1032.41765,13.328228484848504
1032.61235,13.26922848484846
1032.6131,13.269001212121209
1032.613101,13.269000909090872
1032.613102,13.269000606060604
1032.613103,13.269000303030268
1032.613104,13.269
1032.8107,13.061686163934365
1032.81135,13.0610041967213
1032.811351,13.061003147541095
1032.811352,13.06100209836065
1032.811353,13.061001049180444
1032.811354,13.061
1033.00855,13.10983802880972
1033.0092,13.10999900935052
1033.009201,13.10999925701286
1033.009202,13.10999950467526
1033.009203,13.109999752337602
1033.009204,13.11
1033.20635,13.196646638039905
1033.20715,13.196998241980303
1033.207151,13.196998681485178
1033.207152,13.196999120990151
1033.207153,13.196999560495026
1033.207154,13.197
1033.4047,13.048803450862769
1033.4071,13.04700300075018
1033.407101,13.047002250562551
1033.407102,13.04700150037509
1033.407103,13.04700075018746
1033.407104,13.047
1033.40955,13.046314147336233
1033.60235,12.992253479479988
1033.60325,12.992001121590617
1033.603251,12.992000841192931
1033.603252,12.99200056079531
1033.603253,12.992000280397622
1033.603254,12.992
1033.8004,13.008913863234929
1033.8014,13.00899965682564
1033.801401,13.008999742619238
1033.801402,13.00899982841282
1033.801403,13.00899991420642
1033.801404,13.009
1033.9986,13.148537225170626
1033.99925,13.148997169572915
1033.999251,13.148997877179768
1033.999252,13.148998584786458
1033.999253,13.14899929239331
1033.999254,13.149
1034.19635,13.023511894896425
1034.19715,13.023002546740772
1034.197151,13.023001910055653
1034.197152,13.023001273370385
1034.197153,13.023000636685264
1034.197154,13.023
1034.3954,13.147997477931913
1034.395401,13.147998108449004
1034.395402,13.147998738965956
1034.395403,13.147999369483047
1034.395404,13.148
1034.39975,13.15089952994689
1034.3999,13.150999605761951
1034.59235,13.279396876421538
1034.59325,13.279997331311607
1034.593251,13.279997998483784
1034.593252,13.279998665655803
1034.593253,13.27999933282798
1034.593254,13.28
1034.7904,13.21134961392883
1034.7914,13.211001392884176
1034.791401,13.211001044663092
1034.791402,13.211000696442088
1034.791403,13.211000348221004
1034.791404,13.211
1034.98935,13.114001960090928
1034.989351,13.11400147006814
1034.989352,13.114000980045464
1034.989353,13.114000490022676
1034.989354,13.114
1034.9919,13.11456592068708
1035.1864,13.15779906036878
1035.1873,13.157999110886587
1035.187301,13.157999333164968
1035.187302,13.157999555443295
1035.187303,13.157999777721672
1035.187304,13.158
1035.386,13.454501792689085
1035.387,13.455994031046584
1035.387001,13.455995523284768
1035.387002,13.455997015523293
1035.387003,13.455998507761477
1035.387004,13.456
1035.3895,13.455453523421577
1035.5824,13.413219816700604
1035.5834,13.413000875763746
1035.583401,13.413000656822836
1035.583402,13.413000437881871
1035.583403,13.413000218940962
1035.583404,13.413
1035.78065,13.276556162585218
1035.78145,13.276002766978028
1035.781451,13.2760020752336
1035.781452,13.276001383489014
1035.781453,13.276000691744583
1035.781454,13.276
1035.9784,13.175537646464566
1035.97945,13.175002040404037
1035.979451,13.17500153030297
1035.979452,13.175001020202018
1035.979453,13.17500051010095
1035.979454,13.175
1036.17655,13.090366708764792
1036.1774,13.090001717605452
1036.177401,13.09000128820404
1036.177402,13.090000858802725
1036.177403,13.090000429401314
1036.177404,13.09
1036.3744,13.341717111111157
1036.3754,13.3429948888889
1036.375401,13.342996166666822
1036.375402,13.342997444444451
1036.375403,13.34299872222237
1036.375404,13.343
1036.37795,13.342048464646489
1036.5728,13.269225737373764
1036.5734,13.26900149494949
1036.573401,13.26900112121216
1036.573402,13.269000747474744
1036.573403,13.269000373737416
1036.573404,13.269
1036.7704,13.29486163090128
1036.77145,13.294999474880084
1036.771451,13.294999606160047
1036.771452,13.29499973744004
1036.771453,13.294999868720003
1036.771454,13.295
1036.96845,13.283060848484846
1036.96945,13.283000242424242
1036.969451,13.283000181818174
1036.969452,13.28300012121212
1036.969453,13.283000060606051
1036.969454,13.283
1037.16645,13.430249535353562
1037.16745,13.430997010101018
1037.167451,13.43099775757568
1037.167452,13.43099850505051
1037.167453,13.43099925252517
1037.167454,13.431
1037.36445,13.47278703030299
1037.36545,13.472999151515154
1037.365451,13.472999363636342
1037.365452,13.472999575757578
1037.365453,13.472999787878765
1037.365454,13.473
1037.3699,13.470732090909133
1037.56245,13.372512141414123
1037.56345,13.372002040404036
1037.563451,13.372001530302969
1037.563452,13.372001020202015
1037.563453,13.372000510100952
1037.563454,13.372
1037.76115,13.162224510937936
1037.7623,13.16100424440532
1037.762301,13.161003183303867
1037.762302,13.16100212220266
1037.762303,13.161001061101208
1037.762304,13.161
1037.95845,13.391818523966563
1037.95945,13.392995292924182
1037.959451,13.392996469693273
1037.959452,13.392997646462092
1037.959453,13.39299882323118
1037.959454,13.393
1038.15645,13.28355777777776
1038.15745,13.283002222222215
1038.157451,13.283001666666726
1038.157452,13.283001111111108
1038.157453,13.283000555555615
1038.157454,13.283
1038.35465,13.332885150518624
1038.55275,13.3829989881103
1038.552751,13.382999241082754
1038.552752,13.38299949405515
1038.552753,13.382999747027604
1038.552754,13.383
1038.55525,13.386326326376754
1038.55585,13.387125924063554
1038.7516,13.647994669348767
1038.751601,13.647996002011729
1038.751602,13.647997334674384
1038.751603,13.647998667337344
1038.751604,13.648
1038.75435,13.646801846778237
1038.9487,13.562001745306947
1038.948701,13.56200130898026
1038.948702,13.562000872653474
1038.948703,13.562000436326787
1038.948704,13.562
1038.95145,13.562
1039.1467,13.562
1039.146701,13.562
1039.146702,13.562
1039.146703,13.562
1039.146704,13.562
1039.1495,13.562748235294116
1039.34475,13.614998929563244
1039.344751,13.614999197172404
1039.344752,13.614999464781622
1039.344753,13.61499973239078
1039.344754,13.615
1039.34935,13.60980048484849
1039.54275,13.391004525252514
1039.542751,13.391003393939258
1039.542752,13.391002262626255
1039.542753,13.391001131313
1039.542754,13.391
1039.54525,13.391487573253206
1039.5456,13.391555942900093
1039.7424,13.42999921863261
1039.742401,13.429999413974478
1039.742402,13.429999609316305
1039.742403,13.429999804658172
1039.742404,13.43
1039.74515,13.430153680997208
1039.93895,13.440999776138389
1039.938951,13.440999832103785
1039.938952,13.440999888069197
1039.938953,13.44099994403459
1039.938954,13.441
1039.9415,13.44186239635994
1040.13675,13.50799864509606
1040.136751,13.507998983822084
1040.136752,13.50799932254803
1040.136753,13.507999661274054
1040.136754,13.508
1040.1399,13.507872888888889
1040.33475,13.50000016161616
1040.334751,13.500000121212125
1040.334752,13.50000008080808
1040.334753,13.500000040404045
1040.334754,13.5
1040.3375,13.498559475409897
1040.533,13.39600209836065
1040.533001,13.396001573770429
1040.533002,13.396001049180326
1040.533003,13.396000524590104
1040.533004,13.396
1040.5355,13.395078594184554
1040.53565,13.39502322123897
1040.73075,13.32300147661188
1040.730751,13.323001107458952
1040.730752,13.32300073830594
1040.730753,13.323000369153013
1040.730754,13.323
1040.73365,13.323175293820931
1040.929,13.334999757881464
1040.929001,13.334999818411106
1040.929002,13.334999878940732
1040.929003,13.334999939470372
1040.929004,13.335
1040.9315,13.336600969697011
1041.127,13.46199743434344
1041.127001,13.461998075757508
1041.127002,13.46199871717172
1041.127003,13.461999358585787
1041.127004,13.462
1041.12955,13.459193993933331
1041.3248,13.244004408493415
1041.324801,13.244003306369937
1041.324802,13.244002204246708
1041.324803,13.244001102123228
1041.324804,13.244
1041.32775,13.244535095862776
1041.523,13.279999273461152
1041.523001,13.279999455095844
1041.523002,13.279999636730578
1041.523003,13.279999818365267
1041.523004,13.28
1041.52555,13.280913882709788
1041.52565,13.280949777553056
1041.7208,13.350998564206272
1041.720801,13.350998923154746
1041.720802,13.350999282103135
1041.720803,13.35099964105161
1041.720804,13.351
1041.72355,13.350408871088836
1041.92055,13.308000861076344
1041.920551,13.308000645807232
1041.920552,13.308000430538172
1041.920553,13.30800021526906
1041.920554,13.308
1041.92305,13.307186846525813
1042.117,13.244001303130563
1042.117001,13.24400097734796
1042.117002,13.244000651565282
1042.117003,13.244000325782675
1042.117004,13.244
1042.1199,13.244702770475218
1042.3148,13.29199902932255
1042.314801,13.29199927199194
1042.314802,13.291999514661276
1042.314803,13.291999757330665
1042.314804,13.292
1042.31755,13.291168928121024
1042.51305,13.232001210592752
1042.513051,13.232000907944547
1042.513052,13.232000605296411
1042.513053,13.232000302648206
1042.513054,13.232
1042.5174,13.234326646464618
1042.51755,13.23440694949484
1042.71105,13.337997858585863
1042.711051,13.33799839393946
1042.711052,13.337998929292931
1042.711053,13.337999464646527
1042.711054,13.338
1042.7139,13.339567133114471
1042.909,13.4469977974236
1042.909001,13.446998348067762
1042.909002,13.4469988987118
1042.909003,13.446999449355962
1042.909004,13.447
1042.91155,13.446318494949512
1043.107,13.394001070707068
1043.107001,13.394000803030332
1043.107002,13.394000535353534
1043.107003,13.394000267676798
1043.107004,13.394
1043.10955,13.392945862156049
1043.30505,13.312001656147434
1043.305051,13.312001242110624
1043.305052,13.312000828073716
1043.305053,13.312000414036907
1043.305054,13.312
1043.30755,13.310651151515115
1043.50305,13.205002161616155
1043.503051,13.205001621212055
1043.503052,13.205001080808078
1043.503053,13.205000540403978
1043.503054,13.205
1043.50555,13.204836121212118
1043.5057,13.204826272727264
1043.70105,13.192000262626262
1043.701051,13.192000196969689
1043.701052,13.192000131313131
1043.701053,13.192000065656558
1043.701054,13.192
1043.7036,13.190998042381455
1043.89855,13.114277053481349
1043.89925,13.114001574167505
1043.899251,13.114001180625673
1043.899252,13.114000787083752
1043.899253,13.114000393541922
1043.899254,13.114
1044.09705,13.115999959555106
1044.097051,13.11599996966633
1044.097052,13.115999979777552
1044.097053,13.115999989888778
1044.097053999,13.116
1044.09955,13.117512727272766
1044.29505,13.235997575757583
1044.295051,13.235998181818118
1044.295052,13.235998787878792
1044.295053,13.235999393939329
1044.295054,13.236
1044.29755,13.235659636363629
1044.49305,13.209000545454543
1044.493051,13.209000409090892
1044.493052,13.209000272727272
1044.493053,13.20900013636362
1044.493054,13.209
1044.49555,13.207550303030263
1044.4961,13.207230858585836
1044.69105,13.094002323232315
1044.691051,13.094001742424304
1044.691052,13.094001161616156
1044.691053,13.094000580808013
1044.691054,13.094
1044.89005,12.96542256949658
1044.8907,12.965002584522908
1044.890701,12.965001938392255
1044.890702,12.965001292261457
1044.890703,12.9650006461308
1044.890704,12.965
1045.08705,12.96100008148714
1045.087050999,12.961000061115351
1045.087052,12.96100004074357
1045.087053,12.961000020371785
1045.087054,12.961
1045.089899999,12.96150295379956
1045.2851,12.995999293107804
1045.285101,12.995999469830872
1045.285102,12.9959996465539
1045.285103,12.995999823276971
1045.285104,12.996
1045.2879,12.995449689629073
1045.4826,12.957128720666196
1045.48325,12.95700078728236
1045.483251,12.957000590461792
1045.483252,12.95700039364118
1045.483253,12.957000196820614
1045.483254,12.957
1045.48765,12.96077720495309
1045.6811,13.126996563052828
1045.681101,13.126997422289524
1045.681102,13.126998281526411
1045.681103,13.12699914076311
1045.681104,13.127
1045.684,13.125947706283132
1045.8786,13.055237638152892
1045.87925,13.055001453444357
1045.879251,13.055001090083309
1045.879252,13.055000726722175
1045.879253,13.05500036336113
1045.879254,13.055
1046.07725,12.884003454545446
1046.077251,12.884002590908986
1046.077251999,12.884001727272723
1046.077253,12.884000863636263
1046.077254,12.884
1046.079849999,12.884013121051302
1046.2751,12.884999979782664
1046.275101,12.884999984836998
1046.275102,12.884999989891332
1046.275103,12.884999994945666
1046.275104,12.885
1046.27785,12.885942356800442
1046.4726,12.952775563966634
1046.47325,12.952998627302552
1046.473251,12.952998970476877
1046.473252,12.952999313651276
1046.473253,12.9529996568256
1046.473254,12.953
1046.47585,12.955491111110932
1046.6706,13.14237242424248
1046.67125,13.142996161616171
1046.671251,13.142997121212238
1046.671252,13.142998080808086
1046.671253,13.142999040404153
1046.671254,13.143
1046.8686,13.12406753850036
1046.8693,13.124000383741478
1046.869301,13.124000287806098
1046.869302,13.12400019187074
1046.869303,13.12400009593536
1046.869304,13.124
1047.06725,12.991002687547354
1047.067251,12.991002015660438
1047.067251999,12.991001343773677
1047.067253,12.99100067188676
1047.067254,12.991
1047.071699999,12.991674147081143
1047.2651,13.020999393479912
1047.265101,13.020999545109952
1047.265102,13.020999696739956
1047.265103,13.020999848369996
1047.265104,13.021
1047.2677,13.021432230070642
1047.46265,13.05389110998992
1047.4633,13.053999334006056
1047.463301,13.05399950050456
1047.463302,13.053999667003028
1047.463303,13.053999833501534
1047.463304,13.054
1047.4659,13.04989622222216
1047.6613,12.741006323232307
1047.661301,12.74100474242441
1047.661302,12.741003161616153
1047.661303,12.741001580808256
1047.661304,12.741
1047.66385,12.742967363636318
1047.85865,12.893494636363682
1047.8593,12.893996909090918
1047.859301,12.893997681818275
1047.859302,12.89399845454546
1047.859303,12.893999227272817
1047.859304,12.894
1048.05665,12.833201484848466
1048.0573,12.833001232323229
1048.057301,12.833000924242455
1048.057302,12.833000616161614
1048.057303,12.833000308080845
1048.057304,12.833
1048.25465,13.149949636363733
1048.2553,13.150993575757592
1048.255301,13.150995181818375
1048.255302,13.150996787878796
1048.255303,13.15099839393958
1048.255304,13.151
1048.4533,13.102000989898988
1048.453301,13.102000742424211
1048.453302,13.102000494949491
1048.453303,13.102000247474718
1048.453304,13.102
1048.4558,13.100449454545416
1048.45595,13.100356272727328
1048.65065,12.979406272727378
1048.6513,12.97900248484848
1048.651301,12.97900186363643
1048.651302,12.97900124242424
1048.651303,12.979000621212192
1048.651304,12.979
1048.84865,12.954101438304315
1048.84945,12.95400050466818
1048.849451,12.95400037850115
1048.849452,12.95400025233409
1048.849453,12.95400012616706
1048.849454,12.954
1049.0473,13.003998989133184
1049.047301,13.00399924184986
1049.047302,13.003999494566592
1049.047303,13.003999747283268
1049.047304,13.004
1049.04985,13.003576201765457
1049.2447,12.971142153846136
1049.24555,12.971000665825976
1049.245551,12.971000499369463
1049.245552,12.971000332912988
1049.245553,12.971000166456475
1049.245554,12.971
1049.44425,12.936000704579769
1049.444251,12.936000528434844
1049.444252,12.936000352289884
1049.444253,12.936000176144962
1049.444254,12.936
1049.44675,12.935176655671205
1049.4469,12.935127175843723
1049.6407,12.871199238771908
1049.6413,12.871001319462062
1049.641301,12.871000989596585
1049.641302,12.871000659731031
1049.641303,12.871000329865554
1049.641304,12.871
1049.8405,12.86501963472605
1049.84115,12.865000120090068
1049.841151,12.865000090067554
1049.841152,12.865000060045034
1049.841153,12.86500003002252
1049.841154,12.865
1050.0367,13.008520000000043
1050.03735,13.00899706422019
1050.037351,13.008997798165227
1050.037352,13.008998532110096
1050.037353,13.008999266055133
1050.037354,13.009
1050.2347,12.964193895055477
1050.23555,12.96400090817356
1050.235551,12.964000681130145
1050.235552,12.96400045408678
1050.235553,12.964000227043364
1050.235554,12.964
1050.4327,12.902282999242614
1050.4336,12.902001252209036
1050.433601,12.90200093915674
1050.433602,12.90200062610452
1050.433603,12.902000313052223
1050.433604,12.902
1050.4361,12.90092713021489
1050.6307,12.817281112515778
1050.63135,12.8170017193426
1050.631351,12.8170012895069
1050.631352,12.8170008596713
1050.631353,12.817000429835602
1050.631354,12.817
1050.8287,12.933525268735798
1050.8295,12.933997638152922
1050.829501,12.933998228614758
1050.829502,12.93399881907646
1050.829503,12.933999409538298
1050.829504,12.934
1051.0267,12.9618863030303
1051.0275,12.961999434343436
1051.027501,12.96199957575756
1051.027502,12.961999717171718
1051.027503,12.961999858585845
1051.027504,12.962
1051.22475,12.967981683093251
1051.22535,12.967999878695982
1051.225351,12.967999909021984
1051.225352,12.96799993934799
1051.225353,12.967999969673992
1051.225354,12.968
1051.4227,13.040667127364442
1051.4236,13.040998527112237
1051.423601,13.04099889533422
1051.423602,13.040999263556118
1051.423603,13.0409996317781
1051.423604,13.041
1051.4261,13.040407215765525
1051.62085,12.994155320869163
1051.6215,12.994000949974732
1051.621501,12.994000712481077
1051.621502,12.994000474987368
1051.621503,12.99400023749371
1051.621504,12.994
1051.820449999,13.031856524787196
1051.8212,13.031999238858289
1051.821201,13.031999429143738
1051.821202,13.031999619429143
1051.821203,13.031999809714597
1051.821204,13.032
1052.0175,13.026000122261843
1052.017501,13.026000091696384
1052.017502,13.026000061130922
1052.017503,13.026000030565465
1052.017504,13.026
1052.0201,13.026459120768072
1052.21475,13.060884335523
1052.2154,13.060999292572008
1052.215401,13.060999469429026
1052.215402,13.060999646286003
1052.215403,13.060999823143025
1052.215404,13.061
1052.41275,13.091866427850674
1052.4136,13.091999374369326
1052.413601,13.091999530777011
1052.413602,13.091999687184662
1052.413603,13.09199984359235
1052.413604,13.092
1052.4161,13.093436728099002
1052.61075,13.205479646553904
1052.61165,13.205997697551128
1052.611651,13.205998273163411
1052.611652,13.205998848775565
1052.611653,13.205999424387848
1052.611654,13.206
1052.80875,13.283643878787885
1052.80965,13.283998424242428
1052.809651,13.283998818181775
1052.809652,13.283999212121214
1052.809653,13.283999606060563
1052.809654,13.284
1053.00675,13.253125942395116
1053.00755,13.25300062657908
1053.007551,13.25300046993429
1053.007552,13.25300031328954
1053.007553,13.253000156644752
1053.007554,13.253
1053.20475,13.255987818181818
1053.20555,13.25599993939394
1053.205551,13.255999954545455
1053.205552,13.25599996969697
1053.205553,13.255999984848486
1053.205554,13.256
1053.4045,13.218000764011055
1053.404501,13.21800057300827
1053.404502,13.218000382005528
1053.404503,13.218000191002742
1053.404504,13.218
1053.40775,13.218988378584111
1053.60075,13.277755189038311
1053.60155,13.27799878203502
1053.601551,13.2779990865263
1053.601552,13.27799939101751
1053.601553,13.27799969550879
1053.601554,13.278
1053.799,13.21226766204288
1053.7998,13.212001331651951
1053.799801,13.212000998739
1053.799802,13.212000665825975
1053.799803,13.212000332913023
1053.799804,13.212
1053.997,13.06847599696752
1053.99765,13.068002911296594
1053.997651,13.068002183472403
1053.997652,13.06800145564838
1053.997653,13.06800072782419
1053.997654,13.068
1054.19565,13.048000404040405
1054.195651,13.04800030303029
1054.195652,13.0480002020202
1054.195653,13.04800010101009
1054.195654,13.048
1054.3929,12.993250921019428
1054.3938,12.993001110269995
1054.393801,12.993000832702466
1054.393802,12.993000555134998
1054.393803,12.993000277567468
1054.393804,12.993
1054.3963,12.991410432145525
1054.5908,12.86754386656551
1054.59165,12.867002547384375
1054.591651,12.86700191053821
1054.591652,12.867001273692187
1054.591653,12.867000636846022
1054.591654,12.867
1054.7888,12.902817592732744
1054.7898,12.902999273277825
1054.789801,12.902999454958346
1054.789802,12.902999636638912
1054.789803,12.902999818319437
1054.789804,12.903
1054.9868,12.883076257901385
1054.98755,12.8830004045512
1054.987551,12.88300030341339
1054.987552,12.883000202275602
1054.987553,12.883000101137789
1054.987554,12.883
1055.1848,12.84912947474746
1055.18555,12.849000686868685
1055.185551,12.849000515151534
1055.185552,12.849000343434342
1055.185553,12.849000171717192
1055.185554,12.849
1055.3828,12.862929099621692
1055.3838,12.862999717528371
1055.383801,12.862999788146288
1055.383802,12.862999858764187
1055.383803,12.8629999293821
1055.383804,12.863
1055.3863,12.862571177362293
1055.5808,12.82915531076301
1055.5817,12.829000687215764
1055.581701,12.829000515411844
1055.581702,12.829000343607882
1055.581703,12.829000171803962
1055.581704,12.829
1055.77895,12.744366431095456
1055.7798,12.74400171630499
1055.779801,12.744001287228718
1055.779802,12.744000858152544
1055.779803,12.744000429076271
1055.779804,12.744
1055.9768,12.72311175965666
1055.97785,12.72300042413532
1055.977851,12.7230003181015
1055.977852,12.72300021206766
1055.977853,12.723000106033842
1055.977854,12.723
1056.1748,12.705095818181803
1056.17585,12.705000363636362
1056.175851,12.70500027272726
1056.175852,12.705000181818182
1056.175853,12.70500009090908
1056.175854,12.705
1056.37315,12.67709955555556
1056.37385,12.677000565656565
1056.373851,12.677000424242438
1056.373852,12.67700028282828
1056.373853,12.677000141414156
1056.373854,12.677
1056.37625,12.677387232323207
1056.57085,12.708837737373742
1056.57185,12.708999353535354
1056.571851,12.708999515151534
1056.571852,12.708999676767675
1056.571853,12.708999838383855
1056.571854,12.709
1056.76905,12.615381696969704
1056.76985,12.615001898989894
1056.769851,12.615001424242475
1056.769852,12.615000949494949
1056.769853,12.61500047474742
1056.769854,12.615
1056.9672,12.68177869696964
1056.96785,12.68199864646465
1056.967851,12.68199898484845
1056.967852,12.681999323232326
1056.967853,12.681999661616125
1056.967854,12.682
1057.1648,12.451234989898804
1057.16585,12.450004686868676
1057.165851,12.450003515151376
1057.165852,12.450002343434338
1057.165853,12.450001171717036
1057.165854,12.45
1057.36285,12.63505684848488
1057.36385,12.635996242424254
1057.363851,12.635997181818084
1057.363852,12.635998121212127
1057.363853,12.635999060605958
1057.363854,12.636
1057.3663,12.634838767676785
1057.56085,12.54247664646463
1057.56185,12.542001898989891
1057.561851,12.542001424242368
1057.561852,12.542000949494946
1057.561853,12.54200047474742
1057.561854,12.542
1057.75885,12.391765676767651
1057.75985,12.391003050505043
1057.759851,12.39100228787887
1057.759852,12.391001525252522
1057.759853,12.391000762626348
1057.759854,12.391
1057.95685,12.49248278787869
1057.95785,12.492997939393945
1057.957851,12.4929984545454
1057.957852,12.492998969696972
1057.957853,12.492999484848427
1057.957854,12.493
1058.15485,12.54981858064516
1058.3531,12.606998846299817
1058.353101,12.606999134724894
1058.353102,12.606999423149908
1058.353103,12.606999711574987
1058.353104,12.607
1058.356,12.606312565656522
1058.5511,12.560000949494947
1058.551101,12.560000712121235
1058.551102,12.560000474747474
1058.551103,12.56000023737371
1058.551104,12.56
1058.55555,12.55984285786418
1058.5559,12.559830487250697
1058.74915,12.55300014137844
1058.749151,12.553000106033826
1058.749152,12.55300007068922
1058.749153,12.553000035344606
1058.749154,12.553
1058.75185,12.55155668686868
1058.94715,12.447002141414137
1058.947151,12.447001606060663
1058.947152,12.447001070707069
1058.947153,12.447000535353595
1058.947154,12.447
1058.9518,12.451970739338744
1059.1453,12.65899572041384
1059.145301,12.658996790310258
1059.145302,12.65899786020692
1059.145303,12.658998930103582
1059.145304,12.659
1059.14805,12.65987328621912
1059.3434,12.721998727915198
1059.343401,12.72199904593636
1059.343402,12.7219993639576
1059.343403,12.721999681978764
1059.343404,12.722
1059.3459,12.721583474083465
1059.54115,12.689000667509518
1059.541151,12.68900050063213
1059.541152,12.68900033375474
1059.541153,12.689000166877388
1059.541154,12.689
1059.54375,12.686390888889076
1059.5461,12.684029020202226
1059.73915,12.49000402020201
1059.739151,12.490003015151393
1059.739152,12.490002010101003
1059.739153,12.490001005050388
1059.739154,12.49
1059.7419,12.489709051463157
1059.93735,12.469000423814329
1059.937351,12.469000317860758
1059.937352,12.469000211907163
1059.937353,12.469000105953594
1059.937354,12.469
1059.94005,12.469231708796766
1060.13515,12.485999656218404
1060.135151,12.485999742163813
1060.135152,12.485999828109202
1060.135153,12.485999914054611
1060.135154,12.486
1060.1379,12.48468247474742
1060.33315,12.391001919191917
1060.333151,12.39100143939399
1060.333152,12.391000959595956
1060.333153,12.391000479798032
1060.333154,12.391
1060.3359,12.392137232323186
1060.53115,12.472998343434348
1060.531151,12.472998757575809
1060.531152,12.472999171717175
1060.531153,12.472999585858634
1060.531154,12.473
1060.53365,12.47450172975687
1060.534,12.47471230884939
1060.7306,12.592997593381806
1060.730601,12.592998195036422
1060.730602,12.592998796690903
1060.730603,12.59299939834552
1060.730604,12.593
1060.73335,12.593
1060.9274,12.593
1060.927401,12.593
1060.927402,12.593
1060.927403,12.593
1060.927404,12.593
1060.92995,12.592768311425669
1061.1252,12.575000364004044
1061.125201,12.575000273003043
1061.125202,12.575000182002023
1061.125203,12.575000091001025
1061.125204,12.575
1061.1283,12.57313493975909
1061.3244,12.455002409638547
1061.324401,12.45500180722898
1061.324402,12.455001204819274
1061.324403,12.455000602409706
1061.324404,12.455
1061.32715,12.452839441624452
1061.5214,12.300003147208114
1061.521401,12.300002360405996
1061.521402,12.300001573604058
1061.521403,12.30000078680194
1061.521404,12.3
1061.5239,12.301880202224517
1061.5242,12.302106188068748
1061.7192,12.448996986855416
1061.719201,12.448997740141476
1061.719202,12.448998493427707
1061.719203,12.448999246713768
1061.719204,12.449
1061.72205,12.447291251261433
1061.9174,12.330002401614523
1061.917401,12.330001801210823
1061.917402,12.330001200807262
1061.917403,12.330000600403563
1061.917404,12.33
1061.9203,12.331594262626368
1062.1154,12.438997797979804
1062.115401,12.43899834848479
1062.115402,12.4389988989899
1062.115403,12.438999449494888
1062.115404,12.439
1062.1179,12.438862064807834
1062.31445,12.428000221049988
1062.314451,12.428000165787484
1062.314452,12.428000110524994
1062.314453,12.42800005526249
1062.314454,12.428
1062.3171,12.427516467005052
1062.51145,12.392000730964464
1062.511451,12.392000548223368
1062.511452,12.392000365482232
1062.511453,12.392000182741135
1062.511454,12.392
1062.51395,12.391224883546256
1062.5141,12.391178302028576
1062.7111,12.3300012421738
1062.711101,12.330000931630384
1062.711102,12.3300006210869
1062.711103,12.330000310543486
1062.711104,12.33
1062.71365,12.330739098548491
1062.90745,12.386998838808251
1062.907451,12.386999129106158
1062.907452,12.386999419404129
1062.907453,12.386999709702032
1062.907454,12.387
1062.91035,12.388740525252503
1063.10545,12.505997595959466
1063.105451,12.505998196969632
1063.105452,12.5059987979798
1063.105453,12.505999398989832
1063.105454,12.506
1063.10795,12.504449454545554
1063.30345,12.38300248484848
1063.303451,12.38300186363629
1063.303452,12.38300124242424
1063.303453,12.38300062121205
1063.303454,12.383
1063.30365,12.383042565656558
1063.50145,12.425999131313134
1063.501451,12.425999348484826
1063.501452,12.425999565656566
1063.501453,12.425999782828258
1063.501454,12.426
1063.50395,12.42464912052126
1063.5041,12.424567937860234
1063.701,12.318002164871077
1063.701001,12.318001623653275
1063.701002,12.3180010824356
1063.701003,12.3180005412178
1063.701004,12.318
1063.7035,12.31918161364207
1063.89745,12.410998106388398
1063.897451,12.410998579791244
1063.897452,12.4109990531942
1063.897453,12.410999526597044
1063.897454,12.411
1063.90015,12.410577898989896
1064.09545,12.380000626262625
1064.095451,12.380000469696952
1064.095451999,12.380000313131314
1064.095453,12.38000015656564
1064.095454,12.38
1064.097999999,12.382378838383993
1064.29345,12.564996262626272
1064.293451,12.56499719696981
1064.293452,12.564998131313136
1064.293453,12.564999065656671
1064.293454,12.565
1064.2937,12.565217369351227
1064.4915,12.739996465539017
1064.491501,12.73999734915436
1064.491502,12.739998232769508
1064.491503,12.739999116384856
1064.491504,12.74
1064.494,12.73759224242418
1064.4941,12.737495777777742
1064.6895,12.549003858585849
1064.689501,12.549002893939496
1064.689502,12.549001929292924
1064.689503,12.549000964646572
1064.689504,12.549
1064.692,12.547249084027206
1064.887,12.41045877365628
1064.88765,12.410002805955076
1064.887651,12.410002104466228
1064.887652,12.41000140297754
1064.887653,12.41000070148869
1064.887654,12.41
1065.08545,12.564996865520737
1065.085451,12.56499764914064
1065.085451999,12.564998432760367
1065.085453,12.564999216380272
1065.085454,12.565
1065.08815,12.563095660948528
1065.28365,12.425002825428852
1065.283651,12.42500211907156
1065.283652,12.425001412714426
1065.283653,12.425000706357132
1065.283654,12.425
1065.28805,12.427177447561306
1065.4815,12.52299801870104
1065.481501,12.522998514025836
1065.481502,12.52299900935052
1065.481503,12.522999504675315
1065.481504,12.523
1065.484,12.522394909090892
1065.4845,12.522273696969712
1065.6795,12.475000969696968
1065.679501,12.475000727272752
1065.679502,12.475000484848485
1065.679503,12.475000242424269
1065.679504,12.475
1065.68215,12.472087215411651
1065.877,12.257591343507595
1065.87935,12.255004403302468
1065.879351,12.255003302476975
1065.879352,12.255002201651234
1065.879353,12.255001100825742
1065.879354,12.255
1066.0755,12.62699241396892
1066.075501,12.626994310476476
1066.075502,12.626996206984462
1066.075502999,12.626998103492015
1066.075504,12.627
1066.07815,12.625984363636398
1066.2735,12.551001535353532
1066.273501,12.551001151515193
1066.273502,12.551000767676769
1066.273503,12.551000383838426
1066.273504,12.551
1066.2737,12.550962657307604
1066.4723,12.513124602657296
1066.47295,12.51300076209576
1066.472951,12.5130005715718
1066.472952,12.51300038104788
1066.472953,12.513000190523918
1066.472954,12.513
1066.47545,12.51103164589158
1066.6695,12.358003154413629
1066.669501,12.35800236581031
1066.669502,12.358001577206814
1066.669503,12.358000788603498
1066.669504,12.358
1066.672,12.35572003028024
1066.86705,12.177551723441898
1066.86765,12.177003653797618
1066.867651,12.177002740348318
1066.867652,12.17700182689881
1066.867653,12.177000913449508
1066.867654,12.177
1067.065649999,11.97800402020201
1067.065651,11.97800301515162
1067.065652,11.978002010101005
1067.065653,11.978001005050617
1067.065653999,11.978
1067.06835,11.980504741226977
1067.26305,12.161392395859476
1067.2637,12.161996283766737
1067.263701,12.161997212824948
1067.263702,12.161998141883368
1067.263703,12.16199907094158
1067.263704,12.162
1067.461,12.296520000000127
1067.4617,12.29699727272728
1067.461701,12.296997954545535
1067.461702,12.29699863636364
1067.461703,12.296999318181898
1067.461704,12.297
1067.4662,12.292027151515136
1067.65905,12.078723363636296
1067.6597,12.078004424242412
1067.659701,12.078003318181937
1067.659702,12.078002212121206
1067.659703,12.078001106060729
1067.659704,12.078
1067.85705,12.225511151515027
1067.8577,12.225997010100848
1067.857701,12.22599775757568
1067.857702,12.22599850505034
1067.857703,12.22599925252517
1067.857704,12.226
1068.0558,12.048003594144362
1068.055801,12.04800269560817
1068.055802,12.048001797072182
1068.055803,12.048000898535989
1068.055804,12.048
1068.05855,12.05151055078337
1068.2537,12.300994886306228
1068.253701,12.300996164729526
1068.253702,12.300997443153117
1068.253703,12.300998721576413
1068.253704,12.301
1068.2562,12.300394909090947
1068.45105,12.25315854545453
1068.4517,12.253000969696968
1068.451701,12.253000727272696
1068.451702,12.253000484848483
1068.451703,12.253000242424214
1068.451704,12.253
1068.4542,12.252094421768684
1068.64905,12.181400544217666
1068.65015,12.181001451247162
1068.650151,12.181001088435414
1068.650152,12.181000725623582
1068.650153,12.181000362811831
1068.650154,12.181
1068.84705,12.047443614274828
1068.8477,12.047002713237148
1068.847701,12.047002034927784
1068.847702,12.047001356618576
1068.847703,12.04700067830921
1068.847704,12.047
1069.04505,12.033046242424238
1069.0457,12.03300028282828
1069.045701,12.033000212121204
1069.045702,12.03300014141414
1069.045703,12.033000070707065
1069.045704,12.033
1069.24565,11.859003480870207
1069.245651,11.859002610652558
1069.245652,11.859001740435104
1069.245653,11.859000870217454
1069.245654,11.859
1069.24815,11.85954745218058
1069.4417,11.901999122672793
1069.441701,11.901999342004618
1069.441702,11.901999561336396
1069.441703,11.901999780668223
1069.441704,11.902
1069.44425,11.902848452411064
1069.44445,11.902915102246949
1069.6391,11.967782055036627
1069.63975,11.967998667003286
1069.639751,11.967999000252505
1069.639752,11.967999333501645
1069.639753,11.96799966675086
1069.639754,11.968
1069.8372,11.93511724451174
1069.8379,11.935000666161995
1069.837901,11.935000499621516
1069.837902,11.935000333081
1069.837903,11.93500016654052
1069.837904,11.935
1070.0351,11.846294192570204
1070.03575,11.846001799342933
1070.035751,11.846001349507253
1070.035752,11.846000899671466
1070.035753,11.846000449835785
1070.035754,11.846
1070.2331,11.785262835519644
1070.23395,11.785001231079717
1070.233951,11.78500092330975
1070.233952,11.785000615539856
1070.233953,11.785000307769891
1070.233954,11.785
1070.4311,11.739198404040431
1070.43195,11.739000929292928
1070.431951,11.739000696969722
1070.431952,11.739000464646464
1070.431953,11.739000232323258
1070.431954,11.739
1070.43445,11.73960585587865
1070.6297,11.78699902907712
1070.629701,11.786999271807812
1070.629702,11.78699951453856
1070.629703,11.786999757269252
1070.629704,11.787
1070.827099999,11.94834284561048
1070.8279,11.948996730575184
1070.827901,11.948997547931295
1070.827902,11.948998365287592
1070.827902999,11.948999182643703
1070.827904,11.949
1071.0251,11.596170159211823
1071.02575,11.595007156937465
1071.025751,11.595005367702996
1071.025752,11.595003578468528
1071.025753,11.595001789234468
1071.025754,11.595
1071.22325,11.629884481453455
1071.2239,11.62999929346455
1071.223901,11.629999470098392
1071.223902,11.629999646732276
1071.223903,11.629999823366118
1071.223904,11.63
1071.42125,11.682824939393956
1071.4219,11.682998929292932
1071.421901,11.68299919696973
1071.421902,11.682999464646466
1071.421903,11.682999732323264
1071.421904,11.683
1071.4244,11.682924325416876
1071.6191,11.67702134411319
1071.6198,11.67700012127337
1071.619801,11.67700009095503
1071.619802,11.677000060636685
1071.619803,11.677000030318345
1071.619804,11.677
1071.81715,11.783565844057524
1071.817949999,11.783997840020191
1071.817951,11.783998380015204
1071.817951999,11.783998920010095
1071.817953,11.783999460005113
1071.817954,11.784
1072.01515,11.702020195341824
1072.0176,11.70100166291009
1072.017601,11.70100124718252
1072.017602,11.701000831455044
1072.017603,11.701000415727476
1072.017604,11.701
1072.21315,11.590482657841209
1072.214,11.590002260692458
1072.214001,11.590001695519408
1072.214002,11.590001130346227
1072.214003,11.59000056517318
1072.214004,11.59
1072.4113,11.730569661445289
1072.4119,11.730997150075805
1072.411901,11.730997862556933
1072.411902,11.7309985750379
1072.411903,11.730999287519031
1072.411904,11.731
1072.4144,11.729724169381075
1072.61145,11.629002044600345
1072.611451,11.6290015334502
1072.611452,11.629001022300171
1072.611453,11.629000511150029
1072.611454,11.629
1072.6117,11.628902326291652
1072.8073,11.551239816747293
1072.8079,11.551001588190466
1072.807901,11.551001191142827
1072.807902,11.551000794095188
1072.807903,11.55100039704764
1072.807904,11.551
1073.0059,11.49600111111111
1073.005901,11.4960008333333
1073.005902,11.496000555555554
1073.005903,11.496000277777746
1073.005904,11.496
1073.0085,11.4935905977301
1073.20315,11.312931833543477
1073.20415,11.312003712484229
1073.204151,11.312002784363065
1073.204152,11.312001856242114
1073.204153,11.31200092812095
1073.204154,11.312
1073.40115,11.26718291203236
1073.40195,11.267000910010108
1073.401951,11.267000682507607
1073.401952,11.267000455005054
1073.401953,11.267000227502551
1073.401954,11.267
1073.40455,11.26642859429714
1073.5994,11.223540150075076
1073.60185,11.22300088044022
1073.601851,11.22300066033019
1073.601852,11.22300044022011
1073.601853,11.22300022011008
1073.601854,11.223
1073.79715,11.094528893421732
1073.79795,11.094002631310548
1073.797951,11.094001973482836
1073.797952,11.094001315655277
1073.797953,11.094000657827564
1073.797954,11.094
1073.99515,10.87588927272729
1073.99595,10.875004424242412
1073.995951,10.875003318181935
1073.995952,10.875002212121206
1073.995953,10.87500110606073
1073.995954,10.875
1074.1945,10.651132047105952
1074.1955,10.650004510147822
1074.195501,10.650003382610738
1074.195502,10.650002255073913
1074.195503,10.650001127536829
1074.195504,10.65
1074.39115,10.438975059781216
1074.39205,10.4380043144238
1074.392051,10.438003235817972
1074.392052,10.4380021572119
1074.392053,10.438001078606073
1074.392054,10.438
1074.39455,10.436159515151468
1074.58915,10.292666585858749
1074.59005,10.29200294949511
1074.590051,10.29200221212129
1074.590052,10.29200147474764
1074.590053,10.29200073737382
1074.590054,10.292
1074.7872,10.025357920767052
1074.7882,10.024005410042884
1074.788201,10.024004057532316
1074.788202,10.024002705021443
1074.788203,10.024001352510876
1074.788204,10.024
1074.9852,9.817789269279542
1074.98595,9.81700418710492
1074.985951,9.81700314032881
1074.985952,9.81700209355246
1074.985953,9.81700104677635
1074.985954,9.817
1075.1832,9.543461674231056
1075.18425,9.542005547151083
1075.184251,9.542004160363232
1075.184252,9.5420027735757
1075.184253,9.542001386787849
1075.184254,9.542
1075.38155,9.17820591058379
1075.3822,9.17700737559988
1075.382201,9.17700553170012
1075.382202,9.17700368779994
1075.382203,9.17700184390018
1075.382204,9.177
1075.3847,9.172862077331576
1075.58005,8.849006631286311
1075.580051,8.849004973464545
1075.580052,8.849003315643156
1075.580053,8.84900165782139
1075.580054,8.849
1075.5803,8.84838670703997
1075.7772,8.35750303305568
1075.7782,8.355009972243225
1075.778201,8.355007479182703
1075.778202,8.355004986121612
1075.778203,8.35500249306109
1075.778204,8.355
1075.9752,8.157854647460315
1075.97605,8.15700400303259
1075.976051,8.157003002274557
1075.976052,8.157002001516295
1075.976053,8.157001000758262
1075.976054,8.157
1076.1732,7.86150485995453
1076.1742,7.860005995457971
1076.174201,7.860004496593649
1076.174202,7.860002997728986
1076.174203,7.860001498864664
1076.174204,7.86
1076.37145,7.404855228477696
1076.37225,7.403009229992403
1076.372251,7.40300692249404
1076.372252,7.403004614996202
1076.372253,7.403002307497839
1076.372254,7.403
1076.37475,7.397655030302895
1076.5692,6.981257050505194
1076.57025,6.979008565656544
1076.570250999,6.979006424242652
1076.570252,6.979004282828273
1076.570253,6.979002141414379
1076.570254,6.979
1076.7672,6.641804575757304
1076.76825,6.640006848484831
1076.768251,6.640005136363429
1076.768252,6.640003424242416
1076.768253,6.6400017121210135
1076.768254,6.640000000000001
1076.96525,6.377338666666621
1076.96625,6.37600533333332
1076.966251,6.376004000000142
1076.966252,6.37600266666666
1076.966253,6.376001333333482
1076.966254,6.376
1077.16325,6.054637838383784
1077.16425,6.053006525252509
1077.164251,6.053004893939196
1077.164252,6.053003262626254
1077.164253,6.0530016313129416
1077.164254,6.053
1077.3616,5.92143599999996
1077.36225,5.92100266666666
1077.362251,5.921002000000071
1077.362252,5.92100133333333
1077.362253,5.92100066666659
1077.362254,5.921
1077.36475,5.921693333333352
1077.55925,5.975721111111057
1077.56025,5.975998888888892
1077.560251,5.975999166666637
1077.560252,5.9759994444444455
1077.560253,5.975999722222191
1077.560254,5.976
1077.75725,5.957633231699638
1077.9571,5.939000372936877
1077.957101,5.939000279702647
1077.957102,5.939000186468439
1077.957103,5.939000093234209
1077.957104,5.939
1077.95985,5.937760836607883
1078.15325,5.850486910888581
1078.35155,5.7610018050449945
1078.351551,5.761001353783695
1078.351552,5.761000902522498
1078.351553,5.761000451261197
1078.351554,5.761
1078.35425,5.766631014275011
1078.5512,6.177991645379435
1078.551201,6.177993734034814
1078.551202,6.177995822689717
1078.551203,6.177997911345096
1078.551204,6.178
1078.5538,6.176624635761569
1078.55405,6.176492185430416
1078.7475,6.074002119205293
1078.747501,6.07400158940403
1078.747502,6.074001059602646
1078.747503,6.074000529801383
1078.747504,6.074
1078.94555,5.658008401918687
1078.945551,5.658006301439253
1078.945552,5.658004200959343
1078.945553,5.65800210047991
1078.945554,5.658
1078.9483,5.65976008012011
1079.14525,5.785997436154238
1079.145251,5.785998077115751
1079.145252,5.78599871807712
1079.145253,5.785999359038633
1079.145254,5.7860000000000005
1079.14835,5.78413893020878
1079.34155,5.6680024044829285
1079.341551,5.668001803362128
1079.341552,5.668001202241464
1079.341553,5.668000601120664
1079.341554,5.668
1079.3443,5.669040151515195
1079.53955,5.742998484848489
1079.539551,5.742998863636323
1079.539552,5.742999242424244
1079.539553,5.742999621212079
1079.539554,5.743
1079.54215,5.744584843592355
1079.5424,5.74473746720476
1079.73775,5.863997558022206
1079.737751,5.863998168516585
1079.737752,5.863998779011103
1079.737753,5.863999389505482
1079.737754,5.864
1079.7423,5.865149140545979
1079.93555,5.9139989888776565
1079.935551,5.913999241658214
1079.935552,5.913999494438828
1079.935553,5.9139997472193855
1079.935554,5.914
1079.9383,5.913750363636374
1080.13355,5.896000363636383
1080.133551,5.896000272727282
1080.133552,5.896000181818181
1080.133553,5.896000090909101
1080.133554,5.896
1080.1363,5.89377891986947
1080.3326,5.73500323536799
1080.332601,5.735002426526084
1080.332602,5.735001617683995
1080.332603,5.73500080884209
1080.332604,5.735
1080.33515,5.734715602944917
1080.52955,5.713000446813911
1080.529551,5.713000335110446
1080.529552,5.713000223406955
1080.529553,5.71300011170349
1080.529554,5.713
1080.53215,5.714337333333355
1080.53245,5.714491878787862
1080.72755,5.814997939393945
1080.727551,5.814998454545518
1080.727552,5.814998969696973
1080.727553,5.814999484848545
1080.727554,5.815
1080.7322,5.816054577553615
1080.9258,5.859999092055488
1080.925801,5.859999319041591
1080.925802,5.859999546027744
1080.925803,5.859999773013847
1080.925804,5.86
1080.9283,5.861931165613022
1081.12355,6.012996905183144
1081.123551,6.012997678887402
1081.123552,6.012998452591484
1081.123553,6.012999226295742
1081.123554,6.013
1081.1263,6.016656716267192
1081.3218,6.276994673392196
1081.321801,6.276996005043995
1081.321802,6.276997336696097
1081.321803,6.276998668347898
1081.321804,6.277
1081.32435,6.278391745235674
1081.5212,6.385997813440326
1081.521201,6.385998360080183
1081.521202,6.385998906720164
1081.521203,6.38599945336002
1081.521204,6.386
1081.5238,6.386489063136463
1081.5241,6.386545580448058
1081.7176,6.422999246435847
1081.717601,6.422999434826864
1081.717602,6.422999623217923
1081.717603,6.422999811608941
1081.717604,6.423
1081.91585,6.463999172761668
1081.915851,6.463999379571274
1081.915852,6.463999586380834
1081.915853,6.463999793190441
1081.915854,6.464
1081.91855,6.46537697092289
1082.1136,6.56499795701644
1082.113601,6.564998467762273
1082.113602,6.56499897850822
1082.113603,6.564999489254168
1082.113604,6.565
1082.11705,6.567660131180579
1082.3118,6.717996912209896
1082.311801,6.717997684157335
1082.311802,6.717998456104948
1082.311803,6.717999228052387
1082.311804,6.718
1082.3147,6.724494060605985
1082.5098,7.161991030303053
1082.509801,7.161993272727544
1082.509802,7.161995515151526
1082.509803,7.161997757576018
1082.509804,7.162
1082.5123,7.163336242424276
1082.5125,7.16344331313132
1082.7078,7.267997858585864
1082.707801,7.267998393939337
1082.707802,7.267998929292932
1082.707803,7.267999464646526
1082.707804,7.268
1082.71045,7.269483363636314
1082.9058,7.378997757575764
1082.905801,7.378998318181759
1082.905802,7.378998878787882
1082.905803,7.378999439393877
1082.905804,7.379
1082.90835,7.376326089371435
1083.10385,7.171004200959343
1083.103851,7.171003150719627
1083.103852,7.171002100479672
1083.103853,7.171001050239956
1083.103854,7.171
1083.1087,7.1715873939394
1083.30185,7.194999515151516
1083.301851,7.194999636363652
1083.301852,7.194999757575759
1083.301853,7.194999878787893
1083.301854,7.195
1083.30445,7.198605555555609
1083.49985,7.469994444444458
1083.499851,7.4699958333331855
1083.499852,7.469997222222229
1083.499853,7.469998611110957
1083.499854,7.47
1083.50235,7.470907636363659
1083.5029,7.471107636363651
1083.69785,7.541998545454466
1083.697851,7.541998909090871
1083.697852,7.541999272727274
1083.697853,7.541999636363596
1083.697854,7.542
1083.7025,7.5414133838384
1083.89585,7.517000505050504
1083.895851,7.517000378787864
1083.895852,7.517000252525253
1083.895853,7.517000126262612
1083.895854,7.517
1083.89835,7.516785696969692
1084.093849999,7.500000343434342
1084.093851,7.500000257575767
1084.093852,7.500000171717171
1084.093853,7.500000085858596
1084.093853999,7.5
1084.096849999,7.500090787878786
1084.29185,7.505999878787879
1084.291851,7.505999909090913
1084.291852,7.50599993939394
1084.291853,7.505999969696973
1084.291854,7.506
1084.29445,7.507284888888908
1084.48985,7.603998020202026
1084.489851,7.603998515151463
1084.489852,7.603999010101012
1084.489853,7.60399950505045
1084.489854,7.604
1084.49245,7.604
1084.4926,7.604
1084.687849999,7.604
1084.687850999,7.604
1084.687851999,7.604
1084.687852999,7.604
1084.687854,7.604
1084.688099999,7.604078272727293
1084.88585,7.66699872727273
1084.885851,7.666999045454584
1084.885852,7.666999363636365
1084.885853,7.666999681818218
1084.885854,7.667
1084.8903,7.663969401666303
1085.083899999,7.532002726584189
1085.083901,7.532002044938064
1085.083902,7.532001363292094
1085.083903,7.53200068164597
1085.083903999,7.532
1085.0864,7.536169447388452
1085.2814,7.861907524602674
1085.28205,7.862993318193305
1085.282051,7.862994988645169
1085.282052,7.862996659096653
1085.282053,7.862998329548517
1085.282054,7.863
1085.48145,8.071995807422278
1085.481451,8.07199685556659
1085.481452,8.07199790371114
1085.481453,8.071998951855452
1085.481454,8.072000000000001
1085.484,8.072673407934879
1085.4845,8.07280565615458
1085.6774,8.123827019328543
1085.67805,8.123998942014245
1085.678051,8.123999206510653
1085.678052,8.123999471007123
1085.678053,8.123999735503531
1085.678054,8.124
1085.8754,8.189782000000019
1085.87605,8.18999866666667
1085.876051,8.18999900000004
1085.876052,8.189999333333335
1085.876053,8.189999666666704
1085.876054,8.19
1086.0739,8.438994965883257
1086.073900999,8.438996224412586
1086.073902,8.438997482941629
1086.073903,8.438998741470957
1086.073904,8.439
1086.07435,8.439063022962404
1086.2714,8.466907585162764
1086.27205,8.46699943477164
1086.272051,8.466999576078745
1086.272052,8.46699971738582
1086.272053,8.466999858692926
1086.272054,8.467
1086.4694,8.508850704367575
1086.4701,8.508999151729364
1086.470101,8.508999363796999
1086.470102,8.508999575864681
1086.470103,8.508999787932318
1086.470104,8.509
1086.4726,8.50906304622379
1086.66805,8.513999898964384
1086.668051,8.513999924223285
1086.668052,8.513999949482193
1086.668053,8.513999974741093
1086.668054,8.514
1086.67055,8.515058641757063
1086.8654,8.597701408735151
1086.8661,8.597998303458727
1086.866101,8.597998727593998
1086.866102,8.597999151729365
1086.866103,8.597999575864634
1086.866104,8.598
1087.06395,8.693998059135714
1087.063950999,8.69399854435173
1087.063952,8.693999029567857
1087.063953,8.693999514783874
1087.063954,8.694
1087.06415,8.694039565985358
1087.26145,8.733867978803948
1087.2621,8.733999192530913
1087.262101,8.733999394398161
1087.262102,8.733999596265457
1087.262103,8.733999798132706
1087.262104,8.734
1087.4601,8.74199983838384
1087.460101,8.741999878787876
1087.460102,8.74199991919192
1087.460103,8.741999959595956
1087.460104,8.742
1087.46265,8.74380202224465
1087.4629,8.7439789686552
1087.6579,8.881997168857438
1087.657901,8.881997876642998
1087.657902,8.88199858442872
1087.657903,8.881999292214278
1087.657904,8.882
1087.65815,8.882038485995468
1087.85545,8.91290550592984
1087.85605,8.912999374211457
1087.856051,8.912999530658611
1087.856052,8.91299968710573
1087.856053,8.912999843552882
1087.856054,8.913
1088.0557,9.112995992987738
1088.055701,9.112996994740918
1088.055702,9.112997996493869
1088.055703,9.112998998247049
1088.055704,9.113
1088.05595,9.11292735234214
1088.25145,9.055193136456191
1088.2521,9.055001181262726
1088.252101,9.055000885947075
1088.252102,9.055000590631362
1088.252103,9.055000295315716
1088.252104,9.055
1088.44945,9.190516566523575
1088.45015,9.190997253218892
1088.450151,9.190997939914247
1088.450152,9.190998626609446
1088.450153,9.190999313304802
1088.450154,9.191
1088.45265,9.192307398640176
1088.6487,9.294997904809875
1088.648701,9.294998428607348
1088.648702,9.29499895240494
1088.648703,9.29499947620241
1088.648704,9.295
1088.84545,9.320913860182348
1088.8461,9.320999473150964
1088.846101,9.320999604863209
1088.846102,9.320999736575482
1088.846103,9.320999868287725
1088.846104,9.321
1089.0435,9.511417353535508
1089.0441,9.511996141414151
1089.044101,9.511997106060724
1089.044102,9.511998070707076
1089.044103,9.511999035353648
1089.044104,9.512
1089.2415,9.580118649662364
1089.24405,9.58099861965484
1089.244051,9.580998964741148
1089.244052,9.580999309827458
1089.244053,9.58099965491369
1089.244054,9.581
1089.4395,9.577012323386889
1089.4401,9.577000081611834
1089.440101,9.577000061208873
1089.440102,9.577000040805917
1089.440103,9.577000020402956
1089.440104,9.577
1089.4426,9.576420560181663
1089.6375,9.531175039111815
1089.63825,9.531000928589451
1089.638251,9.531000696442115
1089.638252,9.531000464294726
1089.638253,9.53100023214739
1089.638254,9.531
1089.83545,9.62668266868832
1089.8361,9.626998059135714
1089.836101,9.62699854435173
1089.836102,9.626999029567855
1089.836103,9.626999514783874
1089.836104,9.627
1090.03345,9.745576995708127
1090.03415,9.74599759656653
1090.034151,9.745998197424829
1090.034152,9.745998798283264
1090.034153,9.745999399141564
1090.034154,9.746
1090.2315,9.823663915237088
1090.23235,9.823998425832496
1090.232351,9.823998819374328
1090.232352,9.823999212916249
1090.232353,9.82399960645808
1090.232354,9.824
1090.4318,9.960997252444228
1090.431801,9.96099793933325
1090.431802,9.960998626222114
1090.431803,9.960999313111136
1090.431804,9.961
1090.4343,9.96207914547307
1090.43455,9.962187232960376
1090.6275,10.045609155645984
1090.6284,10.045998270600208
1090.628401,10.045998702950204
1090.628402,10.045999135300104
1090.628403,10.0459995676501
1090.628404,10.046
1090.825499999,9.959397212121209
1090.8264,9.959001757575752
1090.826401,9.959001318181864
1090.826402,9.959000878787876
1090.826403,9.959000439393987
1090.826404,9.959
1091.0235,9.773849212121204
1091.0244,9.773003757575962
1091.024401,9.773002818181917
1091.024402,9.773001878787872
1091.024403,9.773000939394043
1091.024404,9.773
1091.2215,9.759056877210714
1091.2223,9.759000282971195
1091.222301,9.759000212228406
1091.222302,9.7590001414856
1091.222303,9.759000070742792
1091.222304,9.759
1091.4195,9.81573988894498
1091.4204,9.815998849066132
1091.420401,9.815999136799569
1091.420402,9.815999424533066
1091.420403,9.8159997122665
1091.420404,9.816
1091.423,9.81703630116222
1091.6175,9.89467905002526
1091.6183,9.89499840323396
1091.618301,9.894998802425516
1091.618302,9.89499920161698
1091.618303,9.894999600808536
1091.618304,9.895
1091.81575,9.753468793538572
1091.8164,9.75300286723876
1091.816401,9.753002150429152
1091.816402,9.75300143361938
1091.816403,9.753000716809773
1091.816404,9.753
1092.0135,9.719138130368876
1092.0143,9.719000687215765
1092.014301,9.719000515411803
1092.014302,9.71900034360788
1092.014303,9.719000171803922
1092.014304,9.719
1092.21155,9.665232791519406
1092.2124,9.665001090358404
1092.212401,9.665000817768773
1092.212402,9.665000545179202
1092.212403,9.66500027258957
1092.212404,9.665
1092.40955,9.66798630648826
1092.41045,9.667999939409242
1092.410451,9.667999954556931
1092.410452,9.66799996970462
1092.410453,9.667999984852312
1092.410454,9.668
1092.41295,9.667369378473962
1092.6077,9.618165234967195
1092.60835,9.618001010611415
1092.608351,9.618000757958592
1092.608352,9.618000505305709
1092.608353,9.618000252652884
1092.608354,9.618
1092.8063,9.627999797928773
1092.806301,9.627999848446573
1092.806302,9.627999898964385
1092.806303,9.627999949482186
1092.806304,9.628
1092.8089,9.629572936127264
1093.00355,9.74751285029032
1093.00435,9.74799757636961
1093.004351,9.747998182277138
1093.004352,9.747998788184804
1093.004353,9.747999394092332
1093.004354,9.748
1093.20155,9.581202582582408
1093.20415,9.579003383383377
1093.204151,9.579002537537436
1093.204152,9.579001691691689
1093.204153,9.579000845845748
1093.204154,9.579
1093.4004,9.539000815286622
1093.400401,9.53900061146499
1093.400402,9.53900040764331
1093.400403,9.53900020382168
1093.400404,9.539
1093.40295,9.540079303557883
1093.4031,9.54014289174868
1093.59755,9.622574383043162
1093.59855,9.622998304314915
1093.598551,9.62299872823614
1093.598552,9.622999152157458
1093.598553,9.62299957607868
1093.598554,9.623
1093.79555,9.478662354724602
1093.79645,9.47800293077311
1093.796451,9.47800219807975
1093.796452,9.478001465386557
1093.796453,9.478000732693197
1093.796454,9.478
1093.9937,9.535735392379513
1093.9946,9.535998829169824
1093.994601,9.535999121877332
1093.994602,9.53599941458491
1093.994603,9.535999707292422
1093.994604,9.536
1094.1916,9.588731252525262
1094.1926,9.588998929292933
1094.192601,9.58899919696973
1094.192602,9.588999464646466
1094.192603,9.588999732323265
1094.192604,9.589
1094.3896,9.307221541571742
1094.39045,9.306005721506178
1094.390451,9.30600429112947
1094.390452,9.30600286075309
1094.390453,9.306001430376382
1094.390454,9.306
1094.39295,9.308594882664718
1094.58795,9.511320090840334
1094.5886,9.511995841534205
1094.588601,9.51199688115077
1094.588602,9.5119979207671
1094.588603,9.51199896038367
1094.588604,9.512
1094.7856,9.596856779363934
1094.78825,9.597998276984727
1094.788251,9.597998707738595
1094.788252,9.597999138492364
1094.788253,9.597999569246232
1094.788254,9.598
1094.9836,9.516315288118369
1094.98435,9.516001672616008
1094.984351,9.516001254462054
1094.984352,9.516000836308004
1094.984353,9.51600041815405
1094.984354,9.516
1095.1816,9.496101286254726
1095.1826,9.496000403530894
1095.182601,9.49600030264816
1095.182602,9.496000201765447
1095.182603,9.496000100882712
1095.182604,9.496
1095.37975,9.571748715874556
1095.3804,9.571998463094038
1095.380401,9.571998847320486
1095.380402,9.57199923154702
1095.380403,9.571999615773468
1095.380404,9.572
1095.3849,9.573860100908089
1095.5777,9.653625993945512
1095.5786,9.653998345105958
1095.578601,9.653998758829514
1095.578601999,9.65399917255298
1095.578603,9.653999586276536
1095.578604,9.654
1095.7756,9.730609555555567
1095.7766,9.730998444444449
1095.776601,9.730998833333292
1095.776602,9.730999222222223
1095.776603,9.730999611111068
1095.776604,9.731
1095.9736,9.719048776541962
1095.9744,9.71900024266936
1095.974401,9.719000182002016
1095.974402,9.71900012133468
1095.974403,9.719000060667334
1095.974404,9.719
1096.17185,9.792699894073134
1096.17265,9.792998506935692
1096.172651,9.792998880201727
1096.172652,9.792999253467846
1096.172653,9.79299962673388
1096.172654,9.793
1096.3696,9.773106464646448
1096.37065,9.773000404040404
1096.370651,9.77300030303029
1096.370652,9.7730002020202
1096.370653,9.773000101010089
1096.370654,9.773
1096.37315,9.772785696969692
1096.5676,9.7560904949495
1096.56865,9.756000343434344
1096.568651,9.756000257575767
1096.568652,9.756000171717172
1096.568653,9.756000085858595
1096.568654,9.756
1096.76575,9.661433737373732
1096.76665,9.661001919191914
1096.766651,9.66100143939388
1096.766652,9.661000959595956
1096.766653,9.661000479797924
1096.766654,9.661
1096.9636,9.514893202119712
1096.9648,9.514002967448894
1096.964801,9.514002225586754
1096.964802,9.514001483724448
1096.964803,9.514000741862308
1096.964804,9.514
1097.1616,9.400607308567135
1097.16265,9.40000230477634
1097.162651,9.40000172858232
1097.162652,9.400001152388173
1097.162653,9.40000057619415
1097.162654,9.4
1097.35985,9.352194909090914
1097.36065,9.352000969696968
1097.360651,9.352000727272696
1097.360652,9.352000484848483
1097.360653,9.352000242424214
1097.360654,9.352
1097.3632,9.34935113131296
1097.55785,9.146836484848505
1097.55865,9.146004161616151
1097.558651,9.146003121212232
1097.558652,9.146002080808076
1097.558653,9.146001040404157
1097.558654,9.146
1097.75565,9.127060473118291
1097.9539,9.10800038456673
1097.953901,9.10800028842506
1097.953902,9.108000192283365
1097.953903,9.108000096141694
1097.953904,9.108
1097.95665,9.105434292929395
1098.1519,8.923003737373728
1098.151901,8.92300280303019
1098.151902,8.923001868686864
1098.151903,8.923000934343326
1098.151904,8.923
1098.1569,8.922949814163736
1098.351,8.921000040180813
1098.351001,8.921000030135609
1098.351002,8.921000020090407
1098.351003,8.921000010045201
1098.351004,8.921
1098.3541,8.921361645505321
1098.5479,8.943999532757747
1098.547901,8.943999649568324
1098.547902,8.943999766378875
1098.547903,8.94399988318945
1098.547904,8.944
1098.5505,8.94199450643774
1098.55115,8.941492360514857
1098.74595,8.791003090128747
1098.745951,8.791002317596648
1098.745952,8.791001545064374
1098.745953,8.791000772532275
1098.745954,8.791
1098.7487,8.789640868686924
1098.94395,8.693001979797975
1098.943951,8.693001484848425
1098.943952,8.693000989898987
1098.943953,8.693000494949437
1098.943954,8.693
1098.9469,8.6927176595208
1099.1422,8.674000383354349
1099.142201,8.674000287515772
1099.142202,8.674000191677175
1099.142203,8.674000095838597
1099.142204,8.674
1099.14505,8.671006482933137
1099.33995,8.46600420733248
1099.339951,8.466003155499239
1099.339952,8.46600210366624
1099.339953,8.466001051833
1099.339954,8.466
1099.3427,8.464516050504988
1099.53795,8.359002161616155
1099.537951,8.359001621212178
1099.537952,8.359001080808078
1099.537953,8.3590005404041
1099.537954,8.359
1099.54055,8.358030756811287
1099.54085,8.357918748738662
1099.73615,8.285001493440966
1099.736151,8.285001120080766
1099.736152,8.285000746720483
1099.736153,8.285000373360283
1099.736154,8.285
1099.73905,8.281383660262936
1099.93395,8.038004994944377
1099.933951,8.03800374620814
1099.933952,8.038002497472188
1099.933953,8.038001248735952
1099.933954,8.038
1099.9386,8.037179566094837
1100.13215,8.003000706357213
1100.132151,8.00300052976793
1100.132152,8.003000353178606
1100.132153,8.003000176589323
1100.132154,8.003
1100.1347,8.000078149646177
1100.32995,7.776004590495438
1100.329951,7.776003442871448
1100.329952,7.776002295247719
1100.329953,7.776001147623729
1100.329954,7.776
1100.33275,7.771608303030321
1100.52795,7.465006282828266
1100.527951,7.465004712121378
1100.527952,7.465003141414133
1100.527953,7.465001570707245
1100.527954,7.465
1100.53245,7.467063737704927
1100.53285,7.467247344262257
1100.7262,7.555998163934431
1100.726201,7.5559986229508755
1100.726202,7.555999081967215
1100.726203,7.55599954098366
1100.726204,7.556
1100.72905,7.556690811630869
1100.92395,7.60399902907712
1100.923951,7.603999271807868
1100.923952,7.60399951453856
1100.923953,7.603999757269308
1100.923954,7.604
1100.92685,7.603488339222621
1101.12205,7.569000706713779
1101.122051,7.569000530035354
1101.122052,7.5690003533568895
1101.122053,7.569000176678465
1101.122054,7.569
1101.1248,7.568320948776207
1101.3202,7.520000989149632
1101.320201,7.520000741862196
1101.320202,7.520000494574816
1101.320203,7.52000024728738
1101.320204,7.52
1101.3227,7.519154326169384
1101.51795,7.453001355246521
1101.517951,7.453001016434928
1101.517952,7.45300067762326
1101.517953,7.453000338811669
1101.517954,7.453
1101.5205,7.454091601513215
1101.52085,7.454241664564929
1101.7162,7.5379982849937
1101.716201,7.537998713745323
1101.716202,7.53799914249685
1101.716203,7.5379995712484735
1101.716204,7.538
1101.7187,7.539197575757607
1101.9142,7.632998080808085
1101.914201,7.632998560606009
1101.914202,7.632999040404043
1101.914203,7.632999520201967
1101.914204,7.633
1101.9167,7.632067151515127
1102.1122,7.5590014949494915
1102.112201,7.559001121212076
1102.112202,7.559000747474745
1102.112203,7.55900037373733
1102.112204,7.559
1102.1151,7.558429719767698
1102.31025,7.520000787679877
1102.310251,7.52000059075993
1102.310252,7.520000393839939
1102.310253,7.520000196919992
1102.310254,7.52
1102.31275,7.521741835650963
1102.508,7.65799720859672
1102.508001,7.65799790644762
1102.508002,7.657998604298361
1102.508003,7.65799930214926
1102.508004,7.658
1102.5105,7.659737442622995
1102.5109,7.660015878940864
1102.70625,7.795997215636829
1102.706251,7.795997911727543
1102.706252,7.795998607818415
1102.706253,7.795999303909128
1102.706254,7.796
1102.7107,7.796157181818179
1102.90425,7.802999858585859
1102.904251,7.802999893939398
1102.904252,7.8029999292929295
1102.904253,7.802999964646468
1102.904254,7.803
1102.90675,7.804689212121255
1103.10225,7.9369972929293
1103.102251,7.936997969696898
1103.102252,7.93699864646465
1103.102253,7.936999323232248
1103.102254,7.937
1103.10475,7.938991757575809
1103.30025,8.094996808080817
1103.300251,8.094997606060522
1103.300252,8.094998404040409
1103.300253,8.094999202020114
1103.300254,8.095
1103.3028,8.09830465656558
1103.49825,8.351994808080821
1103.498251,8.351996106060763
1103.498252,8.35199740404041
1103.498253,8.351998702020353
1103.498254,8.352
1103.50275,8.353135353535357
1103.50285,8.353160606060603
1103.69625,8.401998989898994
1103.696251,8.401999242424216
1103.696252,8.401999494949496
1103.696253,8.40199974747472
1103.696254,8.402000000000001
1103.69875,8.405391030302813
1103.89425,8.670994565656578
1103.894251,8.670995924242588
1103.894252,8.670997282828289
1103.894253,8.670998641414299
1103.894254,8.671
1103.8969,8.672269545454611
1104.09225,8.765998080808085
1104.092251,8.76599856060601
1104.092252,8.765999040404044
1104.092253,8.765999520201968
1104.092254,8.766
1104.09245,8.766125685432947
1104.2903,8.892997434991171
1104.290301,8.892998076243451
1104.290302,8.892998717495585
1104.290303,8.892999358747867
1104.290304,8.893
1104.2928,8.894323636363671
1104.4883,8.997997878787883
1104.488301,8.997998409090853
1104.488302,8.997998939393941
1104.488303,8.99799946969691
1104.488304,8.998
1104.4908,9.000028039363986
1104.49095,9.00014991672968
1104.6858,9.158468614685892
1104.68645,9.158996749936923
1104.686451,9.1589975624526
1104.686452,9.158998374968464
1104.686453,9.15899918748414
1104.686454,9.159
1104.88425,9.1909993528817
1104.884251,9.190999514661296
1104.884252,9.190999676440851
1104.884253,9.190999838220444
1104.884254,9.191
1104.8868,9.193327404040556
1105.08225,9.371996343434352
1105.082251,9.37199725757566
1105.082251999,9.371998171717175
1105.082253,9.371999085858484
1105.082254,9.372
1105.0825,9.372257116889738
1105.2803,9.578995819237578
1105.280301,9.5789968644283
1105.280302,9.578997909618788
1105.280303,9.578998954809514
1105.280304,9.579
1105.2828,9.58003921745676
1105.47965,9.661998334587414
1105.479651,9.661998750940514
1105.479652,9.661999167293708
1105.479653,9.661999583646809
1105.479654,9.662
1105.48075,9.662840934959322
1105.48235,9.664068577235785
1105.6758,9.812498201219558
1105.67645,9.812996930894318
1105.676451,9.812997698170651
1105.676452,9.812998465447158
1105.676453,9.812999232723492
1105.676454,9.813
1105.8743,9.982996563052827
1105.874301,9.982997422289523
1105.874302,9.982998281526411
1105.874303,9.98299914076311
1105.874304,9.983
1105.8768,9.984360423921308
1106.07185,10.090670794852349
1106.07245,10.090997819833468
1106.072451,10.090998364875162
1106.072452,10.090998909916731
1106.072452999,10.09099945495843
1106.072454,10.091
1106.2698,10.059105696969723
1106.27045,10.059000646464646
1106.270451,10.059000484848504
1106.270452,10.059000323232324
1106.270453,10.05900016161618
1106.270454,10.059
1106.4683,10.111998928481176
1106.468301,10.111999196360852
1106.468302,10.111999464240588
1106.468303,10.111999732120264
1106.468304,10.112
1106.47295,10.115001201110184
1106.4731,10.115098097400924
1106.66645,10.23999741609892
1106.666451,10.239998062074118
1106.666452,10.23999870804946
1106.666453,10.239999354024658
1106.666454,10.24
1106.66895,10.24139927272731
1106.8638,10.350633363636398
1106.86445,10.350997757575763
1106.864451,10.350998318181889
1106.864452,10.350998878787882
1106.864453,10.350999439394004
1106.864454,10.351
1107.063599999,10.335000321365804
1107.063601,10.335000241024362
1107.063602,10.335000160682904
1107.063603,10.33500008034146
1107.063603999,10.335
1107.0661,10.33387179278819
1107.2598,10.246318212290522
1107.2605,10.246001808024374
1107.260501,10.24600135601823
1107.260502,10.246000904012186
1107.260503,10.246000452006042
1107.260504,10.246
1107.4578,10.226071111111116
1107.4585,10.226000404040404
1107.458501,10.226000303030316
1107.458502,10.226000202020202
1107.458503,10.226000101010111
1107.458504,10.226
1107.46115,10.226227181818176
1107.65585,10.242943848484854
1107.6565,10.242999656565658
1107.656501,10.242999742424251
1107.656502,10.242999828282828
1107.656503,10.242999914141423
1107.656504,10.243
1107.85385,10.329712636363665
1107.8545,10.329998242424248
1107.854501,10.329998681818136
1107.854502,10.329999121212124
1107.854503,10.329999560606012
1107.854504,10.33
1108.05185,10.19145912121224
1108.0525,10.191002808080802
1108.052501,10.19100210606068
1108.052502,10.1910014040404
1108.052503,10.19100070202028
1108.052504,10.191
1108.2505,10.257998646464651
1108.250501,10.257998984848529
1108.250502,10.257999323232326
1108.250503,10.257999661616202
1108.250504,10.258
1108.2552,10.25928072727272
1108.4485,10.311998909090912
1108.448501,10.311999181818152
1108.448502,10.311999454545456
1108.448503,10.311999727272696
1108.448504,10.312
1108.44975,10.312151030303037
1108.45125,10.312332848484834
1108.64585,10.335920727272734
1108.6465,10.335999515151515
1108.646501,10.33599963636365
1108.646502,10.335999757575758
1108.646503,10.335999878787892
1108.646504,10.336
1108.84385,10.363907515151524
1108.8445,10.363999434343436
1108.844501,10.363999575757562
1108.844502,10.36399971717172
1108.844503,10.363999858585844
1108.844504,10.364
1109.04185,10.288327467204889
1109.0427,10.288001533804234
1109.042701,10.28800115035322
1109.042702,10.288000766902115
1109.042703,10.288000383451102
1109.042704,10.288
1109.23985,10.298963629929224
1109.2405,10.298999777553083
1109.240501,10.29899983316482
1109.240502,10.298999888776542
1109.240503,10.298999944388276
1109.240504,10.299
1109.4385,10.282000343434342
1109.438501,10.282000257575769
1109.438502,10.282000171717172
1109.438503,10.282000085858597
1109.438504,10.282
1109.44125,10.285422972495446
1109.4414,10.28560995205648
1109.63585,10.527997789553348
1109.63665,10.528995013878388
1109.636651,10.528996260408649
1109.636652,10.528997506939191
1109.636653,10.528998753469455
1109.636654,10.529
1109.8339,10.498102445679626
1109.83455,10.498000626579078
1109.834551,10.49800046993429
1109.834552,10.49800031328954
1109.834553,10.498000156644752
1109.834554,10.498
1110.03275,10.462000726538848
1110.032751,10.462000544904114
1110.032752,10.462000363269423
1110.032753,10.462000181634693
1110.032754,10.462
1110.03715,10.463043494949504
1110.2299,10.508797282828256
1110.23075,10.508999050505054
1110.230751,10.508999287878764
1110.230752,10.508999525252529
1110.230753,10.508999762626235
1110.230754,10.509
1110.4285,10.45300113274336
1110.428501,10.45300084955755
1110.428502,10.45300056637168
1110.428503,10.453000283185872
1110.428504,10.453
1110.42885,10.45304016149382
1110.4313,10.453324542013624
1110.626049999,10.475929891496332
1110.62665,10.475999535705276
1110.626651,10.475999651778944
1110.626652,10.475999767852638
1110.626653,10.475999883926306
1110.626654,10.476
1110.8239,10.583643092470975
1110.824549999,10.583997817079338
1110.824551,10.583998362809565
1110.824551999,10.58399890853967
1110.824553,10.583999454269897
1110.824553999,10.584
1111.0219,10.51031884964678
1111.02275,10.510001493440964
1111.022751,10.51000112008068
1111.022752,10.510000746720484
1111.022753,10.5100003733602
1111.022754,10.51
1111.22135,10.62746530325815
1111.22225,10.62799763408522
1111.222251,10.627998225563982
1111.222252,10.62799881704261
1111.222253,10.627999408521372
1111.222254,10.628
1111.4179,10.711656217867136
1111.4187,10.711998289641134
1111.418701,10.711998717230802
1111.418702,10.711999144820568
1111.418703,10.711999572410235
1111.418704,10.712
1111.4213,10.709469555555517
1111.6159,10.519783696969492
1111.6167,10.519003898989888
1111.616701,10.519002924242306
1111.616702,10.519001949494944
1111.616703,10.519000974747362
1111.616704,10.519
1111.813949999,10.592680989399334
1111.8148,10.592998505805152
1111.814801,10.592998879353908
1111.814802,10.592999252902576
1111.814803,10.59299962645133
1111.814804,10.593
1112.01195,10.600965494949492
1112.0128,10.60099983838384
1112.012801,10.600999878787876
1112.012802,10.60099991919192
1112.012803,10.600999959595956
1112.012804,10.601
1112.2099,10.640817373737375
1112.2108,10.640999191919194
1112.210801,10.64099939393942
1112.210802,10.640999595959595
1112.210803,10.640999797979822
1112.210804,10.641
1112.4079,10.653947185447194
1112.4087,10.653999737241032
1112.408701,10.653999802930766
1112.408702,10.653999868620517
1112.408703,10.653999934310251
1112.408704,10.654
1112.41135,10.65307790909094
1112.6059,10.585280181818188
1112.6067,10.585001393939391
1112.606701,10.585001045454504
1112.606702,10.585000696969695
1112.606703,10.585000348484808
1112.606704,10.585
1112.80395,10.561091393939384
1112.8047,10.561000484848485
1112.804701,10.561000363636376
1112.804702,10.561000242424242
1112.804703,10.561000121212135
1112.804704,10.561
1113.00195,10.434643167717509
1113.00295,10.43400256242118
1113.002951,10.434001921815812
1113.002952,10.434001281210591
1113.002953,10.434000640605223
1113.002954,10.434
1113.19995,10.5783376452754
1113.20085,10.57899706922689
1113.200851,10.578997801920083
1113.200852,10.578998534613444
1113.200853,10.57899926730664
1113.200854,10.579
1113.39795,10.56805022222222
1113.39885,10.56800022222222
1113.398851,10.56800016666666
1113.398852,10.568000111111113
1113.398853,10.568000055555547
1113.398854,10.568
1113.4014,10.568424547751416
1113.5961,10.600890944921687
1113.59675,10.600999332996466
1113.596751,10.60099949974733
1113.596752,10.600999666498232
1113.596753,10.600999833249098
1113.596754,10.601
1113.79395,10.508401019944408
1113.7948,10.508001878313554
1113.794801,10.508001408735112
1113.794802,10.508000939156776
1113.794803,10.508000469578336
1113.794804,10.508
1113.99235,10.597703027245236
1113.993,10.597998183652882
1113.993001,10.59799863773961
1113.993002,10.59799909182644
1113.993003,10.597999545913169
1113.993004,10.598
1114.18995,10.565134169405818
1114.19075,10.56500066750948
1114.190751,10.565000500632127
1114.190752,10.56500033375474
1114.190753,10.565000166877388
1114.190754,10.565
1114.3896,10.46550237678257
1114.3906,10.46500200150112
1114.390601,10.465001501125895
1114.390602,10.46500100075056
1114.390603,10.465000500375336
1114.390604,10.465
1114.39305,10.463517575757598
1114.58595,10.346608484848463
1114.58695,10.346002424242418
1114.586951,10.346001818181744
1114.586952,10.346001212121209
1114.586953,10.346000606060535
1114.586954,10.346
1114.78395,10.330073087417889
1114.78485,10.330000323395652
1114.784851,10.330000242546747
1114.784852,10.330000161697829
1114.784853,10.330000080848922
1114.784854,10.33
1114.9821,10.309095806207418
1114.983,10.309000423921272
1114.983001,10.309000317940963
1114.983002,10.309000211960637
1114.983003,10.309000105980331
1114.983004,10.309
1115.18,10.134887373737344
1115.181,10.134003535353528
1115.181001,10.134002651515043
1115.181002,10.134001767676764
1115.181003,10.13400088383828
1115.181004,10.134
1115.378,10.070260141557132
1115.3788,10.0700012942366
1115.378801,10.070000970677487
1115.378802,10.0700006471183
1115.378803,10.070000323559189
1115.378804,10.07
1115.38345,10.07063290615538
1115.576,10.096863229061528
1115.577,10.096999455095863
1115.577001,10.096999591321882
1115.577002,10.096999727547932
1115.577003,10.09699986377395
1115.577004,10.097
1115.774,10.391499070707122
1115.775,10.392994020202035
1115.775001,10.392995515151696
1115.775002,10.392997010101018
1115.775003,10.39299850505068
1115.775004,10.393
1115.973,10.45899866666667
1115.973001,10.458998999999965
1115.973002,10.458999333333336
1115.973003,10.45899966666663
1115.973004,10.459
1116.17,10.34063330472107
1116.17105,10.34000240343347
1116.171051,10.340001802575172
1116.171052,10.340001201716737
1116.171053,10.340000600858437
1116.171054,10.34
1116.368,10.11005546626231
1116.3689,10.109004670204689
1116.368901,10.10900350265365
1116.368902,10.109002335102344
1116.368903,10.109001167551304
1116.368904,10.109
1116.3735,10.105311135790013
1116.56635,9.950524916708869
1116.567,9.95000321049974
1116.567001,9.950002407874896
1116.567002,9.95000160524987
1116.567003,9.950000802625029
1116.567004,9.95
1116.764,9.86545236051505
1116.76505,9.865001716738194
1116.765051,9.865001287553694
1116.765052,9.865000858369095
1116.765053,9.865000429184596
1116.765054,9.865
1116.96205,9.99424289679533
1116.9632,9.994997375725468
1116.963201,9.994998031794026
1116.963202,9.994998687862736
1116.963203,9.994999343931294
1116.963204,9.995
1117.16025,10.184227899924169
1117.16105,10.1849961587061
1117.161051,10.184997119029466
1117.161052,10.18499807935305
1117.161053,10.184999039676416
1117.161054,10.185
1117.35805,10.309272016149356
1117.3592,10.309997476659104
1117.359201,10.3099981074944
1117.359202,10.309998738329552
1117.359203,10.309999369164847
1117.359204,10.31
1117.3617,10.308069810462422
1117.5562,10.157660409400975
1117.55705,10.157003093252456
1117.557051,10.157002319939254
1117.557052,10.157001546626228
1117.557053,10.157000773313026
1117.557054,10.157
1117.754,10.234732007590138
1117.9523,10.312998421252376
1117.952301,10.312998815939238
1117.952302,10.312999210626188
1117.952303,10.312999605313047
1117.952304,10.313
1117.95505,10.314303656565604
1118.1503,10.406998101009998
1118.150301,10.406998575757523
1118.150302,10.406999050505052
1118.150303,10.406999525252472
1118.150304,10.407
1118.15305,10.41005111111099
1118.3483,10.626995555555569
1118.348301,10.626996666666802
1118.348302,10.626997777777785
1118.348303,10.626998888889018
1118.348304,10.627
1118.35295,10.624869022177377
1118.5467,10.536001834677414
1118.546701,10.53600137600801
1118.546702,10.536000917338708
1118.546703,10.5360004586693
1118.546704,10.536
1118.5492,10.535709473684202
1118.54955,10.535668734817802
1118.7443,10.513000465587044
1118.744301,10.51300034919027
1118.744302,10.51300023279352
1118.744303,10.513000116396748
1118.744304,10.513
1118.74705,10.512363326612876
1118.9427,10.467000927419353
1118.942701,10.467000695564488
1118.942702,10.467000463709676
1118.942703,10.467000231854811
1118.942704,10.467
1118.9455,10.469291107738988
1119.1404,10.628996722306534
1119.140401,10.628997541729806
1119.140402,10.628998361153268
1119.140403,10.62899918057654
1119.140404,10.629
1119.14325,10.629143773680214
1119.33835,10.63899979792877
1119.338351,10.638999848446572
1119.338352,10.638999898964384
1119.338353,10.638999949482184
1119.338354,10.639
1119.3415,10.639
1119.53655,10.639
1119.536551,10.639
1119.536552,10.639
1119.536553,10.639
1119.536554,10.639
1119.53905,10.638798099089984
1119.5393,10.638777876643063
1119.73435,10.62300032355915
1119.734351,10.623000242669372
1119.734352,10.623000161779576
1119.734353,10.623000080889796
1119.734354,10.623
1119.7372,10.624006161616116
1119.93235,10.69299858585859
1119.932351,10.692998939393982
1119.932352,10.692999292929294
1119.932353,10.692999646464688
1119.932354,10.693
1119.93515,10.691744796973524
1120.1306,10.60400179571248
1120.130601,10.604001346784411
1120.130602,10.60400089785624
1120.130603,10.604000448928172
1120.130604,10.604
1120.13545,10.600373158027782
1120.32835,10.45600299367888
1120.328351,10.456002245259244
1120.328352,10.45600149683944
1120.328353,10.456000748419804
1120.328354,10.456
1120.33115,10.456169283551969
1120.52655,10.467999757820383
1120.526551,10.467999818365294
1120.526552,10.467999878910192
1120.526553,10.467999939455105
1120.526554,10.468
1120.5291,10.475522272727758
1120.52965,10.477147272727686
1120.72455,11.052988181818211
1120.724551,11.052991136363325
1120.724552,11.052994090909106
1120.724553,11.052997045454218
1120.724554,11.053
1120.72885,11.051110455005023
1120.92235,10.966001759352878
1120.922351,10.966001319514609
1120.922352,10.96600087967644
1120.922353,10.96600043983817
1120.922354,10.966
1120.9252,10.964808484237038
1121.1206,10.883001674653212
1121.120601,10.883001255989956
1121.120602,10.883000837326607
1121.120603,10.883000418663352
1121.120604,10.883
1121.1232,10.882855631951465
1121.3184,10.872000222446916
1121.318401,10.87200016683518
1121.318402,10.872000111223455
1121.318403,10.872000055611723
1121.318404,10.872
1121.3231,10.870553252525264
1121.5164,10.811001232323228
1121.516401,10.811000924242457
1121.516402,10.811000616161614
1121.516403,10.811000308080844
1121.516404,10.811
1121.5191,10.809775782038338
1121.51935,10.809662260343162
1121.7146,10.721001816347222
1121.714601,10.721001362260392
1121.714602,10.721000908173664
1121.714603,10.721000454086832
1121.714604,10.721
1121.7172,10.72198432760357
1121.9124,10.795998483316485
1121.912401,10.79599886248732
1121.912402,10.795999241658242
1121.912403,10.795999620829075
1121.912404,10.796
1121.9152,10.795760181634712
1122.1106,10.77900034308779
1122.110601,10.779000257315852
1122.110602,10.779000171543894
1122.110603,10.779000085771957
1122.110604,10.779
1122.1131,10.77955466666663
1122.3086,10.822999111111114
1122.308601,10.82299933333336
1122.308602,10.822999555555556
1122.308603,10.822999777777804
1122.308604,10.823
1122.3111,10.821031466127351
1122.5064,10.66700315470171
1122.506401,10.667002366026372
1122.506402,10.667001577350856
1122.506403,10.667000788675518
1122.506404,10.667
1122.5091,10.66721763874874
1122.50965,10.667262038345106
1122.7046,10.682999677093845
1122.704601,10.682999757820394
1122.704602,10.682999838546923
1122.704603,10.68299991927347
1122.704604,10.683
1122.7072,10.67973862764879
1122.9021,10.43488443995969
1122.9028,10.434005025227032
1122.902801,10.434003768920132
1122.902802,10.434002512613516
1122.902803,10.434001256306615
1122.902804,10.434
1123.1019,10.314002410848811
1123.101901,10.314001808136542
1123.101902,10.314001205424407
1123.101903,10.314000602712134
1123.101904,10.314
1123.1049,10.31677139517148
1123.29865,10.495996299872944
1123.298651,10.495997224904604
1123.298652,10.495998149936472
1123.298653,10.49599907496813
1123.298654,10.496
1123.30165,10.494004178652576
1123.49615,10.364435669946973
1123.4968,10.364002664647987
1123.496801,10.364001998485916
1123.496802,10.364001332323994
1123.496803,10.36400066616192
1123.496804,10.364
1123.4994,10.370547404599543
1123.694649999,10.862989911549178
1123.694650999,10.862992433661598
1123.694651999,10.862994955774589
1123.694653,10.862997477887008
1123.694654,10.863
1123.69755,10.86152386575828
1123.89215,10.762333353520033
1123.8928,10.762002038859444
1123.892801,10.762001529144523
1123.892802,10.762001019429723
1123.892803,10.762000509714804
1123.892804,10.762
1124.09065,10.441006489764955
1124.090651,10.441004867323532
1124.090652,10.44100324488248
1124.090652999,10.441001622441055
1124.090654,10.441
1124.09325,10.434077333333232
1124.28865,9.91301066666664
1124.288651,9.913008000000284
1124.288652,9.91300533333332
1124.288653,9.913002666666964
1124.288654,9.913
1124.29325,9.909868735806212
1124.48615,9.778445571536675
1124.4868,9.77800272520817
1124.486801,9.778002043906204
1124.486802,9.778001362604083
1124.486803,9.778000681301965
1124.486804,9.778
1124.4894,9.781857589082698
1124.68465,10.071994056103124
1124.684651,10.071995542077175
1124.684652,10.071997028051562
1124.684653,10.071998514025612
1124.684654,10.072
1124.68725,10.078039646732368
1124.88215,10.531478455715504
1124.8828,10.532990693918771
1124.882801,10.532993020439342
1124.882802,10.532995346959384
1124.882803,10.532997673479956
1124.882804,10.533
1125.0802,10.467217944963371
1125.080849999,10.467001332996714
1125.080851,10.467000999747498
1125.080852,10.467000666498356
1125.080853,10.46700033324914
1125.080853999,10.467
1125.2787,10.6019972706596
1125.278701,10.601997952994775
1125.278702,10.6019986353298
1125.278703,10.601999317664978
1125.278704,10.602
1125.28125,10.600482686868588
1125.4767,10.484002383838378
1125.476701,10.484001787878851
1125.476702,10.484001191919187
1125.476703,10.484000595959662
1125.476704,10.484
1125.4769,10.483932737824894
1125.47945,10.483057643199636
1125.67485,10.416001372697448
1125.674851,10.416001029523049
1125.674852,10.416000686348724
1125.674853,10.416000343174325
1125.674854,10.416
1125.6774,10.417015828282803
1125.87285,10.494998404040407
1125.872851,10.494998803030262
1125.872852,10.494999202020203
1125.872853,10.494999601010058
1125.872854,10.495
1125.87565,10.497104060606055
1126.0702,10.643507848484893
1126.07085,10.643996989898998
1126.070850999,10.643997742424334
1126.070852,10.643998494949498
1126.070853,10.643999247474834
1126.070853999,10.644
1126.2682,10.6808777878788
1126.26885,10.680999252525256
1126.268851,10.68099943939392
1126.268852,10.680999626262627
1126.268853,10.680999813131294
1126.268854,10.681
1126.4662,10.714887696969708
1126.46685,10.714999313131315
1126.466851,10.714999484848503
1126.466852,10.714999656565658
1126.466853,10.714999828282847
1126.466854,10.715
1126.47145,10.71571957575761
1126.6642,10.745897606060616
1126.66485,10.745999373737376
1126.664851,10.745999530303049
1126.664852,10.745999686868688
1126.664853,10.745999843434362
1126.664854,10.746
1126.86285,10.55100393939393
1126.862851,10.55100295454556
1126.862852,10.551001969696966
1126.862853,10.551000984848594
1126.862854,10.551
1126.86545,10.552002216094277
1127.06165,10.62774751566811
1127.0623,10.627998455753326
1127.062301,10.62799884181504
1127.062302,10.627999227876662
1127.062302999,10.627999613938377
1127.062304,10.628
1127.25825,10.514350323073048
1127.25885,10.514002320020344
1127.258851,10.514001740015324
1127.258852,10.514001160010173
1127.258853,10.51400058000515
1127.258854,10.514
1127.45625,10.502036606060598
1127.45685,10.502000242424243
1127.456851,10.502000181818175
1127.456852,10.502000121212122
1127.456853,10.502000060606054
1127.456854,10.502
1127.45945,10.502576888888898
1127.65485,10.545999111111112
1127.654851,10.54599933333336
1127.654852,10.545999555555555
1127.654853,10.545999777777803
1127.654854,10.546
1127.65745,10.545541689785615
1127.85225,10.51115076923075
1127.8531,10.511000706179066
1127.853101,10.51100052963428
1127.853102,10.511000353089534
1127.853103,10.511000176544748
1127.853104,10.511
1128.05025,10.559837987866548
1128.0509,10.559999009100103
1128.050901,10.55999925682505
1128.050902,10.559999504550053
1128.050903,10.559999752275
1128.050904,10.56
1128.24825,10.508184842211575
1128.24895,10.508001050239836
1128.248951,10.508000787679908
1128.248952,10.508000525119918
1128.248953,10.508000262559989
1128.248954,10.508
1128.44625,10.508
1128.4471,10.508
1128.447101,10.508
1128.447102,10.508
1128.447103,10.508
1128.447104,10.508
1128.44965,10.508893781344012
1128.6465,10.577998595787363
1128.646501,10.577998946840564
1128.646502,10.57799929789368
1128.646503,10.57799964894688
1128.646504,10.578
1128.64925,10.57837702517164
1128.84225,10.604875881006867
1128.84315,10.604999450800918
1128.843151,10.604999588100672
1128.843152,10.60499972540046
1128.843153,10.604999862700216
1128.843154,10.605
1129.04025,10.50441032844872
1129.04105,10.504002041435063
1129.041051,10.50400153107624
1129.041052,10.504001020717531
1129.041053,10.504000510358708
1129.041054,10.504
1129.23825,10.51994711144807
1129.2389,10.519999676522618
1129.238901,10.519999757391972
1129.238902,10.51999983826131
1129.238903,10.519999919130663
1129.238904,10.52
1129.43625,10.482154186222562
1129.43705,10.482000767095634
1129.437051,10.482000575321749
1129.437052,10.482000383547817
1129.437053,10.482000191773931
1129.437054,10.482
1129.43965,10.482852868334536
1129.63425,10.546785140257716
1129.6349,10.546998685873064
1129.634901,10.546999014404818
1129.634902,10.546999342936571
1129.634903,10.546999671468248
1129.634904,10.547
1129.83225,10.495237114754095
1129.83315,10.495001049180326
1129.833151,10.495000786885274
1129.833152,10.495000524590164
1129.833153,10.495000262295113
1129.833154,10.495
1130.0303,10.454176838383816
1130.03115,10.454000828282826
1130.031151,10.454000621212096
1130.031152,10.454000414141412
1130.031153,10.454000207070685
1130.031154,10.454
1130.22825,10.310512517694672
1130.22895,10.310002912032347
1130.228951,10.310002184024343
1130.228952,10.310001456016174
1130.228953,10.31000072800817
1130.228954,10.31
1130.4263,10.385672532795112
1130.42715,10.385998466195767
1130.427151,10.385998849646782
1130.427152,10.385999233097884
1130.427153,10.3859996165489
1130.427154,10.386
1130.4297,10.38684909550276
1130.625049999,10.45199866599293
1130.625050999,10.451998999494736
1130.625052,10.451999332996465
1130.625053,10.45199966649827
1130.625054,10.452
1130.62765,10.453849600808516
1130.8223,10.592534037392504
1130.82295,10.592997150075805
1130.822951,10.592997862556771
1130.822952,10.5929985750379
1130.822953,10.59299928751887
1130.822954,10.593
1131.0203,10.571094793138233
1131.02115,10.571000443995962
1131.021151,10.57100033299696
1131.021152,10.57100022199798
1131.021153,10.57100011099898
1131.021154,10.571
1131.21915,10.500001434343432
1131.219151,10.500001075757533
1131.219152,10.500000717171716
1131.219153,10.500000358585815
1131.219154,10.5
1131.2217,10.502327404040347
1131.41655,10.6804478585858
1131.41715,10.680996343434352
1131.417151,10.680997257575662
1131.417152,10.680998171717178
1131.417153,10.680999085858485
1131.417154,10.681
1131.4197,10.680755625157875
1131.6143,10.662077171002782
1131.6151,10.662000383935338
1131.615101,10.662000287951514
1131.615102,10.66200019196767
1131.615103,10.662000095983846
1131.615104,10.662
1131.8127,10.682936004036344
1131.8133,10.682999576185672
1131.813301,10.682999682139268
1131.813302,10.682999788092836
1131.813303,10.68299989404643
1131.813304,10.683
1132.0103,10.712862961091462
1132.0112,10.712999393633153
1132.011201,10.712999545224848
1132.011202,10.712999696816576
1132.011203,10.712999848408272
1132.011204,10.713
1132.2083,10.64726813542186
1132.2091,10.64700133400707
1132.209101,10.647001000505265
1132.209102,10.647000667003535
1132.209103,10.64700033350173
1132.209104,10.647
1132.40655,10.453640464411857
1132.4072,10.453003917213518
1132.407201,10.453002937910028
1132.407202,10.45300195860676
1132.407203,10.453000979303267
1132.407204,10.453
1132.41165,10.450192472846586
1132.60435,10.328507703965656
1132.60515,10.32800252589037
1132.605151,10.328001894417705
1132.605152,10.328001262945184
1132.605153,10.32800063147252
1132.605154,10.328
1132.80255,10.626783047426818
1132.80335,10.6279939455096
1132.803351,10.627995459132029
1132.803352,10.6279969727548
1132.803353,10.627998486377228
1132.803354,10.628
1133.00035,10.912242725450872
1133.00295,10.91599422845693
1133.002951,10.91599567134286
1133.002952,10.915997114228464
1133.002953,10.915998557114396
1133.002954,10.916
1133.19835,10.92396518726114
1133.1992,10.923999836942668
1133.199201,10.923999877707
1133.199202,10.923999918471328
1133.199203,10.923999959235664
1133.199204,10.924
1133.3965,10.85330600050471
1133.39735,10.85300143325763
1133.397351,10.853001074943265
1133.397352,10.853000716628816
1133.397353,10.853000358314448
1133.397354,10.853
1133.3999,10.850618756319571
1133.594349999,10.668751971688591
1133.59515,10.66800374115267
1133.595151,10.668002805864395
1133.595152,10.668001870576337
1133.595153,10.66800093528806
1133.595154,10.668
1133.79255,10.582348859737646
1133.79335,10.58200173562058
1133.793351,10.582001301715486
1133.793352,10.582000867810292
1133.793353,10.582000433905195
1133.793354,10.582
1133.99035,10.808843878787656
1133.99135,10.809995393939406
1133.991351,10.809996545454425
1133.991352,10.809997696969702
1133.991353,10.80999884848472
1133.991354,10.81
1134.18925,10.861998948964128
1134.189251,10.861999211723065
1134.189252,10.861999474482063
1134.189253,10.861999737241062
1134.189254,10.862
1134.19175,10.860966824835916
1134.3865,10.780353498233264
1134.38735,10.780001655729423
1134.387351,10.780001241797116
1134.387352,10.780000827864711
1134.387353,10.780000413932402
1134.387354,10.78
1134.3899,10.783668402426606
1134.5844,11.063913599595672
1134.58515,11.064994236602644
1134.585151,11.064995677452146
1134.585152,11.06499711830132
1134.585153,11.064998559150824
1134.585154,11.065
1134.78235,10.963542284993611
1134.7834,10.963002058007564
1134.783401,10.963001543505614
1134.783402,10.96300102900378
1134.783403,10.963000514501832
1134.783404,10.963
1134.98035,11.022680606060586
1134.9814,11.022998787878793
1134.981401,11.022999090909128
1134.981402,11.022999393939395
1134.981403,11.022999696969732
1134.981404,11.023
1135.17835,11.032954308819813
1135.17925,11.032999797826635
1135.179251,11.032999848369972
1135.179252,11.032999898913316
1135.179253,11.032999949456652
1135.179254,11.033
1135.37635,10.98426064092855
1135.3774,10.984000989149632
1135.377401,10.984000741862197
1135.377402,10.984000494574817
1135.377403,10.98400024728738
1135.377404,10.984
1135.3799,10.983987393939394
1135.5744,10.98300507070707
1135.5754,10.98300002020202
1135.575401,10.983000015151516
1135.575402,10.98300001010101
1135.575403,10.983000005050506
1135.575404,10.983
1135.7724,10.933253535353527
1135.7734,10.933001010101009
1135.773401,10.933000757575726
1135.773402,10.933000505050504
1135.773403,10.933000252525224
1135.773404,10.933
1135.97135,10.921063557788948
1135.9724,10.921000241206029
1135.972401,10.921000180904514
1135.972402,10.921000120603017
1135.972403,10.9210000603015
1135.972404,10.921
1136.16875,10.83829653387467
1136.16945,10.838001684851555
1136.169451,10.83800126363862
1136.169452,10.83800084242578
1136.169453,10.838000421212842
1136.169454,10.838
1136.3664,10.928515585858555
1136.36745,10.928998161616166
1136.367451,10.928998621212072
1136.367452,10.928999080808085
1136.367453,10.92899954040399
1136.367454,10.929
1136.36995,10.929315231118949
1136.5644,10.953873200303113
1136.5654,10.953999494821929
1136.565401,10.95399962111643
1136.565402,10.953999747410965
1136.565403,10.953999873705468
1136.565404,10.954
1136.7628,10.8882511430734
1136.76355,10.888001332323991
1136.763551,10.888000999242957
1136.763552,10.888000666161997
1136.763553,10.88800033308096
1136.763554,10.888
1136.96065,10.78741032844872
1136.96145,10.78700204143518
1136.961451,10.787001531076356
1136.961452,10.787001020717533
1136.961453,10.787000510358824
1136.961454,10.787
1137.1584,10.70417915394251
1137.1612,10.703001682102624
1137.161201,10.703001261577016
1137.161202,10.703000841051312
1137.161203,10.703000420525704
1137.161204,10.703
1137.3564,10.690598729351974
1137.5547,10.678000254129609
1137.554701,10.678000190597212
1137.554702,10.678000127064804
1137.554703,10.678000063532409
1137.554704,10.678
1137.5572,10.677899151515147
1137.5576,10.677882989898992
1137.7527,10.67000016161616
1137.752701,10.670000121212125
1137.752702,10.67000008080808
1137.752703,10.670000040404044
1137.752704,10.67
1137.75545,10.669583939393956
1137.9507,10.640000606060603
1137.950701,10.640000454545437
1137.950702,10.640000303030304
1137.950703,10.640000151515135
1137.950704,10.64
1137.9534,10.641211838383844
1138.1487,10.728998202020207
1138.148701,10.728998651515106
1138.148702,10.728999101010103
1138.148703,10.728999550505002
1138.148704,10.729
1138.15145,10.727751818181869
1138.3467,10.639001818181812
1138.346701,10.639001363636307
1138.346702,10.639000909090909
1138.346703,10.639000454545402
1138.346704,10.639
1138.35145,10.636866696969667
1138.5447,10.550001797979794
1138.544701,10.550001348484896
1138.544702,10.550000898989897
1138.544703,10.550000449495
1138.544704,10.55
1138.5473,10.550144222222226
1138.54755,10.550158111111116
1138.7427,10.560999777777766
1138.742701,10.560999833333328
1138.742702,10.560999888888889
1138.742703,10.560999944444438
1138.742704,10.561
1138.74545,10.56250446845935
1138.94165,10.6699978084946
1138.941651,10.66999835637089
1138.941652,10.6699989042473
1138.941653,10.669999452123587
1138.941654,10.67
1138.9442,10.670012917300864
1139.13875,10.670999979705732
1139.138751,10.6709999847793
1139.138752,10.670999989852866
1139.138753,10.670999994926431
1139.138754,10.671
1139.14145,10.66951583838383
1139.33675,10.562002202020196
1139.336751,10.56200165151521
1139.336752,10.562001101010098
1139.336753,10.562000550505113
1139.336754,10.562
1139.33945,10.561756385542166
1139.53595,10.544000361445782
1139.535951,10.544000271084348
1139.535952,10.544000180722891
1139.535953,10.544000090361456
1139.535954,10.544
1139.5394,10.543614678526056
1139.5396,10.543592315120724
1139.7327,10.522000447268104
1139.732701,10.522000335451066
1139.732702,10.522000223634054
1139.732703,10.522000111817016
1139.732704,10.522
1139.73585,10.524126426229516
1139.93095,10.655997296343008
1139.930951,10.65599797225718
1139.930952,10.655998648171504
1139.930953,10.655999324085675
1139.930954,10.656
1139.9335,10.65628231854838
1140.12935,10.677999556451615
1140.129351,10.677999667338698
1140.129352,10.677999778225807
1140.129353,10.677999889112892
1140.129354,10.678
1140.13205,10.67924283687944
1140.32675,10.768998156028374
1140.326751,10.768998617021229
1140.326752,10.768999078014186
1140.326753,10.76899953900704
1140.326754,10.769
1140.3295,10.76843195761859
1140.52495,10.72800082744702
1140.524951,10.72800062058529
1140.524952,10.72800041372351
1140.524953,10.72800020686178
1140.524954,10.728
1140.5275,10.728064357937308
1140.52765,10.728068149646107
1140.72275,10.732999898887766
1140.722751,10.732999924165822
1140.722752,10.732999949443885
1140.722753,10.732999974721938
1140.722754,10.733
1140.7255,10.734052691046704
1140.921,10.808998466582604
1140.921001,10.808998849936996
1140.921002,10.8089992332913
1140.921003,10.808999616645696
1140.921004,10.809
1140.9236,10.808947555555555
1141.119,10.80500008080808
1141.119001,10.805000060606062
1141.119002,10.80500004040404
1141.119003,10.805000020202025
1141.119004,10.805
1141.1219,10.804267762326178
1141.31675,10.755001011378
1141.316751,10.75500075853353
1141.316752,10.755000505689
1141.316753,10.75500025284453
1141.316754,10.755
1141.3196,10.754511909205572
1141.515,10.72100068600252
1141.515001,10.72100051450187
1141.515002,10.72100034300126
1141.515003,10.721000171500611
1141.515004,10.721
1141.5175,10.72058399999999
1141.51765,10.720558999999977
1141.713,10.688000666666666
1141.713001,10.68800050000002
1141.713002,10.688000333333331
1141.713003,10.688000166666686
1141.713004,10.688
1141.7175,10.68793187878788
1141.911,10.68500006060606
1141.911001,10.685000045454544
1141.911002,10.68500003030303
1141.911003,10.685000015151514
1141.911004,10.685
1141.91365,10.68554790909094
1142.109,10.725999171717175
1142.109001,10.725999378787858
1142.109002,10.725999585858588
1142.109003,10.72599979292927
1142.109004,10.726
1142.11155,10.722412454545545
1142.307,10.447005636363944
1142.307001,10.447004227272878
1142.307002,10.447002818182131
1142.307003,10.447001409091069
1142.307004,10.447
1142.30955,10.444801181818235
1142.505,10.276003454545446
1142.505001,10.276002590908986
1142.505002,10.276001727272725
1142.505003,10.276000863636265
1142.505004,10.276
1142.50755,10.276771320373625
1142.5079,10.276877354203473
1142.70305,10.335998788184805
1142.703051,10.33599909113864
1142.703052,10.335999394092402
1142.703053,10.335999697046235
1142.703054,10.336
1142.70555,10.33666812121214
1142.90105,10.388998929292931
1142.901051,10.388999196969667
1142.901052,10.388999464646464
1142.901053,10.3889997323232
1142.901054,10.389
1142.9053,10.392054983647771
1143.0998,10.531997122012584
1143.099801,10.531997841509355
1143.099802,10.531998561006294
1143.099803,10.531999280503063
1143.099804,10.532
1143.1023,10.529557160243565
1143.297,10.339003914807291
1143.297001,10.33900293610536
1143.297002,10.339001957403646
1143.297003,10.339000978701712
1143.297004,10.339
1143.29955,10.337546979797889
1143.495,10.226002282828278
1143.495001,10.226001712121144
1143.495002,10.22600114141414
1143.495003,10.226000570707006
1143.495004,10.226
1143.4975,10.22655466666668
1143.49765,10.226587999999982
1143.693,10.269999111111114
1143.693001,10.26999933333331
1143.693002,10.269999555555556
1143.693003,10.269999777777752
1143.693004,10.27
1143.6956,10.269816629667016
1143.89055,10.256046195761853
1143.8912,10.256000282542884
1143.891201,10.256000211907155
1143.891202,10.256000141271445
1143.891203,10.256000070635714
1143.891204,10.256
1144.08905,10.28299945413192
1144.089050999,10.282999590598957
1144.089052,10.28299972706596
1144.089053,10.282999863532996
1144.089054,10.283
1144.09355,10.283
1144.28705,10.283
1144.287051,10.283
1144.287052,10.283
1144.287053,10.283
1144.287054,10.283
1144.28975,10.283340146353774
1144.48455,10.307917486752467
1144.4852,10.30799949533182
1144.485201,10.30799962149888
1144.485202,10.30799974766591
1144.485203,10.30799987383297
1144.485204,10.308
1144.48775,10.30707347990896
1144.68305,10.236001455648216
1144.683051,10.23600109173612
1144.683052,10.236000727824107
1144.683053,10.236000363912012
1144.683054,10.236
1144.68595,10.234114640423943
1144.8806,10.107393217259547
1144.8812,10.107002604087809
1144.881201,10.10700195306578
1144.881202,10.107001302043903
1144.881203,10.10700065102188
1144.881204,10.107
1145.0786,9.97639961616166
1145.0792,9.97600264646464
1145.079201,9.976001984848557
1145.079201999,9.97600132323232
1145.079203,9.976000661616084
1145.079204,9.976
1145.27705,9.85400246651503
1145.277051,9.854001849886345
1145.277052,9.854001233257517
1145.277053,9.854000616628827
1145.277054,9.854
1145.27765,9.853993984355286
1145.47455,9.852006601059802
1145.4752,9.852000040373454
1145.475201,9.85200003028009
1145.475202,9.852000020186727
1145.475203,9.852000010093365
1145.475204,9.852
1145.47775,9.851124953247432
1145.67305,9.784001374778873
1145.673051,9.784001031084111
1145.673052,9.784000687389437
1145.673053,9.78400034369468
1145.673054,9.784
1145.6756,9.783859372332415
1145.8716,9.7730333617876
1145.8722,9.773000220939002
1145.872201,9.773000165704248
1145.872202,9.773000110469509
1145.872203,9.773000055234752
1145.872204,9.773
1146.0692,9.475006050761406
1146.069201,9.475004538071229
1146.069201999,9.475003025380705
1146.069203,9.475001512690524
1146.069204,9.475
1146.07195,9.47425071248108
1146.2671,9.42100109146033
1146.267101,9.421000818595216
1146.267102,9.421000545730164
1146.267103,9.42100027286505
1146.267104,9.421
1146.2685,9.420682967448876
1146.4646,9.37614852384561
1146.46525,9.376000908402723
1146.465251,9.376000681302068
1146.465252,9.37600045420136
1146.465253,9.376000227100706
1146.465254,9.376
1146.46775,9.372810666666872
1146.66325,9.123005111111098
1146.663251,9.123003833333176
1146.663252,9.123002555555548
1146.663253,9.123001277777629
1146.663254,9.123
1146.666,9.120184656565538
1146.8606,8.920670515151453
1146.86125,8.920004101010091
1146.861251,8.920003075757684
1146.861252,8.920002050505046
1146.861253,8.920001025252638
1146.861254,8.92
1147.0586,8.812600816326622
1147.0597,8.812002176870866
1147.059701,8.812001632653118
1147.059702,8.812001088435494
1147.059703,8.812000544217748
1147.059704,8.812
1147.25725,8.550005304986067
1147.257251,8.550003978739399
1147.257252,8.550002652493033
1147.257253,8.550001326246367
1147.257254,8.55
1147.2599,8.546164636363764
1147.4546,8.263947969697213
1147.45525,8.263005797979783
1147.455251,8.263004348485001
1147.455252,8.263002898989892
1147.455253,8.26300144949511
1147.455254,8.263
1147.45775,8.260995636363766
1147.6526,8.104525181818135
1147.65325,8.104003212121205
1147.653251,8.104002409090812
1147.653252,8.104001606060603
1147.653253,8.10400080303021
1147.653254,8.104000000000001
1147.8515,7.829005548549796
1147.851501,7.829004161412505
1147.851502,7.829002774274898
1147.851503,7.829001387137606
1147.851504,7.829
1147.85405,7.826966289181039
1148.0493,7.671003195146605
1148.049301,7.671002396360045
1148.049302,7.671001597573302
1148.049303,7.671000798786561
1148.049304,7.671
1148.05185,7.665792272727401
1148.24665,7.26733772727307
1148.2473,7.266008181818161
1148.247301,7.266006136363853
1148.247302,7.266004090909081
1148.247303,7.266002045454773
1148.247304,7.266
1148.4453,7.118002989898983
1148.445301,7.1180022424241525
1148.445302,7.118001494949492
1148.445303,7.118000747474661
1148.445304,7.118
1148.4478,7.114092121212022
1148.448,7.11377898989897
1148.64265,6.809023939393845
1148.6433,6.808006262626247
1148.643301,6.808004696969863
1148.643302,6.808003131313123
1148.643303,6.808001565656739
1148.643304,6.808
1148.8412,6.8458843727959575
1148.8418,6.845999234256929
1148.841801,6.845999425692675
1148.841802,6.845999617128465
1148.841803,6.84599980856421
1148.841804,6.846
1149.03865,6.317755037974523
1149.0393,6.316010734177188
1149.039301,6.316008050633196
1149.039302,6.316005367088594
1149.039303,6.3160026835446015
1149.039304,6.316
1149.2374,6.497996325088349
1149.237401,6.497997243816157
1149.237402,6.497998162544175
1149.237403,6.497999081271983
1149.237404,6.498
1149.24,6.496558141883341
1149.43465,6.38844655390054
1149.43545,6.388002221661191
1149.435451,6.388001666245956
1149.435452,6.388001110830595
1149.435453,6.388000555415361
1149.435454,6.388
1149.43795,6.385817498104569
1149.6333,6.215003497599183
1149.633301,6.215002623199486
1149.633302,6.215001748799591
1149.633303,6.215000874399895
1149.633304,6.215
1149.63605,6.213787516307124
1149.8317,6.12739915704967
1149.8326,6.127001766181631
1149.832601,6.127001324636273
1149.832602,6.127000883090815
1149.832603,6.127000441545458
1149.832604,6.127
1150.0288,5.9585614732030905
1150.02945,5.95800343408686
1150.029451,5.958002575565242
1150.029452,5.95800171704343
1150.029453,5.958000858521813
1150.029454,5.958
1150.2267,5.562211968663262
1150.2273,5.561008026282973
1150.227301,5.561006019712115
1150.227302,5.561004013141258
1150.227303,5.561002006570857
1150.227304,5.561
1150.4249,5.41249153089529
1150.42555,5.412003006305163
1150.425551,5.412002254728957
1150.425552,5.412001503152581
1150.425553,5.412000751576376
1150.425554,5.412
1150.42805,5.408277451971591
1150.62265,5.118049949443945
1150.62335,5.117005965621825
1150.623351,5.117004474216199
1150.623352,5.117002982810913
1150.623353,5.117001491405286
1150.623354,5.117
1150.8207,5.09907755802219
1150.821549999,5.0990003632694245
1150.821551,5.099000272452058
1150.821551999,5.099000181634712
1150.821553,5.099000090817346
1150.821553999,5.099
1151.0187,5.023499390274673
1151.02,5.023001531872004
1151.020001,5.023001148904046
1151.020002,5.023000765936001
1151.020003,5.0230003829680445
1151.020004,5.023
1151.21735,5.052999391943249
1151.217351,5.052999543957454
1151.217352,5.052999695971625
1151.217353,5.05299984798583
1151.217354,5.053
1151.21765,5.052759616645703
1151.4147,4.892734143757875
1151.4156,4.892003248423699
1151.415601,4.892002436317682
1151.415602,4.89200162421185
1151.415603,4.892000812105833
1151.415604,4.892
1151.4181,4.89358916624562
1151.6127,5.017488105103578
1151.6135,5.017997453259228
1151.613501,5.017998089944348
1151.613502,5.017998726629614
1151.613503,5.017999363314734
1151.613504,5.018
1151.81085,4.880455818181777
1151.8115,4.880002787878781
1151.811501,4.880002090909006
1151.811502,4.880001393939391
1151.811503,4.880000696969616
1151.811504,4.88
1152.0087,5.088151333333316
1152.0095,5.0889957777777886
1152.009501,5.088996833333462
1152.009502,5.088997888888895
1152.009503,5.088998944444567
1152.009504,5.089
1152.2067,5.089
1152.20775,5.089
1152.207751,5.089
1152.207752,5.089
1152.207753,5.089
1152.207754,5.089
1152.40495,5.196643002274483
1152.4056,5.196997816527678
1152.405601,5.196998362395821
1152.405602,5.196998908263839
1152.405603,5.196999454131982
1152.405604,5.197
1152.4081,5.199371136937907
1152.6027,5.384236220313274
1152.6035,5.384996200101071
1152.603501,5.384997150075695
1152.603502,5.384998100050535
1152.603503,5.38499905002516
1152.603504,5.385
1152.8021,5.581954710743736
1152.80315,5.582996033057862
1152.803151,5.582997024793284
1152.803152,5.582998016528931
1152.803153,5.582999008264353
1152.803154,5.583
1152.99875,5.53620431661998
1152.9996,5.536000956986508
1152.999601,5.536000717739855
1152.999602,5.536000478493254
1152.999603,5.5360002392466
1152.999604,5.5360000000000005
1153.19675,5.412628291698187
1153.19775,5.41200250315417
1153.197751,5.412001877365556
1153.197752,5.412001251577085
1153.197753,5.412000625788472
1153.197754,5.412
1153.39475,5.475739858442866
1153.39555,5.4759987057634
1153.395551,5.475999029322514
1153.395552,5.475999352881701
1153.395553,5.475999676440813
1153.395554,5.476
1153.39805,5.476995627366762
1153.593,5.554759070941654
1153.5936,5.554998404443326
1153.593600999,5.554998803332449
1153.593601999,5.554999202221663
1153.593603,5.554999601110786
1153.593604,5.555
1153.79175,5.7559959424678375
1153.791751,5.755996956850994
1153.791752,5.755997971233919
1153.791753,5.755998985617075
1153.791754,5.756
1153.79435,5.7581775442142815
1153.98875,5.921241718039421
1153.98965,5.921996644770094
1153.989651,5.921997483577475
1153.989652,5.921998322385047
1153.989653,5.921999161192428
1153.989654,5.922
1154.18675,5.843340823440309
1154.1876,5.843001596362714
1154.187601,5.843001197272081
1154.187602,5.8430007981813565
1154.187603,5.843000399090724
1154.187604,5.843
1154.3849,5.890793126419351
1154.38575,5.890999031037095
1154.385751,5.890999273277794
1154.385752,5.890999515518548
1154.385753,5.890999757759246
1154.385754,5.891
1154.3882,5.891853255813941
1154.58275,5.959719534883715
1154.58355,5.959998604651166
1154.583551,5.959998953488414
1154.583552,5.959999302325583
1154.583553,5.959999651162831
1154.583554,5.96
1154.78075,6.257410360655638
1154.7818,6.25899396721313
1154.781801,6.258995475409677
1154.781802,6.258996983606566
1154.781803,6.258998491803111
1154.781804,6.259
1154.98045,6.109754320060251
1154.98145,6.109003005259196
1154.981451,6.109002253944483
1154.981452,6.109001502629598
1154.981453,6.109000751314884
1154.981454,6.109
1155.1768,6.109
1155.1778,6.109
1155.177801,6.109
1155.177802,6.109
1155.177803,6.109
1155.177804,6.109
1155.3749,6.387721616161628
1155.3758,6.388994343434358
1155.375801,6.3889957575759295
1155.375802,6.388997171717179
1155.375803,6.388998585858751
1155.375804,6.389
1155.3782,6.389181515151522
1155.57295,6.403935303030312
1155.5738,6.403999696969698
1155.573801,6.403999772727282
1155.573802,6.403999848484848
1155.573803,6.403999924242433
1155.573804,6.404
1155.77115,6.431907515151492
1155.7718,6.431999434343436
1155.771801,6.431999575757561
1155.771802,6.431999717171719
1155.771803,6.431999858585844
1155.771804,6.432
1155.9688,6.410297886830245
1155.9715,6.410000440660991
1155.971501,6.4100003304957305
1155.971502,6.410000220330495
1155.971503,6.410000110165235
1155.971504,6.41
1156.1668,6.100196092833326
1156.16755,6.099006345320055
1156.167551,6.099004758989861
1156.167552,6.099003172660028
1156.167553,6.099001586329834
1156.167554,6.099
1156.3648,6.303956751576327
1156.3658,6.304995843631788
1156.365801,6.304996882723959
1156.365802,6.304997921815894
1156.365803,6.3049989609080646
1156.365804,6.305
1156.36825,6.304482328042288
1156.5628,6.263307724867718
1156.56425,6.263000846560844
1156.564251,6.263000634920657
1156.564251999,6.263000423280422
1156.564253,6.263000211640187
1156.564254,6.263
1156.76185,6.280999635627531
1156.761851,6.280999726720658
1156.761852,6.280999817813766
1156.761853,6.280999908906893
1156.761854,6.281
1156.9588,6.121851717171772
1156.95985,6.121003232323225
1156.959851,6.12100242424251
1156.959852,6.121001616161612
1156.959853,6.121000808080899
1156.959854,6.121
1157.1568,6.243345242424341
1157.15785,6.243997515151521
1157.157851,6.243998136363712
1157.157852,6.243998757575761
1157.157853,6.243999378787951
1157.157854,6.244
1157.3552,6.10369835294108
1157.5531,5.963002843769759
1157.553101,5.963002132827239
1157.553102,5.963001421884879
1157.553103,5.963000710942359
1157.553104,5.963
1157.5556,5.9639832727272974
1157.556,5.964140848484834
1157.7511,6.040998424242429
1157.751101,6.040998818181777
1157.751102,6.040999212121214
1157.751103,6.040999606060563
1157.751104,6.041
1157.75575,6.040720751314809
1157.95075,6.029000240420736
1157.950751,6.029000180315559
1157.950752,6.029000120210368
1157.950753,6.029000060105191
1157.950754,6.029
1157.9535,6.026902215431712
1158.1471,5.879003055767754
1158.147101,5.879002291825903
1158.147102,5.879001527883878
1158.147103,5.879000763942026
1158.147104,5.879
1158.34535,5.750002602774268
1158.345351,5.750001952080627
1158.345352,5.750001301387134
1158.345353,5.750000650693493
1158.345354,5.75
1158.34785,5.747475600505624
1158.5431,5.550004045512
1158.543101,5.550003034133884
1158.543102,5.550002022756
1158.543103,5.550001011377885
1158.543104,5.55
1158.5475,5.547446767676744
1158.5479,5.547214444444479
1158.7411,5.435002323232318
1158.741101,5.435001742424305
1158.741102,5.435001161616159
1158.741103,5.435000580808146
1158.741104,5.4350000000000005
1158.744,5.433815272727287
1158.9391,5.354001636363632
1158.939101,5.354001227272677
1158.939102,5.354000818181817
1158.939103,5.354000409090862
1158.939104,5.354
1158.9438,5.355607086059374
1159.1378,5.421998631102167
1159.137801,5.421998973326587
1159.137802,5.421999315551084
1159.137803,5.421999657775503
1159.137804,5.422
1159.1407,5.419257964556995
1159.3353,5.235003787341763
1159.335301,5.2350028405064295
1159.335302,5.235001893670882
1159.335303,5.235000946835549
1159.335304,5.235
1159.33785,5.233069749810509
1159.53315,5.085003032600447
1159.533151,5.085002274450422
1159.533152,5.085001516300224
1159.533153,5.085000758150198
1159.533154,5.085
1159.53565,5.085641612903184
1159.53635,5.085821552419326
1159.73155,5.135998971774196
1159.731551,5.135999228830618
1159.731552,5.1359994858870985
1159.731553,5.13599974294352
1159.731554,5.136
1159.7343,5.135833407482312
1159.92935,5.124000242669362
1159.929351,5.124000182002015
1159.929352,5.124000121334681
1159.929353,5.124000060667333
1159.929354,5.124
1159.9319,5.126445601617737
1160.12715,5.313996157735096
1160.127151,5.313997118301431
1160.127152,5.313998078867548
1160.127153,5.313999039433883
1160.127154,5.314
1160.1299,5.316010959596043
1160.32515,5.458997070707079
1160.325151,5.4589978030303925
1160.325152,5.45899853535354
1160.325153,5.4589992676768535
1160.325154,5.4590000000000005
1160.32815,5.456596548940514
1160.52335,5.300003208879911
1160.523351,5.300002406660024
1160.523352,5.300001604439956
1160.523353,5.300000802220069
1160.523354,5.3
1160.52585,5.299760242669357
1160.5261,5.299736228513661
1160.72115,5.28100038422649
1160.721151,5.281000288169857
1160.721152,5.281000192113245
1160.721153,5.281000096056611
1160.721154,5.281
1160.72435,5.282306135217
1160.91935,5.361998365287593
1160.919351,5.361998773965741
1160.919352,5.361999182643796
1160.919353,5.361999591321944
1160.919354,5.362
1160.9239,5.3625745702730185
1161.11715,5.386999494438829
1161.117151,5.386999620829136
1161.117152,5.386999747219415
1161.117153,5.386999873609722
1161.117154,5.3870000000000005
1161.31535,5.445998809283554
1161.315351,5.4459991069627
1161.315352,5.4459994046417775
1161.315353,5.445999702320922
1161.315354,5.446
1161.3181,5.450811219389246
1161.5134,5.792992991668788
1161.513401,5.79299474375179
1161.513402,5.7929964958343945
1161.513403,5.792998247917397
1161.513404,5.793
1161.5159,5.7945142568251145
1161.5161,5.79463559150658
1161.7112,5.912997573306376
1161.711201,5.912998179979714
1161.711202,5.912998786653189
1161.711203,5.912999393326525
1161.711204,5.913
1161.71415,5.914308012108909
1161.9094,6.000998224016151
1161.909401,6.000998668012063
1161.909402,6.000999112008075
1161.909403,6.000999556003987
1161.909404,6.001
1161.9119,5.9994746666667655
1162.1074,5.880002444444438
1162.107401,5.880001833333259
1162.107402,5.880001222222219
1162.107403,5.88000061111104
1162.107404,5.88
1162.1103,5.880655203619901
1162.3063,5.924999095022627
1162.306301,5.924999321266944
1162.306302,5.924999547511313
1162.306303,5.924999773755631
1162.306304,5.925
1162.309,5.926490938609851
1162.5034,6.033997787924917
1162.503401,6.03399834094375
1162.503402,6.033998893962458
1162.503403,6.033999446981292
1162.503404,6.034
1162.5059,6.035134545454574
1162.50605,6.03520272727279
1162.7014,6.123998181818187
1162.701401,6.123998636363589
1162.701402,6.123999090909094
1162.701403,6.123999545454495
1162.701404,6.1240000000000006
1162.7042,6.122531764705888
1162.89945,6.020002100479672
1162.899451,6.020001575359695
1162.899452,6.020001050239836
1162.899453,6.020000525119858
1162.899454,6.0200000000000005
1162.90385,6.017645991411951
1163.0974,5.9140021419550335
1163.097401,5.914001606466214
1163.097401999,5.914001070977516
1163.097403,5.9140005354886975
1163.097404,5.914
1163.09995,5.9128173087604425
1163.29545,5.822001858116632
1163.295451,5.8220013935874215
1163.295452,5.822000929058317
1163.295453,5.822000464529105
1163.295454,5.822
1163.29565,5.821898040404061
1163.49345,5.719002080808076
1163.493451,5.719001560606116
1163.493452,5.719001040404038
1163.493453,5.719000520202078
1163.493454,5.719
1163.49595,5.72260533333343
1163.4961,5.722821999999877
1163.69145,6.004994222222237
1163.691451,6.004995666666842
1163.691452,6.004997111111118
1163.691453,6.004998555555724
1163.691454,6.005
1163.69205,6.004714256876063
1163.88895,5.910313550340732
1163.8896,5.9100019177390815
1163.889601,5.9100014383043655
1163.889602,5.910000958869541
1163.889603,5.910000479434825
1163.889604,5.91
1164.08745,5.675004751074034
1164.087451,5.67500356330566
1164.087451999,5.675002375537017
1164.087453,5.675001187768643
1164.087454,5.675
1164.0901,5.674198788796392
1164.2856,5.615001211203631
1164.285601,5.615000908402758
1164.285602,5.615000605601815
1164.285603,5.615000302800942
1164.285604,5.615
1164.2881,5.613851688574288
1164.4834,5.524001840242665
1164.483401,5.5240013801819465
1164.483402,5.524000920121332
1164.483403,5.524000460060614
1164.483404,5.524
1164.48595,5.522642816193022
1164.4861,5.5225628564244325
1164.68225,5.418002132260493
1164.682251,5.418001599195309
1164.682252,5.418001066130247
1164.682253,5.418000533065063
1164.682254,5.418
1164.6849,5.418294968330393
1164.8796,5.439999554091717
1164.879601,5.439999665568775
1164.879602,5.439999777045858
1164.879603,5.439999888522917
1164.879604,5.44
1164.88215,5.442547930250128
1165.07745,5.637995996967409
1165.077451,5.637996997725443
1165.077452,5.637997998483705
1165.077452999,5.637998999241739
1165.077454,5.638
1165.08,5.637152189707386
1165.27495,5.572234429868757
1165.27565,5.572001331987888
1165.275651,5.572000998990878
1165.275652,5.572000665993944
1165.275653,5.572000332996934
1165.275654,5.572
1165.4736,6.04499044203084
1165.473601,6.044992831523402
1165.473602,6.044995221015419
1165.473603,6.0449976105079815
1165.473604,6.045
1165.4761,6.050803184230627
1165.47625,6.0511519332831165
1165.67145,6.504990700025295
1165.671451,6.504993025019235
1165.671452,6.504995350012647
1165.671453,6.504997675006588
1165.671454,6.505
1165.6729,6.506605450416336
1165.8696,6.724995558920022
1165.869601,6.72499666918989
1165.869602,6.724997779460011
1165.869603,6.724998889729879
1165.869604,6.7250000000000005
1165.87215,6.728523252525171
1166.067,6.998164161616384
1166.067599999,6.998994464646479
1166.067601,6.998995848485017
1166.067602,6.99899723232324
1166.067603,6.998998616161778
1166.067603999,6.9990000000000006
1166.265,7.034881120929069
1166.26565,7.034999272910883
1166.265651,7.034999454683183
1166.265652,7.034999636455441
1166.265653,7.034999818227742
1166.265654,7.035
1166.463,7.247296454545519
1166.46365,7.247995696969708
1166.463651,7.247996772727158
1166.463652,7.247997848484854
1166.463653,7.247998924242305
1166.463654,7.248
1166.46615,7.252743472327643
1166.6615,7.623992398281546
1166.661501,7.623994298710944
1166.661502,7.623996199140773
1166.661503,7.623998099570171
1166.661504,7.624
1166.664,7.6274513827656225
1166.86045,7.899095671342768
1166.8611,7.89999446893789
1166.861101,7.899995851703575
1166.861102,7.8999972344689455
1166.861103,7.89999861723463
1166.861104,7.9
1167.057,8.04950089035856
1167.05765,8.049996947341652
1167.057651,8.049997710506153
1167.057652,8.049998473670826
1167.057653,8.049999236835326
1167.057654,8.05
1167.25565,8.177997414141421
1167.255651,8.17799806060614
1167.255652,8.177998707070712
1167.255653,8.17799935353543
1167.255654,8.178
1167.25815,8.177558787878777
1167.453,8.143115606060595
1167.45365,8.143000707070707
1167.453651,8.14300053030305
1167.453652,8.143000353535353
1167.453653,8.143000176767696
1167.453654,8.143
1167.4582,8.146076585858511
1167.65105,8.276591232323188
1167.65165,8.276997292929147
1167.651651,8.276997969696898
1167.651652,8.276998646464497
1167.651653,8.27699932323225
1167.651654,8.277000000000001
1167.849,8.551091666666748
1167.84965,8.551994444444459
1167.849651,8.551995833333502
1167.849652,8.551997222222228
1167.849653,8.551998611111273
1167.849654,8.552
1168.047,8.487214696969753
1168.04765,8.48700131313131
1168.047651,8.48700098484852
1168.047652,8.487000656565655
1168.047653,8.487000328282864
1168.047654,8.487
1168.24505,8.656225012607168
1168.24595,8.656996570852252
1168.245951,8.656997428139093
1168.245952,8.656998285426127
1168.245953,8.656999142712966
1168.245954,8.657
1168.443,8.75066535524661
1168.4437,8.75099809860936
1168.443701,8.750998573957073
1168.443702,8.75099904930468
1168.443703,8.750999524652393
1168.443704,8.751
1168.4462,8.751958060606084
1168.64105,8.826748969696993
1168.6417,8.826998464646469
1168.641701,8.826998848484807
1168.641702,8.826999232323233
1168.641703,8.826999616161661
1168.641704,8.827
1168.83905,8.905679454958358
1168.83985,8.905998405248553
1168.839851,8.90599880393646
1168.839852,8.905999202624278
1168.839853,8.905999601312184
1168.839854,8.906
1169.0377,8.944999211523884
1169.037701,8.944999408642936
1169.037702,8.944999605761943
1169.037703,8.944999802880993
1169.037704,8.945
1169.04215,8.94665954098366
1169.23595,9.018998506935691
1169.235951,9.018998880201726
1169.235952,9.018999253467843
1169.235953,9.01899962673388
1169.235954,9.019
1169.2386,9.019026761061946
1169.4337,9.02099995954488
1169.433701,9.020999969658662
1169.433702,9.02099997977244
1169.433703,9.020999989886224
1169.433704,9.021
1169.4362,9.021225429001513
1169.4366,9.021261555444072
1169.63215,9.038922870045168
1169.633,9.038999638735577
1169.633001,9.038999729051692
1169.633002,9.038999819367788
1169.633003,9.038999909683904
1169.633004,9.039
1169.829049999,9.01411474993653
1169.82995,9.01400050774308
1169.829951,9.014000380807296
1169.829952,9.01400025387154
1169.829953,9.014000126935755
1169.829954,9.014
1170.02705,9.16549730467767
1170.0277,9.16599692541088
1170.027701,9.165997694058248
1170.027702,9.16599846270544
1170.027703,9.165999231352808
1170.027704,9.166
1170.2262,9.392084254892104
1170.227,9.392995444054202
1170.227001,9.39299658304078
1170.227002,9.3929977220271
1170.227003,9.39299886101368
1170.227004,9.393
1170.42305,9.36312252984506
1170.42385,9.363000609601215
1170.423851,9.36300045720093
1170.423852,9.36300030480061
1170.423853,9.363000152400287
1170.423854,9.363
1170.42635,9.36301261243052
1170.6211,9.363996695300658
1170.62175,9.363999979787772
1170.621751,9.36399998484083
1170.621752,9.363999989893886
1170.621753,9.363999994946944
1170.621754,9.364
1170.8203,9.596939403359247
1170.8212,9.597995307094523
1170.821201,9.597996480321026
1170.821202,9.597997653547262
1170.821203,9.597998826773765
1170.821204,9.598
1171.01725,9.544179542450417
1171.0179,9.54400109811896
1171.017901,9.54400082358919
1171.017902,9.54400054905948
1171.017903,9.54400027452971
1171.017904,9.544
1171.2151,9.549975636363635
1171.2159,9.54999987878788
1171.215901,9.549999909090907
1171.215902,9.54999993939394
1171.215903,9.549999969696968
1171.215904,9.55
1171.41385,9.660997757009351
1171.413851,9.660998317756947
1171.413852,9.660998878504676
1171.413853,9.660999439252274
1171.413854,9.661
1171.41825,9.660289176351686
1171.4185,9.66024875189488
1171.6111,9.629105750378969
1171.61175,9.629000646791306
1171.611751,9.629000485093462
1171.611752,9.629000323395651
1171.611753,9.629000161697808
1171.611754,9.629
1171.8091,9.56525968205905
1171.8099,9.56500129195054
1171.809901,9.56500096896294
1171.809902,9.56500064597527
1171.809903,9.565000322987672
1171.809904,9.565
1172.00795,9.582999636455442
1172.007951,9.582999727341573
1172.007952,9.58299981822772
1172.007953,9.58299990911385
1172.007954,9.583
1172.0105,9.58301285533956
1172.20535,9.583996697803585
1172.206,9.58399997980308
1172.206001,9.583999984852309
1172.206002,9.58399998990154
1172.206003,9.58399999495077
1172.206004,9.584
1172.4031,9.556113754421396
1172.4039,9.556000565942394
1172.403901,9.55600042445678
1172.403902,9.556000282971198
1172.403903,9.556000141485583
1172.403904,9.556
1172.4064,9.553961421729216
1172.6014,9.394697494328303
1172.60225,9.39400326695235
1172.602251,9.394002450214357
1172.602252,9.394001633476174
1172.602253,9.39400081673818
1172.602254,9.394
1172.79925,9.362105884138655
1172.7999,9.36200064760941
1172.799901,9.362000485707076
1172.799902,9.362000323804704
1172.799903,9.36200016190237
1172.799904,9.362
1172.99715,9.536245583038966
1172.998,9.536996466431106
1172.998001,9.53699734982343
1172.998002,9.536998233215552
1172.998003,9.536999116607875
1172.998004,9.537
1173.19525,9.556898713745277
1173.19625,9.556999596469106
1173.196251,9.556999697351818
1173.196252,9.556999798234552
1173.196253,9.556999899117264
1173.196254,9.557
1173.3931,9.39067932203372
1173.3939,9.390003379711604
1173.393901,9.390002534783608
1173.393902,9.390001689855804
1173.393903,9.390000844927805
1173.393904,9.39
1173.3964,9.389344815749606
1173.5911,9.338237294295809
1173.592,9.33800104997476
1173.592001,9.33800078748104
1173.592002,9.33800052498738
1173.592003,9.33800026249366
1173.592004,9.338
1173.78915,9.292233075952554
1173.79015,9.29200092858945
1173.790151,9.29200069644206
1173.790152,9.292000464294723
1173.790153,9.292000232147336
1173.790154,9.292
1173.98715,9.22431062152602
1173.98805,9.224001374431529
1173.988051,9.224001030823684
1173.988052,9.224000687215764
1173.988053,9.22400034360792
1173.988054,9.224
1174.18515,9.230964522968192
1174.18615,9.230999858657244
1174.186151,9.230999893992928
1174.186152,9.230999929328622
1174.186153,9.230999964664306
1174.186154,9.231
1174.38425,9.282737780010054
1174.38525,9.282998955298847
1174.385251,9.282999216474163
1174.385252,9.282999477649422
1174.385253,9.28299973882474
1174.385254,9.283
1174.38835,9.282244878048749
1174.5814,9.235159512195162
1174.58205,9.235000975609752
1174.582051,9.235000731707345
1174.582052,9.235000487804877
1174.582053,9.235000243902466
1174.582054,9.235
1174.7794,9.165284027252088
1174.7802,9.165001413070904
1174.780201,9.16500105980322
1174.780202,9.165000706535452
1174.780203,9.165000353267766
1174.780204,9.165
1174.97715,9.107250414560127
1174.978,9.107001172901915
1174.978001,9.107000879676404
1174.978002,9.107000586450958
1174.978003,9.107000293225443
1174.978004,9.107
1175.17515,9.126898662629303
1175.17615,9.126999596265458
1175.176151,9.126999697199082
1175.176152,9.12699979813273
1175.176153,9.126999899066352
1175.176154,9.127
1175.37315,9.287183616161643
1175.37415,9.287996747474756
1175.374151,9.28799756060616
1175.374152,9.28799837373738
1175.374153,9.28799918686878
1175.374154,9.288
1175.3766,9.282595903372002
1175.572,8.850886794162312
1175.57285,8.849008837443861
1175.572851,8.84900662808277
1175.572852,8.849004418722183
1175.572853,8.84900220936109
1175.572854,8.849
1175.7692,8.636088705345795
1175.7702,8.635004337471486
1175.770201,8.635003253103738
1175.770202,8.635002168735744
1175.770203,8.635001084367994
1175.770204,8.635
1175.9672,8.455912727272697
1175.9682,8.455003636363628
1175.968201,8.455002727272618
1175.968202,8.455001818181813
1175.968203,8.455000909090803
1175.968204,8.455
1176.1652,8.25103949494946
1176.1662,8.25000414141413
1176.166201,8.25000310606048
1176.166202,8.250002070707065
1176.166203,8.250001035353415
1176.166204,8.25
1176.3632,8.336558848484863
1176.3642,8.336998242424247
1176.364201,8.336998681818136
1176.364202,8.336999121212123
1176.364203,8.336999560606012
1176.364204,8.337
1176.3667,8.336584000000027
1176.5612,8.304167333333329
1176.5622,8.304000666666665
1176.562201,8.30400049999998
1176.562202,8.304000333333333
1176.562203,8.304000166666647
1176.562204,8.304
1176.75955,8.338950588235319
1176.95745,8.373999291587605
1176.957451,8.373999468690725
1176.957452,8.373999645793802
1176.957453,8.373999822896922
1176.957454,8.374
1176.9605,8.371631187981285
1177.1563,8.219361525059988
1177.3535,8.066003110718336
1177.353501,8.06600233303884
1177.353502,8.066001555359168
1177.353503,8.066000777679672
1177.353504,8.066
1177.3563,8.064856181818186
1177.5515,7.985001636363632
1177.551501,7.985001227272678
1177.551502,7.985000818181817
1177.551503,7.985000409090862
1177.551504,7.985
1177.554,7.979995393939267
1177.55435,7.979293626262447
1177.7495,7.588008020202
1177.749501,7.588006015151272
1177.749502,7.588004010101
1177.749503,7.588002005050273
1177.749504,7.588
1177.7523,7.585881283152319
1177.94745,7.438003031068444
1177.947451,7.4380022733012465
1177.947452,7.438001515534221
1177.947453,7.438000757767025
1177.947454,7.438
1177.9502,7.437486988134288
1178.1455,7.401000747286036
1178.145501,7.401000560464507
1178.145502,7.401000373643018
1178.145503,7.401000186821488
1178.145504,7.401
1178.1501,7.397936000000007
1178.3435,7.26900266666666
1178.343501,7.269002000000071
1178.343502,7.26900133333333
1178.343503,7.269000666666741
1178.343504,7.269
1178.34625,7.2649503434345055
1178.5415,6.977005898989884
1178.541501,6.977004424242246
1178.541502,6.977002949494942
1178.541503,6.977001474747304
1178.541504,6.977
1178.544,6.9757560835640255
1178.54435,6.975581656179165
1178.74015,6.878001993455822
1178.740151,6.87800149509181
1178.740152,6.878000996727911
1178.740153,6.878000498363899
1178.740154,6.878
1178.7439,6.876861109703546
1178.9375,6.818001216113501
1178.937501,6.818000912085161
1178.937502,6.818000608056751
1178.937503,6.81800030402841
1178.937504,6.8180000000000005
1178.9404,6.816771393939408
1179.1355,6.734001696969693
1179.135501,6.734001272727221
1179.135502,6.734000848484846
1179.135503,6.734000424242375
1179.135504,6.734
1179.13825,6.731880766708613
1179.33375,6.581003087011342
1179.333751,6.581002315258594
1179.333752,6.581001543505671
1179.333753,6.581000771752923
1179.333754,6.581
1179.33625,6.578917370417328
1179.5315,6.416003337547401
1179.531501,6.416002503160455
1179.531502,6.4160016687737
1179.531503,6.416000834386756
1179.531504,6.416
1179.53405,6.413055383838194
1179.53455,6.412477101010056
1179.7295,6.187004626262615
1179.729501,6.187003469697093
1179.729502,6.187002313131307
1179.729503,6.187001156565786
1179.729504,6.187
1179.7323,6.183967767969746
1179.92775,5.972004337957114
1179.927751,5.9720032534677125
1179.927752,5.972002168978557
1179.927753,5.972001084489156
1179.927754,5.972
1179.93025,5.9667492490516985
1180.1255,5.55600841466496
1180.125501,5.55600631099848
1180.125502,5.55600420733248
1180.125503,5.556002103666001
1180.125504,5.556
1180.12825,5.555709124842359
1180.32375,5.535000423707463
1180.323751,5.535000317780591
1180.323752,5.535000211853744
1180.323753,5.535000105926872
1180.323754,5.535
1180.32645,5.532688754412686
1180.52205,5.365003429147747
1180.522051,5.365002571860713
1180.522052,5.365001714573874
1180.522053,5.36500085728684
1180.522054,5.365
1180.52465,5.360444692793863
1180.52495,5.359918270543281
1180.7198,5.01800701896332
1180.719801,5.01800526422229
1180.719802,5.01800350948166
1180.719803,5.01800175474063
1180.719804,5.018
1180.7223,5.013927213942809
1180.91775,4.695006526900716
1180.917751,4.695004895175352
1180.917752,4.695003263450358
1180.917753,4.695001631724994
1180.917754,4.695
1180.92235,4.692676440849349
1181.11555,4.595002022244686
1181.115551,4.595001516683572
1181.115552,4.595001011122343
1181.115553,4.595000505561229
1181.115554,4.595
1181.1183,4.591772670870244
1181.3138,4.362004701134919
1181.313801,4.362003525851323
1181.313802,4.36200235056746
1181.313803,4.362001175283596
1181.313804,4.362
1181.31635,4.359440495074575
1181.51175,4.1630040212174695
1181.511751,4.163003015912988
1181.511752,4.163002010608735
1181.511753,4.163001005304253
1181.511754,4.163
1181.51605,4.158141105781291
1181.5163,4.157858348901658
1181.7098,3.9390045241100617
1181.709801,3.9390033930824178
1181.709802,3.939002262055031
1181.709803,3.939001131027387
1181.709804,3.939
1181.7124,3.9374659999999775
1181.9078,3.822002363636358
1181.907801,3.822001772727336
1181.907802,3.822001181818179
1181.907803,3.822000590909157
1181.907804,3.822
1181.91065,3.827318282828031
1182.1058,4.1919925252525445
1182.105801,4.191994393939621
1182.105802,4.191996262626272
1182.105803,4.1919981313133485
1182.105804,4.192
1182.1104,4.1937641212121175
1182.3038,4.267998464646468
1182.303801,4.267998848484807
1182.303802,4.267999232323234
1182.303803,4.267999616161573
1182.303804,4.268
1182.3064,4.2682622222222255
1182.5018,4.287999595959597
1182.501801,4.287999696969687
1182.501802,4.287999797979799
1182.501803,4.287999898989888
1182.501804,4.288
1182.5043,4.288189282103122
1182.50455,4.28820824064711
1182.6996,4.302999696663297
1182.699601,4.302999772497464
1182.699602,4.302999848331648
1182.699603,4.302999924165816
1182.699604,4.303
1182.70405,4.304884278506523
1182.8978,4.386998304742689
1182.897801,4.386998728556969
1182.897802,4.386999152371344
1182.897803,4.386999576185624
1182.897804,4.3870000000000005
1182.9003,4.387226909090895
1183.095799999,4.404999636363637
1183.095801,4.404999727272738
1183.095802,4.404999818181819
1183.095803,4.40499990909092
1183.095804,4.405
1183.0983,4.403651151515118
1183.2938,4.298002161616156
1183.293801,4.298001621212179
1183.293802,4.298001080808078
1183.293803,4.2980005404041
1183.293804,4.298
1183.29635,4.303374888888756
1183.4918,4.715991555555097
1183.491801,4.715993666666443
1183.491802,4.715995777777788
1183.491803,4.715997888888654
1183.491804,4.716
1183.49425,4.714875828282844
1183.49445,4.714783909090948
1183.6898,4.625001838383834
1183.689801,4.625001378787824
1183.689802,4.625000919191917
1183.689803,4.625000459595906
1183.689804,4.625
1183.69005,4.624843454545416
1183.8878,4.499002545454538
1183.887801,4.4990019090909765
1183.887802,4.499001272727269
1183.887803,4.499000636363707
1183.887804,4.499
1183.89035,4.499989861146151
1184.085849999,4.5759984448371664
1184.085851,4.575998833627831
1184.085852,4.575999222418584
1184.085853,4.575999611209248
1184.085853999,4.5760000000000005
1184.0867,4.576619076457164
1184.28335,4.720521423164313
1184.284,4.720997072924559
1184.284001,4.720997804693503
1184.284002,4.72099853646228
1184.284003,4.720999268231223
1184.284004,4.721
1184.48185,4.751999373262574
1184.481851,4.751999529946948
1184.481852,4.751999686631287
1184.481853,4.751999843315661
1184.481854,4.752
1184.4843,4.75045697703762
1184.4845,4.750330809992484
1184.67935,4.627412566237661
1184.68,4.627002523340897
1184.680001,4.627001892505601
1184.680002,4.627001261670448
1184.680003,4.627000630835152
1184.680004,4.627
1184.87735,4.976840636363742
1184.878,4.977992909090927
1184.878001,4.977994681817994
1184.878002,4.977996454545464
1184.878003,4.97799822727253
1184.878004,4.978
1185.075849999,4.782003962597917
1185.075851,4.782002971948551
1185.075852,4.782001981298959
1185.075853,4.782000990649592
1185.075853999,4.782
1185.0785,4.780718062074228
1185.274,4.686001937925809
1185.274001,4.686001453444302
1185.274002,4.6860009689629045
1185.274003,4.686000484481397
1185.274004,4.686
1185.2765,4.685861995476246
1185.47295,4.675000221161095
1185.472951,4.675000165870815
1185.472952,4.675000110580547
1185.472953,4.675000055290267
1185.472954,4.675
1185.47535,4.673711108855572
1185.4756,4.673576625221949
1185.66935,4.569351809185454
1185.67,4.569002151738132
1185.670001,4.569001613803538
1185.670002,4.569001075869066
1185.670003,4.569000537934472
1185.670004,4.569
1185.868,4.555000282828281
1185.868001,4.555000212121219
1185.868002,4.555000141414141
1185.868003,4.555000070707078
1185.868004,4.555
1185.8725,4.55693107630117
1186.0659,4.63999828196059
1186.065900999,4.639998711470492
1186.065902,4.639999140980295
1186.065903,4.639999570490196
1186.065904,4.64
1186.0661,4.639937667844463
1186.264,4.577001272084803
1186.264001,4.577000954063566
1186.264002,4.577000636042401
1186.264003,4.577000318021164
1186.264004,4.577
1186.26655,4.576357070707086
1186.462,4.527001010101007
1186.462001,4.5270007575757845
1186.462002,4.527000505050504
1186.462003,4.527000252525281
1186.462004,4.527
1186.46455,4.523477636960449
1186.4647,4.523270113607654
1186.6594,4.25390480181764
1186.66005,4.253005533956058
1186.660051,4.2530041504672
1186.660052,4.253002766978029
1186.660053,4.253001383489172
1186.660054,4.253
1186.85805,4.122002646464639
1186.858051,4.122001984848405
1186.858052,4.12200132323232
1186.858053,4.1220006616160845
1186.858054,4.122
1186.8607,4.120117575150202
1187.05765,3.980002845691376
1187.057651,3.980002134268613
1187.057652,3.980001422845688
1187.057653,3.980000711422925
1187.057654,3.98
1187.06035,3.979629368635436
1187.2534,3.953089908350329
1187.25405,3.953000549898166
1187.254051,3.95300041242364
1187.254052,3.953000274949083
1187.254053,3.953000137474557
1187.254054,3.953
1187.45205,3.855001979797975
1187.452051,3.8550014848484246
1187.452052,3.855000989898987
1187.452053,3.855000494949437
1187.452054,3.855
1187.45465,3.854441441080802
1187.455,3.854366134600936
1187.64955,3.812506489867394
1187.6519,3.8120008606454814
1187.651901,3.8120006454840873
1187.651902,3.812000430322741
1187.651903,3.8120002151613455
1187.651904,3.812
1187.8474,4.012329829212399
1187.84805,4.01299590109611
1187.848051,4.012996925822199
1187.848052,4.012997950548055
1187.848053,4.012998975274144
1187.848054,4.013
1188.04605,4.027999696969698
1188.046051,4.027999772727265
1188.046052,4.027999848484849
1188.046053,4.027999924242416
1188.046054,4.0280000000000005
1188.0488,4.0306407813672855
1188.24385,4.218217039819594
1188.2457,4.219996153268228
1188.245701,4.219997114951062
1188.245702,4.2199980766341145
1188.245703,4.2199990383169474
1188.245704,4.22
1188.44145,4.296763137254875
1188.44205,4.296998431372553
1188.442051,4.296998823529459
1188.442052,4.296999215686276
1188.442053,4.296999607843183
1188.442054,4.297
1188.44465,4.300335860000049
1188.63945,4.550653859999976
1188.64205,4.553994860000013
1188.642051,4.553996144999864
1188.642052,4.553997430000007
1188.642053,4.5539987149998575
1188.642054,4.554
1188.83805,4.608998877551024
1188.838051,4.608999158163299
1188.838052,4.608999438775512
1188.838053,4.608999719387787
1188.838054,4.609
1188.84065,4.610258666666685
1189.03545,4.70470715151512
1189.03605,4.704998060606066
1189.036051,4.704998545454494
1189.036052,4.704999030303033
1189.036053,4.704999515151461
1189.036054,4.705
1189.2334,4.81648929129887
1189.2343,4.816997740226992
1189.234301,4.8169983051703085
1189.234302,4.816998870113496
1189.234303,4.816999435056812
1189.234304,4.817
1189.43205,4.96999690518332
1189.432051,4.9699976788875775
1189.432052,4.96999845259166
1189.432053,4.969999226295918
1189.432054,4.97
1189.43455,4.971859984996297
1189.43475,4.972009022255575
1189.62955,5.1171713128282486
1189.632,5.118997019254821
1189.632001,5.1189977644412
1189.632002,5.11899850962741
1189.632003,5.11899925481379
1189.632004,5.119
1189.82745,5.261414155414167
1189.82825,5.261997085350326
1189.828251,5.261997814012828
1189.828252,5.261998542675164
1189.828253,5.261999271337665
1189.828254,5.2620000000000005
1190.02545,5.343667030303024
1190.02625,5.343998343434348
1190.026251,5.343998757575808
1190.026252,5.343999171717174
1190.026253,5.343999585858635
1190.026254,5.344
1190.2237,5.401764781841171
1190.2245,5.401998829760407
1190.224501,5.401999122320338
1190.224502,5.401999414880203
1190.224503,5.401999707440135
1190.224504,5.402
1190.42145,5.396024394437421
1190.42225,5.39600012136536
1190.422251,5.396000091024017
1190.422252,5.39600006068268
1190.422253,5.3960000303413365
1190.422254,5.396
1190.42475,5.398809732458426
1190.61945,5.617982372539132
1190.62035,5.618995497223636
1190.620351,5.618996622917599
1190.620352,5.618997748611818
1190.620353,5.618998874305781
1190.620354,5.619
1190.8176,5.787441505811066
1190.81825,5.78799658413341
1190.818250999,5.787997438100154
1190.818252,5.787998292066705
1190.818252999,5.7879991460334494
1190.818254,5.788
1191.0161,5.637003052817784
1191.016101,5.6370022896132514
1191.016102,5.637001526408892
1191.016103,5.63700076320436
1191.016104,5.6370000000000005
1191.01875,5.636813050719143
1191.21425,5.62300028261418
1191.214251,5.623000211960644
1191.214252,5.623000141307091
1191.214253,5.6230000706535535
1191.214254,5.623
1191.21675,5.6220298233216175
1191.4117,5.546254204946973
1191.41235,5.5460015547703145
1191.412351,5.546001166077692
1191.412352,5.546000777385157
1191.412353,5.546000388692534
1191.412354,5.546
1191.4148,5.54514760606062
1191.6095,5.477297606060647
1191.61035,5.477001393939391
1191.610351,5.477001045454583
1191.610352,5.477000696969696
1191.610353,5.477000348484888
1191.610354,5.477
1191.8075,5.504879232323216
1191.80835,5.504999434343404
1191.808351,5.5049995757575605
1191.808352,5.504999717171685
1191.808353,5.504999858585843
1191.808354,5.505
1192.0055,5.536861979797997
1192.00635,5.536999353535355
1192.006351,5.536999515151535
1192.006352,5.536999676767677
1192.006353,5.536999838383857
1192.006354,5.537
1192.20365,5.485600240480928
1192.20595,5.485001042084166
1192.205951,5.485000781563095
1192.205952,5.485000521042084
1192.205953,5.485000260521012
1192.205954,5.485
1192.40165,5.375366386554716
1192.4023,5.375002240896353
1192.402301,5.375001680672328
1192.402302,5.375001120448176
1192.402303,5.375000560224152
1192.402304,5.375
1192.4048,5.37498740665994
1192.5995,5.374005065590314
1192.6005,5.3740000201816365
1192.600501,5.374000015136227
1192.600502,5.374000010090818
1192.600503,5.37400000504541
1192.600504,5.3740000000000006
1192.7975,5.20971220621674
1192.79835,5.209003335860492
1192.798351,5.209002501895275
1192.798352,5.209001667930247
1192.798353,5.209000833965029
1192.798354,5.2090000000000005
1192.9955,5.199050668685337
1192.9965,5.199000201867271
1192.996501,5.199000151400459
1192.996502,5.199000100933636
1192.996503,5.199000050466824
1192.996504,5.199
1193.1935,5.159212875536494
1193.19455,5.159000807876796
1193.194551,5.15900060590762
1193.194552,5.159000403938398
1193.194553,5.159000201969222
1193.194554,5.159
1193.39155,5.043500702552508
1193.3924,5.043002345211013
1193.392401,5.043001758908326
1193.392402,5.043001172605506
1193.392403,5.04300058630282
1193.392404,5.043
1193.39485,5.041531042139814
1193.5899,4.924392763058254
1193.59055,4.924002402220534
1193.590551,4.924001801665333
1193.590552,4.924001201110268
1193.590553,4.924000600555066
1193.590554,4.924
1193.7878,4.938950429509841
1193.78845,4.938999696816557
1193.788451,4.938999772612423
1193.788452,4.938999848408288
1193.788453,4.938999924204135
1193.788454,4.939
1193.98555,4.939
1193.9863,4.939
1193.986301,4.939
1193.986302,4.939
1193.986303,4.939
1193.986304,4.939
1194.18375,4.955931056746532
1194.18455,4.95599965699874
1194.184551,4.955999742749046
1194.184552,4.955999828499371
1194.184553,4.955999914249675
1194.184554,4.956
1194.3828,4.899230233609651
1194.3836,4.899001145440841
1194.383601,4.899000859080599
1194.383602,4.89900057272042
1194.383603,4.899000286360177
1194.383604,4.899
1194.3862,4.897075572480296
1194.57955,4.753744270119294
1194.58055,4.753002965219592
1194.580551,4.753002223914778
1194.580552,4.753001482609796
1194.580553,4.753000741304982
1194.580554,4.753
1194.7777,4.714168212121236
1194.77855,4.714000787878787
1194.778551,4.714000590909112
1194.778552,4.7140003939393935
1194.778553,4.714000196969719
1194.778554,4.714
1194.97645,4.772998807478527
1194.976451,4.772999105608929
1194.976452,4.772999403739264
1194.976453,4.772999701869665
1194.976454,4.773
1194.97665,4.7729871378091895
1195.17455,4.760000262493689
1195.174551,4.7600001968702745
1195.174552,4.760000131246844
1195.174553,4.76000006562343
1195.174554,4.76
1195.37285,4.884339102081865
1195.3739,4.884997491848514
1195.373901,4.884998118886457
1195.373902,4.884998745924257
1195.373903,4.884999372962199
1195.373904,4.885
1195.3764,4.882068754448325
1195.56995,4.654768042704823
1195.5706,4.654004697509152
1195.570601,4.654003523131797
1195.570602,4.654002348754442
1195.570602999,4.654001174377354
1195.570604,4.654
1195.76755,4.605260838383856
1195.7686,4.605000989898988
1195.768601,4.605000742424213
1195.768602,4.605000494949494
1195.768603,4.605000247474719
1195.768604,4.605
1195.96555,4.494674458743329
1195.96675,4.494002240726716
1195.966751,4.494001680544973
1195.966752,4.494001120363358
1195.966753,4.494000560181616
1195.966754,4.494
1196.1637,4.413370098559511
1196.1646,4.413001637604242
1196.164601,4.413001228203135
1196.164602,4.413000818802121
1196.164603,4.413000409401014
1196.164604,4.413
1196.36155,4.308558939393975
1196.3626,4.308002121212116
1196.362601,4.308001590909147
1196.362602,4.308001060606058
1196.362603,4.308000530303089
1196.362604,4.308
1196.3651,4.306840242424212
1196.5596,4.21646650505049
1196.5606,4.216001858585854
1196.560601,4.2160013939393375
1196.560602,4.216000929292927
1196.560603,4.21600046464641
1196.560604,4.216
1196.7576,4.224472946236564
1196.95585,4.23299982795699
1196.955851,4.232999870967747
1196.955852,4.232999913978494
1196.955853,4.232999956989252
1196.955854,4.233
1196.9586,4.231737949494897
1197.15385,4.142001838383834
1197.153851,4.142001378787928
1197.153852,4.142000919191918
1197.153853,4.142000459596011
1197.153854,4.142
1197.1566,4.140171166750199
1197.35355,4.009002663995988
1197.353551,4.009001997996915
1197.353552,4.009001331997994
1197.353553,4.009000665998921
1197.353554,4.009
1197.3563,4.010776576668439
1197.54985,4.135997412124306
1197.549851,4.135998059093303
1197.549852,4.1359987060621535
1197.549853,4.13599935303115
1197.549854,4.136
1197.5524,4.137176158674338
1197.55275,4.137337845844825
1197.749,4.227998152146627
1197.749001,4.227998614110023
1197.749002,4.2279990760733135
1197.749003,4.227999538036709
1197.749004,4.228
1197.75175,4.229227262569883
1197.9459,4.315998212290507
1197.945901,4.315998659217829
1197.945902,4.315999106145253
1197.945903,4.315999553072576
1197.945904,4.316
1197.9486,4.315278343434339
1198.1439,4.263001070707068
1198.143901,4.263000803030271
1198.143902,4.263000535353534
1198.143903,4.263000267676737
1198.143904,4.263
1198.14665,4.264244724250871
1198.34245,4.352998186854701
1198.342451,4.352998640141077
1198.342452,4.35299909342735
1198.342453,4.352999546713726
1198.342454,4.353
1198.3452,4.3534728488225065
1198.5399,4.386999311218032
1198.539901,4.386999483413504
1198.539902,4.386999655609016
1198.539903,4.386999827804488
1198.539904,4.3870000000000005
1198.5424,4.389975030302839
1198.5428,4.390451797979758
1198.7379,4.622995232323245
1198.737901,4.622996424242569
1198.737902,4.622997616161622
1198.737903,4.622998808080947
1198.737904,4.623
1198.74265,4.6280096666667365
1198.9359,4.831995777777788
1198.935901,4.831996833333221
1198.935902,4.831997888888894
1198.935903,4.831998944444327
1198.935904,4.832
1198.93865,4.832180110998984
1199.1341,4.844999737638749
1199.134101,4.844999803229054
1199.134102,4.844999868819374
1199.134103,4.84499993440968
1199.134104,4.845
1199.13675,4.847860540540447
1199.33205,5.058995675675686
1199.332051,5.058996756756642
1199.332052,5.058997837837843
1199.332053,5.058998918918799
1199.332054,5.059
1199.33495,5.060331998989117
1199.5299,5.149998160222395
1199.529901,5.149998620166745
1199.529902,5.149999080111198
1199.529903,5.149999540055547
1199.529904,5.15
1199.53245,5.151708035308913
1199.53295,5.152043470365576
1199.72815,5.282997316519553
1199.728151,5.282997987389589
1199.728152,5.2829986582597765
1199.728153,5.2829993291298125
1199.728154,5.283
1199.73255,5.2885352920354505
1199.9259,5.53199496333756
1199.925901,5.531996222503027
1199.925902,5.53199748166878
1199.925903,5.531998740834247
1199.925904,5.532
1199.92865,5.533511305225892
1200.12395,5.640997798535729
1200.123951,5.640998348901734
1200.123952,5.640998899267864
1200.123953,5.64099944963387
1200.123954,5.641
1200.12665,5.642957536304468
1200.32365,5.785997095643473
1200.323651,5.785997821732687
1200.323652,5.785998547821737
1200.323653,5.785999273910951
1200.323654,5.7860000000000005
1200.32615,5.787666119745265
1200.5199,5.916997329936312
1200.519901,5.916997997452159
1200.519902,5.9169986649681565
1200.519903,5.916999332484002
1200.519904,5.917
1200.52245,5.920647233291212
1200.5232,5.921721634299933
1200.71815,6.200994269861301
1200.718151,6.200995702395813
1200.718152,6.200997134930651
1200.718153,6.200998567465163
1200.718154,6.2010000000000005
1200.72255,6.201244222222225
1200.91615,6.211999777777765
1200.916151,6.211999833333327
1200.916152,6.211999888888876
1200.916153,6.211999944444438
1200.916154,6.212
1200.9187,6.211124732052599
1201.11395,6.144001375126387
1201.113951,6.144001031344829
1201.113952,6.144000687563193
1201.113953,6.144000343781636
1201.113954,6.144
1201.11665,6.146510418022542
1201.3137,6.32999627534419
1201.313701,6.329997206508036
1201.313702,6.329998137672095
1201.313703,6.329999068835941
1201.313704,6.33
1201.31625,6.326367490445947
1201.50995,6.050005707006354
1201.509951,6.050004280254604
1201.509952,6.050002853503178
1201.509953,6.050001426751426
1201.509954,6.05
1201.5125,6.050950335435034
1201.51285,6.051080978562408
1201.7082,6.123998506935692
1201.708201,6.123998880201811
1201.708202,6.123999253467846
1201.708203,6.123999626733966
1201.708204,6.1240000000000006
1201.7107,6.125336242424277
1201.9062,6.229997858585865
1201.906201,6.229998393939337
1201.906202,6.2299989292929325
1201.906203,6.229999464646527
1201.906204,6.23
1201.9087,6.230327757575767
1202.1042,6.255999474747476
1202.104201,6.255999606060592
1202.104202,6.255999737373738
1202.104203,6.255999868686854
1202.104204,6.256
1202.1067,6.25573527272729
1202.3022,6.235000424242424
1202.302201,6.235000318181806
1202.302202,6.235000212121212
1202.302203,6.235000106060594
1202.302204,6.235
1202.3047,6.234508363636351
1202.5002,6.196000787878786
1202.500201,6.196000590909112
1202.500202,6.196000393939393
1202.500203,6.196000196969719
1202.500204,6.196
1202.5027,6.195344484848468
1202.50325,6.195200040404029
1202.6982,6.144001050505048
1202.698201,6.144000787878756
1202.698202,6.144000525252524
1202.698203,6.144000262626232
1202.698204,6.144
1202.7007,6.144239515151521
1202.8962,6.162999616161617
1202.896201,6.162999712121202
1202.896202,6.162999808080809
1202.896203,6.162999904040394
1202.896204,6.163
1202.90045,6.159783333333361
1203.0942,6.013003030303023
1203.094200999,6.013002272727353
1203.094202,6.013001515151511
1203.094203,6.013000757575842
1203.094204,6.013
1203.096849999,6.011690363636405
1203.2922,5.915001979797975
1203.292201,5.915001484848425
1203.292202,5.915000989898988
1203.292203,5.915000494949437
1203.292204,5.915
1203.29475,5.913266119178811
1203.4919,5.779002724086122
1203.491901,5.779002043064669
1203.491902,5.779001362043061
1203.491903,5.779000681021608
1203.491904,5.779
1203.49425,5.780552061068694
1203.49455,5.780750534351087
1203.68775,5.908567328244164
1203.6884,5.908997353689574
1203.688401,5.908998015267105
1203.688401999,5.908998676844787
1203.688402999,5.908999338422318
1203.688403999,5.909
1203.8862,5.845001294236599
1203.886201,5.845000970677486
1203.886202,5.845000647118299
1203.886203,5.845000323559186
1203.886204,5.845
1203.8906,5.846265515151527
1204.0842,5.901998848484786
1204.084201,5.901999136363606
1204.084202,5.901999424242426
1204.084203,5.901999712121181
1204.084204,5.902
1204.08445,5.902013666666657
1204.2822,5.912999777777778
1204.282201,5.91299983333334
1204.282202,5.91299988888889
1204.282203,5.912999944444451
1204.282204,5.913
1204.28475,5.911135505050551
1204.4802,5.768002929292922
1204.480201,5.768002196969775
1204.480202,5.768001464646461
1204.480203,5.768000732323314
1204.480204,5.768
1204.4815,5.768241937436915
1204.4829,5.7685032896064605
1204.67775,5.804877911200776
1204.6784,5.804999253279475
1204.678401,5.804999439959617
1204.678402,5.804999626639758
1204.678403,5.804999813319858
1204.678404,5.805
1204.8762,6.044995146612752
1204.876201,6.044996359959426
1204.876202,6.044997573306376
1204.876203,6.04499878665305
1204.876204,6.045
1204.88085,6.040569656912338
1205.073749999,5.856623642785225
1205.0744,5.856003814328951
1205.074401,5.8560028607468215
1205.074402,5.856001907164475
1205.074402999,5.856000953582346
1205.074404,5.856
1205.27175,5.595862090909013
1205.2724,5.595005272727259
1205.272401,5.595003954545295
1205.272402,5.595002636363629
1205.272403,5.595001318181665
1205.272404,5.595
1205.47025,5.694997978266369
1205.470251,5.694998483699834
1205.470252,5.694998989133184
1205.470253,5.69499949456665
1205.470254,5.695
1205.4705,5.695023588190771
1205.4749,5.695445490789815
1205.66775,5.713937289931876
1205.6684,5.713999616452184
1205.668401,5.713999712339149
1205.668402,5.7139998082260925
1205.668403,5.713999904113058
1205.668404,5.714
1205.86575,5.734930636363643
1205.8664,5.734999575757577
1205.866401,5.734999681818195
1205.866402,5.734999787878789
1205.866403,5.734999893939406
1205.866404,5.735
1206.0638,5.474796181818269
1206.0644,5.47400527272726
1206.064401,5.474003954545594
1206.064402,5.47400263636363
1206.064402999,5.474001318181965
1206.064404,5.474
1206.26175,5.565696121212149
1206.2624,5.565998141414146
1206.262401,5.565998606060663
1206.262402,5.565999070707073
1206.262403,5.56599953535359
1206.262404,5.566
1206.45975,5.376866380832274
1206.46065,5.376003833543496
1206.460651,5.376002875157731
1206.460652,5.376001916771749
1206.460653,5.376000958385983
1206.460654,5.376
1206.4632,5.374390644753515
1206.65775,5.251413400758497
1206.6584,5.251002528445
1206.658401,5.251001896333678
1206.658402,5.2510012642225
1206.658403,5.251000632111179
1206.658404,5.251
1206.85575,5.281889805604639
1206.85645,5.2819993738954825
1206.856451,5.2819995304215945
1206.856452,5.281999686947741
1206.856453,5.281999843473852
1206.856454,5.282
1207.05445,5.229001070707068
1207.054451,5.229000803030271
1207.054452,5.229000535353534
1207.054453,5.229000267676737
1207.054454,5.229
1207.05915,5.223829656565695
1207.2518,5.011720060605994
1207.25245,5.011004404040393
1207.252451,5.01100330303042
1207.252452,5.0110022020201965
1207.252453,5.011001101010224
1207.252454,5.011
1207.4498,4.937337432534676
1207.4507,4.937001493064309
1207.450701,4.93700111979819
1207.450702,4.937000746532155
1207.450703,4.937000373266035
1207.450704,4.937
1207.4532,4.939789461441285
1207.64845,5.157995529709241
1207.648451,5.157996647281803
1207.648452,5.1579977648546205
1207.648453,5.157998882427183
1207.648454,5.158
1207.6512,5.156127727272804
1207.8458,5.023445909091023
1207.84645,5.02300272727272
1207.846451,5.023002045454618
1207.846452,5.02300136363636
1207.846453,5.0230006818182575
1207.846454,5.023
1208.0446,4.817004158465799
1208.044601,4.817003118849467
1208.044602,4.817002079232899
1208.044603,4.817001039616568
1208.044604,4.817
1208.04735,4.816417073540585
1208.2418,4.775138832448861
1208.24245,4.7750008491281255
1208.242451,4.775000636846118
1208.242452,4.775000424564063
1208.242453,4.775000212282055
1208.242454,4.775
1208.4398,4.775996445342085
1208.4405,4.77599997980308
1208.440501,4.77599998485231
1208.440502,4.77599998990154
1208.440503,4.775999994950769
1208.440504,4.776
1208.44315,4.774130978809345
1208.6387,4.636002825428853
1208.638701,4.63600211907172
1208.638702,4.6360014127144265
1208.638703,4.636000706357294
1208.638704,4.636
1208.6431,4.6328219009099785
1208.8358,4.493508958544014
1208.8365,4.493002891809902
1208.836501,4.493002168857345
1208.836502,4.493001445904951
1208.836503,4.493000722952393
1208.836504,4.493
1209.03385,4.435220757193379
1209.0346,4.435001171125692
1209.034601,4.435000878344302
1209.034602,4.435000585562846
1209.034603,4.4350002927814565
1209.034604,4.4350000000000005
1209.23245,4.460894769695442
1209.23325,4.4609994764661485
1209.233251,4.4609996073495966
1209.233252,4.460999738233074
1209.233253,4.460999869116522
1209.233254,4.461
1209.42985,4.422129307984779
1209.4305,4.422000790874522
1209.430501,4.422000593155914
1209.430502,4.422000395437261
1209.430503,4.422000197718653
1209.430504,4.422
1209.43315,4.42046473259339
1209.62785,4.307495509586345
1209.628699999,4.307002320887986
1209.628700999,4.307001740666056
1209.628702,4.307001160443994
1209.628703,4.307000580222063
1209.628704,4.307
1209.82645,4.2400013552465206
1209.826451,4.240001016434852
1209.826452,4.24000067762326
1209.826453,4.240000338811591
1209.826454,4.24
1209.829,4.24089941963165
1210.02385,4.309733636134192
1210.0246,4.309998586929098
1210.024601,4.309998940196784
1210.024602,4.309999293464549
1210.024603,4.309999646732234
1210.024604,4.3100000000000005
1210.22355,4.336891324155191
1210.22435,4.336999459324156
1210.224351,4.3369995944931015
1210.224352,4.336999729662078
1210.224353,4.336999864831023
1210.224354,4.337
1210.41985,4.16081470468431
1210.42075,4.160003604887975
1210.420751,4.160002703666083
1210.420752,4.160001802443987
1210.420753,4.160000901222096
1210.420754,4.16
1210.42315,4.159455179383558
1210.618,4.115148711470426
1210.61865,4.115000909550276
1210.618651,4.115000682162681
1210.618652,4.115000454775138
1210.618653,4.115000227387544
1210.618654,4.115
1210.81585,4.038351378091869
1210.81675,4.0380015547703145
1210.816750999,4.03800116607778
1210.816752,4.038000777385157
1210.816752999,4.038000388692623
1210.816754,4.038
1211.0141,3.9134128787878417
1211.01475,3.9130025252525193
1211.014751,3.9130018939393176
1211.014752,3.91300126262626
1211.014753,3.913000631313058
1211.014754,3.913
1211.2119,4.046489459322793
1211.21265,4.046997291561401
1211.212651,4.046997968670974
1211.212652,4.0469986457807
1211.212653,4.046999322890273
1211.212654,4.047
1211.4099,3.9523617676767273
1211.41065,3.952001919191914
1211.410651,3.952001439393882
1211.410652,3.952000959595957
1211.410653,3.952000479797924
1211.410654,3.952
1211.4134,3.950474444444381
1211.60805,3.842335555555593
1211.60865,3.842002222222217
1211.608651,3.8420016666667256
1211.608652,3.842001111111109
1211.608653,3.842000555555491
1211.608654,3.842
1211.806,3.599802636363842
1211.80665,3.5990049090908967
1211.806651,3.599003681818312
1211.806652,3.5990024545454484
1211.806653,3.599001227272864
1211.806654,3.599
1212.004,3.47656086759142
1212.0049,3.476002481715
1212.004901,3.4760018612863206
1212.004902,3.4760012408575
1212.004903,3.4760006204288203
1212.004904,3.476
1212.2019,3.4660381289507027
1212.20265,3.4660002022756
1212.202651,3.466000151706706
1212.202652,3.4660001011378
1212.202653,3.466000050568906
1212.202654,3.466
1212.4001,3.4540426343679056
1212.4008,3.4540002422407263
1212.400801,3.454000181680538
1212.400802,3.4540001211203637
1212.400803,3.454000060560175
1212.400804,3.454
1212.40345,3.4529039050265578
1212.5979,3.3723537661025054
1212.59875,3.3720016569840827
1212.598751,3.3720012427380146
1212.598752,3.372000828492041
1212.598753,3.3720004142459734
1212.598754,3.372
1212.7968,3.2040033930825467
1212.796801,3.204002544811813
1212.796802,3.204001696541273
1212.796803,3.20400084827054
1212.796804,3.204
1212.7993,3.2026521725964843
1212.9939,3.097569154680833
1212.99495,3.0970021599799304
1212.994951,3.0970016199849173
1212.994952,3.0970010799900267
1212.994953,3.097000539995013
1212.994954,3.097
1213.1919,3.230305139132583
1213.1944,3.231997292554532
1213.194401,3.231997969415976
1213.194402,3.2319986462772663
1213.194403,3.23199932313871
1213.194404,3.232
1213.3899,3.359345994910963
1213.3909,3.359997394402042
1213.390901,3.3599980458016057
1213.390902,3.359998697201021
1213.390903,3.3599993486005846
1213.390904,3.36
1213.39345,3.358572696969732
1213.5879,3.2495628484848296
1213.5889,3.249002242424237
1213.588901,3.249001681818241
1213.588902,3.2490011212121184
1213.588903,3.249000560606123
1213.588904,3.249
1213.7859,3.271894936836788
1213.7868,3.271999535118748
1213.786801,3.2719996513390743
1213.786802,3.2719997675593744
1213.786803,3.2719998837797006
1213.786804,3.272
1213.98415,3.2530723170116023
1213.9849,3.253000383644623
1213.984901,3.253000287733478
1213.984902,3.2530001918223115
1213.984903,3.2530000959111667
1213.984904,3.253
1214.18195,3.530585629891489
1214.18295,3.531994365059343
1214.182951,3.5319957737946672
1214.182952,3.5319971825296714
1214.182953,3.531998591264996
1214.182954,3.532
1214.38185,3.669547722375386
1214.3825,3.669997233776003
1214.382501,3.669997925331924
1214.382502,3.669998616888001
1214.382503,3.669999308443922
1214.382504,3.67
1214.38515,3.6709697734792255
1214.57805,3.741668679053197
1214.57895,3.741998533978115
1214.578951,3.741998900483628
1214.578952,3.7419992669890574
1214.578953,3.7419996334945695
1214.578954,3.742
1214.7761,3.670238058645157
1214.77675,3.6700014560161742
1214.776751,3.670001092012172
1214.776752,3.670000728008087
1214.776753,3.670000364004085
1214.776754,3.67
1214.9741,3.8701339354188793
1214.97495,3.870995943491433
1214.974951,3.87099695761869
1214.974952,3.870997971745717
1214.974953,3.8709989858729736
1214.974954,3.871
1215.17195,3.909802242424249
1215.17295,3.9099992121212144
1215.172951,3.909999409090888
1215.172952,3.909999606060607
1215.172953,3.9099998030303262
1215.172954,3.91
1215.36995,3.7795324772497594
1215.37075,3.7790026491405393
1215.370751,3.779001986855329
1215.370752,3.779001324570269
1215.370753,3.77900066228506
1215.370754,3.779
1215.3755,3.774713753783996
1215.56795,3.6009067406659634
1215.56895,3.6000036125126043
1215.568951,3.6000027093843507
1215.568952,3.6000018062563024
1215.568953,3.6000009031280484
1215.568954,3.6
1215.76595,3.7780923434343743
1215.76695,3.778996383838393
1215.766951,3.778997287878692
1215.766952,3.7789981919191966
1215.766953,3.7789990959594952
1215.766954,3.779
1215.96395,3.7700524148372474
1215.9651,3.770000181680544
1215.965101,3.770000136260403
1215.965102,3.770000090840272
1215.965103,3.770000045420131
1215.965104,3.77
1216.1621,3.713260373926288
1216.163,3.713001152097082
1216.163001,3.7130008640727943
1216.163002,3.713000576048508
1216.163003,3.713000288024287
1216.163004,3.713
1216.36,3.689336816816813
1216.3628,3.68900048048048
1216.362801,3.689000360360346
1216.362802,3.68900024024024
1216.362803,3.6890001201201055
1216.362804,3.689
1216.3653,3.68830030581038
1216.558,3.6342814475025382
1216.559,3.634001121304788
1216.559001,3.634000840978623
1216.559002,3.634000560652394
1216.559003,3.634000280326229
1216.559004,3.634
1216.75635,3.5805755294117896
1216.95425,3.5270010828589475
1216.954251,3.5270008121442413
1216.954252,3.527000541429474
1216.954253,3.527000270714768
1216.954254,3.527
1216.957,3.528345262626209
1217.15225,3.623998040404045
1217.152251,3.6239985303030897
1217.152252,3.623999020202023
1217.152253,3.623999510101067
1217.152254,3.624
1217.155,3.62325109090906
1217.35025,3.570001090909088
1217.350251,3.5700008181818474
1217.350252,3.5700005454545445
1217.350253,3.5700002727273032
1217.350254,3.5700000000000003
1217.35485,3.5712534545454537
1217.54825,3.623998909090912
1217.548251,3.623999181818215
1217.548252,3.623999454545456
1217.548253,3.623999727272759
1217.548254,3.624
1217.5508,3.623151333333279
1217.5513,3.6229846666666536
1217.74625,3.5580013333333302
1217.746251,3.5580010000000355
1217.746252,3.5580006666666653
1217.746253,3.5580003333333705
1217.746254,3.5580000000000003
1217.7493,3.5567846767676614
1217.94425,3.4790015959596827
1217.944251,3.4790011969697394
1217.944252,3.479000797979796
1217.944253,3.4790003989899434
1217.944254,3.479
1217.9473,3.477340640605397
1218.1425,3.371002179066829
1218.142501,3.371001634300184
1218.142502,3.3710010895334146
1218.142503,3.371000544766769
1218.142504,3.371
1218.145,3.369447494310959
1218.34025,3.24800248798988
1218.340251,3.2480018659924808
1218.340252,3.24800124399494
1218.340253,3.248000621997541
1218.340254,3.248
1218.3434,3.24831777777778
1218.53825,3.2679995959595973
1218.538251,3.2679996969697096
1218.538252,3.267999797979799
1218.538253,3.267999898989911
1218.538254,3.268
1218.54295,3.2670515526382293
1218.5431,3.2670212572582598
1218.7363,3.2280008078767968
1218.736301,3.228000605907575
1218.736302,3.2280004039383985
1218.736303,3.2280002019691763
1218.736304,3.228
1218.739,3.2275915151515133
1218.9343,3.1980006060606043
1218.934301,3.198000454545436
1218.934302,3.198000303030302
1218.934303,3.1980001515151337
1218.934304,3.198
1218.93715,3.197813329969722
1219.1325,3.1850002623612506
1219.132501,3.1850001967709454
1219.132502,3.185000131180625
1219.132503,3.1850000655903203
1219.132504,3.185
1219.13685,3.1827149443883007
1219.3303,3.081002103134474
1219.330301,3.081001577350796
1219.330302,3.081001051567237
1219.330303,3.081000525783559
1219.330304,3.081
1219.33305,3.07933785624205
1219.52855,2.961002421185366
1219.528551,2.961001815889093
1219.528552,2.961001210592683
1219.528553,2.96100060529641
1219.528554,2.961
1219.53105,2.958970424242555
1219.53135,2.958726484848492
1219.72655,2.8000032525252445
1219.726551,2.800002439393841
1219.726552,2.8000016262626226
1219.726553,2.800000813131219
1219.726554,2.8000000000000003
1219.72905,2.798813532237644
1219.9243,2.70600190139064
1219.924301,2.706001426043034
1219.924302,2.70600095069532
1219.924303,2.706000475347714
1219.924304,2.706
1219.92705,2.706845136226
1220.1225,2.7669987689202857
1220.122501,2.7669990766901797
1220.122502,2.7669993844601426
1220.122503,2.766999692230036
1220.122504,2.767
1220.12505,2.7653524368048923
1220.3203,2.639002588473199
1220.320301,2.6390019413548256
1220.320302,2.6390012942365995
1220.320303,2.6390006471182264
1220.320304,2.639
1220.32305,2.637696343434289
1220.5183,2.545001898989894
1220.518301,2.5450014242424746
1220.518302,2.545000949494947
1220.518303,2.5450004747475274
1220.518304,2.545
1220.52105,2.5426778884164065
1220.5212,2.542551043282492
1220.71815,2.376003382536894
1220.718151,2.3760025369027664
1220.718152,2.376001691268447
1220.718153,2.37600084563432
1220.718154,2.376
1220.7207,2.376570386965363
1220.91455,2.419999103869656
1220.914551,2.4199993279022163
1220.914552,2.419999551934828
1220.914553,2.4199997759673884
1220.914554,2.42
1220.9172,2.418703727272769
1221.11255,2.323001959595955
1221.112551,2.3230014696969103
1221.112552,2.3230009797979774
1221.112553,2.323000489898933
1221.112554,2.323
1221.1151,2.321392676767573
1221.31055,2.198002525252519
1221.310551,2.1980018939394608
1221.310552,2.1980012626262595
1221.310553,2.198000631313201
1221.310554,2.198
1221.315,2.1936618907988663
1221.50835,2.005003902932245
1221.508351,2.005002927199073
1221.508352,2.0050019514661224
1221.508353,2.0050009757329503
1221.508354,2.005
1221.51105,2.004306276488392
1221.5112,2.004267679111985
1221.70655,1.954001029263368
1221.706551,1.9540007719474968
1221.706552,1.954000514631684
1221.706553,1.9540002573158128
1221.706554,1.954
1221.7091,1.9533704062579005
1221.9041,1.905149361594712
1221.9047,1.905000989149632
1221.904701,1.905000741862196
1221.904702,1.905000494574816
1221.904703,1.90500024728738
1221.904704,1.905
1222.10255,1.8590009299974704
1222.102551,1.8590006974980764
1222.102552,1.8590004649987355
1222.102553,1.859000232499341
1222.102554,1.859
1222.1051,1.85957849028027
1222.3006,1.903999091138604
1222.300601,1.9039993183539787
1222.300602,1.903999545569302
1222.300603,1.903999772784677
1222.300604,1.904
1222.30315,1.9015844158464257
1222.49805,1.7166679384305208
1222.49875,1.7160037951047091
1222.498751,1.7160028463286396
1222.498752,1.7160018975523543
1222.498753,1.716000948776285
1222.498754,1.716
1222.50125,1.7161261561789152
1222.6966,1.7259997978266368
1222.696601,1.725999848369972
1222.696602,1.7259998989133185
1222.696603,1.7259999494566534
1222.696604,1.726
1222.69945,1.7242190058037692
1222.8941,1.60240926570776
1222.89475,1.6020025031541698
1222.894751,1.6020018773656983
1222.894752,1.602001251577085
1222.894753,1.6020006257886137
1222.894754,1.602
1223.0926,1.4710026484710572
1223.092601,1.4710019863533683
1223.092602,1.4710013242355289
1223.092602999,1.4710006621178398
1223.092604,1.471
1223.0951,1.4692981818181368
1223.2906,1.3360027272727204
1223.290601,1.3360020454544628
1223.290602,1.3360013636363604
1223.290603,1.3360006818181027
1223.290604,1.336
1223.2935,1.3313049696966612
1223.4886,1.0150064848484686
1223.488601,1.015004863636536
1223.488602,1.0150032424242343
1223.488603,1.0150016212123014
1223.488604,1.015
1223.4931,1.0124341010100923
1223.49335,1.0122914242423866
1223.6866,0.9020022828282772
1223.686601,0.9020017121212728
1223.686602,0.9020011414141386
1223.686603,0.902000570707134
1223.686604,0.902
1223.689099999,0.902275317122068
1223.88605,0.9239995587866644
1223.886051,0.923999669090011
1223.886052,0.9239997793933322
1223.886053,0.9239998896966788
1223.886054,0.924
1223.8888,0.9226039654295292
1224.0821,0.8243324860192887
1224.082749999,0.8240020335536299
1224.082751,0.8240015251651647
1224.082752,0.824001016776815
1224.082753,0.8240005083883497
1224.082753999,0.8240000000000001
1224.2806,0.5550054384634688
1224.280601,0.5550040788474471
1224.280602,0.5550027192317344
1224.280603,0.5550013596157126
1224.280604,0.555
1224.2831,0.5522607166123076
1224.48015,0.3360043898772127
1224.480151,0.3360032924077847
1224.480152,0.3360021949386064
1224.480153,0.3360010974691784
1224.480154,0.336
1224.48035,0.3358474669379763
1224.48275,0.3339797151576497
1224.67675,0.1830031129196259
1224.676751,0.1830023346896309
1224.676752,0.1830015564598129
1224.676753,0.183000778229818
1224.676754,0.183
1224.6794,0.1823186266094057
1224.87415,0.132168412017152
1224.8748,0.1320010300429158
1224.874801,0.1320007725321576
1224.874802,0.1320005150214579
1224.874803,0.1320002575106997
1224.874804,0.132
1225.07215,0.0492741515151264
1225.072799999,0.0490016767676725
1225.072801,0.049001257575802
1225.072802,0.0490008383838362
1225.072803,0.0490004191919657
1225.072803999,0.049
1225.2708,0.175997434343295
1225.270801,0.1759980757575077
1225.270802,0.1759987171717204
1225.270803,0.1759993585857873
1225.270804,0.176
1225.27345,0.178539732255537
1225.46815,0.3654202576407543
1225.46875,0.3659961606466376
1225.468751,0.3659971204848691
1225.468752,0.3659980803233188
1225.468753,0.3659990401615502
1225.468754,0.366
1225.47125,0.3678526230748606
1225.66615,0.5125145771268635
1225.6668,0.512997031052772
1225.666801,0.5129977732894946
1225.666802,0.512998515526386
1225.666803,0.5129992577631086
1225.666804,0.513
1225.86475,0.6719967870674495
1225.864751,0.6719975903004958
1225.864752,0.6719983935337247
1225.864753,0.6719991967667711
1225.864754,0.672
1225.8692,0.6732795859631168
1226.06215,0.7288117748043594
1226.0628,0.7289988487755646
1226.062800999,0.7289991365816407
1226.062802,0.7289994243877823
1226.062803,0.7289997121938584
1226.062804,0.729
1226.26015,0.8954483939394438
1226.2608,0.8959966262626348
1226.260801,0.895997469697072
1226.260802,0.8959983131313174
1226.260803,0.8959991565657546
1226.260804,0.896
1226.4588,0.9989979191919244
1226.458801,0.9989984393940023
1226.458802,0.9989989595959622
1226.458803,0.9989994797980404
1226.458804,0.999
1226.46325,1.0023008181817543
1226.4635,1.0024864242423983
1226.6562,1.1455515757575263
1226.6568,1.145997030303038
1226.656801,1.1459977727271942
1226.656802,1.145998515151519
1226.656803,1.1459992575756752
1226.656804,1.146
1226.8542,1.051289797979721
1226.8548,1.0510019191919142
1226.854801,1.0510014393938811
1226.854802,1.051000959595957
1226.854803,1.051000479797924
1226.854804,1.051
1227.05335,1.0041543072289016
1227.054,1.004000943775098
1227.054001,1.0040007078312967
1227.054002,1.004000471887549
1227.054003,1.0040002359437477
1227.054004,1.004
1227.2508,0.919001727642272
1227.250801,0.919001295731655
1227.250802,0.919000863821136
1227.250803,0.919000431910519
1227.250804,0.919
1227.25335,0.9196167448902745
1227.44835,0.9668536866010438
1227.44895,0.9669990310370956
1227.448951,0.966999273277794
1227.448952,0.9669995155185478
1227.448953,0.9669997577592464
1227.448954,0.967
1227.4515,0.9655462455786094
1227.64615,0.8544019807984069
1227.64685,0.8540022839818032
1227.646851,0.8540017129862875
1227.646852,0.8540011419909016
1227.646853,0.8540005709953858
1227.646854,0.854
1227.8442,0.8211256032306775
1227.84495,0.8210006663301347
1227.844951,0.8210004997476199
1227.844952,0.8210003331650674
1227.844953,0.8210001665825527
1227.844954,0.8210000000000001
1228.0426,0.8688055328798695
1228.0434,0.868999032501892
1228.043401,0.8689992743764465
1228.043402,0.8689995162509461
1228.043403,0.8689997581255005
1228.043404,0.869
1228.2402,0.5799605469738294
1228.24085,0.5790058749050244
1228.240851,0.5790044061789352
1228.240852,0.5790029374525121
1228.240853,0.5790014687264231
1228.240854,0.579
1228.4382,0.3978299016393367
1228.4391,0.3970036721311383
1228.439101,0.3970027540982493
1228.439102,0.3970018360655691
1228.439103,0.3970009180326802
1228.439104,0.397
1228.4415,0.3964063008849336
1228.6362,0.3481620530973304
1228.63685,0.34800099115044
1228.636851,0.3480007433628018
1228.636852,0.34800049557522
1228.636853,0.3480002477875819
1228.636854,0.348
1228.8342,0.2663327176381598
1228.835,0.2660016553116284
1228.835001,0.2660012414836743
1228.835002,0.2660008276558142
1228.835003,0.2660004138278601
1228.835004,0.266
1229.0322,0.5119970303030102
1229.033,0.5129950101010228
1229.033001,0.5129962575756253
1229.033002,0.5129975050505113
1229.033003,0.5129987525251138
1229.033004,0.513
1229.2302,0.3266652248608657
1229.2309,0.3260037796867009
1229.230901,0.3260028347649183
1229.230902,0.3260018898433505
1229.230903,0.3260009449215678
1229.230904,0.326
1229.4291,0.5509954591322013
1229.429101,0.55099659434928
1229.429102,0.5509977295661006
1229.429103,0.5509988647831794
1229.429104,0.551
1229.43355,0.5555807272728731
1229.4337,0.5557352727272626
1229.6262,0.7540686060606154
1229.6271,0.7549958787878892
1229.627101,0.7549969090907998
1229.627102,0.7549979393939446
1229.627102999,0.7549989696968552
1229.627103999,0.755
1229.82445,0.8466961212121487
1229.825099999,0.8469981414141461
1229.825101,0.8469986060606624
1229.825101999,0.846999070707073
1229.825103,0.8469995353535893
1229.825103999,0.847
1230.0224,0.9337125637786586
1230.02305,0.9339982419802026
1230.023051,0.933998681485177
1230.023052,0.9339991209900512
1230.023053,0.9339995604950256
1230.023054,0.934
1230.2204,0.8811750606060448
1230.22105,0.881001070707068
1230.221051,0.8810008030302706
1230.221052,0.881000535353534
1230.221053,0.8810002676767366
1230.221054,0.881
1230.4184,0.8102345151515753
1230.41905,0.8100014343434307
1230.419051,0.8100010757576138
1230.419052,0.8100007171717154
1230.419053,0.8100003585858985
1230.419054,0.81
1230.42155,0.8107437575757096
1230.61625,0.8687604242424192
1230.61705,0.8689988080808111
1230.617051,0.8689991060606422
1230.617052,0.8689994040404055
1230.617053,0.8689997020202367
1230.617054,0.869
1230.81425,0.7993545913218851
1230.81525,0.7990014127144264
1230.815250999,0.7990010595357796
1230.815252,0.7990007063572132
1230.815252999,0.7990003531785664
1230.815254,0.799
1231.0134,0.7581348792756885
1231.01405,0.7580008249496961
1231.014051,0.7580006187122955
1231.014052,0.7580004124748481
1231.014053,0.7580002062374475
1231.014054,0.758
1231.21025,0.5818118112633108
1231.21115,0.5810035920852268
1231.211151,0.581002694063818
1231.211152,0.5810017960426134
1231.211153,0.5810008980212046
1231.211154,0.581
1231.40915,0.732996929292937
1231.409151,0.7329976969696155
1231.409152,0.7329984646464685
1231.409153,0.732999232323147
1231.409154,0.733
1231.41165,0.7304775138960701
1231.4118,0.7303259221830067
1231.6064,0.5336609398685608
1231.60705,0.5330040424456695
1231.607051,0.5330030318341372
1231.607052,0.5330020212228348
1231.607053,0.5330010106113026
1231.607054,0.533
1231.80425,0.5797501235813208
1231.8053,0.5799990517023983
1231.805301,0.5799992887767718
1231.805302,0.5799995258511992
1231.805303,0.5799997629255726
1231.805304,0.58
1232.00465,0.5010015851517392
1232.004651,0.5010011888637593
1232.004652,0.5010007925758696
1232.004653,0.5010003962878897
1232.004654,0.501
1232.00715,0.5002886717557068
1232.20055,0.4451721323155406
1232.20115,0.4450011399491065
1232.201151,0.4450008549617975
1232.201152,0.4450005699745533
1232.201153,0.4450002849872442
1232.201154,0.445
1232.3983,0.4350506686853377
1232.3993,0.4350002018672717
1232.399301,0.435000151400448
1232.399302,0.4350001009336359
1232.399303,0.4350000504668122
1232.399304,0.435
1232.40175,0.4360013949962873
1232.59715,0.5159983623957585
1232.597151,0.5159987717968655
1232.597152,0.5159991811978792
1232.597153,0.5159995905989861
1232.597154,0.516
1232.60145,0.5181680545041958
1232.79465,0.6156699470097566
1232.7953,0.6159979813272825
1232.795301,0.6159984859954044
1232.795302,0.6159989906636412
1232.795303,0.6159994953317632
1232.795304,0.616
1232.99245,0.597081949494939
1232.9933,0.5970003838383828
1232.993301,0.5970002878787762
1232.993302,0.5970001919191914
1232.993303,0.5970000959595848
1232.993304,0.597
1233.19105,0.57100052591656
1233.191051,0.571000394437435
1233.191052,0.5710002629582801
1233.191053,0.571000131479155
1233.191054,0.5710000000000001
1233.1936,0.5709871576292563
1233.3883,0.5700050643127363
1233.3893,0.5700000201765448
1233.389301,0.570000015132408
1233.389302,0.5700000100882724
1233.389303,0.5700000050441356
1233.389304,0.5700000000000001
1233.39175,0.5717056493179694
1233.5863,0.7073696210207239
1233.5872,0.7079972107124881
1233.587201,0.7079979080342867
1233.587202,0.707998605356244
1233.587203,0.7079993026780427
1233.587204,0.708
1233.78455,0.7368896214033108
1233.7853,0.7369994144371544
1233.785301,0.7369995608278491
1233.785302,0.7369997072185772
1233.785303,0.736999853609272
1233.785304,0.737
1233.9823,0.6743352789699786
1233.98335,0.674001272405955
1233.983351,0.6740009543045024
1233.983352,0.6740006362029775
1233.983353,0.6740003181015249
1233.983354,0.674
1234.1803,0.761838606865539
1234.1829,0.762998215985973
1234.182901,0.7629986619895304
1234.182902,0.7629991079929865
1234.182903,0.762999553996544
1234.182904,0.763
1234.3783,0.7331609569865207
1234.37935,0.733000610842452
1234.379351,0.7330004581318563
1234.379352,0.733000305421226
1234.379353,0.7330001527106303
1234.379354,0.733
1234.3819,0.7303382727273353
1234.5767,0.5266837272726654
1234.57735,0.5260041818181713
1234.577351,0.5260031363635096
1234.577352,0.5260020909090857
1234.577353,0.5260010454544239
1234.577354,0.526
1234.7743,0.6493710735032894
1234.7753,0.6499974943166106
1234.775301,0.6499981207374935
1234.775302,0.649998747158234
1234.775303,0.6499993735791171
1234.775304,0.65
1234.9723,0.4371388841202447
1234.97335,0.4360043221408626
1234.973351,0.4360032416057697
1234.973352,0.4360021610704313
1234.973353,0.4360010805353385
1234.973354,0.436
1235.17035,0.4270456363636348
1235.17135,0.4270001818181813
1235.171351,0.4270001363636308
1235.171352,0.4270000909090907
1235.171353,0.4270000454545402
1235.171354,0.427
1235.36835,0.55034008583701
1235.3694,0.5509974955819301
1235.369401,0.5509981216865187
1235.369402,0.5509987477909651
1235.369403,0.5509993738955538
1235.369404,0.551
1235.3719,0.5497012477898122
1235.56635,0.4485224147511822
1235.56735,0.4480020813336648
1235.567351,0.4480015610001895
1235.567352,0.4480010406668324
1235.567353,0.4480005203333571
1235.567354,0.448
1235.76435,0.4778252838758454
1235.7655,0.4779993943981848
1235.765501,0.4779995457986213
1235.765502,0.4779996971990924
1235.765503,0.477999848599529
1235.765504,0.478
1235.96235,0.60535045741711
1235.96335,0.6059974121809517
1235.963351,0.6059980591356402
1235.963352,0.6059987060904758
1235.963353,0.6059993530451644
1235.963354,0.606
1236.16035,0.8258793737374107
1236.16135,0.8269955353535466
1236.161351,0.8269966515152869
1236.161352,0.8269977676767734
1236.161353,0.8269988838385136
1236.161354,0.8270000000000001
1236.35835,0.8379442222222241
1236.35935,0.8379997777777783
1236.359351,0.8379998333333274
1236.359352,0.8379998888888891
1236.359353,0.8379999444444383
1236.359354,0.838
1236.3618,0.8356281212121549
1236.55655,0.6467796363636529
1236.55735,0.646003878787869
1236.557351,0.6460029090907915
1236.557352,0.6460019393939345
1236.557353,0.646000969696857
1236.557354,0.646
1236.75435,0.652478492284343
1236.95265,0.6589998684543389
1236.952651,0.6589999013407504
1236.952652,0.6589999342271694
1236.952653,0.658999967113581
1236.952654,0.659
1236.95555,0.6573033535353734
1237.15065,0.5430023434343376
1237.150651,0.5430017575756866
1237.150652,0.5430011717171688
1237.150653,0.5430005858585178
1237.150654,0.543
1237.1534,0.5439153333333715
1237.34865,0.60899866666667
1237.348651,0.6089989999999647
1237.348652,0.608999333333335
1237.348653,0.6089996666666296
1237.348654,0.609
1237.35135,0.6096127272727303
1237.54665,0.6539990909090933
1237.546651,0.6539993181817941
1237.546652,0.6539995454545466
1237.546653,0.6539997727272475
1237.546654,0.654
1237.54915,0.6487306666670066
1237.5495,0.6479917777780627
1237.74465,0.2360084444444231
1237.744651,0.2360063333330773
1237.744652,0.2360042222222115
1237.744653,0.2360021111108657
1237.744654,0.236
1237.74745,0.239261999999986
1237.94265,0.4669953333333451
1237.942651,0.4669964999998762
1237.942652,0.4669976666666726
1237.942653,0.4669988333332037
1237.942654,0.467
1237.9454,0.4668058383838462
1238.14065,0.4530002828282821
1238.140651,0.4530002121212035
1238.140652,0.4530001414141411
1238.140653,0.4530000707070625
1238.140654,0.453
1238.1437,0.4532769090909126
1238.33865,0.4709996363636373
1238.338651,0.4709997272727176
1238.338652,0.4709998181818187
1238.338653,0.470999909090899
1238.338654,0.471
1238.34135,0.4690825422446295
1238.5369,0.3300028448928049
1238.536901,0.3300021336695228
1238.536902,0.3300014224464024
1238.536903,0.3300007112231203
1238.536904,0.33
1238.53935,0.3285280707964824
1238.53945,0.3284678938052103
1238.73465,0.2110024070796399
1238.734651,0.2110018053096615
1238.734652,0.2110012035398199
1238.734653,0.2110006017698415
1238.734654,0.211
1238.7375,0.2126234124180218
1238.93275,0.3239977183240845
1238.932751,0.3239982887429985
1238.932752,0.3239988591620423
1238.932753,0.3239994295809563
1238.932754,0.324
1238.9357,0.3240595452248624
1239.13065,0.3279999191510866
1239.130651,0.3279999393633173
1239.130652,0.3279999595755433
1239.130653,0.3279999797877739
1239.130654,0.328
1239.13335,0.3276187474747456
1239.32865,0.3000005656565642
1239.328651,0.3000004242424392
1239.328652,0.3000002828282821
1239.328653,0.3000001414141571
1239.328654,0.3
1239.3315,0.3030290340480169
1239.5269,0.510995742749065
1239.526901,0.5109968070619197
1239.526902,0.5109978713745325
1239.526903,0.5109989356873872
1239.526904,0.511
1239.5294,0.508753852376081
1239.52995,0.5082589079878322
1239.7247,0.333003599595542
1239.724701,0.3330026996967588
1239.724702,0.333001799797771
1239.724703,0.3330008998989878
1239.724704,0.333
1239.72755,0.3318177277277838
1239.9245,0.2500016616616575
1239.924501,0.2500012462461958
1239.924502,0.2500008308308287
1239.924503,0.2500004154153671
1239.924504,0.25
1239.92715,0.2509700203666501
1240.1209,0.3219985336048917
1240.120901,0.3219989002037104
1240.120902,0.3219992668024458
1240.120903,0.3219996334012646
1240.120904,0.322
1240.1237,0.3220141354903943
1240.3187,0.3229999797775531
1240.318701,0.3229999848331654
1240.318702,0.3229999898887766
1240.318703,0.3229999949443888
1240.318704,0.323
1240.3216,0.3215100025219706
1240.51695,0.221002058007561
1240.516951,0.2210015435057292
1240.516952,0.2210010290037805
1240.516953,0.2210005145019487
1240.516954,0.221
1240.51945,0.222563151515193
1240.5196,0.2226570909090377
1240.71495,0.3449974949495013
1240.714951,0.3449981212121972
1240.714952,0.3449987474747507
1240.714953,0.3449993737374465
1240.714954,0.345
1240.71785,0.3443897039638331
1240.91425,0.303000842950324
1240.914251,0.303000632212719
1240.914252,0.303000421475162
1240.914253,0.303000210737557
1240.914254,0.303
1240.9168,0.3023657651245144
1241.11095,0.2540009964412786
1241.110951,0.2540007473309873
1241.110952,0.2540004982206393
1241.110953,0.2540002491103479
1241.110954,0.254
1241.11345,0.2554752816366809
1241.3089,0.3709976357666137
1241.308901,0.3709982268248931
1241.308902,0.3709988178833068
1241.308903,0.3709994089415862
1241.308904,0.371
1241.31335,0.3747265135066207
1241.50695,0.5369966473112935
1241.506951,0.5369974854833749
1241.506952,0.5369983236556468
1241.506953,0.5369991618277281
1241.506954,0.537
1241.50945,0.5366596363636583
1241.50965,0.5366323636363615
1241.70495,0.5100005454545441
1241.704951,0.5100004090908926
1241.704952,0.510000272727272
1241.704953,0.5100001363636205
1241.704954,0.51
1241.7093,0.5109872286724256
1241.90305,0.5549990913679983
1241.903051,0.5549993185260246
1241.903052,0.5549995456839991
1241.903053,0.5549997728420254
1241.903054,0.555
1241.90585,0.5590265790803259
1242.10095,0.8399942395145936
1242.100951,0.8399956796360271
1242.100952,0.8399971197571331
1242.100953,0.8399985598785665
1242.100954,0.84
1242.1035,0.8406300707070559
1242.29895,0.8889990101010126
1242.298951,0.8889992575757876
1242.298952,0.8889995050505063
1242.298953,0.8889997525252813
1242.298954,0.889
1242.3036,0.8880848787878608
1242.49695,0.8500007878787859
1242.496951,0.8500005909091117
1242.496952,0.850000393939393
1242.496953,0.8500001969697188
1242.496954,0.85
1242.4994,0.8508771010100885
1242.5,0.8510922525252677
1242.69495,0.9209985656565692
1242.694951,0.9209989242424678
1242.694951999,0.9209992828282848
1242.694952999,0.9209996414141832
1242.694953999,0.921
1242.6978,0.9193626343678524
1242.8925,0.8073474943225211
1242.8931,0.8070023012868981
1242.893101,0.807001725965239
1242.893102,0.8070011506434491
1242.893103,0.8070005753217899
1242.893104,0.807
1243.090949999,0.7550010513014884
1243.090951,0.7550007884760864
1243.090952,0.7550005256507442
1243.090953,0.7550002628253423
1243.090953999,0.755
1243.09375,0.7542378394749538
1243.28905,0.7010010903584022
1243.289051,0.7010008177687707
1243.289052,0.7010005451792011
1243.289053,0.7010002725895697
1243.289054,0.7010000000000001
1243.2916,0.7027093286218663
1243.4865,0.8335609187279553
1243.48715,0.8339973144876393
1243.487151,0.8339979858656531
1243.487152,0.8339986572438196
1243.487153,0.8339993286218335
1243.487154,0.834
1243.48965,0.8324987414707724
1243.685,0.7150024058630214
1243.685001,0.7150018043973344
1243.685002,0.7150012029315107
1243.685003,0.7150006014658237
1243.685004,0.715
1243.6893,0.719856442089404
1243.8825,0.938260681302111
1243.88315,0.9389954781731128
1243.883151,0.938996608629963
1243.883152,0.9389977390865564
1243.883153,0.9389988695434068
1243.883154,0.939
1244.0805,0.8492972727273489
1244.08115,0.8490018181818135
1244.081150999,0.8490013636364119
1244.081152,0.8490009090909068
1244.081153,0.849000454545505
1244.081154,0.849
1244.279,0.8769994339145832
1244.279001,0.8769995754359213
1244.279002,0.8769997169572916
1244.279003,0.8769998584786297
1244.279004,0.877
1244.2832,0.8767458894776765
1244.4765,0.8650396063588155
1244.47715,0.8650002422407261
1244.477151,0.8650001816805515
1244.477152,0.8650001211203631
1244.477153,0.8650000605601884
1244.477154,0.865
1244.47965,0.8648748872180418
1244.67665,0.8550002005012526
1244.676651,0.8550001503759338
1244.676652,0.8550001002506263
1244.676653,0.8550000501253074
1244.676654,0.855
1244.67915,0.8522944122136705
1244.8725,0.6427089160304698
1244.87315,0.6420043358778517
1244.873151,0.6420032519085119
1244.873152,0.6420021679389258
1244.873153,0.6420010839693396
1244.873154,0.642
1245.0705,0.486554526634721
1245.0712,0.4860031507195073
1245.071201,0.4860023630395409
1245.071201999,0.4860015753597536
1245.071203,0.4860007876797872
1245.071204,0.486
1245.269,0.2560046511627789
1245.269001,0.2560034883722164
1245.269002,0.2560023255813894
1245.269003,0.2560011627908269
1245.269004,0.256
1245.27005,0.257134661957468
1245.46655,0.4702905650858359
1245.4672,0.4709956609485478
1245.467201,0.4709967457115341
1245.467202,0.4709978304742739
1245.467203,0.4709989152372603
1245.467204,0.471
1245.46975,0.4693759819185285
1245.66565,0.3444171672525988
1245.6663,0.3440025514816611
1245.666301,0.3440019136111732
1245.666302,0.3440012757408305
1245.666303,0.3440006378703427
1245.666304,0.344
1245.86255,0.3430033214829872
1245.8632,0.3430000203148806
1245.863201,0.343000015236161
1245.863202,0.3430000101574403
1245.863203,0.3430000050787207
1245.863204,0.343
1246.06055,0.1775483030302534
1246.0612,0.177003353535345
1246.061201,0.1770025151514134
1246.061202,0.1770016767676725
1246.061203,0.1770008383837409
1246.061204,0.177
1246.25855,0.105237818181879
1246.2592,0.1050014545454508
1246.259201,0.1050010909091295
1246.259202,0.1050007272727254
1246.259203,0.105000363636404
1246.259204,0.105
1246.4572,0.1329994343434357
1246.457201,0.1329995757575929
1246.457202,0.1329997171717178
1246.457203,0.132999858585875
1246.457204,0.133
1246.4597,0.1327604848484787
1246.45985,0.1327460909090775
1246.65455,0.1140627575757518
1246.6552,0.1140003838383828
1246.655201,0.114000287878798
1246.655202,0.1140001919191914
1246.655203,0.1140000959596066
1246.655204,0.114
1246.85335,0.2379974968458302
1246.853351,0.2379981226344438
1246.853352,0.2379987484229151
1246.853353,0.2379993742115287
1246.853354,0.238
1246.85585,0.2375836846095419
1247.05055,0.2051090826383524
1247.0512,0.2050006671720984
1247.051201,0.2050005003790548
1247.051202,0.2050003335860492
1247.051203,0.2050001667930056
1247.051204,0.205
1247.24855,0.3485243636362418
1247.2492,0.3489970909090982
1247.249201,0.348997818181741
1247.249202,0.3489985454545491
1247.249203,0.3489992727271919
1247.249204,0.349
1247.44655,0.365939570815447
1247.44725,0.3659996566523614
1247.447251,0.3659997424892612
1247.447252,0.3659998283261806
1247.447253,0.3659999141630806
1247.447254,0.366
1247.44975,0.3662143030303087
1247.64525,0.3829996565656574
1247.645251,0.3829997424242528
1247.645252,0.3829998282828287
1247.645253,0.3829999141414241
1247.645254,0.383
1247.64775,0.3821378022527936
1247.8442,0.3142777271588758
1247.845,0.3140013817271554
1247.845001,0.3140010362953273
1247.845002,0.3140006908635777
1247.845003,0.3140003454317496
1247.845004,0.314
1248.0412,0.6349934556575089
1248.041201,0.6349950917433176
1248.041202,0.6349967278287545
1248.041203,0.6349983639145632
1248.041204,0.635
1248.04395,0.6298335031523654
1248.2386,0.2636067692305633
1248.23945,0.262007525851179
1248.239451,0.2620056443881703
1248.239452,0.2620037629255895
1248.239453,0.2620018814625808
1248.239454,0.262
1248.4366,0.6794036078829493
1248.43735,0.6809915310763226
1248.437351,0.6809936483070013
1248.437352,0.6809957655381613
1248.437353,0.68099788276884
1248.437354,0.681
1248.44185,0.6790229871114406
1248.6352,0.5940017589082593
1248.635201,0.5940013191812445
1248.635202,0.5940008794541296
1248.635203,0.5940004397271148
1248.635204,0.594
1248.63795,0.5935042326981144
1248.8338,0.5581451554664022
1248.8346,0.5580007221664978
1248.834601,0.5580005416248939
1248.834602,0.5580003610832489
1248.834603,0.558000180541645
1248.834604,0.558
1249.0306,0.6785056707316971
1249.0314,0.6789975406504127
1249.031401,0.6789981554878795
1249.031402,0.6789987703252064
1249.031403,0.6789993851626731
1249.031404,0.679
1249.22925,0.5770020621683041
1249.229251,0.5770015466261694
1249.229252,0.577001031084152
1249.229253,0.5770005155420174
1249.229254,0.577
1249.232,0.5796732812107033
1249.4275,0.7699961059266485
1249.427501,0.7699970794450417
1249.427502,0.7699980529634349
1249.427503,0.7699990264816068
1249.427504,0.77
1249.4299,0.7697094290045643
1249.43015,0.7696791106619608
1249.62475,0.7460793127842272
1249.6254,0.7460004850934804
1249.625401,0.746000363820124
1249.625402,0.7460002425467401
1249.625403,0.7460001212733562
1249.625404,0.746
1249.82275,0.6523104848485644
1249.8234,0.6520018989898942
1249.823401,0.6520014242424746
1249.823402,0.6520009494949471
1249.823403,0.6520004747475275
1249.823404,0.652
1250.02305,0.8549959328823236
1250.023051,0.8549969496618004
1250.023052,0.8549979664410461
1250.023053,0.854998983220523
1250.023054,0.855
1250.02555,0.8529899694190899
1250.2186,0.6975266666666191
1250.21925,0.6970032212028462
1250.219251,0.697002415902043
1250.219252,0.6970016106014231
1250.219253,0.69700080530062
1250.219254,0.6970000000000001
1250.4166,0.841338814628001
1250.4175,0.8419970744010161
1250.417501,0.8419978058008453
1250.417502,0.8419985372005081
1250.417503,0.8419992686003371
1250.417504,0.842
1250.4199,0.8431132929293341
1250.6155,0.9339981414141462
1250.615501,0.9339986060606624
1250.615502,0.9339990707070732
1250.615503,0.9339995353535894
1250.615504,0.934
1250.62,0.936521758463879
1250.81265,1.0445770894390307
1250.813399999,1.0449977564426534
1250.813401,1.0449983173319262
1250.813402,1.0449988782213266
1250.813403,1.0449994391105994
1250.813404,1.045
1251.01065,0.9583531835395176
1251.01145,0.958001757132033
1251.011451,0.9580013178490748
1251.011452,0.9580008785660166
1251.011453,0.9580004392830582
1251.011454,0.958
1251.2088,0.7817626538850695
1251.20965,0.7810035721495381
1251.209651,0.7810026791121029
1251.209652,0.7810017860746675
1251.209653,0.7810008930374353
1251.209654,0.781
1251.40665,0.8367723761375079
1251.40745,0.8369988675429755
1251.407451,0.8369991506571994
1251.407452,0.8369994337714878
1251.407453,0.8369997168857116
1251.407454,0.837
1251.40995,0.8385627568796166
1251.60465,0.9604653067407908
1251.6055,0.96099749558193
1251.605501,0.9609981216865188
1251.605502,0.960998747790965
1251.605503,0.9609993738955536
1251.605504,0.961
1251.8029,0.9709619480191816
1251.80365,0.9709997981327282
1251.803651,0.970999848599552
1251.803652,0.970999899066364
1251.803653,0.9709999495331878
1251.803654,0.971
1252.00065,1.0158170879676405
1252.00145,1.0159990899898912
1252.001451,1.0159993174923925
1252.001452,1.0159995449949455
1252.001453,1.015999772497447
1252.001454,1.016
1252.1998,0.8744666733667921
1252.20045,0.8740028542713496
1252.200451,0.8740021407034311
1252.200452,0.8740014271356749
1252.200453,0.8740007135677563
1252.200454,0.874
1252.39665,0.937706463724001
1252.39755,0.9379987011669236
1252.397551,0.9379990258751558
1252.397552,0.9379993505834618
1252.397553,0.937999675291694
1252.397554,0.938
1252.39995,0.93858084848487
1252.59465,0.9857808484848508
1252.59555,0.9859990303030328
1252.595550999,0.985999272727247
1252.595552,0.9859995151515164
1252.595553,0.9859997575757308
1252.595554,0.986
1252.79265,1.0257872318950154
1252.7937,1.025999192530913
1252.793701,1.0259993943981618
1252.793702,1.0259995962654564
1252.793703,1.0259997981327054
1252.793704,1.026
1252.99145,1.075998988622
1252.991451,1.0759992414664714
1252.991452,1.075999494311
1252.991453,1.0759997471554714
1252.991454,1.076
1252.99405,1.076629174450851
1253.1887,1.1238051401161284
1253.1895,1.123999030547844
1253.189501,1.1239992729108554
1253.189502,1.1239995152739222
1253.189503,1.1239997576369336
1253.189504,1.124
1253.3867,1.1399189505549794
1253.3877,1.1399996770938456
1253.387701,1.139999757820375
1253.387702,1.1399998385469228
1253.387703,1.1399999192734522
1253.387704,1.14
1253.39015,1.140123629011876
1253.5847,1.1499568359868528
1253.58555,1.1499997978266254
1253.585551,1.149999848369972
1253.585552,1.1499998989133071
1253.585553,1.1499999494566535
1253.585554,1.15
1253.7827,1.236559182437562
1253.7837,1.2369982437547358
1253.783701,1.236998682816002
1253.783702,1.236999121877368
1253.783703,1.2369995609386342
1253.783704,1.237
1253.9807,1.301670404040415
1253.9817,1.30199868686869
1253.981701,1.301999015151555
1253.981702,1.301999343434345
1253.981703,1.30199967171721
1253.981704,1.302
1254.1787,1.3308529494949544
1254.1797,1.3309994141414156
1254.179701,1.330999560606045
1254.179702,1.3309997070707078
1254.179703,1.3309998535353371
1254.179704,1.331
1254.37685,1.4105946505172984
1254.37785,1.410998385061826
1254.377851,1.4109987887964153
1254.377852,1.4109991925309129
1254.377853,1.4109995962655024
1254.377854,1.411
1254.38025,1.4113511066195177
1254.5747,1.4398455482566854
1254.57575,1.4399994138453778
1254.575751,1.4399995603840168
1254.575752,1.4399997069226889
1254.575753,1.439999853461328
1254.575754,1.44
1254.7727,1.4290557918666311
1254.7737,1.4290002222783529
1254.773701,1.4290001667087708
1254.773702,1.4290001111391764
1254.773703,1.4290000555695943
1254.773704,1.429
1254.97075,1.4618327089118963
1254.97175,1.4619993335016426
1254.971751,1.461999500126213
1254.971752,1.4619996667508213
1254.971753,1.4619998333753916
1254.971754,1.462
1255.16875,1.4600076257901404
1255.1695,1.46000004045512
1255.169501,1.4600000303413412
1255.169502,1.46000002022756
1255.169503,1.460000010113781
1255.169504,1.46
1255.3667,1.5554896141235486
1255.36775,1.5559980630517074
1255.367751,1.5559985472888356
1255.367752,1.5559990315258536
1255.367753,1.555999515762982
1255.367754,1.556
1255.37025,1.555798303030298
1255.5651,1.540052848484862
1255.56575,1.5400003232323225
1255.565751,1.540000242424251
1255.565752,1.5400001616161612
1255.565753,1.5400000808080898
1255.565754,1.54
1255.7627,1.5618828888889067
1255.76375,1.5619995555555568
1255.763751,1.5619996666666802
1255.763752,1.5619997777777783
1255.763753,1.561999888888902
1255.763754,1.562
1255.96075,1.534141979797975
1255.96175,1.5340005656565645
1255.961751,1.5340004242424392
1255.961752,1.5340002828282822
1255.961753,1.534000141414157
1255.961754,1.534
1256.1591,1.5629042121212209
1256.15975,1.5629994141414156
1256.159751,1.5629995606060785
1256.159752,1.5629997070707078
1256.159753,1.5629998535353704
1256.159754,1.563
1256.35695,1.5315683795066315
1256.555,1.500000637571156
1256.555001,1.5000004781783487
1256.555002,1.500000318785578
1256.555003,1.5000001593927708
1256.555004,1.5
1256.5576,1.503566222222275
1256.55795,1.504047030303118
1256.753,1.771994505050519
1256.753001,1.771995878787733
1256.753002,1.7719972525252594
1256.753003,1.7719986262624736
1256.753004,1.772
1256.7559,1.7684165656566075
1256.951,1.5270049494949371
1256.951001,1.5270037121210622
1256.951002,1.5270024747474686
1256.951003,1.5270012373735935
1256.951004,1.527
1256.95585,1.5251888686868535
1257.149,1.4530014949494912
1257.149001,1.453001121212076
1257.149002,1.4530007474747455
1257.149003,1.4530003737373305
1257.149004,1.453
1257.1518,1.4548334426229448
1257.34725,1.582997377049187
1257.347251,1.5829980327869646
1257.347252,1.5829986885245937
1257.347253,1.582999344262371
1257.347254,1.583
1257.35015,1.581082022244566
1257.54505,1.4520026491405391
1257.545051,1.4520019868554797
1257.545052,1.4520013245702696
1257.545053,1.4520006622852102
1257.545054,1.452
1257.5476,1.4524886262626149
1257.54795,1.4525557979797914
1257.74305,1.4899992323232345
1257.743051,1.4899994242424477
1257.743052,1.4899996161616171
1257.743053,1.4899998080808303
1257.743054,1.49
1257.7458,1.4926073131314217
1257.94105,1.6779962020202115
1257.941051,1.677997151515051
1257.941052,1.6779981010101055
1257.941053,1.677999050504945
1257.941054,1.678
1257.944,1.6753664545453972
1258.13905,1.5010035757575668
1258.139051,1.501002681818277
1258.139052,1.5010017878787836
1258.139053,1.5010008939394934
1258.139054,1.501
1258.1421,1.502307626262547
1258.33705,1.5859982828282873
1258.337051,1.5859987121212642
1258.337052,1.5859991414141437
1258.337053,1.5859995707071206
1258.337054,1.586
1258.3416,1.58721685858589
1258.53505,1.638998929292932
1258.535051,1.638999196969669
1258.535052,1.638999464646466
1258.535053,1.6389997323232026
1258.535054,1.639
1258.53755,1.638548348831394
1258.5382,1.6384307313395297
1258.734,1.603000723799948
1258.734001,1.6030005428499814
1258.734002,1.603000361899974
1258.734003,1.6030001809500076
1258.734004,1.603
1258.73665,1.6018597718631549
1258.93125,1.518001723700883
1258.931251,1.5180012927756132
1258.931252,1.5180008618504417
1258.931253,1.5180004309251718
1258.931254,1.518
1258.9338,1.5186950657229352
1259.12905,1.5719989079878074
1259.129051,1.571999180990871
1259.129052,1.5719994539939348
1259.129053,1.5719997269969364
1259.129054,1.572
1259.1322,1.57053822222232
1259.32705,1.480001858585854
1259.327051,1.4800013939393375
1259.327052,1.480000929292927
1259.327053,1.4800004646464109
1259.327054,1.48
1259.3298,1.479293588902871
1259.5253,1.429001029003839
1259.525301,1.4290007717528648
1259.525302,1.4290005145019489
1259.525303,1.4290002572509743
1259.525304,1.429
1259.5278,1.4319023255812071
1259.52815,1.4323093023254236
1259.7231,1.658995348837221
1259.723101,1.6589965116277836
1259.723102,1.6589976744186106
1259.723103,1.658998837209173
1259.723104,1.659
1259.72605,1.658896605665578
1259.92255,1.6520001403860614
1259.922551,1.65200010528955
1259.922552,1.6520000701930309
1259.922553,1.6520000350965194
1259.922554,1.652
1259.92515,1.649925842239336
1260.11905,1.495003195928927
1260.119051,1.4950023969466495
1260.119052,1.4950015979645543
1260.119053,1.4950007989822771
1260.119054,1.495
1260.1219,1.4935931500631188
1260.3173,1.3970019773013822
1260.317301,1.3970014829760928
1260.317302,1.3970009886506911
1260.317303,1.3970004943254015
1260.317304,1.397
1260.3199,1.39819311111113
1260.5153,1.4879981616161662
1260.515301,1.487998621212177
1260.515302,1.4879990808080832
1260.515303,1.4879995404040938
1260.515304,1.488
1260.51835,1.4887545702730125
1260.51855,1.4888041152680007
1260.7131,1.5369990091001036
1260.713101,1.5369992568250497
1260.713102,1.5369995045500515
1260.713103,1.5369997522749976
1260.713104,1.537
1260.7159,1.5375319048810994
1260.91285,1.5749992390488128
1260.912851,1.574999429286588
1260.912852,1.5749996195244065
1260.912853,1.5749998097621816
1260.912854,1.575
1260.91575,1.5748673250190903
1261.1093,1.5660001832527355
1261.109301,1.5660001374395465
1261.109302,1.566000091626368
1261.109303,1.5660000458131786
1261.109304,1.566
1261.11195,1.5661872800808996
1261.3071,1.579999716885744
1261.307101,1.5799997876643
1261.307102,1.579999858442872
1261.307103,1.579999929221428
1261.307104,1.58
1261.30995,1.5776026128626617
1261.50535,1.4130033694829676
1261.505351,1.4130025271123214
1261.505352,1.413001684741484
1261.505353,1.4130008423708378
1261.505354,1.413
1261.5098,1.4163008181817545
1261.51,1.4164493030303709
1261.70335,1.559997030303038
1261.703351,1.559997772727194
1261.703352,1.559998515151519
1261.703353,1.5599992575756751
1261.703354,1.56
1261.70595,1.5589773333334067
1261.90135,1.4820015757575715
1261.901351,1.482001181818134
1261.901352,1.482000787878786
1261.901353,1.4820003939393482
1261.901354,1.482
1261.9041,1.4830956262626718
1262.09935,1.560998404040408
1262.099351,1.5609988030302606
1262.099352,1.560999202020204
1262.099353,1.5609996010100566
1262.099354,1.561
1262.1039,1.5613443939393858
1262.29735,1.575999696969698
1262.297351,1.575999772727282
1262.297352,1.575999848484849
1262.297353,1.5759999242424332
1262.297354,1.576
1262.29755,1.5759901010100916
1262.49535,1.5660002020202015
1262.495351,1.566000151515157
1262.495352,1.5660001010101008
1262.495353,1.5660000505050562
1262.495354,1.566
1262.49785,1.5654344410875984
1262.4982,1.565355135951641
1262.69395,1.5210009063444088
1262.693951,1.521000679758281
1262.693952,1.5210004531722043
1262.693952999,1.5210002265860765
1262.693953999,1.521
1262.69655,1.5205002634245113
1262.89135,1.48300077001013
1262.891351,1.4830005775075756
1262.891352,1.483000385005065
1262.891353,1.4830001925025107
1262.891354,1.483
1262.89425,1.4837459393939298
1263.08935,1.5339989696969722
1263.089351,1.5339992272727
1263.089351999,1.533999484848486
1263.089353,1.5339997424242138
1263.089354,1.534
1263.09215,1.535721483724445
1263.2875,1.6559975372192848
1263.287501,1.6559981529143937
1263.287502,1.6559987686096425
1263.287503,1.6559993843047514
1263.287504,1.656
1263.2901,1.6544652248610168
1263.4854,1.5390023648307165
1263.485401,1.5390017736229702
1263.485402,1.5390011824153582
1263.485403,1.539000591207612
1263.485404,1.539
1263.4879,1.5394539328113277
1263.4881,1.539490305632738
1263.68335,1.5749992725435733
1263.683351,1.5749994544077006
1263.683352,1.5749996362717866
1263.683353,1.574999818135914
1263.683354,1.575
1263.6861,1.574917558168623
1263.8813,1.56905716287216
1263.8832,1.5690001200900672
1263.883201,1.5690000900675538
1263.883202,1.5690000600450336
1263.883203,1.5690000300225202
1263.883204,1.569
1264.07935,1.58699963293398
1264.079351,1.5869997247004746
1264.079351999,1.58699981646699
1264.079353,1.5869999082334845
1264.079354,1.587
1264.081899999,1.5867300378692315
1264.2774,1.5660004241353185
1264.277401,1.5660003181015008
1264.277402,1.5660002120676593
1264.277403,1.5660001060338418
1264.277404,1.566
1264.28005,1.567776018167997
1264.4749,1.6985610295231286
1264.47555,1.6989973151652855
1264.475551,1.6989979863740403
1264.475552,1.6989986575826428
1264.475553,1.6989993287913978
1264.475554,1.699
1264.47805,1.6970950416982071
1264.6734,1.5480030528177835
1264.673401,1.5480022896134245
1264.673402,1.5480015264088918
1264.673403,1.5480007632045327
1264.673404,1.548
1264.6759,1.547798455715362
1264.87155,1.5320003229876349
1264.871551,1.5320002422407168
1264.871552,1.5320001614938177
1264.871553,1.5320000807468996
1264.871554,1.532
1264.8741,1.5327329393939868
1265.06955,1.5889988484848514
1265.069551,1.5889991363636058
1265.069552,1.5889994242424257
1265.069552999,1.58899971212118
1265.069554,1.589
1265.07405,1.5875456456911747
1265.2674,1.5250012939095243
1265.267401,1.52500097043218
1265.267402,1.525000646954762
1265.267403,1.525000323477418
1265.267404,1.525
1265.26765,1.525036003028018
1265.46555,1.553999414584912
1265.465551,1.5539995609387005
1265.465552,1.553999707292456
1265.465553,1.5539998536462447
1265.465554,1.554
1265.46805,1.5543151515151596
1265.46835,1.5543530303030288
1265.66295,1.578923737373729
1265.66355,1.578999494949496
1265.663551,1.5789996212121078
1265.663552,1.578999747474748
1265.663553,1.5789998737373596
1265.663554,1.579
1265.86095,1.5750122020201986
1265.86155,1.5750000808080806
1265.861551,1.575000060606058
1265.861552,1.5750000404040403
1265.861553,1.5750000202020178
1265.861554,1.575
1266.05955,1.5210010909090883
1266.059551,1.5210008181818473
1266.059552,1.521000545454544
1266.059553,1.521000272727303
1266.059554,1.521
1266.0622,1.5213607270891072
1266.2569,1.5479040242362982
1266.2576,1.547999454683162
1266.257601,1.5479995910123563
1266.257602,1.547999727341581
1266.257603,1.547999863670775
1266.257604,1.548
1266.4549,1.6805271111110835
1266.4556,1.68099731313132
1266.455601,1.6809979848484136
1266.455602,1.68099865656566
1266.455603,1.6809993282827538
1266.455604,1.681
1266.4601,1.677456802222949
1266.65355,1.5250031523111818
1266.653551,1.525002364233476
1266.653552,1.525001576155591
1266.653553,1.525000788077885
1266.653554,1.525
1266.6562,1.524946558949762
1266.8516,1.5210000807876798
1266.851601,1.521000060590762
1266.851602,1.52100004039384
1266.851603,1.5210000201969225
1266.851604,1.521
1266.856,1.5226651515151688
1267.04895,1.5957522727272953
1267.0496,1.5959984848484887
1267.049601,1.5959988636364095
1267.049602,1.5959992424242444
1267.049603,1.5959996212121652
1267.049604,1.596
1267.24695,1.5472234350567442
1267.24785,1.547000988650691
1267.247851,1.5470007414880462
1267.247852,1.5470004943253457
1267.247853,1.547000247162701
1267.247854,1.547
1267.44495,1.6127817243994382
1267.4456,1.6129986649809642
1267.445601,1.612998998735742
1267.445602,1.612999332490444
1267.445603,1.612999666245222
1267.445604,1.613
1267.4481,1.610705696969845
1267.6436,1.4310036767676677
1267.643601,1.431002757575646
1267.643602,1.431001838383834
1267.643603,1.4310009191918125
1267.643604,1.431
1267.6456,1.431674902851363
1267.84175,1.4979986474892792
1267.841751,1.4979989856169975
1267.841752,1.4979993237446396
1267.841753,1.4979996618723583
1267.841754,1.498
1267.84425,1.4991227899924475
1268.0396,1.586998200657068
1268.039601,1.5869986504928522
1268.039602,1.586999100328534
1268.039603,1.5869995501643182
1268.039604,1.587
1268.0431,1.583577219278287
1268.2372,1.3935423971740466
1268.23775,1.3930039162252947
1268.237751,1.3930029371689154
1268.237752,1.393001958112536
1268.237753,1.393000979056379
1268.237754,1.393
1268.43495,1.332216998484096
1268.43565,1.3320012329459292
1268.435651,1.332000924709482
1268.435652,1.3320006164729647
1268.435653,1.332000308236447
1268.435654,1.332
1268.43815,1.3316596363636275
1268.63365,1.305000545454544
1268.633651,1.3050004090909235
1268.633652,1.305000272727272
1268.633653,1.3050001363636514
1268.633654,1.305
1268.63805,1.304356791120107
1268.8312,1.2760956912209802
1268.83185,1.2760005852674052
1268.831851,1.2760004389505373
1268.831852,1.2760002926337026
1268.831853,1.276000146316835
1268.831854,1.276
1269.029,1.2919470980788723
1269.02965,1.29199967644085
1269.029651,1.2919997573306286
1269.029652,1.2919998382204252
1269.029653,1.2919999191102034
1269.029654,1.292
1269.22785,1.1330032088799111
1269.227851,1.1330024066600246
1269.227852,1.1330016044399556
1269.227853,1.133000802220069
1269.227854,1.133
1269.2303,1.131902752016145
1269.42555,1.0443158064516316
1269.42625,1.0440017943548343
1269.426251,1.0440013457661768
1269.426252,1.044000897177417
1269.426253,1.0440004485887595
1269.426254,1.044
1269.42875,1.04401264758044
1269.6236,1.0449999797314415
1269.623601,1.0449999847985807
1269.623602,1.0449999898657207
1269.623603,1.044999994932861
1269.623604,1.045
1269.626299999,1.0427692028254174
1269.820999999,0.8816652674066734
1269.8218,0.8810033097880845
1269.821800999,0.8810024823411574
1269.821802,0.8810016548940423
1269.821802999,0.8810008274471152
1269.821804,0.881
1270.019,1.046325939393925
1270.0198,1.046996646464655
1270.019801,1.0469974848485863
1270.019802,1.0469983232323274
1270.019803,1.046999161616259
1270.019804,1.047
1270.21785,0.80000498863922
1270.217851,0.8000037414795568
1270.217852,0.80000249431961
1270.217853,0.8000012471599468
1270.217854,0.8
1270.22035,0.7968366776068707
1270.415,0.5501456904821908
1270.4159,0.5490050694268996
1270.415901,0.5490038020703188
1270.415902,0.5490025347134498
1270.415903,0.549001267356869
1270.415904,0.549
1270.41835,0.5486814625594839
1270.613,0.5233326020536128
1270.61555,0.523000520911594
1270.615551,0.5230003906837103
1270.615552,0.5230002604557971
1270.615553,0.5230001302279134
1270.615554,0.523
1270.81115,0.4582166114649484
1270.8118,0.458001324840761
1270.811801,0.4580009936306084
1270.811802,0.4580006624203805
1270.811803,0.4580003312102279
1270.811804,0.458
1271.00905,0.140375194346114
1271.0099,0.1390064411913012
1271.009901,0.1390048308932928
1271.009902,0.1390032205956506
1271.009903,0.1390016102976422
1271.009904,0.139
1271.20705,0.3152365757576743
1271.2079,0.3159964242424332
1271.207901,0.3159973181819265
1271.207902,0.3159982121212166
1271.207903,0.3159991060607099
1271.207904,0.316
1271.405,0.2582648080808054
1271.4059,0.2580011717171687
1271.405901,0.2580008787879099
1271.405902,0.2580005858585844
1271.405903,0.2580002929293255
1271.405904,0.258
1271.4083,0.2582176532929474
1271.603,0.2759042543527569
1271.60405,0.2759996366389108
1271.604051,0.2759997274791728
1271.604052,0.2759998183194554
1271.604053,0.2759999091597174
1271.604054,0.276
1271.80295,0.2849705036331671
1271.8036,0.2849998195940871
1271.803601,0.2849998646955602
1271.803602,0.2849999097970436
1271.803603,0.2849999548985167
1271.803604,0.285
1271.99905,0.4015206726114551
1271.99985,0.4019976152866302
1271.999851,0.4019982114649049
1271.999852,0.4019988076433151
1271.999853,0.4019994038215898
1271.999854,0.402
1272.19725,0.4796835923309723
1272.19805,0.4799984258324964
1272.198051,0.4799988193743275
1272.198052,0.4799992129162482
1272.198053,0.4799996064580794
1272.198054,0.48
1272.39505,0.4939360485093487
1272.39595,0.4939997170288031
1272.395951,0.4939997877716104
1272.395952,0.4939998585144016
1272.395953,0.4939999292572088
1272.395954,0.494
1272.39835,0.4930556442647453
1272.59305,0.416316887316833
1272.59385,0.4160015765538111
1272.593850999,0.4160011824154032
1272.593852,0.4160007882769055
1272.593853,0.4160003941384976
1272.593854,0.416
1272.79105,0.4547926557376915
1272.7921,0.4549992131147561
1272.792101,0.4549994098360894
1272.792102,0.454999606557378
1272.792103,0.4549998032787114
1272.792104,0.455
1272.98905,0.6999998280657194
1272.98985,0.7009950240202402
1272.989851,0.7009962680150388
1272.989852,0.7009975120101202
1272.989853,0.7009987560049187
1272.989854,0.7010000000000001
1273.18705,0.7228885570131218
1273.18805,0.7229995560040374
1273.188051,0.7229996670030154
1273.188052,0.7229997780020188
1273.188053,0.7229998890009968
1273.188054,0.723
1273.38505,0.8563205252525476
1273.38605,0.8569972929292997
1273.386051,0.8569979696970518
1273.386052,0.8569986464646498
1273.386053,0.8569993232324018
1273.386054,0.857
1273.3885,0.8583472157655172
1273.58395,0.96599779686711
1273.583951,0.96599834765027
1273.583952,0.965998898433555
1273.583953,0.9659994492167148
1273.583954,0.966
1273.58415,0.9658348120111364
1273.7811,0.7998461670451397
1273.7821,0.7990033711834384
1273.782101,0.7990025283876746
1273.782102,0.7990016855917192
1273.782103,0.7990008427959554
1273.782104,0.799
1273.97985,0.5580048748419599
1273.979851,0.5580036561316085
1273.979852,0.55800243742098
1273.979853,0.5580012187106286
1273.979854,0.558
1273.9824,0.5560222749054695
1274.1771,0.4047799041613865
1274.1781,0.4040031071878862
1274.178101,0.4040023303908264
1274.178102,0.4040015535939431
1274.178103,0.4040007767968833
1274.178104,0.404
1274.3753,0.353207090909095
1274.3761,0.3530010303030277
1274.376101,0.3530007727273
1274.376102,0.3530005151515138
1274.376103,0.3530002575757862
1274.376104,0.353
1274.38045,0.3551729999999721
1274.5731,0.4514980000000165
1274.5741,0.451998000000005
1274.574101,0.4519985000000606
1274.574102,0.4519990000000025
1274.574103,0.4519995000000581
1274.574104,0.452
1274.7711,0.2888315959595676
1274.7721,0.2880033131313048
1274.772101,0.2880024848485727
1274.772102,0.2880016565656524
1274.772103,0.2880008282829204
1274.772104,0.288
1274.9691,0.3590073191489017
1274.97185,0.3599985581977508
1274.971851,0.3599989186482721
1274.971852,0.3599992790988754
1274.971853,0.3599996395493967
1274.971854,0.36
1275.1671,0.2396190267515717
1275.1681,0.239002466242032
1275.168101,0.2390018496814539
1275.168102,0.239001233121016
1275.168103,0.2390006165604379
1275.168104,0.239
1275.3651,0.3832647474747725
1275.3661,0.3839970707070781
1275.366101,0.3839978030302253
1275.366102,0.383998535353539
1275.366103,0.3839992676766863
1275.366104,0.384
1275.36855,0.3825175757575969
1275.5631,0.2646084848484648
1275.5641,0.2640024242424181
1275.564101,0.2640018181817447
1275.564102,0.2640012121212091
1275.564103,0.2640006060605356
1275.564104,0.264
1275.7611,0.3783879828327108
1275.76215,0.3789976773542093
1275.762151,0.378998258015723
1275.762152,0.3789988386771046
1275.762153,0.3789994193386183
1275.762154,0.379
1275.95915,0.4607493522267403
1276.15735,0.5429983400809759
1276.157351,0.5429987550606847
1276.157352,0.5429991700404879
1276.157353,0.5429995850201969
1276.157354,0.543
1276.1605,0.5450176341371133
1276.3553,0.6699493346799468
1276.5534,0.7969974346672006
1276.553401,0.7969980760004369
1276.553402,0.7969987173335275
1276.553403,0.7969993586667637
1276.553404,0.797
1276.55595,0.7929075312970423
1276.55665,0.7917823435152861
1276.7531,0.4760064296444505
1276.753101,0.4760048222335206
1276.753102,0.4760032148222253
1276.753103,0.4760016074112954
1276.753104,0.476
1276.7559,0.4734504126337344
1276.9494,0.2970036474783402
1276.949401,0.2970027356088588
1276.949402,0.2970018237391701
1276.949403,0.2970009118696887
1276.949404,0.297
1276.9521,0.2968093737373726
1277.1474,0.2830002828282821
1277.147401,0.2830002121212036
1277.147402,0.2830001414141411
1277.147403,0.2830000707070625
1277.147404,0.283
1277.15015,0.2829722626262615
1277.3454,0.2810000404040403
1277.345401,0.2810000303030314
1277.345402,0.2810000202020202
1277.345403,0.2810000101010113
1277.345404,0.281
1277.3483,0.2822212048192619
1277.5446,0.3649983132530163
1277.544601,0.3649987349397143
1277.544602,0.3649991566265081
1277.544603,0.3649995783132061
1277.544604,0.365
1277.5471,0.3647973306267392
1277.5475,0.3647648515605205
1277.74165,0.3490003247906614
1277.741651,0.3490002435930053
1277.741652,0.3490001623953307
1277.741653,0.3490000811976746
1277.741654,0.349
1277.74455,0.3500397774968264
1277.9394,0.41999856384324
1277.939401,0.4199989228823892
1277.939402,0.41999928192162
1277.939403,0.4199996409607692
1277.939404,0.42
1277.94225,0.4186488686869327
1278.1374,0.3260018989898942
1278.137401,0.3260014242423666
1278.137402,0.3260009494949471
1278.137403,0.3260004747474196
1278.137404,0.326
1278.142,0.3246553947036602
1278.33565,0.2680011702395935
1278.335651,0.2680008776797284
1278.335652,0.2680005851197967
1278.335653,0.2680002925599316
1278.335654,0.268
1278.33815,0.2676719110212548
1278.53345,0.2420005257836185
1278.533451,0.2420003943377288
1278.533452,0.2420002628918092
1278.533453,0.2420001314459195
1278.533454,0.242
1278.53595,0.2404118637274131
1278.5363,0.240189168336615
1278.73305,0.1150025450901739
1278.733051,0.115001908817558
1278.733052,0.1150012725450869
1278.733053,0.1150006362724711
1278.733054,0.115
1278.73575,0.1146705498981653
1278.92945,0.0910004887983694
1278.929451,0.0910003665987631
1278.929452,0.0910002443991847
1278.929453,0.0910001221995784
1278.929454,0.091
1278.9326,0.0921757777777829
1279.12745,0.1649985050505088
1279.127451,0.1649988787878391
1279.127452,0.1649992525252544
1279.127453,0.1649996262625847
1279.127454,0.165
1279.1302,0.165
1279.3257,0.165
1279.325701,0.165
1279.325702,0.165
1279.325703,0.165
1279.325704,0.165
1279.33005,0.169109744626998
1279.52345,0.35199621744628
1279.523451,0.3519971630846025
1279.523452,0.35199810872314
1279.523453,0.3519990543614625
1279.523454,0.352
1279.52595,0.348230787878692
1279.52635,0.3476267474748035
1279.72145,0.0530060404040251
1279.721451,0.0530045303031905
1279.721452,0.0530030202020125
1279.721453,0.0530015101011779
1279.721454,0.053
1279.91965,0.055999939455096
1279.919651,0.0559999545913237
1279.919652,0.055999969727548
1279.919653,0.0559999848637757
1279.919654,0.056
1279.9222,0.0558584125379079
1280.11745,0.0450002224469155
1280.117451,0.0450001668351929
1280.117452,0.0450001112234577
1280.117453,0.0450000556117352
1280.117454,0.045
1280.1202,0.044930744010091
1280.3157,0.0400001008827235
1280.315701,0.0400000756620398
1280.315702,0.0400000504413617
1280.315703,0.040000025220678
1280.315704,0.04
1280.3185,0.0403523185483857
1280.5141,0.0649994959677432
1280.514101,0.0649996219758217
1280.514102,0.0649997479838716
1280.514103,0.0649998739919501
1280.514104,0.065
1280.51655,0.0652847064777286
1280.51685,0.0653196255060863
1280.7117,0.0879995344129566
1280.711701,0.0879996508097307
1280.711702,0.0879997672064783
1280.711703,0.0879998836032524
1280.711704,0.088
1280.71415,0.0880123535353533
1280.9097,0.0889999797979798
1280.909701,0.0889999848484843
1280.909702,0.0889999898989899
1280.909703,0.0889999949494943
1280.909704,0.089
1280.91405,0.0890438989898984
1281.1077,0.0909999595959596
1281.107701,0.0909999696969709
1281.107702,0.0909999797979798
1281.107703,0.090999989898991
1281.107704,0.091
1281.11045,0.0907642323232225
1281.3057,0.0740003434343425
1281.305701,0.0740002575757471
1281.305702,0.0740001717171712
1281.305703,0.0740000858585758
1281.305704,0.074
1281.30815,0.0745312020201938
1281.5037,0.1169991313131335
1281.503701,0.1169993484848254
1281.503702,0.1169995656565667
1281.503703,0.1169997828282587
1281.503704,0.117
1281.50615,0.1170122575795538
1281.5067,0.1170150137810069
1281.70325,0.1179999799548985
1281.703251,0.1179999849661745
1281.703252,0.1179999899774492
1281.703253,0.1179999949887252
1281.703254,0.118
1281.70345,0.1179830389411902
1281.8997,0.1010003461440561
1281.899701,0.1010002596080519
1281.899702,0.101000173072028
1281.899703,0.1010000865360238
1281.899704,0.101
1281.90215,0.1012470707070671
1282.0977,0.1209995959595969
1282.097701,0.1209996969697092
1282.097702,0.1209997979797984
1282.097702999,0.1209998989899107
1282.097704,0.121
1282.1003,0.1200824539257632
1282.29575,0.0510014137843943
1282.295751,0.0510010603383359
1282.295752,0.0510007068921971
1282.295753,0.0510003534461387
1282.295754,0.051
1282.29815,0.0515808484848155
1282.49375,0.0989990303030327
1282.493751,0.0989992727273021
1282.493752,0.0989995151515163
1282.493753,0.0989997575757857
1282.493754,0.099
1282.498,0.0977347777777883
1282.49815,0.0976900808080687
1282.69175,0.0400011919191889
1282.691751,0.0400008939394255
1282.691752,0.0400005959595944
1282.691753,0.0400002979798311
1282.691754,0.04
1282.69195,0.0400336565656497
1282.88975,0.0739993131313148
1282.889751,0.0739994848485056
1282.889752,0.0739996565656574
1282.889753,0.0739998282828482
1282.889754,0.074
1282.8922,0.0740123535353544
1283.087749999,0.0749999797979798
1283.087751,0.0749999848484843
1283.087752,0.0749999898989899
1283.087753,0.0749999949494943
1283.087754,0.075
1283.09015,0.0745888771132824
1283.28525,0.0411122180166438
1283.2859,0.0410006863487239
1283.285901,0.0410005147615234
1283.285902,0.0410003431743619
1283.285903,0.0410001715871614
1283.285904,0.041
1283.48375,0.0699994136972468
1283.483751,0.0699995602729518
1283.483752,0.0699997068486234
1283.483753,0.0699998534243283
1283.483754,0.07
1283.48615,0.0698911733535159
1283.4867,0.0698661922785738
1283.68125,0.0610297047691116
1283.6819,0.0610001816805445
1283.681901,0.0610001362604032
1283.681902,0.0610000908402722
1283.681903,0.0610000454201309
1283.681904,0.061
1283.87925,0.0251189090908982
1283.8799,0.0250007272727254
1283.879901,0.0250005454545647
1283.879902,0.0250003636363627
1283.879903,0.025000181818202
1283.879904,0.025
1284.077749999,0.0130002426080357
1284.077751,0.0130001819560337
1284.077752,0.0130001213040178
1284.077753,0.0130000606520158
1284.077753999,0.013
1284.0802,0.0131975069391846
1284.2759,0.0289996770123651
1284.275901,0.028999757759283
1284.275902,0.0289998385061825
1284.275903,0.0289999192531004
1284.275904,0.029
1284.27835,0.029296409997471
1284.4733,0.052920747286046
1284.47395,0.0529995152739219
1284.473951,0.0529996364554552
1284.473952,0.0529997576369609
1284.473953,0.0529998788184942
1284.473954,0.053
1284.47635,0.0542715693707829
1284.6718,0.1579978771796869
1284.671801,0.1579984078848255
1284.671802,0.1579989385898434
1284.671803,0.157999469294982
1284.671804,0.158
1284.672,0.1579297703759921
1284.8693,0.0872343376229916
1284.86995,0.0870014332576294
1284.869951,0.0870010749431813
1284.869952,0.0870007166288147
1284.869953,0.0870003583143666
1284.869954,0.087
1285.067749999,0.3559945601617933
1285.067751,0.3559959201211903
1285.067752,0.3559972800808966
1285.067753,0.3559986400402937
1285.067753999,0.356
1285.0695,0.3529872250253797
1285.2653,0.0151284964685032
1285.26595,0.0140069021190541
1285.265951,0.0140051765894868
1285.265952,0.0140034510595271
1285.265953,0.0140017255299597
1285.265954,0.014
1285.46395,0.066998929292932
1285.463951,0.0669991969697294
1285.463952,0.066999464646466
1285.463953,0.0669997323232634
1285.463954,0.067
1285.46635,0.0669158876629858
1285.4666,0.066907111333997
1285.66335,0.0600001404212634
1285.663351,0.0600001053159435
1285.663352,0.0600000702106317
1285.663353,0.0600000351053118
1285.663354,0.06
1285.6636,0.0600850864700109
1285.8593,0.127773794506633
1285.85995,0.1279986164801662
1285.859951,0.127998962360164
1285.859952,0.1279993082400831
1285.859953,0.1279996541200809
1285.859954,0.128
1286.0573,0.0851420303030173
1286.05795,0.0850008686868665
1286.057951,0.0850006515151251
1286.057952,0.0850004343434332
1286.057953,0.0850002171716919
1286.057954,0.085
1286.2553,0.0780248826054041
1286.256,0.0780001413784394
1286.256001,0.0780001060338255
1286.256002,0.0780000706892197
1286.256003,0.0780000353446058
1286.256004,0.078
1286.4533,0.0949438343015964
1286.45395,0.0949996564789096
1286.453951,0.094999742359192
1286.453952,0.0949998282394548
1286.453953,0.0949999141197371
1286.453954,0.095
1286.4565,0.0948072672218062
1286.6521,0.0800003028009076
1286.652101,0.0800002271006721
1286.652102,0.0800001514004538
1286.652103,0.0800000757002183
1286.652104,0.08
1286.65485,0.0796807783674366
1286.84935,0.0570702148091802
1286.84995,0.0570004649987352
1286.849951,0.0570003487490382
1286.849952,0.0570002324993676
1286.849953,0.0570001162496705
1286.849954,0.057
1287.04735,0.0579969494949491
1287.04795,0.0579999797979798
1287.047951,0.0579999848484843
1287.047952,0.0579999898989899
1287.047953,0.0579999949494943
1287.047954,0.058
1287.2453,0.0380710931582975
1287.246,0.0380004039383983
1287.246001,0.0380003029537873
1287.246002,0.0380002019691991
1287.246003,0.0380001009845881
1287.246004,0.038
1287.4434,0.128699500126258
1287.44405,0.1289981620802874
1287.444051,0.1289986215602677
1287.444052,0.1289990810401436
1287.444053,0.128999540520124
1287.444054,0.129
1287.4465,0.129
