timestamps,Speed
s,m/s
374.296904,3.111
374.494804,2.843
374.69305399999996,2.308
374.891054,1.82
375.089004,1.611
375.286904,1.022
375.485054,0.74
375.68285399999996,0.395
375.881054,0.26
376.079054,0.158
376.277004,0.182
376.475054,0.14200000000000002
376.674754,0.148
376.87105399999996,0.066
377.069054,0.126
377.26710399999996,0.137
377.465104,0.195
377.663104,0.125
377.86110399999995,0.139
378.059104,0.134
378.25710399999997,0.198
378.455104,0.156
378.850354,0.166
379.04835399999996,0.133
379.247754,0.059000000000000004
379.444354,0.14100000000000001
379.64235399999995,0.08700000000000001
379.840404,0.052000000000000005
380.03840399999996,0.073
380.236404,0.10300000000000001
380.434404,0.196
380.632654,0.055
380.830404,0.07200000000000001
381.02865399999996,0.07
381.226404,0.088
381.424404,0.131
381.62265399999995,0.14100000000000001
381.820454,0.111
382.01865399999997,0.062
382.216454,0.021
382.414454,0.056
382.61265399999996,0.186
382.810654,0.178
383.008654,0.292
383.20665399999996,0.661
383.404654,0.97
383.60270399999996,1.5070000000000001
383.800704,1.764
383.998704,1.997
384.19670399999995,2.382
384.394704,2.585
384.59270399999997,2.861
384.790704,3.092
384.988854,3.242
385.186754,3.58
385.384754,3.735
385.58275399999997,3.975
385.78090399999996,4.025
385.978904,3.964
386.17675399999996,4.166
386.37490399999996,4.219
386.572904,4.17
386.770754,4.136
386.968954,4.151
387.166904,4.019
387.364804,4.037
387.562954,3.861
387.76075399999996,3.714
387.95890399999996,3.6670000000000003
388.156954,3.634
388.35495399999996,3.479
388.552954,3.473
388.751204,3.604
388.94895399999996,3.593
389.146954,3.527
389.345104,3.361
389.542954,3.444
389.74265399999996,3.4130000000000003
389.93900399999995,3.341
390.136954,3.2880000000000003
390.33500399999997,3.47
390.53315399999997,3.461
390.731004,3.207
390.92925399999996,3.495
391.127004,3.471
391.325154,3.33
391.523154,3.423
391.721254,3.2800000000000002
391.92015399999997,3.234
392.117054,3.033
392.315154,3.08
392.513204,3.093
392.71140399999996,3.085
392.91090399999996,3.223
393.10725399999995,3.078
393.305204,3.053
393.504754,3.016
393.70140399999997,2.871
393.899304,2.699
394.097304,2.586
394.295454,2.571
394.493254,2.715
394.69145399999996,2.323
394.889454,2.287
395.08730399999996,2.176
395.28545399999996,2.129
395.484904,2.271
395.681454,2.089
395.879454,2.201
396.077504,2.305
396.27550399999996,2.199
396.473504,1.974
396.67175399999996,1.7790000000000001
396.869504,1.686
397.067504,1.639
397.26550399999996,1.301
397.463504,1.356
397.661504,1.435
397.85950399999996,1.298
398.057504,1.266
398.45280399999996,1.112
398.652404,1.178
398.848804,0.936
399.046804,1.055
399.244804,1.063
399.44280399999997,1.186
399.642454,1.18
399.838804,1.092
400.03680399999996,1.3920000000000001
400.234804,1.395
400.43305399999997,1.422
400.630854,1.476
400.829054,1.469
401.02680399999997,1.554
401.224804,1.613
401.423054,1.575
401.620854,1.856
401.819054,1.92
402.01710399999996,1.943
402.214854,1.839
402.413104,1.986
402.61110399999995,2.091
402.809104,1.907
403.00710399999997,1.821
403.20485399999995,1.719
403.403104,1.8
403.60110399999996,1.845
403.799104,1.697
403.99715399999997,1.754
404.195154,1.401
404.393154,1.206
404.59115399999996,1.022
404.78930399999996,0.874
404.987154,1.317
405.18515399999995,1.469
405.384754,1.5210000000000001
405.58115399999997,1.568
405.77935399999996,1.653
405.977354,1.512
406.17515399999996,1.1380000000000001
406.37330399999996,0.928
406.571154,1.048
406.769304,1.2790000000000001
406.967354,1.327
407.16520399999996,1.403
407.365004,1.325
407.561204,1.476
407.759354,1.476
407.957354,1.526
408.155354,1.375
408.35475399999996,1.104
408.551604,1.145
408.749354,0.849
408.947404,0.982
409.145554,1.095
409.34340399999996,0.9510000000000001
409.541404,0.854
409.739604,0.883
409.937554,0.931
410.135404,0.554
410.333554,0.395
410.531404,0.403
410.729654,0.265
410.92745399999995,0.129
411.12555399999997,0.18
411.323604,0.101
411.522454,0.054
411.719654,0.116
411.91765399999997,0.098
412.115554,0.047
412.313604,0.049
412.511804,0.121
412.709704,0.151
412.90770399999997,0.17300000000000001
413.105454,0.198
413.303604,0.221
413.501604,0.224
413.699704,0.079
413.897704,0.081
414.09570399999996,0.211
414.293654,0.242
414.491854,0.177
414.68990399999996,0.388
414.887754,0.23900000000000002
415.08590399999997,0.28500000000000003
415.28365399999996,0.209
415.481654,0.191
415.67990399999996,0.27
415.877904,0.326
416.07575399999996,0.434
416.27390399999996,0.488
416.471704,0.91
416.669904,0.777
416.86790399999995,0.985
417.065904,1.089
417.264254,1.065
417.461954,1.333
417.659904,1.812
417.857954,2.0340000000000003
418.253204,2.14
418.45235399999996,2.239
418.649204,2.333
418.847204,2.46
419.045254,2.5380000000000003
419.243454,2.814
419.44120399999997,2.91
419.639454,2.704
419.837204,2.477
420.03520399999996,2.751
420.233454,2.945
420.43240399999996,2.745
420.62945399999995,2.603
420.827254,2.7960000000000003
421.02525399999996,2.949
421.223504,3.1870000000000003
421.42150399999997,3.567
421.61925399999996,3.6950000000000003
421.817504,3.882
422.01525399999997,3.674
422.213504,3.544
422.411504,3.569
422.60950399999996,3.6270000000000002
422.807554,3.771
423.00530399999997,4.082
423.20350399999995,4.327
423.401954,4.409
423.599654,4.394
423.797554,4.542
423.99555399999997,4.41
424.193554,4.801
424.391554,4.909
424.589704,5.2010000000000005
424.787554,5.581
424.985554,5.609
425.18355399999996,5.702
425.38325399999997,5.633
425.579704,5.808
425.77775399999996,5.811
425.975604,5.707
426.173754,5.827
426.371604,5.833
426.569754,5.8340000000000005
426.76775399999997,5.8340000000000005
426.965604,5.671
427.163754,6.163
427.361804,5.553
427.559754,5.611
427.75780399999996,5.606
427.955804,5.795
428.153804,5.622
428.35200399999997,5.339
428.549754,5.289
428.747804,5.155
428.94580399999995,4.934
429.143804,4.4350000000000005
429.34205399999996,4.2090000000000005
429.540054,4.027
429.737804,3.934
429.93580399999996,3.854
430.13395399999996,3.858
430.33185399999996,3.7640000000000002
430.530054,3.838
430.72930399999996,4.094
430.92585399999996,4.2170000000000005
431.12400399999996,4.173
431.322254,4.122
431.520104,4.108
431.718104,4.3020000000000005
431.916004,4.723
432.11400399999997,5.2
432.313654,5.771
432.51010399999996,6.122
432.708104,6.324
432.90590399999996,6.399
433.10405399999996,6.635
433.302054,6.706
433.500254,7.037
433.698104,7.414000000000001
433.896254,7.436
434.09405399999997,7.79
434.292304,7.658
434.490304,7.844
434.688154,7.952
434.886304,7.774
435.084304,7.615
435.283804,7.567
435.480304,7.593
435.67830399999997,7.718
435.876154,7.585
436.074304,7.525
436.272354,7.3180000000000005
436.470354,7.404
436.669604,7.439
436.866204,7.603
437.064354,7.646
437.264204,7.655
437.460354,7.863
437.658354,7.5120000000000005
438.053604,7.093
438.251604,7.312
438.44960399999997,7.436
438.647604,7.291
438.845604,7.054
439.04385399999995,7.0840000000000005
439.241654,7.158
439.43990399999996,7.132000000000001
439.637654,7.2250000000000005
439.835654,7.277
440.034804,7.456
440.231654,7.5
440.42990399999996,7.418
440.627654,7.502
440.825704,7.628
441.02390399999996,7.521
441.221904,7.705
441.419904,7.847
441.61790399999995,7.938
441.815704,7.652
442.01390399999997,7.6850000000000005
442.211904,7.348
442.40995399999997,7.7
442.609204,7.662
442.805754,8.037
443.00395399999996,8.045
443.201954,8.194
443.400104,8.153
443.59795399999996,8.131
443.795954,8.031
443.993954,8.14
444.19195399999995,8.161
444.390154,8.211
444.58800399999996,8.302
444.786004,8.207
444.984154,8.06
445.182004,7.816
445.380154,7.588
445.578154,7.522
445.776004,7.372
445.974154,7.846
446.173304,7.682
446.370204,7.649
446.568204,7.6240000000000006
446.766154,7.6770000000000005
446.964154,7.712
447.162204,7.447
447.36020399999995,7.75
447.558204,7.84
447.75620399999997,7.965
447.95460399999996,8.0
448.152204,7.586
448.35020399999996,7.543
448.548204,7.333
448.746204,7.212
448.944354,7.296
449.142254,7.404
449.34045399999997,7.377
449.538254,7.332
449.736254,7.41
449.934404,7.549
450.132254,7.662
450.330454,7.688
450.529504,7.889
450.726254,8.084
450.924404,7.937
451.12240399999996,8.018
451.32050399999997,7.989
451.518504,7.9510000000000005
451.716304,8.2
451.914454,8.279
452.11245399999996,8.351
452.310504,8.191
452.50850399999996,7.745
452.706554,7.953
452.904454,8.271
453.103254,8.437
453.300704,8.471
453.49855399999996,8.683
453.696554,8.628
453.894454,8.779
454.09250399999996,8.833
454.290704,9.013
454.48855399999997,9.453
454.686554,9.585
454.885404,9.385
455.082504,9.703
455.280754,9.821
455.478754,9.771
455.676604,9.702
455.874754,9.771
456.07420399999995,9.676
456.27075399999995,9.593
456.468754,9.495000000000001
456.66675399999997,9.71
456.864754,9.849
457.062954,9.796
457.262454,9.63
457.458754,9.617
457.656904,9.806000000000001
458.052054,9.862
458.250054,9.935
458.44805399999996,10.001
458.646054,10.08
458.84475399999997,10.017
459.042054,10.083
459.240054,9.991
459.43810399999995,10.007
459.636104,10.029
459.83410399999997,9.972
460.033004,10.034
460.230304,9.891
460.42830399999997,10.23
460.626104,10.377
460.824304,10.194
461.022354,10.683
461.220104,11.054
461.41835399999997,10.546
461.616104,10.358
461.814104,10.129
462.01235399999996,9.776
462.211754,9.956
462.408354,10.043000000000001
462.60635399999995,9.955
462.804354,9.81
463.00240399999996,9.78
463.20055399999995,9.655
463.39840399999997,9.664
463.59635399999996,9.536
463.794354,9.393
463.99240399999996,9.361
464.190404,9.164
464.38935399999997,9.121
464.58640399999996,8.895
464.78455399999996,8.887
464.982404,8.9
465.18040399999995,8.281
465.37855399999995,8.108
465.57640399999997,8.162
465.77460399999995,7.856
465.972404,7.159
466.17060399999997,7.259
466.368604,6.9
466.566604,6.698
466.76460399999996,6.776
466.964254,6.683
467.160604,6.7090000000000005
467.35860399999996,6.994
467.556604,6.904
467.754604,6.815
467.952654,6.8870000000000005
468.150654,6.976
468.34865399999995,7.001
468.548304,7.29
468.744804,7.625
468.942654,7.517
469.140854,7.208
469.33865399999996,6.797
469.536654,7.086
469.734804,7.492
469.932704,7.704
470.130904,7.737
470.32890399999997,7.885
470.526704,8.069
470.724804,8.471
470.922804,8.397
471.120904,7.947
471.318904,8.455
471.516704,8.578
471.714854,8.527000000000001
471.912854,8.373
472.11110399999995,8.507
472.30895399999997,8.498
472.50695399999995,8.522
472.70485399999995,8.644
472.902904,8.676
473.10110399999996,8.422
473.298954,8.389
473.497004,8.166
473.69505399999997,8.191
473.892904,8.045
474.09115399999996,8.215
474.28910399999995,8.157
474.48700399999996,8.213000000000001
474.68515399999995,8.115
474.882954,8.181000000000001
475.08115399999997,8.384
475.279154,8.161
475.478754,8.192
475.67515399999996,8.142
475.873154,8.162
476.071154,8.228
476.26915399999996,8.186
476.467154,8.277000000000001
476.66520399999996,8.253
476.863204,8.195
477.061204,8.198
477.45645399999995,8.123
477.85245399999997,7.898000000000001
478.050454,7.982
478.248454,7.906000000000001
478.44645399999996,7.932
478.644454,7.804
478.844154,7.7540000000000004
479.04155399999996,7.699
479.238504,7.543
479.43650399999996,7.537
479.634504,7.564
479.832504,7.522
480.03050399999995,7.49
480.228754,7.401
480.42650399999997,7.074
480.624754,6.9430000000000005
480.822754,6.828
481.02050399999996,6.8180000000000005
481.218754,6.924
481.41655399999996,6.871
481.614554,6.658
481.812754,6.555
482.01095399999997,6.6160000000000005
482.208754,6.662
482.406754,6.753
482.60455399999995,6.853
482.802804,6.9750000000000005
483.000954,6.969
483.198804,6.6770000000000005
483.396804,6.793
483.595354,6.828
483.792804,6.897
483.99080399999997,6.889
484.18895399999997,7.1160000000000005
484.386804,7.2780000000000005
484.58500399999997,7.332
484.78450399999997,7.463
484.98085399999997,7.471
485.17900399999996,7.918
485.376854,8.113
485.57485399999996,8.118
485.77300399999996,8.321
485.971004,8.449
486.169004,8.552
486.36700399999995,8.688
486.565054,8.597
486.76305399999995,8.736
486.96090399999997,8.932
487.15905399999997,8.941
487.357054,9.051
487.555054,8.962
487.75305399999996,9.371
487.95140399999997,9.371
488.149054,9.204
488.34705399999996,9.27
488.54520399999996,9.365
488.743054,9.641
488.94305399999996,9.623
489.139054,9.677
489.33710399999995,9.698
489.53520399999996,9.659
489.733254,9.735
489.93305399999997,9.585
490.129354,9.556000000000001
490.32710399999996,9.663
490.52525399999996,9.647
490.723254,9.625
490.92135399999995,9.74
491.119354,9.555
491.317104,9.603
491.51525399999997,9.683
491.713304,9.676
491.911504,9.799
492.109404,9.744
492.307354,9.895
492.50530399999997,9.761000000000001
492.703304,9.965
492.901554,10.143
493.099404,10.22
493.297404,10.487
493.495304,9.966000000000001
493.694804,10.448
493.891554,10.438
494.08955399999996,10.258000000000001
494.287404,9.864
494.485554,9.797
494.68335399999995,9.935
494.881554,9.661
495.079554,9.799
495.277604,9.765
495.475604,9.528
495.67360399999995,9.594
495.871604,9.537
496.071154,9.473
496.267604,9.628
496.465604,9.471
496.664804,9.599
496.861604,9.237
497.059604,9.336
497.45485399999995,9.151
497.65340399999997,9.032
497.85090399999996,8.998
498.048904,8.973
498.246904,8.985
498.44510399999996,8.998
498.642904,8.898
498.84090399999997,8.906
499.038904,8.946
499.236904,8.996
499.43490399999996,9.175
499.634254,9.155
499.83095399999996,9.328
500.029154,9.174
500.226954,9.237
500.42515399999996,9.33
500.623154,9.363
500.820954,9.428
501.01915399999996,9.401
501.217204,9.444
501.41495399999997,9.21
501.613204,9.46
501.811204,9.383000000000001
502.00920399999995,9.476
502.207204,9.447000000000001
502.40520399999997,9.407
502.603204,9.634
502.801354,9.587
502.999354,9.699
503.197254,9.838000000000001
503.395404,10.105
503.593254,10.054
503.791254,10.179
503.989404,10.278
504.187254,10.474
504.385254,10.646
504.58325399999995,10.798
504.781254,10.832
504.979404,10.838000000000001
505.17745399999995,10.981
505.375454,11.069
505.57345399999997,11.009
505.771254,11.097
505.969404,11.175
506.16745399999996,10.972
506.365454,11.247
506.563454,11.345
506.761304,11.363
506.959454,11.152000000000001
507.157454,11.134
507.35560399999997,10.975
507.554554,10.836
507.75145399999997,10.852
507.949454,10.771
508.14820399999996,10.922
508.34565399999997,10.697000000000001
508.543504,10.662
508.743454,10.479000000000001
508.939504,10.357000000000001
509.137504,10.111
509.335654,10.34
509.53365399999996,10.058
509.73175399999997,9.35
509.929754,9.239
510.127554,9.146
510.325704,9.128
510.525104,9.137
510.72155399999997,8.99
510.91975399999995,8.778
511.11950399999995,8.583
511.315704,8.319
511.51370399999996,8.063
511.712354,7.808
511.90980399999995,7.721
512.107804,7.329
512.305754,7.0840000000000005
512.503704,6.8660000000000005
512.701954,6.997
512.899954,7.098
513.097804,7.159
513.2959539999999,7.248
513.495404,7.179
513.692004,7.003
513.889954,6.9030000000000005
514.087854,6.702
514.2860039999999,5.996
514.483754,6.343
514.682004,6.578
514.880454,6.525
515.078004,6.88
515.276004,7.128
515.4740039999999,7.127
515.672054,7.308
515.870004,7.66
516.068004,7.7860000000000005
516.266004,8.03
516.4640039999999,8.414
516.662054,8.711
516.860004,8.905
517.255304,8.931000000000001
517.453304,9.405
517.651304,9.419
517.849704,9.789
518.0473539999999,9.977
518.245304,10.125
518.444854,10.214
518.641354,10.393
518.839554,10.383000000000001
519.037304,10.409
519.235954,10.56
519.433554,10.463000000000001
519.631354,10.44
519.829554,10.404
520.027354,10.419
520.2253539999999,10.352
520.4241539999999,10.315
520.621354,10.203
520.819604,10.294
521.0193039999999,10.526
521.2153539999999,10.572000000000001
521.413604,10.511000000000001
521.6116039999999,10.517
521.8096039999999,10.597
522.007654,10.607000000000001
522.2054039999999,10.575000000000001
522.403654,10.629
522.603304,10.652000000000001
522.799804,10.609
522.997654,10.536
523.195654,10.465
523.394004,10.450000000000001
523.591654,10.441
523.789854,10.263
523.987654,10.336
524.185654,10.276
524.385304,10.399000000000001
524.581654,10.103
524.779854,10.241
524.977854,10.324
525.175704,10.228
525.3738539999999,10.244
525.571854,10.27
525.769854,10.275
525.967854,10.379
526.165854,10.255
526.363854,10.354000000000001
526.5618539999999,10.317
526.759904,10.118
526.957904,10.081
527.155904,10.076
527.3539039999999,10.321
527.5519039999999,10.07
527.749904,9.982000000000001
527.947904,10.076
528.145954,10.168000000000001
528.344804,10.199
528.542154,10.326
528.740154,10.142
528.937954,10.247
529.1361039999999,10.229000000000001
529.334104,10.312
529.5319539999999,10.417
529.730154,10.588000000000001
529.927954,10.549
530.125954,10.711
530.3241039999999,10.712
530.523954,10.751
530.720204,10.972
530.918204,10.986
531.115954,11.05
531.3141039999999,11.122
531.512354,11.122
531.710204,11.059000000000001
531.908204,11.143
532.106154,11.078
532.3041539999999,11.1
532.502154,11.113
532.701004,11.066
532.898204,11.081
533.0962539999999,10.955
533.2950539999999,11.101
533.492204,11.175
533.690404,11.161
533.888254,11.221
534.0862539999999,11.345
534.284404,11.343
534.482404,11.218
534.680404,11.15
534.8784039999999,11.201
535.076404,11.168000000000001
535.274404,11.182
535.472454,11.161
535.670454,11.134
535.8684539999999,11.289
536.066454,11.101
536.264454,11.228
536.4626039999999,11.116
536.660454,11.259
537.055754,11.277000000000001
537.253704,11.194
537.452554,11.243
537.6497039999999,11.334
537.847704,11.338000000000001
538.045754,11.308
538.243954,11.31
538.441754,11.196
538.640004,11.161
538.837754,11.337
539.035754,11.123000000000001
539.234004,10.928
539.431754,11.107000000000001
539.630004,11.038
539.827754,11.124
540.025804,11.02
540.2240039999999,11.082
540.422004,10.986
540.620054,10.999
540.818004,11.082
541.015804,11.024000000000001
541.2140039999999,11.055
541.412004,11.141
541.610054,11.089
541.808054,11.077
542.006054,11.108
542.2040539999999,11.067
542.402054,11.178
542.600204,11.115
542.798054,11.167
542.996054,11.166
543.1940539999999,11.002
543.392104,11.114
543.590254,11.081
543.788104,11.123000000000001
543.986104,11.283
544.184254,11.24
544.382104,11.395
544.580254,11.412
544.778254,11.442
544.976104,11.603
545.174304,11.571
545.372154,11.509
545.570304,11.414
545.768304,11.285
545.9663039999999,11.305
546.164304,11.331
546.362504,11.18
546.560304,11.165000000000001
546.758304,11.236
546.9563039999999,11.131
547.154354,11.089
547.3525539999999,11.072000000000001
547.550304,11.117
547.748304,11.071
547.9463039999999,10.877
548.144454,10.913
548.3426039999999,10.669
548.5405539999999,10.676
548.738354,10.734
548.9363539999999,10.638
549.134504,10.599
549.334254,10.417
549.5306039999999,10.559000000000001
549.7303039999999,10.418000000000001
549.926354,10.312
550.124504,10.295
550.324154,10.285
550.5206039999999,10.271
550.718604,10.372
550.9164039999999,10.25
551.114554,10.193
551.3127539999999,10.138
551.510604,10.081
551.7086039999999,10.136000000000001
551.906754,10.157
552.104554,10.218
552.304504,10.198
552.500804,10.365
552.700354,10.368
552.896654,10.515
553.094554,10.455
553.293204,10.428
553.490804,10.515
553.690554,10.494
553.886704,10.552
554.084854,10.656
554.283354,10.646
554.480854,10.684000000000001
554.678854,10.496
554.876854,10.602
555.074854,10.434000000000001
555.273504,10.399000000000001
555.470854,10.38
555.6705539999999,10.288
555.866854,10.106
556.064904,9.955
556.264654,9.905
556.658154,9.717
556.856154,9.618
557.0541539999999,9.57
557.252154,9.535
557.4504039999999,9.371
557.648154,9.268
557.846154,9.09
558.0446039999999,8.938
558.242204,8.774000000000001
558.440404,8.779
558.638204,8.761000000000001
558.836204,8.546
559.035854,8.355
559.232204,8.374
559.430404,8.259
559.6284539999999,8.055
559.826204,7.917
560.0242039999999,7.867
560.222454,7.82
560.420454,7.651
560.6184539999999,7.479
560.816204,7.371
561.014454,7.244
561.212454,7.097
561.411304,7.139
561.6084539999999,7.062
561.806454,7.025
562.004454,6.811
562.202504,6.721
562.402304,6.731
562.5985039999999,6.724
562.796504,6.684
562.994504,6.743
563.192504,6.759
563.3906539999999,6.773000000000001
563.588654,6.8870000000000005
563.7865039999999,6.976
563.984704,7.056
564.182504,7.178
564.3807039999999,7.106
564.578654,7.189
564.7765039999999,7.101
564.975204,7.107
565.172554,7.03
565.3707039999999,7.216
565.568704,7.173
565.766704,7.079
565.964704,7.123
566.162704,7.026
566.3607039999999,6.969
566.5587039999999,6.824
566.756704,6.821
566.9563539999999,6.746
567.152754,6.798
567.351004,6.838
567.548754,6.731
567.746754,6.5600000000000005
567.946554,6.628
568.142754,6.417
568.341004,5.756
568.5387539999999,4.95
568.736804,5.26
568.935404,5.43
569.1329539999999,5.985
569.331004,6.349
569.529004,6.421
569.726804,6.304
569.924954,6.0840000000000005
570.1229539999999,6.07
570.321054,6.1000000000000005
570.519054,6.087
570.716854,5.925
570.914954,6.066
571.1130039999999,6.083
571.311204,6.042
571.509054,6.172
571.707054,6.11
571.904954,6.103
572.1030039999999,6.232
572.301204,6.0680000000000005
572.499104,6.174
572.697104,6.094
572.895004,6.111
573.093004,6.152
573.291254,6.26
573.489254,6.218
573.687104,6.213
573.8852539999999,6.431
574.083054,6.352
574.281254,6.423
574.479254,6.272
574.677104,6.195
574.8752539999999,6.506
575.073254,6.743
575.271254,7.045
575.469254,7.059
575.667304,7.692
575.8653039999999,7.8260000000000005
576.063304,8.089
576.4585539999999,8.44
576.854554,8.739
577.052604,8.563
577.250804,8.773
577.4486039999999,9.094
577.646604,8.978
577.845204,8.97
578.042604,8.921
578.240604,8.934000000000001
578.4386039999999,8.884
578.6366039999999,8.906
578.834604,8.913
579.034404,9.206
579.230604,8.947000000000001
579.428854,9.191
579.6266039999999,9.356
579.824654,9.346
580.0228539999999,9.487
580.2208539999999,9.521
580.418854,9.613
580.618254,9.861
580.814854,10.024000000000001
581.0129039999999,10.153
581.211054,10.172
581.408854,10.137
581.606904,10.151
581.804904,10.131
582.002904,9.995000000000001
582.2009039999999,10.151
582.398904,10.425
582.596904,10.49
582.794904,10.479000000000001
582.992904,10.429
583.191054,10.439
583.389104,10.421
583.586954,10.482000000000001
583.786754,10.511000000000001
583.982954,10.692
584.1809539999999,10.620000000000001
584.379104,10.576
584.577104,10.573
584.774954,10.546
584.974354,10.632
585.171104,10.657
585.369154,10.639
585.567154,10.584
585.765004,10.735
585.9631539999999,10.849
586.162304,10.791
586.359154,10.785
586.558854,10.918000000000001
586.755304,10.749
586.953204,10.678
587.151154,10.737
587.349204,10.746
587.547204,10.716000000000001
587.745204,10.65
587.944904,10.598
588.141404,10.626
588.339204,10.605
588.537204,10.559000000000001
588.735354,10.452
588.933354,10.287
589.131454,10.357000000000001
589.329554,10.127
589.527204,10.155
589.7253539999999,10.225
589.923354,10.075000000000001
590.121454,9.947000000000001
590.319454,10.021
590.5174539999999,9.875
590.7154039999999,9.995000000000001
590.914854,9.775
591.1116039999999,9.848
591.309504,9.843
591.5075039999999,9.829
591.7054039999999,9.899000000000001
591.903404,9.834
592.101604,9.881
592.299504,9.853
592.4975039999999,9.855
592.697104,9.714
592.893454,9.693
593.091654,9.68
593.2896539999999,9.659
593.487504,9.476
593.685654,9.302
593.883454,9.436
594.081654,9.401
594.2797039999999,9.36
594.477704,9.325000000000001
594.6773539999999,9.227
594.873704,9.194
595.071704,9.183
595.2697039999999,9.172
595.467704,9.13
595.665704,9.221
595.863754,9.086
596.258954,9.120000000000001
596.456954,9.203
596.655004,9.224
596.8530039999999,9.085
597.0510039999999,9.023
597.249004,9.101
597.447004,9.078
597.646454,9.182
597.843004,9.039
598.0410039999999,9.156
598.239254,9.118
598.438554,9.27
598.635054,9.423
598.833254,9.404
599.0310539999999,9.317
599.229304,9.401
599.427054,9.502
599.625054,9.449
599.823254,9.504
600.021254,9.446
600.219304,9.401
600.417304,9.458
600.615104,9.364
600.813304,9.314
601.011304,9.3
601.209304,9.302
601.407304,9.214
601.605104,9.193
601.803304,9.148
602.001304,8.919
602.199354,8.992
602.397354,8.834
602.597004,8.818
602.795004,8.811
602.991504,8.735
603.1895039999999,8.753
603.387354,8.639
603.585654,8.454
603.7833539999999,8.574
603.981354,8.577
604.1800039999999,8.603
604.3775539999999,8.513
604.5754039999999,8.353
604.773554,8.4
604.971354,8.292
605.169554,8.365
605.3675539999999,8.285
605.565404,8.53
605.763604,8.344
605.961804,8.432
606.159604,8.436
606.3575539999999,8.601
606.5573039999999,8.582
606.753604,8.479000000000001
606.951604,8.558
607.149604,8.739
607.3476039999999,8.689
607.545754,8.405
607.743754,8.414
607.941604,8.46
608.139854,8.385
608.3376039999999,8.351
608.5356039999999,8.349
608.733754,8.295
608.9318539999999,8.201
609.129854,8.106
609.3276539999999,8.048
609.525804,8.155
609.723804,8.076
609.921804,7.922000000000001
610.119904,7.845
610.317854,7.734
610.515954,7.489
610.713854,7.46
610.911804,7.371
611.109904,7.265000000000001
611.307904,7.257000000000001
611.5057039999999,7.267
611.705554,7.054
611.902054,7.037
612.100054,6.8790000000000004
612.297904,6.731
612.496054,6.736
612.693854,6.722
612.891854,6.507000000000001
613.090104,6.4110000000000005
613.287954,6.503
613.485954,6.37
613.6841039999999,6.194
613.881954,6.2330000000000005
614.080104,6.189
614.278104,5.885
614.4775539999999,5.792
614.6741539999999,5.736
614.872154,5.71
615.070154,5.635
615.268154,5.2860000000000005
615.4663039999999,5.175
615.6641539999999,5.064
615.862754,4.9750000000000005
616.257404,4.496
616.4554039999999,4.609
616.653404,4.213
616.851404,4.196
617.049454,4.182
617.247454,4.08
617.4454539999999,4.172
617.643704,4.147
617.841454,4.316
618.0396539999999,4.553
618.237454,5.162
618.4354539999999,4.6770000000000005
618.633704,5.258
618.831454,5.646
619.0297039999999,5.83
619.227504,6.627
619.4255039999999,6.78
619.623704,6.88
619.821704,7.144
620.0197039999999,7.439
620.217704,7.204
620.4155039999999,7.056
620.613704,7.413
620.811704,7.901
621.0097539999999,8.151
621.207754,8.509
621.405754,8.585
621.603754,8.661
621.801754,8.950000000000001
621.999904,9.258000000000001
622.1977539999999,9.349
622.397354,9.497
622.593804,9.633000000000001
622.791754,9.846
622.989954,9.862
623.187954,9.873
623.385754,9.917
623.583954,9.875
623.781754,9.928
623.979954,10.022
624.177954,10.102
624.375804,10.026
624.573954,9.97
624.771804,9.943
624.9699539999999,9.956
625.167954,9.873
625.366704,9.937
625.564004,9.904
625.7620039999999,9.972
625.960004,10.036
626.158004,10.037
626.356154,10.083
626.554004,10.012
626.7520039999999,9.856
626.9500039999999,9.915000000000001
627.148004,9.925
627.346154,9.794
627.545854,9.753
627.7420539999999,9.608
627.940304,9.763
628.138254,9.991
628.336054,9.929
628.5342039999999,9.914
628.732054,9.967
628.930304,10.001
629.128304,10.171
629.327954,10.343
629.5242539999999,10.348
629.7222039999999,10.395
629.920304,10.75
630.118304,10.767
630.316054,10.727
630.5142539999999,11.07
630.7122039999999,11.058
630.911804,11.127
631.108354,11.381
631.3064539999999,11.4
631.505454,11.451
631.702504,11.642
631.900504,11.529
632.098354,11.434000000000001
632.296504,11.471
632.4943039999999,11.312
632.6922539999999,11.286
632.890504,11.562
633.088504,11.498000000000001
633.286554,11.538
633.484554,11.713000000000001
633.683054,11.569
633.880504,11.473
634.078504,11.475
634.2765539999999,11.657
634.474554,11.732000000000001
634.672554,11.762
634.8721039999999,11.719
635.068554,11.729000000000001
635.266704,11.723
635.4663039999999,11.508000000000001
635.662554,11.472
636.057854,11.485
636.255854,11.378
636.453854,11.509
636.651854,11.494
636.8498539999999,11.496
637.0478539999999,11.392
637.245954,11.328
637.4441039999999,11.414
637.641854,11.378
637.840104,11.272
638.0378539999999,11.415000000000001
638.235854,11.525
638.4341039999999,11.407
638.632104,11.312
638.831204,11.181000000000001
639.028104,11.231
639.225904,11.349
639.425804,11.074
639.622154,11.143
639.819904,11.132
640.018154,11.143
640.215904,11.09
640.415754,10.926
640.6121539999999,11.031
640.810304,10.964
641.008154,10.976
641.206204,11.119
641.405054,11.254
641.6021539999999,11.206
641.800154,11.494
641.998154,11.457
642.196204,11.297
642.394204,11.143
642.593804,11.086
642.790354,11.064
642.988354,10.834
643.186254,10.851
643.3843539999999,10.796
643.5822039999999,10.914
643.780354,10.939
643.978354,10.903
644.176254,10.75
644.374404,10.794
644.572404,10.74
644.770404,10.788
644.968404,10.722
645.168154,10.724
645.3644039999999,10.693
645.562404,10.725
645.760404,10.721
645.958404,10.729000000000001
646.1564539999999,10.84
646.3544539999999,10.818
646.552454,10.848
646.7506539999999,10.518
646.948454,11.058
647.146454,10.933
647.344604,10.931000000000001
647.542454,10.933
647.742204,11.024000000000001
647.938454,11.107000000000001
648.136454,11.159
648.335454,11.231
648.532604,11.175
648.732204,11.095
648.9287039999999,11.261000000000001
649.126504,11.27
649.3263039999999,11.161
649.522654,11.171
649.7207539999999,11.038
649.9187539999999,11.067
650.116504,10.948
650.3163539999999,11.082
650.512654,11.111
650.7109039999999,11.14
650.9087539999999,11.13
651.106754,11.166
651.304704,11.203
651.502704,11.098
651.7009039999999,11.024000000000001
651.8987539999999,11.172
652.0967539999999,11.343
652.294904,11.27
652.492704,11.287
652.691604,11.324
652.888954,11.334
653.0868039999999,11.191
653.284954,11.31
653.482754,11.528
653.6809539999999,11.527000000000001
653.878954,11.463000000000001
654.076954,11.59
654.275004,11.539
654.473004,11.51
654.6709539999999,11.496
654.869004,11.415000000000001
655.067004,11.339
655.265004,11.543000000000001
655.463004,11.377
655.858254,11.404
656.056254,11.441
656.254254,11.283
656.4522539999999,11.586
656.650254,11.518
656.848254,11.877
657.046254,12.066
657.2443039999999,12.272
657.4423039999999,12.295
657.640504,12.122
657.838304,11.865
658.036304,11.702
658.234554,11.456
658.432554,11.366
658.630304,11.620000000000001
658.8285539999999,11.626
659.026304,11.457
659.224354,11.397
659.422554,11.488
659.620354,11.591000000000001
659.818554,11.775
660.0165539999999,11.657
660.214354,11.688
660.412554,11.69
660.6107039999999,11.563
660.808604,11.638
661.0066039999999,11.53
661.204604,11.374
661.402604,11.437
661.600604,11.409
661.7987539999999,11.371
661.9966039999999,11.337
662.194604,11.23
662.392604,11.183
662.590654,11.290000000000001
662.7888039999999,11.195
662.9866539999999,11.214
663.184654,11.246
663.382654,11.128
663.580804,11.208
663.7788039999999,11.258000000000001
663.976804,11.133000000000001
664.174804,11.145
664.372854,11.052
664.570804,11.108
664.7688539999999,11.077
664.966854,11.05
665.1646539999999,11.055
665.362804,11.168000000000001
665.561054,11.324
665.7588539999999,11.387
665.956854,11.488
666.155054,11.519
666.352854,11.501
666.552054,11.463000000000001
666.7488539999999,11.483
666.9468539999999,11.487
667.146654,11.492
667.342904,11.482000000000001
667.541104,11.395
667.739104,11.603
667.9369039999999,11.723
668.134904,11.481
668.333054,11.725
668.530904,11.858
668.730454,12.007
668.9269039999999,11.756
669.124954,11.817
669.324754,11.695
669.521154,11.573
669.719154,11.759
669.917154,11.702
670.115104,11.741
670.313104,11.815
670.511304,11.815
670.709154,11.706
670.907154,11.639000000000001
671.105104,11.761000000000001
671.303154,11.793000000000001
671.501354,11.852
671.699354,11.767
671.8974539999999,11.581
672.0953539999999,11.558
672.293104,11.666
672.491354,11.552
672.689354,11.541
672.887204,11.464
673.0854039999999,11.545
673.283404,11.617
673.481154,11.454
673.679404,11.34
673.8780039999999,11.24
674.0754039999999,11.26
674.2734039999999,11.294
674.473004,11.06
674.669404,10.959
674.867404,11.056000000000001
675.0654539999999,10.971
675.460654,10.896
675.8567039999999,10.927
676.054704,10.761000000000001
676.252704,10.782
676.450704,10.779
676.648704,10.769
676.8467039999999,10.701
677.044704,10.574
677.242904,10.49
677.440704,10.267
677.638954,10.200000000000001
677.8371539999999,9.993
678.034754,9.976
678.232954,10.0
678.4323539999999,9.887
678.628954,9.979000000000001
678.8267539999999,9.802
679.0247539999999,9.784
679.222954,9.723
679.421154,9.663
679.619004,9.461
679.817004,9.431000000000001
680.0147539999999,9.298
680.213004,9.122
680.411154,9.123
680.6090039999999,8.935
680.807004,8.987
681.005004,8.841
681.203004,8.700000000000001
681.401204,8.418000000000001
681.599204,8.361
681.797054,8.293000000000001
681.995054,7.931
682.193004,7.695
682.391204,7.662
682.589204,7.5360000000000005
682.787054,7.371
682.985104,6.993
683.1832539999999,6.86
683.381254,6.641
683.579204,6.32
683.777204,6.109
683.975204,5.915
684.1732539999999,5.839
684.371254,5.619
684.569254,5.535
684.767604,5.476
684.965254,5.763
685.1632539999999,5.498
685.3630539999999,5.493
685.559254,5.208
685.757254,5.3180000000000005
685.955304,5.5680000000000005
686.1533039999999,6.121
686.351504,6.292
686.549304,6.5600000000000005
686.747304,6.938
686.947154,7.397
687.143454,7.479
687.341504,7.719
687.539504,7.995
687.737304,8.015
687.935304,8.305
688.1351539999999,8.415000000000001
688.331554,8.378
688.529554,8.728
688.727354,8.89
688.9255039999999,8.994
689.1234539999999,8.963000000000001
689.323054,8.943
689.519604,9.052
689.717954,9.499
689.9155039999999,9.632
690.113554,9.821
690.311754,9.942
690.509604,10.027000000000001
690.707604,10.048
690.905954,10.120000000000001
691.1035039999999,10.205
691.301754,10.297
691.4997539999999,10.378
691.6976539999999,10.269
691.897354,10.428
692.0935539999999,10.425
692.291804,10.317
692.4898039999999,10.496
692.6877539999999,10.436
692.887354,10.413
693.083804,10.57
693.281804,10.549
693.481154,10.644
693.6778039999999,10.648
693.8756539999999,10.824
694.073804,10.915000000000001
694.271804,11.014
694.469804,11.017
694.6678039999999,10.536
694.865854,10.652000000000001
695.063854,10.763
695.459104,10.862
695.657104,10.768
695.855104,10.785
696.053104,10.773
696.2511039999999,10.907
696.449354,10.812
696.647154,10.775
696.845104,10.726
697.043354,10.744
697.241104,10.65
697.439354,10.653
697.637154,10.528
697.835154,10.377
698.0333539999999,10.19
698.232504,10.118
698.429404,10.162
698.627404,10.17
698.825154,10.028
699.0234039999999,9.886000000000001
699.2226539999999,9.856
699.419404,9.771
699.617404,9.757
699.815204,9.452
700.0134039999999,9.38
700.211454,9.244
700.409404,9.257
700.607404,9.179
700.805404,9.144
701.0034539999999,9.158
701.201454,9.072000000000001
701.400354,9.002
701.597454,9.034
701.795454,8.93
701.994954,8.917
702.191454,8.929
702.389604,8.85
702.5876039999999,8.758000000000001
702.785504,8.449
702.983654,8.693
703.181504,8.441
703.379654,8.405
703.5786539999999,8.163
703.775504,8.02
703.973654,7.877
704.172554,7.913
704.369654,7.609
704.567654,7.452
704.7657039999999,7.473
704.963704,7.273000000000001
705.161704,7.266
705.359704,7.1370000000000005
705.557704,7.242
705.756954,6.993
705.953704,6.793
706.151704,6.804
706.3516539999999,6.639
706.547704,6.553
706.7457539999999,6.372
706.943904,6.2620000000000005
707.141704,6.053
707.3399539999999,5.7780000000000005
707.537754,5.506
707.7357539999999,5.365
707.9341039999999,5.009
708.131904,4.832
708.3300039999999,4.526
708.528004,4.312
708.7257539999999,4.0200000000000005
708.923904,3.757
709.121904,3.653
709.3200039999999,3.444
709.518004,3.267
709.7158039999999,3.218
709.9151039999999,3.1550000000000002
710.111954,3.0060000000000002
710.310154,2.884
710.508054,2.866
710.706004,2.728
710.9055539999999,2.678
711.101954,2.5060000000000002
711.300154,2.466
711.498054,2.3770000000000002
711.696104,2.254
711.894204,2.033
712.0922039999999,1.917
712.290204,1.699
712.488204,1.564
712.686204,1.334
712.885904,1.083
713.082004,0.9420000000000001
713.2802039999999,0.71
713.478304,0.47600000000000003
713.676254,0.228
713.874254,0.094
714.0722539999999,0.022
714.270254,0.061
714.468404,0.025
714.666254,0.033
714.864254,0.059000000000000004
715.2597539999999,0.176
715.457504,0.066
715.655504,0.061
715.853754,0.048
716.051554,0.045
716.249554,0.07
716.448054,0.039
716.645554,0.041
716.8435539999999,0.067
717.041554,0.017
717.239554,0.031
717.437554,0.033
717.635604,0.001
717.833804,0.061
718.031804,0.013000000000000001
718.229804,0.02
718.4278539999999,0.06
718.625604,0.025
718.823804,0.07100000000000001
719.021804,0.059000000000000004
719.219804,0.056
719.4178039999999,0.032
719.615854,0.113
719.8136539999999,0.019
720.011854,0.032
720.209854,0.05
720.408454,0.07200000000000001
720.605854,0.013000000000000001
720.803604,0.025
721.001854,0.073
721.2000039999999,0.038
721.398204,0.07100000000000001
721.595904,0.032
721.794054,0.037
721.9934539999999,0.02
722.189904,0.08600000000000001
722.388054,0.045
722.5859039999999,0.018000000000000002
722.783904,0.046
722.981904,0.053
723.179904,0.04
723.378104,0.01
723.576104,0.026000000000000002
723.773954,0.052000000000000005
723.972104,0.088
724.1700539999999,0.057
724.368104,0.022
724.566104,0.05
724.764104,0.053
724.962104,0.065
725.159954,0.062
725.3581039999999,0.01
725.556104,0.019
725.7543539999999,0.066
725.952104,0.039
726.150354,0.042
726.348154,0.007
726.546154,0.081
726.7443039999999,0.036000000000000004
726.942154,0.021
727.140404,0.027
727.3381539999999,0.047
727.536154,0.014
727.734304,0.025
727.9323039999999,0.036000000000000004
728.130404,0.056
728.328404,0.025
728.526204,0.025
728.724354,0.053
728.9223539999999,0.067
729.120554,0.052000000000000005
729.318404,0.06
729.516404,0.036000000000000004
729.714354,0.096
729.9123539999999,0.028
730.110554,0.014
730.3101039999999,0.012
730.506454,0.03
730.704404,0.016
730.902354,0.053
731.100604,0.03
731.298604,0.015
731.496454,0.047
731.6946039999999,0.035
731.8924039999999,0.096
732.090604,0.07
732.288654,0.019
732.486504,0.048
732.684654,0.07200000000000001
732.882654,0.036000000000000004
733.080654,0.023
733.278654,0.056
733.4776039999999,0.04
733.6746539999999,0.027
733.872654,0.125
734.070704,0.048
734.268704,0.012
734.466654,0.044
734.6646539999999,0.032
735.059954,0.03
735.455954,0.033
735.653954,0.036000000000000004
735.851954,0.062
736.049954,0.126
736.2479539999999,0.08
736.446004,0.04
736.644004,0.068
736.8422039999999,0.044
737.040004,0.048
737.238204,0.038
737.4360039999999,0.084
737.634004,0.041
737.8322039999999,0.242
738.030004,0.08600000000000001
738.228254,0.064
738.4260039999999,0.07200000000000001
738.624004,0.013000000000000001
738.823904,0.1
739.020254,0.027
739.218254,0.036000000000000004
739.416254,0.044
739.614054,0.023
739.8122539999999,0.055
740.0102539999999,0.059000000000000004
740.208304,0.223
740.406304,0.271
740.604054,0.266
740.8023039999999,0.38
741.000454,0.406
741.198454,0.358
741.3979039999999,0.383
741.5944539999999,0.432
741.792304,0.383
741.9903039999999,0.367
742.188504,0.293
742.386354,0.089
742.584304,0.047
742.7824539999999,0.023
742.9803039999999,0.066
743.178504,0.064
743.376504,0.08600000000000001
743.574354,0.021
743.7725039999999,0.045
743.970504,0.032
744.168504,0.036000000000000004
744.366504,0.11
744.5645039999999,0.06
744.7625039999999,0.134
744.960554,0.064
745.158554,0.125
745.356554,0.149
745.5545539999999,0.022
745.7525539999999,0.044
745.950554,0.077
746.148554,0.14200000000000002
746.348254,0.221
746.544554,0.34400000000000003
746.742704,0.521
746.940804,0.664
747.1388039999999,0.899
747.337304,1.125
747.534754,1.412
747.732754,1.548
747.930604,1.833
748.128804,2.169
748.327404,2.318
748.524604,2.539
748.723254,3.001
748.920754,3.306
749.1188539999999,3.676
749.3168539999999,3.8770000000000002
749.514604,4.006
749.712754,4.008
749.9110039999999,3.899
750.108854,4.19
750.3069039999999,4.1290000000000004
750.505054,4.361
750.702804,4.216
750.9010539999999,4.233
751.0990539999999,4.3420000000000005
751.2969039999999,4.798
751.495054,4.915
751.6928039999999,5.095
751.8910539999999,5.186
752.089704,5.297
752.287054,5.452
752.486804,5.405
752.683054,5.6370000000000005
752.881054,5.532
753.0790539999999,5.554
753.277054,5.534
753.475054,5.726
753.673054,5.883
753.870854,5.789
754.0691039999999,5.846
754.267104,5.881
754.465104,6.207
754.8603539999999,5.801
755.058354,6.008
755.256404,6.2170000000000005
755.454404,6.083
755.652354,6.362
755.8503539999999,6.364
756.0487539999999,6.165
756.246404,6.1240000000000006
756.444404,6.138
756.642604,6.195
756.8404039999999,6.093
757.0391539999999,6.186
757.236404,6.135
757.434404,6.243
757.632654,6.215
757.8304039999999,6.24
758.0296539999999,6.292
758.2266539999999,6.343
758.424454,6.453
758.6238539999999,6.694
758.820654,6.9110000000000005
759.018704,7.0120000000000005
759.217304,7.078
759.414454,7.431
759.612654,7.273000000000001
759.810654,7.2940000000000005
760.0088539999999,7.3100000000000005
760.207604,7.29
760.4047039999999,7.231
760.602704,7.139
760.800704,7.0760000000000005
760.9988539999999,7.061
761.1967539999999,7.181
761.396254,7.287
761.5927039999999,7.202
761.790704,7.202
761.9889039999999,6.966
762.1869039999999,7.057
762.3847539999999,7.112
762.582904,7.095
762.780754,6.9
762.9789039999999,6.98
763.1769039999999,6.884
763.3748039999999,6.835
763.572904,6.692
763.770754,6.591
763.9689539999999,6.43
764.1669539999999,6.283
764.364954,6.128
764.562954,6.038
764.760954,6.066
764.958954,5.849
765.1570039999999,5.453
765.355104,5.306
765.552954,5.133
765.751004,5.151
765.949204,5.146
766.148554,4.869
766.345104,4.581
766.543104,4.337
766.741004,4.079
766.939204,3.9650000000000003
767.1370039999999,3.8770000000000002
767.335154,3.685
767.533154,3.5020000000000002
767.731154,3.254
767.929254,3.215
768.127254,2.986
768.325154,2.79
768.523154,2.74
768.721154,2.5540000000000003
768.9192539999999,2.491
769.1175039999999,2.334
769.315204,2.092
769.513204,2.229
769.711204,2.277
769.909404,2.1390000000000002
770.107304,1.889
770.3068039999999,1.774
770.503204,1.451
770.701254,1.3820000000000001
770.899454,1.338
771.097304,1.231
771.295454,1.1300000000000001
771.4934539999999,0.9420000000000001
771.691254,0.961
771.889454,0.8180000000000001
772.088454,0.607
772.285504,0.463
772.4835039999999,0.353
772.681504,0.454
772.879504,0.244
773.077504,0.091
773.277204,0.085
773.4735039999999,0.044
773.671654,0.092
773.869504,0.059000000000000004
774.067504,0.042
774.462754,0.218
774.858804,0.067
775.0568039999999,0.046
775.2548039999999,0.032
775.452804,0.127
775.650804,0.065
775.8490539999999,0.04
776.046804,0.003
776.2448039999999,0.068
776.443004,0.023
776.640804,0.068
776.838854,0.028
777.036854,0.122
777.2348539999999,0.07200000000000001
777.433054,0.023
777.631054,0.035
777.828854,0.02
778.027054,0.031
778.2248539999999,0.015
778.423054,0.045
778.621104,0.034
778.8191039999999,0.019
779.017104,0.019
779.215104,0.038
779.413104,0.03
779.611104,0.098
779.8091039999999,0.092
780.0071039999999,0.08600000000000001
780.205104,0.04
780.403104,0.026000000000000002
780.601104,0.044
780.799304,0.067
780.9971539999999,0.005
781.195154,0.01
781.393304,0.023
781.5926539999999,0.028
781.789304,0.062
781.987354,0.11
782.185204,0.011
782.3833539999999,0.077
782.581204,0.04
782.779354,0.029
782.977354,0.024
783.175354,0.14
783.373354,0.07100000000000001
783.5713539999999,0.07100000000000001
783.769354,0.027
783.968854,0.047
784.165354,0.007
784.363354,0.028
784.5613539999999,0.042
784.7593539999999,0.073
784.957404,0.053
785.155404,0.096
785.3535039999999,0.058
785.5514039999999,0.016
785.749604,0.08700000000000001
785.9486539999999,0.083
786.145404,0.069
786.343654,0.047
786.543104,0.058
786.739604,0.019
786.937654,0.08700000000000001
787.135454,0.038
787.3335539999999,0.068
787.531604,0.055
787.729654,0.053
787.9287039999999,0.088
788.125454,0.056
788.3236039999999,0.046
788.5216039999999,0.075
788.719804,0.034
788.917704,0.042
789.1157039999999,0.03
789.3136039999999,0.028
789.5116539999999,0.093
789.709854,0.07100000000000001
789.907704,0.1
790.105704,0.085
790.303604,0.047
790.5016539999999,0.049
790.699854,0.066
790.899104,0.035
791.0957539999999,0.035
791.293904,0.03
791.493304,0.095
791.689904,0.08700000000000001
791.8879039999999,0.044
792.087504,0.043000000000000003
792.283904,0.028
792.4817039999999,0.015
792.6810039999999,0.105
792.8779539999999,0.019
793.0759539999999,0.03
793.273954,0.10200000000000001
793.473704,0.028
793.669904,0.038
793.867904,0.018000000000000002
794.0659539999999,0.116
794.461204,0.033
794.6592039999999,0.044
794.8572039999999,0.063
795.055204,0.057
795.253204,0.015
795.451254,0.035
795.6492539999999,0.051000000000000004
795.847254,0.03
796.045254,0.049
796.243254,0.051000000000000004
796.4414539999999,0.031
796.6392539999999,0.022
796.837504,0.017
797.035254,0.063
797.233254,0.011
797.431504,0.028
797.629254,0.113
797.828004,0.088
798.025254,0.075
798.223254,0.074
798.423104,0.024
798.619504,0.028
798.817504,0.04
799.0170039999999,0.085
799.213304,0.018000000000000002
799.4115539999999,0.069
799.609554,0.012
799.807554,0.08600000000000001
800.005554,0.039
800.2036539999999,0.042
800.4015539999999,0.037
800.599554,0.07200000000000001
800.7991539999999,0.063
800.995554,0.054
801.193554,0.028
801.3915539999999,0.15
801.589704,0.074
801.787704,0.112
801.986804,0.06
802.1837539999999,0.019
802.381754,0.084
802.579754,0.062
802.777754,0.111
802.9757539999999,0.108
803.174054,0.196
803.371754,0.1
803.5696039999999,0.051000000000000004
803.768204,0.078
803.9658039999999,0.043000000000000003
804.1638039999999,0.074
804.361804,0.12
804.5600539999999,0.122
804.757804,0.163
804.955804,0.092
805.153954,0.07
805.351804,0.048
805.549804,0.10300000000000001
805.747854,0.107
805.9458539999999,0.019
806.144404,0.06
806.342004,0.10200000000000001
806.539854,0.027
806.7380539999999,0.08600000000000001
806.935854,0.124
807.1338539999999,0.097
807.332004,0.033
807.5301039999999,0.052000000000000005
807.7285039999999,0.05
807.926104,0.064
808.124004,0.091
808.322004,0.033
808.520004,0.05
808.7194039999999,0.074
808.916104,0.10400000000000001
809.1139039999999,0.08600000000000001
809.312054,0.045
809.510304,0.031
809.709854,0.036000000000000004
809.9060539999999,0.067
810.104154,0.105
810.302054,0.002
810.5002539999999,0.046
810.698304,0.064
810.8979039999999,0.042
811.094304,0.029
811.292104,0.047
811.490104,0.068
811.688304,0.094
811.886304,0.013000000000000001
812.084154,0.047
812.282304,0.029
812.480104,0.049
812.6783039999999,0.073
812.876354,0.07
813.074204,0.037
813.272354,0.043000000000000003
813.470504,0.017
813.6691539999999,0.05
813.866354,0.047
814.2616539999999,0.075
814.459654,0.088
814.657604,0.056
814.8571039999999,0.064
815.0536539999999,0.111
815.2516539999999,0.164
815.449804,0.123
815.6478539999999,0.153
815.845654,0.225
816.0447039999999,0.097
816.241904,0.002
816.439654,0.09
816.6379039999999,0.096
816.835654,0.041
817.033654,0.019
817.231904,0.096
817.429704,0.24
817.6285039999999,0.055
817.8259539999999,0.099
818.023704,0.17200000000000001
818.221904,0.10300000000000001
818.419904,0.083
818.6185039999999,0.036000000000000004
818.8159539999999,0.018000000000000002
819.013704,0.122
819.211954,0.132
819.409954,0.106
819.6081039999999,0.052000000000000005
819.8059539999999,0.045
820.0039539999999,0.012
820.201954,0.121
820.399954,0.051000000000000004
820.599804,0.063
820.797054,0.112
820.994004,0.067
821.192004,0.092
821.3907039999999,0.045
821.5881539999999,0.066
821.786154,0.065
821.9840039999999,0.073
822.182154,0.036000000000000004
822.380004,0.036000000000000004
822.5782039999999,0.053
822.776204,0.081
822.9740539999999,0.063
823.172204,0.061
823.370404,0.074
823.5682039999999,0.112
823.766204,0.034
823.964204,0.044
824.162204,0.076
824.360454,0.059000000000000004
824.5582539999999,0.124
824.756254,0.066
824.954204,0.109
825.152204,0.034
825.350204,0.035
825.548854,0.14
825.7462539999999,0.052000000000000005
825.944254,0.041
826.1429539999999,0.021
826.340504,0.076
826.538504,0.08
826.7362539999999,0.097
826.934254,0.08700000000000001
827.132404,0.093
827.331554,0.066
827.528504,0.05
827.726554,0.106
827.924304,0.094
828.122454,0.101
828.320704,0.041
828.518504,0.046
828.7181039999999,0.073
828.914304,0.163
829.112454,0.035
829.310654,0.014
829.508654,0.063
829.706554,0.082
829.904554,0.124
830.102504,0.10300000000000001
830.301554,0.054
830.498704,0.074
830.696554,0.195
830.8947039999999,0.122
831.0927039999999,0.117
831.290704,0.178
831.488754,0.183
831.686754,0.171
831.884604,0.131
832.0827539999999,0.149
832.2824539999999,0.068
832.478754,0.114
832.676754,0.027
832.8747539999999,0.10400000000000001
833.0727539999999,0.187
833.270904,0.233
833.468804,0.257
833.666804,0.241
834.062054,0.181
834.260054,0.038
834.458054,0.024
834.6560539999999,0.132
834.8540539999999,0.106
835.052054,0.165
835.250054,0.215
835.448554,0.159
835.6461039999999,0.253
835.844104,0.467
836.042104,0.648
836.240104,0.751
836.438304,0.8310000000000001
836.636304,1.5150000000000001
836.8341039999999,1.792
837.033954,2.06
837.2303039999999,2.298
837.4283039999999,2.445
837.626354,2.678
837.8241539999999,2.845
838.022154,3.104
838.2203539999999,3.2760000000000002
838.4183539999999,3.504
838.616354,3.845
838.814354,4.147
839.012154,4.388
839.2103539999999,4.534
839.408554,4.6850000000000005
839.606404,4.837
839.804404,4.904
840.002404,5.18
840.2004039999999,5.3100000000000005
840.398554,5.461
840.596554,5.667
840.794404,5.766
840.992804,5.8500000000000005
841.190404,6.061
841.388604,6.303
841.586604,6.407
841.784404,6.488
841.984054,6.57
842.180404,6.5760000000000005
842.378604,6.61
842.577404,6.664
842.774604,6.532
842.9726039999999,6.392
843.1706039999999,6.756
843.368604,6.5520000000000005
843.566604,6.606
843.764604,6.6240000000000006
843.962454,6.438
844.162254,6.1080000000000005
844.358654,6.321
844.556654,6.333
844.7562039999999,6.191
844.952804,5.9990000000000006
845.1506539999999,5.916
845.348904,5.755
845.546654,5.708
845.744654,5.507
845.943004,5.968
846.140804,6.0680000000000005
846.338904,6.221
846.537954,6.112
846.734704,6.2410000000000005
846.9328539999999,6.8
847.130854,7.071
847.328904,7.234
847.5269539999999,7.335
847.724704,7.299
847.9228539999999,7.165
848.120854,7.274
848.3191039999999,7.4910000000000005
848.5169539999999,7.506
848.7149539999999,7.8340000000000005
848.9128539999999,8.124
849.110854,8.305
849.3091039999999,8.371
849.506954,8.592
849.7049539999999,8.932
849.9029039999999,9.1
850.100904,9.22
850.2991539999999,9.347
850.4971539999999,9.634
850.696154,9.77
850.893154,9.822000000000001
851.0909039999999,10.056000000000001
851.289754,10.225
851.4871539999999,10.357000000000001
851.6850039999999,10.614
851.883154,10.737
852.081154,10.894
852.279154,11.059000000000001
852.4771539999999,11.061
852.6751539999999,11.182
852.873154,11.377
853.071154,11.453
853.466454,11.577
853.862454,11.701
854.0604539999999,11.76
854.2584539999999,11.901
854.456454,11.829
854.654454,11.954
854.852504,12.012
855.0505039999999,12.101
855.2484539999999,11.884
855.446704,12.079
855.644454,12.129
855.842504,12.176
856.040704,12.288
856.2394539999999,12.284
856.436754,12.281
856.634504,12.392
856.832504,12.533
857.030754,12.539
857.2285039999999,12.564
857.426754,12.607000000000001
857.6247539999999,12.805
857.822554,12.669
858.020754,12.776
858.218754,12.841000000000001
858.416804,12.858
858.6148039999999,12.956
858.812554,13.149000000000001
859.0107539999999,13.247
859.209304,13.248000000000001
859.406804,13.172
859.604804,13.337
859.8028039999999,13.438
860.000804,13.341000000000001
860.199754,13.426
860.3969539999999,13.421000000000001
860.594804,13.349
860.7928039999999,13.359
860.9908039999999,13.358
861.188804,13.234
861.388654,13.232000000000001
861.584854,13.184000000000001
861.7828539999999,13.307
861.981004,13.205
862.179004,13.154
862.378704,13.074
862.5750039999999,13.101
862.773004,13.117
862.971004,13.034
863.168854,13.131
863.3670539999999,13.143
863.5650539999999,13.155000000000001
863.763054,13.109
863.961054,13.131
864.159054,13.103
864.357054,13.216000000000001
864.5550539999999,13.099
864.7530539999999,13.06
864.951054,13.073
865.1493039999999,12.967
865.347304,12.881
865.5450539999999,12.885
865.743254,12.96
865.941204,12.786
866.139104,12.743
866.337354,12.721
866.5351039999999,12.666
866.733254,12.663
866.931254,12.608
867.1293539999999,12.453
867.327354,12.248000000000001
867.525354,12.082
867.7240539999999,12.095
867.921254,11.912
868.119504,11.769
868.319004,11.671
868.515404,11.492
868.7149539999999,11.428
868.911304,11.43
869.109304,11.459
869.307554,11.482000000000001
869.505404,11.377
869.703904,11.381
869.901304,11.327
870.099304,11.26
870.299304,11.241
870.495404,11.298
870.693404,11.259
870.891354,11.256
871.0895539999999,11.26
871.2892039999999,11.319
871.485554,11.303
871.683554,11.226
871.8816039999999,11.24
872.079354,11.252
872.277604,11.237
872.475604,11.267
872.673454,11.413
872.8716039999999,11.329
873.069354,11.339
873.465054,11.441
873.8608539999999,11.427
874.058854,11.52
874.256854,11.59
874.454854,11.519
874.6529039999999,11.57
874.851104,11.533
875.049304,11.273
875.2471539999999,11.402000000000001
875.444904,11.406
875.6429539999999,11.445
875.841154,11.524000000000001
876.038904,11.477
876.2371539999999,11.46
876.434954,11.503
876.634504,11.494
876.831154,11.652000000000001
877.029154,11.561
877.2271539999999,11.625
877.4251539999999,11.686
877.6229539999999,11.765
877.821154,11.781
878.019154,11.876
878.2172039999999,11.895
878.415204,11.956
878.613204,12.023
878.811204,12.155000000000001
879.009204,12.171
879.2077539999999,12.0
879.4052039999999,12.07
879.603204,12.288
879.801204,12.26
879.999204,12.176
880.197404,12.218
880.3952539999999,12.226
880.593254,12.321
880.7914039999999,12.291
880.9898039999999,12.26
881.187404,12.16
881.385404,11.864
881.583254,11.688
881.781404,11.244
881.979704,11.02
882.177454,10.766
882.375454,10.523
882.573454,10.114
882.771404,9.861
882.9694539999999,9.501
883.1678039999999,9.175
883.365454,8.707
883.565154,8.393
883.761454,8.09
883.9594539999999,7.667
884.158004,7.229
884.355454,6.928
884.554954,6.671
884.7516039999999,6.1770000000000005
884.9495039999999,5.703
885.149054,5.359
885.345504,5.029
885.543504,4.667
885.7416539999999,4.296
885.9395039999999,3.763
886.137754,3.512
886.335704,3.235
886.533504,2.968
886.7316539999999,2.712
886.9296539999999,2.6830000000000003
887.127754,2.556
887.327104,2.2920000000000003
887.523554,2.218
887.7217039999999,1.999
887.9197039999999,1.77
888.117804,1.55
888.315754,1.337
888.5138039999999,1.346
888.7117039999999,1.118
888.9097539999999,0.977
889.107954,0.722
889.305804,0.551
889.503804,0.425
889.701704,0.326
889.8997039999999,0.209
890.097954,0.033
890.2959539999999,0.082
890.4938539999999,0.101
890.691954,0.005
890.890104,0.067
891.088004,0.05
891.2860039999999,0.033
891.483854,0.068
891.682004,0.007
891.8797539999999,0.043000000000000003
892.078004,0.09
892.277704,0.117
892.4740039999999,0.074
892.672004,0.021
892.870054,0.075
893.068004,0.059000000000000004
893.463304,0.06
893.661304,0.05
893.859304,0.12
894.057554,0.14300000000000002
894.2553039999999,0.018000000000000002
894.453304,0.055
894.6515039999999,0.013000000000000001
894.849304,0.074
895.047554,0.009000000000000001
895.2453539999999,0.085
895.443354,0.066
895.6415539999999,0.038
895.840204,0.06
896.037554,0.036000000000000004
896.235554,0.008
896.433354,0.088
896.631354,0.10200000000000001
896.831204,0.018000000000000002
897.027604,0.048
897.225604,0.031
897.425254,0.052000000000000005
897.6216039999999,0.047
897.8196039999999,0.099
898.017754,0.113
898.215604,0.096
898.413604,0.034
898.611404,0.023
898.8096039999999,0.051000000000000004
899.007654,0.033
899.205654,0.126
899.403654,0.07100000000000001
899.601604,0.035
899.7996039999999,0.049
899.997804,0.06
900.195804,0.084
900.393654,0.069
900.591854,0.02
900.7896539999999,0.023
900.9876539999999,0.12
901.185804,0.10300000000000001
901.383654,0.05
901.5818039999999,0.038
901.779804,0.031
901.9776539999999,0.016
902.175854,0.048
902.3738539999999,0.11900000000000001
902.571704,0.023
902.769904,0.079
902.967854,0.04
903.165854,0.134
903.365554,0.192
903.5618539999999,0.439
903.7598539999999,0.861
903.957904,1.282
904.155904,1.865
904.3539039999999,2.338
904.552054,2.649
904.749904,3.108
904.949204,3.423
905.145904,3.782
905.3439539999999,4.151
905.5419039999999,4.314
905.740054,4.287
905.9390539999999,4.441
906.1361539999999,4.63
906.333904,4.764
906.5320539999999,5.062
906.730054,5.384
906.929804,5.6850000000000005
907.1261539999999,5.973
907.3241539999999,6.26
907.522104,6.428
907.720104,6.809
907.9183539999999,7.082
908.1162039999999,7.315
908.3142039999999,7.6610000000000005
908.5121039999999,7.867
908.710104,7.839
908.9083539999999,8.223
909.107904,8.641
909.304254,8.806000000000001
909.502354,8.876
909.700154,8.984
909.8984039999999,9.122
910.0963539999999,9.435
910.2942539999999,9.514
910.492354,9.732
910.690154,9.96
910.8884039999999,10.005
911.0864039999999,10.175
911.285054,10.482000000000001
911.482404,10.573
911.6805539999999,10.625
911.8784039999999,10.804
912.0777039999999,10.892
912.274404,10.954
912.472404,11.286
912.670404,11.434000000000001
912.8684539999999,11.559000000000001
913.263704,11.612
913.4617039999999,11.794
913.6597039999999,11.864
913.857704,11.989
914.055754,12.077
914.253704,12.226
914.451704,12.34
914.6497039999999,12.358
914.847754,12.39
915.045754,12.372
915.243754,12.336
915.441754,12.395
915.639954,12.649000000000001
915.8377539999999,12.94
916.0360039999999,12.913
916.233754,12.943
916.431754,13.065
916.629954,13.083
916.8296039999999,13.127
917.026004,13.256
917.2240039999999,13.204
917.421804,13.242
917.620004,13.264000000000001
917.818004,13.489
918.016004,13.521
918.2140039999999,13.447000000000001
918.4120039999999,13.273
918.610004,13.498000000000001
918.809004,13.579
919.0061539999999,13.604000000000001
919.2040539999999,13.657
919.402204,13.731
919.600054,13.779
919.799454,13.794
919.9962039999999,13.802
920.1940539999999,13.958
920.392204,14.259
920.590254,14.178
920.788054,14.281
920.9862539999999,14.284
921.184254,14.314
921.382254,14.175
921.580254,14.283
921.778104,14.304
921.9762539999999,14.199
922.1742539999999,14.1
922.3739039999999,14.214
922.570304,14.156
922.769954,14.425
922.9663039999999,14.387
923.1643039999999,14.031
923.362454,13.925
923.560254,13.874
923.758304,13.762
923.957954,13.893
924.1543039999999,13.873000000000001
924.352454,13.98
924.551204,13.669
924.748304,13.453
924.946554,13.373000000000001
925.1443039999999,13.239
925.342454,13.221
925.5406539999999,12.973
925.7385539999999,13.129
925.936554,13.042
926.1343539999999,12.967
926.332504,12.762
926.530504,12.743
926.7285039999999,12.773
926.926554,12.735
927.124604,12.597
927.322504,12.729000000000001
927.520504,12.58
927.7185539999999,12.492
927.916654,12.488
928.114604,12.415000000000001
928.312554,12.18
928.510554,12.064
928.708754,12.166
928.906754,11.61
929.104604,11.601
929.3027539999999,11.858
929.500554,11.883000000000001
929.700254,11.746
929.896804,12.026
930.094804,11.925
930.2928039999999,11.870000000000001
930.4908039999999,11.875
930.690204,11.897
930.886804,11.954
931.084804,11.852
931.2828039999999,11.828
931.4808539999999,11.912
931.6805039999999,12.015
931.876854,11.963000000000001
932.074854,12.249
932.273004,12.195
932.4708539999999,12.146
932.668854,12.305
933.0641039999999,12.305
933.2621039999999,12.253
933.460104,12.234
933.658104,12.018
933.856104,12.367
934.0541039999999,12.242
934.2521539999999,12.275
934.450354,12.416
934.648154,12.414
934.8481039999999,12.388
935.0441539999999,12.635
935.2421539999999,12.441
935.440704,12.488
935.638154,12.438
935.836204,12.389000000000001
936.034404,12.425
936.2322039999999,12.613
936.430404,12.443
936.6284039999999,12.562
936.826154,12.6
937.024404,12.551
937.2222039999999,12.713000000000001
937.420404,12.485
937.6184039999999,12.589
937.816604,12.648
938.014454,12.555
938.212454,12.592
938.410454,12.681000000000001
938.6084539999999,12.535
938.806604,12.515
939.004454,12.583
939.202454,12.525
939.400454,12.336
939.598454,12.438
939.796654,12.399000000000001
939.995954,12.415000000000001
940.192454,12.298
940.3906539999999,12.225
940.588454,12.216000000000001
940.786654,12.34
940.9858039999999,12.401
941.182504,12.342
941.3806539999999,12.367
941.5786539999999,12.248000000000001
941.776654,12.234
941.974654,12.176
942.172654,12.203
942.3707039999999,12.148
942.570304,12.109
942.766704,12.019
942.964704,12.117
943.162704,12.15
943.3607039999999,12.137
943.5587039999999,12.217
943.756954,12.087
943.954704,12.212
944.152704,12.025
944.3508539999999,12.084
944.5496039999999,12.094
944.746954,12.131
944.944754,12.015
945.142754,12.188
945.3409039999999,11.953
945.5406039999999,12.066
945.736954,12.137
945.934954,12.079
946.132754,12.163
946.3309039999999,12.143
946.528904,12.093
946.7286039999999,12.011000000000001
946.925004,12.092
947.122754,11.987
947.3209539999999,11.814
947.5189039999999,11.96
947.7171539999999,11.846
947.915004,12.015
948.1130039999999,12.075000000000001
948.3109539999999,12.078
948.5089539999999,12.076
948.7072039999999,12.148
948.905054,12.103
949.1030539999999,12.127
949.301204,12.175
949.5003539999999,11.957
949.6972039999999,12.123000000000001
949.8952039999999,12.042
950.0935039999999,12.044
950.291204,11.94
950.4890039999999,11.93
950.6872539999999,11.869
950.8852039999999,12.364
951.084804,12.297
951.281204,12.214
951.479254,11.907
951.677254,11.773
951.8752539999999,11.595
952.0732539999999,11.554
952.271254,11.527000000000001
952.469254,11.301
952.864504,11.121
953.062554,11.018
953.260554,11.375
953.4585539999999,11.253
953.6565039999999,11.281
953.8545039999999,11.169
954.052554,11.124
954.250554,10.999
954.4500539999999,10.919
954.6465539999999,10.987
954.844804,10.841000000000001
955.042554,10.749
955.240554,10.729000000000001
955.438804,10.675
955.636704,10.782
955.834804,10.753
956.032604,10.461
956.230604,10.434000000000001
956.4288039999999,10.409
956.6266039999999,10.356
956.824854,10.405
957.0228539999999,10.338000000000001
957.220604,10.19
957.4188039999999,10.142
957.617004,10.120000000000001
957.814854,9.935
958.012854,9.928
958.2108539999999,10.009
958.4088539999999,10.112
958.606854,9.879
958.8050039999999,9.868
959.002854,9.932
959.2008539999999,9.571
959.4006039999999,9.563
959.596854,9.342
959.7950539999999,9.328
959.994554,9.011000000000001
960.1909039999999,9.032
960.3889039999999,8.997
960.5885539999999,8.547
960.785054,8.388
960.9830539999999,8.211
961.1810539999999,8.032
961.379054,7.704
961.577104,7.259
961.7751039999999,6.897
961.9731039999999,6.6610000000000005
962.1711039999999,6.311
962.369104,6.152
962.566954,5.735
962.765104,5.3340000000000005
962.9631039999999,5.05
963.161254,4.668
963.359104,4.565
963.5573539999999,3.79
963.755154,3.559
963.9531539999999,3.106
964.151304,3.004
964.349104,2.845
964.5473539999999,2.769
964.745554,2.525
964.9431539999999,2.448
965.141304,2.25
965.339304,2.041
965.537154,1.992
965.7354039999999,1.7870000000000001
965.934954,1.641
966.1311539999999,1.611
966.329304,1.552
966.5292539999999,1.489
966.7254039999999,1.4000000000000001
966.923404,1.344
967.121354,1.351
967.319354,1.189
967.517354,1.0030000000000001
967.715754,0.8220000000000001
967.913454,0.751
968.111354,0.706
968.309804,0.578
968.507354,0.47900000000000004
968.705604,0.521
968.903454,0.424
969.101454,0.356
969.299404,0.417
969.4976039999999,0.503
969.695604,0.52
969.8951539999999,0.628
970.091604,0.895
970.2896039999999,1.06
970.4876539999999,1.306
970.685654,1.582
970.883654,2.261
971.081654,2.711
971.2796539999999,2.942
971.477404,2.906
971.675654,3.162
971.873654,2.9
972.071504,3.211
972.466904,3.882
972.862904,4.517
973.0609539999999,5.005
973.2589539999999,5.0760000000000005
973.456954,5.142
973.6556539999999,5.246
973.852954,5.47
974.0509539999999,5.731
974.250904,5.965
974.446954,6.4030000000000005
974.6452039999999,6.565
974.842954,6.809
975.0410039999999,7.061
975.239204,7.293
975.437004,7.58
975.6352039999999,7.772
975.833004,7.924
976.0310039999999,8.226
976.229204,8.243
976.427204,8.326
976.6252039999999,8.411
976.8232539999999,8.599
977.021904,8.687
977.219254,8.819
977.417254,8.82
977.6152539999999,8.957
977.8132539999999,9.096
978.011254,9.136000000000001
978.209254,9.134
978.407254,9.392
978.6054039999999,9.447000000000001
978.8033039999999,9.682
979.001304,9.614
979.199304,9.453
979.397304,9.503
979.5954539999999,9.3
979.793454,9.555
979.9913039999999,9.521
980.189454,9.549
980.387304,9.63
980.5854539999999,9.64
980.783504,9.852
980.9813039999999,9.645
981.179454,9.663
981.377304,9.58
981.5754539999999,9.53
981.773504,9.575000000000001
981.971504,9.529
982.169504,9.63
982.3675039999999,9.499
982.5655039999999,9.464
982.763504,9.537
982.961504,9.264
983.159504,9.327
983.357754,9.159
983.5555039999999,8.878
983.753554,8.893
983.951554,8.823
984.1497039999999,8.72
984.347804,8.515
984.545804,8.331
984.7435539999999,8.316
984.941554,8.164
985.1397039999999,8.129
985.337804,7.906000000000001
985.535804,7.766
985.733804,7.897
985.932104,7.87
986.1297539999999,7.6770000000000005
986.327954,7.555
986.525804,7.619
986.723804,7.456
986.921604,7.571
987.119754,7.525
987.317954,7.347
987.515954,7.381
987.713854,7.474
987.911854,7.537
988.109754,7.239
988.308004,7.287
988.506004,7.289000000000001
988.703854,7.128
988.901854,6.94
989.099804,6.938
989.298004,6.805
989.4976039999999,6.718
989.6940539999999,6.761
989.891904,6.758
990.090604,6.795
990.288004,6.942
990.486004,6.876
990.684054,7.0040000000000004
990.881904,7.1290000000000004
991.080304,7.171
991.278204,7.257000000000001
991.476054,7.396
991.674054,7.297
991.8720539999999,7.478
992.0700539999999,7.406000000000001
992.4653539999999,7.351
992.6633539999999,7.393
992.861354,7.327
993.059354,7.208
993.257354,7.2170000000000005
993.455554,7.086
993.654604,7.051
993.8513539999999,6.855
994.049404,6.922
994.247404,6.691
994.445604,6.694
994.6433539999999,6.6370000000000005
994.8413539999999,6.636
995.039404,6.5200000000000005
995.2376039999999,6.599
995.4372539999999,6.476
995.633654,6.557
995.8314039999999,6.682
996.029604,6.7700000000000005
996.2276539999999,6.856
996.425804,6.957
996.623654,6.97
996.8214039999999,6.966
997.019404,6.924
997.2176539999999,6.889
997.415804,6.835
997.613654,6.8260000000000005
997.811704,6.632000000000001
998.009454,6.573
998.2076539999999,6.468
998.405804,6.654
998.603654,6.609
998.801704,6.481
998.999954,6.5520000000000005
999.1977039999999,6.511
999.395854,6.397
999.593854,6.397
999.791704,6.405
999.989704,6.643
1000.1877039999999,6.843
1000.385854,7.021
1000.583854,7.283
1000.7819039999999,7.343
1000.9799039999999,7.492
1001.1779039999999,7.6930000000000005
1001.375904,7.953
1001.575554,8.082
1001.771904,8.371
1001.9699039999999,8.41
1002.1679039999999,8.67
1002.365904,8.870000000000001
1002.563904,9.124
1002.761954,9.132
1002.9599539999999,9.143
1003.159054,9.272
1003.356154,9.447000000000001
1003.5556039999999,9.48
1003.751954,9.593
1003.9499539999999,9.566
1004.1496539999999,9.597
1004.346204,9.591000000000001
1004.5442039999999,9.587
1004.741954,9.643
1004.9401039999999,9.57
1005.138104,9.612
1005.336204,9.633000000000001
1005.5342039999999,9.51
1005.732004,9.448
1005.9301039999999,9.52
1006.128154,9.6
1006.326254,9.585
1006.5242539999999,9.578
1006.7222539999999,9.439
1006.9201539999999,9.481
1007.118154,9.447000000000001
1007.3164039999999,9.593
1007.5142539999999,9.623
1007.713804,9.809000000000001
1007.9101539999999,9.641
1008.108204,9.656
1008.3064539999999,9.663
1008.504454,9.737
1008.7022539999999,9.887
1008.900404,9.841000000000001
1009.098204,9.941
1009.2964539999999,9.889
1009.4944039999999,9.874
1009.6923039999999,9.784
1009.891354,9.843
1010.088254,9.938
1010.2864539999999,9.98
1010.4844539999999,9.883000000000001
1010.682454,9.835
1010.8816039999999,10.056000000000001
1011.078454,10.093
1011.276454,10.443
1011.476154,10.495000000000001
1011.672504,10.587
1011.870504,10.775
1012.069004,10.73
1012.463754,10.743
1012.859754,10.952
1013.058854,10.921
1013.2557539999999,10.78
1013.453754,10.834
1013.652154,10.932
1013.849754,11.17
1014.048004,10.799
1014.2457539999999,10.636000000000001
1014.444004,10.688
1014.641804,10.698
1014.839804,10.839
1015.038004,10.861
1015.2358039999999,10.934000000000001
1015.434004,11.036
1015.631804,10.798
1015.829804,10.779
1016.0292039999999,10.391
1016.226054,10.82
1016.424054,10.884
1016.6220539999999,10.854000000000001
1016.819804,10.794
1017.018054,10.971
1017.216054,11.046
1017.414054,11.131
1017.613654,10.763
1017.809854,10.69
1018.008104,10.929
1018.206104,10.305
1018.4042539999999,9.981
1018.6021039999999,10.265
1018.801354,10.175
1018.9981039999999,9.985
1019.196104,9.491
1019.3942539999999,9.23
1019.592104,9.305
1019.7901039999999,9.427
1019.9894039999999,9.28
1020.186104,9.488
1020.3843039999999,9.19
1020.5823039999999,9.120000000000001
1020.7801039999999,9.177
1020.978304,9.211
1021.176154,9.277000000000001
1021.3743039999999,9.294
1021.5723539999999,9.209
1021.770304,9.152000000000001
1021.968304,9.083
1022.166304,9.234
1022.364304,9.358
1022.5623039999999,9.209
1022.760354,9.305
1022.958354,9.613
1023.156354,9.572000000000001
1023.354354,9.432
1023.5523539999999,9.194
1023.7520539999999,9.26
1023.948504,9.239
1024.146354,9.27
1024.344554,9.412
1024.542354,9.396
1024.740354,9.383000000000001
1024.938504,9.787
1025.1364039999999,9.579
1025.334604,9.662
1025.532604,9.754
1025.730404,9.947000000000001
1025.9285539999998,9.925
1026.126554,10.165000000000001
1026.324604,10.38
1026.5226539999999,10.483
1026.721654,10.412
1026.9185539999999,10.776
1027.116804,10.848
1027.315054,10.68
1027.5126539999999,10.644
1027.710804,10.787
1027.9085539999999,10.870000000000001
1028.106604,11.046
1028.3048039999999,10.949
1028.502704,10.897
1028.702204,10.778
1028.898604,10.589
1029.0966039999998,10.514
1029.294854,10.497
1029.4928539999999,10.535
1029.6907039999999,10.599
1029.888854,10.691
1030.086854,10.403
1030.286454,10.31
1030.4828539999999,10.461
1030.680854,10.53
1030.878904,10.394
1031.076854,10.545
1031.274854,10.443
1031.4728539999999,10.444
1031.670854,10.229000000000001
1031.868904,10.391
1032.264154,10.388
1032.462154,10.275
1032.660154,10.115
1032.858154,9.994
1033.0561539999999,9.679
1033.254954,9.645
1033.452204,9.479000000000001
1033.650204,9.241
1033.8484039999998,8.975
1034.046154,8.644
1034.244404,8.551
1034.442204,8.306000000000001
1034.640204,7.955
1034.8384039999999,7.6770000000000005
1035.036404,7.799
1035.2342039999999,7.766
1035.432454,8.071
1035.630204,8.166
1035.828204,8.355
1036.026454,8.221
1036.224454,8.838000000000001
1036.422454,9.089
1036.620254,9.245000000000001
1036.819204,9.207
1037.016504,9.335
1037.214454,9.511000000000001
1037.412504,9.685
1037.610454,9.747
1037.808254,10.041
1038.0064539999998,10.207
1038.204454,10.048
1038.402504,10.198
1038.600504,10.14
1038.798654,10.124
1038.996504,10.076
1039.194654,10.008000000000001
1039.392654,9.91
1039.590504,9.937
1039.788704,9.712
1039.986504,10.032
1040.184504,9.870000000000001
1040.3827039999999,9.812
1040.580704,9.911
1040.778554,9.894
1040.976704,9.998
1041.174704,9.941
1041.3727039999999,10.037
1041.570704,9.983
1041.768554,9.948
1041.966754,9.857
1042.164754,9.983
1042.362754,9.906
1042.5607539999999,9.883000000000001
1042.758904,10.4
1042.956754,10.405
1043.1549539999999,10.402000000000001
1043.352754,10.486
1043.5507539999999,10.449
1043.748904,10.379
1043.946804,10.411
1044.145004,10.364
1044.343004,10.497
1044.5407539999999,10.626
1044.738904,10.6
1044.936904,10.523
1045.136154,10.595
1045.3330039999998,10.546
1045.530804,10.652000000000001
1045.728954,10.646
1045.926954,10.732000000000001
1046.1250539999999,10.51
1046.323054,10.413
1046.521054,10.372
1046.718954,10.351
1046.916954,10.223
1047.115204,10.151
1047.313054,10.119
1047.511054,9.895
1047.709004,9.884
1047.9086539999998,9.665000000000001
1048.105204,9.6
1048.303204,9.276
1048.5010539999998,8.913
1048.6992539999999,8.803
1048.898704,8.49
1049.095204,7.932
1049.293254,7.852
1049.491104,7.398000000000001
1049.689254,7.097
1049.887004,6.691
1050.0852539999998,6.3180000000000005
1050.283254,6.013
1050.481254,5.703
1050.679254,5.4830000000000005
1050.8773039999999,5.192
1051.075304,5.019
1051.273304,4.606
1051.473004,4.363
1051.669304,4.222
1052.064554,3.991
1052.262554,4.0200000000000005
1052.460554,3.821
1052.6585539999999,4.106
1052.856554,4.3260000000000005
1053.0548039999999,4.275
1053.252554,4.377
1053.450554,4.172
1053.648604,4.338
1053.846804,4.7090000000000005
1054.044604,5.458
1054.242804,5.601
1054.440604,5.664
1054.638604,6.171
1054.836804,6.482
1055.034604,6.6770000000000005
1055.232804,6.846
1055.430604,7.074
1055.6286539999999,7.1610000000000005
1055.826854,7.339
1056.024854,7.463
1056.2228539999999,7.779
1056.420854,7.721
1056.618604,7.896
1056.816854,8.011000000000001
1057.016504,8.303
1057.2128539999999,8.318
1057.4109039999998,8.277000000000001
1057.609404,8.24
1057.806904,8.176
1058.004904,8.249
1058.203054,8.24
1058.4009039999999,8.266
1058.598904,8.181000000000001
1058.796904,8.305
1058.994904,8.347
1059.1930539999998,8.366
1059.390954,8.341
1059.588954,8.276
1059.787104,8.344
1059.984904,8.404
1060.1830539999999,8.448
1060.381104,8.358
1060.5789539999998,8.319
1060.777104,8.359
1060.9751039999999,8.433
1061.173104,8.383000000000001
1061.371704,8.326
1061.569104,8.379
1061.767104,8.296
1061.965354,8.235
1062.163104,8.201
1062.3619039999999,8.197000000000001
1062.5593039999999,8.15
1062.758854,8.037
1062.955154,7.985
1063.1531539999999,7.891
1063.3523539999999,7.7250000000000005
1063.549154,7.791
1063.747304,7.605
1063.947054,7.565
1064.143404,7.5440000000000005
1064.341204,7.368
1064.539204,7.3580000000000005
1064.7373539999999,7.221
1064.935404,6.961
1065.133404,6.836
1065.331404,6.8020000000000005
1065.529354,6.595
1065.7273539999999,6.581
1065.925354,6.471
1066.123454,6.325
1066.321454,6.056
1066.519254,5.968
1066.717404,5.813
1066.915354,5.563
1067.113604,5.322
1067.311454,5.032
1067.509454,4.9270000000000005
1067.707404,4.724
1067.905604,4.455
1068.103604,4.23
1068.301504,4.033
1068.499654,3.4130000000000003
1068.697404,3.223
1068.8954039999999,2.862
1069.093654,2.771
1069.2921039999999,2.706
1069.489504,2.598
1069.6876539999998,2.197
1069.885454,1.944
1070.083654,1.574
1070.2818539999998,1.492
1070.4797039999999,1.491
1070.6776539999998,1.482
1070.875654,1.26
1071.073654,1.422
1071.468954,1.334
1071.864954,1.3760000000000001
1072.062954,1.37
1072.2609539999999,1.299
1072.458954,1.1500000000000001
1072.656954,1.082
1072.854954,1.08
1073.0530039999999,0.891
1073.251004,0.758
1073.448954,0.424
1073.648404,0.41600000000000004
1073.844954,0.314
1074.043204,0.061
1074.241004,0.039
1074.4390039999998,0.1
1074.6372039999999,0.077
1074.8352539999998,0.051000000000000004
1075.033004,0.038
1075.231804,0.014
1075.4290039999998,0.057
1075.627004,0.076
1075.8252539999999,0.057
1076.023054,0.123
1076.221254,0.113
1076.419054,0.031
1076.617254,0.055
1076.815304,0.069
1077.013454,0.128
1077.211254,0.081
1077.409254,0.089
1077.6073039999999,0.08700000000000001
1077.8052539999999,0.032
1078.0033039999998,0.108
1078.201304,0.11900000000000001
1078.399304,0.036000000000000004
1078.597804,0.084
1078.795304,0.128
1078.993454,0.3
1079.191454,0.14100000000000001
1079.390704,0.07100000000000001
1079.5875039999999,0.099
1079.7853539999999,0.115
1079.983504,0.12
1080.181504,0.083
1080.379504,0.061
1080.5775039999999,0.084
1080.7768039999999,0.101
1080.973504,0.039
1081.171504,0.171
1081.369504,0.128
1081.5675039999999,0.149
1081.7655539999998,0.094
1081.963554,0.034
1082.161554,0.068
1082.359554,0.115
1082.557704,0.171
1082.7555539999998,0.023
1082.953754,0.035
1083.151554,0.186
1083.349554,0.109
1083.5477039999998,0.115
1083.7455539999999,0.07
1083.943804,0.14300000000000002
1084.1418039999999,0.048
1084.339554,0.08700000000000001
1084.5377039999998,0.189
1084.735704,0.08600000000000001
1084.933804,0.14400000000000002
1085.131854,0.027
1085.329604,0.058
1085.527754,0.125
1085.725754,0.11900000000000001
1085.923854,0.049
1086.121854,0.021
1086.3198539999999,0.02
1086.519454,0.069
1086.715754,0.063
1086.914004,0.01
1087.111854,0.061
1087.310954,0.17500000000000002
1087.5078039999999,0.076
1087.705804,0.036000000000000004
1087.904004,0.054
1088.1020039999999,0.023
1088.299904,0.035
1088.498054,0.035
1088.695804,0.02
1088.8940539999999,0.024
1089.092054,0.02
1089.289904,0.024
1089.488054,0.056
1089.685804,0.022
1089.8840539999999,0.047
1090.082054,0.099
1090.280054,0.051000000000000004
1090.478054,0.02
1090.676054,0.026000000000000002
1090.874104,0.014
1091.0721039999999,0.085
1091.468854,0.039
1091.8633539999998,0.063
1092.061354,0.07
1092.259354,0.021
1092.457604,0.007
1092.655354,0.088
1092.8533539999999,0.048
1093.051354,0.01
1093.249404,0.06
1093.447404,0.023
1093.645604,0.021
1093.843404,0.064
1094.0416539999999,0.041
1094.2410539999998,0.009000000000000001
1094.437604,0.049
1094.635604,0.027
1094.833404,0.034
1095.031654,0.021
1095.229404,0.019
1095.427454,0.078
1095.625654,0.015
1095.823654,0.011
1096.021654,0.045
1096.219654,0.019
1096.419154,0.02
1096.615654,0.003
1096.813654,0.025
1097.011704,0.005
1097.2097039999999,0.045
1097.407854,0.04
1097.605704,0.07100000000000001
1097.803704,0.047
1098.0018539999999,0.064
1098.1997039999999,0.02
1098.397854,0.018000000000000002
1098.5957039999998,0.049
1098.793704,0.011
1098.991904,0.015
1099.189754,0.062
1099.387904,0.06
1099.585904,0.056
1099.783854,0.039
1099.981904,0.052000000000000005
1100.180104,0.034
1100.377904,0.006
1100.575904,0.04
1100.773754,0.012
1100.971904,0.073
1101.1699039999999,0.054
1101.368054,0.05
1101.565904,0.019
1101.763904,0.057
1101.9619539999999,0.048
1102.159954,0.059000000000000004
1102.358104,0.043000000000000003
1102.555954,0.022
1102.7542039999998,0.02
1102.951954,0.03
1103.149954,0.031
1103.348104,0.034
1103.546104,0.059000000000000004
1103.743954,0.059000000000000004
1103.942204,0.034
1104.1400039999999,0.024
1104.338154,0.053
1104.536154,0.045
1104.734004,0.059000000000000004
1104.932204,0.085
1105.130204,0.018000000000000002
1105.3298539999998,0.043000000000000003
1105.526154,0.038
1105.724354,0.033
1105.9222539999998,0.063
1106.120254,0.049
1106.318204,0.093
1106.516154,0.074
1106.714154,0.031
1106.912404,0.067
1107.110254,0.045
1107.3084039999999,0.015
1107.506204,0.039
1107.704154,0.007
1107.902454,0.04
1108.100304,0.038
1108.298454,0.078
1108.496204,0.073
1108.694454,0.093
1108.892454,0.043000000000000003
1109.090454,0.022
1109.288454,0.081
1109.4864539999999,0.041
1109.684254,0.029
1109.882504,0.063
1110.080454,0.036000000000000004
1110.278454,0.035
1110.4764539999999,0.014
1110.674454,0.07200000000000001
1110.872504,0.061
1111.267754,0.018000000000000002
1111.465754,0.048
1111.663754,0.06
1111.861754,0.015
1112.0597539999999,0.085
1112.257754,0.017
1112.4557539999998,0.047
1112.653804,0.028
1112.851804,0.022
1113.049754,0.056
1113.247754,0.085
1113.446004,0.12
1113.643804,0.127
1113.841804,0.043000000000000003
1114.039804,0.025
1114.2378039999999,0.034
1114.436004,0.064
1114.6340539999999,0.038
1114.832054,0.055
1115.0300539999998,0.034
1115.2278039999999,0.12
1115.426054,0.083
1115.624054,0.013000000000000001
1115.822054,0.037
1116.0200539999998,0.037
1116.217854,0.012
1116.416054,0.008
1116.614054,0.052000000000000005
1116.812254,0.019
1117.0100539999999,0.091
1117.208104,0.076
1117.406054,0.015
1117.604104,0.057
1117.802254,0.017
1118.000104,0.095
1118.198104,0.068
1118.396104,0.048
1118.594104,0.036000000000000004
1118.792254,0.017
1118.990254,0.034
1119.1881039999998,0.05
1119.3863039999999,0.043000000000000003
1119.584154,0.055
1119.7823039999998,0.052000000000000005
1119.980304,0.02
1120.178304,0.027
1120.376304,0.037
1120.574304,0.03
1120.7723039999998,0.029
1120.970304,0.048
1121.168354,0.022
1121.366354,0.055
1121.5643539999999,0.061
1121.762354,0.041
1121.960354,0.044
1122.158354,0.014
1122.3565039999999,0.017
1122.5543539999999,0.037
1122.752554,0.067
1122.950354,0.109
1123.148354,0.093
1123.3465039999999,0.061
1123.5443539999999,0.024
1123.742604,0.007
1123.940604,0.037
1124.138354,0.015
1124.3365039999999,0.038
1124.5345539999998,0.076
1124.732604,0.007
1124.930604,0.036000000000000004
1125.128404,0.051000000000000004
1125.3270539999999,0.08
1125.5245539999999,0.033
1125.722654,0.079
1125.920604,0.027
1126.1186539999999,0.013000000000000001
1126.316554,0.026000000000000002
1126.5145539999999,0.023
1126.712804,0.012
1126.910654,0.029
1127.108654,0.001
1127.3066039999999,0.026000000000000002
1127.504604,0.014
1127.702804,0.017
1127.9008039999999,0.044
1128.098704,0.025
1128.2968039999998,0.07100000000000001
1128.494604,0.029
1128.692854,0.045
1128.890854,0.092
1129.0888539999999,0.027
1129.286854,0.02
1129.484604,0.051000000000000004
1129.682854,0.036000000000000004
1129.880854,0.028
1130.0788539999999,0.073
1130.276854,0.039
1130.474904,0.033
1130.672854,0.058
1130.8709039999999,0.061
1131.266154,0.027
1131.464154,0.049
1131.662404,0.054
1131.860154,0.081
1132.058154,0.033
1132.256404,0.029
1132.454154,0.029
1132.6521539999999,0.03
1132.850154,0.078
1133.048204,0.023
1133.246204,0.026000000000000002
1133.444204,0.041
1133.642454,0.044
1133.840404,0.057
1134.038204,0.068
1134.236204,0.059000000000000004
1134.4344039999999,0.064
1134.632454,0.032
1134.830454,0.057
1135.028254,0.052000000000000005
1135.2264539999999,0.041
1135.424454,0.014
1135.622454,0.028
1135.820454,0.021
1136.018454,0.048
1136.216254,0.003
1136.414454,0.054
1136.6124539999998,0.044
1136.810504,0.046
1137.008504,0.047
1137.207304,0.039
1137.4045039999999,0.098
1137.602654,0.045
1137.800654,0.042
1137.998504,0.028
1138.1966539999999,0.006
1138.3945039999999,0.004
1138.592504,0.012
1138.790704,0.063
1138.988554,0.023
1139.186504,0.083
1139.384654,0.034
1139.582504,0.035
1139.780704,0.122
1139.9787039999999,0.02
1140.176554,0.006
1140.3747039999998,0.062
1140.572704,0.048
1140.770704,0.07100000000000001
1140.968704,0.074
1141.166854,0.061
1141.3647039999998,0.085
1141.562954,0.026000000000000002
1141.761354,0.043000000000000003
1141.958754,0.07100000000000001
1142.1567539999999,0.109
1142.354754,0.077
1142.5530039999999,0.067
1142.750754,0.024
1142.948754,0.101
1143.1467539999999,0.031
1143.344904,0.022
1143.5430039999999,0.062
1143.741004,0.009000000000000001
1143.938804,0.031
1144.136904,0.066
1144.334954,0.048
1144.532804,0.128
1144.731004,0.07100000000000001
1144.929654,0.134
1145.126804,0.107
1145.324954,0.069
1145.523154,0.042
1145.720954,0.042
1145.919054,0.111
1146.1169539999999,0.109
1146.316654,0.201
1146.5132039999999,0.244
1146.7110539999999,0.17400000000000002
1146.908954,0.099
1147.107204,0.075
1147.305004,0.095
1147.503004,0.06
1147.701204,0.059000000000000004
1147.8991039999999,0.088
1148.099104,0.105
1148.2950039999998,0.453
1148.493254,0.23500000000000001
1148.691204,0.249
1148.889254,0.148
1149.087154,0.011
1149.285254,0.016
1149.485354,0.016
1149.6812539999999,0.068
1149.879254,0.038
1150.077254,0.054
1150.275254,0.054
1150.4734039999998,0.074
1150.6712539999999,0.123
1151.066554,0.08600000000000001
1151.2645539999999,0.164
1151.462554,0.055
1151.660554,0.043000000000000003
1151.858554,0.019
1152.056554,0.062
1152.254804,0.057
1152.4526039999998,0.034
1152.6508039999999,0.09
1152.848554,0.045
1153.046554,0.04
1153.244804,0.073
1153.4426039999998,0.034
1153.640804,0.059000000000000004
1153.838604,0.03
1154.036604,0.064
1154.234804,0.065
1154.432854,0.037
1154.630854,0.091
1154.829704,0.073
1155.026604,0.024
1155.224804,0.079
1155.422854,0.046
1155.620854,0.084
1155.8188539999999,0.063
1156.016654,0.043000000000000003
1156.214854,0.098
1156.412854,0.223
1156.611054,0.314
1156.8088539999999,0.457
1157.0073539999999,0.557
1157.2048539999998,0.9480000000000001
1157.402904,1.05
1157.601054,1.383
1157.798904,1.419
1157.9969039999999,1.6260000000000001
1158.195054,1.982
1158.392904,2.218
1158.591054,2.396
1158.7890539999999,2.749
1158.9869039999999,3.133
1159.185104,3.606
1159.382954,3.928
1159.5811039999999,4.176
1159.779104,4.482
1159.977104,4.596
1160.175104,4.588
1160.373104,4.855
1160.5711039999999,5.125
1160.769104,5.368
1160.967154,5.652
1161.165154,5.9270000000000005
1161.363154,6.002
1161.561154,6.242
1161.759104,6.384
1161.9571039999998,6.457
1162.155254,6.634
1162.353154,6.763
1162.551404,6.8500000000000005
1162.7491539999999,6.779
1162.947154,6.8870000000000005
1163.1454039999999,6.897
1163.343154,7.043
1163.541404,7.117
1163.739404,7.126
1163.937154,7.146
1164.135304,7.104
1164.333554,7.122
1164.531454,7.114
1164.729404,7.127
1164.9272039999998,7.054
1165.125354,7.05
1165.325204,7.184
1165.5214039999998,6.968
1165.719404,6.731
1165.917454,6.597
1166.115354,6.367
1166.3152539999999,6.2
1166.511604,5.9750000000000005
1166.709454,5.9510000000000005
1166.907454,5.775
1167.105404,4.844
1167.303854,4.585
1167.501604,4.41
1167.699604,4.17
1167.897504,3.991
1168.0956039999999,3.859
1168.293604,3.886
1168.491654,3.7
1168.689654,3.47
1168.8882039999999,3.517
1169.085654,3.778
1169.283804,4.152
1169.481654,4.214
1169.679654,4.43
1169.877654,4.392
1170.075654,4.7170000000000005
1170.470904,4.755
1170.8669539999999,4.562
1171.064954,4.952
1171.262954,5.496
1171.460954,5.51
1171.658954,5.686
1171.8569539999999,6.063
1172.054954,6.449
1172.252954,7.165
1172.451204,7.487
1172.648954,7.777
1172.847004,8.103
1173.045204,8.255
1173.2432039999999,8.433
1173.441204,8.817
1173.6392039999998,8.799
1173.837004,8.993
1174.0350039999998,9.123
1174.233204,9.056000000000001
1174.431204,9.165000000000001
1174.629254,9.239
1174.8270539999999,9.253
1175.0250039999999,9.33
1175.223254,9.327
1175.421404,9.14
1175.619254,9.163
1175.817254,9.316
1176.015254,9.357
1176.213254,9.343
1176.411454,9.186
1176.6093039999998,9.072000000000001
1176.807304,9.032
1177.005054,8.957
1177.203304,8.861
1177.401454,8.838000000000001
1177.599454,8.729000000000001
1177.798904,8.75
1177.995304,8.627
1178.193304,8.472
1178.3914539999998,8.211
1178.589504,8.168000000000001
1178.789104,7.892
1178.985454,7.744
1179.183454,7.47
1179.3818039999999,7.117
1179.579504,6.861
1179.777504,6.675
1179.975354,6.34
1180.1735039999999,6.139
1180.3731539999999,5.857
1180.569504,5.449
1180.767504,5.176
1180.965504,5.199
1181.1635039999999,4.8420000000000005
1181.361754,4.738
1181.5595039999998,4.757
1181.757554,4.846
1181.955704,4.635
1182.153554,4.306
1182.351804,4.4270000000000005
1182.549754,4.529
1182.747554,4.521
1182.945704,4.431
1183.1437039999998,4.2090000000000005
1183.341804,4.348
1183.539804,4.397
1183.737604,4.195
1183.935704,4.189
1184.133754,4.385
1184.332254,4.54
1184.529904,4.609
1184.7278039999999,4.784
1184.925704,5.055
1185.1237039999999,4.929
1185.321954,5.085
1185.520154,5.417
1185.717854,5.498
1185.915604,5.585
1186.113754,5.7700000000000005
1186.312004,6.13
1186.5113039999999,6.502
1186.707854,6.6850000000000005
1186.9058539999999,6.91
1187.1038039999999,7.1290000000000004
1187.302004,6.9510000000000005
1187.500454,7.1610000000000005
1187.6979039999999,7.402
1187.896054,7.416
1188.0938039999999,7.5120000000000005
1188.292004,7.525
1188.4905039999999,7.605
1188.688054,7.4830000000000005
1188.885904,7.595
1189.084054,7.447
1189.282054,7.525
1189.4800539999999,7.34
1189.678054,7.404
1189.875904,7.393
1190.074054,7.734
1190.4693539999998,7.759
1190.865354,7.524
1191.064654,7.519
1191.2613039999999,7.348
1191.4593539999998,7.375
1191.6590039999999,7.205
1191.855354,7.275
1192.0535539999998,7.297
1192.251354,7.281000000000001
1192.449604,7.49
1192.647354,7.408
1192.845354,7.307
1193.043604,7.301
1193.241354,7.543
1193.439604,7.603
1193.6374039999998,7.779
1193.835404,8.08
1194.033604,8.279
1194.2316039999998,7.958
1194.429654,7.877
1194.627604,8.102
1194.825404,8.003
1195.023604,7.271
1195.222454,7.131
1195.419654,7.771
1195.617654,7.679
1195.815454,7.46
1196.0136539999999,7.604
1196.211654,7.847
1196.409804,7.953
1196.607654,7.964
1196.805654,7.896
1197.0036539999999,7.849
1197.201654,7.836
1197.399854,7.668
1197.5978539999999,7.865
1197.795704,8.204
1197.993854,8.498
1198.1917039999998,8.792
1198.389854,8.871
1198.5878539999999,8.838000000000001
1198.785704,8.82
1198.9838539999998,8.793000000000001
1199.1817039999999,8.709
1199.379904,8.842
1199.577904,8.939
1199.776754,8.856
1199.973904,8.878
1200.171904,8.944
1200.369904,8.91
1200.567904,8.657
1200.7659039999999,8.68
1200.963954,8.751
1201.161954,8.82
1201.359904,8.686
1201.557904,8.811
1201.7559039999999,8.767
1201.954054,8.719
1202.151904,8.752
1202.350154,8.498
1202.547954,8.505
1202.745954,8.497
1202.944104,8.423
1203.141954,8.31
1203.3402039999999,8.338000000000001
1203.538204,8.121
1203.735954,8.079
1203.935104,8.131
1204.132104,8.233
1204.3302039999999,8.054
1204.5282539999998,8.040000000000001
1204.7260039999999,8.076
1204.925804,8.11
1205.122154,8.129
1205.320354,8.065
1205.518204,8.23
1205.716254,8.251
1205.914154,8.305
1206.112154,8.314
1206.3104039999998,8.181000000000001
1206.509654,8.02
1206.706254,7.988
1206.9041539999998,8.120000000000001
1207.102154,8.141
1207.3004039999998,8.22
1207.5001539999998,8.384
1207.696254,8.106
1207.894404,7.958
1208.092204,8.051
1208.2904039999999,7.890000000000001
1208.490104,7.577
1208.6863039999998,7.338
1208.884454,7.406000000000001
1209.082204,6.815
1209.280454,6.581
1209.480204,6.4990000000000006
1209.676604,6.274
1209.874454,5.971
1210.0724539999999,5.535
1210.467704,5.002
1210.665704,4.869
1210.863754,4.766
1211.0617539999998,4.469
1211.260304,4.171
1211.457754,4.331
1211.655754,4.07
1211.853754,4.071
1212.0517539999998,4.101
1212.249754,4.431
1212.447754,4.1690000000000005
1212.645754,4.2
1212.843954,4.277
1213.042004,4.332
1213.240004,4.1
1213.438954,4.159
1213.635754,4.071
1213.834004,4.466
1214.032004,4.651
1214.229804,4.7540000000000004
1214.4290039999998,4.96
1214.625804,5.139
1214.8238039999999,5.195
1215.022054,5.293
1215.220054,5.211
1215.418054,5.317
1215.6160539999998,5.338
1215.813804,5.048
1216.012004,5.127
1216.210204,5.0760000000000005
1216.409754,4.995
1216.6060539999999,4.941
1216.804254,4.916
1217.002054,4.8420000000000005
1217.200054,4.743
1217.3982039999999,4.616
1217.5960539999999,4.5600000000000005
1217.794254,4.428
1217.992104,4.279
1218.190104,4.266
1218.388254,4.265
1218.586254,4.261
1218.7841039999998,4.43
1218.982254,4.596
1219.1802539999999,4.589
1219.378254,4.8100000000000005
1219.5762539999998,4.847
1219.774304,5.104
1219.972304,5.198
1220.170154,5.534
1220.3683039999999,5.539
1220.566404,5.722
1220.764454,6.027
1220.962304,5.788
1221.160304,5.993
1221.3583039999999,5.917
1221.556304,5.9110000000000005
1221.754304,6.117
1221.954004,5.969
1222.150554,6.037
1222.348554,6.003
1222.5463539999998,5.804
1222.744504,5.74
1222.942454,5.6080000000000005
1223.140354,5.585
1223.3396539999999,5.454
1223.5363539999998,5.364
1223.734354,5.417
1223.9325039999999,5.452
1224.130354,5.398
1224.329354,5.472
1224.526604,5.432
1224.724354,5.59
1224.922504,5.49
1225.120754,5.476
1225.320054,5.508
1225.516654,5.448
1225.714554,5.372
1225.912554,5.3180000000000005
1226.1105539999999,5.154
1226.308804,5.13
1226.506654,4.982
1226.704654,4.889
1226.902554,4.787
1227.1005539999999,4.674
1227.300504,4.714
1227.496654,4.7090000000000005
1227.694654,4.789
1227.892604,4.884
1228.090804,4.667
1228.288804,4.59
1228.486804,4.844
1228.684804,4.908
1228.884304,4.936
1229.080604,5.22
1229.278854,5.474
1229.478604,5.537
1229.674704,5.759
1229.872854,6.061
1230.268104,6.311
1230.4661039999999,6.422
1230.664104,6.503
1230.862104,6.623
1231.060104,6.789
1231.258104,6.88
1231.456154,6.979
1231.654104,7.0440000000000005
1231.8523539999999,7.015000000000001
1232.050154,7.054
1232.248404,7.039000000000001
1232.446154,7.181
1232.6441539999998,7.054
1232.842404,7.082
1233.040954,7.197
1233.2383539999998,7.166
1233.436154,6.816
1233.6341539999999,6.849
1233.832404,6.86
1234.0304039999999,6.9510000000000005
1234.230004,6.703
1234.426404,6.7540000000000004
1234.624204,6.7620000000000005
1234.823304,6.546
1235.0204039999999,6.563
1235.218404,6.354
1235.417904,6.312
1235.614804,6.299
1235.812454,5.909
1236.010454,6.046
1236.208604,5.9590000000000005
1236.406454,5.907
1236.604454,5.904
1236.802454,5.963
1237.000454,5.9430000000000005
1237.198604,5.682
1237.396654,5.664
1237.594504,5.673
1237.7926539999999,5.673
1237.9905039999999,5.636
1238.188654,5.548
1238.386654,5.363
1238.584504,5.341
1238.7826539999999,5.309
1238.9805039999999,5.112
1239.178654,4.9590000000000005
1239.377254,4.801
1239.5747039999999,4.723
1239.7726539999999,4.5280000000000005
1239.970654,4.3020000000000005
1240.1686539999998,4.303
1240.366704,4.1930000000000005
1240.564704,4.269
1240.762704,4.119
1240.960804,4.131
1241.158954,4.15
1241.356704,3.992
1241.554704,4.0040000000000004
1241.752904,3.892
1241.9507039999999,4.061
1242.148954,3.918
1242.346754,3.8000000000000003
1242.544704,4.038
1242.7428539999999,3.916
1242.940754,3.972
1243.1390039999999,4.058
1243.337004,4.033
1243.534754,3.985
1243.732904,4.106
1243.930904,4.107
1244.130304,4.148
1244.327004,4.164
1244.524754,4.088
1244.722904,3.948
1244.9209039999998,3.741
1245.119154,3.649
1245.317004,3.586
1245.5150039999999,3.349
1245.712904,3.2640000000000002
1245.9109039999998,3.186
1246.109154,3.365
1246.3070539999999,3.291
1246.505054,3.109
1246.7029539999999,3.005
1246.900954,3.209
1247.0992039999999,2.949
1247.297204,3.125
1247.495054,2.945
1247.693204,2.769
1247.890954,2.533
1248.0892039999999,2.831
1248.287204,2.373
1248.4851039999999,2.537
1248.683254,2.449
1248.881254,2.307
1249.079204,1.996
1249.2772539999999,1.677
1249.4752039999998,1.7810000000000001
1249.673854,1.666
1250.0685039999998,1.543
1250.464504,1.4060000000000001
1250.662504,1.561
1250.860504,1.395
1251.058754,1.119
1251.256554,0.854
1251.454554,0.791
1251.652754,0.657
1251.850504,0.46900000000000003
1252.0485039999999,0.321
1252.2465539999998,0.111
1252.444504,0.117
1252.642554,0.123
1252.8407539999998,0.10400000000000001
1253.038554,0.125
1253.236804,0.074
1253.434554,0.1
1253.632554,0.07200000000000001
1253.830804,0.054
1254.028804,0.34500000000000003
1254.226804,0.461
1254.424804,0.705
1254.6228039999999,0.6890000000000001
1254.820904,0.8310000000000001
1255.018804,0.896
1255.216854,0.862
1255.4148539999999,1.016
1255.612604,0.775
1255.810804,0.736
1256.008804,0.43
1256.206854,0.40700000000000003
1256.404854,0.5760000000000001
1256.602854,0.619
1256.8008539999998,0.41200000000000003
1256.9996039999999,0.394
1257.1970039999999,0.419
1257.394854,0.488
1257.5930039999998,0.203
1257.7908539999999,0.339
1257.990254,0.28400000000000003
1258.187054,0.254
1258.3850539999999,0.195
1258.5829039999999,0.19
1258.781054,0.184
1258.9789039999998,0.067
1259.178604,0.016
1259.3750539999999,0.11
1259.5729039999999,0.10300000000000001
1259.771054,0.13
1259.969054,0.05
1260.1671039999999,0.145
1260.365104,0.076
1260.563254,0.048
1260.7627539999999,0.05
1260.959104,0.11900000000000001
1261.157104,0.137
1261.355104,0.113
1261.553204,0.152
1261.751104,0.17400000000000002
1261.949854,0.1
1262.147354,0.18
1262.345104,0.132
1262.543254,0.076
1262.741254,0.005
1262.9403539999998,0.134
1263.137354,0.147
1263.335104,0.099
1263.533304,0.215
1263.731254,0.248
1263.931004,0.405
1264.1274039999998,0.339
1264.325404,0.338
1264.523304,0.3
1264.721304,0.311
1264.9195539999998,0.458
1265.1173039999999,0.316
1265.315404,0.333
1265.513154,0.136
1265.711304,0.28800000000000003
1265.9095539999998,0.366
1266.109054,0.316
1266.305404,0.163
1266.503554,0.158
1266.701304,0.23600000000000002
1266.899354,0.188
1267.097554,0.268
1267.2954539999998,0.451
1267.4951039999999,0.272
1267.691354,0.331
1267.889354,0.281
1268.087604,0.291
1268.285604,0.321
1268.483454,0.318
1268.6816039999999,0.148
1268.879604,0.20700000000000002
1269.0776039999998,0.171
1269.275604,0.218
1269.4737539999999,0.331
1269.671654,0.334
1270.066904,0.383
1270.264904,0.313
1270.462904,0.28200000000000003
1270.6609039999998,0.248
1270.858904,0.216
1271.056904,0.212
1271.254904,0.269
1271.452904,0.315
1271.651104,0.47300000000000003
1271.848904,0.615
1272.0471539999999,0.312
1272.244904,0.486
1272.4429539999999,0.452
1272.641154,0.393
1272.8389539999998,0.527
1273.0371539999999,0.426
1273.235154,0.311
1273.4329539999999,0.248
1273.631154,0.28200000000000003
1273.829154,0.278
1274.027204,0.188
1274.2252039999998,0.188
1274.422954,0.391
1274.621204,0.328
1274.819204,0.406
1275.017204,0.298
1275.2152039999999,0.339
1275.413204,0.214
1275.611204,0.069
1275.809204,0.013000000000000001
1276.007404,0.043000000000000003
1276.205254,0.057
1276.4032539999998,0.014
1276.601254,0.037
1276.799204,0.067
1276.997404,0.112
1277.195404,0.081
1277.393404,0.126
1277.591404,0.112
1277.7907539999999,0.14
1277.9874539999998,0.131
1278.1854039999998,0.109
1278.3832539999999,0.035
1278.581404,0.04
1278.779254,0.089
1278.9774539999999,0.039
1279.175454,0.073
1279.373954,0.07100000000000001
1279.571454,0.058
1279.769454,0.135
1279.9674539999999,0.012
1280.165454,0.041
1280.363454,0.005
1280.561454,0.022
1280.761104,0.014
1280.957704,0.075
1281.1555039999998,0.14200000000000002
1281.353504,0.091
1281.551604,0.082
1281.751104,0.116
1281.947704,0.088
1282.1472039999999,0.089
1282.343504,0.044
1282.5416539999999,0.08700000000000001
1282.739654,0.098
1282.937754,0.076
1283.1359539999999,0.271
1283.333554,0.233
1283.531654,0.232
1283.7297039999999,0.334
1283.927754,0.514
1284.127654,0.34600000000000003
1284.323654,0.331
1284.521654,0.269
1284.7197039999999,0.23700000000000002
1284.917904,0.294
1285.115804,0.258
1285.313954,0.386
1285.512154,0.504
1285.7097039999999,0.586
1285.907954,0.559
1286.105804,0.649
1286.303954,0.65
1286.502554,0.371
1286.699754,0.534
1286.899654,0.529
1287.095954,0.536
1287.293954,0.522
1287.4919539999999,0.488
1287.689754,0.638
1287.887954,0.454
1288.086004,0.14400000000000002
1288.285854,0.14200000000000002
1288.482004,0.08
1288.680004,0.055
1288.8796539999998,0.094
1289.076004,0.105
1289.471704,0.093
1289.867504,0.085
1290.2633039999998,0.042
1290.461654,0.111
1290.659254,0.074
1290.8573039999999,0.158
1291.055304,0.17200000000000001
1291.2533039999998,0.223
1291.4526039999998,0.20600000000000002
1291.649304,0.193
1291.847554,0.31
1292.045304,0.317
1292.2433039999999,0.315
1292.441554,0.257
1292.6395539999999,0.292
1292.837304,0.184
1293.035554,0.215
1293.233354,0.136
1293.4327039999998,0.051000000000000004
1293.6295539999999,0.037
1293.827354,0.171
1294.0255539999998,0.129
1294.223554,0.224
1294.421554,0.28700000000000003
1294.6195539999999,0.28300000000000003
1294.817754,0.361
1295.015604,0.312
1295.213604,0.486
1295.411604,0.458
1295.609604,0.468
1295.8076039999999,0.517
1296.005604,0.589
1296.203604,0.59
1296.401754,0.523
1296.599604,0.453
1296.7976039999999,0.383
1296.995804,0.523
1297.193654,0.395
1297.3918039999999,0.396
1297.590054,0.523
1297.787804,0.42
1297.985804,0.439
1298.183804,0.41500000000000004
1298.3818039999999,0.47500000000000003
1298.5815539999999,0.455
1298.7777039999999,0.398
1298.975854,0.421
1299.173854,0.536
1299.371854,0.47500000000000003
1299.569804,0.54
1299.767654,0.59
1299.965804,0.5630000000000001
1300.163854,0.612
1300.3620039999998,0.74
1300.5598539999999,0.629
1300.758104,0.592
1300.956404,0.714
1301.153854,0.766
1301.3520039999999,0.656
1301.550804,0.623
1301.747854,0.808
1301.9461039999999,0.8180000000000001
1302.143904,0.855
1302.342054,0.893
1302.540054,0.796
1302.738304,0.988
1302.936154,1.097
1303.133904,1.035
1303.332304,1.045
1303.5300539999998,1.183
1303.7282539999999,1.051
1303.926154,1.203
1304.124054,1.24
1304.3229039999999,1.228
1304.520104,1.2610000000000001
1304.718104,1.121
1304.916154,1.137
1305.1141539999999,1.244
1305.312304,0.921
1305.510104,0.867
1305.708104,1.064
1305.9063039999999,1.158
1306.104204,1.303
1306.302354,1.178
1306.500104,1.312
1306.6983539999999,1.294
1306.896354,1.223
1307.0943539999998,1.029
1307.292354,1.028
1307.490354,0.87
1307.688354,1.082
1307.886354,1.154
1308.084404,1.099
1308.282404,1.087
1308.480404,0.977
1308.678154,0.675
1308.876354,0.65
1309.0743539999999,0.777
1309.469654,0.762
1309.865654,1.057
1310.063654,0.9510000000000001
1310.261654,0.893
1310.459654,0.835
1310.6576539999999,0.9460000000000001
1310.857554,0.919
1311.053704,0.8210000000000001
1311.251704,0.911
1311.4499039999998,0.9590000000000001
1311.6476539999999,0.8200000000000001
1311.845904,0.904
1312.043704,0.913
1312.241704,1.145
1312.4399039999998,0.924
1312.637704,0.899
1312.835954,0.927
1313.033954,0.852
1313.231704,0.913
1313.429954,0.9
1313.628254,1.05
1313.825954,0.988
1314.023954,1.113
1314.221754,0.969
1314.419954,0.927
1314.618354,0.963
1314.816004,0.876
1315.0140039999999,1.0
1315.212004,0.914
1315.409954,0.896
1315.6079539999998,1.077
1315.8061539999999,0.989
1316.004004,0.858
1316.202004,0.97
1316.4000039999999,0.885
1316.598004,0.714
1316.796154,0.847
1316.994154,0.992
1317.192004,0.878
1317.390154,0.99
1317.588004,0.925
1317.786204,1.01
1317.9842039999999,0.9520000000000001
1318.1820539999999,0.984
1318.3805539999998,0.872
1318.578204,0.875
1318.776204,0.809
1318.9742039999999,0.6930000000000001
1319.172204,0.759
1319.3702039999998,0.963
1319.568204,0.9550000000000001
1319.766204,0.9
1319.964254,0.783
1320.1622539999998,0.81
1320.360404,0.774
1320.558254,0.907
1320.7564539999998,0.965
1320.954254,0.869
1321.1522539999999,0.926
1321.350404,0.931
1321.548254,0.9380000000000001
1321.746504,0.803
1321.944254,0.992
1322.1422539999999,1.033
1322.340404,0.92
1322.540004,1.024
1322.736504,0.994
1322.9345039999998,0.979
1323.132304,1.045
1323.330404,1.176
1323.528454,1.258
1323.7265539999999,1.197
1323.924554,1.168
1324.1241539999999,1.286
1324.320454,1.424
1324.518454,1.294
1324.7166539999998,1.3820000000000001
1324.914554,1.296
1325.1133539999998,1.338
1325.310454,1.1
1325.508504,0.752
1325.706704,0.9520000000000001
1325.904554,1.085
1326.1041539999999,1.1440000000000001
1326.300704,1.175
1326.498504,1.2770000000000001
1326.696704,1.1460000000000001
1326.894704,1.159
1327.092604,1.069
1327.2907539999999,1.314
1327.488554,1.299
1327.6867539999998,1.05
1327.884754,1.244
1328.082754,1.228
1328.280754,1.281
1328.478754,1.228
1328.6767539999998,1.214
1328.874754,1.239
1329.072804,1.198
1329.4680039999998,1.205
1329.666004,1.252
1329.864054,1.248
1330.062054,1.188
1330.260254,1.302
1330.458054,0.903
1330.656054,0.922
1330.854054,1.083
1331.052054,1.061
1331.2500539999999,1.074
1331.448504,1.194
1331.6463039999999,1.122
1331.844304,0.996
1332.0421039999999,0.933
1332.240304,0.99
1332.438304,0.744
1332.636104,0.983
1332.834304,0.685
1333.032104,0.787
1333.230104,0.8250000000000001
1333.428304,0.8130000000000001
1333.626304,0.604
1333.8243539999999,0.529
1334.022354,0.5750000000000001
1334.220104,0.197
1334.418354,0.31
1334.616354,0.2
1334.8143539999999,0.157
1335.012354,0.163
1335.2101539999999,0.146
1335.408354,0.122
1335.6065039999999,0.116
1335.804554,0.289
1336.0024039999998,0.218
1336.200554,0.077
1336.398404,0.077
1336.596354,0.125
1336.7945539999998,0.079
1336.9924039999999,0.036000000000000004
1337.190404,0.036000000000000004
1337.390304,0.107
1337.586404,0.035
1337.784604,0.04
1337.982554,0.023
1338.180554,0.013000000000000001
1338.378554,0.044
1338.576554,0.023
1338.774604,0.08600000000000001
1338.974254,0.037
1339.170604,0.051000000000000004
1339.368604,0.12
1339.5667039999998,0.151
1339.764604,0.17400000000000002
1339.9626039999998,0.169
1340.160604,0.158
1340.358604,0.135
1340.5566039999999,0.188
1340.754704,0.258
1340.952654,0.029
1341.150654,0.037
1341.350454,0.061
1341.546854,0.094
1341.744854,0.027
1341.942654,0.151
1342.140804,0.25
1342.338804,0.061
1342.536854,0.008
1342.734904,0.099
1342.932904,0.063
1343.130704,0.121
1343.328804,0.08
1343.527054,0.132
1343.726354,0.101
1343.922904,0.062
1344.120704,0.11900000000000001
1344.318804,0.125
1344.517054,0.171
1344.714904,0.074
1344.912954,0.145
1345.111054,0.08
1345.310504,0.041
1345.506854,0.032
1345.705104,0.10200000000000001
1345.902954,0.07
1346.1014539999999,0.051000000000000004
1346.298854,0.166
1346.4969039999999,0.213
1346.695104,0.253
1346.893104,0.109
1347.090954,0.114
1347.289104,0.023
1347.487104,0.133
1347.685104,0.035
1347.883104,0.128
1348.0811039999999,0.11
1348.2791539999998,0.063
1348.477154,0.106
1348.675154,0.17400000000000002
1348.8731539999999,0.098
1349.2686039999999,0.108
1349.466404,0.057
1349.6644039999999,0.077
