timestamps,Speed
s,m/s
244.491354,12.818
244.691204,13.014000000000001
244.887354,12.898
245.085354,13.171000000000001
245.283354,13.117
245.48135399999998,13.290000000000001
245.67960399999998,13.342
245.87740399999998,13.287
246.075404,13.408
246.27530399999998,13.421000000000001
246.47160399999999,13.373000000000001
246.669404,13.237
246.867654,13.241
247.065404,13.164
247.263604,13.151
247.46165399999998,13.155000000000001
247.659404,13.071
247.857654,13.039
248.05565399999998,13.05
248.253404,13.134
248.451654,13.159
248.649804,13.256
248.84765399999998,13.381
249.04565399999998,13.313
249.243654,13.267
249.441654,13.142
249.63985399999999,13.177
249.837854,13.304
250.03570399999998,13.445
250.23385399999998,13.354000000000001
250.43165399999998,13.456
250.629854,13.447000000000001
250.827904,13.322000000000001
251.025704,13.546000000000001
251.22390399999998,13.375
251.42170399999998,13.3
251.61985399999998,13.503
251.81785399999998,13.417
252.015854,13.51
252.21390399999999,13.55
252.411904,13.439
252.609904,13.494
252.80790399999998,13.508000000000001
253.005904,13.625
253.203904,13.589
253.401954,13.527000000000001
253.59990399999998,13.564
253.797904,13.582
253.995904,13.537
254.194054,13.498000000000001
254.391954,13.552
254.59015399999998,13.593
254.78795399999998,13.381
254.985954,13.265
255.184104,13.095
255.383354,13.012
255.580154,12.982000000000001
255.778204,12.716000000000001
255.975954,12.756
256.174104,12.511000000000001
256.372104,12.622
256.570204,12.253
256.76820399999997,12.049
256.965954,11.976
257.164104,11.776
257.362104,11.556000000000001
257.560204,11.327
257.758204,11.16
257.956254,10.957
258.154154,10.653
258.352154,10.437
258.550404,10.203
258.748254,9.906
258.946254,9.785
259.144154,9.389
259.34340399999996,9.279
259.54040399999997,9.13
259.738404,8.771
259.936304,8.558
260.13440399999996,8.107
260.332204,7.936
260.53045399999996,7.68
260.728404,7.373
260.926304,7.079
261.12440399999997,6.73
261.322204,6.417
261.520454,6.196
261.718454,5.833
261.916454,5.523
262.11445399999997,5.279
262.312554,4.896
262.510454,4.827
262.70845399999996,4.457
262.906454,4.0200000000000005
263.30175399999996,3.607
263.895754,2.52
264.093954,2.243
264.489754,1.567
264.687754,1.174
264.88575399999996,0.836
265.481104,0.34800000000000003
265.678004,0.334
265.875754,0.14400000000000002
266.074004,0.082
266.272004,0.092
266.470054,0.057
266.668054,0.147
266.86580399999997,0.17200000000000001
267.064054,0.223
267.262004,0.148
267.45980399999996,0.188
267.658054,0.182
267.856054,0.133
268.054054,0.099
268.252054,0.079
268.45185399999997,0.138
268.648054,0.183
268.846054,0.089
269.04405399999996,0.095
269.242054,0.05
269.440204,0.056
269.63825399999996,0.063
269.836104,0.10400000000000001
270.034254,0.11800000000000001
270.232104,0.149
270.430254,0.128
270.62825399999997,0.076
270.826104,0.09
271.024254,0.052000000000000005
271.222104,0.052000000000000005
271.420304,0.137
271.61830399999997,0.17400000000000002
271.816254,0.155
272.014304,0.211
272.21230399999996,0.16
272.410304,0.105
272.608304,0.313
272.807204,0.17
273.004304,0.148
273.20230399999997,0.098
273.400354,0.127
273.598354,0.122
273.796354,0.058
273.994504,0.088
274.192304,0.169
274.390554,0.255
274.588354,0.149
274.78635399999996,0.136
274.984504,0.064
275.183254,0.221
275.380604,0.14200000000000002
275.578604,0.018000000000000002
275.77635399999997,0.077
275.97450399999997,0.14
276.172504,0.08600000000000001
276.370604,0.075
276.568604,0.14300000000000002
276.76640399999997,0.14300000000000002
276.96455399999996,0.039
277.162554,0.065
277.360754,0.092
277.558604,0.096
277.756604,0.075
277.954554,0.114
278.152554,0.061
278.350754,0.077
278.548654,0.076
278.746654,0.04
278.94460399999997,0.07
279.142604,0.146
279.340804,0.162
279.53880399999997,0.107
279.736654,0.067
279.934804,0.201
280.132604,0.194
280.330804,0.249
280.52885399999997,0.079
280.726704,0.096
280.924854,0.145
281.123454,0.029
281.320854,0.133
281.518854,0.049
281.716854,0.03
281.914854,0.082
282.113004,0.14
282.310854,0.15
282.508904,0.054
282.706904,0.042
283.102104,0.327
283.30035399999997,0.771
283.498154,1.2790000000000001
283.696154,1.78
283.89480399999997,2.082
284.092154,2.517
284.290154,2.85
284.488154,2.998
284.686154,3.298
284.88485399999996,3.54
285.082154,4.005
285.280404,4.4670000000000005
285.478404,4.458
285.676204,4.756
286.46840399999996,5.2170000000000005
286.666204,5.688
286.864204,5.727
287.062454,6.002
287.260604,6.327
287.45845399999996,6.67
287.656454,6.962
287.854454,7.215
288.052454,7.453
288.250604,7.6370000000000005
289.04245399999996,8.238
289.240654,8.653
289.834654,9.384
290.032454,9.787
290.230504,9.997
290.428654,10.191
290.626554,10.502
290.82485399999996,10.635
291.02250399999997,10.801
291.22065399999997,11.120000000000001
291.418654,11.328
291.616654,11.359
291.814704,11.506
292.012704,11.503
292.21070399999996,11.543000000000001
292.408704,11.516
292.606704,11.638
292.80470399999996,11.703
293.002704,12.07
293.20095399999997,12.26
293.398704,12.127
293.596704,12.065
293.794854,12.025
293.992754,12.101
294.190954,12.167
294.388754,12.25
294.586754,12.271
294.784904,12.288
294.982754,12.412
295.18260399999997,12.514000000000001
295.379004,12.615
295.576804,12.604000000000001
295.774904,12.284
295.97290399999997,12.511000000000001
296.172704,12.334
296.36900399999996,12.456
296.566754,12.462
296.764904,12.672
296.962904,12.423
297.162504,12.436
297.359054,12.446
297.557054,12.506
297.754954,12.435
297.952954,12.509
298.151204,12.341000000000001
298.34905399999997,12.323
298.547054,12.455
298.744954,12.117
298.942954,11.958
299.142504,12.05
299.339204,11.924
299.537104,12.021
299.735254,12.386000000000001
299.933004,12.607000000000001
300.131254,12.805
300.329204,12.892
301.12305399999997,12.957
301.319254,13.123000000000001
301.517254,13.279
301.71525399999996,13.405000000000001
301.913254,13.376
302.111554,13.589
302.309254,13.705
302.507254,13.688
302.902554,13.69
303.100504,13.8
303.29855399999997,13.935
303.497704,14.007
303.694554,14.008000000000001
312.20910399999997,13.620000000000001
312.407104,13.474
312.605104,13.338000000000001
312.80310399999996,13.343
313.001354,13.387
313.19915399999996,13.389000000000001
313.397154,13.306000000000001
313.595304,13.058
313.79310399999997,12.867
313.991354,12.613
314.189154,12.636000000000001
314.387154,12.655000000000001
314.585304,12.559000000000001
314.783304,12.534
314.981404,12.326
315.179404,12.333
315.378854,12.157
315.57530399999996,11.897
315.773304,11.708
315.971404,11.604000000000001
316.169404,11.205
316.36720399999996,11.087
316.565354,10.781
316.763354,10.544
316.96160399999997,10.209
317.159404,9.778
317.35855399999997,9.493
317.55535399999997,9.274000000000001
317.753354,9.02
317.951604,8.767
318.54540399999996,7.793
318.743404,6.9830000000000005
318.941604,6.781000000000001
319.13960399999996,6.325
319.338454,6.258
319.53565399999997,6.228
319.733404,5.892
319.931654,5.676
320.12965399999996,5.548
320.327504,5.6160000000000005
320.525654,5.713
320.723654,5.531
320.92335399999996,5.1770000000000005
321.11965399999997,5.631
321.911704,5.772
322.10970399999997,5.89
322.307704,6.179
322.505704,6.595
322.900954,7.015000000000001
323.098954,7.135
323.29695399999997,7.232
323.494954,7.372
323.692954,7.628
323.89095399999997,7.9910000000000005
324.088954,8.378
324.286954,8.72
324.48495399999996,9.105
324.683204,9.141
324.88100399999996,9.295
325.079204,9.467
325.277004,9.619
325.475004,9.952
331.81150399999996,12.154
332.009504,12.42
332.207504,12.375
332.40565399999997,12.386000000000001
332.603504,12.398
332.80175399999996,12.428
333.001154,12.509
333.19755399999997,12.587
341.71205399999997,13.164
341.910054,13.025
342.10810399999997,13.115
342.30625399999997,13.165000000000001
342.701354,13.311
342.89935399999996,13.372
343.097354,13.43
343.295354,13.463000000000001
343.493354,13.469
343.691404,13.459
343.88935399999997,13.397
344.087354,13.487
344.285354,13.502
344.48360399999996,13.598
347.05765399999996,13.732000000000001
347.255454,13.676
347.453654,13.689
347.651654,13.76
349.83160399999997,13.746
350.02770399999997,13.649000000000001
350.225754,13.854000000000001
350.424854,13.947000000000001
350.621904,13.963000000000001
350.819904,13.962
351.017904,13.97
351.21590399999997,14.088000000000001
351.413904,14.044
351.611904,14.027000000000001
352.403954,14.022
353.987954,14.123000000000001
354.186104,14.136000000000001
354.582204,14.142
354.780404,14.093
354.978004,14.11
355.176104,14.241
355.374104,14.332
355.572004,14.109
355.77025399999997,14.229000000000001
355.968004,14.327
356.166154,14.157
356.364154,14.328000000000001
356.56240399999996,14.358
356.761954,14.085
356.958254,14.295
357.15615399999996,14.334
357.354154,14.421000000000001
357.55240399999997,14.224
357.750454,14.155000000000001
357.94825399999996,14.245000000000001
358.14640399999996,14.098
358.344204,14.029
358.542404,13.919
358.740754,13.781
358.93830399999996,13.831
359.137004,13.867
359.334204,13.834
359.532454,13.848
359.730454,13.805
359.92830399999997,13.773
360.12645399999997,13.703
360.324454,13.73
360.524154,13.681000000000001
360.72045399999996,13.68
360.918454,13.604000000000001
361.116454,13.563
361.314504,13.555
361.512504,13.613
361.71050399999996,13.544
361.908504,13.599
362.30375399999997,13.58
362.501754,13.528
362.699754,13.402000000000001
362.89775399999996,13.443
363.095754,13.481
363.293754,13.498000000000001
363.492254,13.476
363.689804,13.486
363.88780399999996,13.431000000000001
364.085804,13.339
364.284004,13.337
364.481804,13.292
364.680004,13.336
364.87780399999997,13.33
365.076504,13.351
365.274004,13.258000000000001
365.47180399999996,13.323
365.671354,13.313
365.86785399999997,13.197000000000001
366.066754,13.142
366.264054,13.111
366.46205399999997,13.009
366.660054,12.828
366.858054,12.838000000000001
367.056804,12.865
367.254054,12.721
367.45210399999996,12.667
367.650104,12.613
367.848104,12.448
368.04610399999996,12.312
368.244104,12.318
368.442104,12.214
368.64025399999997,12.227
368.838104,12.166
369.03610399999997,12.036
369.234104,11.844
369.432104,11.671
369.631154,11.836
369.828154,11.533
370.026104,11.554
370.22430399999996,11.241
370.422154,11.262
370.62195399999996,11.096
370.81830399999996,10.949
371.016154,10.828
371.216104,10.863
371.412304,10.694
371.610304,10.512
371.80830399999996,10.475
372.00645399999996,10.221
372.20435399999997,9.978
372.402354,9.899000000000001
372.600354,9.864
372.79835399999996,9.76
372.996354,9.579
373.194354,9.306000000000001
373.392604,9.064
373.590354,8.796
373.78835399999997,8.598
373.98650399999997,8.418000000000001
374.184504,8.288
374.38260399999996,8.088000000000001
374.580604,7.925
374.77840399999997,7.7010000000000005
374.976404,7.296
375.174554,7.128
375.373154,6.771
375.570654,6.3180000000000005
375.768604,6.206
375.966404,6.027
376.164554,5.691
376.362804,5.124
376.560654,4.973
376.758654,4.6080000000000005
376.956554,4.535
377.15455399999996,4.2620000000000005
377.354454,3.954
377.550654,3.688
377.748704,3.512
377.946804,3.209
378.14460399999996,2.882
378.34385399999996,2.803
378.54085399999997,2.6310000000000002
378.738704,2.403
378.937004,2.177
379.13460399999997,1.907
379.332854,1.927
379.530854,1.885
379.72885399999996,1.854
379.926854,1.7770000000000001
380.12490399999996,1.5210000000000001
380.322904,1.403
380.52255399999996,1.223
380.71885399999996,1.179
380.916854,1.075
381.114854,0.9460000000000001
381.31305399999997,1.002
381.90705399999996,0.844
382.302154,1.002
382.500154,0.9400000000000001
383.29220399999997,0.635
383.490204,0.635
383.688204,0.623
383.88620399999996,0.735
384.084404,0.461
384.282204,0.548
385.86625399999997,0.714
386.06445399999996,1.0
386.263304,1.094
386.46050399999996,1.49
386.658504,1.7710000000000001
386.856254,2.072
387.05445399999996,2.194
387.25260399999996,2.208
387.45050399999997,2.57
387.648504,2.762
387.846504,2.9410000000000003
388.04450399999996,3.044
388.24265399999996,3.0700000000000003
388.440654,3.095
388.63850399999995,3.269
388.836504,3.2960000000000003
389.03450399999997,3.493
389.23310399999997,3.555
389.430704,3.7030000000000003
389.62870399999997,3.27
389.826554,3.27
390.024704,3.129
390.22270399999996,2.8970000000000002
390.420704,3.0420000000000003
390.618704,3.102
390.81825399999997,3.232
391.014704,3.082
391.21255399999995,2.961
391.41160399999995,3.149
393.193004,4.175
393.588804,4.508
393.786754,4.8
394.381054,5.937
394.578804,6.505
394.776954,6.59
394.97495399999997,7.141
395.172804,7.569
395.37105399999996,7.646
395.569054,7.934
395.766804,8.224
395.964954,8.539
396.163204,8.927
396.362354,9.38
396.559054,9.547
396.757004,9.794
396.955004,9.942
397.153254,10.225
397.351254,10.574
401.509304,11.491
401.90455399999996,11.581
402.102554,11.741
402.49855399999996,11.684000000000001
406.45890399999996,12.681000000000001
406.656704,12.755
406.854904,12.775
407.05290399999996,12.876
407.252654,12.819
407.44890399999997,12.885
407.648504,12.887
407.844904,12.821
408.04290399999996,12.813
408.241104,12.769
408.43895399999997,12.721
408.636954,12.709
408.834954,12.749
409.034254,12.727
409.23110399999996,12.785
409.429104,12.778
409.62695399999996,12.624
409.82510399999995,12.676
410.024504,12.587
410.22115399999996,12.509
410.419154,12.464
410.618704,12.464
410.81510399999996,12.485
411.013104,12.458
411.21115399999996,12.416
411.409154,12.548
411.607154,12.513
411.80515399999996,12.61
412.003154,12.435
412.201154,12.411
412.39915399999995,12.516
412.597154,12.566
412.79515399999997,12.457
412.993404,12.23
413.191404,12.21
413.389204,12.177
413.587354,12.046
413.785354,11.989
413.984104,11.724
414.181454,11.832
414.37920399999996,11.993
414.57735399999996,12.008000000000001
414.775354,12.078
414.973804,12.082
415.171454,12.196
415.36945399999996,12.218
415.567254,12.204
415.765404,12.27
415.963604,12.409
416.161454,12.576
417.15160399999996,12.559000000000001
417.351154,12.716000000000001
417.54765399999997,12.704
417.745404,12.772
417.943404,12.748000000000001
418.14165399999996,12.835
418.339504,13.067
418.537654,13.107000000000001
418.735454,13.119
418.933654,12.955
419.13170399999996,13.097
419.331004,13.091000000000001
419.52770399999997,13.145
419.725704,13.127
419.923704,13.198
431.605554,10.935
431.80355399999996,10.995000000000001
432.001554,10.93
432.19960399999997,10.559000000000001
432.397604,10.401
432.595754,10.155
432.79360399999996,9.761000000000001
432.991804,9.348
433.189604,9.024000000000001
433.38760399999995,8.402000000000001
433.585754,8.035
433.78365399999996,7.766
433.981854,7.111
434.17965399999997,6.594
434.37760399999996,6.259
434.575804,5.598
434.773754,5.085
434.973054,4.787
435.169854,4.221
435.36765399999996,3.75
435.56580399999996,3.6390000000000002
435.763804,3.048
435.961904,2.605
436.159904,2.439
436.357804,1.864
436.55580399999997,1.681
436.754054,1.403
436.952204,1.178
437.149904,1.288
437.348054,1.33
437.54585399999996,1.655
437.743854,1.338
437.94375399999996,1.282
438.139904,1.653
438.337904,1.8860000000000001
438.536054,2.125
438.73405399999996,3.0420000000000003
438.933404,3.355
439.13010399999996,3.556
439.328104,3.74
439.526204,4.222
439.72410399999995,4.407
439.922104,4.7620000000000005
440.12010399999997,4.781
440.318104,4.9350000000000005
440.516104,5.124
440.714254,5.439
440.91340399999996,5.706
441.307354,6.027
441.703404,6.516
441.90140399999996,6.7700000000000005
442.099404,7.125
442.297404,7.448
442.495654,7.47
442.693404,7.706
442.89165399999996,8.096
443.089404,8.09
443.28745399999997,8.335
443.486004,8.267
443.683454,8.639
443.88145399999996,8.668000000000001
444.079454,8.863
444.277454,8.982
444.475704,9.23
444.673704,9.24
444.871654,9.582
445.069704,9.78
445.267454,9.662
445.46570399999996,10.019
445.663704,10.122
445.861704,10.355
446.05970399999995,10.385
446.257704,10.518
446.456354,10.699
446.653704,10.752
446.851854,10.897
447.049754,10.836
447.247754,10.673
447.44575399999997,10.869
447.643754,11.013
447.841904,10.983
448.041454,11.192
448.237754,11.427
448.435904,11.598
448.63375399999995,11.653
448.83190399999995,11.734
449.029954,11.82
449.227804,11.85
449.425954,11.951
449.625454,12.049
449.821954,12.069
450.019954,11.83
450.21795399999996,11.893
450.415954,12.139000000000001
450.613954,12.31
450.81195399999996,12.040000000000001
451.010004,12.208
451.20800399999996,12.433
451.406004,12.487
451.603954,12.649000000000001
451.802354,12.791
452.000004,12.859
452.19800399999997,12.806000000000001
452.39615399999997,12.745000000000001
452.594004,12.816
452.79265399999997,12.901
452.990004,12.764000000000001
453.188004,12.937
453.386154,12.881
453.584004,12.831
453.78225399999997,12.925
453.980054,12.620000000000001
454.178054,12.773
454.376204,12.744
454.57420399999995,12.785
454.77230399999996,12.559000000000001
454.971954,12.657
455.168054,12.537
455.366204,12.67
455.56420399999996,12.341000000000001
455.762304,12.417
455.96030399999995,12.321
456.158304,12.207
456.356254,12.267
456.55470399999996,12.218
456.752454,12.018
456.95030399999996,12.032
457.14845399999996,11.978
457.346254,11.824
457.54425399999997,11.677
457.742504,11.488
457.940504,11.412
458.138354,11.18
458.336504,11.0
458.53450399999997,10.889
458.732504,10.615
458.931204,10.266
459.12850399999996,10.149000000000001
459.326504,9.788
459.52590399999997,9.629
459.72250399999996,9.324
459.920554,9.08
460.12015399999996,8.692
460.316554,8.446
460.514554,8.213000000000001
460.71250399999997,7.862
460.910554,7.633
461.30580399999997,7.303
461.503804,7.114
461.70345399999997,6.915
461.89980399999996,6.575
462.097804,6.5440000000000005
462.29605399999997,6.49
462.493854,6.497
462.692054,6.289
462.88985399999996,6.247
463.087854,5.9750000000000005
463.286054,5.751
463.48385399999995,5.752
463.681854,5.527
463.88010399999996,5.167
464.077854,5.053
464.27590399999997,4.845
464.47410399999995,4.71
464.672104,4.569
464.87010399999997,4.421
465.06785399999995,4.097
465.266104,3.729
465.46410399999996,3.326
465.662154,2.892
465.86015399999997,2.814
466.058154,2.355
466.256154,2.084
466.45415399999996,1.859
466.652154,1.717
466.850154,1.639
467.04815399999995,1.583
467.246154,1.746
467.44415399999997,1.695
467.64230399999997,1.641
467.840354,1.635
468.03820399999995,1.718
468.236354,2.054
468.434154,2.188
468.632304,2.463
468.83120399999996,2.668
469.02820399999996,2.954
469.22635399999996,3.208
469.42580399999997,3.529
469.622354,3.809
469.82035399999995,3.963
470.018354,4.251
470.21635399999997,4.417
470.414354,4.48
470.613054,4.525
470.810404,4.654
471.008404,4.548
471.20640399999996,4.626
471.404404,4.74
471.60290399999997,4.7780000000000005
471.80040399999996,4.473
471.998404,4.569
472.196554,4.441
472.39440399999995,4.5120000000000005
472.592654,4.5520000000000005
472.79045399999995,4.304
472.990104,3.5060000000000002
473.186604,3.58
473.384454,3.628
473.582654,3.529
473.78065399999997,3.444
473.979604,3.354
474.176604,3.513
474.374604,3.588
474.572704,3.714
474.77070399999997,3.882
474.968504,4.227
475.166654,4.4
475.364604,4.464
475.56285399999996,4.58
475.760704,4.757
475.95870399999995,4.907
476.156654,5.053
476.354654,5.4590000000000005
476.55285399999997,5.684
476.750754,6.154
476.94875399999995,6.488
477.14840399999997,6.607
477.344654,7.04
477.54290399999996,7.437
477.740904,7.481
477.93875399999996,7.615
478.13690399999996,7.811
478.334704,8.086
478.532904,8.48
478.730954,8.721
478.92875399999997,8.886000000000001
479.12690399999997,9.084
479.324704,9.027000000000001
479.522904,9.25
479.720954,9.517
479.918954,9.55
480.11695399999996,9.935
480.314954,9.951
480.512954,9.996
480.71095399999996,10.181000000000001
481.106254,10.077
481.30425399999996,10.074
481.50330399999996,9.858
481.700254,9.98
481.89820399999996,10.139
482.096454,10.108
482.29425399999997,10.282
482.49245399999995,10.294
482.690254,10.266
482.888304,10.389
483.086504,10.515
483.28430399999996,10.675
483.48225399999995,10.732000000000001
483.680504,10.667
483.878604,10.733
484.076504,10.997
484.274504,10.998000000000001
484.47250399999996,10.97
484.670554,10.655
484.86830399999997,10.751
485.066554,10.577
485.264554,10.487
485.462704,10.571
485.660554,10.482000000000001
485.85855399999997,10.394
486.056554,10.553
486.254554,10.44
486.453154,10.542
486.650554,10.506
486.84910399999995,10.255
487.04635399999995,10.032
487.244554,10.192
487.442704,9.988
487.64075399999996,10.135
487.838604,10.095
488.036754,10.411
488.234604,10.054
488.432754,10.136000000000001
488.63075399999997,9.92
488.828604,9.744
489.026754,9.691
489.22475399999996,9.473
489.422604,9.413
489.62215399999997,9.329
489.818804,9.254
490.01820399999997,9.267
490.21480399999996,9.345
490.412804,9.487
490.610804,9.586
490.80880399999995,9.461
491.006804,9.796
491.20480399999997,9.858
491.403054,9.958
491.60085399999997,10.077
491.798854,10.171
491.997004,10.469
492.194804,10.35
492.39305399999995,10.802
492.590854,10.891
492.78885399999996,11.109
492.98700399999996,11.579
493.185004,11.762
493.383104,11.844
493.581104,12.075000000000001
493.77885399999997,12.072000000000001
493.97700399999997,12.268
494.175004,12.269
494.374354,12.425
494.571104,12.625
494.76890399999996,12.671000000000001
494.96705399999996,12.723
495.165054,12.663
495.363254,12.609
495.561154,12.696
495.759104,12.792
495.95705399999997,13.134
496.15505399999995,13.119
496.353254,13.303
496.551154,13.304
496.749154,13.201
496.947054,13.107000000000001
497.145104,13.035
497.343304,12.875
497.54130399999997,13.06
497.739154,12.919
497.937304,12.829
498.13510399999996,12.795
498.333554,12.677
498.53135399999996,12.758000000000001
498.729204,12.698
498.927354,12.714
499.12535399999996,12.694
499.323354,12.651
499.521354,12.51
499.71935399999995,12.573
499.918754,12.505
500.11535399999997,12.476
500.313354,12.631
500.51140399999997,12.859
500.90660399999996,12.844
501.30265399999996,12.221
501.500654,12.135
501.698654,12.125
501.89665399999996,12.057
502.094654,11.997
502.29290399999996,11.849
502.492354,11.917
502.688704,11.753
502.88665399999996,11.632
503.085354,11.423
503.282904,11.32
503.480954,11.14
503.678704,11.257
503.87670399999996,11.17
504.074904,11.006
504.273304,10.828
504.47095399999995,10.671
504.668704,10.529
504.86695399999996,10.419
505.064954,10.326
505.263104,10.108
505.46095399999996,10.079
505.658954,9.848
505.856954,9.715
506.05495399999995,9.586
506.25310399999995,9.691
506.45100399999995,9.657
506.649004,9.531
506.84700399999997,9.303
507.04500399999995,9.484
507.243154,9.514
507.441154,9.601
507.639004,9.495000000000001
507.838754,9.635
508.03500399999996,9.561
508.23315399999996,9.404
508.431204,9.461
508.629054,9.447000000000001
508.827204,9.336
509.025204,9.479000000000001
509.22320399999995,9.279
509.422504,9.252
509.61920399999997,9.181000000000001
509.817054,9.074
510.015204,8.838000000000001
510.21320399999996,8.787
510.411204,8.757
510.609204,8.475
510.807354,8.043000000000001
511.005204,7.753
511.20345399999997,7.535
511.401254,7.547000000000001
511.599254,7.365
511.797404,7.361
511.995254,7.813
512.193504,7.408
512.392954,6.704
512.589254,7.046
512.7874039999999,7.23
512.985404,7.3790000000000004
513.183504,7.722
513.383204,7.814
513.579304,8.006
513.7774539999999,8.185
513.975454,8.248
514.173504,8.269
514.371504,8.513
514.5695039999999,8.182
514.7674539999999,8.57
514.965454,8.772
515.163654,8.917
515.361454,9.132
515.5595539999999,9.263
515.7575039999999,9.395
515.955454,9.415000000000001
516.153704,9.474
516.351604,9.684000000000001
516.549554,9.641
516.747704,9.574
516.945504,10.169
517.143754,10.132
517.3417539999999,10.209
517.5396039999999,10.294
517.737754,10.299
517.9355039999999,10.315
518.133754,10.408
518.3317539999999,10.393
518.529754,10.317
518.727754,10.314
518.925804,10.357000000000001
519.123754,10.513
519.3218039999999,10.41
519.519804,10.6
519.718204,10.666
519.915754,10.743
520.113754,10.834
520.3118039999999,10.795
520.509804,10.92
520.905054,10.832
521.1030539999999,10.743
521.301054,10.814
521.499054,10.913
521.697104,10.898
521.895104,10.855
522.0931039999999,11.111
522.292754,11.213000000000001
522.489104,11.117
522.687104,11.087
522.885304,11.156
523.0831039999999,11.18
523.2824039999999,11.162
523.479154,11.24
523.677104,11.311
523.876254,11.385
524.073104,11.416
524.271354,11.424
524.469354,11.437
524.667104,11.321
524.865354,11.098
525.063354,10.819
525.261354,10.69
525.460154,10.595
525.657154,10.259
525.855404,9.979000000000001
526.053404,9.742
526.2515539999999,9.704
526.451004,9.32
526.6474039999999,8.976
526.845404,8.726
527.043404,8.289
527.2416039999999,8.33
527.439404,8.464
527.637404,7.984
527.8354039999999,8.029
528.033404,8.318
528.231604,8.239
528.4313539999999,8.073
528.627604,7.984
528.825604,8.012
529.023454,8.435
529.2226539999999,8.364
529.4196039999999,8.507
529.617454,8.462
529.815604,8.545
530.013454,8.663
530.212554,8.902000000000001
530.4096539999999,8.832
530.607804,9.196
530.805654,9.201
531.0039039999999,9.213000000000001
531.2026539999999,9.3
531.3996539999999,9.271
531.597804,9.333
531.795654,9.008000000000001
531.993704,8.836
532.193054,8.866
532.3897039999999,8.585
532.587704,8.266
532.785854,7.902
532.9839039999999,7.391
533.183604,7.437
533.379704,7.115
533.577854,6.932
533.775854,7.246
533.9739539999999,6.992
534.171954,6.890000000000001
534.369954,7.0520000000000005
534.567854,7.2250000000000005
534.765854,7.114
534.963854,7.26
535.162654,7.489
535.359954,7.67
535.557904,7.539000000000001
535.755904,7.458
535.954104,7.787
536.152154,8.025
536.350004,7.949
536.548154,7.965
536.745904,8.217
536.944154,8.106
537.142154,8.332
537.340004,8.187
537.538154,8.263
537.735954,8.204
537.9341539999999,8.102
538.132154,8.106
538.330154,8.019
538.528154,7.752
538.726154,7.5680000000000005
538.924204,7.382000000000001
539.122204,6.971
539.320204,7.291
539.518204,7.1530000000000005
539.716204,6.97
539.914354,6.696
540.309454,6.708
540.705454,7.033
540.903504,7.173
541.101454,7.19
541.299454,7.482
541.4975039999999,7.579
541.695504,7.3660000000000005
541.893504,7.48
542.0917539999999,7.705
542.289504,7.4990000000000006
542.487504,7.803
542.685754,8.162
542.883504,8.201
543.083354,8.308
543.279554,8.457
543.4775539999999,8.831
543.677254,8.843
543.873554,9.049
544.0718039999999,9.137
544.269804,9.129
544.467554,9.228
544.665754,9.167
544.863754,8.841
545.0618039999999,8.847
545.259804,9.048
545.457604,9.251
545.655804,9.223
545.853804,8.815
546.051954,8.497
546.2498039999999,8.166
546.447804,7.957
546.645804,7.17
546.843804,7.140000000000001
547.043504,6.513
547.2398539999999,6.119
547.437854,5.844
547.635854,5.469
547.833854,5.219
548.033654,4.686
548.231404,4.525
548.427854,4.41
548.627704,4.139
548.823854,4.066
549.022054,4.025
549.220054,3.967
549.417904,4.115
549.616054,4.324
549.8140539999999,4.5680000000000005
550.012254,4.789
550.210054,4.994
550.409854,4.926
550.606104,4.881
550.8041039999999,4.974
551.002104,4.996
551.200054,5.021
551.398054,5.412
551.596204,5.663
551.794104,5.894
551.992304,6.015000000000001
552.190104,6.1240000000000006
552.388104,6.556
552.5862539999999,6.764
552.784354,7.133
552.982354,7.28
553.180104,7.4670000000000005
553.378254,7.73
553.576254,7.759
553.776204,8.037
553.972354,8.542
554.170404,8.645
554.368304,8.479000000000001
554.566304,8.796
554.7643039999999,8.926
554.962404,8.923
555.160404,8.985
555.358154,9.016
555.556304,8.841
555.754504,8.821
555.952554,9.1
556.150404,9.07
556.3485539999999,9.224
556.546354,9.349
556.744554,9.241
556.944354,9.325000000000001
557.140454,9.38
557.3385539999999,9.305
557.536554,9.301
557.7343539999999,9.311
557.932954,9.022
558.130604,9.196
558.328454,9.169
558.526604,9.205
558.724604,9.055
558.922604,9.089
559.120604,9.096
559.3186039999999,9.017
559.516604,8.609
559.714754,8.609
559.9141539999999,8.637
560.307904,8.604000000000001
560.505904,8.628
560.703904,8.873
560.901904,8.989
561.0999039999999,9.033
561.297904,8.947000000000001
561.496104,8.94
561.693904,9.225
561.892154,9.235
562.0899539999999,8.844
562.287954,8.747
562.4861539999999,8.469
562.683954,8.081
562.882154,8.085
563.0799539999999,7.974
563.277954,7.76
563.476154,7.614
563.6741539999999,7.103
563.872204,6.914
564.070204,6.748
564.2679539999999,6.274
564.466204,6.164
564.6642039999999,5.848
564.862204,5.67
565.060204,5.106
565.258204,4.765
565.456204,4.174
565.6542039999999,3.356
565.852404,2.9090000000000003
566.050254,2.454
566.248254,1.836
566.446254,1.3900000000000001
566.645854,0.9380000000000001
566.842404,0.913
567.040254,0.926
567.238254,0.601
567.4364039999999,0.519
567.6342539999999,0.506
567.832454,0.584
568.030454,0.519
568.228254,0.647
568.4264039999999,0.454
568.624254,0.329
568.822454,0.11800000000000001
569.020454,0.068
569.218454,0.061
569.4164539999999,0.043000000000000003
569.614454,0.113
569.812454,0.258
570.010454,0.304
570.208454,0.20400000000000001
570.4064539999999,0.16
570.604504,0.10300000000000001
570.802654,0.023
571.002204,0.097
571.198504,0.055
571.396654,0.042
571.594504,0.049
571.792654,0.045
571.991904,0.054
572.1886539999999,0.052000000000000005
572.386654,0.07
572.584554,0.076
572.782754,0.058
572.982254,0.042
573.1787039999999,0.065
573.376704,0.065
573.574704,0.035
573.772804,0.077
573.9708039999999,0.067
574.1687039999999,0.073
574.366704,0.045
574.564704,0.043000000000000003
574.762804,0.11
574.9608039999999,0.044
575.158954,0.07100000000000001
575.3567039999999,0.047
575.554954,0.13
575.754204,0.113
575.950804,0.028
576.148954,0.059000000000000004
576.3467539999999,0.041
576.545004,0.135
576.7430039999999,0.079
576.941004,0.178
577.140804,0.077
577.337004,0.069
577.534754,0.105
577.7330039999999,0.005
577.931054,0.105
578.129004,0.07100000000000001
578.327004,0.11800000000000001
578.526754,0.157
578.723004,0.077
578.9210039999999,0.061
579.119154,0.063
579.317004,0.059000000000000004
579.5152039999999,0.094
579.7130539999999,0.069
580.108304,0.096
580.306304,0.116
580.5043039999999,0.129
580.702354,0.059000000000000004
580.900354,0.165
581.098354,0.134
581.298154,0.195
581.4943039999999,0.185
581.692554,0.155
581.890354,0.249
582.088354,0.268
582.286554,0.596
582.4843539999999,0.9430000000000001
582.682604,1.4020000000000001
582.880354,1.729
583.078354,2.096
583.276604,2.739
583.474604,2.674
583.6723539999999,2.955
583.870604,3.168
584.068404,3.4090000000000003
584.266604,3.148
584.464654,3.282
584.6628039999999,3.769
584.860654,3.9290000000000003
585.058604,4.104
585.2566039999999,4.186
585.454654,4.21
585.652804,4.529
585.850654,4.808
586.0486539999999,5.079
586.2466539999999,5.015
586.444654,5.352
586.642804,5.922
586.8408039999999,6.1530000000000005
587.040354,6.542
587.236804,6.751
587.434654,6.964
587.632854,7.297
587.8308539999999,7.557
588.028704,7.864
588.226854,8.075
588.424704,8.248
588.624504,8.324
588.8208539999999,8.502
589.0188539999999,8.545
589.216904,8.56
589.414904,8.851
589.612904,8.787
589.8109039999999,9.068
590.010604,9.1
590.206904,9.25
590.4060039999999,9.261000000000001
590.602904,9.533
590.800904,9.616
590.998954,9.700000000000001
591.197054,9.817
591.394954,10.071
591.593154,10.251
591.790904,10.3
591.9889039999999,10.275
592.187054,10.355
592.384954,10.394
592.583204,10.455
592.781204,10.466000000000001
592.9789539999999,10.446
593.177104,10.363
593.376304,10.418000000000001
593.5732039999999,10.276
593.771204,10.402000000000001
593.9690039999999,10.361
594.167104,10.254
594.3653039999999,10.243
594.563354,10.213000000000001
594.761254,10.248
594.959254,10.254
595.157154,10.037
595.355154,9.904
595.553404,9.811
595.751254,9.803
595.949254,9.790000000000001
596.147154,9.845
596.346054,9.856
596.543404,9.791
596.741404,9.822000000000001
596.939254,9.646
597.137604,9.636000000000001
597.335204,9.442
597.533404,9.429
597.731404,9.418000000000001
597.929304,9.524000000000001
598.127454,9.454
598.3254539999999,9.395
598.5252039999999,9.278
598.721454,9.203
598.919454,9.177
599.117454,9.051
599.315604,9.002
599.513454,8.909
599.908704,8.874
600.106854,8.835
600.304704,8.748
600.502754,8.739
600.700754,8.546
600.8987539999999,8.434000000000001
601.0967539999999,8.499
601.294754,8.472
601.4930039999999,8.422
601.690754,8.353
601.888754,8.182
602.087004,8.068
602.284754,7.708
602.4830039999999,7.535
602.681054,7.363
602.878804,6.952
603.077354,6.853
603.275004,6.506
603.472804,6.28
603.6710039999999,5.932
603.868804,5.605
604.0668039999999,5.328
604.265054,4.8580000000000005
604.464854,4.268
604.6610539999999,4.32
604.859054,4.271
605.057054,3.891
605.255054,3.813
605.4549039999999,3.821
605.6510539999999,3.601
605.849104,3.461
606.047054,3.528
606.245054,3.439
606.443254,3.342
606.641254,3.317
606.840754,3.149
607.037104,2.992
607.235104,3.041
607.4332539999999,3.08
607.631304,2.848
607.829154,2.621
608.027304,2.445
608.2253039999999,2.058
608.424954,1.561
608.621304,1.262
608.819304,0.724
609.017304,0.328
609.215304,0.097
609.414054,0.015
609.611304,0.055
609.809354,0.076
610.0074539999999,0.115
610.205304,0.115
610.403554,0.07
610.601304,0.064
610.8010039999999,0.16
610.997454,0.076
611.195354,0.038
611.393554,0.07100000000000001
611.591354,0.058
611.790654,0.062
611.987504,0.013000000000000001
612.1855039999999,0.044
612.383604,0.035
612.581604,0.021
612.779404,0.038
612.977504,0.081
613.1755539999999,0.047
613.373654,0.052000000000000005
613.571604,0.117
613.7710539999999,0.095
613.967554,0.109
614.1655539999999,0.099
614.363754,0.043000000000000003
614.561654,0.124
614.759654,0.126
614.957554,0.164
615.157204,0.211
615.353804,0.425
615.551654,0.483
615.749654,0.5650000000000001
615.947554,0.735
616.1456039999999,0.803
616.343804,0.864
616.541854,1.187
616.739704,1.385
616.937854,1.358
617.135604,1.7650000000000001
617.333854,1.863
617.531854,1.706
617.729704,1.819
617.927854,2.192
618.127654,2.325
618.323854,2.478
618.521904,2.141
618.7199039999999,2.561
618.917904,2.464
619.115904,2.142
619.313854,2.253
619.513304,2.039
619.907154,1.727
620.303154,0.47800000000000004
620.502604,0.11
620.699154,0.048
620.897154,0.1
621.095204,0.14300000000000002
621.293204,0.145
621.4920539999999,0.064
621.689204,0.14100000000000001
621.887204,0.256
622.0854039999999,0.42
622.283404,0.617
622.481454,1.065
622.679204,0.875
622.877204,0.855
623.077104,0.78
623.273454,0.79
623.471454,0.641
623.6692039999999,0.28500000000000003
623.867204,0.096
624.067154,0.163
624.263604,0.15
624.461454,0.28
624.6601539999999,0.399
624.857454,0.499
625.0555039999999,1.018
625.253654,1.32
625.451504,1.6340000000000001
625.649504,2.183
625.847504,2.464
626.0455039999999,2.728
626.243654,3.008
626.441704,3.088
626.639554,3.302
626.837504,3.383
627.035504,3.483
627.234204,3.975
627.431704,4.079
627.629554,4.08
627.8277039999999,4.173
628.025704,4.556
628.223704,5.0280000000000005
628.421704,5.359
628.619704,5.554
628.817954,5.93
629.015704,6.368
629.213704,6.597
629.411754,6.628
629.609754,6.611
629.8077539999999,6.961
630.005754,7.1290000000000004
630.2040039999999,7.096
630.401754,7.178
630.599754,7.28
630.797904,7.349
630.9957539999999,7.607
631.194004,7.666
631.391804,7.673
631.589804,7.829
631.787954,7.747
631.985954,7.7170000000000005
632.184004,7.785
632.383704,7.993
632.579804,8.078
632.777804,8.103
632.975954,8.175
633.174054,8.290000000000001
633.3720539999999,8.108
633.570054,8.16
633.7679539999999,8.265
633.965954,8.233
634.1642039999999,8.365
634.362054,8.309000000000001
634.5600539999999,8.425
634.758004,8.525
634.956004,8.156
635.1542039999999,8.107
635.3521039999999,8.092
635.550304,8.109
635.748254,7.979
635.946004,8.064
636.1442539999999,8.229000000000001
636.342254,8.365
636.5401039999999,7.848
636.738804,7.922000000000001
636.936054,8.069
637.135404,8.287
637.333304,8.454
637.530254,8.257
637.728254,8.161
637.926254,8.305
638.124254,8.485
638.3223039999999,8.588000000000001
638.520304,8.57
638.718304,8.462
638.916304,8.308
639.114304,8.431000000000001
639.3123039999999,8.091
639.707604,7.714
639.9056039999999,7.811
640.103604,7.771
640.301604,7.94
640.499554,7.782
640.697604,7.784
640.8956039999999,7.682
641.093604,7.636
641.291854,7.626
641.489604,7.339
641.687604,7.913
641.885854,8.125
642.0836039999999,8.218
642.281854,8.188
642.479604,8.254
642.679304,8.116
642.875854,8.005
643.0736539999999,7.976
643.273554,8.041
643.4699039999999,7.665
643.667654,7.557
643.865904,7.429
644.063854,7.283
644.263504,7.0440000000000005
644.4599039999999,6.747
644.657704,6.572
644.855904,6.121
645.053904,5.71
645.2521039999999,4.958
645.449904,4.4270000000000005
645.6479039999999,4.578
645.845904,4.171
646.043904,3.86
646.243804,3.5220000000000002
646.439954,2.945
646.6379539999999,2.5260000000000002
646.835954,2.733
647.033954,2.557
647.2321039999999,2.73
647.4301039999999,2.7920000000000003
647.628104,2.688
647.826154,2.476
648.023954,2.757
648.2221539999999,2.987
648.420154,3.345
648.6180039999999,3.371
648.816154,3.3850000000000002
649.015004,3.4050000000000002
649.2121539999999,3.5380000000000003
649.4101539999999,2.706
649.609254,2.809
649.806154,3.102
650.0061539999999,3.326
650.2022039999999,3.66
650.4002039999999,4.271
650.598354,4.489
650.796154,4.6690000000000005
650.9944039999999,4.723
651.192404,5.162
651.3902039999999,4.846
651.588354,4.899
651.786354,4.857
651.984204,4.914
652.184254,5.109
652.3802039999999,5.311
652.5782039999999,5.328
652.776354,5.223
652.974604,5.017
653.172504,5.011
653.370454,5.128
653.568504,4.761
653.766404,4.982
653.964654,4.809
654.162504,4.604
654.360454,4.319
654.558404,4.256
654.756404,4.187
654.954404,4.082
655.152654,3.958
655.350504,3.8890000000000002
655.548504,3.9530000000000003
655.746454,3.852
655.944654,3.864
656.143904,3.68
656.340554,3.527
656.538654,3.368
656.736454,3.552
656.934704,3.3280000000000003
657.132704,2.872
657.330704,2.786
657.528704,2.718
657.7267039999999,2.487
657.924704,2.354
658.122704,2.29
658.3223039999999,2.185
658.518704,2.238
658.7167039999999,2.1630000000000003
658.914854,2.325
659.3100039999999,2.267
659.706004,2.285
659.904004,2.387
660.102004,2.504
660.300004,2.64
660.4980039999999,2.899
660.696254,3.071
660.894054,3.344
661.092254,3.398
661.2900539999999,3.557
661.4880539999999,3.811
661.686254,4.067
661.884204,4.174
662.082304,4.539
662.280054,4.634
662.479654,4.621
662.676254,4.644
662.874254,4.809
663.0723039999999,5.091
663.270304,5.384
663.4681039999999,5.69
663.666304,5.906
663.864304,6.111
664.0623039999999,6.425
664.260304,6.551
664.4581039999999,6.838
664.656304,7.042
664.854304,7.081
665.0541539999999,7.107
665.250354,7.3660000000000005
665.448354,7.431
665.646354,7.809
665.844354,8.071
666.0432539999999,8.228
666.240354,8.146
666.438354,8.708
666.636354,8.938
666.834354,8.924
667.032554,8.709
667.230554,8.726
667.428404,8.452
667.6265539999999,8.58
667.824354,8.621
668.022554,8.692
668.220554,8.821
668.418404,9.612
668.616554,10.004
668.8146039999999,9.83
669.012554,9.472
669.210554,9.529
669.408554,9.465
669.606554,9.578
669.8046039999999,9.370000000000001
670.002604,9.6
670.200604,9.43
670.398604,9.606
670.5967539999999,9.567
670.7946039999999,9.870000000000001
670.992854,9.672
671.190654,10.120000000000001
671.388604,10.183
671.5867539999999,10.274000000000001
671.7846539999999,10.356
671.982904,10.242
672.180654,10.452
672.378654,10.477
672.5768039999999,10.527000000000001
672.775004,10.777000000000001
672.972854,10.823
673.170904,10.779
673.368804,10.715
673.5668039999999,10.855
673.7648039999999,10.779
673.962904,10.67
674.160904,10.841000000000001
674.359054,10.789
674.5568039999999,10.783
674.7548039999999,10.758000000000001
674.953054,10.953
675.150954,10.902000000000001
675.3489539999999,11.003
675.5468539999999,10.941
675.745104,10.998000000000001
675.944254,11.033
676.140954,11.046
676.339104,11.093
676.537104,11.05
676.735104,11.149000000000001
676.934804,11.289
677.1311039999999,11.247
677.329154,11.158
677.5288039999999,11.086
677.7249039999999,11.349
677.923154,11.315
678.1211539999999,11.309000000000001
678.319154,11.18
678.5188539999999,11.249
678.715304,11.244
678.913654,11.257
679.308404,11.077
679.506404,11.271
679.704404,11.177
679.903004,11.103
680.100454,11.365
680.298454,11.509
680.4966539999999,11.406
680.694454,11.586
680.892604,11.614
681.090454,11.404
681.288454,11.418000000000001
681.4866539999999,11.339
681.684454,11.307
681.883504,11.118
682.080704,11.192
682.278454,10.93
682.477954,11.107000000000001
682.674704,10.73
682.872704,10.622
683.070704,10.758000000000001
683.268504,10.581
683.4667039999999,10.6
683.6647039999999,10.414
683.862504,10.514
684.061304,10.234
684.258754,10.396
684.4567539999999,10.251
684.654754,10.181000000000001
684.852904,10.046
685.050754,9.837
685.248754,9.954
685.4467539999999,9.873
685.644804,9.801
685.842954,9.586
686.042654,9.481
686.238754,9.450000000000001
686.436954,9.462
686.6348039999999,9.442
686.832954,9.362
687.0310039999999,9.23
687.228804,9.241
687.426954,9.241
687.6248039999999,9.057
687.822954,9.211
688.021004,9.209
688.2189539999999,9.222
688.417004,9.139
688.615004,9.177
688.813004,9.089
689.011004,9.058
689.2090039999999,9.073
689.4070039999999,9.103
689.605004,9.156
689.8032539999999,9.11
690.001054,9.263
690.1990539999999,9.232
690.397154,9.026
690.595054,9.213000000000001
690.7932539999999,9.262
690.991054,9.302
691.1890539999999,9.292
691.387204,9.352
691.585054,9.428
691.7833039999999,9.318
691.9831039999999,9.438
692.1791039999999,9.466000000000001
692.377254,9.466000000000001
692.575254,9.468
692.7733039999999,9.458
692.9713039999999,9.476
693.169104,9.370000000000001
693.367254,9.506
693.565254,9.711
693.763454,9.835
693.9613539999999,9.684000000000001
694.159354,9.616
694.357254,9.704
694.555254,9.626
694.753504,9.696
694.9513539999999,9.69
695.149354,9.787
695.3485539999999,9.759
695.545304,9.773
695.7435039999999,9.848
695.943254,9.855
696.139554,9.886000000000001
696.337504,9.847
696.535304,9.829
696.7335039999999,9.695
696.931554,9.804
697.129604,9.693
697.327554,9.688
697.5255539999999,9.689
697.7235539999999,9.755
697.921554,9.59
698.119704,9.429
698.317554,9.379
698.5157039999999,9.279
698.7135539999999,9.120000000000001
699.108854,9.239
699.3068039999999,9.217
699.504854,9.014
699.703054,9.186
699.900854,9.051
700.098854,8.859
700.297104,8.607
700.4948539999999,8.398
700.692854,8.025
700.890854,7.792
701.088854,7.613
701.287104,7.143
701.485104,6.789
701.683104,6.442
701.882804,6.297
702.078904,5.908
702.277154,5.659
702.475154,5.509
702.673154,5.17
702.871104,4.892
703.068904,5.03
703.267154,4.453
703.465154,4.1770000000000005
703.663554,3.994
703.8611539999999,3.556
704.0591539999999,2.957
704.258504,2.536
704.455154,1.776
704.6533039999999,1.9120000000000001
704.8512039999999,1.449
705.0492039999999,1.342
705.247354,0.916
705.445204,0.47400000000000003
705.6433539999999,0.132
705.841354,0.068
706.0392039999999,0.088
706.237354,0.038
706.435204,0.058
706.633204,0.057
706.831404,0.183
707.0292539999999,0.097
707.227704,0.135
707.425404,0.068
707.6234039999999,0.084
707.822854,0.075
708.019404,0.017
708.217404,0.136
708.416254,0.062
708.613404,0.035
708.8114539999999,0.10300000000000001
709.009454,0.228
709.207604,0.068
709.405454,0.084
709.603654,0.161
709.8014539999999,0.014
709.999454,0.148
710.197604,0.076
710.395454,0.055
710.593704,0.059000000000000004
710.7914539999999,0.063
710.989454,0.114
711.187604,0.20400000000000001
711.385604,0.138
711.583704,0.056
711.7833539999999,0.041
711.979504,0.062
712.177654,0.133
712.3756539999999,0.099
712.573754,0.111
712.771754,0.08
712.969754,0.08600000000000001
713.167654,0.059000000000000004
713.365654,0.074
713.563904,0.12
713.761754,0.058
713.959754,0.12
714.157704,0.08700000000000001
714.355704,0.023
714.553904,0.079
714.751754,0.1
714.949754,0.056
715.1479039999999,0.092
715.345704,0.042
715.543954,0.099
715.741954,0.044
715.939804,0.16
716.1379539999999,0.099
716.335704,0.10400000000000001
716.533954,0.065
716.731954,0.091
716.929804,0.17500000000000002
717.1279539999999,0.17300000000000001
717.326004,0.098
717.524904,0.026000000000000002
717.722004,0.073
717.920004,0.08
718.1180039999999,0.124
718.316004,0.08600000000000001
718.5151539999999,0.057
718.9092539999999,0.136
719.305254,0.19
719.504954,0.156
719.701254,0.114
719.8992539999999,0.04
720.097304,0.05
720.295304,0.085
720.494904,0.1
720.691304,0.161
720.8893039999999,0.134
721.087304,0.094
721.285504,0.161
721.483304,0.081
721.682954,0.10400000000000001
721.8793039999999,0.05
722.077354,0.027
722.2755539999999,0.008
722.4735539999999,0.018000000000000002
722.671554,0.073
722.869554,0.048
723.067554,0.02
723.265554,0.095
723.4635539999999,0.138
723.661604,0.179
723.859604,0.165
724.057604,0.099
724.255604,0.036000000000000004
724.453754,0.034
724.651754,0.032
724.849604,0.083
725.0477539999999,0.032
725.245604,0.075
725.443804,0.032
725.641804,0.074
725.840554,0.20600000000000002
726.0378039999999,0.332
726.235654,0.378
726.433804,0.421
726.631804,0.5660000000000001
726.829804,0.649
727.027654,1.048
727.2258039999999,0.9390000000000001
727.423854,1.172
727.621854,1.268
727.819804,1.556
728.017804,1.907
728.2158039999999,1.899
728.4142539999999,2.262
728.611854,2.254
728.809854,2.5300000000000002
729.0080039999999,2.52
729.2058539999999,2.742
729.4038539999999,2.861
729.602954,3.007
729.799854,3.106
729.9980039999999,3.189
730.1959039999999,3.197
730.394104,3.278
730.5931539999999,3.136
730.789904,3.212
730.9880539999999,2.999
731.186054,2.952
731.385854,2.92
731.582754,2.92
731.779904,2.678
731.9780539999999,2.615
732.176054,2.382
732.374104,2.314
732.572154,2.1
732.7701539999999,1.87
732.967954,1.931
733.166104,1.869
733.366004,2.02
733.562204,1.858
733.7602039999999,1.731
733.9581039999999,1.871
734.1561039999999,1.747
734.354354,1.806
734.5523539999999,1.953
734.7506539999999,2.194
734.948354,2.194
735.1461039999999,2.299
735.344354,2.14
735.5423539999999,2.104
735.7402539999999,2.0260000000000002
735.938404,1.961
736.1361539999999,1.707
736.334404,1.219
736.5324039999999,1.085
736.730404,1.032
736.928404,0.856
737.1271039999999,0.666
737.324404,0.777
737.524154,0.839
737.7204039999999,0.79
737.918404,0.6980000000000001
738.3136539999999,1.12
738.709704,1.188
738.907704,1.336
739.105704,1.391
739.3037039999999,1.423
739.501704,1.486
739.699704,1.411
739.897704,1.629
740.095904,1.746
740.2937039999999,2.269
740.491954,2.605
740.689754,2.528
740.887754,3.152
741.085954,3.548
741.283704,3.75
741.481954,3.98
741.679754,4.289
741.877754,4.703
742.076004,4.742
742.275004,4.947
742.472004,5.039
742.670004,5.181
742.867754,5.329
743.066004,5.485
743.264154,5.851
743.462004,5.74
743.660004,6.465
743.857804,6.235
744.0560039999999,6.402
744.254004,6.513
744.4522039999999,6.86
744.651604,7.144
744.848004,7.257000000000001
745.0460039999999,7.227
745.244004,7.589
745.442204,7.808
745.640054,8.120000000000001
745.8380539999999,8.121
746.036204,8.304
746.234204,8.534
746.432204,8.483
746.6302039999999,8.654
746.8281039999999,8.686
747.026254,8.81
747.224254,8.984
747.422254,8.927
747.621904,9.135
747.818104,9.149000000000001
748.016254,9.324
748.2145039999999,9.432
748.412254,9.393
748.610404,9.417
748.808404,9.466000000000001
749.006304,9.577
749.2045039999999,9.609
749.4038039999999,9.796
749.6003039999999,9.998
749.798454,9.903
749.996454,10.018
750.1945039999999,10.088000000000001
750.392554,10.19
750.590304,10.215
750.7896539999999,10.115
750.986454,10.176
751.1845539999999,10.307
751.3825539999999,10.264
751.580304,10.454
751.7801539999999,10.556000000000001
751.976454,10.487
752.174704,10.501
752.3726039999999,10.629
752.570604,10.636000000000001
752.7683539999999,10.620000000000001
752.966504,10.668000000000001
753.1664539999999,10.68
753.3626039999999,10.814
753.562204,10.702
753.758504,10.655
753.956504,10.636000000000001
754.1547539999999,10.788
754.352754,10.651
754.550654,10.689
754.748804,10.704
754.946554,10.698
755.144804,10.867
755.342754,10.856
755.540754,10.814
755.738654,10.944
755.9368039999999,11.127
756.1348039999999,11.07
756.332804,10.998000000000001
756.530804,10.977
756.728804,11.025
756.926804,11.071
757.1248039999999,10.879
757.323304,11.102
757.520804,11.053
757.7189539999999,10.934000000000001
757.916854,10.975
758.312104,11.105
758.7081039999999,11.06
758.9061039999999,11.052
759.104154,11.129
759.302104,10.997
759.500104,11.055
759.698104,11.026
759.8979539999999,11.0
760.094154,10.939
760.2923539999999,10.974
760.490154,10.864
760.6881539999999,10.839
760.886404,10.885
761.084154,10.893
761.2824039999999,10.833
761.480154,10.802
761.678154,10.815
761.876404,10.676
762.074404,10.686
762.2724039999999,10.716000000000001
762.4704039999999,10.762
762.668204,10.714
762.866404,10.696
763.064404,10.623000000000001
763.2625539999999,10.605
763.4604039999999,10.518
763.658454,10.592
763.856454,10.618
764.054454,10.425
764.252604,10.469
764.4504539999999,10.315
764.648454,10.213000000000001
764.846454,10.322000000000001
765.044454,10.364
765.244254,10.321
765.440604,10.099
765.638504,9.946
765.8368039999999,9.682
766.034504,9.161
766.2344039999999,8.929
766.430654,8.729000000000001
766.628504,8.384
766.828454,7.764
767.024504,7.594
767.2226539999999,7.6080000000000005
767.420704,7.606
767.618704,7.582
767.816754,7.463
768.0147039999999,7.21
768.2127039999999,7.107
768.410704,7.0
768.608704,6.931
768.806704,6.627
769.006404,6.34
769.2027039999999,6.221
769.400754,5.602
769.598704,4.924
769.7969039999999,4.218
769.995154,3.892
770.192954,3.169
770.390754,2.822
770.588754,2.4050000000000002
770.7869039999999,2.204
770.9849039999999,2.15
771.183854,1.927
771.381004,1.868
771.579854,1.837
771.776904,1.9000000000000001
771.9749039999999,1.993
772.1741539999999,2.207
772.371004,2.555
772.568804,2.761
772.7669539999999,3.061
772.9649539999999,3.41
773.163904,3.726
773.361004,3.969
773.559004,4.244
773.756954,4.474
773.9549539999999,4.721
774.153204,4.915
774.351054,4.811
774.5492039999999,4.829
774.747004,4.839
774.9450039999999,4.565
775.1438539999999,4.5120000000000005
775.341204,4.481
775.539054,4.5
775.737204,4.213
775.935254,4.401
776.1339039999999,4.24
776.331254,4.274
776.5292539999999,4.453
776.727254,4.468
776.925404,4.142
777.124554,4.035
777.321254,4.126
777.519404,4.362
777.7172539999999,4.407
778.112504,4.764
778.3105039999999,4.924
778.508504,4.994
778.706554,5.0760000000000005
778.904554,5.242
779.102754,5.442
779.3005539999999,5.694
779.498554,5.849
779.6968039999999,6.152
779.894854,6.45
780.092804,6.795
780.2905539999999,7.026
780.4885539999999,7.2250000000000005
780.6868039999999,7.447
780.8848039999999,7.574
781.082804,7.799
781.280804,8.007
781.478604,8.199
781.676604,8.234
781.8748539999999,8.427
782.072854,8.59
782.270854,8.815
782.4686039999999,8.912
782.666854,8.932
782.8648539999999,9.243
783.063004,9.403
783.260854,9.42
783.458854,9.582
783.656854,9.705
783.8548539999999,9.804
784.0528539999999,9.822000000000001
784.251704,9.816
784.448904,9.755
784.646904,9.995000000000001
784.8449039999999,10.395
785.043054,10.388
785.241054,10.455
785.438904,10.445
785.6370539999999,10.115
785.8349039999999,10.811
786.033104,10.549
786.231104,10.491
786.428904,10.616
786.6271039999999,10.601
786.8250539999999,10.668000000000001
787.023104,10.954
787.221104,10.694
787.419104,10.837
787.6180039999999,10.838000000000001
787.815104,11.05
788.013104,11.207
788.211104,11.03
788.409104,10.895
788.607254,10.46
788.8051039999999,10.766
789.004004,11.216000000000001
789.201154,11.156
789.399154,11.029
789.597304,11.198
789.7951539999999,11.024000000000001
789.9934039999999,11.142
790.191154,11.193
790.389154,11.296
790.587304,11.134
790.785304,11.28
790.9834539999999,11.195
791.1814039999999,11.172
791.379704,11.306000000000001
791.577354,11.247
791.775354,11.15
791.973404,11.02
792.1714039999999,11.171
792.369454,11.387
792.5673539999999,11.504
792.765354,11.497
792.964654,11.408
793.1614539999999,11.304
793.3594539999999,10.787
793.558954,10.734
793.755354,11.011000000000001
793.955254,11.135
794.151454,10.924
794.3495039999999,11.102
794.547604,11.284
794.745404,11.184000000000001
794.9436539999999,11.290000000000001
795.141654,11.203
795.3395039999999,11.3
795.537654,11.355
795.736404,11.451
795.9336539999999,11.548
796.1316539999999,11.47
796.329654,11.534
796.527654,11.541
796.725704,11.549
796.923854,11.472
797.1216539999999,11.512
797.319654,11.334
797.519004,11.611
797.715704,11.748000000000001
798.110954,11.703
798.308954,11.685
798.506954,11.591000000000001
798.7049539999999,11.699
798.9029539999999,11.636000000000001
799.100954,11.709
799.299004,11.617
799.497004,11.47
799.6950039999999,11.565
799.894454,11.547
800.090954,11.732000000000001
800.289004,11.562
800.487004,11.6
800.685204,11.428
800.884104,11.415000000000001
801.081254,11.487
801.279004,11.476
801.477004,11.434000000000001
801.675254,11.385
801.873254,11.476
802.0714039999999,11.528
802.2692539999999,11.513
802.4672539999999,11.525
802.665254,11.624
802.863304,11.612
803.061304,11.517
803.2593039999999,11.498000000000001
803.4573039999999,11.565
803.655254,11.606
803.853254,11.625
804.051754,11.479000000000001
804.2493039999999,11.365
804.4473039999999,11.178
804.645304,11.246
804.8435039999999,11.107000000000001
805.041754,10.835
805.239304,10.668000000000001
805.437454,10.6
805.635304,10.177
805.833504,9.88
806.0315039999999,9.667
806.229504,9.378
806.427504,9.291
806.625904,9.005
806.823354,8.819
807.0215039999999,8.755
807.2195039999999,8.418000000000001
807.4173539999999,8.06
807.615554,7.91
807.813804,7.819
808.0115539999999,7.487
808.2095539999999,7.372
808.407704,6.966
808.605554,6.816
808.8037539999999,6.57
809.0015539999999,6.3
809.1995539999999,6.095
809.397704,5.768
809.595704,5.42
809.794004,5.428
809.991804,5.281
810.1896039999999,5.189
810.387754,4.72
810.585754,4.695
810.7856039999999,4.692
810.981854,4.311
811.1796039999999,4.126
811.3780039999999,3.934
811.575754,3.3000000000000003
811.774004,3.259
811.9735539999999,3.326
812.169854,3.291
812.367754,3.3040000000000003
812.565754,3.189
812.764004,3.025
812.9636039999999,3.223
813.159904,3.293
813.357804,3.392
813.555804,3.273
813.754054,3.427
813.952054,3.6750000000000003
814.1502039999999,3.75
814.3480539999999,4.227
814.545804,4.313
814.7457039999999,4.618
814.942104,4.955
815.139904,5.154
815.339804,5.235
815.535854,5.582
815.734104,5.788
815.9337539999999,5.98
816.130104,6.154
816.3281039999999,6.3740000000000006
816.527804,6.589
816.724104,6.82
816.922104,6.696
817.120104,6.865
817.3181539999999,6.972
817.5161039999999,6.715
817.7158539999999,6.412
818.1094039999999,6.516
818.3073539999999,6.686
818.505354,6.726
818.703404,6.463
818.901404,5.941
819.0994039999999,5.718
819.2974039999999,5.627
819.495654,6.014
819.693404,6.091
819.891654,5.997
820.090054,5.748
820.2874039999999,5.554
820.485654,5.39
820.6851039999999,5.529
820.8816539999999,5.695
821.0794539999999,6.257000000000001
821.2774539999999,6.665
821.475654,6.615
821.6737039999999,6.713
821.8716539999999,7.0920000000000005
822.069654,6.96
822.2674539999999,6.702
822.465654,6.966
822.6637039999999,6.9830000000000005
822.8617039999999,7.2860000000000005
823.059704,7.216
823.257704,7.372
823.455704,7.306
823.653704,8.065
823.851854,8.11
824.0497039999999,7.984
824.247754,8.048
824.445754,7.785
824.643754,7.821
824.843654,8.412
825.039754,8.625
825.237754,8.887
825.4359039999999,8.74
825.633754,8.69
825.831954,8.652000000000001
826.030354,8.676
826.227804,8.348
826.4259539999999,8.195
826.625154,8.042
826.821954,8.243
827.019954,8.16
827.219654,8.378
827.4159539999999,8.466
827.6140039999999,9.338000000000001
827.813454,10.221
828.009954,9.306000000000001
828.2081539999999,8.495000000000001
828.4060039999999,7.789000000000001
828.6039539999999,6.984
828.802004,7.0920000000000005
829.000004,7.165
829.198104,7.438
829.3961539999999,7.954
829.594254,8.067
829.792254,7.939
829.990004,7.996
830.188004,8.292
830.3861539999999,7.9590000000000005
830.585754,7.617
830.782254,7.53
830.980254,7.37
831.179854,7.414000000000001
831.3762039999999,7.468
831.574404,7.381
831.773954,7.418
831.9703039999999,7.4350000000000005
832.168204,7.08
832.3662039999999,7.337
832.564204,7.696
832.7624539999999,7.789000000000001
832.960304,7.46
833.158454,7.448
833.3562539999999,7.4110000000000005
833.554254,7.6000000000000005
833.752454,7.651
833.950704,7.688
834.148454,7.686
834.3462539999999,7.441
834.5455539999999,7.056
834.7425039999999,6.944
834.9405039999999,6.679
835.138504,6.817
835.336504,6.399
835.5342539999999,6.001
835.734254,5.5360000000000005
835.9305039999999,5.1690000000000005
836.1285039999999,4.723
836.326504,4.797
836.524504,4.747
836.722554,4.9030000000000005
836.9205539999999,5.448
837.118654,5.46
837.316554,4.7090000000000005
837.5147039999999,4.228
837.909804,5.189
838.107804,5.5280000000000005
838.305804,5.675
838.504504,5.871
838.7018039999999,6.462
838.899804,6.557
839.097854,6.636
839.2960539999999,6.281
839.4938539999999,6.565
839.692554,6.614
839.889854,6.75
840.087854,6.99
840.286754,6.877
840.483854,7.055
840.682104,6.984
840.880354,7.247
841.077904,6.812
841.2761039999999,6.5680000000000005
841.4753539999999,5.622
841.672104,5.518
841.870104,5.521
842.067854,4.8020000000000005
842.2661039999999,4.227
842.4641039999999,3.8160000000000003
842.664054,3.65
842.860154,3.504
843.058154,3.149
846.820354,1.311
847.0183539999999,0.76
847.2163539999999,0.661
847.414354,0.468
847.612404,0.359
847.810404,0.279
848.0084039999999,0.193
848.206554,0.123
848.404404,0.17200000000000001
848.6026539999999,0.176
848.800404,0.167
848.9984039999999,0.18
849.196554,0.27
849.394454,0.211
850.384604,0.353
850.5844539999999,0.273
850.7806539999999,0.209
850.9784539999999,0.28200000000000003
851.176604,0.214
851.374604,0.216
851.5727039999999,0.305
851.7707039999999,0.503
851.9685039999999,0.513
852.166654,0.324
852.7607039999999,0.329
852.958754,0.402
853.156654,0.398
853.355054,0.41400000000000003
853.552904,0.434
853.7507539999999,0.357
853.948754,0.321
854.740904,0.367
854.938754,0.31
855.532954,0.223
855.730954,0.136
855.930654,0.201
856.126904,0.111
860.0862539999999,0.337
860.284504,0.165
860.482504,0.392
860.6805039999999,0.396
860.878304,0.241
861.076504,0.216
861.274504,0.264
861.474204,0.39
861.6705539999999,0.148
861.868554,0.08600000000000001
862.066304,0.126
862.265354,0.178
862.4627039999999,0.256
862.6605539999999,0.22
862.8585539999999,0.28700000000000003
863.056554,0.14400000000000002
863.254554,0.222
863.4527539999999,0.279
863.650754,0.199
863.8485539999999,0.484
864.046704,0.23600000000000002
864.244554,0.264
864.442604,0.232
864.640754,0.396
864.8386039999999,0.392
865.036604,0.256
865.234604,0.24
865.4327539999999,0.199
865.6307539999999,0.271
865.828804,0.28500000000000003
866.026754,0.28600000000000003
866.224804,0.268
866.4228039999999,0.312
866.6208039999999,0.307
866.818804,0.255
867.016804,0.24
867.214804,0.24
867.4128039999999,0.23700000000000002
867.6108039999999,0.20700000000000002
867.808804,0.20700000000000002
868.006804,0.246
868.204854,0.218
868.4047039999999,0.218
868.6008539999999,0.217
868.798854,0.23900000000000002
868.997004,0.25
869.194854,0.249
869.393104,0.258
869.591054,0.293
869.788854,0.305
869.987004,0.306
870.186654,0.309
870.383104,0.272
870.581104,0.277
870.7788539999999,0.25
870.978654,0.314
871.1751039999999,0.332
871.373104,0.35000000000000003
871.571104,0.329
871.769154,0.314
871.967054,0.34600000000000003
872.1650539999999,0.303
872.363304,0.341
872.562854,0.354
872.759154,0.34400000000000003
872.957054,0.333
873.155054,0.331
873.353304,0.333
873.551304,0.328
873.749204,0.325
873.9473539999999,0.331
874.145104,0.34500000000000003
874.343304,0.343
874.541304,0.339
876.125354,0.455
876.521354,0.465
876.719354,0.502
876.9174039999999,0.494
877.312654,0.498
877.906654,0.457
878.104654,0.47000000000000003
878.302654,0.503
878.5006539999999,0.527
878.896654,0.541
905.627454,0.503
905.825604,0.35100000000000003
906.023454,0.338
906.221654,0.27
906.4196539999999,0.26
906.6176539999999,0.17500000000000002
906.815654,0.189
907.015804,0.132
907.211654,0.052000000000000005
907.4096539999999,0.081
907.6076539999999,0.038
907.805654,0.046
908.003654,0.003
908.201704,0.016
908.401754,0.019
908.5977039999999,0.075
908.795854,0.076
908.993704,0.07
909.191954,0.06
909.3897039999999,0.09
909.5877039999999,0.08
914.933954,0.195
915.132804,0.137
915.330204,0.114
915.528204,0.137
915.7262039999999,0.101
915.9242039999999,0.1
916.122204,0.043000000000000003
916.320204,0.065
916.5188539999999,0.07200000000000001
916.716204,0.066
917.111504,0.061
917.309504,0.04
917.5075039999999,0.037
917.705704,0.07
917.903504,0.078
918.1017539999999,0.07200000000000001
918.299504,0.073
918.4975539999999,0.05
918.695754,0.037
918.893504,0.052000000000000005
919.0917539999999,0.08700000000000001
919.289504,0.078
919.4875539999999,0.06
919.685754,0.026000000000000002
919.883754,0.042
920.0818039999999,0.092
920.279804,0.117
920.4775539999999,0.166
920.675804,0.157
920.873804,0.145
921.0718039999999,0.217
921.2698039999999,0.224
921.4676039999999,0.198
921.665804,0.132
921.863804,0.146
922.0618039999999,0.107
922.2598539999999,0.095
922.457804,0.11
922.6556039999999,0.156
922.853804,0.17
923.052004,0.17300000000000001
923.2498539999999,0.186
923.447854,0.155
923.646004,0.108
923.843854,0.097
924.0420039999999,0.067
924.240004,0.05
924.4378539999999,0.031
924.636004,0.025
924.833854,0.033
925.0320539999999,0.025
925.230054,0.018000000000000002
925.428054,0.061
925.625904,0.019
925.824704,0.049
926.0220539999999,0.063
926.220054,0.021
926.418054,0.025
926.616054,0.046
926.8141039999999,0.045
927.0121039999999,0.043000000000000003
927.210104,0.041
927.408104,0.045
927.6062539999999,0.052000000000000005
927.8041039999999,0.054
928.002304,0.045
928.200104,0.058
928.398104,0.067
928.5962539999999,0.039
928.7941539999999,0.066
928.9930039999999,0.066
929.190354,0.023
929.388104,0.024
929.5862539999999,0.05
929.7842539999999,0.048
929.982354,0.035
930.180354,0.05
930.378804,0.08700000000000001
930.5763039999999,0.074
930.7743039999999,0.044
930.972404,0.052000000000000005
931.170404,0.079
931.3684039999999,0.06
931.566304,0.03
931.7643039999999,0.019
931.962554,0.037
932.1610539999999,0.037
932.3584539999999,0.038
932.5563539999999,0.013000000000000001
932.7543539999999,0.037
932.952604,0.094
933.1505539999999,0.04
933.348454,0.015
933.547254,0.029
933.7443539999999,0.036000000000000004
933.942604,0.03
934.1406039999999,0.019
934.338454,0.041
934.536604,0.027
934.7344039999999,0.034
934.932604,0.023
935.130604,0.006
935.3286039999999,0.025
935.5266039999999,0.023
935.724654,0.03
935.922654,0.009000000000000001
936.120654,0.013000000000000001
936.3186539999999,0.038
936.5166539999999,0.034
936.9119039999999,0.042
937.1099039999999,0.074
937.307904,0.069
937.505904,0.056
937.7041539999999,0.059000000000000004
937.902154,0.063
938.0999539999999,0.073
938.297954,0.034
938.495954,0.016
938.693954,0.01
938.8919539999999,0.049
939.090204,0.085
939.287954,0.055
939.485954,0.033
939.6841539999999,0.027
939.882204,0.023
940.080204,0.03
940.278004,0.051000000000000004
940.4762039999999,0.037
940.6742039999999,0.078
940.872204,0.043000000000000003
941.070204,0.034
941.268204,0.037
941.466004,0.019
941.6642539999999,0.005
941.862254,0.019
942.060254,0.039
942.258254,0.045
942.456004,0.052000000000000005
942.6542539999999,0.018000000000000002
942.8530539999999,0.046
943.050404,0.057
943.248254,0.048
943.446254,0.034
943.6442539999999,0.033
943.842454,0.022
944.040454,0.022
944.238304,0.012
944.4364539999999,0.02
944.634454,0.025
944.8323039999999,0.025
945.030454,0.003
945.2284539999999,0.033
945.426304,0.029
945.624504,0.03
945.822504,0.044
946.0211039999999,0.027
946.2185039999999,0.011
946.4165039999999,0.03
946.614504,0.06
946.8127039999999,0.032
947.010504,0.07200000000000001
947.208504,0.043000000000000003
947.407304,0.057
947.6045039999999,0.053
947.8027539999999,0.06
948.000504,0.069
948.198504,0.076
948.3965539999999,0.033
948.594654,0.019
948.792754,0.05
948.9908039999999,0.073
949.1892039999999,0.112
949.386704,0.083
949.584704,0.062
949.7828039999999,0.034
949.9808039999999,0.022
950.178554,0.029
950.3767039999999,0.039
950.575354,0.027
950.772754,0.031
950.9708539999999,0.065
951.1688039999999,0.018000000000000002
951.3666039999999,0.02
951.564754,0.003
951.7629539999999,0.054
951.9608539999999,0.07100000000000001
952.1588539999999,0.047
952.357004,0.029
952.554854,0.066
952.7530039999999,0.041
952.951004,0.061
953.1488539999999,0.025
953.347004,0.037
953.544754,0.089
953.743654,0.121
953.9410039999999,0.101
954.1389039999999,0.068
954.337054,0.056
954.535054,0.065
954.7330539999999,0.074
954.9310539999999,0.081
955.129054,0.067
955.327054,0.07200000000000001
955.525054,0.05
955.7230539999999,0.048
955.9210539999999,0.07200000000000001
956.119054,0.061
956.317204,0.081
956.712354,0.08700000000000001
956.910354,0.084
957.108354,0.078
957.3063539999999,0.113
957.5043539999999,0.049
957.7023539999999,0.03
957.900354,0.034
958.098354,0.041
958.296354,0.021
958.494604,0.003
958.692404,0.034
958.8906039999999,0.036000000000000004
959.088404,0.011
959.286404,0.029
959.484604,0.035
959.6824039999999,0.08700000000000001
959.880604,0.12
960.0786039999999,0.08700000000000001
960.276404,0.094
960.474654,0.094
960.672654,0.045
960.870654,0.03
961.0686539999999,0.054
961.266404,0.016
961.464654,0.059000000000000004
961.662654,0.028
961.8608039999999,0.022
962.0586539999999,0.04
962.2567039999999,0.028
962.454704,0.041
962.652704,0.079
962.8508539999999,0.053
963.0487039999999,0.055
963.2467039999999,0.019
963.444704,0.033
963.642704,0.045
963.8408539999999,0.041
964.038904,0.051000000000000004
964.2367039999999,0.032
964.4355039999999,0.03
964.632704,0.054
964.8308539999999,0.063
965.028904,0.045
965.2267539999999,0.062
965.424904,0.07
965.622754,0.012
965.8209039999999,0.032
966.0189039999999,0.079
966.217554,0.041
966.414904,0.067
966.612904,0.044
966.8109039999999,0.096
967.0089539999999,0.132
967.207054,0.155
967.404954,0.10400000000000001
967.6036039999999,0.097
967.801204,0.042
967.9989539999999,0.017
968.197104,0.041
968.395104,0.024
968.5932039999999,0.057
968.791204,0.042
968.9890039999999,0.029
969.187104,0.057
969.3851539999999,0.019
969.5831539999999,0.043000000000000003
969.781204,0.047
969.979204,0.031
970.177104,0.062
970.375154,0.033
970.5731539999999,0.027
970.771904,0.041
970.969254,0.013000000000000001
971.167154,0.02
971.365154,0.031
971.563404,0.057
971.761404,0.077
971.959254,0.089
972.1574039999999,0.073
972.355204,0.08700000000000001
972.553404,0.064
972.751404,0.05
972.949304,0.036000000000000004
973.1474539999999,0.025
973.3454539999999,0.053
973.543204,0.045
973.741404,0.059000000000000004
973.9401039999999,0.025
974.1374539999999,0.031
974.3354539999999,0.039
974.533454,0.08700000000000001
974.731454,0.035
974.929454,0.042
975.127454,0.024
975.326104,0.046
975.523604,0.043000000000000003
975.721454,0.059000000000000004
975.919504,0.055
976.314754,0.07100000000000001
976.7109539999999,0.026000000000000002
976.9087539999999,0.034
977.1067539999999,0.088
977.304804,0.043000000000000003
977.502804,0.019
977.701004,0.052000000000000005
977.8987539999999,0.039
978.0967539999999,0.068
978.295004,0.099
978.492804,0.062
978.6910039999999,0.079
978.8888039999999,0.093
979.0868039999999,0.038
979.285054,0.012
979.4830539999999,0.022
979.680804,0.044
979.879054,0.039
980.0768039999999,0.027
980.275054,0.03
980.4730539999999,0.04
980.6710539999999,0.02
980.869104,0.054
981.067104,0.03
981.265104,0.051000000000000004
981.4630539999999,0.1
981.661254,0.135
981.859104,0.079
982.057104,0.041
982.255104,0.035
982.4531039999999,0.016
982.651304,0.042
982.849104,0.083
983.047104,0.083
983.2452539999999,0.058
983.443104,0.021
983.641304,0.04
983.839304,0.073
984.037154,0.085
984.2353039999999,0.17
984.433154,0.11800000000000001
984.631304,0.111
984.829304,0.075
985.027304,0.10200000000000001
985.2253039999999,0.08600000000000001
985.4233039999999,0.058
985.621354,0.037
985.819354,0.061
986.017354,0.044
986.215954,0.022
986.4133539999999,0.101
986.611354,0.051000000000000004
986.809354,0.079
987.007354,0.039
987.2055039999999,0.095
987.4033539999999,0.061
987.6022539999999,0.034
987.799404,0.08
987.997404,0.116
988.1955539999999,0.165
988.3933539999999,0.10200000000000001
988.591604,0.055
988.7896039999999,0.096
988.987404,0.075
989.1855539999999,0.13
989.383554,0.044
989.581654,0.064
989.7796539999999,0.089
989.977404,0.066
990.1755539999999,0.115
990.3735539999999,0.145
990.571654,0.09
990.770304,0.067
990.9676539999999,0.101
991.1656039999999,0.05
991.363604,0.066
991.5618539999999,0.111
991.759654,0.065
991.9576539999999,0.065
992.1556039999999,0.07
992.3536039999999,0.052000000000000005
992.5518539999999,0.045
992.7498539999999,0.015
992.9477039999999,0.074
993.145854,0.016
993.3436539999999,0.075
993.541854,0.1
993.7398539999999,0.043000000000000003
993.938404,0.098
994.135854,0.058
994.3336039999999,0.088
994.5319039999999,0.037
994.7299039999999,0.051000000000000004
994.9279039999999,0.133
995.125904,0.065
995.3245539999999,0.069
995.521904,0.039
995.7199039999999,0.023
995.9179039999999,0.075
996.3131539999999,0.081
996.5111539999999,0.056
996.7091539999999,0.075
996.907204,0.056
997.105204,0.092
997.3032039999999,0.081
997.501454,0.122
997.699204,0.109
997.897204,0.112
998.0954539999999,0.034
998.293454,0.099
998.4912039999999,0.124
998.689454,0.114
998.887254,0.073
999.085254,0.034
999.283454,0.019
999.4812539999999,0.06
999.679454,0.077
999.877254,0.061
1000.075254,0.01
1000.2734539999999,0.079
1000.471654,0.136
1000.669504,0.063
1000.8675039999999,0.075
1001.0655039999999,0.05
1001.2635039999999,0.078
1001.4623039999999,0.07
1001.659504,0.106
1001.857504,0.058
1002.055304,0.13
1002.2535039999999,0.131
1002.451504,0.063
1002.6497039999999,0.077
1002.847554,0.197
1003.0455539999999,0.145
1003.2435539999999,0.11900000000000001
1003.441704,0.146
1003.6397039999999,0.031
1003.837554,0.079
1004.035704,0.047
1004.233754,0.09
1004.431754,0.082
1004.630354,0.211
1004.8277539999999,0.042
1005.025754,0.067
1005.223754,0.028
1005.4215539999999,0.028
1005.619754,0.009000000000000001
1005.8177539999999,0.082
1006.015904,0.078
1006.213804,0.063
1006.4120039999999,0.024
1006.609754,0.036000000000000004
1006.8077539999999,0.043000000000000003
1007.005904,0.073
1007.203804,0.154
1007.4020039999999,0.165
1007.599804,0.161
1007.798454,0.063
1007.995954,0.064
1008.193954,0.019
1008.3920539999999,0.036000000000000004
1008.590054,0.02
1008.7878039999999,0.07100000000000001
1008.985954,0.06
1009.183954,0.067
1009.3820539999999,0.012
1009.5800539999999,0.07100000000000001
1009.778104,0.003
1009.976004,0.02
1010.174004,0.077
1010.372204,0.106
1010.5700539999999,0.061
1010.768104,0.048
1010.966654,0.091
1011.164004,0.139
1011.362254,0.053
1011.5601039999999,0.055
1011.758104,0.047
1011.956254,0.106
1012.154004,0.068
1012.352904,0.04
1012.550254,0.02
1012.748154,0.009000000000000001
1012.946254,0.044
1013.144054,0.022
1013.3423039999999,0.093
1013.540304,0.029
1013.738304,0.047
1013.936304,0.075
1014.134954,0.052000000000000005
1014.3323039999999,0.065
1014.530304,0.027
1014.728354,0.029
1014.926304,0.082
1015.1243539999999,0.033
1015.3223539999999,0.08
1015.520954,0.085
1015.718304,0.07100000000000001
1016.113604,0.061
1016.311604,0.043000000000000003
1016.509604,0.06
1016.707604,0.056
1016.9056039999999,0.053
1017.1036039999999,0.05
1017.301604,0.112
1017.499654,0.045
1017.6976539999999,0.031
1017.8956539999999,0.07200000000000001
1018.093854,0.10200000000000001
1018.291654,0.039
1018.4898539999999,0.032
1018.687654,0.078
1018.8856539999999,0.028
1019.083854,0.089
1019.281654,0.126
1019.4799039999999,0.15
1019.6779039999999,0.052000000000000005
1019.8756539999999,0.093
1020.073904,0.106
1020.271904,0.153
1020.4699039999999,0.1
1020.6679039999999,0.128
1020.8657039999999,0.045
1021.063904,0.089
1021.261954,0.061
1021.4599539999999,0.029
1021.6579539999999,0.029
1021.855954,0.031
1022.053904,0.11800000000000001
1022.251954,0.066
1022.450104,0.054
1022.6479539999999,0.091
1022.845954,0.061
1023.043954,0.05
1023.241954,0.07100000000000001
1023.4401039999999,0.038
1023.638104,0.088
1023.8359539999999,0.11900000000000001
1024.034154,0.073
1024.232004,0.012
1024.430154,0.039
1024.628154,0.041
1024.826004,0.058
1025.024154,0.146
1025.2224039999999,0.10200000000000001
1025.420154,0.066
1025.618154,0.039
1025.816204,0.068
1026.014204,0.043000000000000003
1026.212204,0.136
1026.410204,0.08
1026.608204,0.092
1026.806354,0.007
1027.0042039999998,0.051000000000000004
1027.202404,0.076
1027.4004539999999,0.113
1027.598204,0.054
1027.7962539999999,0.061
1027.9950039999999,0.107
1028.192254,0.089
1028.3904539999999,0.035
1028.588254,0.08600000000000001
1028.7862539999999,0.08700000000000001
1028.984404,0.061
1029.1826039999999,0.092
1029.381154,0.056
1029.578504,0.07200000000000001
1029.776404,0.038
1029.974404,0.091
1030.172654,0.163
1030.370504,0.122
1030.5685039999998,0.039
1030.766304,0.067
1030.964404,0.106
1031.163304,0.05
1031.3606539999998,0.11800000000000001
1031.558554,0.151
1031.756554,0.078
1031.954454,0.062
1032.1527039999999,0.07
1032.350704,0.031
1032.549204,0.059000000000000004
1032.746704,0.049
1032.944704,0.114
1033.1427039999999,0.031
1033.340704,0.129
1033.538704,0.181
1033.736704,0.151
1033.934704,0.107
1034.1327039999999,0.07100000000000001
1034.330704,0.057
1034.528704,0.045
1034.726754,0.056
1034.924754,0.052000000000000005
1035.122904,0.028
1035.3207539999999,0.045
1035.518754,0.034
1035.914004,0.028
1036.112054,0.021
1036.310054,0.08600000000000001
1036.508054,0.17500000000000002
1036.706004,0.147
1036.904254,0.133
1037.102054,0.049
1037.300254,0.04
1037.498054,0.063
1037.696054,0.095
1037.8940539999999,0.047
1038.092054,0.043000000000000003
1038.2903039999999,0.03
1038.488054,0.064
1038.686054,0.058
1038.884304,0.122
1039.082304,0.066
1039.280304,0.163
1039.478304,0.124
1039.676104,0.046
1039.874354,0.053
1040.072354,0.082
1040.270304,0.107
1040.468304,0.061
1040.666354,0.078
1040.864104,0.046
1041.062354,0.012
1041.2605039999999,0.032
1041.4583539999999,0.032
1041.656354,0.10200000000000001
1041.854354,0.073
1042.052354,0.033
1042.2505039999999,0.027
1042.448554,0.08700000000000001
1042.6464039999998,0.084
1042.844554,0.024
1043.042404,0.09
1043.240554,0.089
1043.4385539999998,0.088
1043.6364039999999,0.10200000000000001
1043.834554,0.07200000000000001
1044.032404,0.081
1044.230554,0.021
1044.428604,0.145
1044.626604,0.051000000000000004
1044.824604,0.07100000000000001
1045.0232039999999,0.065
1045.2206039999999,0.094
1045.418604,0.22
1045.616604,0.153
1045.814604,0.137
1046.012604,0.099
1046.2106039999999,0.1
1046.409254,0.155
1046.606654,0.14300000000000002
1046.8048039999999,0.131
1047.002604,0.138
1047.200854,0.076
1047.3986539999999,0.078
1047.596654,0.077
1047.7948039999999,0.156
1047.992654,0.025
1048.191554,0.068
1048.388904,0.108
1048.586654,0.045
1048.784804,0.092
1048.982804,0.046
1049.180904,0.052000000000000005
1049.378904,0.049
1049.577354,0.064
1049.774854,0.046
1049.9728539999999,0.052000000000000005
1050.171054,0.08600000000000001
1050.368954,0.069
1050.566954,0.045
1050.764854,0.012
1050.9628539999999,0.042
1051.161054,0.07100000000000001
1051.358954,0.076
1051.556954,0.099
1051.754904,0.039
1051.952904,0.113
1052.151104,0.096
1052.349104,0.038
1052.546954,0.107
1052.745754,0.056
1052.942904,0.075
1053.141104,0.07100000000000001
1053.339154,0.037
1053.537004,0.13
1053.735154,0.043000000000000003
1053.932904,0.106
1054.131154,0.101
1054.329154,0.14200000000000002
1054.5271539999999,0.044
1054.725154,0.076
1054.9231539999998,0.082
1055.3184039999999,0.19
1055.714454,0.245
1055.912454,0.196
1056.1106539999998,0.08
1056.308454,0.026000000000000002
1056.5064539999998,0.058
1056.704704,0.039
1056.902454,0.052000000000000005
1057.100454,0.136
1057.298454,0.099
1057.4964539999999,0.08600000000000001
1057.694504,0.046
1057.8927039999999,0.036000000000000004
1058.090504,0.089
1058.288754,0.078
1058.486504,0.059000000000000004
1058.684704,0.037
1058.8827039999999,0.023
1059.080504,0.016
1059.278754,0.056
1059.476504,0.058
1059.674554,0.105
1059.872754,0.04
1060.0707539999999,0.068
1060.268754,0.064
1060.466754,0.106
1060.664554,0.037
1060.862754,0.1
1061.060904,0.161
1061.258804,0.069
1061.456804,0.07100000000000001
1061.654804,0.037
1061.8528039999999,0.098
1062.050954,0.116
1062.248954,0.149
1062.446804,0.076
1062.6449539999999,0.063
1062.842804,0.056
1063.040804,0.1
1063.239004,0.048
1063.436854,0.14100000000000001
1063.634854,0.14400000000000002
1063.8330039999998,0.169
1064.031004,0.132
1064.229004,0.01
1064.427004,0.068
1064.625004,0.079
1064.8230039999999,0.161
1065.021654,0.029
1065.219004,0.033
1065.417004,0.041
1065.6151539999998,0.091
1065.8130039999999,0.054
1066.011004,0.057
1066.209054,0.081
1066.407704,0.093
1066.6050539999999,0.042
1066.803054,0.048
1067.001304,0.109
1067.199054,0.075
1067.397054,0.047
1067.595204,0.03
1067.793204,0.047
1067.991304,0.07200000000000001
1068.189954,0.157
1068.387104,0.138
1068.5852539999998,0.14100000000000001
1068.783254,0.08700000000000001
1068.981104,0.185
1069.179304,0.049
1069.3773039999999,0.089
1069.575754,0.14
1069.773254,0.153
1069.971454,0.128
1070.1693539999999,0.091
1070.367354,0.115
1070.565304,0.187
1070.763304,0.11
1070.9615039999999,0.135
1071.159354,0.18
1071.357354,0.136
1071.555504,0.145
1071.7533039999998,0.093
1071.951554,0.031
1072.1495539999999,0.038
1072.3474039999999,0.069
1072.545554,0.058
1072.743954,0.077
1072.941554,0.13
1073.1395539999999,0.096
1073.337554,0.046
1073.535554,0.061
1073.733554,0.133
1073.9316039999999,0.106
1074.129604,0.10400000000000001
1074.327604,0.114
1074.525554,0.033
1074.723554,0.124
1074.921604,0.092
1075.316854,0.057
1075.7128539999999,0.028
1075.910854,0.036000000000000004
1076.108854,0.088
1076.306904,0.067
1076.504904,0.127
1076.702904,0.06
1076.9009039999999,0.028
1077.099104,0.062
1077.296904,0.005
1077.494904,0.132
1077.693104,0.123
1077.8909039999999,0.092
1078.089154,0.069
1078.286954,0.131
1078.484904,0.122
1078.683154,0.091
1078.8809039999999,0.095
1079.079154,0.025
1079.2771539999999,0.029
1079.474954,0.067
1079.6731539999998,0.095
1079.871154,0.026000000000000002
1080.069204,0.113
1080.267204,0.059000000000000004
1080.464954,0.017
1080.663204,0.093
1080.861204,0.061
1081.059354,0.067
1081.257204,0.043000000000000003
1081.4552039999999,0.057
1081.653204,0.056
1081.851204,0.057
1082.0494039999999,0.025
1082.247204,0.063
1082.4452039999999,0.018000000000000002
1082.643204,0.038
1082.841204,0.057
1083.0394039999999,0.043000000000000003
1083.237404,0.083
1083.435254,0.081
1083.633404,0.051000000000000004
1083.831254,0.10400000000000001
1084.0294039999999,0.096
1084.227404,0.092
1084.425254,0.039
1084.623404,0.113
1084.821454,0.05
1085.020104,0.018000000000000002
1085.2174539999999,0.081
1085.415454,0.041
1085.613454,0.056
1085.811454,0.114
1086.009454,0.125
1086.2074539999999,0.031
1086.406104,0.10300000000000001
1086.603604,0.065
1086.801504,0.108
1086.9997039999998,0.052000000000000005
1087.197504,0.037
1087.395654,0.053
1087.593654,0.013000000000000001
1087.791504,0.04
1087.9897039999998,0.097
1088.188154,0.11900000000000001
1088.3855039999999,0.112
1088.583654,0.022
1088.781654,0.092
1088.979754,0.044
1089.177754,0.053
1089.3755039999999,0.116
1089.574304,0.131
1089.771904,0.006
1089.969754,0.056
1090.167754,0.157
1090.365554,0.12
1090.563704,0.077
1090.761954,0.05
1090.959954,0.019
1091.157804,0.138
1091.3559539999999,0.186
1091.553704,0.066
1091.751704,0.165
1091.949954,0.076
1092.147804,0.035
1092.345854,0.054
1092.543954,0.032
1092.742604,0.065
1092.939954,0.117
1093.137954,0.10300000000000001
1093.335954,0.185
1093.533954,0.134
1093.732004,0.109
1093.930004,0.056
1094.128004,0.14
1094.3261539999999,0.227
1094.5240039999999,0.082
1094.722004,0.028
1094.920004,0.049
1095.315304,0.029
1095.513304,0.139
1095.711254,0.013000000000000001
1095.909254,0.041
1096.1073039999999,0.019
1096.305304,0.07200000000000001
1096.503504,0.12
1096.701304,0.093
1096.8995539999999,0.095
1097.097304,0.161
1097.295304,0.17300000000000001
1097.493554,0.115
1097.691304,0.113
1097.889304,0.053
1098.087554,0.11900000000000001
1098.2853539999999,0.081
1098.483554,0.158
1098.681554,0.089
1098.879604,0.059000000000000004
1099.0776039999998,0.101
1099.2753539999999,0.108
1099.473554,0.068
1099.671554,0.091
1099.869754,0.07
1100.0676039999998,0.006
1100.265604,0.035
1100.463604,0.043000000000000003
1100.661604,0.048
1100.859604,0.035
1101.0576039999999,0.107
1101.255604,0.03
1101.4534039999999,0.063
1101.651604,0.042
1101.849804,0.112
1102.048454,0.03
1102.245654,0.094
1102.443804,0.017
1102.641654,0.021
1102.839804,0.168
1103.037804,0.091
1103.2356539999998,0.014
1103.434454,0.033
1103.631654,0.08600000000000001
1103.8298539999998,0.054
1104.027854,0.04
1104.225854,0.061
1104.423854,0.049
1104.621854,0.039
1104.8198539999999,0.10200000000000001
1105.017854,0.09
1105.216504,0.114
1105.413904,0.063
1105.6119039999999,0.067
1105.810104,0.066
1106.007854,0.083
1106.205854,0.093
1106.404004,0.093
1106.602554,0.064
1106.800104,0.05
1106.997904,0.082
1107.195904,0.11
1107.3940539999999,0.165
1107.592054,0.055
1107.790154,0.134
1107.988154,0.093
1108.185904,0.078
1108.3840539999999,0.099
1108.582054,0.057
1108.780154,0.07
1108.978204,0.019
1109.175954,0.062
1109.374104,0.034
1109.5721039999999,0.063
1109.7709539999998,0.012
1109.968204,0.056
1110.1662039999999,0.106
1110.364104,0.049
1110.5621039999999,0.035
1110.760354,0.129
1110.958204,0.07
1111.156204,0.049
1111.3541539999999,0.025
1111.5521039999999,0.046
1111.750354,0.05
1111.9483539999999,0.07100000000000001
1112.146254,0.085
1112.344404,0.085
1112.542154,0.093
1112.740404,0.066
1112.939054,0.061
1113.136254,0.027
1113.334404,0.085
1113.532404,0.069
1113.730404,0.11800000000000001
1113.928404,0.027
1114.1264039999999,0.053
1114.325054,0.034
1114.522454,0.062
1114.720454,0.125
1115.115704,0.045
1115.313704,0.028
1115.511704,0.051000000000000004
1115.7097039999999,0.065
1115.907704,0.041
1116.105704,0.078
1116.303704,0.112
1116.501704,0.131
1116.699754,0.099
1116.8977539999998,0.187
1117.095754,0.136
1117.293954,0.133
1117.4919539999999,0.197
1117.689754,0.189
1117.887954,0.203
1118.085754,0.093
1118.283954,0.082
1118.4819539999999,0.1
1118.680004,0.021
1118.878004,0.07200000000000001
1119.076004,0.026000000000000002
1119.2740039999999,0.029
1119.472004,0.028
1119.670004,0.113
1119.868004,0.062
1120.066004,0.075
1120.2640039999999,0.176
1120.462004,0.121
1120.660054,0.156
1120.858054,0.185
1121.056054,0.221
1121.2542039999998,0.15
1121.4520539999999,0.113
1121.650204,0.137
1121.848204,0.122
1122.046054,0.079
1122.244854,0.042
1122.4420539999999,0.074
1122.640254,0.08
1122.838254,0.182
1123.036204,0.134
1123.234254,0.091
1123.432254,0.076
1123.6301039999998,0.115
1123.828254,0.10400000000000001
1124.0262539999999,0.164
1124.224254,0.123
1124.4222539999998,0.101
1124.620254,0.05
1124.818254,0.083
1125.016254,0.028
1125.214404,0.075
1125.412304,0.083
1125.610504,0.032
1125.808304,0.048
1126.006304,0.117
1126.204454,0.012
1126.402304,0.03
1126.600304,0.115
1126.799204,0.07
1126.996304,0.055
1127.194454,0.105
1127.392454,0.062
1127.5905539999999,0.077
1127.788554,0.048
1127.986354,0.083
1128.184504,0.148
1128.382504,0.11900000000000001
1128.580554,0.073
1128.7786039999999,0.054
1128.976604,0.015
1129.1745039999998,0.038
1129.372504,0.059000000000000004
1129.5707539999999,0.033
1129.7686039999999,0.039
1129.967254,0.082
1130.1645039999999,0.067
1130.362504,0.098
1130.5607539999999,0.056
1130.758754,0.098
1130.9566539999998,0.064
1131.154804,0.061
1131.353204,0.045
1131.550804,0.088
1131.7488039999998,0.051000000000000004
1131.9466539999999,0.099
1132.144804,0.131
1132.3425539999998,0.029
1132.540604,0.065
1132.7388039999998,0.113
1132.936804,0.066
1133.135454,0.101
1133.332804,0.027
1133.530804,0.075
1133.7288039999999,0.067
1133.926804,0.035
1134.124854,0.025
1134.322854,0.074
1134.521654,0.13
1134.916104,0.069
1135.3121039999999,0.111
1135.510154,0.07
1135.708154,0.10200000000000001
1135.906154,0.039
1136.1041539999999,0.038
1136.302354,0.083
1136.5001539999998,0.078
1136.6983539999999,0.041
1136.896154,0.063
1137.094154,0.05
1137.292404,0.042
1137.4901539999998,0.045
1137.688404,0.013000000000000001
1137.886154,0.065
1138.084154,0.043000000000000003
1138.282404,0.065
1138.480404,0.107
1138.678404,0.081
1138.8764039999999,0.12
1139.074204,0.154
1139.272454,0.152
1139.470454,0.158
1139.6684539999999,0.229
1139.8664039999999,0.081
1140.064254,0.021
1140.262454,0.059000000000000004
1140.460454,0.022
1140.658604,0.018000000000000002
1140.856454,0.08700000000000001
1141.0544539999999,0.024
1141.252454,0.051000000000000004
1141.450454,0.056
1141.648604,0.069
1141.846454,0.035
1142.044504,0.079
1142.2433039999999,0.097
1142.440504,0.056
1142.6386539999999,0.126
1142.836654,0.079
1143.034504,0.068
1143.232654,0.033
1143.430504,0.068
1143.629304,0.046
1143.826654,0.028
1144.024704,0.027
1144.222704,0.033
1144.420704,0.1
1144.618704,0.063
1144.8167039999998,0.024
1145.014704,0.08600000000000001
1145.212704,0.094
1145.410704,0.048
1145.608704,0.061
1145.8067039999999,0.07200000000000001
1146.004754,0.035
1146.202904,0.029
1146.400754,0.097
1146.598954,0.099
1146.797354,0.068
1146.994754,0.066
1147.1929539999999,0.067
1147.390754,0.138
1147.589004,0.122
1147.787004,0.051000000000000004
1147.9847539999998,0.034
1148.182904,0.09
1148.381154,0.021
1148.579004,0.06
1148.777004,0.008
1148.974904,0.078
1149.172954,0.037
1149.370954,0.107
1149.569054,0.132
1149.767054,0.158
1149.9656539999999,0.07100000000000001
1150.162954,0.08700000000000001
1150.361204,0.062
1150.559154,0.092
1150.757054,0.066
1150.9552039999999,0.097
1151.153004,0.073
1151.351854,0.019
1151.549204,0.077
1151.747204,0.07
1151.9452039999999,0.044
1152.143204,0.10300000000000001
1152.3410039999999,0.064
1152.539204,0.082
1152.737254,0.029
1152.935104,0.039
1153.133904,0.02
1153.331254,0.044
1153.529254,0.002
1153.727254,0.066
1153.9254039999998,0.012
1154.1232539999999,0.076
1154.321404,0.021
1154.716504,0.075
1154.9145039999999,0.082
1155.112504,0.068
1155.310554,0.116
1155.508554,0.036000000000000004
1155.7065539999999,0.099
1155.904554,0.101
1156.102554,0.123
1156.300554,0.176
1156.4988039999998,0.11800000000000001
1156.6965539999999,0.14300000000000002
1156.894554,0.084
1157.092804,0.047
1157.290604,0.10400000000000001
1157.4888039999998,0.038
1157.686804,0.063
1157.8846039999999,0.08
1158.082804,0.066
1158.280804,0.066
1158.478604,0.06
1158.676804,0.067
1158.8746039999999,0.036000000000000004
1159.072604,0.011
1159.2708539999999,0.116
1159.469004,0.063
1159.666854,0.07100000000000001
1159.864854,0.161
1160.062854,0.069
1160.2608539999999,0.085
1160.459004,0.037
1160.6568539999998,0.018000000000000002
1160.854904,0.05
1161.052904,0.039
1161.250904,0.06
1161.4489039999999,0.02
1161.647054,0.025
1161.844904,0.056
1162.042904,0.04
1162.240904,0.051000000000000004
1162.439054,0.066
1162.637104,0.07100000000000001
1162.834954,0.092
1163.0331039999999,0.07100000000000001
1163.231104,0.074
1163.429104,0.015
1163.627104,0.059000000000000004
1163.825754,0.038
1164.0231039999999,0.053
1164.221104,0.034
1164.4191039999998,0.097
1164.617154,0.224
1164.815104,0.11800000000000001
1165.0133039999998,0.099
1165.211104,0.109
1165.409354,0.073
1165.607154,0.075
1165.805154,0.039
1166.0033039999998,0.081
1166.2011539999999,0.14100000000000001
1166.399404,0.038
1166.597154,0.032
1166.795154,0.245
1166.993954,0.017
1167.191304,0.076
1167.389404,0.044
1167.5874039999999,0.09
1167.785204,0.036000000000000004
1167.983354,0.074
1168.181354,0.10200000000000001
1168.380054,0.018000000000000002
1168.577404,0.054
1168.775404,0.105
1168.973354,0.088
1169.1713539999998,0.079
1169.3695539999999,0.009000000000000001
1169.567454,0.042
1169.7654539999999,0.07100000000000001
1169.9634039999999,0.039
1170.162004,0.052000000000000005
1170.359604,0.009000000000000001
1170.557454,0.11
1170.7554539999999,0.031
1170.953604,0.024
1171.151404,0.083
1171.349604,0.021
1171.548304,0.048
1171.745504,0.067
1171.943654,0.048
1172.141404,0.124
1172.3396539999999,0.084
1172.537654,0.085
1172.7356539999998,0.063
1172.933654,0.034
1173.131654,0.14400000000000002
1173.329654,0.123
1173.5277039999999,0.063
1173.725704,0.063
1173.923704,0.121
1174.3189539999998,0.07200000000000001
1174.714954,0.12
1174.912954,0.058
1175.110954,0.068
1175.3089539999999,0.098
1175.506954,0.07
1175.704954,0.073
1175.902954,0.019
1176.1010039999999,0.033
1176.299204,0.075
1176.497204,0.091
1176.695004,0.155
1176.893004,0.128
1177.0912039999998,0.20400000000000001
1177.289004,0.145
1177.487204,0.186
1177.685004,0.152
1177.883054,0.032
1178.081254,0.083
1178.279004,0.085
1178.477254,0.051000000000000004
1178.675254,0.137
1178.874654,0.065
1179.071254,0.062
1179.269254,0.211
1179.467304,0.1
1179.666954,0.051000000000000004
1179.863054,0.009000000000000001
1180.0613039999998,0.083
1180.259454,0.019
1180.4575539999998,0.146
1180.655304,0.134
1180.853304,0.114
1181.0513039999998,0.051000000000000004
1181.249454,0.133
1181.447504,0.128
1181.645304,0.032
1181.844904,0.05
1182.0413039999999,0.021
1182.239454,0.068
1182.437504,0.058
1182.6363039999999,0.1
1182.833504,0.085
1183.031504,0.121
1183.229504,0.131
1183.4284539999999,0.198
1183.6255039999999,0.115
1183.823504,0.037
1184.0222039999999,0.09
1184.221454,0.101
1184.4175539999999,0.068
1184.615554,0.095
1184.813704,0.129
1185.011554,0.154
1185.2098039999998,0.047
1185.407554,0.146
1185.605554,0.168
1185.803704,0.073
1186.002354,0.12
1186.1998039999999,0.01
1186.397804,0.16
1186.5956039999999,0.123
1186.793754,0.234
1186.991754,0.168
1187.1898039999999,0.14300000000000002
1187.388454,0.194
1187.5856039999999,0.159
1187.783604,0.161
1187.981754,0.067
1188.179954,0.052000000000000005
1188.3778539999998,0.068
1188.575854,0.03
1188.773754,0.115
1188.971754,0.195
1189.170604,0.126
1189.3678539999999,0.07
1189.565854,0.077
1189.7640039999999,0.052000000000000005
1189.961804,0.094
1190.1600039999998,0.068
1190.358054,0.042
1190.556504,0.042
1190.753904,0.062
1190.951804,0.048
1191.1500039999999,0.095
1191.348054,0.188
1191.5459039999998,0.178
1191.744054,0.108
1191.9420539999999,0.117
1192.140054,0.041
1192.338054,0.11800000000000001
1192.536054,0.17200000000000001
1192.734054,0.131
1192.9320539999999,0.073
1193.130054,0.151
1193.328104,0.122
1193.526104,0.082
1193.7247539999998,0.07
1193.922104,0.096
1194.317354,0.137
1194.515354,0.062
1194.7134039999999,0.099
1194.911404,0.081
1195.109404,0.014
1195.307354,0.178
1195.505354,0.136
1195.7034039999999,0.078
1195.901604,0.029
1196.099404,0.045
1196.297654,0.077
1196.495404,0.066
1196.6934039999999,0.162
1196.891654,0.138
1197.089404,0.08600000000000001
1197.2877039999998,0.10300000000000001
1197.4856539999998,0.111
1197.683454,0.058
1197.881654,0.02
1198.079654,0.11800000000000001
1198.2777039999999,0.08700000000000001
1198.475704,0.178
1198.673454,0.108
1198.871654,0.077
1199.069654,0.08700000000000001
1199.2677039999999,0.074
1199.465704,0.08700000000000001
1199.663704,0.166
1199.861704,0.111
1200.059704,0.147
1200.257854,0.14400000000000002
1200.455704,0.162
1200.6537039999998,0.14
1200.851704,0.09
1201.049704,0.149
1201.2479039999998,0.14400000000000002
1201.445904,0.154
1201.643754,0.138
1201.8419039999999,0.107
1202.039754,0.139
1202.2379039999998,0.179
1202.435904,0.095
1202.633754,0.077
1202.831904,0.032
1203.029754,0.011
1203.227954,0.107
1203.425954,0.093
1203.623954,0.034
1203.821954,0.22
1204.0199539999999,0.182
1204.217954,0.066
1204.416604,0.043000000000000003
1204.613954,0.055
1204.811954,0.156
1205.0099539999999,0.147
1205.208204,0.077
1205.406004,0.078
1205.603954,0.029
1205.8021039999999,0.042
1205.999954,0.10200000000000001
1206.198854,0.019
1206.396004,0.096
1206.594004,0.056
1206.792154,0.077
1206.9901539999998,0.096
1207.188254,0.124
1207.386254,0.107
1207.584654,0.106
1207.782154,0.139
1207.9801539999999,0.168
1208.178254,0.117
1208.376254,0.171
1208.574054,0.098
1208.7722039999999,0.12
1208.970204,0.038
1209.1684539999999,0.062
1209.366254,0.036000000000000004
1209.564254,0.109
1209.7622039999999,0.23500000000000001
1209.960204,0.10200000000000001
1210.158454,0.147
1210.356304,0.1
1210.554304,0.196
1210.753104,0.041
1210.9502539999999,0.146
1211.148454,0.13
1211.346454,0.145
1211.544304,0.11800000000000001
1211.742454,0.17500000000000002
1211.940454,0.159
1212.138454,0.111
1212.3365039999999,0.049
1212.534504,0.1
1212.7325039999998,0.274
1212.930504,0.219
1213.128504,0.276
1213.3265039999999,0.338
1213.524504,0.274
1213.7225039999998,0.307
1213.922754,0.171
1214.315754,0.291
1214.712004,0.212
1214.909804,0.178
1215.108054,0.154
1215.3058039999999,0.158
1215.503804,0.271
1215.7020539999999,0.326
1215.899804,0.298
1216.097804,0.28500000000000003
1216.2958039999999,0.367
1216.493854,0.384
1217.4838539999998,0.444
1218.078104,0.11800000000000001
1218.276104,0.217
1218.473904,0.315
1218.672104,0.375
1218.8701039999999,0.126
1219.068104,0.108
1219.266104,0.17300000000000001
1219.464104,0.335
1219.661904,0.266
1219.8601039999999,0.281
1220.058304,0.293
1220.256154,0.244
1220.454154,0.304
1220.652304,0.169
1220.850154,0.298
1221.048304,0.157
1221.2469039999999,0.135
1221.444154,0.325
1221.642304,0.384
1221.8403039999998,0.265
1222.0385039999999,0.096
1222.236354,0.153
1222.434354,0.249
1222.632154,0.194
1222.8303039999998,0.112
1223.028354,0.22
1223.226354,0.129
1223.426054,0.289
1223.6223539999999,0.077
1223.820354,0.126
1224.018354,0.215
1224.216354,0.277
1224.416004,0.234
1224.612504,0.305
1224.8104039999998,0.187
1225.0086039999999,0.154
1225.206754,0.211
1225.4044039999999,0.274
1225.602554,0.07200000000000001
1225.8004039999998,0.139
1225.998654,0.14100000000000001
1226.196404,0.128
1226.394404,0.155
1226.5925539999998,0.155
1226.791354,0.26
1226.988654,0.077
1227.1880039999999,0.123
1227.384454,0.213
1227.582604,0.132
1227.782404,0.074
1227.978654,0.127
1228.1766539999999,0.044
1228.3747039999998,0.054
1228.572604,0.229
1228.770604,0.127
1228.968854,0.091
1229.166704,0.112
1229.3647039999998,0.167
1229.562604,0.139
1229.760604,0.07
1229.959404,0.156
1230.1568539999998,0.129
1230.354754,0.184
1230.552854,0.18
1230.750654,0.007
1230.9506039999999,0.024
1231.146904,0.20800000000000002
1231.344754,0.063
1231.542904,0.328
1231.740654,0.201
1231.9389039999999,0.147
1232.136904,0.233
1232.334904,0.098
1232.532904,0.215
1232.731004,0.158
1232.9289039999999,0.139
1233.127554,0.134
1233.324954,0.041
1233.522904,0.167
1233.720954,0.196
1234.116204,0.169
1234.314204,0.105
1234.5122039999999,0.17400000000000002
1234.710204,0.111
1234.9082039999998,0.08
1235.106254,0.131
1235.305654,0.036000000000000004
1235.502254,0.181
1235.700454,0.178
1235.899854,0.274
1236.096454,0.258
1236.294254,0.161
1236.492254,0.159
1236.690454,0.074
1236.888254,0.052000000000000005
1237.0865039999999,0.34900000000000003
1237.284254,0.272
1237.482254,0.171
1237.680504,0.248
1237.878504,0.329
1238.077754,0.115
1238.274504,0.419
1238.472304,0.134
1238.672104,0.171
1238.868504,0.499
1239.066554,0.634
1239.2645539999999,0.903
1239.4625039999999,0.963
1239.660504,1.179
1239.858504,1.048
1240.0567039999999,1.163
1240.256204,1.104
1240.452554,1.332
1240.650554,1.5250000000000001
1240.848554,1.735
1241.0467039999999,2.13
1241.246254,2.305
1241.442554,2.557
1241.640754,2.858
1241.838554,2.9130000000000003
1242.036754,3.057
1242.2347539999998,2.982
1242.4326039999999,3.701
1242.630754,3.653
1242.828604,3.9570000000000003
1243.026754,3.456
1243.2247539999998,3.745
1243.422754,3.798
1243.620804,4.003
1243.818804,4.48
1244.0168039999999,4.655
1244.214804,4.527
1244.412804,4.356
1244.610804,4.817
1244.808804,5.3180000000000005
1245.007154,5.736
1245.204804,5.873
1245.4028039999998,5.515
1245.600954,4.45
1245.798854,4.614
1245.997054,4.876
1246.194804,4.949
1246.3928039999998,4.913
1246.590954,4.916
1246.788854,4.745
1246.987054,4.213
1247.186354,3.955
1247.382854,4.08
1247.581004,4.32
1247.779004,4.731
1247.977104,4.736
1248.175104,4.664
1248.372854,4.977
1248.572654,4.936
1248.769254,4.4750000000000005
1248.967254,4.323
1249.165154,3.999
1249.3632539999999,3.732
1249.562704,3.779
1249.759304,4.047
1249.958054,4.863
1250.155154,4.9430000000000005
1250.3532539999999,4.956
1250.551054,5.187
1250.749304,5.4750000000000005
1250.948954,5.551
1251.145304,5.984
1251.343154,6.291
1251.5413039999999,6.355
1251.739304,6.289
1251.937304,6.176
1252.135304,6.282
1252.333304,6.132000000000001
1252.531354,5.9350000000000005
1252.729504,5.9110000000000005
1252.927354,6.088
1253.125354,6.0920000000000005
1253.323504,6.0040000000000004
1253.521354,5.635
1253.916604,5.82
1254.1146039999999,5.6770000000000005
1254.312604,5.808
1254.5106039999998,6.043
1254.708604,5.664
1254.9068539999998,5.76
1255.104654,5.773
1255.304254,5.8790000000000004
1255.500854,5.324
1255.698654,5.051
1255.896904,4.767
1256.094654,4.672
1256.2926539999999,4.534
1256.490904,4.766
1256.688854,5.103
1256.886654,5.191
1257.084904,4.915
1257.282704,4.506
1257.480904,4.606
1257.6789039999999,4.104
1257.877554,3.525
1258.0749039999998,3.125
1258.272704,3.525
1258.470904,3.645
1258.6689039999999,3.698
1258.867654,4.1850000000000005
1259.064954,4.2
1259.262954,4.9190000000000005
1259.460954,5.162
1259.658954,5.251
1259.858704,5.397
1260.054954,5.7330000000000005
1260.252954,5.9350000000000005
1260.4511539999999,6.055
1260.648954,6.112
1260.847154,6.023
1261.045154,6.1850000000000005
1261.243004,6.57
1261.442804,6.784
1261.6390039999999,6.938
1261.837154,6.809
1262.035154,6.7940000000000005
1262.233154,6.757000000000001
1262.4311539999999,6.819
1262.6292039999998,6.62
1262.8270539999999,6.502
1263.025204,6.575
1263.223204,6.4990000000000006
1263.421154,6.481
1263.6192039999999,6.378
1263.817204,6.2700000000000005
1264.015204,6.301
1264.213204,6.408
1264.4113539999998,6.421
1264.6092039999999,6.261
1264.807454,6.127
1265.005604,6.276
1265.203204,6.382000000000001
1265.4013539999999,6.362
1265.599254,6.392
1265.797454,6.285
1265.9969039999999,6.2250000000000005
1266.193254,6.361
1266.391404,6.227
1266.5894039999998,6.142
1266.787504,6.0040000000000004
1266.987204,5.659
1267.183254,5.601
1267.381404,5.3580000000000005
1267.5794039999998,5.048
1267.777504,4.764
1267.975504,4.314
1268.1735039999999,3.923
1268.3714539999999,3.657
1268.571004,3.5780000000000003
1268.767654,3.379
1268.9666539999998,3.169
1269.163654,3.0260000000000002
1269.3614539999999,2.93
1269.5595039999998,3.003
1269.7577039999999,2.858
1269.955704,2.818
1270.1540539999999,2.846
1270.351704,2.731
1270.549454,2.483
1270.7477039999999,2.315
1270.945704,1.911
1271.1454039999999,1.3940000000000001
1271.341704,1.243
1271.5395039999999,0.844
1271.739054,0.914
1271.9357539999999,0.808
1272.133904,0.895
1272.331754,0.782
1272.529754,0.753
1272.727754,0.5760000000000001
1272.9257539999999,0.395
1273.321004,0.195
1273.519004,0.08
1273.7170039999999,0.038
1273.915004,0.052000000000000005
1274.113054,0.024
1274.311254,0.061
1274.5090539999999,0.08600000000000001
1274.707054,0.074
1274.905904,0.066
1275.103054,0.03
1275.3013039999998,0.064
1275.499054,0.145
1275.697304,0.21
1275.895304,0.516
1276.093104,0.546
1276.2913039999999,0.978
1276.4909539999999,1.427
1276.687054,1.949
1276.885304,2.327
1277.083104,2.708
1277.2813039999999,2.624
1277.479304,2.761
1277.677504,2.955
1277.875354,3.283
1278.0733539999999,3.46
1278.271354,3.7880000000000003
1278.4693539999998,3.712
1278.667504,4.118
1278.865354,4.246
1279.063354,4.553
1279.261354,4.792
1279.4593539999998,4.82
1279.657354,5.208
1279.856454,5.026
1280.053404,5.463
1280.251554,5.671
1280.4493539999999,5.7010000000000005
1280.647554,6.043
1280.847004,6.167
1281.043404,6.357
1281.241554,6.5280000000000005
1281.439404,6.821
1281.637554,6.956
1281.835554,7.042
1282.0335539999999,7.28
1282.231554,7.397
1282.429554,7.4510000000000005
1282.627604,7.554
1282.8256039999999,7.619
1283.023604,7.656000000000001
1283.221754,7.706
1283.419604,7.876
1283.6178539999999,7.885
1283.815604,8.019
1284.013604,8.009
1284.211754,8.154
1284.409654,8.187
1284.6078539999999,8.19
1284.805654,8.245000000000001
1285.0036539999999,8.493
1285.201804,8.43
1285.399654,8.401
1285.597654,8.386000000000001
1285.795854,8.458
1285.9936539999999,8.508000000000001
1286.191804,8.344
1286.389804,8.416
1286.588904,8.551
1286.7859039999998,8.707
1286.983654,8.702
1287.1818039999998,8.695
1287.379804,8.672
1287.5780539999998,8.808
1287.775954,8.818
1287.973904,8.797
1288.171854,8.766
1288.369854,8.731
1288.567854,8.822000000000001
1288.766054,8.784
1288.9639539999998,8.82
1289.1627039999998,8.694
1289.359854,8.626
1289.558104,8.508000000000001
1289.756104,8.466
1289.954004,8.208
1290.152104,8.206
1290.349904,8.153
1290.5481539999998,8.072000000000001
1290.7461039999998,8.033
1290.945854,7.803
1291.142104,7.864
1291.340154,7.798
1291.5390539999999,7.705
1291.736154,7.769
1291.934154,7.82
1292.132154,7.74
1292.330154,7.806
1292.5281539999999,7.867
1292.726154,7.795
1292.924204,7.5440000000000005
1293.319454,7.375
1293.517454,7.3870000000000005
1293.7171039999998,7.329
1293.913454,7.461
1294.1114539999999,7.585
1294.309454,7.2330000000000005
1294.507454,7.479
1294.705704,7.093
1294.903454,6.893
1295.1014539999999,6.5680000000000005
1295.299704,6.344
1295.499104,6.043
1295.695704,5.977
1295.893504,5.51
1296.091504,5.458
1296.289704,5.146
1296.487504,4.792
1296.687304,5.013
1296.883754,5.094
1297.081504,4.688
1297.279704,4.832
1297.477704,5.134
1297.6757539999999,5.268
1297.873754,5.343
1298.0715539999999,5.618
1298.269754,6.112
1298.467754,6.34
1298.665904,6.707
1298.865304,6.988
1299.0617539999998,7.224
1299.259754,7.534
1299.457754,7.737
1299.6559539999998,7.913
1299.8538039999999,8.211
1300.051804,8.452
1300.249804,8.579
1300.447804,8.772
1300.6459539999998,8.94
1300.843954,9.124
1301.041804,9.299
1301.240004,9.455
1301.437804,9.638
1301.636004,9.654
1301.834004,9.972
1302.0318539999998,10.045
1302.230004,10.214
1302.4280039999999,10.342
1302.626004,10.36
1302.8240039999998,10.513
1303.022004,10.565
1303.220054,10.651
1303.418054,10.703
1303.6160539999998,10.765
1303.814054,10.862
1304.012004,10.847
1304.2101539999999,10.925
1304.409604,11.064
1304.606254,11.164
1304.804054,11.192
1305.002054,11.292
1305.200204,11.316
1305.398054,11.35
1305.596304,11.417
1305.794054,11.504
1305.992054,11.352
1306.190204,11.485
1306.3882039999999,11.501
1306.5879539999999,11.612
1306.784354,11.574
1306.982104,11.656
1307.1802539999999,11.713000000000001
1307.378504,11.792
1307.576304,11.666
1307.774354,11.774000000000001
1307.972254,11.797
1308.1702539999999,11.877
1308.368254,11.802
1308.566504,11.851
1308.766154,11.915000000000001
1308.962354,11.995000000000001
1309.160304,12.019
1309.358504,11.974
1309.556504,12.111
1309.754354,12.154
1309.952404,12.166
1310.150504,12.211
1310.349054,12.267
1310.546554,12.283
1310.7445539999999,12.291
1310.942554,12.356
1311.1405539999998,12.415000000000001
1311.3388539999999,12.379
1311.536554,12.417
1311.734554,12.475
1311.932554,12.362
1312.1305539999998,12.394
1312.328704,12.347
1312.526604,12.33
1312.724604,12.233
1313.119854,12.277000000000001
1313.317854,12.233
1313.515854,12.19
1313.7138539999999,12.226
1313.911854,12.414
1314.1101039999999,12.335
1314.307854,12.308
1314.505854,12.36
1314.703904,12.265
1314.9019039999998,12.178
1315.099904,12.289
1315.297904,12.449
1315.4961039999998,12.394
1315.694104,12.353
1315.8919039999998,12.311
1316.0901039999999,12.304
1316.288104,12.235
1316.4878039999999,12.317
1316.684154,12.19
1316.881954,12.188
1317.080154,12.121
1317.2781539999999,12.19
1317.475904,12.089
1317.674154,12.052
1317.872154,12.138
1318.069954,12.127
1318.2681539999999,12.256
1318.467954,12.256
1318.664204,12.115
1318.862204,12.104000000000001
1319.0602039999999,12.085
1319.258204,12.248000000000001
1319.4580039999998,12.142
1319.654354,12.218
1319.852204,12.15
1320.0504039999998,12.082
1320.248204,12.074
1320.447804,11.918000000000001
1320.644404,11.84
1320.842204,11.948
1321.040254,11.828
1321.238204,11.953
1321.436404,11.8
1321.634404,11.857000000000001
1321.832404,11.821
1322.0304039999999,11.946
1322.228404,11.917
1322.426404,11.923
1322.624404,11.972
1322.822404,11.876
1323.0204039999999,11.858
1323.2184539999998,11.845
1323.417954,11.790000000000001
1323.614454,11.762
1323.812454,11.724
1324.0106039999998,11.646
1324.2084539999998,11.667
1324.407504,11.626
1324.604454,11.759
1324.802454,11.909
1325.0006039999998,11.855
1325.198604,11.754
1325.396704,11.717
1325.5947039999999,11.872
1325.792504,11.818
1325.990654,11.773
1326.188654,11.716000000000001
1326.3882039999999,11.789
1326.584754,11.698
1326.782504,11.776
1326.980654,11.767
1327.178654,11.744
1327.378154,11.774000000000001
1327.574754,11.883000000000001
1327.7727539999998,11.754
1327.970654,11.75
1328.1686539999998,11.874
1328.366904,11.864
1328.564754,11.923
1328.762804,11.936
1328.9607039999999,11.858
1329.158704,11.922
1329.358204,11.798
1329.554954,11.949
1329.752804,11.971
1329.950954,11.944
1330.148704,11.846
1330.348204,11.868
1330.544954,11.869
1330.7428539999999,11.825000000000001
1330.940954,11.867
1331.1390039999999,11.882
1331.338604,11.950000000000001
1331.534954,11.93
1331.7329539999998,11.978
1331.930954,12.014000000000001
1332.129154,11.946
1332.327004,11.969
1332.5250039999999,11.961
1332.9202539999999,11.966000000000001
1333.118254,12.089
1333.316504,12.163
1333.514254,12.061
1333.712304,12.040000000000001
1333.910304,12.096
1334.1083039999999,12.062
1334.306504,12.148
1334.5060039999998,12.233
1334.702304,12.179
1334.900304,12.249
1335.099254,12.207
1335.296554,12.266
1335.4945539999999,12.24
1335.693154,12.161
1335.890304,12.143
1336.088554,12.173
1336.286554,12.103
1336.484554,12.053
1336.684154,12.07
1336.880354,11.864
1337.078554,11.751
1337.276754,11.666
1337.474604,11.651
1337.6726039999999,11.52
1337.870354,11.531
1338.068554,11.492
1338.266754,11.49
1338.464604,11.445
1338.6626039999999,11.264
1338.860604,11.175
1339.0586039999998,11.143
1339.256754,11.078
1339.4547539999999,10.92
1339.6526039999999,10.82
1339.850604,10.978
1340.048654,10.857000000000001
1340.2468039999999,10.802
1340.444804,10.635
1340.644404,10.584
1340.8406539999999,10.578
1341.038804,10.372
1341.236804,10.282
1341.434804,10.296
1341.634454,10.238
1341.8306539999999,10.053
1342.0305039999998,9.963000000000001
1342.226854,9.818
1342.4248539999999,9.675
1342.623854,9.51
1342.821004,9.356
1343.018854,9.179
1343.217054,9.191
1343.4148539999999,8.874
1343.612854,8.839
1343.811004,8.706
1344.008854,8.547
1344.2071039999998,8.274000000000001
1344.406604,7.922000000000001
1344.602854,7.4110000000000005
1344.801054,7.316
1344.999004,7.671
1345.1971039999999,7.567
1345.395104,7.4910000000000005
1345.5929039999999,7.445
1345.791054,6.956
1345.989054,6.929
1346.187154,6.583
1346.3851539999998,6.4910000000000005
1346.583154,6.23
1346.781054,6.1370000000000005
1346.979054,6.065
1347.177304,6.026
1347.3751539999998,6.066
1347.573154,5.9990000000000006
1347.771104,5.824
1347.969104,5.705
1348.167354,5.549
1348.365354,5.7940000000000005
1348.563154,5.715
1348.761654,5.849
1348.959104,5.815
1349.1591039999998,5.698
1349.355354,5.707
1349.553204,6.306
1349.751354,6.205
1349.949154,6.335
1350.147354,6.356
1350.346904,6.08
1350.543354,6.444
1350.741354,6.979
1350.941104,7.238
1351.1374039999998,7.407
1351.335404,7.572
1351.533404,7.930000000000001
1351.7314039999999,7.869
1351.929404,8.057
1352.324654,8.16
1352.720654,8.673
1352.9186539999998,8.734
1353.116654,8.994
1353.314654,9.153
1353.512704,9.167
1353.7107039999999,9.105
1353.908904,9.594
1354.106704,9.643
1354.304954,9.585
1354.502704,9.957
1354.7007039999999,10.202
1354.898954,10.178
1355.096704,10.439
1355.296454,10.602
1355.492704,10.599
1355.690754,10.616
1355.888954,10.682
1356.0869539999999,10.735
1356.284954,10.862
1356.4829539999998,11.152000000000001
1356.680754,11.182
1356.879804,11.258000000000001
1357.076954,11.368
1357.2750039999999,11.407
1357.473004,11.48
1357.671004,11.453
1357.869004,11.404
1358.067004,11.508000000000001
1358.265154,11.605
1358.463004,11.662
1358.661004,11.772
1358.859004,11.888
1359.057004,11.892
1359.255204,11.85
1359.4530539999998,12.159
1359.651054,12.058
1359.8492039999999,11.997
1360.047054,12.157
1360.2452039999998,12.018
1360.4448539999999,12.145
1360.641054,12.112
1360.8392039999999,12.097
1361.037054,12.092
1361.235254,12.058
1361.433254,12.067
1361.631254,12.14
1361.829204,12.280000000000001
1362.0272539999999,12.206
1362.225254,11.887
1362.423254,11.993
1362.621254,12.071
1362.819254,12.181000000000001
1363.0172539999999,12.25
1363.215254,12.111
1363.413254,12.043000000000001
1363.611254,12.092
1363.8094039999999,12.026
1364.0088039999998,12.073
1364.205504,12.021
1364.403304,11.969
1364.601304,12.019
1364.799454,11.954
1364.997604,12.072000000000001
1365.195554,12.006
1365.393504,11.987
1365.593054,11.995000000000001
1365.789454,11.965
1365.9874539999998,11.898
1366.187304,11.972
1366.383554,11.935
1366.581354,11.918000000000001
1366.7795039999999,11.801
1366.977504,11.948
1367.175704,11.836
1367.373554,11.901
1367.5715539999999,11.84
1367.7695039999999,11.971
1367.967504,11.888
1368.1657539999999,11.816
1368.365304,11.947000000000001
1368.561604,11.881
1368.7595039999999,11.903
1368.957504,11.883000000000001
1369.155754,11.868
1369.355404,11.844
1369.551604,11.790000000000001
1369.749754,11.837
1369.9475539999999,11.834
1370.145804,11.783
1370.3438039999999,11.803
1370.5416539999999,11.607000000000001
1370.739804,11.697000000000001
1370.9381039999998,11.691
1371.135804,11.535
1371.3338039999999,11.605
1371.531804,11.645
1371.7298039999998,11.674
1371.928054,11.568
1372.323054,11.443
1372.521054,11.443
1372.719104,11.439
1372.9171039999999,11.472
1373.115104,11.492
1373.3131039999998,11.549
1373.511104,11.572000000000001
1373.709104,11.505
1373.907104,11.461
1374.105354,11.492
1374.3031039999998,11.508000000000001
1374.501704,11.499
1374.6993539999999,11.432
1374.897354,11.323
1375.095104,11.248000000000001
1375.293354,11.293000000000001
1375.491104,11.303
1375.689154,11.274000000000001
1375.887354,11.285
1376.0853539999998,11.201
1376.283404,11.208
1376.4811539999998,11.264
1376.679404,11.267
1376.8774039999998,11.131
1377.077254,11.061
1377.273404,11.027000000000001
1377.471404,11.03
1377.669404,11.049
1377.8674039999999,11.022
1378.067004,10.924
1378.263454,10.766
1378.461454,10.71
1378.659404,10.594
1378.8574039999999,10.587
1379.057304,10.542
1379.253604,10.417
1379.451454,10.259
1379.649604,10.041
1379.847454,10.194
1380.045604,10.112
1380.243604,9.984
1380.441454,9.991
1380.639604,9.689
1380.837654,9.681000000000001
1381.0354539999998,9.78
1381.233654,9.755
1381.4317039999999,9.519
1381.629504,9.43
1381.827654,9.412
1382.025654,9.269
1382.223654,9.155
1382.421654,9.118
1382.619804,8.9
1382.817654,8.626
1383.0159039999999,8.242
1383.213704,7.988
1383.4117039999999,7.675
1383.609854,7.399
1383.808554,6.905
1384.0059039999999,6.332
1384.203904,5.973
1384.4017039999999,5.734
1384.599704,5.595
1384.797854,5.597
1384.995954,5.232
1385.1939539999998,5.238
1385.391704,5.114
1385.5898539999998,5.184
1385.788404,5.232
1385.985954,5.331
1386.1839539999999,5.434
1386.3822539999999,5.392
1386.579904,5.321
1386.777904,4.728
1386.976154,4.716
1387.174004,5.005
1387.3720039999998,5.359
1387.569904,5.083
1387.767904,5.336
1387.9675539999998,5.4590000000000005
1388.1641539999998,5.574
1388.3620039999998,5.853
1388.561854,6.315
1388.757954,6.563
1388.9562039999998,6.916
1389.1541539999998,7.162
1389.3520039999999,7.202
1389.550154,7.462
1389.747954,7.507000000000001
1389.945954,7.508
1390.1441539999998,7.398000000000001
1390.342204,7.441
1390.540204,8.011000000000001
1390.738204,8.174
1390.9362039999999,8.483
1391.134204,8.774000000000001
1391.332204,8.918000000000001
1391.530204,9.188
1391.728204,9.302
1391.928054,9.503
1392.321454,9.715
1392.519454,9.537
1392.717504,9.812
1392.9155039999998,9.942
1393.113504,10.026
1393.311504,10.174
1393.5095039999999,10.363
1393.707504,10.612
1393.9055039999998,10.825000000000001
1394.103754,10.891
1394.301504,11.1
1394.499504,11.09
1394.697754,11.105
1394.895804,11.242
1395.093754,11.242
1395.291554,11.24
1395.489554,11.182
1395.687754,11.326
1395.885754,11.261000000000001
1396.083754,11.422
1396.281804,11.165000000000001
1396.479554,11.572000000000001
1396.677804,11.549
1396.875804,11.438
1397.0738039999999,11.515
1397.271804,11.608
1397.469554,11.741
1397.6689039999999,11.717
1397.865804,11.807
1398.063954,11.643
1398.262254,11.551
1398.459854,11.736
1398.657854,11.655
1398.855854,11.708
1399.0540039999998,11.69
1399.2518539999999,11.633000000000001
1399.449854,11.814
1399.648004,11.784
1399.845854,11.765
1400.0440039999999,11.721
1400.2420539999998,11.744
1400.4399039999998,11.865
1400.6381039999999,12.007
1400.835904,11.889000000000001
1401.034054,11.712
1401.2325039999998,11.914
1401.430054,11.9
1401.628054,11.966000000000001
1401.8270539999999,12.098
1402.024054,12.091000000000001
1402.222104,12.048
1402.420054,11.951
1402.618054,11.876
1402.816104,11.86
1403.014054,11.841000000000001
1403.212104,11.912
1403.410104,12.132
1403.608604,12.129
1403.806104,12.199
1404.004354,12.14
1404.202104,12.24
1404.4001039999998,12.292
1404.598254,12.318
1404.7977039999998,12.255
1404.994354,12.36
1405.1921539999998,12.386000000000001
1405.390154,12.346
1405.588904,12.321
1405.786304,12.233
1405.984404,12.504
1406.182904,12.466000000000001
1406.380154,12.422
1406.578304,12.574
1406.778004,12.595
1406.974404,12.658
1407.172404,12.683
1407.370404,12.753
1407.568304,12.811
1407.7663539999999,12.742
1407.964554,12.8
1408.162404,12.902000000000001
1408.3605539999999,12.876
1408.558304,12.945
1408.756604,12.989
1408.954554,13.021
1409.152454,13.141
1409.350604,13.005
1409.5486039999998,12.82
1409.7478039999999,12.925
1409.944604,12.722
1410.142604,12.869
1410.342354,12.874
1410.5386039999999,13.034
1410.736404,12.873000000000001
1410.934604,12.950000000000001
1411.132604,12.949
1411.3307539999998,12.876
1411.528654,12.867
1411.726804,12.819
1412.122204,12.954
1412.319904,12.965
1412.517904,13.07
1412.715904,13.065
1412.913904,13.086
1413.113304,12.984
1413.309904,13.082
1413.508104,12.992
1413.7062039999998,12.994
1413.9041539999998,13.037
1414.101954,12.964
1414.2999539999998,12.929
1414.4981539999999,12.932
1414.695954,12.898
1414.8941539999998,12.997
1415.092154,12.85
1415.2899539999999,12.895
1415.488204,13.023
1415.6862039999999,13.045
1415.885004,13.015
1416.082204,12.966000000000001
1416.2799539999999,12.927
1416.477954,12.982000000000001
1416.6762039999999,12.954
1416.874354,12.863
1417.0722039999998,12.886000000000001
1417.270254,12.857000000000001
1417.469204,12.328
1417.666254,12.436
1417.864404,12.4
1418.062254,12.789
1418.260254,12.85
1418.458204,12.894
1418.656254,12.847
1418.8542539999999,13.182
1419.052404,13.228
1419.250254,13.058
1419.448254,13.231
1419.646254,13.097
1419.844404,13.151
1420.0426539999999,13.135
1420.240304,13.261000000000001
1420.4384539999999,13.087
1420.636454,13.227
1420.8344539999998,12.988
1421.032454,13.019
1421.230454,13.026
1421.4284539999999,13.118
1421.6277539999999,12.954
1421.8244539999998,13.075000000000001
1422.022454,13.101
1422.220504,12.986
1422.418504,12.943
1422.618154,12.867
1422.814704,12.973
1423.012504,12.919
1423.210504,12.907
1423.4086539999998,12.972
1423.6075039999998,13.024000000000001
1423.804754,12.985
1424.0032039999999,13.132
1424.200554,13.08
1424.3986539999999,13.025
1424.598204,13.019
1424.794754,13.018
1424.994404,13.083
1425.190554,13.109
1425.3886539999999,13.01
1425.5867039999998,13.018
1425.786504,12.938
1425.982804,13.055
1426.1808039999999,12.864
1426.378704,12.911
1426.5767039999998,12.893
1426.774954,12.888
1426.972804,12.782
1427.1708039999999,12.859
1427.3696539999999,13.007
1427.5667039999998,12.927
1427.764954,13.043000000000001
1427.9628539999999,13.14
1428.160854,13.169
1428.359004,13.027000000000001
1428.556754,13.016
1428.754954,13.073
1428.954154,12.947000000000001
1429.150854,12.869
1429.349004,12.667
1429.5485039999999,12.785
1429.7450039999999,12.745000000000001
1429.943004,12.771
1430.142654,13.11
1430.339004,12.966000000000001
1430.537004,12.985
1430.735004,12.968
1430.933004,12.839
1431.1310039999998,13.018
1431.329054,13.276
1431.527054,13.136000000000001
1431.922304,13.304
1432.3185039999998,13.089
1432.5163539999999,12.871
1432.7143039999999,12.801
1432.912304,12.782
1433.110304,12.737
1433.308554,12.588000000000001
1433.506304,12.713000000000001
1433.7043039999999,12.868
1433.902554,13.133000000000001
1434.100354,13.280000000000001
1434.298554,13.222
1434.4979039999998,13.237
1434.694354,13.196
1434.892604,13.188
1435.090354,13.214
1435.288554,13.213000000000001
1435.486604,13.105
1435.684604,13.115
1435.882604,13.162
1436.082204,13.094
1436.2786039999999,13.214
1436.476604,13.184000000000001
1436.674604,13.112
1436.872604,13.163
1437.070604,13.191
1437.2686039999999,13.133000000000001
1437.466604,13.196
1437.664654,13.091000000000001
1437.8628039999999,13.047
1438.0606539999999,13.075000000000001
1438.258654,13.047
1438.4566539999998,12.934000000000001
1438.654654,12.779
1438.8528039999999,12.532
1439.050654,12.69
1439.248854,12.696
1439.446854,12.664
1439.644704,12.713000000000001
1439.842854,12.541
1440.0408539999999,12.431000000000001
1440.238854,12.347
1440.4385539999998,12.307
1440.6347039999998,12.342
1440.832854,12.149000000000001
1441.0308539999999,11.898
1441.2289039999998,11.864
1441.426904,11.752
1441.624904,11.583
1441.8229039999999,11.309000000000001
1442.0208539999999,11.269
1442.219004,11.078
1442.417704,10.772
1442.614904,10.714
1442.812904,10.467
1443.010904,10.189
1443.209054,9.994
1443.4073039999998,9.549
1443.6051539999999,9.227
1443.803154,8.825000000000001
1444.000904,8.608
1444.199054,8.341
1444.398004,7.946
1444.594954,7.7
1444.793154,7.293
1444.9909539999999,7.243
1445.189104,7.198
1445.387104,7.081
1445.586204,6.579
1445.783154,6.73
1445.981204,6.654
1446.1791039999998,6.494
1446.377104,6.259
1446.577004,5.9750000000000005
1446.7732039999999,5.997
1446.971204,5.94
1447.1693539999999,5.696
1447.367154,5.856
1447.566104,5.925
1447.763354,6.261
1447.9612539999998,6.502
1448.159404,6.684
1448.357154,7.101
1448.555404,7.284
1448.753404,7.401
1448.952354,7.719
1449.149404,8.011000000000001
1449.3474039999999,8.451
1449.547104,8.727
1449.7434039999998,8.89
1449.941404,9.081
1450.139454,9.34
1450.337454,9.654
1450.535204,10.009
1450.733454,10.156
1450.931454,10.449
1451.129604,10.51
1451.327454,10.726
1451.722704,10.627
1451.920704,11.07
1452.118704,11.131
1452.3167039999998,11.327
1452.514704,11.363
1452.712704,11.256
1452.910754,11.489
1453.1087539999999,11.693
1453.306954,11.607000000000001
1453.5047539999998,11.708
1453.702754,11.681000000000001
1453.900754,11.728
1454.0987539999999,11.83
1454.296954,11.992
1454.4947539999998,12.008000000000001
1454.693004,12.052
1454.8910039999998,12.121
1455.088804,12.211
1455.288404,12.223
1455.485004,12.091000000000001
1455.683004,12.148
1455.881704,12.338000000000001
1456.078804,12.435
1456.277004,12.329
1456.475054,12.246
1456.673004,12.253
1456.871854,12.352
1457.0690539999998,12.446
1457.267054,12.44
1457.466704,12.459
1457.663204,12.452
1457.861054,12.494
1458.0590539999998,12.403
1458.257054,12.324
1458.455054,12.229000000000001
1458.6532539999998,12.19
1458.851254,12.169
1459.0490539999998,12.159
1459.247204,12.323
1459.445054,12.323
1459.6432539999998,12.106
1459.841254,12.007
1460.039104,11.944
1460.237254,12.006
1460.435254,11.857000000000001
1460.6332539999999,12.065
1460.831254,11.973
1461.029254,12.012
1461.227254,11.952
1461.4253039999999,11.772
1461.623304,12.125
1461.8213039999998,11.997
1462.019304,12.098
1462.2193539999998,12.005
1462.4153039999999,12.068
1462.613554,12.102
1462.8113039999998,12.269
1463.009304,12.121
1463.2074539999999,11.994
1463.405354,12.034
1463.603554,12.041
1463.801354,11.975
1463.999354,11.997
1464.198954,11.917
1464.3955039999998,12.053
1464.593554,12.075000000000001
1464.793304,11.991
1464.9893539999998,11.783
1465.187504,11.84
1465.3872039999999,11.834
1465.583604,11.861
1465.781604,11.847
1465.9796039999999,11.877
1466.177504,11.81
1466.377154,11.875
1466.573754,11.839
1466.771604,11.776
1466.969604,11.639000000000001
1467.1675539999999,11.484
1467.3673039999999,11.473
1467.563804,11.236
1467.761654,11.242
1467.959654,11.211
1468.157804,10.858
1468.357254,10.925
1468.553804,10.978
1468.751804,10.825000000000001
1468.9497039999999,10.806000000000001
1469.147804,10.842
1469.3456039999999,10.826
1469.543804,10.787
1469.741804,10.736
1469.9398039999999,10.798
1470.137804,10.664
1470.335854,10.738
1470.533854,10.370000000000001
1470.7318539999999,10.285
1470.929854,10.512
1471.1278539999998,10.363
1471.325854,10.671
1471.721104,10.598
1471.919154,10.52
1472.117154,10.698
1472.3168039999998,9.997
1472.5131039999999,9.958
1472.711104,9.734
1472.909154,9.872
1473.107154,10.028
1473.305154,10.121
1473.503154,10.172
1473.703004,9.966000000000001
1473.899154,9.947000000000001
1474.097154,10.059000000000001
1474.295404,10.023
1474.493154,10.172
1474.693004,10.207
1474.889154,10.133000000000001
1475.087204,10.058
1475.287054,9.939
1475.483204,9.596
1475.681454,9.372
1475.879454,9.373
1476.077204,9.43
1476.275404,9.092
1476.4734039999998,9.062
1476.671454,8.950000000000001
1476.869454,8.575000000000001
1477.0672539999998,8.465
1477.267054,8.386000000000001
1477.463454,8.135
1477.661604,8.101
1477.859454,7.814
1478.057454,7.640000000000001
1478.2554539999999,7.291
1478.453654,7.0840000000000005
1478.6523539999998,6.901
1478.849504,6.742
1479.047654,6.545
1479.245504,6.2540000000000004
1479.4435039999998,5.99
1479.641654,5.707
1479.8396539999999,5.461
1480.037504,5.276
1480.2356539999998,4.841
1480.433654,4.405
1480.631704,3.899
1480.829704,3.5100000000000002
1481.0277039999999,3.198
1481.225704,2.836
1481.423904,2.747
1481.621704,2.329
1481.819704,1.99
1482.017854,1.603
1482.215704,1.24
1482.4137039999998,1.145
1482.611704,0.8160000000000001
1482.809704,0.657
1483.0077039999999,0.427
1483.205854,0.325
1483.4039539999999,0.188
1483.601954,0.146
1483.799754,0.079
1483.9979039999998,0.037
1484.195904,0.035
1484.3949539999999,0.008
1484.5920039999999,0.065
1484.789754,0.117
1484.989054,0.02
1485.185904,0.067
1485.383904,0.013000000000000001
1485.5820039999999,0.078
1485.780004,0.025
1485.978554,0.058
1486.1759539999998,0.041
1486.3741539999999,0.051000000000000004
1486.5720039999999,0.045
1486.770004,0.069
1486.968154,0.06
1487.1659539999998,0.048
1487.3641539999999,0.06
1487.5622039999998,0.076
1487.7600539999999,0.074
1487.958204,0.01
1488.156004,0.062
1488.3557039999998,0.053
1488.5522039999998,0.126
1488.750204,0.062
1488.9492539999999,0.04
1489.146204,0.09
1489.344204,0.041
1489.5439039999999,0.011
1489.7402539999998,0.065
1489.938254,0.088
1490.136254,0.08
1490.3342539999999,0.006
1490.533854,0.029
1490.7302539999998,0.09
1490.928404,0.162
1491.323504,0.037
1491.719504,0.08700000000000001
1491.9175539999999,0.155
1492.1155039999999,0.10400000000000001
1492.3135539999998,0.041
1492.511554,0.032
1492.709554,0.074
1492.907554,0.107
1493.105754,0.037
1493.3035539999998,0.075
1493.501754,0.064
1493.699554,0.125
1493.897554,0.129
1494.095804,0.057
1494.293604,0.084
1494.491804,0.098
1494.6898039999999,0.051000000000000004
1494.887554,0.035
1495.0858039999998,0.063
1495.283804,0.037
1495.481804,0.098
1495.679854,0.129
1495.877604,0.02
1496.075854,0.017
1496.273854,0.03
1496.471854,0.053
1496.669854,0.05
1496.8693039999998,0.035
1497.065854,0.065
1497.263854,0.056
1497.462004,0.036000000000000004
1497.659854,0.151
1497.858654,0.054
1498.0559039999998,0.065
1498.2555539999998,0.085
1498.4520539999999,0.01
1498.650054,0.073
1498.847904,0.10400000000000001
1499.046054,0.059000000000000004
1499.243904,0.061
1499.4420539999999,0.123
1499.6401039999998,0.07200000000000001
1499.837904,0.044
1500.036054,0.056
1500.234054,0.013000000000000001
1500.4320539999999,0.052000000000000005
1500.6301039999998,0.043000000000000003
1500.828104,0.047
1501.026104,0.025
1501.224104,0.058
1501.422104,0.058
1501.6201039999999,0.026000000000000002
1501.819604,0.043000000000000003
1502.016104,0.107
1502.2143039999999,0.121
1502.4123539999998,0.151
1502.6101039999999,0.135
1502.8088539999999,0.034
1503.006254,0.091
1503.205954,0.135
1503.4023539999998,0.10400000000000001
1503.600154,0.053
1503.7981539999998,0.047
1503.996304,0.076
1504.194604,0.091
1504.392404,0.014
1504.590404,0.051000000000000004
1504.7898539999999,0.133
1504.986304,0.097
1505.184554,0.14100000000000001
1505.382404,0.046
1505.580404,0.099
1505.779854,0.138
1505.976354,0.137
1506.175204,0.096
1506.372554,0.07200000000000001
1506.570454,0.038
1506.768454,0.031
1506.966354,0.066
1507.1646039999998,0.02
1507.362604,0.077
1507.560454,0.244
1507.758454,0.33
1507.956604,0.392
1508.1546039999998,0.35100000000000003
1508.352604,0.384
1508.550604,0.378
1508.748454,0.497
1508.9483539999999,0.585
1509.1446039999998,0.73
1509.342604,0.762
1509.540604,0.852
1509.738654,0.84
1509.9366539999999,0.8180000000000001
1510.134804,0.76
1510.3326539999998,0.901
1510.530654,1.044
1510.728654,1.012
1511.123904,1.032
1511.321904,1.101
1511.5199539999999,1.124
1511.717954,1.1480000000000001
1511.915904,1.177
1512.1139039999998,1.119
1512.312154,1.332
1512.5099539999999,1.786
1512.707954,1.907
1512.9059539999998,2.338
1513.103954,2.457
1513.3022039999998,2.815
1513.500204,3.028
1513.697954,3.302
1513.896204,3.5140000000000002
1514.094204,3.541
1514.2922039999999,3.735
1514.4915039999998,3.783
1514.6880039999999,3.805
1514.886004,3.853
1515.084204,3.8120000000000003
1515.282254,3.748
1515.480204,3.718
1515.6782039999998,3.646
1515.876204,3.565
1516.074204,3.507
1516.2724039999998,3.221
1516.4702539999998,3.097
1516.668254,2.813
1516.8678539999999,2.611
1517.064254,2.217
1517.263604,2.086
1517.460404,1.766
1517.658254,1.539
1517.856254,1.335
1518.054254,1.065
1518.252454,0.8240000000000001
1518.450454,0.725
1518.6499039999999,0.38
1518.846454,0.245
1519.044304,0.063
1519.242454,0.126
1519.4404539999998,0.121
1519.638904,0.134
1519.8365039999999,0.083
1520.034504,0.107
1520.2325039999998,0.005
1520.430504,0.039
1520.628504,0.045
1520.826304,0.057
1521.024504,0.043000000000000003
1521.222704,0.049
1521.420854,0.059000000000000004
1521.618504,0.063
1521.816654,0.01
1522.0145539999999,0.038
1522.212754,0.083
1522.410504,0.081
1522.608504,0.068
1522.807754,0.049
1523.004504,0.059000000000000004
1523.2044039999998,0.04
1523.400754,0.013000000000000001
1523.598554,0.101
1523.797104,0.01
1523.994704,0.055
1524.192804,0.032
1524.390804,0.069
1524.588554,0.10300000000000001
1524.7867039999999,0.066
1524.984704,0.088
1525.1829539999999,0.1
1525.380804,0.074
1525.5788539999999,0.073
1525.776754,0.045
1525.9747539999998,0.05
1526.172954,0.057
1526.370804,0.064
1526.5688539999999,0.083
1526.766854,0.105
1526.9647539999999,0.036000000000000004
1527.163004,0.094
1527.3610039999999,0.052000000000000005
1527.5588539999999,0.059000000000000004
1527.7570039999998,0.049
1527.9547539999999,0.077
1528.153004,0.10300000000000001
1528.3510039999999,0.037
1528.548904,0.05
1528.747054,0.063
1528.945054,0.032
1529.143054,0.019
1529.341054,0.05
1529.5390539999999,0.077
1529.737054,0.074
1529.935054,0.023
1530.133054,0.048
1530.331054,0.092
1530.5290539999999,0.083
1530.727204,0.08
1531.122304,0.055
1531.3203039999999,0.014
1531.518304,0.034
1531.716354,0.07200000000000001
1531.914354,0.08
1532.1123539999999,0.046
1532.310604,0.053
1532.5083539999998,0.093
1532.706354,0.098
1532.904754,0.109
1533.1023539999999,0.08
1533.300604,0.031
1533.4983539999998,0.039
1533.696404,0.036000000000000004
1533.8946039999998,0.04
1534.092404,0.057
1534.290604,0.053
1534.488604,0.069
1534.686404,0.037
1534.8846039999999,0.059000000000000004
1535.082604,0.037
1535.281604,0.081
1535.478654,0.018000000000000002
1535.6764039999998,0.017
1535.874654,0.029
1536.0726539999998,0.069
1536.270804,0.108
1536.468654,0.048
1536.6666539999999,0.035
1536.864654,0.04
1537.0626539999998,0.096
1537.2608539999999,0.07200000000000001
1537.458704,0.067
1537.656704,0.025
1537.8547039999999,0.114
1538.053804,0.027
1538.250854,0.026000000000000002
1538.448854,0.076
1538.646704,0.035
1538.844854,0.022
1539.044254,0.06
1539.240904,0.045
1539.438854,0.029
1539.636704,0.063
1539.834854,0.035
1540.032854,0.067
1540.230904,0.016
1540.4289039999999,0.033
1540.626904,0.032
1540.8249039999998,0.053
1541.022904,0.08600000000000001
1541.220904,0.018000000000000002
1541.4189039999999,0.057
1541.616904,0.043000000000000003
1541.8149039999998,0.059000000000000004
1542.012954,0.043000000000000003
1542.2111539999999,0.039
1542.408954,0.068
1542.608604,0.04
1542.805104,0.034
1543.004004,0.10400000000000001
1543.2011539999999,0.038
1543.3991039999999,0.028
1543.598604,0.069
1543.795104,0.014
1543.994854,0.049
1544.191204,0.046
1544.3892039999998,0.031
1544.587004,0.108
1544.785204,0.04
1544.983104,0.036000000000000004
1545.181204,0.015
1545.3792039999998,0.047
1545.577004,0.049
1545.775154,0.046
1545.973154,0.108
1546.1713539999998,0.031
1546.369254,0.008
1546.5672539999998,0.091
1546.765154,0.024
1546.963154,0.041
1547.162904,0.044
1547.359254,0.017
1547.5572539999998,0.038
1547.755404,0.073
1547.9534039999999,0.097
1548.151404,0.211
1548.349454,0.582
1548.547404,1.156
1548.747154,1.421
1548.943204,1.603
1549.141404,1.881
1549.3394039999998,2.258
1549.537454,2.7560000000000002
1549.735454,3.007
1549.9336039999998,3.267
1550.1314539999998,3.317
1550.329454,3.8160000000000003
1550.5276039999999,3.85
1550.922754,3.848
1551.120754,3.992
1551.318754,4.056
1551.516704,4.1930000000000005
1551.714954,4.583
1551.912754,4.541
1552.110754,4.92
1552.308754,5.0600000000000005
1552.506754,5.21
1552.7047539999999,5.492
1552.902754,5.716
1553.1010039999999,5.901
1553.299004,6.037
1553.496754,6.183
1553.695004,6.51
1553.893004,6.519
1554.0910039999999,6.72
1554.289004,6.964
1554.486804,6.955
1554.685054,7.223
1554.883054,7.449
1555.080804,7.545
1555.279004,7.706
1555.477054,8.006
1555.674804,8.412
1555.873054,8.737
1556.0712039999999,8.935
1556.2699539999999,9.371
1556.467054,9.397
1556.6650539999998,9.644
1556.863054,9.806000000000001
1557.0612039999999,10.0
1557.259204,10.101
1557.4583539999999,10.416
1557.655254,10.55
1557.853104,10.727
1558.051104,10.924
1558.2492539999998,11.021
1558.4471039999999,11.085
1558.6459539999998,11.122
1558.843104,11.223
1559.041254,11.327
1559.2392539999998,11.403
1559.437304,11.413
1559.635304,11.542
1559.833304,11.608
1560.0313039999999,11.602
1560.229304,11.692
1560.428754,11.769
1560.625304,11.806000000000001
1560.823304,11.857000000000001
1561.021554,11.925
1561.219304,11.949
1561.417354,11.999
1561.615354,12.1
1561.813304,12.040000000000001
1562.013354,12.071
1562.209304,12.083
1562.407354,12.155000000000001
1562.606554,12.112
1562.803354,12.198
1563.001554,12.281
1563.199604,12.438
1563.397354,12.304
1563.595504,12.387
1563.795204,12.412
1563.991354,12.471
1564.189604,12.419
1564.3877539999999,12.55
1564.585504,12.556000000000001
1564.783504,12.813
1564.981754,12.67
1565.179654,12.683
1565.377604,12.92
1565.575554,12.707
1565.7735539999999,12.72
1565.9735039999998,12.786
1566.169604,12.668000000000001
1566.367654,12.478
1566.5658039999998,12.598
1566.7635539999999,12.708
1566.961804,12.697000000000001
1567.159804,12.759
1567.357654,12.776
1567.5558039999999,12.733
1567.754504,12.755
1567.951804,12.843
1568.149804,12.873000000000001
1568.349354,12.912
1568.545854,12.99
1568.7438539999998,12.863
1568.941854,12.926
1569.139854,12.943
1569.3378539999999,12.898
1569.535854,12.749
1569.7338539999998,12.704
1569.931854,12.828
1570.327104,12.859
1570.5251039999998,12.854000000000001
1570.921104,12.844
1571.119154,12.835
1571.3171539999998,12.704
1571.515154,12.612
1571.713154,12.483
1571.911154,12.382
1572.109154,12.405000000000001
1572.307454,12.423
1572.505154,12.780000000000001
1572.703354,12.866
1572.901154,13.163
1573.0994039999998,12.733
1573.297204,12.635
1573.4952039999998,12.532
1573.6934039999999,12.679
1573.891154,12.694
1574.0894039999998,12.596
1574.287404,12.56
1574.4852039999998,12.499
1574.684154,12.523
1574.881404,12.293000000000001
1575.079454,12.329
1575.277454,12.49
1575.4752039999998,12.438
1575.673454,12.199
1575.8714539999999,12.117
1576.069604,12.199
1576.268454,12.091000000000001
1576.465454,12.111
1576.663454,11.98
1576.8614539999999,12.026
1577.059654,12.142
1577.259104,12.192
1577.455454,12.056000000000001
1577.653454,12.117
1577.8514539999999,12.071
1578.049654,12.232000000000001
1578.247654,12.052
1578.445504,12.165000000000001
1578.644354,12.142
1578.841504,12.282
1579.039654,12.286
1579.239054,12.244
1579.435504,12.072000000000001
1579.633654,12.181000000000001
1579.831704,12.156
1580.029704,12.134
1580.227704,12.027000000000001
1580.427454,12.103
1580.6237039999999,12.114
1580.821704,12.266
1581.0197039999998,12.187
1581.217704,12.229000000000001
1581.415704,12.123000000000001
1581.613854,12.225
1581.8117539999998,12.373000000000001
1582.0099539999999,12.223
1582.207754,12.379
1582.405754,12.375
1582.605204,12.485
1582.8017539999998,12.534
1583.001654,12.624
1583.197754,12.695
1583.395754,12.653
1583.5939039999998,12.549
1583.791904,12.569
1583.990004,12.562
1584.1880039999999,12.617
1584.387554,12.472
1584.5839039999998,12.484
1584.781904,12.471
1584.980004,12.443
1585.1780039999999,12.591000000000001
1585.375804,12.620000000000001
1585.573954,12.517
1585.7722039999999,12.553
1585.970204,12.477
1586.168054,12.441
1586.366204,12.406
1586.563954,12.339
1586.7619539999998,12.39
1586.960204,12.385
1587.158054,12.385
1587.356104,12.428
1587.554854,12.398
1587.752004,12.259
1587.9512539999998,12.289
1588.1482039999999,12.262
1588.346204,12.31
1588.544204,12.261000000000001
1588.7438539999998,12.25
1588.940204,12.21
1589.138254,12.185
1589.3379539999999,12.073
1589.534254,12.198
1589.732254,12.141
1589.9302539999999,12.278
1590.325554,12.018
1590.721554,11.925
1590.9195539999998,11.873000000000001
1591.1175039999998,11.943
1591.315554,11.807
1591.5137539999998,11.558
1591.711554,11.576
1591.909754,11.614
1592.107554,11.599
1592.305554,11.465
1592.503804,11.492
1592.701554,11.504
1592.8995539999999,11.264
1593.097554,11.31
1593.295604,11.212
1593.4943039999998,11.14
1593.6918039999998,10.99
1593.889804,10.8
1594.0878539999999,10.754
1594.285604,10.641
1594.485504,10.555
1594.6818039999998,10.573
1594.879804,10.414
1595.077804,10.506
1595.275854,10.393
1595.4738539999998,10.358
1595.671854,10.224
1595.869854,10.146
1596.067854,9.943
1596.265854,9.907
1596.463654,9.972
1596.661854,9.946
1596.860004,10.003
1597.0580539999999,9.835
1597.2559039999999,9.977
1597.4540539999998,9.929
1597.6519039999998,10.021
1597.850054,10.003
1598.0480539999999,9.958
1598.2459039999999,10.045
1598.4440539999998,10.016
1598.6419039999998,9.967
1598.839904,10.109
1599.038104,9.958
1599.2361039999998,10.038
1599.4339539999999,10.414
1599.632104,10.213000000000001
1599.830104,10.355
1600.028204,10.343
1600.2261039999999,10.255
1600.424104,10.298
1600.622104,10.451
1600.820354,10.617
1601.018104,10.578
1601.216154,10.459
1601.414254,10.605
1601.6121039999998,10.692
1601.810104,10.778
1602.008104,10.851
1602.206154,10.906
1602.4059539999998,10.961
1602.602154,10.979000000000001
1602.8004039999998,11.056000000000001
1602.998404,10.978
1603.196154,11.095
1603.396004,11.225
1603.592304,11.269
1603.790354,11.332
1603.988404,11.370000000000001
1604.1862039999999,11.434000000000001
1604.384304,11.41
1604.582304,11.683
1604.780554,11.44
1604.978404,11.587
1605.1764039999998,11.721
1605.374354,12.065
1605.572354,11.978
1605.770554,12.01
1605.9684539999998,11.941
1606.166454,11.877
1606.3646039999999,12.114
1606.562404,12.167
1606.7606039999998,12.445
1606.958604,12.358
1607.158154,12.448
1607.3546039999999,12.464
1607.552354,12.504
1607.7523039999999,12.515
1607.948654,12.646
1608.1465039999998,12.6
1608.344654,12.707
1608.5426539999999,12.759
1608.740654,12.818
1608.9386539999998,12.953
1609.136654,12.941
1609.336304,12.936
1609.5326539999999,12.967
1609.730654,13.099
1609.9286539999998,13.014000000000001
1610.3239039999999,13.361
1610.7199039999998,12.96
1610.917954,13.082
1611.1159539999999,12.948
1611.314154,13.049
1611.5119539999998,13.089
1611.709954,13.084
1611.907954,13.027000000000001
1612.1059539999999,13.136000000000001
1612.304404,13.064
1612.502154,13.167
1612.699954,12.993
1612.8982039999999,12.965
1613.096004,13.005
1613.295554,13.018
1613.492204,12.999
1613.689954,12.948
1613.8882039999999,12.866
1614.086204,12.821
1614.2840039999999,12.743
1614.482204,12.858
1614.6802539999999,12.734
1614.878254,12.636000000000001
1615.0762539999998,12.627
1615.2740039999999,12.586
1615.472254,12.578
1615.6702539999999,12.63
1615.8696539999999,12.703
1616.0662539999998,12.696
1616.264254,12.602
1616.462254,12.566
1616.660304,12.411
1616.8601039999999,12.509
1617.0562539999999,12.554
1617.254454,12.48
1617.452254,12.427
1617.650304,12.593
1617.848454,12.508000000000001
1618.046454,12.686
1618.244454,12.808
1618.442454,12.925
1618.640304,12.815
1618.838454,12.764000000000001
1619.0364539999998,12.864
1619.234454,12.867
1619.4325039999999,12.835
1619.630304,12.866
1619.8285039999998,12.843
1620.026504,12.807
1620.2246539999999,12.804
1620.422504,12.83
1620.620504,12.646
1620.8185039999998,12.859
1621.017404,12.713000000000001
1621.2146539999999,12.9
1621.412504,12.826
1621.6105539999999,12.77
1621.808754,12.776
1622.0065539999998,12.69
1622.204704,12.738
1622.4027039999999,12.971
1622.6005539999999,12.932
1622.8004039999998,13.019
1622.9965539999998,13.256
1623.194704,13.152000000000001
1623.394404,13.097
1623.590954,12.945
1623.788804,12.866
1623.988504,12.96
1624.184704,13.005
1624.3827039999999,13.09
1624.580704,12.941
1624.778804,12.954
1624.976854,12.877
1625.174754,13.007
1625.372754,12.981
1625.571004,12.922
1625.770654,12.84
1625.966854,12.858
1626.165004,13.094
1626.362754,12.91
1626.560954,12.902000000000001
1626.759004,12.795
1626.956854,12.888
1627.1567539999999,12.82
1627.3528039999999,12.998000000000001
1627.550804,12.936
1627.750754,12.82
1627.947054,12.915000000000001
1628.145004,12.936
1628.3430039999998,12.693
1628.541004,12.825000000000001
1628.739054,12.83
1628.937704,12.925
1629.135204,12.950000000000001
1629.333054,12.824
1629.531204,12.954
1629.729054,12.959
1630.124304,12.957
1630.322354,13.048
1630.520304,12.898
1630.718304,12.987
1630.9163039999999,12.896
1631.114304,12.947000000000001
1631.3130039999999,12.944
1631.510354,12.936
1631.708604,12.977
1631.906354,12.984
1632.1043539999998,12.938
1632.304254,13.086
1632.500354,13.046000000000001
1632.698604,13.144
1632.896354,13.153
1633.0943539999998,13.01
1633.292604,12.88
1633.4906039999998,13.16
1633.688404,13.255
1633.886654,13.163
1634.084404,13.057
1634.282604,13.149000000000001
1634.4806039999999,13.15
1634.679404,13.218
1634.876654,13.199
1635.075054,13.278
1635.2726539999999,13.037
1635.470654,13.088000000000001
1635.668804,13.233
1635.866654,13.324
1636.066304,13.281
1636.2626539999999,13.114
1636.460654,12.995000000000001
1636.6586539999998,13.174
1636.8568539999999,13.111
1637.054704,13.007
1637.2528539999998,12.832
1637.4507039999999,12.896
1637.648854,12.632
1637.846854,12.753
1638.044704,12.712
1638.2428539999999,12.759
1638.4407039999999,12.613
1638.638854,12.506
1638.836904,12.52
1639.0349039999999,12.516
1639.232904,12.621
1639.4309039999998,12.633000000000001
1639.628904,12.468
1639.826904,12.479000000000001
1640.0249039999999,12.540000000000001
1640.222904,12.454
1640.4209039999998,12.496
1640.619154,12.515
1640.816954,12.523
1641.014904,12.516
1641.2130539999998,12.564
1641.4109039999998,12.496
1641.609154,12.575000000000001
1641.8080539999999,12.401
1642.004954,12.291
1642.204704,12.553
1642.400954,12.41
1642.5992039999999,12.481
1642.798904,12.43
1642.994954,12.444
1643.193104,12.535
1643.3911039999998,12.441
1643.5892039999999,12.4
1643.787204,12.383000000000001
1643.985004,12.387
1644.183104,12.369
1644.3811039999998,12.455
1644.579354,12.394
1644.777204,12.337
1644.9752039999998,12.345
1645.1731539999998,12.336
1645.3711039999998,12.459
1645.569354,12.316
1645.7672539999999,12.291
1645.965254,12.092
1646.163404,12.034
1646.361154,12.169
1646.5607539999999,12.024000000000001
1646.757404,12.017
1646.955704,12.077
1647.153404,12.09
1647.351154,12.101
1647.550154,12.065
1647.747404,11.958
1647.9471039999999,12.030000000000001
1648.143454,12.048
1648.3414539999999,12.293000000000001
1648.541004,12.312
1648.7374539999998,12.338000000000001
1648.935454,12.36
1649.133454,12.197000000000001
1649.331454,12.255
1649.529454,12.291
1649.9248539999999,12.304
1650.1227039999999,12.218
1650.322154,12.305
1650.5187039999998,12.508000000000001
1650.718404,12.388
1650.914754,12.387
1651.112754,12.292
1651.3107539999999,12.307
1651.508754,12.203
1651.7084539999998,12.389000000000001
1651.904754,12.322000000000001
1652.102754,12.218
1652.3009539999998,12.115
1652.498754,11.98
1652.6970039999999,11.823
1652.894804,11.883000000000001
1653.092754,11.778
1653.291004,11.879
1653.4888039999998,11.975
1653.687954,11.849
1653.885004,11.81
1654.084154,11.8
1654.281004,11.707
1654.479004,11.68
1654.677054,11.527000000000001
1654.8750539999999,11.566
1655.072804,11.439
1655.2710539999998,11.434000000000001
1655.4690039999998,11.512
1655.6672039999999,11.373000000000001
1655.866554,11.206
1656.063054,11.387
1656.2610539999998,11.265
1656.459054,11.403
1656.657254,11.411
1656.8550539999999,11.282
1657.053054,11.454
1657.251454,11.333
1657.449104,11.322000000000001
1657.647254,11.326
1657.845304,11.233
1658.0431039999999,11.112
1658.241654,11.13
1658.439254,11.011000000000001
1658.637254,10.889
1658.8352539999998,11.036
1659.033254,11.005
1659.231254,11.121
1659.429504,11.031
1659.6273039999999,11.081
1659.825304,10.949
1660.0233039999998,10.971
1660.221304,10.804
1660.4195539999998,11.025
1660.618954,10.913
1660.815304,10.913
1661.013454,10.729000000000001
1661.211304,10.649000000000001
1661.4095539999998,10.595
1661.609104,10.519
1661.8053539999999,10.305
1662.003504,10.501
1662.2015039999999,10.307
1662.3995539999999,10.318
1662.599154,10.449
1662.7953539999999,10.134
1662.993504,10.072000000000001
1663.191654,9.946
1663.3897539999998,9.625
1663.5876039999998,9.585
1663.785604,9.461
1663.9835039999998,9.438
1664.181504,9.344
1664.3797539999998,9.193
1664.5776039999998,9.038
1664.775604,8.77
1664.973554,8.783
1665.171554,8.581
1665.3695539999999,8.501
1665.567804,8.33
1665.7656539999998,8.053
1665.963604,7.761
1666.161554,7.63
1666.3597539999998,7.339
1666.557804,7.071
1666.7556539999998,6.972
1666.953804,6.605
1667.1518039999999,6.573
1667.349804,6.348
1667.5478039999998,6.142
1667.745804,5.828
1667.945554,5.656
1668.1418039999999,5.431
1668.339804,5.121
1668.5378039999998,4.954
1668.735854,4.889
1668.934254,4.634
1669.330554,4.71
1669.7251039999999,4.414
1669.9231539999998,4.402
1670.1211039999998,4.859
1670.319104,5.097
1670.517104,5.457
1670.7151039999999,5.716
1670.914804,5.7010000000000005
1671.111354,5.853
1671.309154,5.575
1671.5078039999999,5.812
1671.705154,5.821
1671.9031539999999,5.78
1672.1015539999999,5.8580000000000005
1672.2991539999998,5.916
1672.497404,6.022
1672.695354,6.208
1672.893204,6.328
1673.091354,6.514
1673.2894039999999,6.538
1673.487404,6.5920000000000005
1673.6854039999998,6.666
1673.883204,6.664
1674.081404,6.457
1674.2794039999999,6.5200000000000005
1674.4788039999999,6.489
1674.6754039999998,6.522
1674.8734539999998,6.413
1675.0712039999999,6.424
1675.269454,6.428
1675.467604,6.442
1675.665454,6.428
1675.8634539999998,6.481
1676.061454,6.322
1676.259454,6.359
1676.457604,6.276
1676.6573039999998,6.386
1676.853504,6.315
1677.0516539999999,6.276
1677.249504,6.32
1677.4476539999998,6.441
1677.6473039999998,6.742
1677.843504,6.777
1678.0416539999999,6.7620000000000005
1678.239504,6.783
1678.4376539999998,6.972
1678.635654,7.047
1678.8344539999998,7.173
1679.031704,7.348
1679.2297039999999,7.444
1679.4276539999998,7.546
1679.625654,7.613
1679.825404,7.7250000000000005
1680.021704,7.8660000000000005
1680.2197039999999,7.848
1680.417904,7.953
1680.6157039999998,8.017
1680.813704,8.083
1681.0119539999998,8.082
1681.2097039999999,8.172
1681.407954,8.217
1681.6057039999998,8.112
1681.803754,8.302
1682.0018539999999,8.493
1682.2012539999998,8.49
1682.397954,8.637
1682.596004,8.638
1682.793754,8.703
1682.991904,8.66
1683.1899039999998,8.703
1683.388004,8.792
1683.586004,8.9
1683.783804,8.891
1683.981904,8.893
1684.1799039999999,8.92
1684.378154,8.979000000000001
1684.576004,9.023
1684.7740039999999,8.914
1684.971904,8.975
1685.170154,8.947000000000001
1685.368154,9.021
1685.566004,8.952
1685.764054,8.967
1685.9621539999998,9.116
1686.160204,9.057
1686.358204,9.143
1686.556204,9.003
1686.754054,9.07
1686.952204,9.147
1687.150204,8.96
1687.348204,9.005
1687.546204,8.93
1687.7442039999999,8.952
1687.942204,8.798
1688.140254,8.67
1688.338254,8.574
1688.536204,8.374
1688.7342039999999,8.201
1688.932204,8.088000000000001
1689.327754,8.01
1689.7235039999998,7.806
1689.921504,7.702
1690.1211039999998,7.43
1690.317754,7.289000000000001
1690.515504,7.292
1690.713554,7.277
1690.911554,7.245
1691.111154,7.265000000000001
1691.307754,7.213
1691.505754,7.303
1691.703554,7.1530000000000005
1691.901554,7.112
1692.0997539999998,7.098
1692.297854,7.082
1692.495804,7.088
1692.693554,7.1160000000000005
1692.8915539999998,7.281000000000001
1693.089804,7.251
1693.2878039999998,7.359
1693.485804,7.285
1693.683804,7.495
1693.881754,7.554
1694.079804,7.698
1694.279204,7.8950000000000005
1694.475854,7.896
1694.673854,7.922000000000001
1694.871604,8.018
1695.069804,8.132
1695.2697039999998,8.058
1695.465854,8.032
1695.663854,8.141
1695.861854,8.001
1696.0598539999999,7.822
1696.258004,8.013
1696.456004,8.132
1696.653854,8.115
1696.852154,8.189
1697.0498539999999,8.393
1697.247854,8.401
1697.446054,8.368
1697.6440539999999,8.353
1697.8419039999999,8.291
1698.0400539999998,8.413
1698.2392539999998,8.407
1698.436054,8.398
1698.6340539999999,8.298
1698.832404,8.189
1699.0300539999998,8.244
1699.230004,8.113
1699.426104,8.052
1699.624104,7.9350000000000005
1699.8226539999998,7.835
1700.020104,7.7010000000000005
1700.220004,7.654
1700.416104,7.495
1700.614104,7.433
1700.8130039999999,7.4270000000000005
1701.010254,7.368
1701.2092539999999,7.401
1701.406354,7.344
1701.6041539999999,7.408
1701.802254,7.539000000000001
1702.0002539999998,7.494
1702.1983539999999,7.509
1702.396354,7.636
1702.594154,7.621
1702.792254,7.658
1702.990304,7.751
1703.189404,8.023
1703.3864039999999,8.111
1703.584404,8.342
1703.782154,8.443
1703.980304,8.56
1704.1785539999998,8.697000000000001
1704.3764039999999,8.862
1704.574404,9.099
1704.7723039999998,9.173
1704.970754,9.326
1705.1685539999999,9.459
1705.3666039999998,9.715
1705.564404,9.844
1705.762554,9.926
1705.9603539999998,9.966000000000001
1706.1585539999999,10.153
1706.3566039999998,10.122
1706.5544539999999,10.290000000000001
1706.752454,10.167
1706.9511539999999,10.346
1707.148604,10.281
1707.3466039999998,10.384
1707.544604,10.363
1707.742604,10.086
1707.940604,10.128
1708.138604,10.196
1708.3366039999999,10.174
1708.5346539999998,10.127
1708.7327539999999,10.155
1708.930654,10.189
1709.3259039999998,10.086
1709.523904,10.103
1709.721904,9.923
1709.9199039999999,9.949
1710.117904,9.911
1710.3159039999998,10.031
1710.513904,10.031
1710.713154,9.828
1710.910154,10.015
1711.109554,10.322000000000001
1711.3061539999999,10.266
1711.503954,10.348
1711.701954,10.041
1711.900154,9.898
1712.0979539999998,9.644
1712.296154,9.874
1712.494154,9.892
1712.691954,9.791
1712.889954,9.838000000000001
1713.088154,10.005
1713.286204,9.99
1713.4842039999999,10.09
1713.682004,10.046
1713.8802039999998,10.178
1714.078204,10.177
1714.2763539999999,10.305
1714.4742039999999,10.174
1714.672204,10.23
1714.8702039999998,10.145
1715.068254,10.38
1715.266404,10.279
1715.464254,10.244
1715.6622539999998,10.314
1715.860004,10.156
1716.058254,10.228
1716.256404,10.117
1716.455004,10.24
1716.6522539999999,10.227
1716.850404,10.336
1717.0482539999998,10.406
1717.2464539999999,10.423
1717.444454,10.633000000000001
1717.6422539999999,10.391
1717.840404,10.361
1718.038454,10.516
1718.2364539999999,10.527000000000001
1718.434454,10.368
1718.6324539999998,10.352
1718.830454,10.488
1719.028454,10.613
1719.2264539999999,10.681000000000001
1719.424454,10.767
1719.6224539999998,10.823
1719.820604,10.897
1720.018504,10.833
1720.216704,10.944
1720.4145039999999,10.952
1720.612504,11.005
1720.8106539999999,10.996
1721.008504,11.052
1721.2067539999998,11.062
1721.4045039999999,11.122
1721.602504,10.962
1721.8007539999999,10.729000000000001
1721.998654,10.761000000000001
1722.1984539999999,10.801
1722.3950539999998,10.693
1722.5925539999998,10.795
1722.790704,10.865
1722.9887039999999,10.931000000000001
1723.1867539999998,10.632
1723.384754,10.603
1723.5825539999998,10.664
1723.780704,10.622
1723.9787039999999,10.601
1724.176954,10.554
1724.3748039999998,10.583
1724.572804,10.508000000000001
1724.770704,10.638
1724.968704,10.734
1725.166954,10.672
1725.3648039999998,10.712
1725.562804,10.557
1725.7609539999999,10.688
1725.958754,10.621
1726.157004,10.678
1726.355004,10.676
1726.552854,10.538
1726.751004,10.6
1726.948754,10.636000000000001
1727.147004,10.641
1727.345004,10.759
1727.542854,10.663
1727.741004,10.72
1727.9390039999998,10.823
1728.137004,10.856
1728.335004,10.849
1728.534704,10.873000000000001
1728.731004,10.888
1729.126304,10.901
1729.324304,10.856
1729.5223039999998,10.908
1729.720304,11.021
1729.918304,11.118
1730.116304,11.096
1730.314304,11.097
1730.5123039999999,11.171
1730.7103539999998,11.153
1730.908354,11.179
1731.106304,11.178
1731.3045539999998,11.275
1731.5023039999999,11.264
1731.7003539999998,11.293000000000001
1731.8985539999999,11.246
1732.096354,11.34
1732.2945539999998,11.362
1732.492354,11.381
1732.6903539999998,11.471
1732.888604,11.487
1733.0866039999999,11.426
1733.284604,11.346
1733.482554,11.319
1733.6803539999999,11.389000000000001
1733.8797539999998,11.406
1734.0766039999999,11.356
1734.274604,11.34
1734.472654,11.447000000000001
1734.670404,11.385
1734.868604,11.368
1735.0666039999999,11.442
1735.2647539999998,11.409
1735.462654,11.415000000000001
1735.660654,11.336
1735.858604,11.475
1736.056654,11.272
1736.254804,11.401
1736.452654,11.229000000000001
1736.650654,11.236
1736.848804,11.353
1737.0468039999998,11.301
1737.244804,11.339
1737.444454,11.245000000000001
1737.640854,11.263
1737.8388539999999,11.283
1738.036854,11.215
1738.2348539999998,10.971
1738.434554,10.905
1738.630854,10.959
1738.8288539999999,10.862
1739.027054,10.814
1739.2248539999998,10.787
1739.422854,10.615
1739.6210039999999,10.626
1739.818904,10.541
1740.018754,10.559000000000001
1740.214904,10.494
1740.412904,10.469
1740.612654,10.409
1740.809004,10.408
1741.0088039999998,10.279
1741.205104,10.133000000000001
1741.4029039999998,10.053
1741.600904,9.945
1741.7990539999998,9.715
1741.998854,9.699
1742.195154,9.373
1742.3929039999998,9.135
1742.591054,8.803
1742.789454,8.585
1742.987304,8.273
1743.185154,8.152000000000001
1743.383204,7.8740000000000006
1743.5811039999999,7.665
1743.7795039999999,7.429
1743.9773539999999,7.247
1744.175154,6.969
1744.373204,6.898000000000001
1744.5712039999999,6.978
1744.769104,6.937
1744.967354,7.046
1745.165354,6.7170000000000005
1745.363204,6.533
1745.561354,6.38
1745.759104,6.325
1745.9585539999998,6.232
1746.155354,6.067
1746.3533539999999,5.69
1746.551354,5.839
1746.749404,5.525
1746.947154,5.5680000000000005
1747.1454039999999,5.71
1747.343404,5.75
1747.5414039999998,5.922
1747.739404,6.144
1747.937404,6.002
1748.1354039999999,6.239
1748.333404,6.639
1748.533254,6.675
1748.9266539999999,6.516
1749.124654,6.773000000000001
1749.3226539999998,6.74
1749.520704,6.884
1749.718704,6.795
1749.916704,6.625
1750.114954,6.906000000000001
1750.312704,6.908
1750.510704,6.819
1750.708704,6.7090000000000005
1750.906704,6.668
1751.104904,6.487
1751.302704,6.289
1751.500754,6.257000000000001
1751.698954,6.226
1751.8969539999998,5.993
1752.094954,6.0680000000000005
1752.292954,6.016
1752.4907039999998,5.7410000000000005
1752.688954,5.7490000000000006
1752.8869539999998,5.57
1753.084754,5.46
1753.283004,5.472
1753.480754,5.249
1753.678754,5.266
1753.877004,5.3500000000000005
1754.0751539999999,5.127
1754.273004,5.1370000000000005
1754.471004,5.047
1754.6690039999999,4.94
1754.867004,4.96
1755.065154,5.095
1755.263054,5.073
1755.4610539999999,5.035
1755.6592039999998,4.848
1755.8570539999998,4.58
1756.055204,4.867
1756.2532039999999,4.899
1756.4510539999999,4.877
1756.649054,5.0920000000000005
1756.8470539999998,5.163
1757.045204,4.9510000000000005
1757.2432039999999,4.9670000000000005
1757.441054,4.843
1757.6392039999998,4.972
1757.837204,5.122
1758.035204,5.067
1758.233204,5.378
1758.4312539999999,5.657
1758.6309039999999,5.607
1758.8272539999998,5.409
1759.025254,5.837
1759.223254,6.019
1759.4212539999999,6.071
1759.619404,6.19
1759.8172539999998,6.341
1760.015504,6.494
1760.2139539999998,6.76
1760.411304,6.656000000000001
1760.609454,7.002
1760.8085039999999,6.82
1761.005504,6.918
1761.203304,7.105
1761.401304,7.1850000000000005
1761.599454,7.253
1761.797454,7.711
1761.9955539999999,7.892
1762.193554,7.797000000000001
1762.392604,8.079
1762.589504,7.912
1762.787504,7.859
1762.9855539999999,8.275
1763.183554,8.378
1763.3815539999998,8.41
1763.579454,8.687
1763.777504,8.790000000000001
1763.975704,8.66
1764.1736039999998,8.765
1764.371604,8.736
1764.5695039999998,8.873
1764.767504,8.811
1764.9657539999998,8.754
1765.163754,9.034
1765.361604,8.929
1765.5597539999999,9.012
1765.757554,8.946
1765.9557539999998,9.159
1766.153754,9.093
1766.352154,9.153
1766.549754,9.178
1766.7475539999998,9.326
1766.9457539999999,9.073
1767.143754,9.094
1767.3417539999998,9.120000000000001
1767.539754,8.975
1767.7378039999999,9.02
1767.935804,8.985
1768.1338039999998,8.891
1768.331804,8.935
1768.529804,8.787
1768.7278039999999,8.595
1769.123104,8.724
1769.3211039999999,8.841
1769.5190539999999,8.896
1769.7183539999999,8.826
1769.9150539999998,8.814
1770.1147039999998,8.815
1770.311104,8.484
1770.509104,8.655
1770.7083539999999,8.864
1770.905104,8.965
1771.1033539999999,8.565
1771.301104,8.611
1771.499104,8.531
1771.697354,8.507
1771.895104,8.456
1772.0933539999999,8.464
1772.291154,8.405
1772.4891539999999,8.361
1772.6882039999998,8.324
1772.885354,8.279
1773.0833539999999,8.309000000000001
1773.281354,8.409
1773.4791539999999,8.094
1773.677354,7.955
1773.875354,7.632000000000001
1774.073404,7.984
1774.2714039999998,7.522
1774.469204,7.3
1774.667404,7.246
1774.865554,6.939
1775.0635539999998,6.832
1775.2614039999999,6.4110000000000005
1775.459554,6.05
1775.6574039999998,6.1850000000000005
1775.855404,6.098
1776.053604,6.03
1776.251454,5.521
1776.4494539999998,4.256
1776.647604,4.033
1776.845454,4.303
1777.043604,4.306
1777.2416039999998,4.107
1777.439604,3.942
1777.637604,4.043
1777.8356039999999,4.295
1778.034854,4.361
1778.231654,4.594
1778.4298039999999,4.7
1778.627604,4.596
1778.8256039999999,4.899
1779.023604,4.821
1779.221654,4.934
1779.4196539999998,4.854
1779.617654,4.832
1779.8159039999998,4.819
1780.015304,4.795
1780.211654,4.812
1780.409804,4.868
1780.607804,4.739
1780.8059039999998,4.75
1781.003904,4.452
1781.2017039999998,4.486
1781.399854,4.255
1781.5978539999999,4.128
1781.797104,3.895
1781.993954,3.8890000000000002
1782.191954,3.819
1782.3906539999998,3.781
1782.5878539999999,3.75
1782.786104,3.855
1782.9839539999998,3.863
1783.181954,3.996
1783.381404,4.0040000000000004
1783.577904,4.173
1783.776104,4.541
1783.974104,4.533
1784.171954,4.483
1784.3701039999999,4.603
1784.567854,4.728
1784.7659039999999,4.831
1784.964104,4.84
1785.162004,5.038
1785.360004,5.23
1785.557904,5.192
1785.756154,5.42
1785.954154,5.5680000000000005
1786.1521539999999,5.638
1786.350154,5.565
1786.549904,5.495
1786.746154,5.371
1786.944154,5.422
1787.1437039999998,5.281
1787.3402039999999,5.22
1787.538204,5.149
1787.7378039999999,5.204
1787.9341539999998,5.063
1788.329454,5.014
1788.5274539999998,5.069
1788.725454,5.064
1788.923454,5.016
1789.1214539999999,5.135
1789.319454,5.067
1789.5174539999998,5.107
1789.715454,4.961
1789.9137039999998,4.946
1790.111504,4.891
1790.3095039999998,4.956
1790.5077039999999,4.937
1790.705454,4.974
1790.903454,5.014
1791.101504,4.989
1791.299704,4.942
1791.4977039999999,4.8
1791.6957539999999,4.618
1791.893754,4.678
1792.0917539999998,4.721
1792.2895039999999,4.648
1792.487754,4.571
1792.6857539999999,4.698
1792.8854039999999,4.479
1793.0817539999998,4.397
1793.279554,4.487
1793.477754,4.333
1793.675804,4.24
1793.873954,4.188
1794.071804,4.293
1794.269804,4.282
1794.468504,4.2620000000000005
1794.665804,4.4350000000000005
1794.863954,4.508
1795.061804,4.728
1795.259804,4.831
1795.458604,4.984
1795.655804,5.066
1795.853954,5.222
1796.051954,5.313
1796.2498039999998,5.465
1796.447954,5.577
1796.6458539999999,5.646
1796.8440039999998,5.727
1797.042154,5.671
1797.240004,5.67
1797.438154,5.625
1797.636004,5.533
1797.8340039999998,5.6000000000000005
1798.032954,5.514
1798.230004,5.462
1798.4280039999999,5.4110000000000005
1798.6260539999998,5.4190000000000005
1798.824054,5.3660000000000005
1799.022054,5.356
1799.220054,5.469
1799.4182039999998,5.381
1799.6160539999998,5.464
1799.814254,5.444
1800.013054,5.4350000000000005
1800.210054,5.545
1800.4082039999998,5.589
1800.606104,5.5520000000000005
1800.804304,5.703
1801.003954,5.696
1801.200054,5.7410000000000005
1801.3982039999999,5.815
1801.597904,5.641
1801.794304,5.594
1801.9923039999999,5.654
1802.190654,5.4350000000000005
1802.388254,5.29
1802.5862539999998,5.346
1802.784354,5.102
1802.982354,5.065
1803.180504,4.925
1803.378254,4.8
1803.577754,4.643
1803.774504,4.6850000000000005
1803.972354,4.494
1804.170504,4.43
1804.3683039999999,4.3100000000000005
1804.566304,4.283
1804.764504,4.261
1804.9625039999999,4.102
1805.160504,4.1290000000000004
1805.359554,3.944
1805.556304,3.934
1805.754504,3.769
1805.9525039999999,3.68
1806.1505539999998,3.67
1806.3502039999998,3.607
1806.5463539999998,3.553
1806.7445539999999,3.424
1806.942554,3.364
1807.140704,3.3000000000000003
1807.3401039999999,3.337
1807.536554,3.302
1807.734554,3.099
1807.932554,3.186
1808.327804,3.0220000000000002
1808.525854,2.966
1808.7238539999998,2.952
1808.921854,2.785
1809.1198539999998,2.872
1809.3180539999998,2.861
1809.515854,2.717
1809.7138539999999,2.864
1809.911854,2.87
1810.1098539999998,2.822
1810.308104,2.8930000000000002
1810.5061039999998,2.965
1810.703904,2.872
1810.902104,3.132
1811.099904,3.285
1811.299304,3.325
1811.4961039999998,3.484
1811.693904,3.471
1811.8924539999998,3.696
1812.089904,3.637
1812.2881539999998,3.652
1812.4861039999998,3.7800000000000002
1812.6841539999998,3.6750000000000003
1812.883654,3.63
1813.080154,3.563
1813.2781539999999,3.488
1813.476154,3.46
1813.6741539999998,3.294
1813.872154,3.495
1814.070154,3.39
1814.2683539999998,3.228
1814.467304,3.295
1814.6641539999998,3.309
1814.8623539999999,3.1830000000000003
1815.0602039999999,3.125
1815.2583539999998,3.153
1815.4572039999998,3.1310000000000002
1815.654354,3.047
1815.8523539999999,3.031
1816.050354,2.984
1816.2483539999998,2.765
1816.4481039999998,2.6510000000000002
1816.644404,2.2560000000000002
1816.842404,2.184
1817.040354,1.935
1817.238404,1.7530000000000001
1817.4364039999998,1.555
1817.634404,1.5190000000000001
1817.832404,1.472
1818.0304039999999,1.291
1818.228554,1.491
1818.4280039999999,1.52
1818.624654,1.427
1818.822404,1.291
1819.0204039999999,1.26
1819.2185539999998,1.3840000000000001
1819.4164039999998,1.299
1819.614654,1.371
1819.8126539999998,1.316
1820.010454,1.358
1820.208604,1.4000000000000001
1820.406604,1.426
1820.605454,1.212
1820.8026539999998,1.205
1821.000454,1.103
1821.198604,1.112
1821.396604,1.127
1821.5947039999999,1.226
1821.792704,1.274
1821.9907039999998,1.314
1822.190304,1.371
1822.386654,1.29
1822.584854,1.239
1822.782704,1.165
1822.9807039999998,1.225
1823.179654,1.301
1823.376654,1.2610000000000001
1823.574854,0.6910000000000001
1823.772904,0.786
1823.970754,1.057
1824.1691039999998,1.487
1824.366654,1.262
1824.5649039999998,1.358
1824.762904,0.85
1824.960754,0.771
1825.1605539999998,0.499
1825.3567039999998,0.707
1825.554704,0.295
1825.7529539999998,0.153
1825.950954,0.055
1826.148954,0.116
1826.3475039999998,0.06
1826.5449039999999,0.008
1826.7429539999998,0.091
1826.940954,0.152
1827.138954,0.193
1827.338554,0.373
1827.5351039999998,0.249
1827.7329539999998,0.425
1828.1282039999999,0.448
1828.326204,0.519
1828.524254,0.403
1828.722254,0.458
1828.9202539999999,0.318
1829.118254,0.506
1829.316454,0.466
1829.514254,0.272
1829.712454,0.243
1829.910254,0.113
1830.108254,0.388
1830.306504,0.312
1830.504254,0.372
1830.7025039999999,0.542
1830.900254,0.657
1831.098254,0.5750000000000001
1831.2973539999998,0.488
1831.494504,0.609
1831.692304,0.606
1831.8905539999998,0.35000000000000003
1832.0883039999999,0.599
1832.286554,0.615
1832.484554,0.714
1832.682554,0.556
1832.880504,0.47700000000000004
1833.0785039999998,0.498
1833.276504,0.543
1833.474554,0.493
1833.6727039999998,0.605
1833.8705539999999,0.6990000000000001
1834.068554,0.6910000000000001
1834.2665539999998,0.51
1834.464554,0.531
1834.6627039999998,0.419
1834.860704,0.581
1835.058554,0.538
1835.256754,0.458
1835.454604,0.492
1835.652754,0.502
1835.8507539999998,0.447
1836.049354,0.463
1836.246754,0.359
1836.444604,0.295
1836.642754,0.355
1836.8407539999998,0.303
1837.0404039999999,0.493
1837.236754,0.435
1837.434804,0.461
1837.6328039999999,0.559
1837.830804,0.521
1838.0305039999998,0.272
1838.226804,0.28500000000000003
1838.424804,0.195
1838.6228039999999,0.22
1838.820804,0.257
1839.019554,0.161
1839.216954,0.197
1839.4148539999999,0.202
1839.613054,0.167
1839.810804,0.41300000000000003
1840.0088039999998,0.397
1840.206954,0.738
1840.404854,0.603
1840.603054,0.619
1840.801054,0.731
1840.999554,0.721
1841.1970039999999,0.597
1841.395004,0.577
1841.5931039999998,0.546
1841.791104,0.529
1841.988854,0.34700000000000003
1842.187004,0.427
1842.385004,0.399
1842.583254,0.372
1842.781104,0.557
1842.979104,0.442
1843.177054,0.676
1843.3750539999999,0.639
1843.573254,0.424
1843.771104,0.611
1843.969204,0.784
1844.167054,0.802
1844.3650539999999,0.686
1844.563254,0.66
1844.7613039999999,0.681
1844.959154,0.7010000000000001
1845.1573039999998,0.664
1845.3550539999999,0.734
1845.553304,0.63
1845.751304,0.361
1845.949204,0.395
1846.1473039999998,0.522
1846.3453539999998,0.462
1846.5433039999998,0.47200000000000003
1846.741354,0.441
1846.9393539999999,0.489
1847.137354,0.665
1847.3370539999999,0.7030000000000001
1847.533354,0.495
1847.731304,0.548
1848.1266039999998,0.597
1848.324604,0.58
1848.522604,0.5640000000000001
1848.7206039999999,0.646
1848.918604,0.641
1849.1166039999998,0.67
1849.314654,0.434
1849.5126539999999,0.537
1849.710654,0.424
1849.9086539999998,0.404
1850.106654,0.332
1850.304854,0.47200000000000003
1850.502654,0.6940000000000001
1850.700854,0.616
1850.8986539999999,0.723
1851.096654,0.684
1851.2949039999999,0.834
1851.492704,0.6900000000000001
1851.6909039999998,0.597
1851.888904,0.667
1852.086654,0.777
1852.2849039999999,0.683
1852.482904,0.536
1852.6809039999998,0.581
1852.878904,0.6920000000000001
1853.0767039999998,0.643
1853.274954,0.653
1853.4729539999998,0.654
1853.670954,0.5650000000000001
1853.8689539999998,0.752
1854.067104,0.758
1854.264954,0.667
1854.4629539999999,0.841
1854.661154,0.92
1854.8589539999998,0.988
1855.057004,0.853
1855.254954,0.9550000000000001
1855.4529539999999,0.8180000000000001
1855.6511039999998,0.788
1855.849104,0.812
1856.047004,1.111
1856.245154,0.91
1856.4431539999998,0.97
1856.641154,1.131
1856.839154,0.979
1857.038854,1.079
1857.235154,0.909
1857.433004,0.975
1857.631154,0.9570000000000001
1857.829154,1.099
1858.027204,1.164
1858.225154,1.076
1858.423404,1.105
1858.622854,1.0210000000000001
1858.819204,0.9570000000000001
1859.0173539999998,0.839
1859.2152039999999,0.886
1859.413404,0.911
1859.611404,0.869
1859.809204,0.8240000000000001
1860.008004,0.92
1860.205354,0.764
1860.4032539999998,0.74
1860.6031039999998,0.622
1860.799204,0.773
1860.998954,0.881
1861.195354,0.674
1861.3936039999999,0.833
1861.591504,0.869
1861.789454,0.9470000000000001
1861.989054,0.933
1862.1854039999998,0.9520000000000001
1862.383404,0.878
1862.581504,0.992
1862.7795039999999,0.9420000000000001
1862.979054,0.919
1863.1754039999998,1.232
1863.373404,1.095
1863.5716539999999,1.198
1863.7695039999999,1.104
1863.969104,1.326
1864.165454,1.324
1864.363654,1.217
1864.561704,1.268
1864.7595039999999,1.3960000000000001
1864.959404,1.268
1865.155654,1.109
1865.353654,1.18
1865.551704,1.235
1865.7497039999998,1.242
1865.947704,1.2750000000000001
1866.145704,1.379
1866.343504,1.316
1866.541704,1.319
1866.741304,1.35
1866.937604,1.307
1867.1357039999998,1.299
1867.333854,1.313
1867.5317539999999,1.107
1867.729754,1.117
1868.125004,1.154
1868.3230039999999,1.016
1868.521004,1.145
1868.7190039999998,1.11
1868.917004,1.1360000000000001
1869.1152539999998,1.282
1869.3130039999999,1.243
1869.511004,1.168
1869.7090039999998,1.197
1869.908404,1.295
1870.1050539999999,1.2750000000000001
1870.303054,1.322
1870.503004,1.334
1870.699054,1.274
1870.897054,1.332
1871.095304,1.357
1871.293254,1.2770000000000001
1871.491704,1.369
1871.689254,1.582
1871.8870539999998,1.5290000000000001
1872.0852539999998,1.409
1872.2833039999998,1.62
1872.481104,1.5050000000000001
1872.679304,1.264
1872.8773039999999,1.306
1873.075054,1.418
1873.2733039999998,1.557
1873.471454,1.44
1873.669304,1.5050000000000001
1873.867354,1.601
1874.065304,1.684
1874.263354,1.492
1874.4615039999999,1.485
1874.659504,1.448
1874.857354,1.195
1875.055504,1.203
1875.253354,1.329
1875.4513539999998,1.2630000000000001
1875.649504,1.204
1875.847354,0.987
1876.045854,0.762
1876.2434039999998,0.775
1876.441554,0.8260000000000001
1876.6395539999999,0.789
1876.837554,0.795
1877.0355539999998,0.913
1877.233554,1.022
1877.431554,1.117
1877.6295539999999,1.164
1877.827554,1.246
1878.0255539999998,1.063
1878.223554,0.734
1878.4218039999998,0.681
1878.6195539999999,0.6
1878.817554,0.40900000000000003
1879.0174539999998,0.305
1879.2136039999998,0.096
1879.4118039999998,0.098
1879.6096539999999,0.047
1879.8076039999999,0.107
1880.007404,0.063
1880.2036039999998,0.075
1880.4018039999999,0.039
1880.599804,0.07200000000000001
1880.7976039999999,0.11900000000000001
1880.997504,0.12
1881.193754,0.045
1881.391854,0.099
1881.589904,0.027
1881.787654,0.056
1881.985804,0.137
1882.183804,0.159
1882.3820039999998,0.092
1882.5798539999998,0.048
1882.7779039999998,0.20700000000000002
1882.975804,0.124
1883.173804,0.073
1883.372054,0.09
1883.569904,0.193
1883.7679039999998,0.106
1883.966054,0.203
1884.163804,0.316
1884.362054,0.138
1884.5600539999998,0.074
1884.758954,0.081
1884.956054,0.181
1885.153854,0.181
1885.3521039999998,0.043000000000000003
1885.550104,0.123
1885.7479039999998,0.135
1885.9461039999999,0.128
1886.1440539999999,0.176
1886.342054,0.109
1886.540104,0.036000000000000004
1886.738104,0.14400000000000002
1886.936104,0.156
1887.1349539999999,0.146
1887.3321039999998,0.222
1887.7273539999999,0.215
1888.123404,0.113
1888.321604,0.219
1888.519404,0.058
1888.717804,0.063
1888.915354,0.048
1889.113404,0.085
1889.3114039999998,0.115
1889.5098039999998,0.099
1889.707404,0.039
1889.905454,0.131
1890.103654,0.084
1890.3016539999999,0.08700000000000001
1890.499654,0.038
1890.697404,0.032
1890.8954039999999,0.031
1891.094754,0.075
1891.2916539999999,0.04
