timestamps,Speed
s,m/s
210.73680399999998,11.196
210.934904,11.565
211.13275399999998,11.615
211.33100399999998,11.759
211.529004,11.597
211.726804,11.323
211.92495399999999,11.104000000000001
212.12290399999998,11.037
212.320754,10.789
212.519004,10.450000000000001
212.716804,10.365
212.91490399999998,9.895
213.112954,9.789
213.310804,10.007
213.509054,10.01
213.707054,9.818
213.904954,9.777000000000001
214.10295399999998,9.663
214.301054,9.475
214.499054,9.253
214.69695399999998,9.222
214.89495399999998,9.111
215.09300399999998,8.891
215.291204,8.783
215.49040399999998,8.538
215.687004,8.335
215.885204,8.159
216.083004,7.7940000000000005
216.281204,7.513
216.47920399999998,7.279
216.67710399999999,7.271
216.87695399999998,6.831
217.073004,6.597
217.271254,6.412
217.46925399999998,6.3260000000000005
217.66725399999999,6.618
217.865254,6.288
218.063254,5.96
218.26125399999998,6.08
218.459254,6.029
218.657254,6.086
218.855254,6.523000000000001
219.05325399999998,6.658
220.440054,7.5680000000000005
220.636554,8.322000000000001
220.834554,8.557
221.03255399999998,8.904
221.23055399999998,8.973
221.42880399999999,8.789
221.626554,9.1
221.824604,9.06
222.02360399999998,9.376
222.22060399999998,8.565
222.420354,8.662
222.616604,8.779
222.81480399999998,8.736
223.012804,8.790000000000001
223.210604,8.674
223.408854,8.884
223.606854,8.81
223.804654,8.587
224.00285399999999,8.52
224.200604,8.393
224.398854,8.434000000000001
224.59685399999998,8.584
224.794854,8.519
224.992854,8.453
225.190854,8.528
225.388904,8.442
225.586854,8.422
225.785004,8.353
225.982904,8.419
226.180904,8.441
226.379054,8.088000000000001
226.972904,8.127
227.171054,8.228
227.36905399999998,8.009
227.56695399999998,8.015
227.765704,7.994
227.963054,7.809
228.16105399999998,8.015
228.359104,8.187
228.557054,8.079
228.756754,8.191
228.953104,8.406
229.15095399999998,8.596
229.34910399999998,8.651
229.94310399999998,8.602
230.14110399999998,8.726
230.339104,8.73
230.537154,8.685
230.735354,8.700000000000001
230.933154,8.673
231.131354,8.631
231.33090399999998,8.701
231.527154,8.634
231.725304,8.735
236.27960399999998,5.9670000000000005
236.47760399999999,5.5200000000000005
236.67565399999998,5.322
236.873404,5.3020000000000005
237.07160399999998,5.224
237.269604,4.836
237.46745399999998,4.867
237.665604,4.891
237.863654,5.075
238.06165399999998,5.007
238.259804,4.793
238.457654,4.995
238.655654,5.104
238.85365399999998,5.759
245.58540399999998,8.47
245.78490399999998,7.828
245.98125399999998,8.303
246.17940399999998,8.0
246.377254,8.093
246.575254,8.207
246.773304,8.055
246.97130399999998,8.226
247.169454,8.296
247.367304,8.577
247.565454,8.727
247.763454,8.966
247.96145399999997,9.028
248.15945399999998,9.258000000000001
248.357454,9.516
248.555454,9.604000000000001
248.753504,9.78
248.951304,9.886000000000001
249.14950399999998,10.007
249.347454,10.079
249.54545399999998,10.142
249.743504,10.183
249.94150399999998,10.257
250.139504,10.058
250.337504,10.243
250.535754,10.305
250.73350399999998,10.213000000000001
250.93175399999998,10.176
251.129754,10.176
251.32750399999998,10.233
251.525704,10.366
251.72355399999998,10.235
251.921554,10.072000000000001
255.88195399999998,10.807
256.080004,10.713000000000001
256.278004,10.629
256.476004,10.597
256.673854,10.724
256.873254,10.728
257.070004,10.836
257.26775399999997,10.758000000000001
257.466004,10.790000000000001
257.66405399999996,10.846
257.862704,10.839
258.060054,10.798
258.258054,10.731
258.456004,10.648
258.654004,10.512
258.85200399999997,10.595
259.050054,10.519
259.44530399999996,10.502
259.643304,10.527000000000001
259.841304,10.677
269.34590399999996,9.073
269.543854,9.334
269.742104,9.446
269.93985399999997,9.48
270.137904,9.567
270.337854,9.625
270.533904,9.586
270.732104,9.478
270.930054,9.481
271.127854,9.468
271.326054,9.56
271.523954,9.349
271.722154,9.39
271.92015399999997,9.443
272.11965399999997,9.497
272.316054,9.566
272.514054,9.606
272.712204,9.653
272.910054,9.759
273.108304,9.870000000000001
273.306154,9.839
273.504104,9.823
273.70275399999997,9.999
273.900104,9.922
274.098354,9.963000000000001
274.296104,10.022
274.494104,10.032
274.693404,10.207
274.890204,10.277000000000001
275.088354,10.284
275.28635399999996,10.424
275.484154,10.39
275.682354,10.423
275.880704,10.381
276.078354,10.339
276.27635399999997,10.363
276.474254,10.281
276.672354,10.403
276.870404,10.331
277.068354,10.308
277.26640399999997,10.44
277.464804,10.393
277.662404,10.391
277.86040399999996,10.56
278.058554,10.494
278.256404,10.587
278.454404,10.32
278.652404,10.450000000000001
278.850454,10.552
279.245704,10.672
279.44370399999997,10.725
279.641704,10.455
279.839704,10.474
280.03770399999996,10.426
280.235954,10.529
280.433704,10.407
280.631704,10.394
280.829704,10.318
281.028304,10.234
281.225954,10.302
281.423754,10.462
281.621754,10.477
281.819954,10.494
282.01775399999997,10.521
282.215954,10.418000000000001
282.413954,10.425
282.61175399999996,10.388
282.809954,10.26
283.007954,10.419
283.206004,10.4
283.403954,10.343
283.602404,10.275
283.800004,10.441
283.998004,10.408
284.196754,10.344
284.394004,10.427
284.592004,10.293000000000001
284.790004,10.048
284.988004,9.884
285.187754,9.94
285.384054,9.8
285.582004,9.605
285.78020399999997,9.638
285.978054,9.872
286.176204,10.138
286.374004,10.077
286.572004,10.045
286.770204,10.233
286.968054,10.279
287.166204,10.283
287.36425399999996,10.307
287.562254,10.416
287.760204,10.374
287.95820399999997,10.416
288.156204,10.324
288.355954,10.441
288.552054,10.393
288.750254,10.281
288.94825399999996,10.264
289.146254,10.14
289.345854,10.275
289.542254,10.157
289.740254,10.156
289.938254,10.158
290.13640399999997,10.024000000000001
290.334304,9.896
290.53250399999996,9.732
290.730304,9.584
290.928254,9.487
291.12645399999997,9.426
291.325804,9.209
291.52230399999996,9.217
291.720504,8.945
291.918304,8.986
292.116454,8.771
292.315454,8.71
292.710504,8.192
292.91020399999996,7.823
293.10655399999996,7.496
293.304554,8.021
293.502554,8.021
293.700554,8.164
293.898554,8.232
294.096904,8.159
294.294604,8.209
294.492754,8.134
294.690604,8.054
294.888604,7.930000000000001
295.086754,7.643
295.28450399999997,7.253
295.482754,7.524
295.682454,7.783
295.878604,7.929
296.076754,8.025
296.274654,8.183
296.472754,8.379
296.670804,8.402000000000001
296.868604,8.537
297.066754,8.435
297.265804,8.417
297.462804,8.23
297.660804,8.229000000000001
297.85880399999996,8.364
298.056804,8.623
298.254804,8.742
298.452804,8.85
298.650804,8.902000000000001
299.046104,8.948
299.244104,9.079
299.442104,9.242
299.640104,9.421
299.838054,9.205
300.036054,9.351
300.234054,9.351
300.432104,9.383000000000001
300.63010399999996,9.559000000000001
300.828104,9.568
301.026104,9.476
301.224104,9.438
301.422104,9.181000000000001
301.62035399999996,8.628
301.818104,8.703
302.016354,8.758000000000001
302.214354,8.747
302.412154,8.524000000000001
302.610354,8.613
302.808404,8.599
303.006154,8.487
303.204404,8.543000000000001
303.402154,8.718
303.600354,8.646
303.79835399999996,8.58
303.996404,8.318
304.19440399999996,8.494
304.392404,8.36
304.590404,8.273
304.788404,8.24
304.986554,8.257
305.184404,8.299
305.382404,8.253
305.580404,8.127
305.77840399999997,8.119
305.976604,8.031
306.175054,7.962
306.372454,7.924
306.570604,8.073
306.76845399999996,8.087
306.96660399999996,8.294
307.164604,8.105
307.362804,8.061
307.560604,8.028
307.758604,8.069
307.95665399999996,8.012
308.154654,7.821
308.35245399999997,7.955
308.550654,7.784
308.748654,7.7700000000000005
308.94665399999997,7.798
309.146204,7.933
309.342654,7.8500000000000005
309.542254,7.772
309.738654,7.795
309.93690399999997,7.727
310.135854,7.736
310.332904,7.705
310.53065399999997,7.655
310.728654,7.8420000000000005
310.926904,7.609
311.124704,7.492
311.322704,7.332
311.520854,7.055
311.718704,6.8870000000000005
311.916854,6.816
312.116654,6.641
312.312704,6.554
312.512504,6.356
312.708954,6.158
312.906954,5.788
313.10610399999996,5.04
313.302954,4.8020000000000005
313.500954,4.0600000000000005
313.69895399999996,3.878
313.896904,3.7520000000000002
314.094904,3.511
314.29310399999997,3.306
314.492454,3.241
314.68895399999997,3.051
314.88710399999997,3.103
315.085154,2.9170000000000003
315.28315399999997,2.922
315.481004,2.903
315.67900399999996,3.196
315.87715399999996,2.972
316.075004,3.176
316.273154,3.666
316.471154,3.825
316.669154,3.75
316.86715399999997,4.035
317.065354,4.453
317.263204,4.349
317.461204,4.4
317.659204,4.324
317.85720399999997,4.345
318.055204,4.548
318.253354,4.835
318.451154,5.04
318.846454,5.237
319.044454,5.888
319.242454,5.873
319.440454,6.151
319.63845399999997,6.324
319.836804,6.396
320.03450399999997,7.136
320.232504,7.711
320.430504,7.929
320.62850399999996,7.954
320.826704,8.333
321.024504,7.746
321.22250399999996,7.109
321.420704,7.8790000000000004
321.618504,8.59
321.81670399999996,8.623
322.014754,9.28
322.21250399999997,9.635
322.41155399999997,10.031
322.608754,10.512
322.80650399999996,10.555
323.00645399999996,10.325000000000001
323.20275399999997,10.194
323.400754,10.01
323.598754,9.911
323.79675399999996,9.797
323.994804,9.548
324.19325399999997,9.688
324.390804,9.828
324.588804,9.423
324.786954,8.867
324.984804,8.785
325.18445399999996,8.913
325.380804,9.302
325.578804,9.286
325.777004,9.193
325.974804,9.356
326.172804,8.996
326.370954,9.095
326.570454,9.120000000000001
326.767004,9.258000000000001
326.96500399999996,9.281
327.164654,9.442
327.361004,9.642
327.55900399999996,9.712
327.757004,9.695
327.955004,9.671
328.154654,9.765
328.351004,9.826
328.54900399999997,9.848
328.747004,9.775
328.94665399999997,9.847
329.143254,9.839
329.341054,9.848
329.53905399999996,9.976
329.73720399999996,10.052
329.935054,9.951
330.13325399999997,10.095
330.331054,10.089
330.529054,9.989
330.727204,10.05
330.925104,10.051
331.123104,10.091000000000001
331.321304,10.143
331.519054,10.058
331.717204,10.092
331.916854,10.13
332.11310399999996,10.375
332.31125399999996,10.358
332.509104,10.123
332.707354,10.137
332.90525399999996,10.418000000000001
333.10335399999997,10.439
333.301254,10.285
333.499254,10.185
333.697254,9.937
333.89525399999997,9.742
334.093504,9.557
334.29130399999997,9.444
334.489404,9.372
334.68895399999997,9.303
334.88530399999996,8.684000000000001
335.083554,8.091
335.281504,7.803
335.479354,7.7330000000000005
335.67900399999996,8.006
335.87530399999997,7.88
336.073554,7.553
336.271554,7.628
336.46955399999996,7.205
336.667554,7.244
336.865554,7.181
337.063554,7.1000000000000005
337.261554,6.97
337.45955399999997,7.025
337.657554,7.033
337.85560399999997,7.048
338.05355399999996,6.925
338.251604,6.835
338.64685399999996,6.996
338.844854,7.188
339.042854,7.274
339.240854,7.436
339.438854,7.514
339.637904,8.009
339.834854,8.174
340.032854,8.169
340.23110399999996,8.465
340.428904,8.462
340.62690399999997,8.637
340.824904,8.675
341.022904,9.11
341.221154,9.205
341.418904,9.223
341.61715399999997,9.339
341.81510399999996,9.5
342.012904,9.899000000000001
342.21115399999996,10.349
342.409154,10.585
342.607154,10.596
342.80605399999996,10.412
343.002954,10.142
343.201154,10.047
343.399154,10.152000000000001
343.596954,10.493
343.796804,10.461
343.993154,10.375
344.19120399999997,10.332
344.389204,10.424
344.58730399999996,10.496
344.78520399999996,10.495000000000001
344.983204,10.677
345.181354,10.751
345.37920399999996,10.957
345.57735399999996,11.166
345.775204,11.383000000000001
345.973204,11.419
346.171354,11.413
346.369254,11.501
346.567404,11.841000000000001
346.765354,11.856
346.963254,11.995000000000001
347.161404,11.790000000000001
347.359404,11.838000000000001
347.55740399999996,11.631
347.755904,11.68
347.95325399999996,11.869
348.15140399999996,11.659
348.349454,11.707
348.547404,11.345
348.745404,10.96
348.943404,10.883000000000001
349.14140399999997,10.741
349.339454,10.502
349.537604,10.349
349.735454,10.416
349.933704,10.252
350.131604,10.128
350.329454,9.704
350.527604,9.684000000000001
350.727204,9.706
350.923454,9.58
351.12170399999997,9.352
351.319504,8.926
351.517604,8.474
351.716904,7.654
351.913504,7.525
352.111654,8.061
352.309704,8.06
352.507704,8.142
352.70570399999997,7.957
352.903704,7.667
353.101654,7.252
353.299654,7.167
353.497654,7.033
353.697004,6.966
353.893754,6.896
354.091754,6.883
354.28975399999996,6.8260000000000005
354.48790399999996,6.482
354.685704,6.206
354.883904,6.251
355.081904,6.114
355.27980399999996,5.9030000000000005
355.477954,5.5440000000000005
355.67580399999997,5.263
355.87395399999997,5.119
356.071954,4.758
356.26980399999997,4.639
356.46795399999996,4.156
356.66745399999996,3.882
356.863954,3.947
357.062004,3.681
357.260004,3.599
357.457954,3.489
357.656004,3.34
357.853954,3.294
358.249254,3.235
358.64525399999997,2.964
358.843254,3.043
359.041254,2.999
359.23925399999996,2.998
359.437254,2.985
359.635254,3.025
359.833254,2.87
360.031504,2.714
360.22930399999996,2.602
360.427504,2.87
360.625954,2.7800000000000002
360.82325399999996,2.923
361.021504,3.123
361.21930399999997,3.786
361.417504,3.84
361.615504,3.947
361.81330399999996,4.074
362.013104,3.94
362.20955399999997,3.924
362.407304,3.79
362.605554,3.7840000000000003
362.80330399999997,4.289
363.001554,4.508
363.199554,4.463
363.397354,5.009
363.595554,5.23
363.793554,5.621
363.993204,6.006
364.189604,6.45
364.387754,6.982
364.585554,7.273000000000001
364.78360399999997,7.198
364.98175399999997,7.484
365.179604,7.946
365.377754,8.075
365.575604,8.22
365.773604,8.487
365.971754,8.678
366.169604,8.865
366.367754,9.042
366.56575399999997,8.946
366.763654,8.964
366.96345399999996,8.805
367.15975399999996,8.620000000000001
367.357804,8.768
367.55580399999997,8.75
367.753654,8.582
367.952704,8.415000000000001
368.14980399999996,8.518
368.347804,8.941
368.545804,8.385
368.743854,8.403
368.941854,8.095
369.13985399999996,8.272
369.33845399999996,8.554
369.535854,8.608
369.73405399999996,8.605
369.932004,8.53
370.12985399999997,9.088000000000001
370.32820399999997,9.477
370.52590399999997,9.737
370.72385399999996,10.085
370.922104,10.244
371.119854,10.835
371.318004,11.632
371.516004,11.795
371.71410399999996,11.540000000000001
371.912104,11.414
372.110104,11.335
372.30810399999996,11.222
372.506054,11.131
372.70415399999996,10.627
372.90205399999996,10.929
373.100054,11.319
373.298054,11.311
373.49605399999996,11.315
373.69415399999997,11.345
373.892154,11.086
374.090304,11.027000000000001
374.288254,10.938
374.48610399999995,10.790000000000001
374.684154,10.61
374.88215399999996,10.848
375.08030399999996,11.173
375.27930399999997,10.966000000000001
375.47610399999996,11.045
375.674304,10.991
375.872454,10.588000000000001
376.07010399999996,10.345
376.269404,10.195
376.46635399999997,10.066
376.664354,9.966000000000001
376.863904,10.097
377.06035399999996,9.872
377.258354,9.804
377.456354,9.684000000000001
377.654404,9.652000000000001
377.852404,9.363
378.24760399999997,8.759
378.445654,8.855
378.64365399999997,8.629
378.841654,8.361
379.04090399999995,8.438
379.23765399999996,7.611
379.435654,7.105
379.633654,6.626
379.831904,6.472
380.029654,6.416
380.22860399999996,6.997
380.425704,6.9590000000000005
380.624104,6.9270000000000005
380.821954,6.92
381.019704,6.839
381.217904,6.7940000000000005
381.41590399999995,6.907
381.61535399999997,6.888
381.81190399999997,7.596
382.009904,7.84
382.207704,8.007
382.405954,8.053
382.605554,7.9990000000000006
382.802954,8.054
382.999954,7.916
383.199054,7.6690000000000005
383.39595399999996,7.647
383.593954,7.939
383.792104,8.147
383.98995399999995,8.346
384.188104,8.56
384.38600399999996,8.857
384.584004,8.991
384.782154,9.276
384.980004,9.374
385.178154,9.423
385.37600399999997,9.228
385.574004,9.4
385.773754,9.462
385.97000399999996,9.723
386.168204,9.776
386.366204,10.009
386.564054,10.513
386.762204,10.241
386.960154,10.0
387.15820399999996,10.006
387.356204,10.083
387.55420399999997,10.325000000000001
387.752204,10.475
387.950204,10.496
388.14820399999996,10.556000000000001
388.347804,10.408
388.544204,10.024000000000001
388.74220399999996,9.881
388.94170399999996,9.889
389.138354,10.139
389.336204,10.433
389.534454,10.196
389.732404,9.965
389.930254,9.986
390.12850399999996,10.007
390.326254,10.15
390.524254,10.27
390.72250399999996,10.286
390.920254,10.393
391.118404,10.384
391.316404,10.324
391.514704,10.297
391.71250399999997,10.364
391.910504,10.414
392.109554,10.581
392.30650399999996,10.505
392.50465399999996,10.472
392.702454,10.207
392.90045399999997,10.18
393.099454,10.33
393.296454,9.918000000000001
393.49470399999996,10.058
393.692554,10.155
393.890454,10.15
394.088704,10.148
394.286454,10.098
394.48470399999997,9.99
394.682704,9.926
394.880604,9.793000000000001
395.078754,10.072000000000001
395.276504,9.803
395.47475399999996,9.602
395.673904,9.473
395.87060399999996,9.425
396.06875399999996,9.35
396.266754,9.02
396.46475399999997,8.994
396.662754,8.943
396.860754,8.93
397.05875399999996,8.696
397.256754,8.148
397.454954,7.401
397.653554,6.6240000000000006
398.048054,6.08
398.24605399999996,6.2
398.444054,6.26
398.642504,6.41
398.840054,6.45
399.038054,6.5760000000000005
399.23605399999997,6.731
399.434054,7.021
399.632304,7.042
399.830104,6.88
400.028104,6.977
400.226054,7.184
400.42405399999996,6.844
400.622304,6.479
400.82010399999996,6.274
401.018304,6.121
401.217204,6.34
401.414104,6.24
401.613954,6.163
401.81035399999996,6.140000000000001
402.008104,6.401
402.206354,6.134
402.40435399999996,5.6930000000000005
402.603104,5.3180000000000005
402.80035399999997,5.214
402.998154,5.007
403.196354,4.734
403.39435399999996,4.597
403.59275399999996,4.422
403.790354,4.192
403.988504,3.898
404.186354,3.613
404.38440399999996,3.483
404.58255399999996,3.334
404.780404,3.2640000000000002
404.97840399999995,3.064
405.176404,2.809
405.37440399999997,2.5300000000000002
405.57255399999997,2.338
405.770404,1.988
405.96840399999996,1.676
406.16655399999996,1.407
406.364404,0.9500000000000001
406.56260399999996,0.8270000000000001
406.760604,0.398
406.958604,0.417
407.15660399999996,0.559
407.354454,0.62
407.552604,0.8270000000000001
407.750604,0.868
407.948604,0.987
408.14660399999997,1.107
408.344654,1.45
408.54425399999997,1.797
408.740654,1.77
408.938804,2.17
409.138304,2.262
409.33480399999996,2.602
409.532804,2.816
409.73065399999996,3.0580000000000003
409.92880399999996,3.315
410.126654,3.271
410.324654,3.9010000000000002
410.522904,4.051
410.722404,4.174
410.91880399999997,4.25
411.116804,4.68
411.314704,5.015
411.512904,5.377
411.711354,5.348
411.908904,5.9990000000000006
412.106854,6.023
412.305054,6.1240000000000006
412.50285399999996,5.796
412.700854,6.212
412.898854,5.889
413.09860399999997,5.694
413.294854,5.711
413.49465399999997,5.796
413.690904,5.643
413.889104,5.166
414.088554,5.048
414.284904,4.86
414.48310399999997,4.3180000000000005
414.680954,4.519
414.879104,3.979
415.078754,3.701
415.275154,3.652
415.473554,3.489
415.671004,3.438
415.869154,3.253
416.06715399999996,3.0140000000000002
416.265154,2.82
416.46345399999996,2.437
416.66115399999995,2.435
416.859154,2.247
417.05715399999997,2.067
417.257004,1.872
417.45320399999997,1.7910000000000001
417.84840399999996,1.692
418.24445399999996,1.186
418.442454,1.106
418.640454,0.98
418.83845399999996,0.677
419.036454,0.527
419.23445399999997,0.423
419.433004,0.32
419.630454,0.053
419.82845399999997,0.065
420.026704,0.067
420.22450399999997,0.035
420.42270399999995,0.138
420.620504,0.122
420.81875399999996,0.5670000000000001
421.017504,0.357
421.214504,0.323
421.41270399999996,0.606
421.610704,0.615
421.80850399999997,0.595
422.008354,0.645
422.204754,0.614
422.40275399999996,0.855
422.600754,1.119
422.798754,1.415
422.99675399999995,1.6580000000000001
423.194754,2.141
423.39275399999997,2.364
423.592454,2.5060000000000002
423.788954,2.613
423.98675399999996,2.914
424.184804,3.24
424.382954,3.607
424.580804,3.8280000000000003
424.778804,3.975
424.976954,3.919
425.174804,3.956
425.372954,4.0920000000000005
425.57080399999995,4.188
425.769004,4.22
425.967004,4.404
426.166454,4.797
426.363004,4.908
426.560954,5.002
426.759004,5.573
426.957004,5.7540000000000004
427.15500399999996,6.042
427.353004,5.934
427.551004,6.218
427.748854,6.675
428.343004,6.716
428.541054,6.746
428.739554,8.103
428.937054,7.955
429.13530399999996,7.923
429.333304,8.338000000000001
429.531054,8.381
429.729204,8.755
429.928604,9.093
430.125254,9.11
430.323304,8.892
430.521104,8.963000000000001
430.719204,8.958
430.91720399999997,8.895
431.115104,8.952
431.31330399999996,8.734
431.511304,8.652000000000001
431.709254,8.559000000000001
431.90725399999997,8.333
432.105454,8.084
432.303204,7.965
432.501354,7.92
432.69935399999997,7.119
432.897254,7.019
433.095354,6.8580000000000005
433.29335399999997,6.718
433.49125399999997,6.539
433.689504,6.373
433.887254,5.673
434.08550399999996,5.474
434.283504,5.456
434.48135399999995,5.213
434.679554,5.519
434.87740399999996,5.537
435.07555399999995,6.144
435.273554,5.949
435.471404,5.974
435.669554,6.183
435.867554,6.261
436.065604,5.846
436.263554,5.69
436.461554,5.736
436.65955399999996,5.829
436.857554,5.688
437.055754,5.272
437.253554,5.564
437.451554,5.757000000000001
437.846854,6.16
438.044854,6.4110000000000005
438.24285399999997,6.775
438.440854,6.698
438.638854,6.666
438.83705399999997,7.029
439.034854,7.252
439.23310399999997,7.361
439.430904,7.48
439.628904,7.734
439.82710399999996,7.702
440.024854,7.603
440.223104,7.963
440.420904,8.222
440.618904,8.088000000000001
440.817104,8.401
441.016554,8.705
441.213154,9.13
441.41115399999995,9.486
441.608904,9.643
441.80715399999997,9.805
442.005154,10.021
442.203154,10.001
442.40115399999996,9.982000000000001
442.599154,9.889
442.797154,9.97
442.995204,9.85
443.193204,10.129
443.391154,10.097
443.58930399999997,10.106
443.787154,10.075000000000001
443.98520399999995,9.941
444.18335399999995,9.986
444.38120399999997,9.903
444.579204,9.52
444.777354,9.087
444.97520399999996,8.867
445.17335399999996,8.658
445.371204,8.457
445.56920399999996,8.324
445.767404,8.27
445.96520399999997,8.438
446.16340399999996,8.254
446.361404,8.329
446.559404,8.126
446.757404,8.275
446.955404,7.92
447.15340399999997,7.5280000000000005
447.351404,7.164000000000001
447.549554,7.140000000000001
447.74740399999996,6.551
447.945454,6.174
448.14345399999996,6.1850000000000005
448.341454,6.016
448.539604,5.867
448.73905399999995,5.87
448.935454,5.7620000000000005
449.133604,5.6240000000000006
449.33140399999996,5.285
449.529604,5.659
449.729354,5.349
449.925504,5.49
450.123704,5.515
450.32145399999996,5.678
450.51960399999996,5.527
450.717604,5.376
450.915504,5.602
451.113704,5.893
451.311654,6.072
451.50965399999995,6.393
451.707604,6.862
451.90565399999997,6.987
452.103654,7.186
452.30175399999996,7.323
452.49990399999996,7.857
452.697754,7.892
452.89575399999995,7.941
453.093754,8.024000000000001
453.291704,7.888
453.48990399999997,7.149
453.687704,7.597
453.885704,7.856
454.08390399999996,7.968
454.281754,8.206
454.479904,8.841
454.67790399999996,8.685
454.875904,8.514
455.07395399999996,8.265
455.271754,8.143
455.469954,8.321
455.66795399999995,8.322000000000001
455.86580399999997,8.406
456.06395399999997,8.472
456.261954,8.71
456.459954,8.853
456.658054,9.065
456.856004,8.472
457.84525399999995,8.565
458.044454,8.651
458.24125399999997,8.71
458.439254,8.972
458.637254,9.187
458.83525399999996,9.266
459.627504,9.301
461.01350399999995,8.66
461.211504,8.516
461.40930399999996,8.687
461.607554,8.335
461.805554,8.437
462.00355399999995,8.488
462.201554,8.342
462.39955399999997,8.419
462.597554,8.657
462.795554,8.719
462.993604,8.658
463.191554,8.526
463.39025399999997,8.065
463.587604,8.092
463.785604,7.885
463.983754,7.597
464.181604,7.106
464.38100399999996,6.47
464.57775399999997,6.506
464.775604,6.799
464.973754,7.167
465.17180399999995,6.963
465.36965399999997,7.006
465.56780399999997,6.976
465.765654,7.097
465.963804,7.049
466.161754,7.015000000000001
466.36110399999995,6.9910000000000005
466.557804,7.146
466.75580399999996,6.926
466.953804,6.831
467.15180399999997,6.41
467.349804,6.336
467.547804,6.083
467.747454,5.75
467.943804,4.939
468.14185399999997,4.146
468.339854,4.1690000000000005
468.537854,4.102
468.736804,4.079
468.934104,3.935
469.133454,3.806
469.330104,3.721
469.529654,3.657
469.72585399999997,3.338
469.92400399999997,2.942
470.122104,2.7720000000000002
470.31990399999995,2.6630000000000003
470.519454,2.697
470.71590399999997,2.811
470.91410399999995,2.873
471.112104,3.439
471.310054,3.585
471.508104,3.696
471.70600399999995,3.5820000000000003
471.904154,3.958
472.103754,4.038
472.300304,4.612
472.49810399999996,4.527
472.696104,5.277
472.89415399999996,5.111
473.09205399999996,4.827
473.290304,4.956
473.488054,5.323
473.686104,5.676
473.884304,6.033
474.083754,6.516
474.280304,7.039000000000001
474.47835399999997,7.189
474.676354,7.4270000000000005
474.874354,7.586
475.072204,7.734
475.270354,8.025
475.468354,8.235
475.666204,8.264
475.864404,8.092
476.06235399999997,8.174
476.260404,8.181000000000001
476.458354,8.05
476.65635399999996,7.947
476.854354,7.8500000000000005
477.24965399999996,7.53
477.447654,7.73
477.64730399999996,7.6530000000000005
477.84365399999996,7.219
478.041654,7.205
478.239654,6.998
478.437704,6.891
478.635704,6.843
478.83390399999996,6.798
479.031704,6.817
479.22970399999997,6.526
479.42790399999996,6.452
479.625704,6.301
479.82390399999997,6.11
480.021904,5.9670000000000005
480.219704,5.612
480.41795399999995,5.348
480.615704,5.1930000000000005
480.81395399999997,4.779
481.011954,4.461
481.209954,4.228
481.40795399999996,3.86
481.607554,3.472
481.803954,3.331
482.00195399999996,3.071
482.20010399999995,2.866
482.39800399999996,2.637
482.596004,2.349
482.794004,1.942
482.99195399999996,1.891
483.19015399999995,1.723
483.38800399999997,1.754
483.586004,1.681
483.784154,1.46
483.98200399999996,1.252
484.18015399999996,1.187
484.378154,1.074
484.57600399999995,0.876
484.77415399999995,0.772
484.972154,0.801
485.17015399999997,0.602
485.368204,0.669
485.56605399999995,0.427
485.76420399999995,0.425
485.962204,0.609
486.16020399999996,0.397
486.358204,0.26
486.556204,0.312
486.75420399999996,0.34700000000000003
486.952204,0.326
487.150354,0.219
487.348254,0.181
487.546254,0.265
487.744504,0.279
487.942254,0.298
488.140404,0.3
488.339004,0.28200000000000003
488.536204,0.294
488.734404,0.062
488.932254,0.025
489.13035399999995,0.127
489.32940399999995,0.156
489.526304,0.193
489.72450399999997,0.279
489.922504,0.276
490.12040399999995,0.267
490.31850399999996,0.29
490.516304,0.401
490.71455399999996,0.37
490.912554,0.273
491.110454,0.249
491.309154,0.15
491.50645399999996,0.094
491.704554,0.037
491.90255399999995,0.095
492.10070399999995,0.101
492.298504,0.14100000000000001
492.49650399999996,0.097
492.694704,0.029
492.892604,0.058
493.090754,0.033
493.288504,0.026000000000000002
493.48650399999997,0.095
493.68470399999995,0.029
493.88260399999996,0.11900000000000001
494.08070399999997,0.081
494.278754,0.121
494.476504,0.154
494.676354,0.199
494.872754,0.248
495.07075399999997,0.189
495.268754,0.084
495.466504,0.245
495.664804,0.167
495.862754,0.186
496.060754,0.304
496.258804,0.274
496.456804,0.23900000000000002
496.65480399999996,0.16
496.852804,0.14300000000000002
497.24805399999997,0.151
497.446054,0.08600000000000001
497.644304,0.038
497.84205399999996,0.11
498.040054,0.084
498.238054,0.126
498.43605399999996,0.214
498.634054,0.107
498.83210399999996,0.14400000000000002
499.030104,0.018000000000000002
499.228304,0.057
499.42610399999995,0.109
499.624104,0.088
499.82235399999996,0.107
500.020104,0.14200000000000002
500.218304,0.154
500.41610399999996,0.171
500.614354,0.068
500.81395399999997,0.083
501.010154,0.026000000000000002
501.208354,0.058
501.40635399999996,0.092
501.604154,0.053
501.802354,0.074
502.00035399999996,0.09
502.198404,0.053
502.396354,0.078
502.594404,0.055
502.792404,0.036000000000000004
502.99040399999996,0.085
503.188404,0.025
503.38640399999997,0.10200000000000001
503.58455399999997,0.083
503.782404,0.075
503.98040399999996,0.047
504.17855399999996,0.098
504.376404,0.126
504.57460399999997,0.049
504.772604,0.033
504.970604,0.005
505.16860399999996,0.033
505.36830399999997,0.016
505.564604,0.116
505.76255399999997,0.121
505.96045399999997,0.088
506.15865399999996,0.068
506.356654,0.054
506.55465399999997,0.032
506.75260399999996,0.051000000000000004
506.950604,0.07200000000000001
507.14865399999996,0.023
507.346654,0.089
507.544904,0.128
507.743254,0.189
507.940654,0.20400000000000001
508.138654,0.194
508.33665399999995,0.084
508.534904,0.047
508.73265399999997,0.008
508.93080399999997,0.011
509.128854,0.041
509.32670399999995,0.07200000000000001
509.524904,0.084
509.723504,0.09
509.920704,0.017
510.118854,0.07
510.316854,0.014
510.514904,0.073
510.712904,0.075
510.91070399999995,0.07100000000000001
511.10885399999995,0.046
511.306854,0.028
511.50490399999995,0.06
511.702954,0.08
511.901104,0.079
512.0989539999999,0.11
512.2969039999999,0.109
512.495104,0.061
512.693004,0.13
512.891004,0.111
513.0890039999999,0.041
513.288654,0.11900000000000001
513.485154,0.155
513.682904,0.024
513.881004,0.066
514.079154,0.054
514.278504,0.12
514.475154,0.077
514.673154,0.042
514.8725539999999,0.115
515.069154,0.066
515.267204,0.163
515.465204,0.076
515.663204,0.135
515.8612039999999,0.062
516.059204,0.054
516.257204,0.038
516.455204,0.11
516.850454,0.04
517.246454,0.112
517.444704,0.125
517.6424539999999,0.156
517.840504,0.043000000000000003
518.0387539999999,0.13
518.236504,0.054
518.434504,0.105
518.6325039999999,0.08
518.830454,0.008
519.030454,0.024
519.226504,0.054
519.425154,0.098
519.622754,0.065
519.820504,0.099
520.020454,0.152
520.216504,0.036000000000000004
520.414754,0.069
520.612754,0.024
520.8105039999999,0.05
521.008754,0.048
521.206954,0.038
521.404554,0.068
521.602904,0.069
521.800804,0.061
521.998804,0.063
522.1968039999999,0.047
522.394804,0.03
522.5944539999999,0.081
522.790804,0.07
522.988804,0.044
523.1868539999999,0.064
523.385004,0.081
523.582804,0.116
523.780804,0.07200000000000001
523.9789539999999,0.051000000000000004
524.177604,0.048
524.3748039999999,0.046
524.574654,0.1
524.770854,0.112
524.9690039999999,0.05
525.167004,0.038
525.3648539999999,0.021
525.563004,0.123
525.760854,0.05
525.9590039999999,0.026000000000000002
526.157004,0.035
526.355054,0.106
526.553004,0.074
526.751054,0.098
526.9490539999999,0.04
527.147054,0.029
527.3453039999999,0.097
527.544754,0.088
527.7412039999999,0.10300000000000001
527.939204,0.083
528.137104,0.156
528.335304,0.059000000000000004
528.533104,0.115
528.7312539999999,0.091
528.929254,0.067
529.127104,0.052000000000000005
529.325304,0.114
529.523204,0.048
529.721104,0.048
529.9192039999999,0.016
530.118754,0.081
530.315354,0.10300000000000001
530.515104,0.011
530.711104,0.08700000000000001
530.909254,0.006
531.1075539999999,0.064
531.305354,0.079
531.503354,0.117
531.701504,0.108
531.899404,0.1
532.098654,0.122
532.2955539999999,0.064
532.494254,0.047
532.6914039999999,0.02
532.889554,0.084
533.088504,0.099
533.2855539999999,0.032
533.483404,0.063
533.6813539999999,0.068
533.879554,0.084
534.077354,0.129
534.2755539999999,0.05
534.4735539999999,0.034
534.671554,0.062
534.869554,0.034
535.067554,0.073
535.2656039999999,0.056
535.463604,0.081
535.6614539999999,0.1
535.859604,0.121
536.0577539999999,0.096
536.255604,0.063
536.4536039999999,0.14
536.848904,0.132
537.0469039999999,0.051000000000000004
537.245104,0.053
537.442854,0.026000000000000002
537.640904,0.069
537.839104,0.011
538.0369039999999,0.057
538.235104,0.10200000000000001
538.432904,0.111
538.630904,0.107
538.829154,0.117
539.026904,0.158
539.225154,0.116
539.423154,0.07200000000000001
539.620904,0.14
539.820604,0.25
540.017154,0.391
540.215154,0.448
540.413204,0.505
540.610954,0.494
540.8091539999999,0.509
541.007154,0.49
541.205154,0.428
541.403204,0.367
541.6012039999999,0.38
541.799204,0.315
541.997204,0.241
542.197004,0.139
542.393204,0.145
542.591204,0.263
542.7892039999999,0.28800000000000003
542.987204,0.326
543.185354,0.28300000000000003
543.383204,0.091
543.581254,0.065
543.779354,0.031
543.977254,0.063
544.175404,0.066
544.3734039999999,0.019
544.571254,0.015
544.769404,0.066
544.969104,0.085
545.165454,0.165
545.364054,0.107
545.561304,0.134
545.759454,0.051000000000000004
545.957454,0.078
546.155454,0.03
546.353404,0.027
546.5514539999999,0.091
546.749454,0.057
546.947454,0.028
547.1474539999999,0.054
547.3435039999999,0.098
547.5414539999999,0.091
547.739604,0.037
547.937454,0.07
548.1357039999999,0.052000000000000005
548.333454,0.047
548.5315039999999,0.136
548.731304,0.061
548.927504,0.132
549.125754,0.058
549.3236039999999,0.101
549.5215039999999,0.14100000000000001
549.719654,0.036000000000000004
549.917654,0.059000000000000004
550.1157539999999,0.074
550.314854,0.05
550.5115539999999,0.037
550.709654,0.062
550.907654,0.029
551.1057539999999,0.056
551.3037039999999,0.063
551.501904,0.155
551.699704,0.075
551.897704,0.056
552.095904,0.021
552.293804,0.012
552.491804,0.06
552.689954,0.056
552.889454,0.054
553.085954,0.07200000000000001
553.2838039999999,0.055
553.481804,0.074
553.679954,0.052000000000000005
553.877754,0.089
554.076004,0.01
554.274004,0.041
554.472004,0.059000000000000004
554.670004,0.083
554.868654,0.037
555.066004,0.063
555.264004,0.128
555.462004,0.078
555.660004,0.062
555.8589039999999,0.067
556.056054,0.096
556.255354,0.052000000000000005
556.6492539999999,0.041
556.847304,0.065
557.045304,0.04
557.243304,0.019
557.441304,0.075
557.639554,0.093
557.838154,0.105
558.035304,0.181
558.235054,0.14
558.431304,0.047
558.6293039999999,0.052000000000000005
558.827354,0.062
559.025354,0.07100000000000001
559.2235539999999,0.032
559.421354,0.024
559.619554,0.082
559.818504,0.11800000000000001
560.015354,0.057
560.2135539999999,0.044
560.411354,0.004
560.609554,0.065
560.807604,0.055
561.005354,0.05
561.2036039999999,0.115
561.401604,0.024
561.599604,0.032
561.797604,0.017
561.995604,0.049
562.1950039999999,0.012
562.391654,0.029
562.589804,0.042
562.787654,0.13
562.985804,0.11900000000000001
563.183804,0.099
563.381654,0.088
563.579804,0.027
563.777654,0.074
563.975654,0.096
564.175304,0.092
564.3716539999999,0.08
564.569804,0.081
564.767804,0.109
564.965654,0.081
565.165454,0.041
565.361804,0.07100000000000001
565.561454,0.025
565.757804,0.091
565.9558539999999,0.063
566.153854,0.026000000000000002
566.351854,0.037
566.549854,0.004
566.747854,0.006
566.946154,0.043000000000000003
567.1438539999999,0.125
567.341904,0.048
567.540004,0.044
567.737904,0.054
567.9359039999999,0.107
568.133904,0.026000000000000002
568.331904,0.083
568.531704,0.014
568.7280539999999,0.096
568.926054,0.019
569.124004,0.097
569.321904,0.10300000000000001
569.520054,0.031
569.7181039999999,0.022
569.915904,0.034
570.114154,0.063
570.311954,0.029
570.510054,0.073
570.708054,0.023
570.906204,0.023
571.104104,0.09
571.3023539999999,0.074
571.5002039999999,0.114
571.6986039999999,0.078
571.896354,0.098
572.094204,0.07100000000000001
572.292104,0.03
572.490354,0.027
572.6881539999999,0.025
572.886404,0.043000000000000003
573.084404,0.035
573.282254,0.025
573.4803539999999,0.09
573.678754,0.085
573.876354,0.059000000000000004
574.074354,0.051000000000000004
574.2724039999999,0.1
574.4703539999999,0.066
574.668404,0.053
574.866404,0.07100000000000001
575.064404,0.084
575.262404,0.117
575.462104,0.088
575.658404,0.088
575.856404,0.12
576.251704,0.024
576.449704,0.081
576.647654,0.08
576.845704,0.056
577.0437039999999,0.109
577.241704,0.055
577.439904,0.062
577.6388539999999,0.013000000000000001
577.835704,0.032
578.033704,0.08
578.2317039999999,0.033
578.429704,0.023
578.628804,0.1
578.825754,0.033
579.023954,0.063
579.2217539999999,0.062
579.419754,0.053
579.618354,0.024
579.815754,0.092
580.014004,0.041
580.212004,0.062
580.409954,0.024
580.607954,0.069
580.805804,0.012
581.004004,0.046
581.202004,0.01
581.401304,0.052000000000000005
581.598004,0.031
581.7960039999999,0.002
581.995654,0.035
582.192004,0.041
582.3902039999999,0.034
582.5880539999999,0.038
582.786204,0.012
582.984204,0.04
583.182054,0.045
583.3802039999999,0.055
583.578054,0.057
583.7760539999999,0.073
583.975504,0.025
584.172054,0.036000000000000004
584.371804,0.07200000000000001
584.5682039999999,0.052000000000000005
584.7661039999999,0.085
584.964254,0.091
585.162254,0.029
585.3602539999999,0.03
585.5582539999999,0.015
585.756254,0.026000000000000002
585.955954,0.061
586.152254,0.026000000000000002
586.350254,0.025
586.548304,0.055
586.746304,0.07100000000000001
586.9459039999999,0.046
587.142254,0.014
587.340504,0.023
587.5383039999999,0.059000000000000004
587.736554,0.053
587.9345539999999,0.019
588.132304,0.03
588.330554,0.041
588.5283039999999,0.044
588.726554,0.055
588.924454,0.039
589.122304,0.059000000000000004
589.3204539999999,0.07100000000000001
589.518454,0.013000000000000001
589.716354,0.064
589.9150539999999,0.084
590.112504,0.013000000000000001
590.3105039999999,0.079
590.508504,0.061
590.7067539999999,0.063
590.904604,0.084
591.1026039999999,0.095
591.300604,0.084
591.498604,0.027
591.6967539999999,0.046
591.894554,0.069
592.092754,0.044
592.290754,0.083
592.488604,0.024
592.686754,0.048
592.8847539999999,0.059000000000000004
593.082754,0.022
593.280754,0.036000000000000004
593.4785539999999,0.023
593.676804,0.036000000000000004
593.876354,0.049
594.072804,0.078
594.2724539999999,0.08
594.468804,0.077
594.666804,0.07100000000000001
594.866304,0.02
595.062954,0.047
595.262104,0.014
595.458804,0.049
595.657004,0.037
595.856504,0.007
596.251704,0.034
596.448104,0.032
596.6461039999999,0.085
596.844104,0.085
597.042104,0.05
597.240354,0.10200000000000001
597.438104,0.052000000000000005
597.6361539999999,0.07
597.834354,0.017
598.032154,0.065
598.2303539999999,0.076
598.428154,0.02
598.6261539999999,0.093
598.824354,0.07100000000000001
599.022154,0.024
599.2203539999999,0.061
599.418504,0.079
599.6161539999999,0.088
599.814404,0.03
600.0133539999999,0.047
600.2104039999999,0.056
600.408404,0.056
600.606154,0.018000000000000002
600.804404,0.069
601.002404,0.044
601.2004039999999,0.021
601.398904,0.07200000000000001
601.596454,0.139
601.794454,0.047
601.992454,0.01
602.190604,0.057
602.388454,0.033
602.587804,0.004
602.784604,0.005
602.982454,0.06
603.180654,0.058
603.3784539999999,0.003
603.576504,0.043000000000000003
603.7746539999999,0.09
603.972454,0.136
604.170654,0.07200000000000001
604.368604,0.098
604.5682039999999,0.08
604.764654,0.081
604.9626539999999,0.131
605.160704,0.096
605.358654,0.015
605.5569039999999,0.092
605.754654,0.20600000000000002
605.9526539999999,0.113
606.1506539999999,0.063
606.348704,0.065
606.546704,0.016
606.744704,0.039
606.9427039999999,0.018000000000000002
607.140854,0.121
607.338704,0.215
607.538404,0.169
607.7348539999999,0.04
607.932704,0.058
608.1324539999999,0.068
608.328754,0.095
608.528654,0.036000000000000004
608.725004,0.042
608.9227539999999,0.083
609.120904,0.116
609.318954,0.064
609.516754,0.058
609.715004,0.077
609.912904,0.056
610.110904,0.02
610.308904,0.127
610.507754,0.093
610.7050039999999,0.031
610.903004,0.053
611.100904,0.112
611.298904,0.005
611.498754,0.029
611.695054,0.045
611.893054,0.039
612.091204,0.043000000000000003
612.288954,0.163
612.487204,0.11800000000000001
612.685204,0.026000000000000002
612.883054,0.06
613.081204,0.137
613.2792039999999,0.081
613.477204,0.05
613.675254,0.1
613.873104,0.01
614.071204,0.034
614.2692539999999,0.043000000000000003
614.4672039999999,0.048
614.665204,0.056
614.863204,0.07100000000000001
615.061254,0.041
615.259204,0.037
615.4572539999999,0.068
615.852504,0.099
616.0505039999999,0.034
616.248504,0.073
616.446554,0.064
616.644554,0.039
616.842554,0.073
617.040754,0.079
617.238554,0.07100000000000001
617.436554,0.125
617.6347539999999,0.058
617.832554,0.067
618.0305539999999,0.033
618.228754,0.038
618.426554,0.054
618.6248039999999,0.031
618.822554,0.031
619.020554,0.063
619.218804,0.105
619.4182539999999,0.099
619.6148039999999,0.11900000000000001
619.812804,0.07200000000000001
620.010804,0.077
620.208804,0.078
620.406804,0.043000000000000003
620.6048539999999,0.041
620.802854,0.038
621.000604,0.084
621.198804,0.048
621.396854,0.02
621.5948539999999,0.122
621.7928539999999,0.048
621.990854,0.094
622.188854,0.081
622.386854,0.127
622.585004,0.06
622.7828539999999,0.039
622.981004,0.056
623.179054,0.064
623.376904,0.037
623.575054,0.091
623.7729039999999,0.123
623.970904,0.028
624.169754,0.063
624.366904,0.14300000000000002
624.5650539999999,0.028
624.763054,0.044
624.960904,0.019
625.159354,0.033
625.3571039999999,0.036000000000000004
625.555104,0.025
625.753104,0.064
625.951204,0.029
626.1492039999999,0.018000000000000002
626.347104,0.045
626.5451039999999,0.045
626.743754,0.037
626.941154,0.065
627.139154,0.116
627.3371539999999,0.092
627.535354,0.029
627.733104,0.067
627.931254,0.07
628.1293539999999,0.035
628.327354,0.049
628.525354,0.076
628.723154,0.045
628.921304,0.038
629.1193039999999,0.068
629.317404,0.053
629.515304,0.043000000000000003
629.713304,0.026000000000000002
629.911404,0.099
630.109304,0.146
630.3073039999999,0.036000000000000004
630.505404,0.07200000000000001
630.703404,0.055
630.901604,0.036000000000000004
631.099354,0.023
631.297604,0.04
631.495454,0.037
631.694454,0.19
631.8916039999999,0.039
632.089354,0.063
632.289304,0.007
632.485604,0.04
632.683404,0.07100000000000001
632.8816039999999,0.009000000000000001
633.079604,0.061
633.278154,0.073
633.475604,0.079
633.673504,0.064
633.872654,0.112
634.069654,0.073
634.268304,0.09
634.465654,0.042
634.663654,0.038
634.8616539999999,0.041
635.059654,0.075
635.257654,0.106
635.6529039999999,0.082
636.048904,0.132
636.246904,0.10300000000000001
636.4449539999999,0.004
636.6429539999999,0.004
636.841154,0.036000000000000004
637.038954,0.028
637.236954,0.116
637.435204,0.047
637.634604,0.043000000000000003
637.830954,0.027
638.029154,0.07100000000000001
638.226954,0.046
638.424954,0.10400000000000001
638.6248039999999,0.10200000000000001
638.821004,0.132
639.019204,0.051000000000000004
639.218304,0.17500000000000002
639.415204,0.023
639.613204,0.065
639.811204,0.05
640.009204,0.036000000000000004
640.2076539999999,0.074
640.405254,0.068
640.603254,0.085
640.801254,0.049
640.999254,0.04
641.1972539999999,0.12
641.395254,0.046
641.593254,0.028
641.792954,0.016
641.989254,0.041
642.1873039999999,0.065
642.385454,0.091
642.583304,0.044
642.7814539999999,0.062
642.9794539999999,0.015
643.1773039999999,0.049
643.375454,0.041
643.573454,0.025
643.771304,0.109
643.9694539999999,0.037
644.1673539999999,0.08
644.365504,0.041
644.563504,0.107
644.761454,0.046
644.9594539999999,0.056
645.157504,0.017
645.355504,0.068
645.553504,0.051000000000000004
645.7516539999999,0.013000000000000001
645.9495039999999,0.029
646.147504,0.037
646.345504,0.042
646.543504,0.041
646.7416539999999,0.085
646.9395039999999,0.042
647.137754,0.07
647.335754,0.07
647.533554,0.017
647.731554,0.074
647.929704,0.027
648.127804,0.03
648.325704,0.037
648.523704,0.054
648.7217039999999,0.042
648.919804,0.083
649.118254,0.056
649.315804,0.023
649.515454,0.046
649.711604,0.055
649.909754,0.10300000000000001
650.107954,0.047
650.307604,0.066
650.503804,0.042
650.701954,0.13
650.8997539999999,0.02
651.098004,0.08
651.297254,0.019
651.493754,0.057
651.692004,0.024
651.890554,0.041
652.088004,0.017
652.287704,0.046
652.483854,0.067
652.682004,0.035
652.880004,0.023
653.078054,0.068
653.2760539999999,0.065
653.474054,0.046
653.672054,0.079
653.870054,0.045
654.068054,0.007
654.2660539999999,0.034
654.4640539999999,0.078
654.662104,0.042
654.860104,0.038
655.255354,0.04
655.651354,0.077
655.849354,0.097
656.0477539999999,0.008
656.245354,0.069
656.443354,0.067
656.641354,0.05
656.839354,0.078
657.037654,0.042
657.235604,0.033
657.433404,0.039
657.631404,0.053
657.829604,0.128
658.0274039999999,0.048
658.225604,0.07
658.423604,0.07100000000000001
658.621404,0.014
658.819604,0.09
659.0174039999999,0.034
659.215654,0.039
659.413654,0.032
659.611404,0.05
659.809654,0.05
660.0079539999999,0.025
660.205654,0.131
660.403654,0.08700000000000001
660.6016539999999,0.098
660.7996539999999,0.009000000000000001
660.997654,0.046
661.1958539999999,0.053
661.393704,0.078
661.591654,0.024
661.791304,0.048
661.987704,0.017
662.185854,0.019
662.383704,0.08700000000000001
662.581854,0.066
662.7810539999999,0.056
662.977704,0.059000000000000004
663.175854,0.064
663.3738539999999,0.052000000000000005
663.571704,0.062
663.770004,0.088
663.967754,0.067
664.165904,0.10300000000000001
664.3639039999999,0.031
664.561754,0.045
664.759904,0.094
664.957904,0.108
665.155904,0.029
665.3539039999999,0.065
665.552054,0.139
665.749954,0.02
665.947954,0.327
666.146154,0.642
666.3439539999999,1.045
666.5419539999999,1.514
666.739954,2.153
666.937954,2.559
667.1361539999999,2.782
667.333954,3.0460000000000003
667.532104,3.265
667.730104,3.491
667.928404,3.787
668.1262039999999,4.18
668.324204,4.251
668.522204,4.158
668.720204,4.195
668.918504,4.357
669.1162039999999,4.591
669.314204,4.71
669.5120039999999,4.868
669.710254,5.045
669.9082539999999,5.071
670.1062539999999,5.123
670.3041539999999,5.163
670.502254,5.272
670.700154,5.3870000000000005
670.8983039999999,5.37
671.096404,5.538
671.2942039999999,5.7700000000000005
671.492454,5.767
671.690204,5.707
671.888204,5.61
672.086454,5.659
672.284304,5.738
672.482654,5.67
672.6804539999999,5.384
672.878304,5.369
673.077604,5.405
673.274454,5.2090000000000005
673.472904,5.202
673.670454,4.972
673.868604,5.168
674.066454,4.92
674.264454,4.747
674.462504,5.017
674.662154,5.008
674.8584539999999,4.9350000000000005
675.253754,5.063
675.4517539999999,5.063
675.6497539999999,5.059
675.847754,5.189
676.045754,5.214
676.243754,5.337
676.441754,5.4110000000000005
676.6397539999999,5.477
676.837754,5.446
677.0360039999999,5.561
677.233804,5.524
677.4319039999999,5.857
677.630004,5.953
677.827804,6.335
678.026854,6.3260000000000005
678.224054,6.0
678.422954,6.258
678.620054,6.348
678.818004,6.566
679.0174539999999,6.681
679.2140539999999,7.223
679.411854,8.241
679.610054,7.812
679.808054,7.682
680.0070039999999,8.034
680.2040539999999,8.277000000000001
680.402054,8.563
680.600054,8.719
680.798054,8.955
680.996104,9.136000000000001
681.1946039999999,9.353
681.392104,9.423
681.590254,9.529
681.7883539999999,9.835
681.9862539999999,9.956
682.1841039999999,9.924
682.3821039999999,9.925
682.580304,10.25
682.778104,10.272
682.9763039999999,10.241
683.174254,10.101
683.372804,10.024000000000001
683.570304,9.915000000000001
683.768304,10.077
683.968004,10.072000000000001
684.164304,9.994
684.3621539999999,9.848
684.560304,9.572000000000001
684.7583539999999,9.588000000000001
684.956204,9.566
685.154304,9.581
685.352354,9.408
685.550354,9.33
685.748354,9.209
685.946604,9.01
686.1443039999999,8.854000000000001
686.342404,8.868
686.5419039999999,8.718
686.738354,8.379
686.936604,8.153
687.1343539999999,8.152000000000001
687.332354,8.036
687.5310039999999,7.84
687.728354,7.48
687.926654,7.426
688.126354,7.36
688.322554,7.016
688.520554,6.8180000000000005
688.7185539999999,6.727
688.916654,6.497
689.114654,6.196
689.312404,6.099
689.510554,5.973
689.708654,5.877
689.906704,5.777
690.104704,5.604
690.302654,5.371
690.500604,5.215
690.6986039999999,5.112
690.896804,4.809
691.094604,4.479
691.2928039999999,4.2700000000000005
691.492004,4.198
691.6887039999999,3.979
691.886854,3.726
692.084704,3.505
692.282704,3.305
692.480854,3.133
692.678604,2.984
692.878604,2.699
693.074904,2.543
693.273254,2.444
693.470904,2.114
693.668904,1.926
693.866904,1.733
694.064904,1.465
694.263054,1.211
694.4609039999999,1.026
694.658904,0.77
695.0541539999999,0.462
695.252154,0.31
695.450154,0.228
695.648204,0.025
695.846154,0.027
696.0442039999999,0.038
696.242204,0.047
696.440204,0.067
696.638204,0.113
696.836204,0.15
697.0342039999999,0.184
697.232204,0.139
697.430404,0.107
697.628204,0.17400000000000002
697.826254,0.184
698.024454,0.193
698.222254,0.195
698.420454,0.211
698.619154,0.025
698.816454,0.112
699.014454,0.036000000000000004
699.2122539999999,0.004
699.410454,0.051000000000000004
699.610154,0.162
699.806504,0.051000000000000004
700.004504,0.05
700.202504,0.017
700.400504,0.152
700.5985039999999,0.021
700.7965039999999,0.028
700.996104,0.06
701.192554,0.073
701.3907039999999,0.036000000000000004
701.588504,0.092
701.786554,0.07100000000000001
701.984554,0.066
702.182554,0.016
702.3807039999999,0.023
702.578504,0.058
702.776704,0.10400000000000001
702.974704,0.10200000000000001
703.172554,0.057
703.371054,0.08600000000000001
703.568754,0.068
703.7665539999999,0.20600000000000002
703.964704,0.138
704.162954,0.076
704.3607539999999,0.122
704.5587039999999,0.078
704.7566039999999,0.066
704.954754,0.033
705.152754,0.053
705.3507539999999,0.03
705.5487539999999,0.078
705.748654,0.036000000000000004
705.944754,0.049
706.142804,0.044
706.340904,0.016
706.5388039999999,0.058
706.736804,0.027
706.934804,0.021
707.133054,0.061
707.330954,0.10200000000000001
707.5288039999999,0.005
707.727054,0.04
707.924954,0.062
708.1229539999999,0.044
708.321054,0.016
708.519054,0.047
708.718754,0.062
708.915004,0.055
709.1130039999999,0.033
709.3109539999999,0.047
709.509054,0.057
709.707604,0.026000000000000002
709.9051039999999,0.097
710.1048539999999,0.04
710.3010039999999,0.052000000000000005
710.499004,0.025
710.6972539999999,0.059000000000000004
710.895004,0.084
711.0949539999999,0.082
711.291254,0.038
711.490654,0.064
711.6872539999999,0.115
711.8852539999999,0.121
712.0850039999999,0.129
712.281304,0.212
712.4803039999999,0.353
712.6773039999999,0.327
712.8752539999999,0.451
713.074904,0.673
713.271304,0.748
713.469304,0.74
713.667304,1.087
713.8653039999999,1.435
714.0636539999999,1.635
714.261304,1.809
714.459304,2.274
714.854604,2.701
715.052604,3.043
715.250604,3.4450000000000003
715.4486039999999,3.5540000000000003
715.6466039999999,3.706
715.844604,3.72
716.042604,4.027
716.2408039999999,4.306
716.4386039999999,4.527
716.636654,4.554
716.834854,4.9110000000000005
717.032604,5.2330000000000005
717.230854,5.554
717.4286539999999,5.699
717.6266539999999,5.962
717.824854,6.106
718.022654,6.3180000000000005
718.2208539999999,6.4350000000000005
718.418904,6.478
718.6166539999999,6.591
718.814904,6.546
719.0129039999999,6.605
719.2109039999999,6.697
719.408904,6.92
719.606904,6.799
719.806254,6.91
720.002904,6.727
720.2009039999999,6.74
720.398904,6.945
720.596904,7.063
720.794904,7.454
720.9929539999999,7.4030000000000005
721.192654,7.759
721.388954,7.808
721.586954,7.868
721.7851039999999,8.082
721.982954,8.475
722.181104,8.585
722.378954,8.815
722.577104,9.0
722.7751039999999,9.115
722.972954,9.389
723.171154,9.283
723.369154,9.538
723.567004,9.636000000000001
723.7651539999999,9.748
723.9631539999999,9.834
724.161154,9.979000000000001
724.359154,10.108
724.557154,10.083
724.755154,10.243
724.9531539999999,10.298
725.151204,10.223
725.349204,10.386000000000001
725.5474039999999,10.65
725.745204,10.688
725.943554,10.803
726.141354,10.784
726.339204,11.019
726.537204,11.179
726.7353539999999,11.126
726.9332539999999,11.24
727.131354,11.314
727.329404,11.287
727.527204,11.269
727.725454,11.161
727.9232039999999,11.299
728.121354,11.593
728.319404,11.479000000000001
728.5174039999999,11.801
728.7154039999999,12.22
728.913504,12.107000000000001
729.111404,12.056000000000001
729.309404,12.068
729.509054,11.803
729.7054039999999,11.86
729.903504,12.047
730.101504,12.124
730.299454,12.223
730.497454,12.331
730.695554,12.34
730.893504,12.406
731.091654,12.497
731.289454,12.597
731.487654,12.719
731.685654,12.846
731.8834539999999,12.774000000000001
732.081654,12.795
732.2797039999999,12.22
732.4775539999999,12.353
732.675704,12.177
732.873554,12.287
733.071704,12.39
733.2697039999999,12.306000000000001
733.4677039999999,12.42
733.666854,12.477
733.863854,12.403
734.061754,12.537
734.2597539999999,12.491
734.457904,12.624
734.8530039999999,12.798
735.0510039999999,12.796000000000001
735.249004,12.82
735.447004,13.089
735.645004,13.022
735.843004,12.918000000000001
736.0410039999999,13.066
736.239054,12.92
736.437054,12.9
736.6352539999999,13.054
736.833054,13.092
737.031254,13.143
737.229304,13.287
737.427054,13.492
737.626904,13.575000000000001
737.823054,13.348
738.0210539999999,13.49
738.219304,13.567
738.417104,13.378
738.6153039999999,13.188
738.813304,13.335
739.011304,13.46
739.209304,13.493
739.407304,13.638
739.6053039999999,13.602
739.803354,13.693
740.001504,13.994
740.199354,13.94
740.397354,14.007
740.5953539999999,14.107000000000001
740.7937539999999,14.007
740.991354,14.094
741.189354,13.788
741.387354,13.745000000000001
741.585504,13.852
741.783404,13.884
741.981404,14.016
742.1795539999999,14.07
742.377404,13.971
742.575554,14.043000000000001
742.7734039999999,14.058
742.971554,14.142
743.1697039999999,14.072000000000001
743.367404,14.063
743.565554,14.154
743.763604,14.104000000000001
743.961454,14.076
744.159604,14.073
744.3575539999999,14.077
744.557204,14.073
744.753604,14.209
744.951604,13.996
745.149604,14.067
745.347854,13.994
745.547254,13.965
745.743604,13.901
745.941754,14.135
746.140004,14.114
746.3376039999999,13.962
746.535854,13.805
746.733654,13.779
746.9318039999999,13.625
747.1297539999999,13.599
747.3276539999999,13.565
747.525904,13.620000000000001
747.723654,13.689
747.921804,13.687000000000001
748.120104,13.626
748.317904,13.561
748.5174539999999,13.631
748.713804,13.589
748.911804,13.498000000000001
749.1098539999999,13.375
749.307904,13.356
749.507404,13.383000000000001
749.703904,13.167
749.902054,13.21
750.099804,12.959
750.2978539999999,12.984
750.4976039999999,12.978
750.693954,13.092
750.892104,13.144
751.0913039999999,13.165000000000001
751.288104,12.975
751.486104,13.082
751.683954,13.189
751.8821039999999,13.203
752.080104,13.229000000000001
752.278154,13.154
752.476154,13.092
752.6741539999999,13.001
752.8721539999999,12.949
753.070304,13.049
753.2679039999999,13.045
753.467854,13.094
753.6641539999999,13.004
753.8621539999999,12.96
754.257404,12.906
754.6534039999999,13.041
754.851404,12.952
755.049454,12.878
755.247454,12.882
755.4454539999999,12.939
755.645054,12.924
755.841454,13.161
756.039454,13.285
756.237904,12.952
756.4354539999999,12.84
756.6334539999999,12.780000000000001
756.831704,12.805
757.0297039999999,12.764000000000001
757.227504,12.780000000000001
757.4259539999999,12.837
757.6234539999999,12.894
757.821454,12.942
758.0197039999999,12.741
758.217504,12.725
758.415754,12.788
758.613754,12.767
758.811504,12.782
759.0097539999999,12.795
759.2077539999999,12.742
759.405754,12.833
759.603754,12.756
759.8019039999999,12.757
759.9997539999999,12.725
760.1977539999999,12.626
760.395954,12.628
760.593904,12.706
760.791804,12.677
760.9898039999999,12.795
761.1877539999999,12.82
761.385954,12.803
761.583804,12.665000000000001
761.781804,12.659
761.979954,12.621
762.1778039999999,12.512
762.376004,12.64
762.573954,12.814
762.7719539999999,12.727
762.9708539999999,12.8
763.1678039999999,12.743
763.366004,12.69
763.564004,12.76
763.761854,12.795
763.9600039999999,12.598
764.158404,12.654
764.356004,12.784
764.554004,12.8
764.752154,12.689
764.9500039999999,12.689
765.149404,12.908
765.346054,12.918000000000001
765.544054,12.749
765.742304,12.83
765.9400539999999,12.839
766.138304,12.899000000000001
766.336204,12.963000000000001
766.534054,12.919
766.732054,12.796000000000001
766.930204,12.817
767.128304,12.914
767.3263039999999,12.905000000000001
767.5243039999999,12.995000000000001
767.722304,12.878
767.920254,12.974
768.118304,12.972
768.316204,13.06
768.5143039999999,13.105
768.712304,13.141
768.910254,12.99
769.1084539999999,13.021
769.3063539999999,13.114
769.504254,13.113
769.702504,13.192
769.900254,13.184000000000001
770.098354,13.198
770.2983039999999,13.288
770.494254,13.245000000000001
770.692504,13.339
770.890304,13.226
771.089854,13.17
771.2865539999999,13.181000000000001
771.4844039999999,13.39
771.682554,13.263
771.880504,13.408
772.0785539999999,13.257
772.2765539999999,13.329
772.474554,13.246
772.672554,13.225
772.870554,13.17
773.0687039999999,13.206
773.2665539999999,13.204
773.464554,13.32
773.662554,13.31
773.860554,13.234
774.255854,13.306000000000001
774.651854,13.298
774.8498539999999,13.365
775.0478539999999,13.342
775.245854,13.258000000000001
775.444804,13.306000000000001
775.641904,13.306000000000001
775.839854,13.41
776.0378539999999,13.219
776.236104,13.309000000000001
776.433854,13.355
776.631904,13.098
776.830104,13.307
777.0279039999999,13.27
777.226154,13.331
777.4241039999999,13.358
777.621904,13.39
777.820154,13.481
778.019004,13.424
778.216154,13.405000000000001
778.4141539999999,13.453
778.611904,13.442
778.810154,13.404
779.008154,13.44
779.206154,13.44
779.404154,13.450000000000001
779.603604,13.231
779.800154,13.345
779.998154,13.352
780.1963539999999,13.248000000000001
780.394204,13.299
780.5922039999999,13.46
780.790454,13.221
780.988204,13.177
781.1863539999999,13.331
781.384204,13.294
781.5822039999999,13.367
781.780354,13.3
781.978654,13.345
782.1764039999999,13.241
782.3744039999999,13.109
782.572404,13.047
782.770404,13.267
782.968404,13.307
783.1664039999999,13.196
783.3644039999999,13.002
783.5622539999999,12.946
783.760404,12.749
783.958404,12.689
784.1564539999999,12.76
784.3544539999999,12.887
784.552604,12.962
784.750404,12.984
784.948454,13.120000000000001
785.1466039999999,13.231
785.3444039999999,13.232000000000001
785.542704,13.116
785.740454,13.092
785.938504,13.077
786.137304,13.201
786.3344539999999,13.19
786.5324539999999,13.182
786.730604,13.238
786.928504,13.226
787.126704,13.433
787.324704,13.095
787.5225039999999,13.398
787.720654,13.373000000000001
787.918654,13.273
788.116754,13.286
788.314754,13.171000000000001
788.512654,13.415000000000001
788.710654,13.443
788.908654,13.416
789.1067539999999,13.43
789.3046539999999,13.238
789.502704,13.076
789.700804,13.046000000000001
789.899104,12.973
790.096904,13.043000000000001
790.294754,13.01
790.492804,12.854000000000001
790.6909039999999,12.947000000000001
790.888704,12.985
791.086954,12.825000000000001
791.2847039999999,12.792
791.482954,12.952
791.6809539999999,12.783
791.878704,12.822000000000001
792.076954,12.892
792.274954,12.888
792.472854,12.83
792.6710039999999,12.858
792.869004,12.901
793.067004,12.914
793.265004,12.808
793.462854,12.76
793.6610039999999,12.949
794.056254,12.923
794.254254,13.011000000000001
794.4522539999999,13.045
794.650254,13.11
794.848804,13.065
795.046254,13.023
795.2443039999999,13.030000000000001
795.4423039999999,13.085
795.640504,13.044
795.8399039999999,13.036
796.036304,13.052
796.234304,13.226
796.4323039999999,13.248000000000001
796.630504,13.343
796.828304,13.377
797.028154,13.308
797.224554,13.261000000000001
797.424004,13.39
797.620554,13.282
797.818554,13.412
798.016354,13.495000000000001
798.2145539999999,13.672
798.4123539999999,13.637
798.6103539999999,13.495000000000001
798.808554,13.515
799.006354,13.553
799.204604,13.674
799.402604,13.8
799.600604,13.806000000000001
799.798604,13.788
799.996754,13.945
800.1946039999999,13.952
800.392604,13.885
800.591154,13.91
800.788604,13.849
800.9866539999999,13.894
801.1846539999999,13.967
801.382654,14.179
801.580804,14.103
801.778654,14.065
801.976604,14.266
802.174804,14.278
802.372654,14.217
802.570804,14.391
802.7688539999999,14.33
802.966854,14.339
803.164804,14.3
803.362804,14.334
803.560804,14.342
803.7588539999999,14.419
803.956704,14.388
804.154854,14.367
804.352854,14.338000000000001
804.550854,14.294
804.750154,14.297
804.9468539999999,14.134
805.144854,14.073
805.343004,14.102
805.5410039999999,13.695
805.7389039999999,13.81
805.937104,13.789
806.134904,13.637
806.332904,13.643
806.5310539999999,13.693
806.7289039999999,13.607000000000001
806.928804,13.498000000000001
807.125104,13.569
807.322904,13.527000000000001
807.5210539999999,13.442
807.7190039999999,13.395
807.917204,13.499
808.115104,13.435
808.313304,13.296000000000001
808.5111539999999,13.205
808.7091039999999,13.203
808.907154,13.258000000000001
809.106804,13.326
809.3032039999999,13.203
809.501854,13.21
809.6991039999999,13.131
809.897354,13.171000000000001
810.096854,12.968
810.2933539999999,13.049
810.492704,12.961
810.6891039999999,12.865
810.887404,12.905000000000001
811.085154,13.081
811.2833539999999,13.054
811.481404,13.138
811.6791539999999,13.184000000000001
811.877404,13.365
812.077004,13.377
812.273254,13.411
812.471354,13.311
812.669404,13.358
812.867454,13.313
813.067004,13.335
813.2634039999999,13.424
813.461454,13.526
813.659404,13.238
814.054704,13.493
814.252704,13.609
814.450704,13.486
814.648704,13.602
814.8467039999999,13.535
815.046354,13.502
815.242704,13.632
815.4409039999999,13.596
815.638704,13.596
815.8367039999999,13.781
816.034954,13.763
816.232754,13.766
816.4309539999999,13.696
816.629054,13.772
816.826704,13.72
817.024954,13.646
817.222754,13.731
817.4209539999999,13.729000000000001
817.6189539999999,13.899000000000001
817.818104,13.941
818.015004,14.003
818.213004,13.982000000000001
818.4110039999999,14.143
818.6090039999999,13.941
818.807404,14.009
819.005004,14.054
819.203004,14.032
819.401004,14.163
819.5990039999999,14.215
819.797204,14.315
819.995054,14.19
820.193004,14.077
820.3911539999999,14.231
820.5890039999999,14.253
820.787054,14.257
820.985404,14.089
821.183054,14.197000000000001
821.3812039999999,14.363
821.5790539999999,14.418000000000001
821.7770539999999,14.39
821.975204,14.299
822.173054,14.196
822.372854,14.026
822.569254,14.103
822.767254,13.906
822.965254,14.18
823.1632539999999,14.294
823.3612539999999,14.234
823.559354,14.24
823.757254,14.465
823.955254,14.197000000000001
824.153254,14.544
824.3512539999999,14.328000000000001
824.549254,14.144
824.7475539999999,14.326
824.945304,14.202
825.143304,14.134
825.341454,14.211
825.539304,14.3
825.7375539999999,14.347
825.9355539999999,14.242
826.134904,14.209
826.331454,14.246
826.529354,14.088000000000001
826.728804,13.728
826.9255539999999,14.047
827.123304,14.139000000000001
827.321454,14.215
827.519454,13.968
827.717554,14.06
827.9155039999999,14.077
828.113604,14.132
828.311604,14.286
828.509504,14.107000000000001
828.7077539999999,14.126
828.905504,14.228
829.103754,14.280000000000001
829.3015039999999,14.294
829.499554,14.315
829.6976539999999,14.301
829.895554,14.274000000000001
830.0949539999999,14.403
830.291804,14.549
830.489554,14.493
830.687654,14.419
830.8857539999999,14.308
831.083804,14.135
831.281804,14.057
831.479754,14.033
831.6778539999999,13.937000000000001
831.8757539999999,13.963000000000001
832.074304,13.884
832.271804,13.847
832.4699039999999,13.752
832.6678539999999,13.658
832.8658039999999,13.595
833.064454,13.528
833.261854,13.426
833.4608039999999,13.508000000000001
833.855104,13.478
834.053504,13.398
834.2511539999999,13.348
834.449354,13.395
834.647154,13.353
834.845104,13.306000000000001
835.043104,13.336
835.241354,13.344
835.4391039999999,13.236
835.637154,13.357000000000001
835.8353539999999,13.404
836.033154,13.253
836.231404,13.233
836.429354,13.154
836.628154,13.267
836.8254039999999,13.371
837.023154,13.297
837.221404,13.384
837.419354,13.357000000000001
837.617204,13.41
837.815404,13.469
838.0134039999999,13.458
838.211404,13.652000000000001
838.409404,13.74
838.607404,13.603
838.805404,13.634
839.0034039999999,13.529
839.201454,13.519
839.399854,13.663
839.597454,13.763
839.795454,13.819
839.9934539999999,13.897
840.191604,13.977
840.389454,13.844
840.587454,13.954
840.7856039999999,13.891
840.9834539999999,13.926
841.181604,13.899000000000001
841.379604,13.892
841.577504,13.851
841.7756539999999,13.942
841.9735039999999,13.806000000000001
842.171654,13.868
842.369654,13.795
842.568554,13.702
842.7656539999999,13.666
842.9636539999999,13.684000000000001
843.163404,13.545
843.359704,13.542
843.557704,13.714
843.7557039999999,13.533
843.9536539999999,13.443
844.153454,13.456
844.349654,13.532
844.549404,13.415000000000001
844.7457039999999,13.395
844.943754,13.348
845.1419539999999,13.323
845.339704,13.286
845.537954,13.294
845.735854,13.101
845.9337039999999,13.251
846.131854,13.017
846.331554,12.915000000000001
846.527754,13.02
846.726004,12.858
846.9237539999999,12.755
847.121904,12.788
847.319904,12.799
847.517754,12.846
847.716004,12.886000000000001
847.914004,13.072000000000001
848.112054,12.985
848.309954,12.973
848.508154,12.883000000000001
848.7059539999999,12.836
848.905704,12.811
849.101954,12.806000000000001
849.3001039999999,12.794
849.4980539999999,12.777000000000001
849.6959539999999,12.817
849.8947539999999,12.972
850.0922039999999,12.873000000000001
850.289954,12.743
850.4880039999999,12.777000000000001
850.686204,12.646
850.884054,12.509
851.0822039999999,12.493
851.2802039999999,12.471
851.4799039999999,12.59
851.676204,12.336
851.874254,12.356
852.073904,12.474
852.2702539999999,12.31
852.468654,12.382
852.666304,12.395
852.864254,12.197000000000001
853.259504,12.079
853.655504,11.89
853.8535039999999,11.923
854.053404,12.021
854.249554,11.908
854.447554,11.997
854.645554,11.851
854.8435539999999,11.928
855.0415539999999,11.902000000000001
855.239554,11.99
855.437554,11.866
855.635604,11.924
855.8335539999999,11.841000000000001
856.0315539999999,11.822000000000001
856.2299539999999,11.91
856.427604,11.700000000000001
856.625804,11.688
856.824704,11.592
857.021804,11.519
857.219804,11.547
857.417604,11.555
857.6158039999999,11.537
857.813854,11.397
858.011854,11.487
858.209854,11.442
858.4078539999999,11.391
858.6058539999999,11.336
858.803854,11.224
859.001854,11.245000000000001
859.199854,11.256
859.399554,11.174
859.5958539999999,11.114
859.793904,11.017
859.9920539999999,10.98
860.189904,11.164
860.3879039999999,10.859
860.586054,10.99
860.783904,10.924
860.981904,10.656
861.1800539999999,10.702
861.377904,10.832
861.576104,10.766
861.774104,10.679
861.971904,10.486
862.1700539999999,10.513
862.367904,10.528
862.566104,10.499
862.764054,10.325000000000001
862.962104,10.379
863.1601039999999,10.109
863.358804,10.07
863.556104,9.993
863.754104,9.967
863.9522539999999,9.748
864.1501039999999,9.561
864.3498539999999,9.247
864.546154,9.133000000000001
864.744154,9.013
864.9423539999999,8.846
865.1401539999999,8.604000000000001
865.3381539999999,8.259
865.536404,8.018
865.735854,7.907
865.9323039999999,7.63
866.1303039999999,7.42
866.3294539999999,7.319
866.526404,7.024
866.724304,6.844
866.9223539999999,6.595
867.120404,6.321
867.318354,6.085
867.516404,6.033
867.714304,5.679
867.912304,5.481
868.1103539999999,5.344
868.308554,5.112
868.506354,4.876
868.704404,4.727
868.902604,4.234
869.1003539999999,3.807
869.2983539999999,3.605
869.4966039999999,3.2720000000000002
869.694454,2.982
869.892604,2.609
870.0904039999999,2.336
870.288504,2.172
870.4866539999999,1.8920000000000001
870.684504,1.7810000000000001
870.882654,1.477
871.080654,1.3800000000000001
871.278654,1.228
871.4766539999999,1.058
871.6746039999999,0.926
871.872654,0.626
872.070654,0.321
872.268654,0.233
872.466654,0.073
872.6646539999999,0.069
872.8626539999999,0.063
873.2579539999999,0.047
873.653954,0.101
873.851954,0.064
874.049954,0.025
874.2479539999999,0.062
874.446204,0.11900000000000001
874.644004,0.046
874.842004,0.10200000000000001
875.040004,0.083
875.2380039999999,0.038
875.436204,0.052000000000000005
875.634004,0.117
875.832004,0.095
876.0302039999999,0.025
876.2280039999999,0.162
876.4260039999999,0.02
876.624204,0.038
876.822004,0.073
877.0202539999999,0.113
877.218254,0.037
877.416254,0.026000000000000002
877.614254,0.055
877.812054,0.038
878.0102539999999,0.17300000000000001
878.208254,0.056
878.406304,0.055
878.604304,0.099
878.8023039999999,0.022
879.0002539999999,0.064
879.1982539999999,0.109
879.396454,0.04
879.594304,0.059000000000000004
879.792304,0.045
879.990454,0.027
880.1895039999999,0.048
880.386454,0.008
880.584304,0.068
880.7824539999999,0.08
880.980454,0.075
881.1783039999999,0.094
881.376504,0.043000000000000003
881.576154,0.002
881.772354,0.076
881.970504,0.107
882.168504,0.011
882.366504,0.05
882.565204,0.078
882.7625039999999,0.016
882.960504,0.091
883.158554,0.018000000000000002
883.356554,0.044
883.554504,0.094
883.7525539999999,0.095
883.950554,0.108
884.148554,0.159
884.3467539999999,0.101
884.5460539999999,0.048
884.7425539999999,0.018000000000000002
884.940704,0.024
885.139854,0.116
885.3368039999999,0.046
885.534604,0.038
885.732804,0.191
885.930804,0.556
886.128604,0.874
886.326704,1.379
886.5247539999999,1.984
886.7226039999999,2.273
886.920754,2.716
887.118754,3.029
887.3168539999999,3.4450000000000003
887.514854,3.641
887.712854,3.964
887.910854,4.089
888.1090039999999,4.224
888.3068539999999,4.291
888.504904,4.171
888.703004,4.335
888.900804,4.539
889.098804,4.831
889.297054,4.883
889.4948539999999,5.037
889.6928039999999,5.16
889.891004,5.162
890.088854,5.39
890.287054,5.405
890.4849039999999,5.469
890.682904,5.569
890.881054,5.574
891.078904,5.696
891.2770539999999,5.633
891.475054,5.837
891.673054,5.652
891.871054,5.632
892.069254,5.745
892.2671039999999,6.067
892.465104,6.188
892.663104,6.057
893.058354,6.0840000000000005
893.256354,6.372
893.454404,6.341
893.652354,6.525
893.8503539999999,6.619
894.0483539999999,6.465
894.247904,6.503
894.444404,6.47
894.6424039999999,6.413
894.840604,6.722
895.038404,6.7620000000000005
895.2366539999999,7.061
895.4346539999999,7.037
895.632404,7.247
895.8323039999999,7.273000000000001
896.0284039999999,7.301
896.2266539999999,7.36
896.4246539999999,7.263
896.622454,7.071
896.8223039999999,6.9350000000000005
897.018704,6.87
897.216654,6.837
897.4146539999999,6.651
897.6126539999999,6.646
897.810654,6.46
898.008654,6.393
898.206704,6.4190000000000005
898.4047039999999,6.328
898.6027039999999,6.337
898.800704,6.329
898.998704,6.275
899.197454,6.1770000000000005
899.3947039999999,6.115
899.5927039999999,6.104
899.790904,6.011
899.988754,6.019
900.187404,5.8580000000000005
900.384904,5.87
900.5827539999999,5.792
900.780904,5.696
900.978754,5.67
901.1778539999999,5.625
901.374904,5.473
901.5727539999999,5.221
901.770954,5.17
901.968904,5.168
902.1669539999999,4.942
902.364954,4.961
902.562954,4.896
902.760954,4.948
902.958954,4.977
903.157154,5.121
903.3549039999999,4.697
903.552954,4.865
903.752804,4.549
903.948954,5.1160000000000005
904.147204,5.272
904.3449539999999,4.8580000000000005
904.542954,5.075
904.741004,4.582
904.940154,4.089
905.137204,4.087
905.336554,4.358
905.533004,4.456
905.731004,4.9350000000000005
905.9291539999999,5.063
906.127254,5.354
906.325254,5.752
906.523004,5.659
906.721154,5.774
906.9192039999999,5.894
907.117254,6.53
907.315304,6.704
907.513304,6.781000000000001
907.711054,7.003
907.9092039999999,7.1370000000000005
908.109154,7.1240000000000006
908.305304,6.664
908.504154,5.8580000000000005
908.701204,5.856
908.8992539999999,4.737
909.097904,4.865
909.295454,4.613
909.493304,5.17
909.6914539999999,4.8870000000000005
909.889204,4.8420000000000005
910.087454,4.728
910.285454,4.468
910.483354,4.658
910.681604,4.465
910.879504,4.421
911.077504,4.62
911.275504,4.765
911.4735039999999,5.32
911.6715039999999,5.5040000000000004
911.869504,5.401
912.067504,5.518
912.265504,5.607
912.463504,5.851
912.663204,5.823
912.859554,5.6530000000000005
913.2548039999999,5.71
913.452804,5.728
913.650804,5.488
913.848804,5.485
914.046804,5.782
914.2452539999999,6.363
914.4428039999999,6.517
914.640804,6.596
914.840754,6.83
915.036854,6.952
915.235054,6.668
915.4328539999999,6.835
915.630854,7.017
915.8290539999999,7.0920000000000005
916.026854,7.094
916.225054,7.075
916.4228539999999,7.087
916.620854,6.898000000000001
916.8191039999999,6.595
917.0171039999999,6.6690000000000005
917.215104,6.543
917.413104,6.118
917.6108539999999,6.293
917.8091039999999,6.05
918.0071039999999,5.695
918.205104,5.7540000000000004
918.4034039999999,5.932
918.601154,5.9910000000000005
918.7991539999999,5.721
918.9971539999999,5.909
919.195304,5.973
919.393154,6.045
919.591954,6.037
919.7891539999999,5.954
919.9871539999999,6.12
920.185304,6.309
920.383154,6.315
920.581204,6.339
920.779354,6.415
920.9771539999999,6.557
921.177004,6.673
921.373354,6.714
921.571204,6.707
921.7693539999999,6.751
921.9672039999999,6.843
922.1669539999999,6.8340000000000005
922.363354,6.766
922.5613539999999,6.577
922.7593539999999,6.346
922.957604,6.519
923.155354,6.783
923.353404,6.905
923.5515039999999,7.309
923.7494039999999,7.599
923.947404,7.494
924.145404,7.347
924.343404,7.402
924.5415539999999,7.34
924.739554,7.657
924.9374039999999,7.283
925.1356539999999,7.372
925.333454,7.376
925.5314539999999,7.265000000000001
925.730554,7.363
925.927654,7.404
926.1256539999999,7.615
926.3236539999999,7.648000000000001
926.5216039999999,7.332
926.719604,7.563
926.917604,7.319
927.1157039999999,7.166
927.3137039999999,7.2330000000000005
927.511454,7.073
927.709654,7.75
927.907604,7.695
928.105704,7.815
928.3037039999999,7.875
928.5017039999999,7.312
928.699654,7.588
928.8978539999999,7.625
929.0976039999999,7.711
929.2937539999999,7.61
929.491904,7.598
929.6896539999999,7.275
929.887654,7.143
930.0859039999999,7.335
930.283904,7.229
930.481904,7.431
930.680804,7.619
930.877704,7.436
931.0759539999999,7.26
931.273954,7.5360000000000005
931.4717539999999,7.655
931.6701539999999,7.542
931.8679539999999,6.966
932.0659039999999,7.101
932.263954,7.229
932.462054,7.34
932.6610039999999,7.462
933.055204,7.3870000000000005
933.253204,7.519
933.451204,7.29
933.6492539999999,7.1610000000000005
933.8472539999999,7.181
934.045454,7.019
934.2435539999999,7.058
934.441204,7.2940000000000005
934.639454,7.2170000000000005
934.8372539999999,7.223
935.035454,7.266
935.233254,6.964
935.431254,6.891
935.629504,6.907
935.8272539999999,7.048
936.0252539999999,7.096
936.2235039999999,7.111
936.4214539999999,7.171
936.619504,7.182
936.817504,7.049
937.015504,6.965
937.2135539999999,6.868
937.411304,6.766
937.611054,6.589
937.807554,6.824
938.0057039999999,6.8020000000000005
938.205154,6.555
938.4015539999999,6.492
938.599554,6.46
938.798104,6.45
938.9957539999999,6.272
939.193554,6.381
939.3915539999999,6.315
939.5895539999999,6.258
939.787554,6.077
939.9857539999999,5.9190000000000005
940.1837539999999,5.759
940.3816039999999,5.781
940.579754,5.748
940.777604,5.57
940.9757539999999,5.367
941.1737539999999,5.216
941.3716039999999,5.022
941.569754,4.851
941.767604,4.915
941.9658039999999,4.878
942.1638039999999,4.712
942.361804,4.64
942.559804,4.293
942.757804,3.848
942.955804,3.736
943.1538039999999,3.569
943.3518039999999,3.244
943.5510539999999,3.321
943.747804,3.488
943.946054,3.399
944.145554,3.164
944.341854,2.664
944.540004,2.382
944.737804,2.351
944.936054,2.836
945.1338539999999,3.181
945.3318539999999,3.3770000000000002
945.530004,4.054
945.7280039999999,4.597
945.926104,5.434
946.124104,5.6080000000000005
946.3218539999999,5.591
946.521754,5.746
946.718004,5.941
946.9161039999999,6.081
947.114104,6.46
947.3119039999999,6.675
947.510054,6.979
947.708054,6.9910000000000005
947.906304,7.181
948.104154,7.386
948.302154,7.227
948.5008039999999,7.227
948.698054,6.843
948.896304,7.024
949.094204,6.92
949.292204,6.849
949.490104,6.9750000000000005
949.688104,6.807
949.8866539999999,7.264
950.084304,7.43
950.282154,7.37
950.481854,7.208
950.678104,7.295
950.876354,7.304
951.074354,6.936
951.272204,7.171
951.4703539999999,7.002
951.668504,7.167
951.866354,7.17
952.064354,6.904
952.2625039999999,7.355
952.4604039999999,7.44
952.8558539999999,7.425
953.2516539999999,7.414000000000001
953.4513039999999,7.237
953.648204,7.253
953.845654,7.347
954.043654,6.958
954.2416539999999,7.018
954.4410039999999,7.106
954.637654,6.799
954.8359039999999,6.5120000000000005
955.033704,6.059
955.2317039999999,6.0200000000000005
955.429904,5.992
955.627904,5.9590000000000005
955.825704,5.804
956.023954,5.942
956.2217039999999,6.013
956.4197039999999,5.941
956.617904,5.8950000000000005
956.815704,6.101
957.013954,6.048
957.2117539999999,5.631
957.4114539999999,5.822
957.607954,5.765
957.806104,5.83
958.0039539999999,5.577
958.201954,5.347
958.400004,5.276
958.597954,5.551
958.7960039999999,5.554
958.9940039999999,5.672
959.192004,5.869
959.390004,6.019
959.588004,6.054
959.7860039999999,6.2090000000000005
959.984154,6.191
960.182004,6.171
960.3802039999999,6.0680000000000005
960.578004,5.804
960.776204,5.757000000000001
960.974204,5.636
961.172204,5.596
961.371904,5.601
961.5682039999999,5.722
961.7662039999999,5.638
961.964204,5.535
962.162204,5.34
962.3602539999999,5.304
962.5582539999999,5.508
962.756254,5.281
962.954204,5.21
963.1524539999999,4.955
963.3503539999999,5.1080000000000005
963.5482539999999,5.102
963.746454,5.071
963.944454,5.237
964.142254,5.054
964.3421539999999,4.897
964.5382539999999,4.8950000000000005
964.736504,4.628
964.934254,4.735
965.132254,4.8500000000000005
965.3304039999999,4.856
965.528454,4.835
965.726504,4.654
965.924554,4.783
966.122304,4.6450000000000005
966.322104,4.92
966.5184539999999,4.937
966.716504,5.253
966.914504,5.182
967.1125539999999,5.349
967.3104539999999,5.519
967.5085039999999,5.538
967.706704,5.594
967.904554,5.9110000000000005
968.1025539999999,5.971
968.3005039999999,5.891
968.4985039999999,5.73
968.696704,5.581
968.896254,5.588
969.0926039999999,5.347
969.290754,5.332
969.4902539999999,5.331
969.686754,5.235
969.8847539999999,5.0360000000000005
970.082604,4.924
970.280754,4.844
970.4785539999999,3.825
970.676754,3.598
970.8747539999999,3.303
971.072904,3.146
971.270804,3.082
971.468804,2.726
971.666804,2.599
971.8648039999999,2.505
972.2615539999999,2.821
972.6560539999999,2.7880000000000003
972.8540539999999,3.439
973.052104,3.29
973.250054,3.589
973.448054,3.245
973.6461039999999,3.269
973.8441039999999,3.326
974.042104,3.299
974.241354,3.19
974.438104,3.016
974.6361039999999,3.003
974.834304,2.825
975.032104,2.641
975.2303039999999,2.742
975.4283539999999,2.8850000000000002
975.6261039999999,2.809
975.824354,2.97
976.022154,3.009
976.2203539999999,2.753
976.4183539999999,2.828
976.616104,3.033
976.8145039999999,2.944
977.012354,2.803
977.211204,3.1310000000000002
977.4083539999999,3.327
977.606554,3.572
977.804404,3.709
978.002404,4.16
978.2004039999999,4.974
978.3984039999999,4.893
978.596404,5.142
978.794554,5.301
978.992404,5.242
979.190604,5.327
979.3884539999999,5.533
979.587854,5.461
979.784604,5.265
979.982404,5.1850000000000005
980.1813539999999,5.234
980.3784539999999,5.127
980.576604,5.078
980.774604,5.01
980.9726039999999,5.073
981.1706039999999,5.057
981.370404,5.13
981.566604,5.049
981.764604,4.803
981.9626539999999,4.9350000000000005
982.1606539999999,4.799
982.358654,4.5520000000000005
982.556654,4.527
982.754654,4.631
982.9526539999999,4.853
983.150804,4.787
983.348654,4.901
983.5469039999999,4.905
983.744654,5.19
983.943404,5.323
984.140804,5.61
984.338854,5.634
984.536704,5.9190000000000005
984.7349039999999,5.91
984.932704,6.088
985.131354,6.306
985.328854,6.542
985.526704,6.562
985.7249539999999,6.421
985.922704,6.689
986.120854,6.886
986.318904,6.861
986.5171039999999,6.901
986.7149539999999,6.938
986.9129539999999,7.119
987.1108539999999,7.13
987.310604,7.069
987.5071039999999,7.377
987.7050039999999,7.409
987.903004,7.301
988.1016539999999,7.316
988.298904,7.4030000000000005
988.4971539999999,7.503
988.6958539999999,7.595
988.8930039999999,7.634
989.091154,7.626
989.288954,7.813
989.4871539999999,7.656000000000001
989.685204,7.735
989.8830539999999,7.851
990.081204,7.941
990.279154,8.0
990.4771539999999,8.312
990.6751539999999,8.121
990.873204,8.068
991.071204,8.17
991.269204,8.152000000000001
991.468854,8.163
991.6652039999999,8.063
991.863204,8.025
992.2585039999999,8.088000000000001
992.654504,8.119
992.852504,7.956
993.0505039999999,8.089
993.248804,8.199
993.446504,8.279
993.644504,8.232
993.842504,8.212
994.0406039999999,8.096
994.238754,8.245000000000001
994.4365039999999,8.415000000000001
994.6347539999999,8.508000000000001
994.832504,8.718
995.031304,8.647
995.228754,8.282
995.426554,8.144
995.6247539999999,7.796
995.8227539999999,8.292
996.020554,8.505
996.218804,8.467
996.416804,8.498
996.6148039999999,8.634
996.8128039999999,8.444
997.010554,8.516
997.208804,8.573
997.406804,8.241
997.604804,7.987
997.8028539999999,7.977
998.0011539999999,8.186
998.198804,7.855
998.398504,7.913
998.5950039999999,8.202
998.7928539999999,8.273
998.9917539999999,8.443
999.188854,8.844
999.386854,8.923
999.5850039999999,8.841
999.783004,8.563
999.981804,8.75
1000.179004,8.576
1000.376854,8.502
1000.5750039999999,8.384
1000.773054,8.312
1000.972504,8.018
1001.169054,8.26
1001.366904,8.576
1001.5650539999999,8.329
1001.763054,8.353
1001.961054,8.613
1002.159054,8.697000000000001
1002.357054,8.733
1002.5551039999999,8.157
1002.753104,8.276
1002.951954,7.956
1003.149104,8.025
1003.347104,7.947
1003.545304,7.894
1003.7431039999999,7.619
1003.941204,7.418
1004.141004,7.627
1004.337104,7.849
1004.535354,7.931
1004.7331039999999,7.465
1004.931104,7.329
1005.129254,7.2250000000000005
1005.327104,7.389
1005.525354,7.468
1005.723354,7.154
1005.921154,7.055
1006.121054,6.995
1006.317504,6.779
1006.515404,7.226
1006.713404,6.767
1006.911304,6.932
1007.109304,6.996
1007.3073039999999,7.011
1007.505504,5.9030000000000005
1007.703404,5.1530000000000005
1007.901404,4.949
1008.099354,4.921
1008.2973539999999,5.0680000000000005
1008.495554,5.276
1008.693404,4.605
1008.891404,4.139
1009.089354,3.7640000000000002
1009.287554,3.34
1009.485604,3.1830000000000003
1009.683604,2.842
1009.8816039999999,3.431
1010.0796039999999,3.342
1010.277354,3.446
1010.475604,3.489
1010.673604,3.371
1010.871454,3.363
1011.0705039999999,3.395
1011.2674039999999,2.915
1011.465654,2.725
1011.663654,2.661
1012.058904,2.47
1012.256904,2.314
1012.4549039999999,2.487
1012.6529039999999,2.497
1012.8509039999999,2.318
1013.048904,1.921
1013.246904,1.697
1013.444904,1.721
1013.6429039999999,2.032
1013.840954,2.5580000000000003
1014.0391539999999,2.581
1014.236954,2.751
1014.435204,2.77
1014.6329539999999,3.037
1014.8309539999999,2.805
1015.029154,2.591
1015.2271539999999,2.414
1015.425204,2.166
1015.623204,2.008
1015.8210039999999,1.93
1016.019204,1.587
1016.2172039999999,1.478
1016.4152039999999,1.346
1016.613204,0.313
1016.8110039999999,0.38
1017.009204,0.761
1017.2072039999999,1.0150000000000001
1017.405404,1.211
1017.6048539999999,1.3860000000000001
1017.801254,1.5210000000000001
1017.999254,1.979
1018.1972539999999,1.991
1018.395404,2.609
1018.593254,2.68
1018.791254,2.794
1018.9894539999999,2.587
1019.1872539999999,2.548
1019.385454,2.095
1019.583454,2.078
1019.781304,2.075
1019.9794539999999,2.388
1020.1773039999999,2.674
1020.375454,2.613
1020.573454,2.922
1020.7729039999999,2.963
1020.969654,2.68
1021.167504,2.674
1021.365504,2.935
1021.563504,2.778
1021.761454,2.701
1021.959654,2.618
1022.1575039999999,2.536
1022.355504,2.689
1022.553504,2.75
1022.751504,2.7520000000000002
1022.9514039999999,2.645
1023.1475039999999,2.531
1023.3457539999999,2.591
1023.5451539999999,2.529
1023.741504,2.622
1023.9396539999999,2.729
1024.137554,2.715
1024.335754,2.722
1024.5335539999999,2.8040000000000003
1024.731554,2.979
1024.929704,3.078
1025.127704,3.105
1025.325804,3.064
1025.523754,3.097
1025.721554,2.579
1025.921354,2.422
1026.117954,2.872
1026.3158039999998,3.164
1026.513804,3.231
1026.711804,3.142
1026.911204,3.25
1027.107954,3.0380000000000003
1027.305954,2.8930000000000002
1027.503804,2.934
1027.701854,3.224
1027.899754,2.98
1028.098004,3.231
1028.296004,3.443
1028.493854,3.411
1028.691854,3.402
1028.8900039999999,3.649
1029.088004,3.219
1029.286004,3.357
1029.484004,3.376
1029.681904,3.133
1029.880054,3.146
1030.077804,3.041
1030.276054,3.015
1030.474054,3.153
1030.672054,2.994
1030.871754,3.362
1031.068204,3.34
1031.266054,3.402
1031.464054,3.306
1031.662204,3.291
1032.057304,3.1470000000000002
1032.255304,2.876
1032.453354,3.128
1032.6513539999999,3.102
1032.849554,3.009
1033.047354,2.914
1033.245354,3.053
1033.443354,3.277
1033.6413539999999,3.543
1033.839354,3.048
1034.037354,2.007
1034.235604,2.375
1034.4334039999999,2.6590000000000003
1034.631404,3.332
1034.8294039999998,3.5540000000000003
1035.0276039999999,3.6990000000000003
1035.225604,3.9250000000000003
1035.4236039999998,3.8320000000000003
1035.621404,3.662
1035.821304,3.504
1036.017604,3.569
1036.2156539999999,3.412
1036.413654,3.45
1036.611654,3.233
1036.8094039999999,3.45
1037.007654,3.735
1037.207254,3.759
1037.403654,3.712
1037.602854,3.507
1037.799454,3.42
1037.997654,3.508
1038.195854,3.403
1038.3937039999998,3.6
1038.591654,3.5740000000000003
1038.7898539999999,3.382
1038.987654,2.884
1039.185854,2.707
1039.383854,2.569
1039.581704,2.793
1039.779704,3.0300000000000002
1039.977704,2.926
1040.1758539999998,2.944
1040.373854,3.168
1040.571854,2.985
1040.771604,2.927
1040.9679039999999,2.714
1041.165904,3.134
1041.363904,3.129
1041.561904,3.283
1041.759904,3.467
1041.9579039999999,3.289
1042.156154,3.599
1042.353904,3.255
1042.551904,3.4050000000000002
1042.7500539999999,3.486
1042.949454,3.85
1043.146254,4.017
1043.343954,3.621
1043.541954,2.974
1043.740104,2.455
1043.937954,3.1830000000000003
1044.136204,3.142
1044.334204,3.4
1044.533254,3.438
1044.730104,3.3080000000000003
1044.9281039999998,3.122
1045.1278539999998,2.842
1045.324204,2.813
1045.521954,3.1990000000000003
1045.7201539999999,3.354
1045.9181039999999,3.5580000000000003
1046.116354,3.692
1046.314254,3.773
1046.512254,3.826
1046.7101539999999,3.64
1046.908154,3.591
1047.1064039999999,4.058
1047.304254,3.9170000000000003
1047.502254,3.862
1047.700204,4.034
1047.898154,4.25
1048.096404,4.0360000000000005
1048.294404,3.513
1048.4923039999999,3.465
1048.690454,3.702
1048.8886539999999,3.499
1049.086454,3.736
1049.284404,3.853
1049.4823039999999,3.983
1049.680454,4.115
1049.878454,4.015
1050.076454,4.054
1050.2744539999999,4.088
1050.472454,4.197
1050.670454,4.341
1050.868454,4.4430000000000005
1051.066454,4.214
1051.264454,3.818
1051.4625039999999,3.278
1051.660504,3.352
1052.055754,3.37
1052.2537539999998,3.656
1052.451754,3.818
1052.649754,3.871
1052.847754,4.1610000000000005
1053.0458039999999,4.436
1053.2437539999999,4.7700000000000005
1053.441754,4.904
1053.639804,4.314
1053.838004,4.541
1054.0358039999999,4.212
1054.234004,4.2620000000000005
1054.431804,3.956
1054.629804,3.733
1054.828004,3.392
1055.0258039999999,3.499
1055.224054,3.585
1055.421804,3.884
1055.6214539999999,3.993
1055.818004,4.098
1056.016054,4.369
1056.214704,4.295
1056.412054,4.547
1056.609854,4.102
1056.8089539999999,4.271
1057.006054,4.333
1057.204054,4.195
1057.402104,4.258
1057.6001039999999,4.364
1057.798104,4.362
1057.996104,4.205
1058.194254,4.054
1058.392104,4.121
1058.5901039999999,4.204
1058.788104,4.009
1058.9861039999998,4.112
1059.184254,4.0040000000000004
1059.382104,4.4030000000000005
1059.580154,4.115
1059.778304,4.1850000000000005
1059.976154,4.139
1060.174304,4.0200000000000005
1060.373404,4.083
1060.570154,3.896
1060.768304,3.575
1060.9674539999999,3.242
1061.164304,3.065
1061.362304,3.242
1061.560454,3.1390000000000002
1061.758354,2.4050000000000002
1061.956354,2.689
1062.154354,2.6550000000000002
1062.3523539999999,2.697
1062.550354,2.623
1062.748354,2.664
1062.946604,2.87
1063.144404,2.854
1063.342404,2.712
1063.540604,2.531
1063.738554,2.404
1063.936604,2.165
1064.1346039999999,2.093
1064.332404,2.077
1064.530504,2.107
1064.729304,2.164
1064.926404,2.214
1065.124654,2.35
1065.322654,2.653
1065.5204039999999,2.6430000000000002
1065.718554,2.375
1065.916554,2.944
1066.114654,2.945
1066.3126539999998,3.005
1066.510604,3.0620000000000003
1066.708604,3.0460000000000003
1066.906804,2.815
1067.1047039999999,3.22
1067.3030039999999,3.4250000000000003
1067.500804,3.362
1067.698604,2.985
1067.896604,3.282
1068.0948039999998,3.383
1068.292704,3.455
1068.490704,3.519
1068.688654,3.573
1068.886654,3.658
1069.085054,3.729
1069.282854,3.809
1069.480704,4.016
1069.678854,3.857
1069.8768539999999,3.723
1070.074854,3.891
1070.272904,3.88
1070.470904,3.966
1070.6689039999999,3.9210000000000003
1070.868604,3.89
1071.0649039999998,3.873
1071.262904,4.131
1071.658154,4.0680000000000005
1071.856154,3.915
1072.054154,3.931
1072.252154,3.993
1072.4501539999999,4.204
1072.6482039999999,3.876
1072.846204,4.088
1073.044204,4.106
1073.243854,4.139
1073.440204,4.138
1073.638454,3.927
1073.836204,4.144
1074.034404,4.024
1074.232204,4.0040000000000004
1074.430204,4.109
1074.628454,4.115
1074.826254,3.888
1075.0244539999999,3.814
1075.222454,3.507
1075.4202539999999,3.681
1075.618454,4.266
1075.816454,4.495
1076.014454,4.597
1076.2125039999999,4.889
1076.410304,4.565
1076.6092039999999,4.414
1076.806504,4.656
1077.0046539999998,4.55
1077.2025039999999,4.331
1077.400504,4.332
1077.598504,4.377
1077.796504,4.352
1077.9946539999999,4.163
1078.192554,4.261
1078.3905539999998,4.322
1078.589704,4.267
1078.786554,4.265
1078.984704,4.179
1079.182704,4.1290000000000004
1079.3822539999999,4.349
1079.578704,4.2170000000000005
1079.776554,4.292
1079.9747539999998,4.159
1080.172754,4.121
1080.3705539999999,4.089
1080.568754,4.115
1080.766704,4.066
1080.9647539999999,4.197
1081.162754,4.142
1081.360754,4.083
1081.558754,3.969
1081.756754,4.049
1081.9547539999999,3.902
1082.152754,4.409
1082.350754,4.277
1082.550504,4.1290000000000004
1082.746754,3.786
1082.945004,3.853
1083.1428039999998,3.467
1083.340804,3.508
1083.5389539999999,4.4430000000000005
1083.738554,4.229
1083.935054,4.184
1084.1328039999999,4.03
1084.3316539999998,3.88
1084.5289539999999,3.5460000000000003
1084.726954,3.594
1084.925054,3.428
1085.123054,3.388
1085.320854,3.527
1085.519004,3.5
1085.7170039999999,3.267
1085.915054,3.4450000000000003
1086.113054,3.872
1086.312154,3.662
1086.509004,3.484
1086.7070039999999,3.657
1086.905254,3.8970000000000002
1087.103104,3.833
1087.301254,4.017
1087.500804,3.859
1087.697254,4.171
1087.895254,3.6630000000000003
1088.093104,3.8320000000000003
1088.291154,4.252
1088.4892539999998,4.386
1088.687854,4.188
1088.885304,4.236
1089.083304,4.332
1089.281154,3.846
1089.479304,4.198
1089.677304,4.04
1089.875304,2.815
1090.073304,3.499
1090.271454,3.779
1090.469304,4.067
1090.667304,4.472
1090.865354,4.479
1091.260604,4.297
1091.656604,4.091
1091.8546039999999,4.135
1092.052604,4.165
1092.252254,4.099
1092.4488039999999,3.797
1092.646604,3.439
1092.844854,3.0420000000000003
1093.042604,2.395
1093.240654,2.4
1093.438854,2.254
1093.636654,2.237
1093.834654,2.162
1094.032854,2.295
1094.230654,1.8820000000000001
1094.428854,1.6540000000000001
1094.6268539999999,1.429
1094.824654,1.451
1095.022904,1.131
1095.220654,1.49
1095.418654,1.284
1095.616904,1.248
1095.8149039999998,1.355
1096.012904,1.447
1096.210904,1.0130000000000001
1096.408904,0.9580000000000001
1096.606904,0.877
1096.8049039999999,0.498
1097.002954,0.494
1097.200954,0.405
1097.398704,0.33
1097.596904,0.15
1097.7949039999999,0.023
1097.993104,0.195
1098.191404,0.217
1098.389154,0.224
1098.5869539999999,0.10400000000000001
1098.785154,0.113
1098.983104,0.097
1099.180954,0.113
1099.379154,0.247
1099.576954,0.202
1099.775154,0.156
1099.973154,0.32
1100.171154,0.385
1100.369154,0.379
1100.5671539999998,0.268
1100.765154,0.28
1100.963154,0.291
1101.161604,0.17400000000000002
1101.3592039999999,0.20700000000000002
1101.557204,0.203
1101.755204,0.243
1101.953204,0.458
1102.151204,0.5740000000000001
1102.349354,0.198
1102.547204,0.501
1102.745404,0.806
1102.943204,0.615
1103.141204,0.902
1103.339354,0.731
1103.5372539999998,0.42
1103.735454,0.082
1103.933454,0.108
1104.131254,0.401
1104.3294039999998,0.47000000000000003
1104.527354,0.321
1104.725454,0.247
1104.923454,0.04
1105.121254,0.073
1105.3194039999998,0.273
1105.517404,0.421
1105.7156539999999,0.331
1105.9135039999999,0.28200000000000003
1106.111504,0.316
1106.3094039999999,0.435
1106.507404,1.461
1106.7056539999999,1.112
1106.9035039999999,0.716
1107.103204,0.84
1107.299454,0.865
1107.497454,0.426
1107.697154,0.327
1107.8937039999998,0.383
1108.091654,0.405
1108.291454,0.377
1108.4874539999998,0.353
1108.685704,0.317
1108.8837039999999,0.052000000000000005
1109.0830039999998,0.063
1109.279704,0.093
1109.477504,0.152
1109.675704,0.113
1109.8737039999999,0.224
1110.071854,0.149
1110.269754,0.116
1110.467754,0.159
1110.6657539999999,0.085
1110.863754,0.127
1111.259004,0.06
1111.655004,0.051000000000000004
1111.853054,0.148
1112.051054,0.065
1112.2492539999998,0.134
1112.447704,0.093
1112.645004,0.032
1112.843204,0.209
1113.041054,0.051000000000000004
1113.2392539999998,0.092
1113.437254,0.133
1113.6350539999999,0.123
1113.833304,0.06
1114.031054,0.07200000000000001
1114.229304,0.028
1114.427304,0.07200000000000001
1114.6250539999999,0.07100000000000001
1114.823304,0.115
1115.021104,0.09
1115.219304,0.07100000000000001
1115.417304,0.039
1115.6155039999999,0.047
1115.813304,0.061
1116.011554,0.079
1116.209304,0.136
1116.4073039999998,0.122
1116.605354,0.094
1116.803754,0.107
1117.001354,0.128
1117.1993539999999,0.038
1117.397354,0.156
1117.595354,0.053
1117.793504,0.215
1117.991354,0.109
1118.189554,0.146
1118.387354,0.245
1118.587304,0.177
1118.7835539999999,0.008
1118.9814039999999,0.02
1119.179554,0.021
1119.377554,0.022
1119.575404,0.047
1119.7735539999999,0.07200000000000001
1119.971554,0.07100000000000001
1120.169604,0.137
1120.367604,0.117
1120.567104,0.176
1120.763604,0.17300000000000001
1120.9616039999999,0.132
1121.159754,0.20700000000000002
1121.357604,0.23600000000000002
1121.5558039999999,0.155
1121.753604,0.169
1121.9516039999999,0.169
1122.149754,0.134
1122.347654,0.192
1122.545604,0.124
1122.743604,0.07100000000000001
1122.9416039999999,0.073
1123.1396539999998,0.039
1123.3384039999999,0.083
1123.535654,0.105
1123.733904,0.17400000000000002
1123.931654,0.167
1124.129804,0.064
1124.327804,0.121
1124.5259039999999,0.125
1124.723904,0.07100000000000001
1124.921654,0.011
1125.119804,0.013000000000000001
1125.317854,0.064
1125.515854,0.12
1125.713954,0.083
1125.911954,0.14300000000000002
1126.109854,0.17300000000000001
1126.307854,0.185
1126.505854,0.17400000000000002
1126.7039539999998,0.148
1126.901954,0.26
1127.1001039999999,0.14300000000000002
1127.297854,0.17500000000000002
1127.496104,0.134
1127.694104,0.139
1127.891954,0.132
1128.091854,0.179
1128.287854,0.197
1128.4861039999998,0.244
1128.684104,0.20700000000000002
1128.883354,0.17500000000000002
1129.080154,0.14300000000000002
1129.2781539999999,0.169
1129.476154,0.157
1129.675804,0.161
1129.872154,0.158
1130.070154,0.133
1130.2681539999999,0.148
1130.466154,0.20600000000000002
1130.664154,0.23600000000000002
1130.862154,0.243
1131.257854,0.212
1131.455454,0.257
1131.653454,0.224
1131.8514539999999,0.221
1132.049454,0.225
1132.247454,0.217
1132.445454,0.243
1132.6437039999998,0.20600000000000002
1132.8414539999999,0.189
1133.039454,0.222
1133.237654,0.219
1133.435504,0.195
1133.6337039999999,0.218
1133.832404,0.212
1134.0295039999999,0.186
1134.227704,0.14100000000000001
1134.425504,0.185
1134.6237039999999,0.17300000000000001
1134.821704,0.162
1135.0195039999999,0.14300000000000002
1135.217704,0.149
1135.4157539999999,0.134
1135.613754,0.14100000000000001
1135.8117539999998,0.203
1136.0095039999999,0.203
1136.207754,0.167
1136.405754,0.176
1136.603904,0.138
1136.8017539999998,0.151
1136.999804,0.164
1137.197804,0.157
1137.395804,0.179
1137.593954,0.212
1137.791954,0.20500000000000002
1137.989804,0.17400000000000002
1138.187804,0.176
1138.387404,0.12
1138.583954,0.134
1138.782004,0.14200000000000002
1138.979854,0.16
1139.1780039999999,0.233
1139.375804,0.193
1139.573954,0.17200000000000001
1139.772004,0.127
1139.971454,0.16
1140.1680039999999,0.132
1140.366004,0.089
1140.5640039999998,0.105
1140.762004,0.105
1140.960004,0.11900000000000001
1141.158004,0.15
1141.356004,0.153
1141.5540039999998,0.164
1141.752054,0.14300000000000002
1141.950054,0.108
1142.148054,0.089
1142.3460539999999,0.10200000000000001
1142.544304,0.129
1142.742054,0.127
1142.940054,0.129
1143.1382039999999,0.135
1143.3360539999999,0.124
1143.534304,0.125
1143.732104,0.11900000000000001
1143.930104,0.117
1144.128254,0.11
1144.3262539999998,0.116
1144.524304,0.074
1144.722304,0.067
1144.920104,0.081
1145.118254,0.131
1145.3162539999998,0.088
1145.514354,0.074
1145.714004,0.09
1145.910154,0.075
1146.1083039999999,0.061
1146.3062539999999,0.124
1146.504504,0.131
1146.704004,0.117
1146.901954,0.131
1147.099404,0.135
1147.296504,0.088
1147.495354,0.111
1147.692404,0.16
1147.8905539999998,0.17500000000000002
1148.088554,0.125
1148.286554,0.11800000000000001
1148.484554,0.111
1148.682554,0.10300000000000001
1148.880404,0.107
1149.078554,0.109
1149.2763539999999,0.108
1149.474554,0.108
1149.6726039999999,0.108
1149.870404,0.099
1150.068554,0.105
1150.266704,0.092
1150.464554,0.088
1150.663304,0.106
1151.057854,0.096
1151.255854,0.069
1151.4538539999999,0.07
1151.651854,0.081
1151.849904,0.106
1152.047904,0.088
1152.2459039999999,0.10400000000000001
1152.443904,0.11800000000000001
1152.6419039999998,0.111
1152.839904,0.105
1153.038354,0.065
1153.235904,0.096
1153.434104,0.121
1153.6319039999998,0.11800000000000001
1153.829904,0.096
1154.0281539999999,0.075
1154.226154,0.084
1154.424154,0.10400000000000001
1154.622154,0.091
1154.819904,0.075
1155.017954,0.06
1155.216154,0.078
1155.414154,0.085
1155.612204,0.057
1155.8102039999999,0.064
1156.008204,0.08
1156.2062039999998,0.107
1156.404354,0.08600000000000001
1156.602204,0.07
1156.800204,0.082
1156.998204,0.079
1157.1962039999999,0.062
1157.394354,0.054
1157.592404,0.057
1157.790204,0.067
1157.9883539999998,0.09
1158.187854,0.10200000000000001
1158.384354,0.052000000000000005
1158.582404,0.053
1158.780254,0.063
1158.978404,0.065
1159.176254,0.04
1159.374404,0.084
1159.572404,0.055
1159.7704039999999,0.049
1159.968404,0.056
1160.166404,0.063
1160.364404,0.062
1160.562454,0.041
1160.760454,0.022
1160.9584539999998,0.038
1161.156454,0.046
1161.354454,0.047
1161.552454,0.031
1161.750454,0.035
1161.9501539999999,0.035
1162.146504,0.012
1162.3447039999999,0.05
1162.542504,0.05
1162.7405039999999,0.04
1162.938654,0.067
1163.136454,0.06
1163.3347039999999,0.041
1163.532704,0.049
1163.7305039999999,0.07200000000000001
1163.928654,0.069
1164.126654,0.046
1164.324754,0.029
1164.523704,0.033
1164.720504,0.057
1164.918654,0.043000000000000003
1165.116654,0.03
1165.3149039999998,0.043000000000000003
1165.5127539999999,0.032
1165.710754,0.031
1165.908704,0.029
1166.106704,0.028
1166.3049039999999,0.074
1166.502804,0.057
1166.7008039999998,0.056
1166.898704,0.089
1167.096704,0.066
1167.2949039999999,0.089
1167.492954,0.07200000000000001
1167.6908039999998,0.095
1167.888954,0.084
1168.0869539999999,0.056
1168.284954,0.069
1168.4829539999998,0.037
1168.6808039999999,0.026000000000000002
1168.878954,0.01
1169.076954,0.033
1169.2750039999999,0.07
1169.473004,0.077
1169.6730539999999,0.051000000000000004
1169.869004,0.037
1170.0671539999998,0.064
1170.2650039999999,0.067
1170.463004,0.052000000000000005
1170.858504,0.063
1171.0562539999999,0.07200000000000001
1171.254504,0.073
1171.452254,0.06
1171.650254,0.059000000000000004
1171.8483039999999,0.067
1172.046304,0.083
1172.244504,0.076
1172.442304,0.08
1172.640304,0.081
1172.8383039999999,0.099
1173.036304,0.089
1173.234554,0.064
1173.432554,0.04
1173.630354,0.036000000000000004
1173.828354,0.049
1174.026554,0.034
1174.224554,0.047
1174.4226039999999,0.041
1174.620354,0.063
1174.818354,0.057
1175.016554,0.066
1175.2147539999999,0.082
1175.4126039999999,0.05
1175.610604,0.085
1175.8084039999999,0.067
1176.006604,0.055
1176.2047539999999,0.039
1176.4026039999999,0.026000000000000002
1176.600604,0.013000000000000001
1176.7994039999999,0.043000000000000003
1176.996604,0.044
1177.194804,0.06
1177.3928039999998,0.05
1177.5906539999999,0.059000000000000004
1177.788654,0.099
1177.986654,0.056
1178.185454,0.049
1178.3828039999999,0.044
1178.5806539999999,0.049
1178.778654,0.029
1178.976804,0.052000000000000005
1179.1748539999999,0.052000000000000005
1179.372854,0.053
1179.570854,0.107
1179.768854,0.075
1179.9674539999999,0.067
1180.1648539999999,0.088
1180.362854,0.057
1180.5608539999998,0.033
1180.758854,0.02
1180.956854,0.029
1181.155104,0.024
1181.353504,0.016
1181.5508539999998,0.022
1181.748854,0.063
1181.946854,0.057
1182.145104,0.066
1182.3429039999999,0.062
1182.540904,0.064
1182.739054,0.04
1182.937054,0.039
1183.135154,0.057
1183.333154,0.024
1183.530904,0.043000000000000003
1183.729054,0.057
1183.927054,0.06
1184.1251539999998,0.063
1184.323154,0.065
1184.521804,0.066
1184.718954,0.03
1184.9171039999999,0.033
1185.115354,0.037
1185.313154,0.016
1185.511154,0.029
1185.709104,0.033
1185.907104,0.019
1186.105354,0.026000000000000002
1186.303354,0.022
1186.501204,0.046
1186.6993539999999,0.07100000000000001
1186.897154,0.075
1187.095354,0.079
1187.293354,0.082
1187.491204,0.08700000000000001
1187.690004,0.065
1187.887154,0.036000000000000004
1188.085404,0.058
1188.283404,0.061
1188.4814039999999,0.069
1188.679404,0.067
1188.8774039999998,0.082
1189.076004,0.08700000000000001
1189.273404,0.063
1189.471404,0.08600000000000001
1189.669404,0.048
1189.8674039999999,0.036000000000000004
1190.065454,0.065
1190.4607039999999,0.083
1190.658704,0.099
1190.856704,0.067
1191.054704,0.061
1191.252704,0.065
1191.4507039999999,0.064
1191.648704,0.044
1191.846704,0.04
1192.044704,0.034
1192.242954,0.046
1192.440754,0.079
1192.6387539999998,0.06
1192.8369539999999,0.049
1193.034754,0.031
1193.2329539999998,0.067
1193.430754,0.077
1193.6287539999998,0.089
1193.826954,0.094
1194.024954,0.067
1194.223004,0.089
1194.421004,0.07
1194.6187539999999,0.057
1194.817004,0.057
1195.0150039999999,0.073
1195.213004,0.082
1195.411004,0.107
1195.608804,0.113
1195.807004,0.093
1196.0050039999999,0.077
1196.203204,0.083
1196.401054,0.085
1196.599054,0.084
1196.797054,0.09
1196.995054,0.094
1197.193204,0.094
1197.391054,0.07200000000000001
1197.589054,0.048
1197.787054,0.063
1197.985054,0.069
1198.183254,0.039
1198.381854,0.038
1198.579054,0.038
1198.7772539999999,0.074
1198.975054,0.084
1199.173254,0.078
1199.371254,0.059000000000000004
1199.569104,0.039
1199.7672539999999,0.08
1199.965254,0.082
1200.163254,0.054
1200.361254,0.022
1200.559254,0.048
1200.757304,0.04
1200.9553039999998,0.07200000000000001
1201.153304,0.058
1201.351304,0.061
1201.5499539999998,0.054
1201.7474539999998,0.047
1201.9453039999999,0.063
1202.143504,0.096
1202.341304,0.088
1202.539304,0.076
1202.7374539999998,0.081
1202.935354,0.06
1203.133554,0.06
1203.331354,0.064
1203.529354,0.084
1203.727504,0.106
1203.925504,0.107
1204.123554,0.093
1204.321604,0.134
1204.519354,0.125
1204.718154,0.097
1204.9157539999999,0.055
1205.113604,0.048
1205.311604,0.066
1205.509754,0.054
1205.707504,0.059000000000000004
1205.9055039999998,0.066
1206.104404,0.048
1206.3016539999999,0.057
1206.499654,0.073
1206.6975539999999,0.088
1206.895554,0.083
1207.0938039999999,0.045
1207.2916539999999,0.037
1207.489654,0.04
1207.687804,0.038
1207.886454,0.076
1208.0838039999999,0.046
1208.281804,0.049
1208.479804,0.042
1208.677854,0.067
1208.8756039999998,0.048
1209.0738039999999,0.024
1209.272454,0.038
1209.469954,0.065
1209.667854,0.058
1209.865854,0.041
1210.261104,0.019
1210.6573039999998,0.056
1210.855104,0.03
1211.053154,0.033
1211.251154,0.033
1211.449154,0.025
1211.647354,0.03
1211.845104,0.054
1212.043154,0.06
1212.241154,0.061
1212.439154,0.065
1212.637154,0.092
1212.8351539999999,0.058
1213.033404,0.047
1213.2314039999999,0.039
1213.429154,0.046
1213.627154,0.035
1213.825404,0.038
1214.023404,0.049
1214.221404,0.06
1214.419204,0.051000000000000004
1214.6174039999999,0.048
1214.815404,0.034
1215.0132039999999,0.054
1215.211454,0.068
1215.409404,0.092
1215.6074039999999,0.095
1215.805404,0.093
1216.003604,0.083
1216.201454,0.113
1216.3994539999999,0.127
1216.597454,0.137
1216.7954539999998,0.083
1216.994254,0.074
1217.1916039999999,0.081
1217.389454,0.048
1217.587654,0.042
1217.785504,0.021
1217.983654,0.031
1218.181654,0.064
1218.379504,0.093
1218.577654,0.068
1218.775504,0.075
1218.973654,0.059000000000000004
1219.171654,0.069
1219.3696539999999,0.085
1219.567704,0.063
1219.765704,0.053
1219.963704,0.02
1220.1617039999999,0.036000000000000004
1220.359704,0.062
1220.557704,0.039
1220.755704,0.055
1220.953904,0.06
1221.1517039999999,0.069
1221.349704,0.078
1221.5485039999999,0.036000000000000004
1221.745754,0.035
1221.9439539999998,0.055
1222.141704,0.05
1222.339704,0.019
1222.537854,0.024
1222.735854,0.05
1222.9339539999999,0.037
1223.132004,0.041
1223.3297539999999,0.052000000000000005
1223.527904,0.045
1223.725904,0.057
1223.924004,0.043000000000000003
1224.1220039999998,0.045
1224.3197539999999,0.039
1224.517904,0.032
1224.7165539999999,0.058
1224.914154,0.081
1225.112054,0.078
1225.310054,0.064
1225.507954,0.063
1225.705954,0.033
1225.9041539999998,0.033
1226.102704,0.048
1226.300054,0.05
1226.497954,0.044
1226.696004,0.027
1226.894204,0.024
1227.092204,0.04
1227.290054,0.035
1227.488204,0.014
1227.686004,0.019
1227.884854,0.012
1228.082204,0.028
1228.280104,0.026000000000000002
1228.4782539999999,0.031
1228.676254,0.048
1228.8742539999998,0.041
1229.072254,0.022
1229.2708539999999,0.023
1229.468254,0.009000000000000001
1229.666254,0.011
1229.8642539999998,0.039
1230.2595039999999,0.039
1230.457504,0.033
1230.6555039999998,0.051000000000000004
1230.853754,0.051000000000000004
1231.051554,0.048
1231.249554,0.054
1231.4475539999999,0.019
1231.645554,0.006
1231.843554,0.034
1232.041554,0.032
1232.239554,0.028
1232.4375539999999,0.043000000000000003
1232.635804,0.046
1232.833604,0.051000000000000004
1233.031804,0.057
1233.2296039999999,0.063
1233.427604,0.069
1233.625804,0.044
1233.8238039999999,0.035
1234.021804,0.022
1234.2198039999998,0.026000000000000002
1234.417804,0.017
1234.615854,0.032
1234.813854,0.021
1235.0118539999999,0.032
1235.209854,0.01
1235.407604,0.024
1235.605854,0.023
1235.803854,0.021
1236.0018539999999,0.045
1236.199854,0.033
1236.397904,0.016
1236.595904,0.013000000000000001
1236.794054,0.015
1236.992054,0.025
1237.1899039999998,0.029
1237.388054,0.018000000000000002
1237.585904,0.016
1237.783904,0.027
1237.9820539999998,0.005
1238.180104,0.033
1238.377954,0.026000000000000002
1238.5767039999998,0.016
1238.773954,0.017
1238.972104,0.037
1239.170104,0.034
1239.368104,0.044
1239.566104,0.02
1239.7641039999999,0.038
1239.962104,0.018000000000000002
1240.160154,0.022
1240.358254,0.034
1240.556104,0.031
1240.7541039999999,0.028
1240.952104,0.017
1241.150154,0.013000000000000001
1241.348154,0.026000000000000002
1241.546154,0.043000000000000003
1241.744804,0.046
1241.942404,0.009000000000000001
1242.140154,0.02
1242.338154,0.063
1242.536304,0.045
1242.734404,0.03
1242.932404,0.049
1243.130854,0.023
1243.328304,0.023
1243.5263539999999,0.021
1243.724554,0.046
1243.922404,0.054
1244.120404,0.03
1244.318204,0.054
1244.5163539999999,0.039
1244.714354,0.046
1244.913104,0.016
1245.110454,0.07
1245.308254,0.044
1245.506404,0.052000000000000005
1245.704604,0.04
1245.9026039999999,0.043000000000000003
1246.100354,0.028
1246.299254,0.062
1246.496404,0.056
1246.694604,0.037
1246.892604,0.007
1247.090504,0.031
1247.288654,0.024
1247.486404,0.026000000000000002
1247.684654,0.042
1247.882654,0.051000000000000004
1248.0806539999999,0.061
1248.278654,0.076
1248.476654,0.045
1248.674654,0.018000000000000002
1248.872654,0.047
1249.070704,0.04
1249.268804,0.02
1249.467304,0.083
1249.6648539999999,0.147
1250.0599539999998,0.14
1250.257954,0.127
1250.455954,0.107
1250.6539539999999,0.06
1250.851954,0.047
1251.0499539999998,0.021
1251.247954,0.021
1251.446004,0.051000000000000004
1251.644004,0.03
1251.842204,0.055
1252.040004,0.045
1252.238004,0.026000000000000002
1252.4362039999999,0.029
1252.634004,0.001
1252.832204,0.021
1253.030004,0.046
1253.228004,0.054
1253.426254,0.042
1253.6242539999998,0.009000000000000001
1253.822254,0.024
1254.020254,0.02
1254.2180039999998,0.036000000000000004
1254.416254,0.032
1254.6142539999998,0.031
1254.812254,0.051000000000000004
1255.010304,0.048
1255.208304,0.026000000000000002
1255.4063039999999,0.008
1255.604304,0.008
1255.802454,0.07
1256.000304,0.07
1256.198304,0.068
1256.3963039999999,0.07100000000000001
1256.594304,0.075
1256.792454,0.049
1256.990354,0.029
1257.188304,0.043000000000000003
1257.386454,0.076
1257.584304,0.044
1257.782454,0.015
1257.9805039999999,0.026000000000000002
1258.178504,0.023
1258.3765039999998,0.002
1258.5743539999999,0.025
1258.773154,0.006
1258.970504,0.053
1259.168504,0.054
1259.3665039999998,0.054
1259.564504,0.023
1259.762504,0.02
1259.960554,0.024
1260.159304,0.027
1260.356554,0.03
1260.554554,0.048
1260.752554,0.009000000000000001
1260.950554,0.009000000000000001
1261.148704,0.021
1261.346704,0.038
1261.5445539999998,0.054
1261.742804,0.042
1261.941204,0.012
1262.138704,0.051000000000000004
1262.336754,0.079
1262.534604,0.017
1262.732804,0.024
1262.9308039999999,0.032
1263.1287539999998,0.042
1263.327404,0.06
1263.524754,0.052000000000000005
1263.7228539999999,0.038
1263.920854,0.021
1264.1187539999999,0.033
1264.316754,0.007
1264.514754,0.064
1264.7128539999999,0.035
1264.910854,0.027
1265.109004,0.03
1265.3068039999998,0.051000000000000004
1265.5050039999999,0.064
1265.703004,0.064
1265.9009039999999,0.044
1266.099054,0.024
1266.2968039999998,0.032
1266.4954539999999,0.06
1266.693004,0.04
1266.891054,0.028
1267.089054,0.036000000000000004
1267.287054,0.075
1267.485054,0.064
1267.6830539999999,0.019
1267.881054,0.018000000000000002
1268.079054,0.055
1268.277054,0.056
1268.475054,0.069
1268.673104,0.08
1268.8711039999998,0.065
1269.069254,0.07100000000000001
1269.267104,0.034
1269.4651039999999,0.025
1269.663754,0.036000000000000004
1270.058354,0.012
1270.256404,0.014
1270.4544039999998,0.03
1270.6523539999998,0.035
1270.850354,0.041
1271.048354,0.025
1271.246604,0.018000000000000002
1271.4444039999998,0.026000000000000002
1271.642604,0.012
1271.840404,0.078
1272.038404,0.073
1272.236654,0.042
1272.434654,0.05
1272.632404,0.067
1272.8306539999999,0.055
1273.028404,0.024
1273.226654,0.009000000000000001
1273.424654,0.047
1273.6224539999998,0.034
1273.820704,0.07200000000000001
1274.018454,0.09
1274.2166539999998,0.041
1274.414654,0.04
1274.612854,0.053
1274.810704,0.022
1275.0087039999999,0.039
1275.206704,0.026000000000000002
1275.404704,0.015
1275.602704,0.009000000000000001
1275.800704,0.023
1275.9987039999999,0.049
1276.196704,0.07200000000000001
1276.394704,0.079
1276.592704,0.075
1276.790904,0.061
1276.988754,0.05
1277.1875539999999,0.03
1277.384754,0.07
1277.5829039999999,0.046
1277.780904,0.074
1277.978754,0.082
1278.176904,0.047
1278.374904,0.02
1278.572954,0.028
1278.7709539999998,0.105
1278.969554,0.07200000000000001
1279.166954,0.096
1279.364954,0.097
1279.562954,0.109
1279.7609539999999,0.08600000000000001
1279.958954,0.116
1280.156954,0.036000000000000004
1280.3556039999999,0.007
1280.553204,0.039
1280.751004,0.044
1280.948954,0.032
1281.147154,0.041
1281.344954,0.027
1281.5432039999998,0.021
1281.741004,0.029
1281.9390039999998,0.053
1282.137154,0.088
1282.3351539999999,0.077
1282.533254,0.017
1282.731254,0.041
1282.9290039999998,0.039
1283.127154,0.093
1283.3251539999999,0.063
1283.523904,0.054
1283.721254,0.027
1283.919054,0.03
1284.117204,0.031
1284.315204,0.033
1284.513454,0.03
1284.711254,0.073
1284.909254,0.076
1285.107204,0.074
1285.305204,0.027
1285.503454,0.013000000000000001
1285.701304,0.016
1285.899304,0.038
1286.097454,0.047
1286.2952539999999,0.055
1286.493454,0.036000000000000004
1286.692104,0.056
1286.889304,0.067
1287.087454,0.036000000000000004
1287.285254,0.032
1287.483504,0.018000000000000002
1287.681504,0.055
1287.879354,0.038
1288.078154,0.023
1288.275504,0.019
1288.473504,0.014
1288.671504,0.033
1288.869504,0.011
1289.0675039999999,0.035
1289.265504,0.029
1289.660754,0.042
1289.858804,0.052000000000000005
1290.0568039999998,0.029
1290.254804,0.026000000000000002
1290.452804,0.035
1290.6508039999999,0.055
1290.848804,0.023
1291.0468039999998,0.038
1291.244804,0.024
1291.442804,0.008
1291.641054,0.016
1291.8388539999999,0.024
1292.036854,0.037
1292.235054,0.029
1292.432854,0.041
1292.631054,0.091
1292.8288539999999,0.067
1293.026854,0.076
1293.225054,0.061
1293.423254,0.046
1293.6211039999998,0.032
1293.819104,0.027
1294.0169039999998,0.041
1294.2151039999999,0.052000000000000005
1294.413254,0.052000000000000005
1294.6111039999998,0.035
1294.809104,0.052000000000000005
1295.007104,0.062
1295.205104,0.051000000000000004
1295.403104,0.05
1295.601304,0.048
1295.799154,0.06
1295.997154,0.081
1296.195154,0.042
1296.3931539999999,0.066
1296.591304,0.034
1296.789154,0.012
1296.987154,0.064
1297.185154,0.044
1297.383954,0.044
1297.581354,0.051000000000000004
1297.779354,0.05
1297.9773539999999,0.036000000000000004
1298.1753039999999,0.036000000000000004
1298.3733539999998,0.055
1298.571354,0.075
1298.769354,0.078
1298.967204,0.088
1299.165354,0.095
1299.3633539999998,0.067
1299.561354,0.075
1299.759354,0.045
1299.957354,0.066
1300.155354,0.064
1300.353604,0.061
1300.552054,0.068
1300.749404,0.065
1300.9475539999999,0.06
1301.145554,0.035
1301.343404,0.056
1301.5416539999999,0.035
1301.739404,0.061
1301.937404,0.027
1302.135554,0.007
1302.3334539999998,0.036000000000000004
1302.531654,0.042
1302.729454,0.049
1302.927604,0.046
1303.1256039999998,0.049
1303.3238039999999,0.066
1303.521654,0.058
1303.720304,0.054
1303.917604,0.085
1304.1156039999998,0.082
1304.313854,0.05
1304.511704,0.109
1304.7097039999999,0.062
1304.907454,0.023
1305.106254,0.025
1305.303604,0.035
1305.5018539999999,0.058
1305.6997039999999,0.016
1305.8977539999998,0.074
1306.095654,0.08600000000000001
1306.2939039999999,0.07200000000000001
1306.491904,0.065
1306.689754,0.078
1306.888504,0.074
1307.085904,0.073
1307.2836539999998,0.08600000000000001
1307.481904,0.058
1307.6799039999999,0.065
1307.877904,0.059000000000000004
1308.075904,0.054
1308.2745539999999,0.054
1308.471904,0.068
1308.669954,0.083
1308.868054,0.066
1309.2632039999999,0.08
1309.659204,0.051000000000000004
1309.857204,0.024
1310.055204,0.017
1310.2532039999999,0.04
1310.451204,0.011
1310.649254,0.055
1310.847254,0.046
1311.0454539999998,0.074
1311.243254,0.059000000000000004
1311.441454,0.074
1311.639254,0.076
1311.837254,0.066
1312.0354539999998,0.066
1312.233254,0.035
1312.431504,0.061
1312.629254,0.076
1312.827254,0.098
1313.025504,0.061
1313.223504,0.057
1313.421504,0.052000000000000005
1313.619504,0.065
1313.817304,0.047
1314.015504,0.053
1314.2135039999998,0.111
1314.411554,0.11
1314.609554,0.085
1314.807554,0.058
1315.005504,0.076
1315.2035039999998,0.056
1315.4017039999999,0.021
1315.599554,0.032
1315.797554,0.031
1315.9955539999999,0.066
1316.193554,0.042
1316.391704,0.068
1316.589704,0.083
1316.787554,0.098
1316.985704,0.042
1317.183554,0.047
1317.382404,0.049
1317.5797539999999,0.032
1317.7776039999999,0.075
1317.975754,0.092
1318.1736039999998,0.082
1318.371754,0.1
1318.5697539999999,0.095
1318.767754,0.094
1318.9657539999998,0.06
1319.164004,0.1
1319.361804,0.095
1319.559804,0.05
1319.7578039999999,0.049
1319.955804,0.073
1320.153804,0.097
1320.3520039999999,0.079
1320.550454,0.098
1320.7478039999999,0.053
1320.945954,0.064
1321.1440539999999,0.053
1321.342054,0.043000000000000003
1321.5398539999999,0.023
1321.7378039999999,0.085
1321.935954,0.091
1322.1340539999999,0.092
1322.332054,0.107
1322.5300539999998,0.096
1322.727854,0.093
1322.926004,0.11800000000000001
1323.1242539999998,0.10400000000000001
1323.3221039999999,0.114
1323.520104,0.08700000000000001
1323.718504,0.12
1323.916004,0.11
1324.114004,0.116
1324.312254,0.123
1324.510104,0.12
1324.708154,0.14
1324.906054,0.10300000000000001
1325.104904,0.093
1325.302304,0.062
1325.500104,0.083
1325.698154,0.067
1325.896054,0.056
1326.094304,0.044
1326.2923039999998,0.062
1326.490304,0.083
1326.688304,0.055
1326.8869539999998,0.035
1327.084304,0.048
1327.2823039999998,0.029
1327.480304,0.011
1327.678204,0.051000000000000004
1327.876304,0.03
1328.074504,0.058
1328.2731039999999,0.066
1328.470354,0.051000000000000004
1328.668354,0.052000000000000005
1328.866354,0.038
1329.261604,0.043000000000000003
1329.459654,0.095
1329.657604,0.082
1329.855854,0.07100000000000001
1330.053604,0.084
1330.2518539999999,0.064
1330.449654,0.07
1330.6476539999999,0.068
1330.845654,0.08600000000000001
1331.0436539999998,0.089
1331.241904,0.06
1331.439654,0.061
1331.6376539999999,0.065
1331.835654,0.098
1332.033854,0.093
1332.231904,0.094
1332.4299039999999,0.106
1332.627704,0.112
1332.825904,0.066
1333.023904,0.049
1333.221904,0.07100000000000001
1333.4199039999999,0.041
1333.617904,0.034
1333.8157039999999,0.025
1334.013904,0.04
1334.212104,0.021
1334.409954,0.037
1334.6079539999998,0.055
1334.805754,0.051000000000000004
1335.003954,0.012
1335.202104,0.061
1335.399954,0.066
1335.5979539999998,0.051000000000000004
1335.796104,0.059000000000000004
1335.993954,0.07200000000000001
1336.1921539999998,0.037
1336.390154,0.075
1336.588004,0.062
1336.786004,0.064
1336.984004,0.054
1337.1821539999999,0.021
1337.380154,0.014
1337.578804,0.029
1337.7760039999998,0.066
1337.9742039999999,0.066
1338.172204,0.038
1338.3702039999998,0.034
1338.568204,0.038
1338.766154,0.064
1338.9642039999999,0.062
1339.162204,0.054
1339.3602039999998,0.06
1339.558204,0.076
1339.756204,0.063
1339.954204,0.039
1340.152454,0.053
1340.3502039999998,0.057
1340.548204,0.056
1340.7470039999998,0.034
1340.944254,0.015
1341.142454,0.045
1341.340454,0.067
1341.538254,0.08600000000000001
1341.736404,0.09
1341.9344039999999,0.023
1342.133104,0.012
1342.330454,0.027
1342.5282539999998,0.061
1342.726404,0.039
1342.9244039999999,0.039
1343.122504,0.034
1343.320504,0.019
1343.518504,0.046
1343.7164539999999,0.02
1343.9150539999998,0.05
1344.112654,0.08
1344.310504,0.07200000000000001
1344.508554,0.059000000000000004
1344.706454,0.057
1344.904454,0.027
1345.102704,0.033
1345.301354,0.034
1345.498554,0.028
1345.696704,0.045
1345.894454,0.066
1346.092704,0.041
1346.290704,0.065
1346.488604,0.079
1346.686704,0.06
1346.8845039999999,0.07100000000000001
1347.082754,0.065
1347.280754,0.115
1347.478754,0.113
1347.6767539999998,0.109
1347.874754,0.092
1348.072754,0.083
1348.270754,0.051000000000000004
1348.469404,0.035
1348.6667539999999,0.035
1349.062004,0.057
1349.2600539999999,0.056
1349.458054,0.07
1349.656054,0.047
1349.854054,0.029
1350.052054,0.032
1350.2500539999999,0.011
1350.448054,0.018000000000000002
1350.646054,0.026000000000000002
1350.844054,0.036000000000000004
1351.042054,0.02
1351.240304,0.027
1351.4381039999998,0.023
1351.636104,0.038
1351.834304,0.048
1352.032054,0.029
1352.230304,0.015
1352.4281039999998,0.015
1352.626104,0.037
1352.824304,0.029
1353.0223039999998,0.049
1353.220354,0.04
1353.418354,0.049
1353.616104,0.055
1353.8143539999999,0.073
1354.012354,0.042
1354.210354,0.044
1354.408354,0.075
1354.606354,0.098
1354.8043539999999,0.08
1355.002554,0.088
1355.200554,0.052000000000000005
1355.398404,0.049
1355.596354,0.065
1355.7943539999999,0.075
1355.992354,0.088
1356.190554,0.091
1356.388404,0.111
1356.586404,0.117
1356.784604,0.147
1356.9824039999999,0.10200000000000001
1357.180554,0.12
1357.378554,0.163
1357.576404,0.109
1357.775204,0.123
1357.9724039999999,0.094
1358.170604,0.076
1358.368604,0.088
1358.5666039999999,0.084
1358.764604,0.084
1358.9626039999998,0.10400000000000001
1359.1612539999999,0.108
1359.358604,0.10200000000000001
1359.5566039999999,0.073
1359.7546539999998,0.077
1359.952654,0.098
1360.150654,0.076
1360.348654,0.069
1360.546654,0.066
1360.744804,0.08
1360.9435039999998,0.10300000000000001
1361.140854,0.089
1361.338654,0.077
1361.5368039999998,0.113
1361.734804,0.099
1361.9327039999998,0.10200000000000001
1362.1309039999999,0.061
1362.329554,0.051000000000000004
1362.526654,0.063
1362.724804,0.019
1362.9230539999999,0.026000000000000002
1363.1209039999999,0.017
1363.3189539999998,0.013000000000000001
1363.516704,0.014
1363.714954,0.017
1363.913104,0.029
1364.110954,0.046
1364.3089539999999,0.016
1364.507104,0.023
1364.7048539999998,0.032
1364.902854,0.035
1365.1011039999999,0.038
1365.299004,0.03
1365.497604,0.022
1365.694904,0.027
1365.892904,0.013000000000000001
1366.091154,0.048
1366.289104,0.044
1366.4870039999998,0.082
1366.685154,0.039
1366.8831539999999,0.014
1367.081154,0.033
1367.2791539999998,0.047
1367.477154,0.021
1367.675154,0.035
1367.8729039999998,0.054
1368.071154,0.059000000000000004
1368.2691539999998,0.04
1368.467154,0.047
1368.8624539999998,0.047
1369.060454,0.053
1369.258454,0.032
1369.456454,0.035
1369.654454,0.035
1369.8524539999999,0.023
1370.050704,0.037
1370.248454,0.03
1370.446454,0.028
1370.644704,0.048
1370.8424539999999,0.023
1371.0405039999998,0.033
1371.238504,0.037
1371.436504,0.052000000000000005
1371.6345039999999,0.013000000000000001
1371.832704,0.036000000000000004
1372.0305039999998,0.013000000000000001
1372.228754,0.046
1372.426504,0.054
1372.624754,0.05
1372.822704,0.09
1373.020754,0.045
1373.218754,0.031
1373.416554,0.015
1373.614754,0.07
1373.812754,0.02
1374.0109539999999,0.034
1374.208754,0.011
1374.4067539999999,0.013000000000000001
1374.604754,0.019
1374.802754,0.041
1375.0009539999999,0.053
1375.1988039999999,0.036000000000000004
1375.396804,0.023
1375.5948039999998,0.033
1375.792804,0.055
1375.9909539999999,0.059000000000000004
1376.189604,0.055
1376.386804,0.053
1376.585004,0.022
1376.782804,0.054
1376.981004,0.04
1377.1790039999998,0.022
1377.3768539999999,0.036000000000000004
1377.575004,0.055
1377.773004,0.034
1377.971654,0.03
1378.1690039999999,0.057
1378.367004,0.04
1378.565054,0.011
1378.763054,0.037
1378.9610539999999,0.015
1379.159054,0.02
1379.357654,0.017
1379.555204,0.043000000000000003
1379.753054,0.073
1379.9512539999998,0.041
1380.149054,0.044
1380.3470539999998,0.028
1380.545204,0.075
1380.743054,0.053
1380.941304,0.041
1381.139054,0.045
1381.3370539999999,0.07100000000000001
1381.535204,0.051000000000000004
1381.733204,0.04
1381.931304,0.021
1382.129304,0.036000000000000004
1382.327104,0.026000000000000002
1382.5259039999999,0.024
1382.723254,0.035
1382.9213539999998,0.044
1383.119354,0.013000000000000001
1383.317354,0.024
1383.515254,0.012
1383.713254,0.035
1383.911504,0.022
1384.109354,0.062
1384.307354,0.088
1384.505304,0.045
1384.703304,0.024
1384.901504,0.036000000000000004
1385.099354,0.026000000000000002
1385.297404,0.031
1385.495504,0.021
1385.6939539999998,0.02
1385.891554,0.018000000000000002
1386.089554,0.028
1386.287404,0.038
1386.4855539999999,0.061
1386.683304,0.033
1386.8815539999998,0.021
1387.0802039999999,0.014
1387.277554,0.044
1387.4755539999999,0.02
1387.6736039999998,0.035
1387.871604,0.026000000000000002
1388.069604,0.023
1388.267604,0.031
1388.662854,0.033
1389.4556539999999,0.034
1389.652854,0.038
1389.8511039999999,0.059000000000000004
1390.048904,0.049
1390.2469039999999,0.047
1390.444904,0.066
1390.642904,0.07200000000000001
1390.840904,0.048
1391.039104,0.026000000000000002
1391.2369039999999,0.021
1391.434904,0.003
1391.633104,0.024
1391.830904,0.007
1392.0291539999998,0.031
1392.226954,0.029
1392.4249539999998,0.022
1392.6231539999999,0.016
1392.8213039999998,0.085
1393.0191539999998,0.043000000000000003
1393.217154,0.034
1393.415154,0.011
1393.613154,0.055
1393.8112039999999,0.018000000000000002
1394.009204,0.008
1394.207204,0.029
1394.405204,0.035
1394.603204,0.017
1394.8012039999999,0.025
1394.999354,0.021
1395.1972039999998,0.036000000000000004
1395.395204,0.03
1395.593204,0.035
1395.7914039999998,0.019
1395.989404,0.015
1396.187254,0.038
1396.3854039999999,0.047
1396.583204,0.036000000000000004
1396.781204,0.053
1396.9800539999999,0.024
1397.177404,0.036000000000000004
1397.375254,0.031
1397.5734539999999,0.021
1397.771254,0.01
1397.969404,0.051000000000000004
1398.167404,0.034
1398.365254,0.044
1398.5634539999999,0.037
1398.761654,0.038
1398.9594539999998,0.035
1399.157454,0.036000000000000004
1399.3556039999999,0.029
1399.5534539999999,0.065
1399.751454,0.038
1399.9494539999998,0.033
1400.147454,0.04
1400.345454,0.017
1400.543604,0.009000000000000001
1400.741704,0.031
1400.939704,0.024
1401.137504,0.017
1401.335504,0.011
1401.534254,0.018000000000000002
1401.731704,0.011
1401.929704,0.003
1402.127504,0.034
1402.325654,0.031
1402.5236539999999,0.034
1402.721654,0.07
1402.919754,0.023
1403.1177539999999,0.014
1403.315504,0.022
1403.5136539999999,0.032
1403.711654,0.048
1403.909754,0.007
1404.107804,0.008
1404.3058039999999,0.015
1404.503704,0.036000000000000004
1404.7026039999998,0.003
1404.899954,0.034
1405.097804,0.03
1405.295954,0.036000000000000004
1405.493704,0.035
1405.691954,0.027
1405.889954,0.036000000000000004
1406.088454,0.016
1406.285954,0.017
1406.484004,0.006
1406.682004,0.019
1406.879954,0.006
1407.0779539999999,0.029
1407.275954,0.034
1407.474004,0.022
1407.672004,0.04
1407.8706539999998,0.051000000000000004
1408.265254,0.054
1408.6612539999999,0.027
1408.8593039999998,0.008
1409.057304,0.015
1409.255304,0.032
1409.453304,0.02
1409.651304,0.017
1409.849254,0.035
1410.047304,0.029
1410.245304,0.024
1410.4435039999998,0.029
1410.641304,0.013000000000000001
1410.839554,0.004
1411.037304,0.021
1411.235304,0.019
1411.433554,0.028
1411.631304,0.009000000000000001
1411.829554,0.038
1412.027554,0.036000000000000004
1412.225354,0.029
1412.423554,0.059000000000000004
1412.6215539999998,0.036000000000000004
1412.819604,0.017
1413.017604,0.013000000000000001
1413.215354,0.044
1413.413554,0.023
1413.6115539999998,0.012
1413.8104039999998,0.041
1414.007604,0.027
1414.205604,0.018000000000000002
1414.4036039999999,0.03
1414.601604,0.012
1414.799754,0.053
1414.997604,0.048
1415.195604,0.051000000000000004
1415.3936039999999,0.041
1415.591604,0.023
1415.789804,0.032
1415.9878039999999,0.024
1416.1856539999999,0.026000000000000002
1416.3838039999998,0.013000000000000001
1416.5816539999998,0.017
1416.779804,0.022
1416.9784539999998,0.013000000000000001
1417.175804,0.022
1417.373854,0.009000000000000001
1417.571854,0.018000000000000002
1417.769854,0.009000000000000001
1417.967854,0.035
1418.1658539999999,0.051000000000000004
1418.364504,0.023
1418.561854,0.011
1418.759854,0.044
1418.957854,0.04
1419.156004,0.039
1419.353854,0.024
1419.551904,0.02
1419.750104,0.031
1419.9479039999999,0.023
1420.146054,0.003
1420.344004,0.011
1420.541904,0.019
1420.740104,0.011
1420.937904,0.028
1421.1360539999998,0.034
1421.334054,0.056
1421.532954,0.022
1421.7301539999999,0.037
1421.928154,0.034
1422.1260539999998,0.038
1422.324054,0.032
1422.522054,0.011
1422.7201539999999,0.016
1422.9181039999999,0.022
1423.116104,0.004
1423.314104,0.016
1423.512104,0.001
1423.7103539999998,0.019
1423.908154,0.011
1424.106304,0.009000000000000001
1424.3041039999998,0.015
1424.502354,0.023
1424.701004,0.042
1424.8982039999999,0.047
1425.096354,0.008
1425.2943539999999,0.056
1425.492154,0.033
1425.6903539999998,0.009000000000000001
1425.888354,0.035
1426.087004,0.023
1426.284354,0.032
1426.482154,0.013000000000000001
1426.680404,0.009000000000000001
1426.878404,0.011
1427.076554,0.004
1427.274404,0.013000000000000001
1427.472554,0.037
1427.670404,0.03
1427.869054,0.025
1428.2636539999999,0.034
1428.6599039999999,0.017
1428.857704,0.027
1429.0557039999999,0.032
1429.253904,0.019
1429.4517039999998,0.035
1429.649704,0.014
1429.847704,0.026000000000000002
1430.045704,0.007
1430.243954,0.014
1430.4417039999998,0.048
1430.639954,0.038
1430.837754,0.036000000000000004
1431.035754,0.028
1431.233954,0.009000000000000001
1431.431954,0.016
1431.629754,0.038
1431.8279539999999,0.025
1432.025754,0.028
1432.223954,0.011
1432.421954,0.023
1432.6197539999998,0.033
1432.818004,0.033
1433.0160039999998,0.014
1433.214004,0.021
1433.412004,0.028
1433.610154,0.03
1433.808004,0.002
1434.0060039999998,0.03
1434.204004,0.025
1434.402004,0.017
1434.600004,0.009000000000000001
1434.798204,0.007
1434.996054,0.028
1435.194804,0.027
1435.392054,0.053
1435.590054,0.033
1435.788204,0.033
1435.986054,0.04
1436.184204,0.014
1436.382054,0.025
1436.580254,0.027
1436.7782539999998,0.039
1436.976854,0.034
1437.174204,0.012
1437.3722539999999,0.032
1437.570254,0.028
1437.7682539999998,0.032
1437.966254,0.016
1438.164254,0.034
1438.3629039999998,0.031
1438.560504,0.024
1438.7582539999999,0.024
1438.956304,0.029
1439.1544039999999,0.007
1439.352304,0.018000000000000002
1439.550504,0.014
1439.748304,0.004
1439.9463039999998,0.023
1440.144454,0.026000000000000002
1440.342304,0.051000000000000004
1440.540554,0.016
1440.738554,0.047
1440.9363039999998,0.042
1441.134454,0.052000000000000005
1441.3324539999999,0.043000000000000003
1441.531204,0.046
1441.728554,0.027
1441.926354,0.043000000000000003
1442.124504,0.032
1442.322504,0.035
1442.520704,0.034
1442.718554,0.051000000000000004
1442.916604,0.026000000000000002
1443.114504,0.034
1443.312504,0.015
1443.510754,0.01
1443.708604,0.033
1443.906604,0.033
1444.104504,0.016
1444.302504,0.07200000000000001
1444.500754,0.058
1444.699404,0.04
1444.896604,0.057
1445.094754,0.05
1445.2925539999999,0.05
1445.490804,0.038
1445.688804,0.033
1445.886654,0.032
1446.085404,0.029
1446.282804,0.03
1446.480804,0.004
1446.678804,0.031
1446.876804,0.03
1447.0748039999999,0.004
1447.272804,0.003
1447.470854,0.026000000000000002
1447.668804,0.048
1447.867454,0.023
1448.262104,0.017
1448.460104,0.034
1448.6581039999999,0.043000000000000003
1448.856104,0.019
1449.0541039999998,0.023
1449.252104,0.007
1449.450104,0.013000000000000001
1449.6481039999999,0.034
1449.8461539999998,0.026000000000000002
1450.044154,0.021
1450.242354,0.044
1450.440104,0.024
1450.638354,0.029
1450.8361539999999,0.038
1451.034154,0.033
1451.232354,0.035
1451.430154,0.011
1451.628404,0.006
1451.826404,0.039
1452.024154,0.011
1452.2224039999999,0.032
1452.420404,0.032
1452.6184039999998,0.025
1452.816404,0.023
1453.0142039999998,0.021
1453.2124039999999,0.024
1453.410404,0.014
1453.608454,0.014
1453.806454,0.025
1454.0052039999998,0.018000000000000002
1454.202404,0.017
1454.400404,0.038
1454.598604,0.025
1454.796454,0.062
1454.994454,0.025
1455.192454,0.028
1455.3904539999999,0.011
1455.588604,0.03
1455.786604,0.002
1455.984454,0.027
1456.1826039999999,0.061
1456.3806539999998,0.049
1456.578654,0.042
1456.776654,0.028
1456.9746539999999,0.009000000000000001
1457.172654,0.014
1457.370504,0.02
1457.568654,0.056
1457.766654,0.043000000000000003
1457.9646539999999,0.02
1458.162654,0.006
1458.360704,0.008
1458.559354,0.03
1458.756704,0.041
1458.954704,0.027
1459.1527039999999,0.026000000000000002
1459.350904,0.041
1459.548904,0.05
1459.746704,0.04
1459.9448539999999,0.028
1460.142854,0.034
1460.3407539999998,0.056
1460.5389539999999,0.036000000000000004
1460.736704,0.049
1460.934704,0.079
1461.132854,0.068
1461.330854,0.041
1461.5289539999999,0.061
1461.727604,0.037
1461.924754,0.035
1462.1229039999998,0.033
1462.321154,0.004
1462.519004,0.051000000000000004
1462.7170039999999,0.027
1462.914904,0.017
1463.113554,0.035
1463.310904,0.017
1463.5091539999999,0.029
1463.7070039999999,0.066
1463.9050539999998,0.017
1464.102954,0.025
1464.300954,0.059000000000000004
1464.499204,0.124
1464.6970039999999,0.082
1464.895654,0.085
1465.093154,0.059000000000000004
1465.2912039999999,0.048
1465.489204,0.075
1465.6872039999998,0.028
1465.885204,0.035
1466.083204,0.027
1466.281604,0.046
1466.479204,0.033
1466.6772039999998,0.039
1466.8750539999999,0.011
1467.073204,0.038
1467.271254,0.07200000000000001
1467.4692539999999,0.024
1467.864504,0.04
1468.2605039999999,0.061
1468.458504,0.051000000000000004
1468.656504,0.016
1468.854504,0.055
1469.0527539999998,0.032
1469.2505039999999,0.053
1469.448504,0.046
1469.6465039999998,0.069
1469.844554,0.044
1470.0425539999999,0.044
1470.240554,0.063
1470.4385539999998,0.037
1470.636554,0.043000000000000003
1470.834554,0.047
1471.032554,0.088
1471.230754,0.015
1471.428804,0.078
1471.626804,0.058
1471.824604,0.041
1472.022804,0.039
1472.220804,0.043000000000000003
1472.418804,0.07200000000000001
1472.616804,0.018000000000000002
1472.8148039999999,0.04
1473.012804,0.023
1473.2108039999998,0.077
1473.4090039999999,0.038
1473.6068539999999,0.073
1473.804854,0.012
1474.0028539999998,0.039
1474.200854,0.009000000000000001
1474.3990039999999,0.069
1474.597004,0.048
1474.794854,0.016
1474.993004,0.036000000000000004
1475.190854,0.026000000000000002
1475.389704,0.062
1475.5870539999999,0.074
1475.7849039999999,0.059000000000000004
1475.983054,0.03
1476.1809039999998,0.052000000000000005
1476.379054,0.036000000000000004
1476.5770539999999,0.023
1476.775054,0.044
1476.9730539999998,0.05
1477.171054,0.041
1477.3691039999999,0.043000000000000003
1477.567104,0.043000000000000003
1477.7651039999998,0.01
1477.9630539999998,0.028
1478.161054,0.077
1478.359104,0.089
1478.557754,0.035
1478.7551039999998,0.042
1478.953254,0.08700000000000001
1479.151104,0.055
1479.349354,0.015
1479.547104,0.066
1479.7451039999999,0.068
1479.943254,0.006
1480.141104,0.034
1480.339354,0.041
1480.5373539999998,0.046
1480.735154,0.045
1480.933304,0.062
1481.131304,0.056
1481.3293039999999,0.067
1481.5273539999998,0.109
1481.725804,0.025
1481.923304,0.036000000000000004
1482.121304,0.042
1482.319554,0.017
1482.517404,0.018000000000000002
1482.715404,0.036000000000000004
1482.913354,0.105
1483.111954,0.057
1483.309554,0.063
1483.507404,0.024
1483.705404,0.032
1483.903354,0.025
1484.1015539999999,0.05
1484.299604,0.024
1484.497604,0.083
1484.695454,0.025
1484.894254,0.009000000000000001
1485.091354,0.069
1485.2896039999998,0.053
1485.487604,0.03
1485.685454,0.013000000000000001
1485.8836039999999,0.088
1486.081604,0.05
1486.280254,0.039
1486.477654,0.057
1486.675654,0.065
1486.873654,0.039
1487.071804,0.054
1487.269654,0.019
1487.664904,0.018000000000000002
1487.8629039999998,0.059000000000000004
1488.060904,0.061
1488.259104,0.062
1488.456904,0.021
1488.654904,0.023
1488.853154,0.078
1489.0509539999998,0.03
1489.2491539999999,0.029
1489.446954,0.076
1489.6449539999999,0.083
1489.842954,0.024
1490.041154,0.074
1490.2391539999999,0.062
1490.4372039999998,0.016
1490.6349539999999,0.042
1490.8330039999998,0.055
1491.031204,0.036000000000000004
1491.229204,0.069
1491.4272039999998,0.021
1491.624954,0.014
1491.823204,0.026000000000000002
1492.021204,0.08700000000000001
1492.2193539999998,0.045
1492.417254,0.08
1492.6152539999998,0.048
1492.8130039999999,0.068
1493.011254,0.016
1493.209404,0.039
1493.407254,0.065
1493.6052539999998,0.054
1493.803254,0.079
1494.001254,0.061
1494.199404,0.051000000000000004
1494.397454,0.025
1494.595304,0.126
1494.7934539999999,0.032
1494.991254,0.023
1495.189404,0.013000000000000001
1495.387454,0.06
1495.586104,0.03
1495.783304,0.038
1495.981454,0.033
1496.1794539999999,0.016
1496.377454,0.046
1496.575454,0.067
1496.7733039999998,0.053
1496.971454,0.098
1497.1694539999999,0.056
1497.3675039999998,0.04
1497.565504,0.039
1497.7636539999999,0.10300000000000001
1497.9615039999999,0.036000000000000004
1498.159754,0.062
1498.3575039999998,0.028
1498.555504,0.043000000000000003
1498.754154,0.011
1498.9515039999999,0.021
1499.149754,0.066
1499.347754,0.041
1499.545554,0.049
1499.743704,0.08600000000000001
1499.9417039999998,0.022
1500.140404,0.081
1500.337754,0.028
1500.5355539999998,0.059000000000000004
1500.733704,0.064
1500.9317039999999,0.025
1501.129804,0.027
1501.327804,0.032
1501.5258039999999,0.034
1501.723554,0.017
1501.922354,0.082
1502.119954,0.042
1502.317804,0.031
1502.515804,0.036000000000000004
1502.713604,0.088
1502.911754,0.106
1503.109954,0.056
1503.3086039999998,0.051000000000000004
1503.505854,0.058
1503.704004,0.063
1503.901754,0.08
1504.100004,0.027
1504.297954,0.039
1504.495854,0.111
1504.694004,0.063
1504.8918039999999,0.039
1505.090004,0.038
1505.288004,0.016
1505.4860039999999,0.031
1505.6838539999999,0.04
1505.8820039999998,0.045
1506.080004,0.051000000000000004
1506.278004,0.018000000000000002
1506.476704,0.067
1506.6740539999998,0.14200000000000002
1506.872054,0.107
1507.267304,0.012
1507.663304,0.059000000000000004
1507.861354,0.07100000000000001
1508.059354,0.14
1508.257304,0.09
1508.4553039999998,0.036000000000000004
1508.653304,0.056
1508.8515539999999,0.109
1509.049354,0.024
1509.247554,0.016
1509.445354,0.038
1509.643354,0.055
1509.841604,0.018000000000000002
1510.039354,0.053
1510.237604,0.041
1510.435354,0.042
1510.6333539999998,0.043000000000000003
1510.831604,0.028
1511.0296039999998,0.101
1511.227604,0.036000000000000004
1511.425654,0.07
1511.623404,0.078
1511.821604,0.135
1512.0196039999998,0.04
1512.217604,0.10300000000000001
1512.415604,0.05
1512.613404,0.042
1512.8116539999999,0.027
1513.009654,0.058
1513.207804,0.09
1513.405654,0.065
1513.603654,0.051000000000000004
1513.8016539999999,0.026000000000000002
1513.999654,0.049
1514.197804,0.045
1514.395654,0.023
1514.593704,0.023
1514.7918539999998,0.037
1514.9897039999998,0.057
1515.187854,0.124
1515.3858539999999,0.007
1515.583704,0.06
1515.7818539999998,0.074
1515.9797039999999,0.082
1516.177854,0.018000000000000002
1516.375904,0.132
1516.5739039999999,0.068
1516.771904,0.007
1516.969904,0.046
1517.167904,0.052000000000000005
1517.365904,0.033
1517.5639039999999,0.074
1517.761904,0.059000000000000004
1517.9599039999998,0.085
1518.157904,0.081
1518.355904,0.062
1518.5539039999999,0.033
1518.752704,0.059000000000000004
1518.9499039999998,0.115
1519.148154,0.11900000000000001
1519.345904,0.035
1519.543954,0.046
1519.7420539999998,0.035
1519.939954,0.10200000000000001
1520.138804,0.022
1520.335954,0.039
1520.533954,0.062
1520.732104,0.022
1520.930104,0.039
1521.1282039999999,0.063
1521.326204,0.019
1521.5240039999999,0.003
1521.722104,0.043000000000000003
1521.9208039999999,0.115
1522.118354,0.111
1522.316204,0.023
1522.5142039999998,0.077
1522.7121539999998,0.032
1522.910154,0.02
1523.108354,0.07100000000000001
1523.306904,0.077
1523.504254,0.067
1523.7021539999998,0.057
1523.900204,0.044
1524.0984039999998,0.137
1524.296404,0.057
1524.494254,0.047
1524.692404,0.08
1524.890204,0.044
1525.0884039999999,0.028
1525.286404,0.054
1525.4843039999998,0.023
1525.682454,0.042
1525.8802039999998,0.031
1526.078454,0.129
1526.2764539999998,0.123
1526.4751039999999,0.041
1526.672454,0.096
1526.870604,0.12
1527.265704,0.082
1527.6617039999999,0.095
1527.8597539999998,0.10400000000000001
1528.057754,0.039
1528.255754,0.022
1528.453754,0.038
1528.651754,0.084
1528.8497539999998,0.068
1529.047954,0.07100000000000001
1529.245754,0.014
1529.443754,0.029
1529.641954,0.11900000000000001
1529.840004,0.055
1530.0378039999998,0.116
1530.2360039999999,0.14400000000000002
1530.433804,0.07100000000000001
1530.631754,0.053
1530.830004,0.093
1531.0278039999998,0.063
1531.2260039999999,0.031
1531.423804,0.03
1531.6218039999999,0.10300000000000001
1531.820054,0.17
1532.018204,0.053
1532.216054,0.028
1532.4140539999999,0.056
1532.612054,0.034
1532.810054,0.052000000000000005
1533.008054,0.033
1533.206054,0.023
1533.4040539999999,0.009000000000000001
1533.601854,0.031
1533.800104,0.041
1533.998104,0.117
1534.196254,0.083
1534.3940539999999,0.1
1534.5921039999998,0.049
1534.790104,0.076
1534.9882539999999,0.045
1535.186254,0.064
1535.384104,0.078
1535.5829039999999,0.034
1535.780254,0.132
1535.9782539999999,0.17300000000000001
1536.176254,0.164
1536.3742539999998,0.125
1536.572154,0.016
1536.770304,0.007
1536.968254,0.057
1537.1663039999999,0.031
1537.364304,0.08600000000000001
1537.562304,0.025
1537.760304,0.063
1537.9585539999998,0.125
1538.1563039999999,0.099
1538.354304,0.11
1538.552454,0.056
1538.751004,0.034
1538.9483539999999,0.013000000000000001
1539.146354,0.08700000000000001
1539.3443539999998,0.038
1539.542354,0.091
1539.7405039999999,0.009000000000000001
1539.938354,0.068
1540.137254,0.093
1540.3343539999998,0.07100000000000001
1540.532404,0.008
1540.7305039999999,0.121
1540.928604,0.124
1541.126604,0.028
1541.324604,0.026000000000000002
1541.522504,0.083
1541.720504,0.098
1541.919404,0.108
1542.116654,0.037
1542.314654,0.006
1542.512554,0.081
1542.710554,0.052000000000000005
1542.908804,0.048
1543.106654,0.028
1543.305304,0.069
1543.502804,0.077
1543.700554,0.017
1543.898804,0.031
1544.096804,0.024
1544.294704,0.052000000000000005
1544.4928539999999,0.081
1544.690604,0.026000000000000002
1544.888604,0.12
1545.086804,0.034
1545.284804,0.062
1545.4828539999999,0.021
1545.680854,0.046
1545.8788539999998,0.052000000000000005
1546.076854,0.10300000000000001
1546.274854,0.062
1546.4735039999998,0.037
1546.670854,0.07200000000000001
1546.8688539999998,0.035
1547.264154,0.066
1547.660154,0.067
1547.858104,0.07200000000000001
1548.0561539999999,0.053
1548.254154,0.021
1548.4521539999998,0.121
1548.650154,0.135
1548.848154,0.1
1549.046404,0.069
1549.244154,0.045
1549.4421539999998,0.14300000000000002
1549.640404,0.068
1549.838154,0.06
1550.036404,0.042
1550.2342039999999,0.014
1550.432204,0.037
1550.630404,0.11900000000000001
1550.8284039999999,0.08
1551.0264539999998,0.041
1551.224454,0.055
1551.422204,0.07
1551.620404,0.052000000000000005
1551.8184039999999,0.078
1552.0164539999998,0.05
1552.214454,0.07100000000000001
1552.412454,0.043000000000000003
1552.610454,0.058
1552.808454,0.114
1553.006604,0.059000000000000004
1553.204454,0.038
1553.402454,0.059000000000000004
1553.600454,0.053
1553.798454,0.084
1553.996654,0.132
1554.1945039999998,0.011
1554.392504,0.056
1554.5906539999999,0.04
1554.7885039999999,0.055
1554.9866539999998,0.048
1555.184654,0.097
1555.382504,0.10400000000000001
1555.5813039999998,0.029
1555.7785039999999,0.092
1555.976704,0.061
1556.174704,0.004
1556.372554,0.043000000000000003
1556.570704,0.042
1556.7687039999998,0.052000000000000005
1556.966704,0.073
1557.164704,0.005
1557.362704,0.038
1557.5607539999999,0.036000000000000004
1557.758754,0.044
1557.9567539999998,0.017
1558.154704,0.026000000000000002
1558.352704,0.09
1558.5508539999998,0.048
1558.749404,0.051000000000000004
1558.946954,0.061
1559.144754,0.1
1559.342754,0.147
1559.540904,0.111
1559.738754,0.08
1559.937004,0.027
1560.1356039999998,0.062
1560.332754,0.061
1560.530904,0.055
1560.7291539999999,0.123
1560.927004,0.048
1561.125004,0.057
1561.322954,0.043000000000000003
1561.5209539999998,0.044
1561.719204,0.074
1561.9176539999999,0.045
1562.115004,0.11800000000000001
1562.313054,0.06
1562.5109539999999,0.063
1562.708954,0.052000000000000005
1562.9072039999999,0.054
1563.1050539999999,0.042
1563.303704,0.01
1563.501004,0.024
1563.699204,0.054
1563.8972039999999,0.078
1564.095204,0.042
1564.2932039999998,0.028
1564.491204,0.037
1564.6890039999998,0.079
1564.887254,0.083
1565.0852539999998,0.029
1565.2831039999999,0.049
1565.481254,0.066
1565.6790039999998,0.057
1565.877254,0.056
1566.0752539999999,0.07
1566.273254,0.043000000000000003
1566.471904,0.045
1566.6694539999999,0.05
1566.8673039999999,0.039
1567.262554,0.015
1567.460554,0.041
1567.6585539999999,0.076
1567.856554,0.047
1568.0545539999998,0.043000000000000003
1568.252554,0.042
1568.450554,0.055
1568.6485539999999,0.036000000000000004
1568.846554,0.078
1569.0445539999998,0.022
1569.242604,0.076
1569.440604,0.064
1569.638604,0.053
1569.836804,0.022
1570.034804,0.049
1570.232604,0.013000000000000001
1570.4308039999999,0.018000000000000002
1570.628804,0.066
1570.8266039999999,0.035
1571.024854,0.016
1571.222654,0.063
1571.420604,0.079
1571.6188539999998,0.053
1571.816854,0.095
1572.014854,0.043000000000000003
1572.2128539999999,0.048
1572.410654,0.046
1572.6088539999998,0.043000000000000003
1572.8070539999999,0.137
1573.004904,0.12
1573.202904,0.069
1573.4009039999999,0.036000000000000004
1573.598904,0.011
1573.796904,0.11800000000000001
1573.995054,0.101
1574.192904,0.077
1574.3909039999999,0.034
1574.588904,0.07200000000000001
1574.7869039999998,0.101
1574.9851039999999,0.039
1575.182904,0.027
1575.3809039999999,0.051000000000000004
1575.579054,0.101
1575.777754,0.055
1575.9751039999999,0.035
1576.173104,0.02
1576.3711039999998,0.08
1576.569104,0.029
1576.767104,0.014
1576.9651039999999,0.066
1577.163754,0.009000000000000001
1577.361254,0.083
1577.559104,0.032
1577.7573539999999,0.036000000000000004
1577.955154,0.038
1578.1531539999999,0.043000000000000003
1578.351304,0.035
1578.5491539999998,0.075
1578.747404,0.038
1578.945804,0.089
1579.1431539999999,0.081
1579.341304,0.048
1579.539304,0.062
1579.737404,0.038
1579.9354039999998,0.03
1580.133204,0.033
1580.331954,0.08
1580.529354,0.061
1580.727404,0.049
1580.9254039999998,0.073
1581.123404,0.007
1581.321354,0.11800000000000001
1581.519354,0.082
1581.717604,0.061
1581.915454,0.036000000000000004
1582.1134539999998,0.041
1582.311354,0.058
1582.509354,0.182
1582.707604,0.11800000000000001
1582.905454,0.063
1583.1034539999998,0.047
1583.301604,0.059000000000000004
1583.5000539999999,0.056
1583.697604,0.034
1583.895654,0.068
1584.093504,0.123
1584.2916539999999,0.053
1584.489404,0.044
1584.687604,0.032
1584.885654,0.045
1585.083654,0.06
1585.281654,0.023
1585.479654,0.02
1585.6776539999998,0.036000000000000004
1585.875654,0.049
1586.073654,0.044
1586.271654,0.046
1586.469654,0.037
1586.864954,0.07100000000000001
1587.062954,0.066
1587.261154,0.011
1587.458954,0.039
1587.656954,0.073
1587.854954,0.078
1588.052954,0.044
1588.251204,0.015
1588.448954,0.022
1588.6469539999998,0.029
1588.845204,0.063
1589.042954,0.038
1589.241204,0.094
1589.439204,0.042
1589.637004,0.023
1589.8352539999998,0.057
1590.033004,0.039
1590.231004,0.069
1590.429254,0.023
1590.627254,0.029
1590.8252539999999,0.134
1591.023254,0.057
1591.2212539999998,0.032
1591.419254,0.035
1591.617254,0.07100000000000001
1591.8152539999999,0.025
1592.0133039999998,0.047
1592.2112539999998,0.077
1592.409254,0.034
1592.6074039999999,0.023
1592.806104,0.023
1593.0033039999998,0.059000000000000004
1593.201454,0.034
1593.399304,0.093
1593.597304,0.067
1593.7954539999998,0.056
1593.9933039999999,0.012
1594.192104,0.03
1594.389454,0.054
1594.587304,0.055
1594.785504,0.078
1594.983504,0.039
1595.181504,0.039
1595.379504,0.08600000000000001
1595.5775039999999,0.005
1595.775504,0.027
1595.974154,0.033
1596.171504,0.036000000000000004
1596.369504,0.046
1596.5675039999999,0.021
1596.765504,0.033
1596.963554,0.07200000000000001
1597.161654,0.035
1597.360154,0.052000000000000005
1597.557554,0.03
1597.755504,0.011
1597.953554,0.025
1598.151654,0.045
1598.3497539999998,0.037
1598.5478039999998,0.025
1598.745804,0.046
1598.943554,0.017
1599.141704,0.064
1599.339704,0.064
1599.537554,0.038
1599.735804,0.04
1599.9336039999998,0.017
1600.131704,0.041
1600.3297539999999,0.062
1600.528404,0.11
1600.725854,0.083
1600.923854,0.069
1601.121754,0.068
1601.3197539999999,0.024
1601.517954,0.039
1601.715854,0.07
1601.913854,0.085
1602.1120039999998,0.062
1602.309804,0.026000000000000002
1602.5078039999999,0.043000000000000003
1602.706004,0.033
1602.903854,0.084
1603.1020039999999,0.064
1603.299804,0.007
1603.4978039999999,0.053
1603.6966539999999,0.028
1603.8940539999999,0.03
1604.092054,0.014
1604.2900539999998,0.075
1604.488054,0.057
1604.686054,0.048
1604.8840539999999,0.08600000000000001
1605.082704,0.059000000000000004
1605.2800539999998,0.042
1605.477854,0.112
1605.676054,0.063
1605.874054,0.083
1606.0722039999998,0.091
1606.270104,0.019
1606.665354,0.053
1606.8633539999998,0.09
1607.061354,0.029
1607.259354,0.077
1607.457354,0.085
1607.655604,0.079
1607.8533539999999,0.047
1608.051354,0.155
1608.2496039999999,0.043000000000000003
1608.447404,0.053
1608.6454039999999,0.062
1608.843404,0.026000000000000002
1609.0414039999998,0.044
1609.2396039999999,0.051000000000000004
1609.437404,0.095
1609.6354039999999,0.05
1609.833604,0.025
1610.0314039999998,0.084
1610.2296039999999,0.025
1610.4276539999998,0.099
1610.625654,0.078
1610.823654,0.07
1611.0214039999998,0.073
1611.219654,0.077
1611.4176539999999,0.112
1611.615654,0.035
1611.8136539999998,0.079
1612.011704,0.009000000000000001
1612.209654,0.033
1612.407704,0.061
1612.605854,0.082
1612.803704,0.08700000000000001
1613.001704,0.134
1613.1997039999999,0.094
1613.397704,0.052000000000000005
1613.595854,0.084
1613.793854,0.008
1613.991704,0.01
1614.1899039999998,0.059000000000000004
1614.3877539999999,0.049
1614.585854,0.045
1614.783854,0.062
1614.981704,0.054
1615.1799039999999,0.051000000000000004
1615.377904,0.009000000000000001
1615.575904,0.008
1615.773904,0.05
1615.971904,0.053
1616.1699039999999,0.063
1616.367904,0.05
1616.5659039999998,0.045
1616.763904,0.062
1616.961904,0.039
1617.160054,0.054
1617.3579539999998,0.056
1617.5566039999999,0.076
1617.753954,0.026000000000000002
1617.951954,0.041
1618.1501039999998,0.021
1618.3479539999998,0.012
1618.546154,0.045
1618.743954,0.069
1618.941954,0.069
1619.1401039999998,0.075
1619.338104,0.05
1619.536204,0.015
1619.7342039999999,0.015
1619.932004,0.019
1620.130154,0.016
1620.3281539999998,0.046
1620.526204,0.054
1620.724904,0.026000000000000002
1620.9222539999998,0.021
1621.120154,0.052000000000000005
1621.3181539999998,0.049
1621.516404,0.07200000000000001
1621.714254,0.035
1621.9122539999998,0.037
1622.110804,0.048
1622.3081539999998,0.062
1622.506404,0.041
1622.7043039999999,0.012
1622.902304,0.07200000000000001
1623.100454,0.032
1623.298204,0.03
1623.4964539999999,0.044
1623.694454,0.043000000000000003
1623.892954,0.035
1624.090454,0.031
1624.288204,0.022
1624.4864539999999,0.01
1624.684454,0.07
1624.8824539999998,0.034
1625.080454,0.056
1625.279104,0.024
1625.4764539999999,0.049
1625.674454,0.092
1625.8724539999998,0.06
1626.267754,0.097
1626.663754,0.064
1626.861754,0.038
1627.0597539999999,0.021
1627.257754,0.029
1627.4557539999998,0.082
1627.653804,0.066
1627.851804,0.019
1628.049754,0.015
1628.247754,0.034
1628.4457539999999,0.019
1628.644004,0.048
1628.841804,0.058
1629.039804,0.074
1629.2380039999998,0.081
1629.435804,0.08600000000000001
1629.6340539999999,0.069
1629.831804,0.08
1630.029804,0.057
1630.228054,0.048
1630.426054,0.105
1630.624054,0.079
1630.822054,0.092
1631.0200539999998,0.027
1631.218054,0.093
1631.416104,0.013000000000000001
1631.614054,0.14300000000000002
1631.812054,0.096
1632.009854,0.146
1632.208054,0.07200000000000001
1632.4060539999998,0.135
1632.6042539999999,0.152
1632.8021039999999,0.10400000000000001
1633.000104,0.109
1633.1981039999998,0.106
1633.396254,0.096
1633.5942539999999,0.08600000000000001
1633.7921039999999,0.112
1633.9902539999998,0.117
1634.188304,0.091
1634.386104,0.114
1634.584304,0.097
1634.7823039999998,0.105
1634.9801539999999,0.134
1635.178304,0.073
1635.3761539999998,0.036000000000000004
1635.574304,0.11900000000000001
1635.7723039999998,0.169
1635.9701539999999,0.135
1636.168304,0.152
1636.366554,0.17
1636.5643539999999,0.14100000000000001
1636.762354,0.101
1636.960504,0.13
1637.158354,0.17400000000000002
1637.356354,0.15
1637.5550039999998,0.10400000000000001
1637.752354,0.025
1637.9503539999998,0.028
1638.148504,0.053
1638.3466039999998,0.07
1638.544604,0.092
1638.742354,0.035
1638.9403539999998,0.073
1639.138504,0.045
1639.3366039999999,0.082
1639.534604,0.027
1639.7324039999999,0.045
1639.930554,0.034
1640.128554,0.031
1640.326554,0.014
1640.5246539999998,0.059000000000000004
1640.723254,0.022
1640.920404,0.038
1641.118554,0.035
1641.316554,0.033
1641.5146539999998,0.018000000000000002
1641.712654,0.063
1641.910704,0.045
1642.1092039999999,0.101
1642.3068039999998,0.047
1642.504804,0.037
1642.702654,0.018000000000000002
1642.9008039999999,0.018000000000000002
1643.098604,0.08700000000000001
1643.296604,0.049
1643.494854,0.047
1643.692854,0.031
1643.891504,0.147
1644.0888539999999,0.047
1644.286604,0.031
1644.4848539999998,0.022
1644.682854,0.022
1644.880754,0.082
1645.0788539999999,0.015
1645.277554,0.064
1645.474904,0.056
1645.672904,0.014
1645.871054,0.067
1646.266154,0.089
1646.6621539999999,0.085
1646.860154,0.085
1647.0581539999998,0.074
1647.256154,0.041
1647.4544039999998,0.06
1647.6521539999999,0.041
1647.8502039999998,0.035
1648.048404,0.05
1648.246204,0.068
1648.444454,0.121
1648.642204,0.029
1648.8402039999999,0.109
1649.038404,0.078
1649.2362039999998,0.076
1649.434454,0.075
1649.6324539999998,0.083
1649.830254,0.007
1650.028454,0.017
1650.2264539999999,0.056
1650.424454,0.051000000000000004
1650.6224539999998,0.04
1650.820254,0.021
1651.018454,0.079
1651.2164539999999,0.061
1651.414654,0.053
1651.612504,0.055
1651.810504,0.027
1652.008504,0.029
1652.206504,0.01
1652.404654,0.077
1652.602504,0.011
1652.8005039999998,0.047
1652.998504,0.10200000000000001
1653.196504,0.021
1653.3947039999998,0.074
1653.592704,0.046
1653.790554,0.014
1653.9887039999999,0.023
1654.186504,0.042
1654.385304,0.028
1654.582704,0.054
1654.780554,0.005
1654.9787039999999,0.019
1655.176704,0.023
1655.374754,0.011
1655.572704,0.062
1655.770704,0.07
1655.968704,0.05
1656.166954,0.032
1656.3647039999998,0.037
1656.5627539999998,0.08
1656.760754,0.076
1656.9589039999998,0.149
1657.1567539999999,0.045
1657.355004,0.052000000000000005
1657.553404,0.083
1657.750754,0.044
1657.9489039999999,0.049
1658.1467539999999,0.045
1658.345004,0.08700000000000001
1658.542804,0.05
1658.740804,0.06
1658.938954,0.058
1659.1369539999998,0.093
1659.335004,0.062
1659.533004,0.04
1659.730804,0.017
1659.928954,0.14
1660.127154,0.031
1660.325054,0.047
1660.523054,0.07
1660.7217039999998,0.117
1660.9190039999999,0.02
1661.1169539999999,0.037
1661.315204,0.051000000000000004
1661.513054,0.07
1661.7110539999999,0.03
1661.9090039999999,0.117
1662.107654,0.133
1662.305204,0.016
1662.503104,0.044
1662.701104,0.011
1662.899254,0.079
1663.097254,0.11800000000000001
1663.2952539999999,0.062
1663.493254,0.061
1663.691104,0.046
1663.889904,0.023
1664.087254,0.019
1664.285254,0.036000000000000004
1664.483254,0.039
1664.6812539999999,0.059000000000000004
1664.879254,0.038
1665.077404,0.07
1665.2759039999999,0.05
1665.473254,0.115
1665.671304,0.12
1665.8693039999998,0.043000000000000003
1666.2645539999999,0.073
1666.462554,0.027
1666.6605539999998,0.031
1666.858554,0.046
1667.0566039999999,0.014
1667.254804,0.044
1667.4526039999998,0.074
1667.6505539999998,0.073
1667.848804,0.111
1668.046604,0.037
1668.244804,0.063
1668.442804,0.056
1668.640604,0.038
1668.838804,0.03
1669.036854,0.052000000000000005
1669.2348539999998,0.021
1669.432854,0.046
1669.630604,0.036000000000000004
1669.8286039999998,0.079
1670.026854,0.076
1670.225004,0.02
1670.422854,0.10400000000000001
1670.620854,0.114
1670.818654,0.07100000000000001
1671.0169039999998,0.014
1671.215054,0.066
1671.412854,0.051000000000000004
1671.610854,0.014
1671.8088539999999,0.049
1672.0069039999998,0.078
1672.205054,0.029
1672.4030539999999,0.033
1672.600904,0.034
1672.798904,0.042
1672.9969039999999,0.08700000000000001
1673.195054,0.017
1673.393054,0.052000000000000005
1673.590904,0.008
1673.7889539999999,0.101
1673.9871039999998,0.063
1674.185104,0.155
1674.383104,0.049
1674.5817539999998,0.035
1674.779104,0.12
1674.9771039999998,0.101
1675.175104,0.015
1675.373104,0.111
1675.5711039999999,0.133
1675.769004,0.147
1675.967154,0.065
1676.165354,0.023
1676.363154,0.065
1676.561154,0.07
1676.7591539999999,0.084
1676.957154,0.063
1677.155354,0.067
1677.353154,0.009000000000000001
1677.551154,0.012
1677.749954,0.096
1677.947304,0.068
1678.1454039999999,0.07200000000000001
1678.343404,0.077
1678.541154,0.023
1678.739204,0.037
1678.9373039999998,0.05
1679.1360539999998,0.036000000000000004
1679.3334539999998,0.008
1679.531204,0.037
1679.7293539999998,0.07100000000000001
1679.927354,0.014
1680.1256039999998,0.042
1680.3234539999999,0.07100000000000001
1680.521454,0.049
1680.7193539999998,0.069
1680.9180039999999,0.056
1681.1156039999998,0.074
1681.313504,0.047
1681.511454,0.082
1681.7094539999998,0.077
1681.9074039999998,0.023
1682.1056039999999,0.07
1682.304254,0.098
1682.5015039999998,0.051000000000000004
1682.699604,0.037
1682.8974039999998,0.018000000000000002
1683.095654,0.075
1683.2936539999998,0.03
1683.491654,0.047
1683.689654,0.079
1683.8876539999999,0.07200000000000001
1684.085654,0.022
1684.2836539999998,0.032
1684.481654,0.032
1684.679654,0.05
1684.877704,0.084
1685.0757039999999,0.056
1685.273704,0.031
1685.472304,0.013000000000000001
1685.8669539999999,0.043000000000000003
1686.064954,0.01
1686.262954,0.112
1686.460954,0.067
1686.658954,0.014
1686.8569539999999,0.066
1687.054954,0.048
1687.2532039999999,0.09
1687.451004,0.04
1687.6490039999999,0.075
1687.847204,0.084
1688.0450039999998,0.01
1688.243254,0.014
1688.441004,0.03
1688.6390039999999,0.043000000000000003
1688.837204,0.07200000000000001
1689.0350039999998,0.033
1689.233254,0.076
1689.4312539999999,0.047
1689.629054,0.043000000000000003
1689.8272539999998,0.069
1690.025254,0.068
1690.223254,0.019
1690.4212539999999,0.009000000000000001
1690.619054,0.074
1690.8172539999998,0.033
1691.015254,0.028
1691.213454,0.026000000000000002
1691.411304,0.043000000000000003
1691.6093039999998,0.038
1691.807304,0.045
1692.005304,0.082
1692.203454,0.115
1692.401304,0.051000000000000004
1692.5993039999998,0.082
1692.797304,0.027
1692.995304,0.068
1693.1935039999998,0.114
1693.391504,0.016
1693.5893039999999,0.041
1693.787504,0.034
1693.9853039999998,0.089
1694.1835039999999,0.112
1694.381504,0.06
1694.579354,0.022
1694.7781539999999,0.037
1694.975504,0.037
1695.1735039999999,0.054
1695.371504,0.046
1695.5695039999998,0.07200000000000001
1695.767504,0.06
1695.9655539999999,0.053
1696.164204,0.048
1696.3615539999998,0.064
1696.559554,0.027
1696.7577039999999,0.059000000000000004
1696.955554,0.036000000000000004
1697.153804,0.078
1697.3515539999999,0.027
1697.549554,0.078
1697.7477039999999,0.016
1697.946254,0.09
1698.1438039999998,0.078
1698.341604,0.053
1698.5396039999998,0.028
1698.737754,0.019
1698.9357539999999,0.074
1699.1338039999998,0.047
1699.3324539999999,0.076
1699.5296039999998,0.057
1699.727754,0.057
1699.9257539999999,0.07
1700.123854,0.013000000000000001
1700.321854,0.092
1700.520004,0.12
1700.717754,0.033
1700.9157539999999,0.093
1701.114004,0.031
1701.3118539999998,0.08
1701.509854,0.073
1701.707804,0.032
1701.905804,0.022
1702.104054,0.04
1702.301904,0.105
1702.500804,0.067
1702.698054,0.07100000000000001
1702.8960539999998,0.08
1703.094054,0.03
1703.292054,0.169
1703.4900539999999,0.059000000000000004
1703.688054,0.048
1703.8858539999999,0.04
1704.084104,0.043000000000000003
1704.282054,0.066
1704.480104,0.051000000000000004
1704.678054,0.047
1704.8760539999998,0.018000000000000002
1705.074104,0.07100000000000001
1705.272104,0.099
1705.470104,0.073
1705.865354,0.014
1706.063354,0.074
1706.261354,0.049
1706.4593539999998,0.067
1706.657604,0.073
1706.855404,0.052000000000000005
1707.053404,0.012
1707.251354,0.07100000000000001
1707.4493539999999,0.022
1707.6474039999998,0.10400000000000001
1707.845404,0.108
1708.043404,0.044
1708.241654,0.065
1708.439404,0.032
1708.6376539999999,0.046
1708.835654,0.007
1709.0336539999998,0.036000000000000004
1709.231654,0.088
1709.429404,0.122
1709.627654,0.091
1709.825654,0.083
1710.023804,0.149
1710.2217039999998,0.081
1710.419704,0.139
1710.617454,0.127
1710.815654,0.044
1711.0136539999999,0.051000000000000004
1711.2117039999998,0.057
1711.409704,0.046
1711.6075039999998,0.065
1711.8057039999999,0.017
1712.0038539999998,0.063
1712.201854,0.061
1712.399704,0.022
1712.5978539999999,0.068
1712.795704,0.037
1712.993704,0.11800000000000001
1713.192554,0.045
1713.3897539999998,0.067
1713.587754,0.04
1713.7859039999998,0.055
1713.983904,0.063
1714.181904,0.009000000000000001
1714.379904,0.088
1714.577754,0.084
1714.7759039999999,0.013000000000000001
1714.974554,0.049
1715.171954,0.033
1715.369954,0.061
1715.5679539999999,0.07
1715.765954,0.055
1715.9639539999998,0.066
1716.161954,0.031
1716.360604,0.017
1716.5579539999999,0.021
1716.755954,0.024
1716.9539539999998,0.026000000000000002
1717.151954,0.057
1717.350004,0.08700000000000001
1717.547954,0.062
1717.7461039999998,0.083
1717.944204,0.076
1718.142204,0.062
1718.340004,0.076
1718.538104,0.07100000000000001
1718.736154,0.057
1718.934004,0.005
1719.1322539999999,0.20700000000000002
1719.330004,0.185
1719.528654,0.139
1719.726154,0.022
1719.9241539999998,0.055
1720.1222539999999,0.046
1720.320254,0.057
1720.5181539999999,0.019
1720.7162039999998,0.037
1720.9144039999999,0.029
1721.112254,0.047
1721.310254,0.046
1721.508404,0.111
1721.7062039999998,0.1
1721.9044039999999,0.051000000000000004
1722.102404,0.008
1722.3003039999999,0.04
1722.4984539999998,0.073
1722.696854,0.046
1722.894454,0.128
1723.0924539999999,0.09
1723.290454,0.034
1723.4884539999998,0.059000000000000004
1723.686454,0.14400000000000002
1723.884454,0.082
1724.0831039999998,0.028
1724.280454,0.037
1724.478504,0.082
1724.676504,0.079
1724.874504,0.052000000000000005
1725.269754,0.073
1725.6657539999999,0.117
1725.863754,0.074
1726.0617539999998,0.089
1726.259754,0.148
1726.457754,0.031
1726.655754,0.062
1726.8538039999999,0.045
1727.052004,0.055
1727.2498039999998,0.046
1727.447804,0.047
1727.646004,0.056
1727.8438039999999,0.041
1728.042004,0.11800000000000001
1728.2398039999998,0.131
1728.437804,0.084
1728.636004,0.038
1728.833854,0.042
1729.032054,0.074
1729.2300539999999,0.066
1729.427854,0.041
1729.6260539999998,0.025
1729.824054,0.054
1730.022054,0.047
1730.220054,0.051000000000000004
1730.417854,0.015
1730.6160539999998,0.061
1730.8141039999998,0.065
1731.012254,0.054
1731.210104,0.037
1731.4081039999999,0.024
1731.606104,0.02
1731.8041039999998,0.065
1732.002254,0.054
1732.200104,0.04
1732.3981039999999,0.033
1732.596104,0.033
1732.794154,0.052000000000000005
1732.9923039999999,0.07200000000000001
1733.1909039999998,0.085
1733.3881039999999,0.099
1733.586304,0.076
1733.7841039999998,0.027
1733.9823039999999,0.022
1734.180304,0.024
1734.378154,0.031
1734.576304,0.029
1734.774304,0.023
1734.9729539999998,0.03
1735.170304,0.033
1735.3683039999999,0.047
1735.5663539999998,0.081
1735.764354,0.091
1735.962354,0.042
1736.1603539999999,0.067
1736.359004,0.065
1736.556504,0.009000000000000001
1736.754354,0.042
1736.9526039999998,0.029
1737.1503539999999,0.017
1737.348354,0.036000000000000004
1737.546504,0.039
1737.744604,0.044
1737.9426039999998,0.034
1738.140354,0.031
1738.338554,0.032
1738.536554,0.036000000000000004
1738.734554,0.053
1738.9326039999999,0.015
1739.1306539999998,0.027
1739.3284039999999,0.068
1739.527204,0.016
1739.724554,0.04
1739.922654,0.033
1740.1206539999998,0.048
1740.318654,0.019
1740.5165539999998,0.034
1740.714804,0.013000000000000001
1740.9128039999998,0.041
1741.1106539999998,0.035
1741.308804,0.024
1741.506604,0.03
1741.704604,0.041
1741.902854,0.036000000000000004
1742.100704,0.042
1742.2987039999998,0.027
1742.496854,0.018000000000000002
1742.695254,0.009000000000000001
1742.892854,0.013000000000000001
1743.0908539999998,0.026000000000000002
1743.288754,0.048
1743.486854,0.031
1743.684904,0.029
1743.882854,0.022
1744.081504,0.029
1744.279004,0.011
1744.476854,0.063
1744.674904,0.073
1744.8729039999998,0.08700000000000001
1745.2681539999999,0.076
1745.6641539999998,0.059000000000000004
1745.862154,0.024
1746.060154,0.032
1746.258204,0.032
1746.4562039999998,0.029
1746.6541539999998,0.03
1746.852404,0.046
1747.050154,0.014
1747.248204,0.03
1747.446404,0.009000000000000001
1747.644204,0.063
1747.8422039999998,0.052000000000000005
1748.040454,0.041
1748.238204,0.033
1748.436454,0.031
1748.634454,0.045
1748.8322039999998,0.037
1749.030454,0.05
1749.2282539999999,0.05
1749.426254,0.039
1749.624454,0.037
1749.822504,0.034
1750.0205039999998,0.026000000000000002
1750.218504,0.006
1750.416454,0.012
1750.614454,0.026000000000000002
1750.812454,0.021
1751.0105039999999,0.019
1751.208504,0.075
1751.4063039999999,0.049
1751.604504,0.036000000000000004
1751.802504,0.047
1752.000654,0.053
1752.198504,0.05
1752.3965039999998,0.053
1752.594504,0.04
1752.792704,0.018000000000000002
1752.9907039999998,0.022
1753.1885539999998,0.012
1753.386704,0.014
1753.584554,0.015
1753.782554,0.041
1753.9807039999998,0.031
1754.178704,0.037
1754.376554,0.023
1754.5747039999999,0.034
1754.772554,0.054
1754.971354,0.05
1755.1687539999998,0.043000000000000003
1755.3666039999998,0.049
1755.564754,0.039
1755.7629539999998,0.082
1755.960754,0.082
1756.1587539999998,0.07
1756.357554,0.046
1756.554754,0.047
1756.7527539999999,0.057
1756.9508039999998,0.039
1757.1487539999998,0.046
1757.346904,0.027
1757.5449039999999,0.03
1757.743004,0.022
1757.941004,0.045
1758.138804,0.013000000000000001
1758.3369539999999,0.018000000000000002
1758.534954,0.031
1758.7330539999998,0.034
1758.931054,0.045
1759.128804,0.027
1759.326954,0.007
1759.525604,0.023
1759.723204,0.024
1759.921054,0.016
1760.119054,0.046
1760.317004,0.025
1760.5150039999999,0.039
1760.713204,0.027
1760.911054,0.055
1761.109054,0.029
1761.307204,0.019
1761.5050039999999,0.033
1761.703204,0.03
1761.901204,0.065
1762.099104,0.06
1762.2972539999998,0.041
1762.495054,0.053
1762.693904,0.046
1762.891254,0.025
1763.089104,0.02
1763.2872539999998,0.009000000000000001
1763.485254,0.02
1763.683254,0.008
1763.881254,0.036000000000000004
1764.0799539999998,0.015
1764.277304,0.056
1764.4753039999998,0.013000000000000001
1764.673304,0.038
1764.871304,0.035
1765.2665539999998,0.041
1765.464554,0.024
1765.662554,0.041
1765.8605539999999,0.033
1766.058554,0.043000000000000003
1766.2565539999998,0.055
1766.454604,0.014
1766.6526039999999,0.011
1766.850604,0.021
1767.0486039999998,0.023
1767.246604,0.026000000000000002
1767.444804,0.013000000000000001
1767.642604,0.049
1767.840804,0.037
1768.0386039999999,0.009000000000000001
1768.236604,0.044
1768.4348539999999,0.057
1768.632654,0.048
1768.8308539999998,0.066
1769.028854,0.057
1769.226604,0.088
1769.4248539999999,0.123
1769.622854,0.093
1769.8208539999998,0.076
1770.018854,0.033
1770.2166539999998,0.047
1770.414904,0.018000000000000002
1770.6129039999998,0.049
1770.811054,0.079
1771.008904,0.12
1771.207054,0.093
1771.404904,0.07
1771.6029039999999,0.062
1771.801054,0.041
1771.9989039999998,0.083
1772.1971039999999,0.1
1772.394904,0.066
1772.592954,0.037
1772.791104,0.052000000000000005
1772.989054,0.028
1773.186954,0.016
1773.385754,0.052000000000000005
1773.582954,0.027
1773.781104,0.042
1773.979104,0.017
1774.1771039999999,0.027
1774.375104,0.04
1774.5731039999998,0.035
1774.771104,0.015
1774.969104,0.011
1775.167254,0.037
1775.3651539999998,0.024
1775.563354,0.012
1775.761154,0.04
1775.959154,0.016
1776.1573039999998,0.029
1776.3551539999999,0.058
1776.553804,0.04
1776.751354,0.033
1776.949154,0.017
1777.147154,0.067
1777.345304,0.02
1777.5432039999998,0.016
1777.7414039999999,0.027
1777.939204,0.022
1778.1372039999999,0.001
1778.3353539999998,0.031
1778.5335539999999,0.039
1778.7314039999999,0.019
1778.9294539999999,0.044
1779.127354,0.029
1779.3253539999998,0.068
1779.523354,0.056
1779.722104,0.012
1779.9194539999999,0.034
1780.117354,0.029
1780.3153539999998,0.033
1780.513354,0.018000000000000002
1780.7116039999999,0.03
1780.909504,0.007
1781.108254,0.026000000000000002
1781.305404,0.012
1781.5036539999999,0.025
1781.701654,0.026000000000000002
1781.899504,0.055
1782.097654,0.02
1782.295654,0.019
1782.4934039999998,0.066
1782.691654,0.054
1782.890304,0.04
1783.087654,0.07
1783.285704,0.03
1783.483454,0.039
1783.681654,0.048
1783.8796539999998,0.074
1784.077804,0.057
1784.2763539999999,0.043000000000000003
1784.4738539999998,0.053
1784.6717039999999,0.07
1785.066954,0.061
1785.264954,0.061
1785.4629539999999,0.009000000000000001
1785.660954,0.051000000000000004
1785.859004,0.042
1786.057004,0.025
1786.2552039999998,0.03
1786.4529539999999,0.03
1786.650954,0.034
1786.849004,0.045
1787.047004,0.018000000000000002
1787.2452039999998,0.025
1787.443004,0.013000000000000001
1787.641254,0.033
1787.839254,0.062
1788.037004,0.06
1788.235254,0.082
1788.4332539999998,0.081
1788.631254,0.06
1788.829254,0.007
1789.027054,0.038
1789.225254,0.045
1789.4232539999998,0.066
1789.621254,0.051000000000000004
1789.819254,0.073
1790.0172539999999,0.045
1790.215254,0.045
1790.4132539999998,0.024
1790.6114539999999,0.06
1790.8093039999999,0.056
1791.007304,0.077
1791.2053039999998,0.057
1791.403304,0.051000000000000004
1791.6014539999999,0.042
1791.799454,0.032
1791.997304,0.003
1792.195454,0.021
1792.393304,0.022
1792.5913039999998,0.034
1792.7895039999999,0.018000000000000002
1792.9873539999999,0.015
1793.1855039999998,0.028
1793.3833539999998,0.041
1793.582154,0.038
1793.7795039999999,0.03
1793.977504,0.016
1794.1755039999998,0.019
1794.373504,0.039
1794.5715539999999,0.031
1794.769554,0.016
1794.9675539999998,0.023
1795.165554,0.04
1795.363554,0.04
1795.5617539999998,0.028
1795.759554,0.039
1795.9575539999998,0.026000000000000002
1796.155704,0.03
1796.353554,0.019
1796.551804,0.024
1796.750204,0.024
1796.9475539999999,0.02
1797.145704,0.014
1797.343704,0.007
1797.541804,0.016
1797.7398039999998,0.011
1797.937604,0.028
1798.1364039999999,0.024
1798.333754,0.022
1798.5318539999998,0.014
1798.729854,0.03
1798.927604,0.015
1799.125754,0.027
1799.323754,0.036000000000000004
1799.5219539999998,0.054
1799.719854,0.053
1799.918504,0.043000000000000003
1800.115804,0.022
1800.313804,0.012
1800.512004,0.011
1800.709854,0.023
1800.9078539999998,0.022
1801.106004,0.017
1801.3044539999999,0.022
1801.502004,0.022
1801.700054,0.022
1801.897904,0.043000000000000003
1802.0960539999999,0.024
1802.293804,0.02
1802.4920539999998,0.013000000000000001
1802.690054,0.01
1802.888054,0.033
1803.0860539999999,0.029
1803.284054,0.03
1803.4820539999998,0.038
1803.680104,0.078
1803.878104,0.076
1804.076104,0.08
1804.2741039999999,0.047
1804.472704,0.028
1804.867354,0.026000000000000002
1805.0653539999998,0.018000000000000002
1805.263354,0.027
1805.461354,0.028
1805.659354,0.044
1805.857354,0.043000000000000003
1806.0553539999999,0.021
1806.2534039999998,0.033
1806.451404,0.047
1806.649604,0.041
1806.8474039999999,0.04
1807.045404,0.026000000000000002
1807.243604,0.013000000000000001
1807.441404,0.047
1807.639604,0.052000000000000005
1807.8374039999999,0.023
1808.035404,0.032
1808.233654,0.027
1808.431454,0.023
1808.6296539999998,0.05
1808.827654,0.021
1809.025404,0.014
1809.223654,0.011
1809.421654,0.032
1809.6196539999999,0.032
1809.817654,0.02
1810.0154539999999,0.005
1810.213704,0.016
1810.4117039999999,0.039
1810.610454,0.029
1810.8077039999998,0.018000000000000002
1811.005704,0.02
1811.203704,0.027
1811.4017039999999,0.013000000000000001
1811.5998539999998,0.034
1811.7977039999998,0.017
1811.9957539999998,0.023
1812.193754,0.038
1812.391704,0.027
1812.5898539999998,0.017
1812.787854,0.046
1812.9857539999998,0.047
1813.183904,0.029
1813.381754,0.008
1813.579904,0.008
1813.778554,0.019
1813.9757539999998,0.046
1814.173904,0.044
1814.3719039999999,0.037
1814.569904,0.021
1814.7679039999998,0.019
1814.965954,0.051000000000000004
1815.1646039999998,0.051000000000000004
1815.361954,0.067
1815.5599539999998,0.056
1815.757954,0.012
1815.955954,0.055
1816.154104,0.019
1816.352154,0.044
1816.550204,0.055
1816.747954,0.035
1816.946604,0.07
1817.144104,0.07
1817.3420039999999,0.009000000000000001
1817.540204,0.007
1817.7380039999998,0.02
1817.9359539999998,0.022
1818.134104,0.043000000000000003
1818.332754,0.076
1818.530204,0.034
1818.7282539999999,0.042
1818.926004,0.07
1819.1241539999999,0.064
1819.322404,0.022
1819.520254,0.065
1819.718254,0.021
1819.9164039999998,0.023
1820.1141539999999,0.021
1820.312154,0.026000000000000002
1820.5104039999999,0.067
1820.708304,0.016
1820.9063039999999,0.026000000000000002
1821.104204,0.029
1821.3022039999998,0.033
1821.5010539999998,0.035
1821.698304,0.043000000000000003
1821.8963039999999,0.039
1822.0944539999998,0.021
1822.292454,0.032
1822.490454,0.02
1822.6884539999999,0.015
1822.886454,0.013000000000000001
1823.0844539999998,0.019
1823.282254,0.016
1823.480454,0.026000000000000002
1823.6784539999999,0.033
1823.876454,0.025
1824.2717539999999,0.022
1824.6677539999998,0.013000000000000001
1824.865754,0.041
1825.063754,0.048
1825.2617539999999,0.035
1825.459754,0.054
1825.657804,0.076
1825.855754,0.05
1826.0540039999998,0.027
1826.251754,0.032
1826.449754,0.011
1826.647804,0.014
1826.8458039999998,0.015
1827.043804,0.026000000000000002
1827.241804,0.049
1827.4398039999999,0.047
1827.638054,0.03
1827.8358039999998,0.045
1828.033804,0.022
1828.2320539999998,0.02
1828.430054,0.043000000000000003
1828.628054,0.035
1828.825854,0.025
1829.024054,0.017
1829.2220539999998,0.028
1829.420054,0.023
1829.618054,0.017
1829.816054,0.035
1830.0138539999998,0.092
1830.2120539999999,0.07200000000000001
1830.410254,0.037
1830.608104,0.013000000000000001
1830.806104,0.01
1831.003904,0.007
1831.202104,0.017
1831.400254,0.031
1831.598254,0.005
1831.796104,0.034
1831.994254,0.033
1832.192104,0.014
1832.390304,0.029
1832.5883039999999,0.016
1832.786154,0.013000000000000001
1832.9843039999998,0.035
1833.182304,0.034
1833.380304,0.039
1833.578304,0.031
1833.776954,0.013000000000000001
1833.9743039999998,0.015
1834.172304,0.031
1834.370354,0.038
1834.568354,0.057
1834.7663539999999,0.037
1834.9643039999999,0.011
1835.162954,0.036000000000000004
1835.3605539999999,0.036000000000000004
1835.558354,0.024
1835.7563539999999,0.021
1835.9545039999998,0.022
1836.1523539999998,0.029
1836.350604,0.042
1836.548354,0.038
1836.7463539999999,0.036000000000000004
1836.945154,0.043000000000000003
1837.142504,0.025
1837.340604,0.023
1837.5386039999999,0.006
1837.736404,0.05
1837.934554,0.041
1838.132554,0.038
1838.331254,0.011
1838.528654,0.038
1838.726404,0.041
1838.924554,0.014
1839.1225539999998,0.015
1839.3207539999999,0.014
1839.518654,0.02
1839.7166539999998,0.011
1839.9146039999998,0.012
1840.112604,0.075
1840.310804,0.048
1840.508654,0.059000000000000004
1840.7066539999998,0.043000000000000003
1840.904804,0.023
1841.102604,0.025
1841.300804,0.038
1841.499454,0.064
1841.696704,0.026000000000000002
1841.894854,0.035
1842.092604,0.049
1842.2908539999999,0.044
1842.488854,0.018000000000000002
1842.6868539999998,0.039
1842.884854,0.033
1843.082854,0.026000000000000002
1843.2808539999999,0.046
1843.4789039999998,0.042
1843.676904,0.036000000000000004
1843.874904,0.049
1844.2701539999998,0.03
1844.666154,0.012
1844.8641539999999,0.012
1845.062154,0.049
1845.2604039999999,0.046
1845.458154,0.037
1845.656154,0.039
1845.8541539999999,0.027
1846.0522039999998,0.014
1846.250404,0.034
1846.448404,0.023
1846.646204,0.047
1846.844204,0.036000000000000004
1847.0424039999998,0.023
1847.240404,0.018000000000000002
1847.438404,0.037
1847.636204,0.015
1847.834204,0.042
1848.032454,0.04
1848.230454,0.053
1848.4284539999999,0.05
1848.626454,0.036000000000000004
1848.824204,0.032
1849.022454,0.015
1849.220454,0.045
1849.4184539999999,0.063
1849.616454,0.019
1849.814254,0.012
1850.0125039999998,0.034
1850.210504,0.011
1850.4086539999998,0.012
1850.6065039999999,0.027
1850.804504,0.019
1851.0025039999998,0.014
1851.200654,0.036000000000000004
1851.3986539999999,0.028
1851.5965039999999,0.037
1851.794704,0.015
1851.9925039999998,0.022
1852.190654,0.024
1852.3886539999999,0.027
1852.586654,0.021
1852.784704,0.007
1852.982704,0.023
1853.1807039999999,0.011
1853.378704,0.055
1853.5767039999998,0.038
1853.7753539999999,0.004
1853.972704,0.03
1854.170954,0.03
1854.368704,0.015
1854.5667039999998,0.02
1854.7647539999998,0.016
1854.962754,0.012
1855.161604,0.024
1855.3587539999999,0.027
1855.556754,0.011
1855.7547539999998,0.039
1855.952904,0.022
1856.150954,0.019
1856.349004,0.039
1856.546754,0.052000000000000005
1856.7447539999998,0.019
1856.943554,0.038
1857.1410039999998,0.024
1857.339004,0.037
1857.536754,0.043000000000000003
1857.734904,0.11
1857.932904,0.065
1858.131154,0.097
1858.3299539999998,0.10200000000000001
1858.527054,0.083
1858.724804,0.079
1858.922954,0.065
1859.1212039999998,0.10300000000000001
1859.3190539999998,0.14200000000000002
1859.517054,0.078
1859.715054,0.07
1859.912954,0.089
1860.1112039999998,0.057
1860.309204,0.037
1860.507104,0.085
1860.7052039999999,0.07100000000000001
1860.903004,0.07200000000000001
1861.101254,0.07200000000000001
1861.299204,0.146
1861.497854,0.131
1861.695104,0.047
1861.8932539999998,0.108
1862.091254,0.077
1862.289254,0.066
1862.487254,0.054
1862.685104,0.048
1862.8832539999999,0.02
1863.081254,0.055
1863.2792539999998,0.027
1863.477254,0.073
1863.6754039999998,0.029
1863.8732539999999,0.026000000000000002
1864.268504,0.01
1864.4665539999999,0.03
1864.664554,0.085
1864.8625539999998,0.116
1865.060554,0.052000000000000005
1865.2588039999998,0.033
1865.4565539999999,0.09
1865.654554,0.029
1865.8525539999998,0.054
1866.050554,0.063
1866.2488039999998,0.027
1866.446604,0.048
1866.6446039999998,0.039
1866.842804,0.009000000000000001
1867.0406039999998,0.033
1867.238854,0.025
1867.4368539999998,0.113
1867.6346039999999,0.052000000000000005
1867.832604,0.038
1868.030804,0.056
1868.228854,0.075
1868.4268539999998,0.074
1868.624654,0.10200000000000001
1868.822854,0.059000000000000004
1869.0208539999999,0.038
1869.2190039999998,0.028
1869.4168539999998,0.03
1869.614854,0.029
1869.812854,0.01
1870.0108539999999,0.034
1870.209054,0.057
1870.406904,0.085
1870.6049039999998,0.084
1870.802904,0.036000000000000004
1871.000904,0.096
1871.199054,0.015
1871.397054,0.023
1871.5949039999998,0.061
1871.793054,0.094
1871.990904,0.09
1872.189754,0.074
1872.387104,0.089
1872.584954,0.075
1872.7831039999999,0.112
1872.981104,0.078
1873.1791039999998,0.08700000000000001
1873.377104,0.065
1873.575104,0.036000000000000004
1873.7731039999999,0.073
1873.971754,0.088
1874.169154,0.004
1874.367154,0.10200000000000001
1874.565104,0.057
1874.7633039999998,0.037
1874.961104,0.049
1875.159354,0.037
1875.357804,0.07100000000000001
1875.555154,0.05
1875.7533039999998,0.024
1875.9511539999999,0.04
1876.149404,0.061
1876.3471539999998,0.051000000000000004
1876.545154,0.061
1876.7433039999999,0.044
1876.941304,0.07
1877.139404,0.10300000000000001
1877.3374039999999,0.053
1877.535204,0.053
1877.733354,0.078
1877.9313539999998,0.036000000000000004
1878.129454,0.045
1878.327404,0.023
1878.526054,0.033
1878.723354,0.08
1878.9213539999998,0.07200000000000001
1879.1195539999999,0.083
1879.317454,0.065
1879.5154539999999,0.107
1879.7134039999999,0.078
1879.911404,0.043000000000000003
1880.109604,0.047
1880.307454,0.019
1880.5054539999999,0.11800000000000001
1880.7036039999998,0.047
1880.901404,0.05
1881.099604,0.045
1881.297654,0.035
1881.495504,0.07
1881.694254,0.021
1881.891404,0.07100000000000001
1882.0896539999999,0.055
1882.287654,0.057
1882.4856539999998,0.066
1882.683654,0.054
1882.881654,0.082
1883.0803039999998,0.068
1883.277654,0.009000000000000001
1883.475704,0.015
1883.6737039999998,0.106
1884.0689539999998,0.063
1884.266954,0.036000000000000004
1884.4649539999998,0.067
1884.662954,0.07100000000000001
1884.860954,0.14400000000000002
1885.0589539999999,0.048
1885.256954,0.037
1885.4549539999998,0.003
1885.652954,0.048
1885.8510039999999,0.013000000000000001
1886.049004,0.023
1886.247204,0.013000000000000001
1886.445004,0.052000000000000005
1886.642954,0.012
1886.8412039999998,0.064
1887.039004,0.029
1887.237204,0.046
1887.435004,0.023
1887.633004,0.04
1887.831254,0.089
1888.0292539999998,0.048
1888.227254,0.059000000000000004
1888.425254,0.041
1888.6230039999998,0.075
1888.821254,0.024
1889.0192539999998,0.038
1889.217254,0.061
1889.415254,0.062
1889.6132539999999,0.045
1889.811254,0.015
1890.009304,0.01
1890.2074539999999,0.049
1890.405254,0.019
1890.603304,0.035
1890.801254,0.018000000000000002
1890.999304,0.08700000000000001
1891.1974539999999,0.061
1891.395304,0.005
1891.593304,0.031
1891.791454,0.031
1891.989454,0.007
1892.187454,0.051000000000000004
1892.386104,0.033
1892.583504,0.073
1892.7815039999998,0.041
1892.9793539999998,0.083
1893.177504,0.054
1893.3755039999999,0.09
1893.5733539999999,0.056
1893.7715039999998,0.042
1893.969504,0.052000000000000005
1894.167504,0.088
1894.3655039999999,0.045
1894.563504,0.04
1894.761554,0.025
1894.959754,0.037
1895.157554,0.029
1895.355554,0.045
1895.554304,0.027
1895.751704,0.083
1895.9495539999998,0.089
1896.1477539999998,0.1
1896.345554,0.05
1896.5435539999999,0.045
1896.741704,0.026000000000000002
1896.939604,0.023
1897.137804,0.056
1897.335554,0.037
1897.5335539999999,0.022
1897.7317039999998,0.07
1897.929954,0.054
1898.127804,0.03
1898.325854,0.068
1898.5237539999998,0.07200000000000001
1898.7224039999999,0.041
1898.919754,0.039
1899.1178539999999,0.015
1899.315854,0.048
1899.5138539999998,0.049
1899.711754,0.091
1899.909754,0.015
1900.108654,0.039
1900.305854,0.053
1900.503904,0.064
1900.7018039999998,0.059000000000000004
1900.9000039999999,0.058
1901.098004,0.06
1901.2960039999998,0.035
1901.494004,0.029
1901.692004,0.08700000000000001
1901.890704,0.026000000000000002
1902.0880539999998,0.089
1902.286054,0.073
1902.484054,0.021
1902.6820539999999,0.037
1902.879804,0.062
1903.0780539999998,0.096
1903.2767039999999,0.031
1903.4742039999999,0.065
1903.8693039999998,0.09
1904.067304,0.028
1904.265304,0.012
1904.463354,0.07100000000000001
1904.6613539999998,0.094
1904.859354,0.069
1905.0576039999999,0.008
1905.255354,0.024
1905.453354,0.11900000000000001
1905.6513539999999,0.073
1905.849354,0.035
1906.0473539999998,0.041
1906.245354,0.063
1906.4434039999999,0.056
1906.641404,0.11800000000000001
1906.839604,0.113
1907.037654,0.159
1907.2356539999998,0.045
1907.4334039999999,0.099
1907.631604,0.056
1907.829604,0.092
1908.027654,0.046
1908.2256539999998,0.054
1908.423454,0.059000000000000004
1908.6216539999998,0.033
1908.819654,0.121
1909.0178039999998,0.096
1909.2156539999999,0.069
1909.413654,0.024
1909.6116539999998,0.114
1909.809654,0.053
1910.007854,0.07
1910.205704,0.129
1910.4037039999998,0.067
1910.601854,0.063
1910.799704,0.074
1910.9977039999999,0.015
1911.1958539999998,0.067
1911.3937039999998,0.085
1911.591854,0.033
1911.7897039999998,0.088
1911.987854,0.078
1912.185904,0.024
1912.383754,0.028
1912.582504,0.096
1912.779904,0.06
1912.977854,0.07
1913.175904,0.15
1913.3739039999998,0.157
1913.571904,0.067
1913.769904,0.114
1913.9679039999999,0.074
1914.165904,0.06
1914.3639039999998,0.059000000000000004
1914.562054,0.07200000000000001
1914.759904,0.08
1914.958154,0.113
1915.1559539999998,0.054
1915.353954,0.024
1915.5521039999999,0.105
1915.7506039999998,0.08600000000000001
1915.9482039999998,0.04
1916.1459539999998,0.053
1916.343954,0.10400000000000001
1916.5421039999999,0.078
1916.740104,0.04
1916.9382039999998,0.038
1917.1368539999999,0.044
1917.3340039999998,0.024
1917.532104,0.031
1917.7301539999999,0.058
1917.9282039999998,0.065
1918.126204,0.057
1918.324204,0.038
1918.522154,0.063
1918.7201539999999,0.08700000000000001
1918.9190039999999,0.105
1919.116254,0.08700000000000001
1919.314254,0.08700000000000001
1919.512154,0.091
1919.7101539999999,0.10200000000000001
1919.908404,0.027
1920.1064039999999,0.03
1920.3049039999999,0.101
1920.5024039999998,0.016
1920.700204,0.053
1920.8984039999998,0.065
1921.096404,0.013000000000000001
1921.294304,0.014
1921.492454,0.019
1921.690204,0.059000000000000004
1921.888454,0.037
1922.086454,0.049
1922.2844539999999,0.048
1922.482454,0.081
1922.6804539999998,0.03
1922.878454,0.047
1923.076454,0.088
1923.2744539999999,0.14300000000000002
1923.473104,0.068
1923.8677539999999,0.08600000000000001
1924.065754,0.09
1924.2637539999998,0.05
1924.4619539999999,0.029
1924.659754,0.052000000000000005
1924.8577539999999,0.065
1925.055754,0.109
1925.2537539999998,0.13
1925.451754,0.138
1925.6497539999998,0.075
1925.847804,0.074
1926.0460039999998,0.029
1926.2437539999999,0.038
1926.441754,0.047
1926.6400039999999,0.026000000000000002
1926.838004,0.051000000000000004
1927.0360039999998,0.045
1927.233804,0.061
1927.432004,0.054
1927.6300039999999,0.02
1927.8280539999998,0.02
1928.026054,0.117
1928.224054,0.016
1928.4218039999998,0.034
1928.620054,0.04
1928.8180539999998,0.047
1929.016054,0.028
1929.2140539999998,0.029
1929.411854,0.038
1929.610054,0.08
1929.8082539999998,0.035
1930.006254,0.033
1930.2040539999998,0.062
1930.402054,0.029
1930.600054,0.025
1930.798104,0.106
1930.996254,0.044
1931.194104,0.122
1931.392104,0.084
1931.590254,0.046
1931.788104,0.045
1931.986254,0.019
1932.184254,0.015
1932.3821039999998,0.033
1932.5803039999998,0.012
1932.7789539999999,0.052000000000000005
1932.9763039999998,0.031
1933.174304,0.04
1933.3724539999998,0.064
1933.5703039999999,0.019
1933.768304,0.041
1933.9663039999998,0.081
1934.1649539999999,0.108
1934.362304,0.07
1934.5603039999999,0.039
1934.7583539999998,0.027
1934.956354,0.097
1935.154354,0.029
1935.3523539999999,0.037
1935.5505039999998,0.036000000000000004
1935.748554,0.068
1935.9472039999998,0.07200000000000001
1936.144354,0.10300000000000001
1936.342504,0.036000000000000004
1936.5405039999998,0.026000000000000002
1936.7383539999998,0.053
1936.936604,0.049
1937.1346039999999,0.017
1937.3330039999998,0.053
1937.5305039999998,0.019
1937.728504,0.05
1937.926604,0.084
1938.1246039999999,0.037
1938.322404,0.047
1938.520554,0.044
1938.7188039999999,0.01
1938.9166539999999,0.04
1939.1146039999999,0.049
1939.3127539999998,0.057
1939.510554,0.046
1939.7085539999998,0.04
1939.906804,0.027
1940.104654,0.02
1940.3026539999998,0.011
1940.501204,0.035
1940.698604,0.043000000000000003
1940.896804,0.04
1941.0948039999998,0.018000000000000002
1941.2926539999999,0.023
1941.490804,0.05
1941.688804,0.064
1941.8868539999999,0.046
1942.084854,0.024
1942.2828539999998,0.011
1942.480854,0.044
1942.678604,0.036000000000000004
1942.8768539999999,0.033
1943.272154,0.016
1943.6681039999999,0.04
1943.866104,0.032
1944.0641039999998,0.08700000000000001
1944.262154,0.10200000000000001
1944.4601539999999,0.08
1944.658154,0.033
1944.856354,0.051000000000000004
1945.054154,0.06
1945.252154,0.051000000000000004
1945.450404,0.038
1945.648154,0.039
1945.8461539999998,0.046
1946.044154,0.008
1946.2421539999998,0.057
1946.440404,0.015
1946.6384039999998,0.025
1946.836404,0.02
1947.034404,0.069
1947.232204,0.092
1947.430404,0.08700000000000001
1947.6284039999998,0.081
1947.826404,0.05
1948.0244539999999,0.079
1948.222204,0.028
1948.4204539999998,0.083
1948.618454,0.055
1948.8166039999999,0.017
1949.014454,0.034
1949.212454,0.022
1949.4104539999998,0.066
1949.608454,0.024
1949.8066039999999,0.033
1950.004454,0.012
1950.2025039999999,0.014
1950.4006539999998,0.025
1950.5985039999998,0.023
1950.796654,0.078
1950.9946539999999,0.084
1951.1925039999999,0.09
1951.3906539999998,0.047
1951.5885039999998,0.08
1951.786654,0.11
1951.9846539999999,0.079
1952.182554,0.074
1952.380704,0.043000000000000003
1952.578654,0.089
1952.777304,0.024
1952.9746539999999,0.023
1953.1727039999998,0.095
1953.370704,0.053
1953.568704,0.03
1953.766704,0.035
1953.964704,0.063
1954.1633539999998,0.037
1954.360854,0.053
1954.5587039999998,0.065
1954.756954,0.058
1954.954704,0.069
1955.152754,0.023
1955.3508539999998,0.045
1955.548754,0.052000000000000005
1955.7470039999998,0.047
1955.945604,0.066
1956.142754,0.017
1956.340904,0.015
1956.538904,0.023
1956.7370039999998,0.091
1956.935004,0.056
1957.1329039999998,0.002
1957.3315539999999,0.015
1957.528904,0.024
1957.7270039999999,0.042
1957.925004,0.081
1958.1230039999998,0.015
1958.320904,0.013000000000000001
1958.518904,0.045
1958.717154,0.056
1958.9150539999998,0.016
1959.113054,0.022
1959.3109539999998,0.018000000000000002
1959.508954,0.043000000000000003
1959.7072039999998,0.062
1959.905204,0.094
1960.103054,0.02
1960.3012039999999,0.031
1960.4996039999999,0.034
1960.6972039999998,0.037
1960.895204,0.024
1961.093204,0.012
1961.291254,0.089
1961.489004,0.027
1961.687254,0.018000000000000002
1961.885204,0.032
1962.083204,0.031
1962.281254,0.014
1962.4792539999999,0.011
1962.677254,0.061
1962.8752539999998,0.028
1963.2705039999998,0.056
1963.468504,0.07200000000000001
1963.6665039999998,0.058
1963.864554,0.044
1964.0625539999999,0.058
1964.260754,0.042
1964.4585539999998,0.108
1964.6567539999999,0.057
1964.854554,0.034
1965.052604,0.038
1965.250754,0.039
1965.448754,0.031
1965.646804,0.078
1965.8448039999998,0.013000000000000001
1966.0425539999999,0.108
1966.2408039999998,0.079
1966.438804,0.031
1966.636554,0.032
1966.8348039999998,0.04
1967.032604,0.039
1967.2308039999998,0.046
1967.428804,0.032
1967.627004,0.044
1967.824854,0.025
1968.0228539999998,0.022
1968.220854,0.045
1968.418804,0.014
1968.616804,0.026000000000000002
1968.814854,0.061
1969.0128539999998,0.011
1969.210854,0.035
1969.408854,0.011
1969.6068539999999,0.053
1969.805654,0.013000000000000001
1970.0028539999998,0.076
1970.201004,0.053
1970.3988539999998,0.032
1970.5970539999998,0.08
1970.795054,0.089
1970.992904,0.009000000000000001
1971.1917039999998,0.046
1971.389054,0.015
1971.586904,0.041
1971.785054,0.048
1971.9830539999998,0.021
1972.181054,0.058
1972.379054,0.056
1972.576904,0.079
1972.7751039999998,0.033
1972.973704,0.059000000000000004
1973.1712539999999,0.042
1973.3691039999999,0.064
1973.567304,0.08
1973.7651039999998,0.063
1973.963104,0.083
1974.1612539999999,0.034
1974.3597539999998,0.063
1974.557104,0.034
1974.755154,0.062
1974.9531539999998,0.027
1975.151304,0.067
1975.349254,0.037
1975.547104,0.029
1975.745354,0.112
1975.9431539999998,0.092
1976.141304,0.011
1976.3393039999999,0.091
1976.537404,0.07200000000000001
1976.735404,0.076
1976.9334039999999,0.034
1977.131304,0.051000000000000004
1977.3293039999999,0.038
1977.527954,0.029
1977.7254039999998,0.078
1977.923404,0.042
1978.1213539999999,0.047
1978.319354,0.10300000000000001
1978.5173539999998,0.077
1978.7154039999998,0.096
1978.913404,0.134
1979.1115539999998,0.089
1979.309354,0.07100000000000001
1979.5075539999998,0.029
1979.705554,0.023
1979.903454,0.046
1980.101604,0.044
1980.2994039999999,0.08700000000000001
1980.497404,0.044
1980.696254,0.013000000000000001
1980.8936039999999,0.028
1981.091604,0.016
1981.2896039999998,0.028
1981.487604,0.085
1981.685604,0.062
1981.883654,0.059000000000000004
1982.082304,0.05
1982.279654,0.07200000000000001
1982.4776539999998,0.061
1982.675654,0.02
1982.873654,0.029
1983.268904,0.074
1983.4669039999999,0.046
1983.664904,0.032
1983.8629039999998,0.022
1984.060904,0.03
1984.2591539999999,0.032
1984.456954,0.061
1984.6551539999998,0.009000000000000001
1984.852954,0.042
1985.0509539999998,0.04
1985.249204,0.045
1985.446954,0.045
1985.6451539999998,0.041
1985.842954,0.059000000000000004
1986.0409539999998,0.016
1986.239204,0.035
1986.4372039999998,0.063
1986.635204,0.031
1986.833204,0.094
1987.031004,0.033
1987.229204,0.041
1987.4272039999998,0.002
1987.625204,0.109
1987.8232039999998,0.05
1988.021004,0.08700000000000001
1988.219204,0.037
1988.417254,0.078
1988.615404,0.043000000000000003
1988.813254,0.032
1989.011254,0.063
1989.2092539999999,0.007
1989.407254,0.016
1989.605404,0.074
1989.803254,0.048
1990.001254,0.057
1990.1994539999998,0.042
1990.3973039999998,0.084
1990.595454,0.111
1990.7934539999999,0.07
1990.9912539999998,0.07100000000000001
1991.1894539999998,0.026000000000000002
1991.3873039999999,0.053
1991.5854539999998,0.108
1991.783454,0.095
1991.981454,0.017
1992.1794539999999,0.017
1992.377454,0.024
1992.5754539999998,0.038
1992.773454,0.093
1992.971454,0.096
1993.169504,0.083
1993.3675039999998,0.033
1993.565504,0.089
1993.763504,0.038
1993.9615039999999,0.021
1994.1596539999998,0.035
1994.3575039999998,0.035
1994.5563539999998,0.062
1994.753504,0.024
1994.9515039999999,0.001
1995.1496539999998,0.062
1995.347554,0.058
1995.545754,0.098
1995.743554,0.06
1995.941554,0.053
1996.139704,0.054
1996.3377039999998,0.045
1996.535754,0.057
1996.7337539999999,0.027
1996.931554,0.082
1997.129704,0.122
1997.3277039999998,0.085
1997.5258039999999,0.044
1997.724454,0.08700000000000001
1997.9218039999998,0.077
1998.119704,0.11800000000000001
1998.3177039999998,0.081
1998.515954,0.044
1998.713804,0.101
1998.911854,0.044
1999.110404,0.028
1999.307754,0.041
1999.5060039999998,0.093
1999.704004,0.061
1999.901854,0.066
2000.100004,0.089
2000.297754,0.038
2000.4960039999999,0.034
2000.694004,0.044
2000.892504,0.039
2001.090004,0.055
2001.2878039999998,0.113
2001.4860039999999,0.032
2001.6840539999998,0.07100000000000001
2001.8820039999998,0.166
2002.080004,0.133
2002.2788039999998,0.093
2002.476054,0.059000000000000004
2002.871304,0.033
2003.0693039999999,0.06
2003.267304,0.055
2003.4653039999998,0.046
2003.663304,0.063
2003.861354,0.017
2004.059354,0.077
2004.257304,0.038
2004.4553039999998,0.038
2004.653304,0.048
2004.851354,0.05
2005.049354,0.021
2005.2475539999998,0.013000000000000001
2005.445554,0.116
2005.6436039999999,0.042
2005.841354,0.053
2006.0396039999998,0.049
2006.237604,0.037
2006.435354,0.009000000000000001
2006.6336039999999,0.052000000000000005
2006.831354,0.073
2007.0294039999999,0.056
2007.227604,0.054
2007.425604,0.074
2007.623654,0.038
2007.821604,0.061
2008.019404,0.04
2008.217604,0.002
2008.416454,0.07
2008.613654,0.11
2008.8116539999999,0.052000000000000005
2009.0098039999998,0.062
2009.2076539999998,0.091
2009.405654,0.085
2009.6038039999999,0.039
2009.8016539999999,0.051000000000000004
2009.9998039999998,0.01
2010.1976539999998,0.029
2010.395654,0.016
2010.593854,0.017
2010.7918539999998,0.046
2010.9897039999998,0.032
2011.187854,0.02
2011.3858539999999,0.021
2011.5844539999998,0.05
2011.7818539999998,0.016
2011.979854,0.043000000000000003
2012.1778539999998,0.10300000000000001
2012.3757039999998,0.085
2012.573854,0.094
2012.771904,0.063
2012.970004,0.048
2013.167904,0.03
2013.365904,0.008
2013.563854,0.032
2013.761904,0.064
2013.9599039999998,0.041
2014.157904,0.089
2014.3561539999998,0.053
2014.5539039999999,0.048
2014.752554,0.08
2014.950054,0.021
2015.148054,0.07
2015.345904,0.03
2015.544154,0.037
2015.7419539999999,0.03
2015.939954,0.07100000000000001
2016.138704,0.047
2016.335954,0.022
2016.5342039999998,0.033
2016.732204,0.06
2016.929954,0.015
2017.128104,0.031
2017.326304,0.039
2017.5242039999998,0.024
2017.722204,0.038
2017.920754,0.046
2018.118104,0.013000000000000001
2018.3163539999998,0.021
2018.514354,0.041
2018.712204,0.07200000000000001
2018.910204,0.09
2019.108104,0.042
2019.3068039999998,0.047
2019.504354,0.07
2019.7022539999998,0.034
2019.900254,0.06
2020.0981539999998,0.005
2020.296404,0.056
2020.4944039999998,0.051000000000000004
2020.692404,0.025
2020.890404,0.021
2021.0884039999999,0.018000000000000002
2021.286404,0.064
2021.4844039999998,0.069
2021.682404,0.043000000000000003
2021.8803039999998,0.059000000000000004
2022.078454,0.031
2022.473704,0.037
2022.869704,0.033
2023.0677039999998,0.055
2023.265704,0.055
2023.463704,0.017
2023.6617039999999,0.078
2023.859704,0.033
2024.057904,0.035
2024.255704,0.017
2024.4539539999998,0.028
2024.651754,0.002
2024.8497539999998,0.042
2025.047954,0.045
2025.2457539999998,0.012
2025.4439539999998,0.026000000000000002
2025.641754,0.078
2025.8397539999999,0.016
2026.037954,0.05
2026.235954,0.015
2026.434004,0.022
2026.6320039999998,0.074
2026.8297539999999,0.042
2027.028004,0.017
2027.2260039999999,0.08600000000000001
2027.424004,0.074
2027.6220039999998,0.073
2027.819804,0.045
2028.018004,0.108
2028.2160039999999,0.034
2028.4148539999999,0.011
2028.612054,0.053
2028.8100539999998,0.027
2029.008054,0.018000000000000002
2029.206004,0.053
2029.404204,0.011
2029.602054,0.049
2029.8000539999998,0.012
2029.998204,0.017
2030.196054,0.051000000000000004
2030.3942539999998,0.025
2030.5922039999998,0.013000000000000001
2030.7900539999998,0.039
2030.988204,0.051000000000000004
2031.186054,0.031
2031.3842539999998,0.07100000000000001
2031.5829039999999,0.01
2031.780254,0.076
2031.9782539999999,0.053
2032.176254,0.027
2032.3742539999998,0.05
2032.572254,0.053
2032.7702539999998,0.076
2032.968254,0.051000000000000004
2033.166254,0.055
2033.364304,0.016
2033.5623039999998,0.01
2033.760304,0.062
2033.9584539999998,0.039
2034.1563039999999,0.02
2034.354504,0.053
2034.5523039999998,0.025
2034.7509539999999,0.051000000000000004
2034.9484539999999,0.028
2035.1463039999999,0.054
2035.344554,0.063
2035.5425539999999,0.077
2035.7403539999998,0.025
2035.938504,0.015
2036.137104,0.037
2036.3345539999998,0.012
2036.532554,0.012
2036.7303539999998,0.066
2036.928504,0.044
2037.1265039999998,0.036000000000000004
2037.324754,0.043000000000000003
2037.522604,0.047
2037.7206039999999,0.076
2037.919154,0.038
2038.116754,0.014
2038.314754,0.032
2038.512604,0.066
2038.7106039999999,0.095
2038.9085539999999,0.064
2039.106654,0.046
2039.305404,0.064
2039.502804,0.023
2039.7006039999999,0.017
2039.8987539999998,0.035
2040.096554,0.058
2040.294754,0.042
2040.492804,0.064
2040.690654,0.028
2040.888804,0.043000000000000003
2041.0868039999998,0.034
2041.284804,0.012
2041.482804,0.036000000000000004
2041.6808039999999,0.031
2041.878804,0.106
2042.2743039999998,0.025
2042.670054,0.043000000000000003
2042.8680539999998,0.028
2043.066104,0.034
2043.2643039999998,0.027
2043.462104,0.04
2043.6601039999998,0.003
2043.858354,0.055
2044.056104,0.07
2044.254354,0.038
2044.452104,0.093
2044.6501039999998,0.045
2044.848104,0.084
2045.0463539999998,0.11800000000000001
2045.244354,0.016
2045.4423539999998,0.032
2045.640154,0.009000000000000001
2045.8381539999998,0.099
2046.036404,0.08600000000000001
2046.2344039999998,0.031
2046.4323539999998,0.059000000000000004
2046.630154,0.046
2046.828354,0.045
2047.026404,0.096
2047.224554,0.023
2047.422404,0.017
2047.620404,0.083
2047.818204,0.022
2048.016404,0.061
2048.2145539999997,0.084
2048.4124039999997,0.034
2048.610404,0.058
2048.808454,0.07100000000000001
2049.006454,0.109
2049.204604,0.082
2049.402604,0.034
2049.600454,0.009000000000000001
2049.798604,0.04
2049.996454,0.068
2050.194604,0.083
2050.392604,0.014
2050.590604,0.025
2050.788504,0.043000000000000003
2050.986654,0.016
2051.1846539999997,0.036000000000000004
2051.382654,0.091
2051.5812539999997,0.10300000000000001
2051.778454,0.07
2051.976654,0.014
2052.174654,0.035
2052.372654,0.032
2052.570654,0.08700000000000001
2052.768804,0.07
2052.966654,0.053
2053.1649039999998,0.065
2053.362654,0.017
2053.560654,0.062
2053.7586539999998,0.023
2053.9567039999997,0.055
2054.154904,0.054
2054.352904,0.03
2054.5507039999998,0.03
2054.749504,0.07100000000000001
2054.946854,0.042
2055.144954,0.061
2055.3429539999997,0.066
2055.540704,0.043000000000000003
2055.7388539999997,0.028
2055.936854,0.013000000000000001
2056.135604,0.083
2056.332954,0.014
2056.531004,0.018000000000000002
2056.7287539999998,0.062
2056.926904,0.032
2057.1251039999997,0.047
2057.3229539999998,0.085
2057.5210039999997,0.034
2057.718754,0.01
2057.917554,0.019
2058.115154,0.011
2058.313154,0.031
2058.511004,0.054
2058.709154,0.017
2058.906904,0.055
2059.105154,0.06
2059.303804,0.057
2059.5010039999997,0.069
2059.699154,0.108
2059.896954,0.054
2060.0952039999997,0.05
2060.293204,0.035
2060.491204,0.03
2060.689204,0.041
2060.887204,0.098
2061.085204,0.031
2061.283204,0.027
2061.4812039999997,0.021
2061.679204,0.039
2061.877204,0.029
2062.272454,0.019
2062.6685039999998,0.02
2062.866504,0.057
2063.064504,0.036000000000000004
2063.262504,0.032
2063.460504,0.019
2063.658504,0.091
2063.856704,0.024
2064.0545039999997,0.04
2064.252754,0.053
2064.450504,0.048
2064.648554,0.056
2064.8467539999997,0.035
2065.044554,0.042
2065.242754,0.092
2065.4405039999997,0.09
2065.638554,0.045
2065.836754,0.07100000000000001
2066.034754,0.036000000000000004
2066.2328039999998,0.064
2066.430804,0.006
2066.628554,0.017
2066.826804,0.078
2067.024804,0.037
2067.222804,0.043000000000000003
2067.420804,0.08
2067.6188039999997,0.088
2067.816804,0.075
2068.014804,0.039
2068.2130039999997,0.039
2068.4108539999997,0.034
2068.608854,0.077
2068.806804,0.022
2069.0048039999997,0.014
2069.202954,0.062
2069.401004,0.069
2069.598854,0.047
2069.797004,0.026000000000000002
2069.994854,0.054
2070.1930039999997,0.081
2070.391004,0.145
2070.588854,0.044
2070.787004,0.09
2070.984854,0.035
2071.183004,0.037
2071.381054,0.05
2071.5797039999998,0.027
2071.7770539999997,0.025
2071.975054,0.075
2072.173054,0.06
2072.3710539999997,0.061
2072.569054,0.09
2072.767054,0.076
2072.965054,0.019
2073.1633039999997,0.046
2073.361104,0.065
2073.559104,0.013000000000000001
2073.757254,0.027
2073.955104,0.035
2074.153304,0.014
2074.3510539999997,0.035
2074.5491039999997,0.018000000000000002
2074.7478539999997,0.061
2074.945104,0.03
2075.143354,0.022
2075.3413539999997,0.03
2075.539104,0.048
2075.737254,0.026000000000000002
2075.935254,0.062
2076.134004,0.057
2076.331354,0.075
2076.529154,0.018000000000000002
2076.727254,0.016
2076.925304,0.046
2077.1235039999997,0.048
2077.321404,0.022
2077.519404,0.07200000000000001
2077.717304,0.066
2077.916154,0.068
2078.113554,0.14
2078.311404,0.076
2078.509404,0.013000000000000001
2078.707304,0.076
2078.905354,0.116
2079.103554,0.044
2079.302204,0.044
2079.4994039999997,0.041
2079.697554,0.041
2079.895304,0.013000000000000001
2080.093554,0.094
2080.291554,0.027
2080.489454,0.046
2080.6876039999997,0.064
2080.885604,0.032
2081.083604,0.067
2081.281604,0.044
2081.479754,0.032
2081.677604,0.031
2081.875604,0.024
2082.270854,0.03
2082.4688539999997,0.059000000000000004
2082.666854,0.062
2082.864854,0.025
2083.062854,0.047
2083.2609039999998,0.057
2083.458904,0.083
2083.656904,0.041
2083.854904,0.017
2084.0531539999997,0.048
2084.250904,0.041
2084.448904,0.036000000000000004
2084.6469039999997,0.057
2084.845104,0.061
2085.042904,0.017
2085.241154,0.028
2085.4389539999997,0.06
2085.636954,0.01
2085.835154,0.041
2086.032954,0.041
2086.231154,0.08600000000000001
2086.429154,0.044
2086.626954,0.046
2086.825154,0.081
2087.023354,0.043000000000000003
2087.221204,0.085
2087.419204,0.062
2087.617204,0.032
2087.815204,0.033
2088.013204,0.027
2088.2112039999997,0.031
2088.409204,0.085
2088.607204,0.066
2088.805204,0.046
2089.003204,0.152
2089.201404,0.043000000000000003
2089.399254,0.034
2089.597254,0.051000000000000004
2089.795254,0.10300000000000001
2089.993404,0.059000000000000004
2090.1914039999997,0.067
2090.389404,0.053
2090.587404,0.053
2090.7854039999997,0.075
2090.9834539999997,0.049
2091.181454,0.046
2091.379454,0.034
2091.577254,0.034
2091.776054,0.077
2091.973254,0.036000000000000004
2092.171454,0.041
2092.369454,0.05
2092.567454,0.028
2092.765454,0.07100000000000001
2092.963704,0.057
2093.162104,0.079
2093.359454,0.076
2093.557604,0.03
2093.755454,0.08600000000000001
2093.953454,0.058
2094.151704,0.073
2094.349504,0.047
2094.547504,0.022
2094.745654,0.021
2094.9441039999997,0.085
2095.141704,0.042
2095.339504,0.019
2095.537504,0.038
2095.735654,0.005
2095.933854,0.039
2096.131754,0.019
2096.330404,0.044
2096.527704,0.055
2096.725704,0.056
2096.923704,0.084
2097.121754,0.026000000000000002
2097.319754,0.059000000000000004
2097.517554,0.026000000000000002
2097.7157039999997,0.026000000000000002
2097.913904,0.076
2098.111954,0.037
2098.309804,0.032
2098.5079539999997,0.115
2098.705704,0.014
2098.903954,0.06
2099.1019539999998,0.077
2099.2998039999998,0.059000000000000004
2099.498604,0.054
2099.695954,0.029
2099.8937539999997,0.058
2100.091954,0.055
2100.290004,0.07200000000000001
2100.488004,0.021
2100.685954,0.054
2100.883954,0.046
2101.0819539999998,0.025
2101.2800039999997,0.055
2101.478104,0.023
2101.676004,0.07
2102.071254,0.082
2102.269254,0.065
2102.4672539999997,0.035
2102.665254,0.064
2102.863304,0.066
2103.061304,0.056
2103.2593039999997,0.035
2103.457304,0.059000000000000004
2103.655504,0.017
2103.8533039999998,0.026000000000000002
2104.051504,0.055
2104.249304,0.055
2104.447304,0.073
2104.6455539999997,0.083
2104.843304,0.003
2105.041554,0.005
2105.2395539999998,0.031
2105.437304,0.045
2105.635554,0.024
2105.833554,0.04
2106.0315539999997,0.037
2106.229554,0.024
2106.427354,0.049
2106.6255539999997,0.053
2106.8236039999997,0.01
2107.021604,0.037
2107.219554,0.027
2107.417554,0.064
2107.615554,0.036000000000000004
2107.813604,0.08600000000000001
2108.011754,0.053
2108.209604,0.08
2108.407604,0.049
2108.605604,0.016
2108.8036039999997,0.028
2109.001604,0.054
2109.1997539999998,0.05
2109.397604,0.012
2109.595804,0.089
2109.793654,0.111
2109.991804,0.042
2110.190454,0.013000000000000001
2110.387654,0.042
2110.585804,0.046
2110.783654,0.033
2110.981804,0.079
2111.179804,0.052000000000000005
2111.3778039999997,0.041
2111.5758539999997,0.07200000000000001
2111.773854,0.036000000000000004
2111.9724539999997,0.066
2112.1698539999998,0.014
2112.367854,0.044
2112.565854,0.111
2112.763854,0.07
2112.962054,0.067
2113.159854,0.045
2113.358504,0.068
2113.556004,0.058
2113.7539039999997,0.035
2113.952104,0.013000000000000001
2114.149854,0.07
2114.347854,0.01
2114.546004,0.053
2114.7440039999997,0.023
2114.9421039999997,0.025
2115.140104,0.053
2115.337904,0.031
2115.5360539999997,0.056
2115.734054,0.042
2115.932154,0.02
2116.130154,0.037
2116.3279039999998,0.017
2116.526704,0.074
2116.724054,0.052000000000000005
2116.9223039999997,0.058
2117.1201539999997,0.048
2117.3182039999997,0.033
2117.516104,0.031
2117.7141039999997,0.022
2117.912304,0.038
2118.110154,0.025
2118.308204,0.038
2118.506304,0.036000000000000004
2118.704104,0.029
2118.902354,0.039
2119.1003539999997,0.043000000000000003
2119.298354,0.10300000000000001
2119.496354,0.073
2119.694754,0.112
2119.892354,0.053
2120.090354,0.025
2120.288204,0.03
2120.486354,0.031
2120.684354,0.032
2120.882404,0.022
2121.081004,0.057
2121.2784039999997,0.063
2121.476404,0.053
2121.871654,0.031
2122.069654,0.075
2122.2676539999998,0.023
2122.4659039999997,0.045
2122.663654,0.047
2122.861654,0.027
2123.0596539999997,0.032
2123.257654,0.054
2123.455704,0.028
2123.653704,0.049
2123.8517039999997,0.02
2124.049704,0.028
2124.247704,0.027
2124.4459039999997,0.025
2124.643904,0.02
2124.841904,0.024
2125.039954,0.07200000000000001
2125.237704,0.075
2125.435754,0.026000000000000002
2125.633954,0.029
2125.831754,0.047
2126.029954,0.037
2126.227954,0.045
2126.425754,0.062
2126.6239539999997,0.012
2126.821954,0.043000000000000003
2127.020004,0.07200000000000001
2127.218004,0.099
2127.415754,0.091
2127.614004,0.034
2127.8121539999997,0.019
2128.010154,0.057
2128.208004,0.073
2128.406154,0.068
2128.604004,0.095
2128.802004,0.074
2129.0014539999997,0.057
2129.198054,0.09
2129.396054,0.122
2129.594004,0.219
2129.792004,0.147
2129.990154,0.095
2130.188204,0.052000000000000005
2130.386054,0.122
2130.5842039999998,0.043000000000000003
2130.782204,0.016
2130.980204,0.038
2131.178204,0.098
2131.3762039999997,0.014
2131.574204,0.03
2131.772204,0.088
2131.9702039999997,0.121
2132.1682539999997,0.13
2132.366354,0.014
2132.564254,0.048
2132.7622539999998,0.067
2132.960254,0.169
2133.158254,0.059000000000000004
2133.356254,0.111
2133.5565039999997,0.04
2133.752454,0.061
2133.950504,0.10200000000000001
2134.1482539999997,0.049
2134.346404,0.093
2134.5444039999998,0.005
2134.742304,0.042
2134.9405039999997,0.038
2135.138304,0.099
2135.336304,0.199
2135.534454,0.113
2135.732454,0.061
2135.930554,0.093
2136.128554,0.14200000000000002
2136.326454,0.199
2136.524504,0.17500000000000002
2136.722704,0.203
2136.920554,0.057
2137.1185539999997,0.06
2137.316704,0.053
2137.5145039999998,0.18
2137.712504,0.191
2137.910704,0.058
2138.108604,0.04
2138.3067539999997,0.184
2138.504504,0.134
2138.702504,0.059000000000000004
2138.900754,0.08
2139.098604,0.032
2139.296604,0.28600000000000003
2139.4965039999997,0.225
2139.694404,0.1
2139.890754,0.052000000000000005
2140.088854,0.017
2140.2867539999997,0.046
2140.484754,0.05
2140.682754,0.023
2140.880754,0.265
2141.078754,0.062
2141.276904,0.127
2141.474804,0.033
2141.870054,0.061
2142.068054,0.11800000000000001
2142.2660539999997,0.017
2142.464054,0.094
2142.662104,0.183
2142.8600539999998,0.198
2143.058054,0.221
2143.256054,0.113
2143.454304,0.09
2143.6520539999997,0.115
2143.850304,0.10300000000000001
2144.048104,0.078
2144.246104,0.152
2144.444304,0.073
2144.642104,0.129
2144.840354,0.129
2145.038354,0.108
2145.236104,0.083
2145.434354,0.034
2145.632354,0.076
2145.8303539999997,0.093
2146.028354,0.127
2146.226154,0.08
2146.4243539999998,0.015
2146.622354,0.133
2146.820554,0.1
2147.018354,0.17400000000000002
2147.2163539999997,0.13
2147.414354,0.129
2147.612404,0.218
2147.8105539999997,0.05
2148.0084039999997,0.115
2148.208004,0.161
2148.404404,0.223
2148.6024039999998,0.16
2148.801954,0.148
2148.998554,0.134
2149.196404,0.376
2149.394554,0.225
2149.592404,0.147
2149.790604,0.167
2149.988604,0.099
2150.188004,0.035
2150.384604,0.055
2150.5826039999997,0.096
2150.780604,0.077
2150.978604,0.062
2151.1766039999998,0.134
2151.375854,0.12
2151.572654,0.153
2151.770654,0.218
2151.9695039999997,0.20600000000000002
2152.166654,0.168
2152.364604,0.21
2152.562654,0.10200000000000001
2152.760854,0.073
2152.958654,0.03
2153.156654,0.05
2153.354804,0.047
2153.552654,0.156
2153.750904,0.11900000000000001
2153.948654,0.177
2154.146654,0.272
2154.344804,0.185
2154.5428039999997,0.183
2154.740904,0.225
2154.938904,0.109
2155.136854,0.093
2155.3348539999997,0.423
2155.532854,0.15
2155.730954,0.17
2155.928904,0.082
2156.127004,0.38
2156.324854,0.275
2156.522854,0.20500000000000002
2156.7211039999997,0.34600000000000003
2156.9189539999998,0.495
2157.116954,0.401
2157.314904,0.41100000000000003
2157.5129039999997,0.312
2157.711104,0.117
2157.908954,0.14200000000000002
2158.1071039999997,0.321
2158.305104,0.241
2158.502904,0.23500000000000001
2158.7011039999998,0.261
2158.8991539999997,0.28800000000000003
2159.097154,0.296
2159.295154,0.373
2159.493154,0.496
2159.691154,0.171
2159.889154,0.616
2160.0873039999997,0.47500000000000003
2160.2851539999997,0.369
2160.483154,0.431
2160.681154,0.445
2160.879204,0.276
2161.077304,0.5710000000000001
2161.275204,0.298
2161.670454,0.455
2161.868454,0.485
2162.066454,0.418
2162.2645039999998,0.232
2162.462504,0.314
2162.660704,0.445
2162.8584539999997,0.318
2163.056454,0.196
2163.255654,0.468
2163.452504,0.365
2163.6505039999997,0.251
2163.848704,0.309
2164.046504,0.254
2164.2447039999997,0.369
2164.442704,0.195
2164.640504,0.135
2164.838704,0.234
2165.0365039999997,0.255
2165.236004,0.308
2165.432754,0.251
2165.630904,0.465
2165.828754,0.28
2166.026754,0.583
2166.2262539999997,0.62
2166.4227539999997,0.362
2166.620754,0.311
2166.818754,0.191
2167.0167539999998,0.082
2167.214754,0.044
2167.412804,0.218
2167.610804,0.841
2167.808954,0.66
2168.006754,0.657
2168.204954,0.434
2168.4027539999997,0.146
2168.600954,0.081
2168.798954,0.243
2168.996804,0.23
2169.194954,0.34
2169.392954,0.593
2169.590804,0.4
2169.788954,0.5700000000000001
2169.986954,0.84
2170.184954,0.833
2170.383004,0.708
2170.5808039999997,0.536
2170.779004,0.788
2170.977004,1.177
2171.1750039999997,1.177
2171.373004,0.906
2171.571254,1.042
2171.769404,1.605
2171.967004,1.981
2172.165154,1.909
2172.363054,2.225
2172.561054,2.573
2172.759054,2.648
2172.957054,3.235
2173.1552039999997,3.354
2173.353204,3.5260000000000002
2173.551254,3.403
2173.749254,3.684
2173.9470539999998,4.0280000000000005
2174.145204,3.894
2174.343204,4.16
2174.541304,4.175
2174.7393039999997,4.135
2174.937054,4.4590000000000005
2175.1352039999997,4.359
2175.333204,4.295
2175.531204,4.54
2175.729304,4.769
2175.927754,4.824
2176.125254,4.904
2176.323254,4.968
2176.521754,5.063
2176.719354,4.884
2176.9173539999997,5.051
2177.115504,5.226
2177.3132539999997,5.311
2177.511454,5.2
2177.709504,5.041
2177.907404,4.936
2178.105504,4.933
2178.303304,5.135
2178.501504,5.0440000000000005
2178.6995039999997,4.781
2178.897504,4.622
2179.095504,4.676
2179.293554,4.682
2179.491304,4.6930000000000005
2179.689554,4.705
2179.887554,4.747
2180.085554,4.833
2180.283554,4.765
2180.481554,4.775
2180.679554,4.6770000000000005
2180.8775539999997,4.691
2181.272854,4.689
2181.668804,4.678
2181.866804,4.63
2182.064804,4.588
2182.264454,4.563
2182.460854,4.295
2182.659104,4.17
2182.856854,4.131
2183.054854,3.89
2183.253104,3.944
2183.4508539999997,3.924
2183.649104,3.5540000000000003
2183.846854,3.386
2184.044904,3.166
2184.2431039999997,3.063
2184.440904,3.117
2184.638904,3.202
2184.837154,3.241
2185.034904,3.278
2185.234754,3.105
2185.431104,3.1
2185.629104,2.691
2185.828854,2.8120000000000003
2186.024904,2.8000000000000003
2186.223154,2.711
2186.421154,2.245
2186.619304,1.978
2186.818804,1.8960000000000001
2187.0151539999997,1.8980000000000001
2187.2148039999997,2.137
2187.411154,1.735
2187.609304,1.863
2187.8072039999997,0.868
2188.005204,1.326
2188.203154,1.571
2188.401204,1.974
2188.600904,1.4020000000000001
2188.797354,1.302
2188.995204,1.423
2189.193354,1.399
2189.391204,1.133
2189.5893539999997,0.291
2189.7874039999997,0.602
2189.985204,0.644
2190.183404,0.838
2190.3814039999997,1.428
2190.579354,2.715
2190.777404,3.306
2190.9765039999997,3.976
2191.173404,3.669
2191.371404,3.713
2191.569404,3.895
2191.7674039999997,4.622
2191.967104,5.0200000000000005
2192.163404,5.58
2192.3614039999998,5.521
2192.5596539999997,5.559
2192.757404,5.67
2192.955454,5.843
2193.153604,6.065
2193.351454,6.375
2193.549654,6.5120000000000005
2193.747454,6.383
2193.947154,6.402
2194.143604,6.1530000000000005
2194.342004,5.612
2194.5396539999997,5.579
2194.737704,5.832
2194.935454,5.852
2195.133604,6.032
2195.331604,6.157
2195.529704,6.416
2195.727704,6.478
2195.927104,6.746
2196.123654,6.878
2196.321654,6.939
2196.519854,6.986
2196.717754,7.049
2196.915754,6.5600000000000005
2197.1136539999998,6.372
2197.311654,5.939
2197.509904,6.381
2197.707754,6.322
2197.905754,6.338
2198.105604,6.368
2198.301654,6.41
2198.499904,6.162
2198.697904,5.937
2198.8958039999998,5.969
2199.095104,6.34
2199.2917039999998,6.806
2199.489954,6.381
2199.687954,5.806
2199.885954,5.63
2200.0839539999997,5.433
2200.282104,5.51
2200.479954,5.1450000000000005
2200.6779539999998,4.9350000000000005
2200.875954,4.913
2201.271204,5.238
2201.469454,5.381
2201.667254,5.5840000000000005
2201.865254,5.904
2202.0632539999997,5.684
2202.261254,5.715
2202.459454,5.5040000000000004
2202.6572539999997,5.305
2202.856154,5.4430000000000005
2203.053254,5.284
2203.251254,5.091
2203.449454,5.014
2203.647504,4.956
2203.845254,4.931
2204.0432539999997,5.146
2204.241504,5.455
2204.439254,5.396
2204.637504,4.883
2204.835254,4.698
2205.033304,4.441
2205.231504,3.99
2205.4295039999997,4.1370000000000005
2205.6275539999997,3.873
2205.825554,3.8280000000000003
2206.023304,3.717
2206.223204,3.556
2206.419704,3.333
2206.617554,2.953
2206.815554,2.846
2207.013554,2.652
2207.211554,2.521
2207.409554,2.234
2207.607754,1.917
2207.805554,1.629
2208.0037039999997,1.536
2208.2015539999998,1.302
2208.399554,0.989
2208.597754,0.583
2208.795604,0.297
2208.993604,0.584
2209.191754,0.747
2209.389754,0.6970000000000001
2209.5877539999997,0.886
2209.785754,0.933
2209.983754,0.852
2210.1817539999997,0.795
2210.380454,0.9520000000000001
2210.577804,1.018
2210.775804,1.069
2210.9738039999997,1.031
2211.171804,1.114
2211.369804,0.838
2211.567804,1.09
2211.765804,0.99
2211.963804,0.892
2212.161804,0.88
2212.3600539999998,0.803
2212.5578539999997,1.07
2212.755854,0.993
2212.953954,0.899
2213.153704,0.935
2213.349804,1.081
2213.548054,1.169
2213.746104,0.91
2213.943854,0.661
2214.143154,0.685
2214.339854,0.431
2214.5381039999997,0.532
2214.737254,0.453
2214.933854,0.552
2215.132004,0.505
2215.330254,0.607
2215.528104,0.5630000000000001
2215.726104,0.64
2215.924054,0.665
2216.122054,0.784
2216.320054,0.758
2216.518254,0.758
2216.7161539999997,0.646
2216.914104,0.674
2217.1120539999997,0.669
2217.310054,0.882
2217.509904,0.808
2217.706154,0.9520000000000001
2217.904154,1.069
2218.102954,1.1380000000000001
2218.300304,1.3860000000000001
2218.4983039999997,1.806
2218.696304,1.949
2218.894304,2.255
2219.092304,2.616
2219.290304,2.903
2219.488304,2.94
2219.686304,3.5740000000000003
2219.884354,3.668
2220.082354,3.778
2220.280504,3.581
2220.478354,3.6510000000000002
2220.8744039999997,3.594
2221.269604,2.795
2221.467604,3.5700000000000003
2221.665604,3.819
2221.863604,4.261
2222.061854,4.8580000000000005
2222.259604,5.3
2222.4578539999998,5.441
2222.656454,5.479
2222.853654,5.602
2223.051854,5.647
2223.2496539999997,6.027
2223.447904,6.248
2223.645654,6.465
2223.845354,6.4590000000000005
2224.041854,6.4350000000000005
2224.239854,6.554
2224.437904,6.591
2224.6359039999998,6.4350000000000005
2224.833704,6.509
2225.031904,6.434
2225.229904,6.352
2225.427904,6.016
2225.625904,6.199
2225.823704,6.289
2226.0219039999997,6.431
2226.219904,6.662
2226.418104,6.579
2226.616204,6.694
2226.8139539999997,6.583
2227.011954,6.498
2227.209954,6.621
2227.408104,6.7780000000000005
2227.605954,7.0360000000000005
2227.803954,7.08
2228.0021039999997,7.0360000000000005
2228.1999539999997,7.091
2228.398154,7.058
2228.596154,6.857
2228.795604,6.702
2228.992154,6.266
2229.189954,5.787
2229.389404,5.401
2229.5862039999997,5.105
2229.784154,5.107
2229.982154,5.046
2230.1801539999997,4.7250000000000005
2230.378154,4.396
2230.5770039999998,4.515
2230.7741539999997,4.607
2230.972154,4.529
2231.171904,4.524
2231.368154,4.569
2231.5662039999997,5.062
2231.764204,5.04
2231.962354,5.082
2232.160204,4.972
2232.3584539999997,4.872
2232.556204,4.8
2232.754204,4.7540000000000004
2232.952354,4.873
2233.150204,4.891
2233.348454,4.837
2233.546454,4.479
2233.7442539999997,4.445
2233.942404,4.405
2234.1406039999997,4.015
2234.3384539999997,4.048
2234.536454,3.798
2234.734254,3.555
2234.9324039999997,3.352
2235.130604,3.3040000000000003
2235.328504,3.336
2235.526504,3.4450000000000003
2235.724504,3.617
2235.922404,3.633
2236.120404,3.451
2236.3186539999997,3.41
2236.5165039999997,3.2520000000000002
2236.714504,3.3040000000000003
2236.912454,3.36
2237.110454,3.978
2237.310054,3.674
2237.506654,3.73
2237.704554,4.589
2237.902704,4.447
2238.100704,4.205
2238.300354,4.289
2238.496654,4.577
2238.6945539999997,4.0760000000000005
2238.894404,4.124
2239.090504,4.526
2239.288704,4.695
2239.486704,4.824
2239.684704,4.827
2239.882704,4.947
2240.080704,5.3500000000000005
2240.278704,5.543
2240.4767039999997,5.5
2240.872004,5.5280000000000005
2241.268204,5.493
2241.4661539999997,5.522
2241.6640039999997,5.558
2241.862204,5.424
2242.061404,5.819
2242.258254,5.737
2242.456004,5.79
2242.654654,5.751
2242.852004,5.823
2243.0502539999998,5.921
2243.248004,5.6850000000000005
2243.446254,5.686
2243.644504,5.712
2243.8420539999997,5.408
2244.040254,4.807
2244.238304,4.768
2244.436304,4.87
2244.634054,4.799
2244.832054,4.465
2245.030254,4.347
2245.228454,4.054
2245.426304,3.987
2245.624304,3.9050000000000002
2245.822304,3.8770000000000002
2246.020304,3.7800000000000002
2246.218504,3.611
2246.416304,3.148
2246.6143039999997,3.152
2246.812304,3.2
2247.010304,2.948
2247.2085039999997,2.966
2247.406504,2.914
2247.604354,2.748
2247.8025039999998,2.918
2248.000354,2.77
2248.198504,2.598
2248.396504,2.697
2248.5945039999997,2.596
2248.7923539999997,2.707
2248.990504,2.767
2249.188554,2.8850000000000002
2249.3865539999997,2.695
2249.584554,2.434
2249.782404,2.17
2249.9805539999998,2.068
2250.178554,2.329
2250.376854,2.118
2250.574554,1.603
2250.772704,1.701
2250.970554,1.596
2251.168804,1.429
2251.366604,1.23
2251.5646039999997,1.056
2251.762754,0.9400000000000001
2251.960554,0.846
2252.1588039999997,0.782
2252.358504,0.6890000000000001
2252.554604,0.618
2252.752604,0.5710000000000001
2252.951454,0.649
2253.148854,0.5690000000000001
2253.346854,0.392
2253.5446039999997,0.45
2253.742754,0.431
2253.9407539999997,0.403
2254.138854,0.226
2254.3373039999997,0.022
2254.534854,0.058
2254.732654,0.09
2254.930804,0.019
2255.128804,0.074
2255.327104,0.057
2255.524854,0.053
2255.722804,0.14100000000000001
2255.920804,0.184
2256.1190039999997,0.14200000000000002
2256.317054,0.074
2256.514904,0.04
2256.713054,0.105
2256.9108539999997,0.125
2257.109054,0.109
2257.307054,0.14
2257.504904,0.067
2257.703054,0.109
2257.900854,0.092
2258.099054,0.091
2258.2971039999998,0.134
2258.495104,0.07100000000000001
2258.6948039999997,0.11800000000000001
2258.891104,0.076
2259.0891039999997,0.20500000000000002
2259.287104,0.128
2259.485104,0.068
2259.684704,0.08
2259.881104,0.037
2260.080204,0.01
2260.277154,0.084
2260.673954,0.082
2261.068404,0.11900000000000001
2261.266404,0.095
2261.464404,0.084
2261.6624039999997,0.14100000000000001
2261.860654,0.101
2262.058404,0.20500000000000002
2262.2566039999997,0.168
2262.454404,0.132
2262.652404,0.099
2262.850654,0.184
2263.0484539999998,0.151
2263.246654,0.058
2263.444454,0.181
2263.642454,0.108
2263.840654,0.061
2264.038654,0.158
2264.236654,0.101
2264.4346539999997,0.105
2264.632454,0.093
2264.830654,0.05
2265.028704,0.031
2265.2267039999997,0.13
2265.424704,0.041
2265.622704,0.09
2265.8207039999998,0.139
2266.018704,0.111
2266.216854,0.095
2266.414704,0.059000000000000004
2266.612704,0.052000000000000005
2266.810704,0.126
2267.008754,0.048
2267.206904,0.131
2267.404904,0.181
2267.602754,0.14400000000000002
2267.8009039999997,0.148
2267.998704,0.123
2268.196904,0.187
2268.3949039999998,0.169
2268.593704,0.114
2268.790904,0.065
2268.988754,0.125
2269.1869039999997,0.139
2269.384904,0.035
2269.582954,0.17400000000000002
2269.780954,0.246
2269.9789539999997,0.17400000000000002
2270.176954,0.116
2270.374954,0.202
2270.574654,0.202
2270.770954,0.115
2270.968954,0.075
2271.166954,0.161
2271.3649539999997,0.23500000000000001
2271.562954,0.166
2271.7611039999997,0.157
2271.959004,0.061
2272.157204,0.078
2272.355004,0.07
2272.553004,0.036000000000000004
2272.751154,0.042
2272.9504039999997,0.07200000000000001
2273.147204,0.013000000000000001
2273.3452039999997,0.065
2273.543004,0.203
2273.741154,0.07200000000000001
2273.9391539999997,0.126
2274.1372539999998,0.14300000000000002
2274.335254,0.10300000000000001
2274.534754,0.135
2274.731154,0.045
2274.929154,0.082
2275.127254,0.096
2275.325254,0.068
2275.523304,0.111
2275.721204,0.101
2275.919204,0.035
2276.1174539999997,0.153
2276.3153039999997,0.045
2276.513304,0.082
2276.7112039999997,0.11800000000000001
2276.909204,0.061
2277.107454,0.021
2277.306604,0.07100000000000001
2277.503354,0.034
2277.701454,0.076
2277.900154,0.095
2278.0974539999997,0.052000000000000005
2278.295454,0.08
2278.493854,0.089
2278.691454,0.041
2278.889454,0.125
2279.087504,0.065
2279.285504,0.101
2279.4852539999997,0.134
2279.6815039999997,0.10400000000000001
2279.879504,0.15
2280.274754,0.06
2280.6707539999998,0.109
2280.868754,0.14100000000000001
2281.066754,0.109
2281.264754,0.081
2281.463054,0.065
2281.660754,0.068
2281.858804,0.057
2282.056804,0.08
2282.2548039999997,0.047
2282.452804,0.10200000000000001
2282.650804,0.084
2282.849054,0.078
2283.046804,0.093
2283.245054,0.07100000000000001
2283.442804,0.023
2283.642454,0.04
2283.839054,0.114
2284.036854,0.03
2284.2350539999998,0.073
2284.4328539999997,0.08
2284.630854,0.068
2284.829054,0.091
2285.028154,0.058
2285.225054,0.123
2285.423054,0.089
2285.620854,0.077
2285.819054,0.048
2286.017104,0.045
2286.215304,0.082
2286.4131039999997,0.04
2286.611104,0.041
2286.809104,0.09
2287.007104,0.089
2287.205254,0.035
2287.403154,0.091
2287.601154,0.112
2287.7991039999997,0.043000000000000003
2287.997304,0.037
2288.195304,0.105
2288.3933039999997,0.123
2288.593004,0.044
2288.789304,0.169
2288.987154,0.098
2289.185304,0.037
2289.383354,0.179
2289.581154,0.111
2289.780604,0.048
2289.9771539999997,0.148
2290.175304,0.053
2290.374754,0.065
2290.5713539999997,0.126
2290.769354,0.046
2290.967604,0.005
2291.1653539999998,0.043000000000000003
2291.363354,0.066
2291.561504,0.062
2291.759804,0.1
2291.957354,0.168
2292.157304,0.17400000000000002
2292.353354,0.108
2292.551404,0.243
2292.749504,0.168
2292.947404,0.149
2293.145604,0.121
2293.3434039999997,0.153
2293.541404,0.176
2293.7395539999998,0.101
2293.9376039999997,0.067
2294.135604,0.145
2294.333654,0.007
2294.5315539999997,0.17
2294.729554,0.23
2294.927604,0.171
2295.125654,0.163
2295.325354,0.067
2295.5214539999997,0.062
2295.719554,0.10200000000000001
2295.9176039999998,0.149
2296.115804,0.092
2296.3137039999997,0.163
2296.511654,0.226
2296.7096039999997,0.155
2296.907854,0.122
2297.107504,0.152
2297.303704,0.159
2297.501854,0.105
2297.699604,0.073
2297.897854,0.095
2298.0958539999997,0.078
2298.295604,0.138
2298.491704,0.048
2298.6898539999997,0.082
2298.889354,0.159
2299.085904,0.121
2299.283854,0.167
2299.481854,0.146
2299.679854,0.056
2299.878054,0.098
2300.273154,0.043000000000000003
2300.471154,0.092
2300.867154,0.058
2301.065154,0.082
2301.2631539999998,0.051000000000000004
2301.461154,0.075
2301.659404,0.151
2301.857204,0.156
2302.0554039999997,0.127
2302.253154,0.074
2302.451154,0.294
2302.649404,0.08600000000000001
2302.8472039999997,0.067
2303.045404,0.047
2303.243204,0.048
2303.4412039999997,0.15
2303.639454,0.10400000000000001
2303.837454,0.069
2304.035454,0.14200000000000002
2304.2334539999997,0.038
2304.431204,0.11800000000000001
2304.629454,0.07100000000000001
2304.8274539999998,0.07200000000000001
2305.025454,0.188
2305.223454,0.167
2305.421504,0.039
2305.6194539999997,0.129
2305.817454,0.153
2306.015654,0.165
2306.215154,0.128
2306.4115039999997,0.08600000000000001
2306.609454,0.121
2306.807554,0.139
2307.005654,0.13
2307.205404,0.115
2307.401504,0.14100000000000001
2307.599654,0.073
2307.797504,0.092
2307.995654,0.026000000000000002
2308.1936539999997,0.042
2308.3915039999997,0.101
2308.589704,0.107
2308.787504,0.053
2308.9857039999997,0.132
2309.183704,0.082
2309.381704,0.08700000000000001
2309.5797039999998,0.126
2309.777704,0.055
2309.975704,0.084
2310.173704,0.075
2310.371754,0.097
2310.569754,0.145
2310.769354,0.159
2310.965954,0.067
2311.165004,0.038
2311.361704,0.09
2311.5599039999997,0.11
2311.7577539999997,0.095
2311.955954,0.161
2312.153754,0.058
2312.351754,0.032
2312.549904,0.042
2312.747754,0.031
2312.946004,0.054
2313.145204,0.131
2313.341754,0.097
2313.5399039999998,0.14
2313.737904,0.08
2313.9360039999997,0.04
2314.134054,0.116
2314.331804,0.02
2314.529954,0.066
2314.727954,0.253
2314.926204,0.17200000000000001
2315.124054,0.126
2315.3220539999998,0.116
2315.5217039999998,0.098
2315.7179539999997,0.295
2315.916204,0.188
2316.115254,0.162
2316.312054,0.074
2316.511604,0.17500000000000002
2316.708004,0.13
2316.906204,0.20600000000000002
2317.1042039999998,0.081
2317.3020539999998,0.018000000000000002
2317.500204,0.027
2317.698004,0.105
2317.8962539999998,0.03
2318.094254,0.037
2318.292104,0.076
2318.490254,0.066
2318.6882539999997,0.138
2318.886254,0.034
2319.084254,0.07100000000000001
2319.2822539999997,0.127
2319.480254,0.092
2319.678254,0.078
2320.073504,0.10300000000000001
2320.271554,0.08600000000000001
2320.4697539999997,0.05
2320.667554,0.093
2320.865554,0.114
2321.063554,0.105
2321.2615539999997,0.098
2321.459954,0.069
2321.657554,0.014
2321.8555539999998,0.056
2322.053554,0.065
2322.251554,0.042
2322.449604,0.019
2322.6478039999997,0.031
2322.845604,0.114
2323.043804,0.029
2323.241604,0.121
2323.4396039999997,0.065
2323.637804,0.043000000000000003
2323.835604,0.024
2324.0338039999997,0.03
2324.231854,0.034
2324.429854,0.064
2324.627854,0.057
2324.826054,0.056
2325.023854,0.028
2325.221904,0.047
2325.419654,0.055
2325.617854,0.062
2325.816154,0.081
2326.0140539999998,0.135
2326.2118539999997,0.122
2326.410054,0.233
2326.607904,0.366
2326.805904,0.578
2327.004054,0.779
2327.201854,0.6910000000000001
2327.399904,0.986
2327.5979039999997,1.06
2327.795904,1.573
2327.994054,1.5170000000000001
2328.192054,1.901
2328.389904,2.105
2328.588054,2.669
2328.7860539999997,3.118
2328.984054,3.358
2329.182054,3.636
2329.380104,4.05
2329.5781039999997,4.1290000000000004
2329.777404,4.227
2329.974104,4.47
2330.1721039999998,4.4510000000000005
2330.370104,4.45
2330.568104,4.828
2330.766104,4.847
2330.9641039999997,4.869
2331.162104,5.162
2331.360404,5.003
2331.558154,4.974
2331.756354,4.8950000000000005
2331.954404,4.811
2332.152154,4.822
2332.350304,4.71
2332.548304,4.599
2332.746154,4.57
2332.944404,4.623
2333.142154,4.619
2333.340204,4.642
2333.5383039999997,4.6610000000000005
2333.736354,4.9350000000000005
2333.934404,4.9270000000000005
2334.132404,5.309
2334.3301539999998,5.433
2334.528354,5.5040000000000004
2334.726554,5.575
2334.924454,5.545
2335.122454,5.654
2335.320354,5.781
2335.518354,5.812
2335.7166039999997,5.617
2335.914604,5.871
2336.112454,6.095
2336.310454,6.187
2336.508354,6.3420000000000005
2336.706354,6.354
2336.904604,6.332
2337.102454,6.3740000000000006
2337.300504,6.46
2337.498654,5.713
2337.6966039999998,6.242
2337.894604,6.582
2338.093454,6.831
2338.290604,7.192
2338.4886539999998,7.633
2338.686654,7.743
2338.884654,7.899
2339.082654,8.089
2339.280804,8.052
2339.4803039999997,8.112
2339.676654,8.202
2340.071954,8.116
2340.269954,8.656
2340.4679539999997,8.85
2340.665904,8.966
2340.863904,9.063
2341.0621539999997,9.273
2341.259904,9.441
2341.458154,9.541
2341.655954,9.557
2341.854154,9.533
2342.053004,9.747
2342.249954,9.763
2342.449804,9.902000000000001
2342.645954,9.814
2342.844204,9.847
2343.042204,9.965
2343.2400039999998,10.213000000000001
2343.438204,9.928
2343.636204,9.806000000000001
2343.8342039999998,9.831
2344.032204,9.935
2344.230004,10.263
2344.428204,10.436
2344.6262039999997,10.457
2344.824204,10.482000000000001
2345.022254,10.623000000000001
2345.220254,10.617
2345.4182539999997,10.704
2345.616254,10.756
2345.8144039999997,10.728
2346.0122539999998,10.811
2346.210254,10.794
2346.408254,10.841000000000001
2346.606254,10.736
2346.804404,10.808
2347.002454,10.950000000000001
2347.200304,10.757
2347.3984539999997,10.836
2347.5963039999997,10.789
2347.794454,11.27
2347.993654,11.283
2348.1903039999997,11.19
2348.388454,11.328
2348.586304,11.214
2348.784454,11.289
2348.982454,11.341000000000001
2349.180504,11.476
2349.378504,11.474
2349.576504,11.512
2349.7752539999997,11.723
2349.972504,11.711
2350.170454,11.707
2350.368504,11.409
2350.566504,11.595
2350.764754,11.651
2350.962504,11.646
2351.160504,11.615
2351.358654,11.787
2351.5565039999997,11.713000000000001
2351.754754,11.818
2351.952504,11.741
2352.1505039999997,11.786
2352.348654,12.018
2352.5466539999998,11.692
2352.744804,11.865
2352.942804,11.781
2353.140554,11.786
2353.338704,11.843
2353.536704,11.644
2353.7348039999997,11.536
2353.934404,11.688
2354.130554,11.559000000000001
2354.330304,11.389000000000001
2354.526704,11.397
2354.724954,11.373000000000001
2354.922804,11.27
2355.1208039999997,11.546
2355.320404,11.474
2355.516704,11.384
2355.714954,11.234
2355.9128539999997,11.287
2356.1109539999998,11.192
2356.308954,11.11
2356.506754,11.166
2356.705004,11.145
2356.903004,11.043000000000001
2357.101004,11.142
2357.299004,11.058
2357.496754,11.108
2357.696654,11.159
2357.893004,11.074
2358.091004,11.105
2358.2890039999997,11.023
2358.487004,11.19
2358.685054,11.103
2358.883054,11.092
2359.081204,11.11
2359.279004,11.138
2359.6745539999997,11.084
2359.872304,11.028
2360.070304,10.976
2360.2683039999997,10.985
2360.466304,10.968
2360.6662539999998,10.972
2360.862354,10.943
2361.060304,10.863
2361.258554,10.909
2361.456354,10.950000000000001
2361.654354,10.807
2361.852554,10.865
2362.050304,10.870000000000001
2362.248554,10.972
2362.446554,10.935
2362.644354,10.561
2362.842604,10.972
2363.0403539999998,10.956
2363.238354,10.885
2363.436604,10.935
2363.634604,10.821
2363.8326039999997,10.9
2364.031504,10.741
2364.228604,10.732000000000001
2364.4266039999998,10.573
2364.625054,10.562
2364.822654,10.454
2365.020654,10.488
2365.2186039999997,10.318
2365.416654,10.377
2365.614604,10.372
2365.8128039999997,10.362
2366.010604,10.424
2366.208654,10.383000000000001
2366.406654,10.353
2366.604804,10.44
2366.802804,10.206
2367.000654,9.69
2367.198804,9.68
2367.3966539999997,9.986
2367.594654,10.048
2367.792854,10.126
2367.990804,10.158
2368.188854,9.99
2368.386854,10.044
2368.584704,10.208
2368.7842539999997,10.168000000000001
2368.980854,10.224
2369.178854,10.169
2369.376854,10.151
2369.575104,10.290000000000001
2369.772854,10.283
2369.971454,10.251
2370.169004,10.308
2370.366904,10.289
2370.566104,10.213000000000001
2370.7629039999997,10.264
2370.960904,10.254
2371.1590539999997,10.17
2371.357054,10.163
2371.554904,10.242
2371.753154,10.163
2371.950904,10.161
2372.149054,10.239
2372.347054,10.205
2372.545154,10.259
2372.743154,10.226
2372.940904,10.259
2373.1390539999998,10.108
2373.337054,10.101
2373.535104,10.131
2373.733204,10.374
2373.931704,10.338000000000001
2374.129104,10.195
2374.327104,10.189
2374.525204,10.101
2374.723204,9.983
2374.921154,10.191
2375.120954,10.183
2375.3171039999997,10.145
2375.515354,9.911
2375.713354,9.851
2375.911204,9.907
2376.1093539999997,9.877
2376.307154,9.66
2376.505154,9.553
2376.7033539999998,9.539
2376.9014039999997,9.636000000000001
2377.099354,9.473
2377.297354,9.366
2377.4951539999997,9.31
2377.693404,9.179
2377.891404,9.198
2378.089404,9.085
2378.2874039999997,8.925
2378.485404,8.91
2378.683404,8.915000000000001
2378.8814039999997,8.795
2379.276654,8.626
2379.474654,8.787
2379.672654,8.806000000000001
2379.870904,8.626
2380.068704,8.693
2380.266704,8.501
2380.466204,8.231
2380.662904,8.115
2380.8607039999997,8.141
2381.058704,8.003
2381.256954,7.972
2381.4547039999998,7.665
2381.6529539999997,7.582
2381.850704,7.464
2382.048754,7.36
2382.2469539999997,7.3260000000000005
2382.444754,7.0280000000000005
2382.642954,6.773000000000001
2382.840954,6.407
2383.0387539999997,6.414
2383.236954,6.139
2383.434954,5.804
2383.633004,5.7540000000000004
2383.830954,5.393
2384.028754,5.002
2384.227004,4.546
2384.4250039999997,4.338
2384.623154,3.834
2384.821004,3.607
2385.0190039999998,3.263
2385.217004,2.998
2385.415854,2.871
2385.6131539999997,2.578
2385.8110039999997,2.1630000000000003
2386.009054,1.917
2386.207004,1.647
2386.405054,1.433
2386.603204,1.1500000000000001
2386.801204,0.918
2387.000654,0.775
2387.197204,0.659
2387.395054,0.47100000000000003
2387.593204,0.293
2387.791204,0.26
2387.9890539999997,0.091
2388.187254,0.056
2388.3852039999997,0.11900000000000001
2388.5848539999997,0.122
2388.781204,0.065
2388.979254,0.054
2389.1772539999997,0.093
2389.375254,0.062
2389.573254,0.127
2389.7712539999998,0.075
2389.969254,0.032
2390.167404,0.052000000000000005
2390.365254,0.108
2390.5637039999997,0.08
2390.761254,0.022
2390.959304,0.079
2391.157404,0.061
2391.3553039999997,0.043000000000000003
2391.553554,0.049
2391.751304,0.10300000000000001
2391.9493039999998,0.004
2392.147454,0.033
2392.345454,0.083
2392.543554,0.013000000000000001
2392.741504,0.02
2392.939304,0.125
2393.1374539999997,0.247
2393.335454,0.518
2393.533554,1.077
2393.731554,1.473
2393.929304,1.965
2394.127454,2.398
2394.325504,2.5100000000000002
2394.5237039999997,2.686
2394.721604,2.896
2394.9212039999998,3.101
2395.117504,3.119
2395.3155039999997,3.203
2395.513754,3.376
2395.711754,3.154
2395.909604,3.428
2396.107754,3.5340000000000003
2396.305504,3.664
2396.5055039999997,3.591
2396.7017539999997,3.553
2396.8996039999997,3.62
2397.097754,3.6790000000000003
2397.295554,3.882
2397.493754,4.094
2397.691754,4.037
2397.889754,3.829
2398.0877539999997,3.835
2398.285754,3.888
2398.483804,3.985
2398.682354,4.163
2399.077054,4.481
2399.2750539999997,4.63
2399.473054,4.779
2399.671054,5.142
2399.869104,5.452
2400.0671039999997,5.719
2400.266004,5.865
2400.463054,6.195
2400.6610539999997,6.45
2400.859054,6.627
2401.057054,6.787
2401.255304,7.008
2401.4533539999998,7.141
2401.651304,7.287
2401.849104,7.714
2402.047354,7.886
2402.2453539999997,8.007
2402.443104,8.138
2402.641354,8.255
2402.8391039999997,8.415000000000001
2403.037104,8.67
2403.2364039999998,8.816
2403.433354,8.870000000000001
2403.631354,8.845
2403.829404,9.072000000000001
2404.027154,9.101
2404.2269539999998,8.996
2404.423554,8.939
2404.621354,8.942
2404.8193539999997,8.808
2405.017354,8.697000000000001
2405.215404,8.611
2405.415054,8.524000000000001
2405.611554,8.407
2405.809404,8.329
2406.007404,8.219
2406.205404,8.131
2406.4050039999997,8.008000000000001
2406.601554,7.962
2406.799404,7.7250000000000005
2406.997454,7.526
2407.195604,7.343
2407.395254,7.031000000000001
2407.5916039999997,6.7010000000000005
2407.789604,6.376
2407.987604,6.032
2408.185604,5.813
2408.383454,5.376
2408.581604,5.095
2408.779654,4.611
2408.9776039999997,4.274
2409.1756539999997,3.9170000000000003
2409.375204,3.646
2409.5716039999998,3.45
2409.769604,3.0540000000000003
2409.968104,2.856
2410.165654,2.566
2410.3638539999997,2.257
2410.561654,1.988
2410.759654,1.815
2410.9578039999997,1.756
2411.155804,1.479
2411.355354,1.323
2411.551904,1.2650000000000001
2411.7496539999997,1.169
2411.947654,0.983
2412.1458039999998,0.904
2412.345154,0.768
2412.5419039999997,0.645
2412.739904,0.47900000000000004
2412.937704,0.28800000000000003
2413.135854,0.185
2413.335704,0.128
2413.531904,0.066
2413.729954,0.033
2413.927854,0.031
2414.125854,0.012
2414.325604,0.074
2414.521954,0.497
2414.7199539999997,0.154
2414.919704,0.056
2415.115904,0.007
2415.313854,0.059000000000000004
2415.512104,0.099
2415.709954,0.10200000000000001
2415.908004,0.061
2416.105904,0.036000000000000004
2416.304154,0.035
2416.502154,0.061
2416.700154,0.008
2416.898154,0.069
2417.096154,0.05
2417.293904,0.04
2417.493754,0.10200000000000001
2417.690154,0.038
2417.888004,0.029
2418.086154,0.036000000000000004
2418.284204,0.063
2418.482204,0.066
2418.680204,0.023
2419.075454,0.039
2419.2734539999997,0.062
2419.473054,0.098
2419.669454,0.028
2419.8674539999997,0.08600000000000001
2420.065454,0.112
2420.263454,0.035
2420.461704,0.003
2420.659454,0.085
2420.857454,0.038
2421.055504,0.061
2421.253504,0.078
2421.451504,0.051000000000000004
2421.651054,0.036000000000000004
2421.8474539999997,0.07
2422.045454,0.053
2422.243704,0.063
2422.441704,0.026000000000000002
2422.639754,0.048
2422.837504,0.012
2423.035704,0.122
2423.233754,0.034
2423.4315039999997,0.038
2423.629754,0.11900000000000001
2423.827504,0.08600000000000001
2424.0255039999997,0.01
2424.225054,0.068
2424.421904,0.062
2424.619754,0.084
2424.8177539999997,0.099
2425.015754,0.025
2425.213804,0.031
2425.413604,0.024
2425.609754,0.065
2425.807754,0.025
2426.0059539999997,0.014
2426.2038039999998,0.01
2426.401954,0.03
2426.599954,0.034
2426.797804,0.056
2426.995954,0.122
2427.193804,0.026000000000000002
2427.3919539999997,0.018000000000000002
2427.589954,0.066
2427.787954,0.013000000000000001
2427.986004,0.052000000000000005
2428.1840039999997,0.057
2428.382004,0.062
2428.580004,0.032
2428.778004,0.026000000000000002
2428.977354,0.019
2429.174004,0.026000000000000002
2429.372004,0.017
2429.571254,0.009000000000000001
2429.7680539999997,0.039
2429.9661539999997,0.063
2430.164054,0.082
2430.3622539999997,0.031
2430.560054,0.07
2430.758054,0.127
2430.956204,0.011
2431.154054,0.051000000000000004
2431.352254,0.075
2431.5502539999998,0.048
2431.7480539999997,0.022
2431.946204,0.036000000000000004
2432.144254,0.041
2432.342304,0.047
2432.540304,0.034
2432.738054,0.026000000000000002
2432.936354,0.078
2433.134204,0.016
2433.332454,0.10400000000000001
2433.530954,0.023
2433.728354,0.101
2433.926254,0.051000000000000004
2434.125404,0.036000000000000004
2434.3225039999998,0.021
2434.5203039999997,0.083
2434.718354,0.054
2434.9162539999998,0.056
2435.1145039999997,0.07
2435.312504,0.074
2435.510504,0.059000000000000004
2435.708354,0.05
2435.906654,0.057
2436.104504,0.061
2436.3025039999998,0.094
2436.500504,0.06
2436.698354,0.096
2436.896504,0.049
2437.0945039999997,0.032
2437.292504,0.069
2437.490554,0.082
2437.688554,0.052000000000000005
2437.8865539999997,0.04
2438.086354,0.049
2438.282554,0.028
2438.4805539999998,0.032
2438.875804,0.023
2439.073804,0.019
2439.272054,0.091
2439.469804,0.044
2439.6678039999997,0.113
2439.8672039999997,0.211
2440.063854,0.176
2440.262054,0.259
2440.460554,0.383
2440.657854,0.503
2440.855854,0.661
2441.0554039999997,0.68
2441.2521039999997,0.738
2441.450054,0.9380000000000001
2441.649504,0.929
2441.8458539999997,0.994
2442.044104,0.912
2442.242104,0.863
2442.440104,0.714
2442.6379039999997,0.8260000000000001
2442.835904,0.902
2443.035054,0.9450000000000001
2443.232254,0.974
2443.4317539999997,1.228
2443.628104,1.6600000000000001
2443.825904,2.031
2444.025404,2.364
2444.222154,2.6750000000000003
2444.420154,3.153
2444.618154,3.2640000000000002
2444.816154,3.603
2445.014154,3.8360000000000003
2445.2123039999997,4.038
2445.410304,4.1370000000000005
2445.608154,4.165
2445.8063039999997,4.225
2446.0041539999997,4.501
2446.202354,4.626
2446.400354,4.829
2446.600004,4.971
2446.796154,5.086
2446.994354,5.432
2447.192354,5.441
2447.390354,5.662
2447.588354,5.947
2447.786204,6.211
2447.984404,6.417
2448.182354,6.555
2448.380354,6.719
2448.5783539999998,6.914
2448.776504,7.11
2448.974354,7.258
2449.172604,7.271
2449.370404,7.5760000000000005
2449.568404,7.713
2449.766404,7.719
2449.964404,7.769
2450.1626539999997,7.942
2450.360654,7.969
2450.558404,8.153
2450.7564039999997,8.256
2450.955504,8.426
2451.152654,8.481
2451.350654,8.689
2451.5484539999998,8.776
2451.746604,9.095
2451.944604,9.315
2452.142804,9.226
2452.340654,9.318
2452.538654,9.333
2452.736454,9.438
2452.936354,9.648
2453.132854,9.605
2453.330704,9.65
2453.528704,9.729000000000001
2453.726454,9.719
2453.924604,9.722
2454.1228539999997,9.88
2454.320854,9.947000000000001
2454.5203539999998,9.899000000000001
2454.716854,9.905
2454.9146539999997,9.995000000000001
2455.112904,9.945
2455.310854,9.968
2455.508754,9.97
2455.706754,10.0
2455.904904,9.988
2456.1028539999998,9.967
2456.3009039999997,9.952
2456.498904,10.025
2456.696754,9.905
2456.8949039999998,10.0
2457.092904,9.914
2457.290904,9.963000000000001
2457.488904,10.022
2457.6885039999997,9.958
2457.884904,9.944
2458.0848539999997,9.948
2458.2809039999997,9.827
2458.676204,9.753
2459.072204,9.567
2459.270204,9.444
2459.468204,9.397
2459.666204,9.362
2459.864254,9.294
2460.062254,9.283
2460.2604539999998,9.287
2460.458204,9.139
2460.656204,8.979000000000001
2460.855254,8.822000000000001
2461.0522539999997,8.895
2461.252154,8.950000000000001
2461.448254,8.84
2461.6462539999998,8.743
2461.844254,8.702
2462.042454,8.613
2462.241454,8.689
2462.4385039999997,8.558
2462.636254,8.549
2462.834254,8.506
2463.0324539999997,8.4
2463.230504,8.174
2463.428504,8.007
2463.626504,7.74
2463.826154,7.5600000000000005
2464.022504,7.7170000000000005
2464.2206539999997,7.525
2464.4187039999997,7.4590000000000005
2464.616504,7.273000000000001
2464.814504,7.0840000000000005
2465.012504,6.8340000000000005
2465.210704,6.614
2465.408704,6.461
2465.606554,5.963
2465.8047039999997,5.406
2466.0025539999997,5.046
2466.200704,4.791
2466.3987039999997,4.586
2466.5965539999997,4.181
2466.794704,3.805
2466.992554,3.739
2467.192204,3.594
2467.388754,3.003
2467.586754,2.351
2467.786454,2.027
2467.982754,1.528
2468.1817539999997,0.51
2468.378754,0.852
2468.5767539999997,1.117
2468.774754,1.445
2468.972804,1.235
2469.171004,1.524
2469.369804,2.102
2469.566754,2.266
2469.764904,2.479
2469.9627539999997,2.704
2470.161004,2.854
2470.358804,2.9090000000000003
2470.556804,2.855
2470.7566039999997,3.052
2470.952804,3.1350000000000002
2471.152654,3.04
2471.349054,3.069
2471.546804,3.073
2471.744954,3.356
2471.942954,3.704
2472.1410539999997,3.9650000000000003
2472.339054,4.192
2472.536854,3.926
2472.7350039999997,4.136
2472.933004,4.365
2473.131254,4.289
2473.329054,4.097
2473.5270539999997,4.075
2473.725004,4.5440000000000005
2473.9230039999998,5.1160000000000005
2474.121204,5.343
2474.3191039999997,5.516
2474.517104,5.434
2474.7152539999997,5.833
2474.913004,5.437
2475.111254,5.621
2475.309254,5.941
2475.507104,6.103
2475.706204,6.194
2475.903054,6.2
2476.1012539999997,5.386
2476.299254,5.823
2476.497304,6.016
2476.6970539999998,5.327
2476.8933039999997,5.526
2477.091304,5.454
2477.289304,5.434
2477.4873039999998,5.428
2477.687004,5.554
2477.883304,5.292
2478.278554,4.987
2478.6752539999998,4.4750000000000005
2478.872554,4.273
2479.071304,4.247
2479.268604,3.845
2479.4666039999997,4.492
2479.664604,4.668
2479.862604,4.705
2480.060604,5.085
2480.258604,4.988
2480.457004,5.122
2480.654604,5.314
2480.852804,5.442
2481.0506539999997,5.361
2481.248854,5.569
2481.4466039999998,5.272
2481.644604,5.227
2481.842854,5.3
2482.040604,5.598
2482.2388539999997,5.521
2482.436854,5.869
2482.634654,6.338
2482.8328539999998,6.34
2483.030854,5.855
2483.228904,5.4510000000000005
2483.426904,5.439
2483.626254,5.304
2483.822904,5.463
2484.020854,5.274
2484.2190539999997,5.307
2484.4169039999997,5.2410000000000005
2484.614904,5.17
2484.812904,4.876
2485.0109039999998,4.832
2485.209104,4.606
2485.4083539999997,4.496
2485.604904,4.215
2485.8029039999997,4.035
2486.000904,4.139
2486.199104,4.107
2486.3971039999997,4.132
2486.5949539999997,4.164
2486.7948539999998,3.807
2486.990954,3.153
2487.189104,3.047
2487.387104,3.16
2487.584954,3.345
2487.783104,3.245
2487.981104,3.18
2488.179154,3.087
2488.377154,3.096
2488.575154,3.045
2488.774854,2.873
2488.971154,2.731
2489.1691539999997,3.071
2489.367854,3.33
2489.565154,3.244
2489.763304,3.5780000000000003
2489.961154,3.621
2490.159404,3.825
2490.358804,3.997
2490.555204,4.192
2490.753354,4.692
2490.951154,4.5760000000000005
2491.149404,4.766
2491.3472039999997,4.906
2491.545204,4.8500000000000005
2491.7433539999997,4.94
2491.941354,4.9190000000000005
2492.139454,4.979
2492.337454,4.977
2492.535204,5.138
2492.733354,5.05
2492.931354,5.097
2493.129454,4.923
2493.3274539999998,4.673
2493.525604,4.634
2493.723404,4.587
2493.9216039999997,4.472
2494.119604,4.495
2494.317454,4.324
2494.515654,4.118
2494.713404,4.043
2494.911604,4.04
2495.1096039999998,3.9450000000000003
2495.307504,3.842
2495.505654,3.759
2495.705304,3.568
2495.901654,3.454
2496.099654,3.488
2496.297654,3.4490000000000003
2496.495504,3.075
2496.695304,3.055
2496.891454,2.859
2497.0913539999997,2.94
2497.287704,2.964
2497.485654,2.873
2497.683704,2.775
2497.8818539999997,2.8970000000000002
2498.276954,2.934
2498.475704,3.098
2498.6729539999997,3.254
2498.870954,3.571
2499.068954,3.912
2499.2669539999997,3.789
2499.466304,4.072
2499.662954,4.151
2499.8609539999998,4.436
2500.058954,4.728
2500.257004,4.972
2500.455004,5.205
2500.653004,5.476
2500.851004,5.351
2501.049204,5.478
2501.247204,5.46
2501.4450039999997,5.691
2501.643204,5.4590000000000005
2501.841204,5.687
2502.0390039999997,5.625
2502.2372539999997,5.881
2502.435054,6.006
2502.633054,6.0280000000000005
2502.8328039999997,5.984
2503.029254,6.0040000000000004
2503.227254,6.1770000000000005
2503.4252539999998,6.123
2503.6230539999997,6.5040000000000004
2503.821254,6.404
2504.0194539999998,6.631
2504.218104,6.281
2504.415304,6.3020000000000005
2504.613304,6.279
2504.811304,6.279
2505.009454,6.247
2505.207454,6.404
2505.405304,6.434
2505.6033039999998,6.449
2505.801304,6.539
2505.999304,6.383
2506.1975039999998,6.393
2506.3953039999997,6.461
2506.593504,6.434
2506.7914539999997,6.3950000000000005
2506.9895039999997,6.368
2507.187504,6.371
2507.385504,6.3500000000000005
2507.5835039999997,6.006
2507.781504,5.963
2507.979954,6.009
2508.1775039999998,5.807
2508.375504,5.547
2508.573354,5.4270000000000005
2508.771504,5.1930000000000005
2508.969554,5.205
2509.167504,5.104
2509.365554,5.163
2509.563654,5.242
2509.7615539999997,5.069
2509.960454,5.2
2510.157554,4.893
2510.3557539999997,5.206
2510.553704,5.198
2510.751704,5.251
2510.949554,5.192
2511.149204,5.347
2511.345554,5.433
2511.543604,5.574
2511.741704,5.783
2511.939804,5.5200000000000005
2512.137804,5.546
2512.335604,5.793
2512.533754,5.873
2512.7332539999998,5.984
2512.9299539999997,6.005
2513.127854,6.126
2513.3261039999998,6.26
2513.523754,6.447
2513.7217539999997,6.4590000000000005
2513.921704,6.589
2514.117854,6.497
2514.315854,6.537
2514.5140039999997,6.666
2514.711754,6.68
2514.911704,6.698
2515.1080039999997,7.159
2515.307604,7.027
2515.504054,7.089
2515.701804,7.211
2515.900004,7.232
2516.098004,7.172
2516.296054,7.099
2516.494054,7.074
2516.692004,7.1770000000000005
2516.8917039999997,7.178
2517.088054,7.16
2517.2860539999997,7.309
2517.484054,7.281000000000001
2517.682054,7.194
2517.881054,7.356
2518.2759539999997,7.07
2518.4733539999997,7.269
2518.671354,7.211
2518.869304,7.172
2519.0673039999997,7.014
2519.2653539999997,6.946
2519.464954,6.982
2519.661354,7.013
2519.8593539999997,7.073
2520.057604,6.683
2520.255354,6.7010000000000005
2520.455054,6.663
2520.6516039999997,6.364
2520.849354,6.257000000000001
2521.047604,6.453
2521.2453539999997,6.390000000000001
2521.443404,6.167
2521.641604,6.493
2521.839604,6.390000000000001
2522.037604,6.4830000000000005
2522.235654,6.378
2522.433404,6.272
2522.6316039999997,6.168
2522.829604,5.9430000000000005
2523.027854,5.828
2523.225654,5.774
2523.4234539999998,5.702
2523.622504,5.55
2523.819654,5.484
2524.017804,5.517
2524.215654,5.414
2524.413654,5.453
2524.611654,5.239
2524.8096539999997,5.257
2525.007804,5.304
2525.205704,5.149
2525.403704,5.124
2525.601854,5.078
2525.8011039999997,4.955
2525.9978539999997,4.954
2526.195854,4.742
2526.393854,4.801
2526.591854,4.8260000000000005
2526.789854,4.474
2526.987854,4.518
2527.185904,4.279
2527.383904,4.269
2527.5819039999997,4.328
2527.779904,4.267
2527.9778539999998,4.25
2528.176654,4.219
2528.373904,4.216
2528.571904,4.067
2528.7699039999998,3.861
2528.967904,3.859
2529.165904,4.011
2529.3656539999997,3.848
2529.562054,3.641
2529.760154,3.761
2529.958154,3.67
2530.1559039999997,3.5620000000000003
2530.354054,3.516
2530.5520539999998,3.605
2530.749954,3.66
2530.9481539999997,3.489
2531.145954,3.547
2531.343954,3.3810000000000002
2531.542104,3.4050000000000002
2531.740104,3.247
2531.938154,3.097
2532.136204,3.349
2532.335854,3.194
2532.532104,3.0500000000000003
2532.730354,3.138
2532.928204,2.589
2533.1262039999997,2.592
2533.325804,2.948
2533.522154,2.898
2533.720104,2.8970000000000002
2533.918604,3.047
2534.116254,2.791
2534.316004,3.0
2534.512154,3.027
2534.710404,2.869
2534.908404,2.873
2535.106404,3.0580000000000003
2535.3042539999997,3.035
2535.502404,2.9290000000000003
2535.7004039999997,2.7
2535.898404,2.765
2536.096404,2.567
2536.2944039999998,2.6
2536.4929039999997,2.853
2536.690204,3.0500000000000003
2536.888404,2.862
2537.086454,2.641
2537.284404,2.797
2537.482404,2.754
2537.877704,2.965
2538.075704,3.119
2538.2737039999997,3.129
2538.471704,3.119
2538.671304,3.2880000000000003
2538.8679039999997,3.3810000000000002
2539.065704,3.6430000000000002
2539.263704,3.5020000000000002
2539.461954,3.6310000000000002
2539.659754,3.723
2539.8577539999997,3.8120000000000003
2540.055754,3.848
2540.2537039999997,3.75
2540.4517539999997,3.9330000000000003
2540.649954,3.719
2540.847804,4.055
2541.0459539999997,4.0040000000000004
2541.245254,3.9130000000000003
2541.441954,3.995
2541.640004,3.979
2541.8380039999997,3.963
2542.036004,3.907
2542.233754,3.859
2542.432004,4.245
2542.630004,4.2090000000000005
2542.828154,4.391
2543.026004,4.575
2543.224054,4.813
2543.422004,4.9
2543.620054,5.067
2543.8182039999997,5.136
2544.016004,4.9910000000000005
2544.215604,5.245
2544.412004,5.311
2544.6100539999998,5.518
2544.808204,5.596
2545.006204,5.602
2545.204054,5.44
2545.402604,5.649
2545.600054,5.591
2545.798054,5.5120000000000005
2545.996204,5.3
2546.194204,5.151
2546.392054,4.965
2546.591404,4.8
2546.788054,4.615
2546.986254,4.83
2547.184254,4.68
2547.382104,4.474
2547.580254,4.5280000000000005
2547.778254,4.641
2547.9762539999997,4.765
2548.174254,4.819
2548.373204,4.798
2548.570304,4.75
2548.7683039999997,4.791
2548.968054,4.623
2549.164304,4.61
2549.3622539999997,4.574
2549.560304,4.63
2549.758304,4.605
2549.9565039999998,4.509
2550.1543039999997,4.423
2550.352304,4.366
2550.5504539999997,4.248
2550.748554,4.024
2550.946554,3.872
2551.144304,3.814
2551.342454,3.915
2551.540454,3.726
2551.7388539999997,3.795
2551.936554,3.8890000000000002
2552.1345539999998,4.077
2552.332504,3.998
2552.530504,3.9530000000000003
2552.7285039999997,3.7880000000000003
2552.928254,3.924
2553.124554,4.218
2553.3225039999998,4.41
2553.521554,4.646
2553.718704,4.2090000000000005
2553.916754,4.671
2554.114604,4.382
2554.312754,4.623
2554.510554,4.799
2554.708554,4.75
2554.906754,4.737
2555.104604,4.803
2555.302754,4.485
2555.502154,4.562
2555.698754,4.383
2555.896804,4.069
2556.0963039999997,3.944
2556.2928039999997,4.156
2556.490804,4.349
2556.688854,4.38
2556.8868039999998,4.723
2557.084804,4.683
2557.282804,4.84
2557.480804,4.936
2557.876054,4.805
2558.0740539999997,4.67
2558.272054,4.829
2558.470054,4.753
2558.6680539999998,4.74
2558.8661039999997,4.723
2559.064104,4.749
2559.262104,4.792
2559.461904,4.618
2559.658104,4.816
2559.856304,5.437
2560.054104,5.4350000000000005
2560.2521039999997,5.397
2560.450304,5.3
2560.648104,5.215
2560.846154,5.307
2561.0441539999997,5.207
2561.242154,5.655
2561.440354,5.872
2561.6383539999997,5.6690000000000005
2561.836354,5.514
2562.034354,5.519
2562.232154,5.305
2562.430354,5.15
2562.628354,5.212
2562.826404,4.974
2563.024404,4.905
2563.222404,4.9670000000000005
2563.422004,4.91
2563.618404,4.856
2563.816554,5.127
2564.014404,4.827
2564.212404,4.924
2564.4104039999997,5.0040000000000004
2564.608404,4.88
2564.806604,4.918
2565.0046039999997,4.906
2565.202604,4.985
2565.400554,4.82
2565.598404,4.836
2565.7966039999997,4.564
2565.994604,4.783
2566.192604,4.742
2566.3906039999997,4.017
2566.5884539999997,4.077
2566.788254,3.9170000000000003
2566.9846039999998,4.213
2567.183404,4.225
2567.380604,4.413
2567.578604,4.196
2567.777204,4.198
2567.974654,4.16
2568.1727539999997,4.4030000000000005
2568.370654,4.482
2568.5686539999997,4.361
2568.766904,4.697
2568.964654,4.392
2569.162804,4.5600000000000005
2569.360804,4.499
2569.558654,4.343
2569.756904,4.163
2569.9560539999998,4.115
2570.152804,4.085
2570.3519539999998,3.915
2570.548704,3.754
2570.746904,3.642
2570.944904,3.481
2571.142804,3.4450000000000003
2571.342004,3.484
2571.538854,3.358
2571.736954,3.475
2571.9364539999997,3.802
2572.132854,3.831
2572.330854,3.842
2572.5288539999997,4.022
2572.727104,3.959
2572.926704,3.6870000000000003
2573.123104,3.489
2573.320854,3.4330000000000003
2573.518854,3.834
2573.717104,3.972
2573.915004,4.238
2574.1131539999997,4.251
2574.310904,4.409
2574.508904,4.355
2574.707104,4.241
2574.905154,4.393
2575.103104,4.227
2575.3011539999998,4.681
2575.498904,4.684
2575.697154,4.627
2575.895154,4.742
2576.0931539999997,4.8950000000000005
2576.291154,4.992
2576.4893039999997,5.022
2576.6871539999997,4.89
2576.885154,5.0600000000000005
2577.2804539999997,5.14
2577.676404,4.76
2577.874454,4.448
2578.072454,4.3870000000000005
2578.270454,4.19
2578.468454,3.8360000000000003
2578.6667039999998,3.763
2578.865504,4.359
2579.062454,4.256
2579.260704,4.257
2579.458454,4.272
2579.656704,4.601
2579.855654,4.688
2580.0525039999998,5.001
2580.250704,5.135
2580.448704,5.1290000000000004
2580.646504,4.988
2580.8447539999997,4.841
2581.042504,5.127
2581.240704,5.017
2581.4387039999997,5.228
2581.636504,5.317
2581.834754,5.304
2582.032754,5.271
2582.2307539999997,5.72
2582.428754,5.816
2582.6269039999997,5.307
2582.8247539999998,4.939
2583.022754,5.313
2583.220754,6.007000000000001
2583.418754,6.4830000000000005
2583.6167539999997,5.892
2583.814954,5.33
2584.012804,4.798
2584.210804,4.32
2584.4088039999997,4.433
2584.607254,4.361
2584.8049539999997,4.355
2585.0028039999997,4.227
2585.200954,4.097
2585.398804,4.008
2585.596954,3.802
2585.795004,3.846
2585.993004,3.669
2586.191004,3.872
2586.3890039999997,3.708
2586.5871039999997,3.391
2586.7849539999997,3.1710000000000003
2586.982954,3.207
2587.181004,3.777
2587.379004,4.198
2587.577804,4.636
2587.775004,4.537
2587.973004,4.589
2588.1727539999997,4.534
2588.3690039999997,4.781
2588.567254,4.947
2588.765454,5.345
2588.9630039999997,5.357
2589.161154,5.506
2589.3591539999998,5.596
2589.557054,5.6370000000000005
2589.756954,5.692
2589.953054,5.813
2590.151204,5.779
2590.349204,5.988
2590.5470539999997,5.781
2590.745304,5.798
2590.943054,5.797
2591.141204,5.968
2591.339204,6.121
2591.537454,6.409
2591.735304,6.487
2591.9333039999997,6.471
2592.131254,6.304
2592.3292039999997,6.288
2592.527454,6.4910000000000005
2592.7253539999997,6.736
2592.923304,7.2540000000000004
2593.121454,6.982
2593.319254,6.413
2593.517254,5.952
2593.715504,6.181
2593.913354,6.327
2594.111504,6.2860000000000005
2594.309254,6.264
2594.5075039999997,6.198
2594.705504,6.117
2594.905104,6.18
2595.1015039999997,6.1530000000000005
2595.2995539999997,6.148
2595.497304,6.015000000000001
2595.695554,5.953
2595.8935039999997,5.822
2596.091504,5.61
2596.289504,5.728
2596.4875039999997,5.543
2596.687004,5.448
2596.883554,5.222
2597.279254,5.273
2597.6748039999998,5.04
2597.872804,4.914
2598.071004,4.814
2598.268854,4.376
2598.466854,3.923
2598.664854,3.9570000000000003
2598.862804,3.865
2599.0608039999997,3.887
2599.259054,4.035
2599.456854,3.81
2599.655054,3.567
2599.8528539999998,2.954
2600.050854,3.025
2600.249104,2.718
2600.446854,2.9330000000000003
2600.6451039999997,3.277
2600.843104,3.3850000000000002
2601.040854,3.478
2601.2391039999998,3.576
2601.437104,3.64
2601.636704,4.013
2601.833104,4.065
2602.0309039999997,4.188
2602.229154,4.163
2602.427104,4.291
2602.625254,4.425
2602.823104,4.464
2603.021154,4.461
2603.219104,4.501
2603.417104,4.597
2603.616404,4.582
2603.813154,4.162
2604.011154,3.971
2604.2094039999997,3.974
2604.407154,3.852
2604.6053039999997,3.394
2604.803304,3.12
2605.001154,2.939
2605.199354,2.5100000000000002
2605.397154,2.685
2605.595354,2.771
2605.793354,2.834
2605.991204,2.817
2606.189354,2.251
2606.387354,2.521
2606.586254,2.618
2606.7833539999997,2.507
2606.981354,2.378
2607.179354,2.344
2607.377404,2.13
2607.5754039999997,2.121
2607.773404,1.974
2607.971854,1.818
2608.169554,1.567
2608.367354,0.8
2608.567254,0.34800000000000003
2608.763404,0.328
2608.9614039999997,0.267
2609.159554,0.211
2609.357404,0.081
2609.555654,0.07200000000000001
2609.753404,0.145
2609.951404,0.029
2610.151054,0.40800000000000003
2610.347554,0.873
2610.545654,0.639
2610.743654,0.467
2610.941454,0.635
2611.139604,0.753
2611.338854,0.622
2611.535704,0.8200000000000001
2611.7336539999997,0.906
2611.931654,0.913
2612.1296039999997,1.182
2612.327604,1.471
2612.526904,1.667
2612.723704,1.681
2612.921704,2.1430000000000002
2613.119654,2.023
2613.317654,2.068
2613.5158539999998,1.764
2613.713704,2.345
2613.911704,2.464
2614.109854,2.701
2614.3076539999997,2.978
2614.505854,3.1310000000000002
2614.703904,3.208
2614.901754,3.293
2615.0999039999997,3.486
2615.299204,3.5500000000000003
2615.495904,3.549
2615.6939039999997,3.56
2615.891904,3.372
2616.089904,3.624
2616.287904,3.673
2616.486704,3.74
2616.683954,3.527
2616.881954,3.782
2617.277154,3.797
2617.476854,3.44
2617.6732039999997,3.615
2617.871204,3.6270000000000002
2618.069404,3.573
2618.2672039999998,3.709
2618.465204,3.866
2618.663204,3.598
2618.861204,3.666
2619.0592039999997,3.714
2619.257204,3.72
2619.455454,3.658
2619.653454,3.6910000000000003
2619.8512539999997,3.805
2620.049204,3.682
2620.247454,3.442
2620.4454539999997,3.513
2620.643454,3.618
2620.841254,3.697
2621.0394539999998,3.446
2621.237454,3.697
2621.435654,3.591
2621.633504,3.344
2621.8315039999998,3.468
2622.029254,3.44
2622.227504,3.173
2622.426754,3.072
2622.6235039999997,3.333
2622.821504,3.765
2623.0203039999997,4.285
2623.2175039999997,4.4
2623.415704,4.244
2623.613704,3.823
2623.811504,3.761
2624.009654,3.619
2624.207504,4.282
2624.405504,4.557
2624.603704,4.425
2624.8015539999997,4.2940000000000005
2624.999554,4.2700000000000005
2625.1977039999997,4.041
2625.395704,3.706
2625.5954039999997,3.428
2625.7917039999998,3.114
2625.9895539999998,3.087
2626.187704,2.869
2626.385704,2.611
2626.585404,2.471
2626.781754,2.443
2626.9798539999997,2.195
2627.177754,1.8920000000000001
2627.3760039999997,1.752
2627.573754,1.793
2627.771754,1.31
2627.9697539999997,0.986
2628.167754,0.907
2628.366054,0.798
2628.563804,0.833
2628.7617539999997,0.834
2628.959804,0.77
2629.1579039999997,0.779
2629.3560039999998,0.849
2629.554004,0.657
2629.751804,0.584
2629.9506039999997,0.63
2630.147904,0.428
2630.3470039999997,0.401
2630.544054,0.258
2630.742054,0.096
2630.940454,0.074
2631.137954,0.042
2631.3380039999997,0.033
2631.5340539999997,0.065
2631.732054,0.044
2631.929804,0.024
2632.127954,0.039
2632.326254,0.069
2632.524204,0.062
2632.722104,0.095
2632.920354,0.022
2633.118004,0.189
2633.3164039999997,0.36
2633.514204,0.537
2633.712054,0.864
2633.910104,1.198
2634.1080039999997,1.541
2634.306204,1.826
2634.504254,2.2800000000000002
2634.702254,2.689
2634.900104,2.604
2635.098254,3.0700000000000003
2635.296454,3.579
2635.4942539999997,3.636
2635.692254,3.62
2635.890254,3.927
2636.088254,3.932
2636.286454,4.0600000000000005
2636.484304,4.515
2636.682304,4.772
2637.077554,4.519
2637.2759539999997,4.6930000000000005
2637.4735539999997,4.896
2637.671554,4.5440000000000005
2637.869554,4.755
2638.0675539999997,5.369
2638.2667039999997,5.641
2638.463804,5.68
2638.661554,5.8950000000000005
2638.8595539999997,5.9430000000000005
2639.057804,6.171
2639.257204,6.324
2639.453854,6.477
2639.6516039999997,7.08
2639.849604,6.924
2640.047604,6.682
2640.2458039999997,6.639
2640.443604,6.872
2640.641854,6.806
2640.839604,6.928
2641.037604,7.096
2641.235854,7.073
2641.433854,7.031000000000001
2641.633454,6.928
2641.829604,6.543
2642.027854,6.623
2642.225854,6.372
2642.424004,6.166
2642.623454,5.888
2642.819904,5.921
2643.0194539999998,6.054
2643.2159039999997,6.151
2643.414054,5.958
2643.611904,6.147
2643.8099039999997,5.926
2644.008054,5.753
2644.205904,5.649
2644.404254,5.632
2644.602104,5.5200000000000005
2644.799904,5.607
2644.998104,5.423
2645.1959039999997,5.559
2645.394054,5.32
2645.5920539999997,5.139
2645.790054,5.07
2645.988104,5.146
2646.186104,5.037
2646.3841039999998,4.622
2646.5833039999998,4.9270000000000005
2646.780104,4.666
2646.978104,4.707
2647.1761039999997,5.118
2647.374104,5.2170000000000005
2647.572104,5.468
2647.7701039999997,5.6080000000000005
2647.968254,5.493
2648.166154,5.466
2648.364354,5.368
2648.5621539999997,5.362
2648.760154,5.594
2648.958354,5.5920000000000005
2649.156154,5.634
2649.354354,5.478
2649.552354,5.382
2649.750154,5.093
2649.948304,4.837
2650.146304,4.755
2650.344404,5.002
2650.542404,4.723
2650.740154,4.665
2650.938304,4.707
2651.1363039999997,4.788
2651.334554,4.755
2651.5340539999997,4.789
2651.730454,4.499
2651.9283539999997,4.228
2652.126354,4.16
2652.324604,4.186
2652.5230039999997,3.887
2652.720454,4.086
2652.918354,3.849
2653.116604,3.265
2653.3146039999997,3.289
2653.514304,3.02
2653.710454,2.868
2653.9086039999997,2.763
2654.1071039999997,3.345
2654.304604,3.801
2654.502604,3.91
2654.700454,4.151
2654.898604,4.288
2655.096604,4.595
2655.294654,4.9670000000000005
2655.492604,5.189
2655.690654,4.893
2655.890304,4.723
2656.086804,4.718
2656.286354,5.324
2656.482654,5.479
2656.680654,5.368
2657.075904,5.1160000000000005
2657.275604,4.91
2657.471904,4.847
2657.669904,4.839
2657.869154,4.856
2658.065904,4.91
2658.265554,5.006
2658.461954,5.257
2658.6599539999997,5.26
2658.8596039999998,5.413
2659.056154,5.431
2659.255854,5.522
2659.4522039999997,5.62
2659.649954,5.53
2659.847954,5.313
2660.0461539999997,5.6240000000000006
2660.243954,5.538
2660.442204,5.481
2660.641404,5.446
2660.8380039999997,5.2250000000000005
2661.0369539999997,5.392
2661.234404,5.892
2661.4322039999997,6.062
2661.630604,6.2010000000000005
2661.828204,6.281
2662.0275039999997,6.171
2662.224404,5.941
2662.422254,6.373
2662.620254,6.2
2662.818254,6.422
2663.0169539999997,6.252
2663.214254,6.438
2663.4124039999997,6.4510000000000005
2663.6102539999997,6.371
2663.808254,6.4590000000000005
2664.006254,6.273
2664.2044539999997,6.175
2664.402454,6.3500000000000005
2664.600454,6.256
2664.7984539999998,6.149
2664.996454,5.988
2665.194454,6.112
2665.392454,6.0440000000000005
2665.5904539999997,6.267
2665.7883039999997,6.189
2665.986454,6.25
2666.185954,6.16
2666.3825039999997,5.954
2666.580454,5.72
2666.778454,5.611
2666.976454,5.5200000000000005
2667.174704,5.7700000000000005
2667.372504,5.535
2667.570504,5.545
2667.768604,5.571
2667.966504,5.4270000000000005
2668.164754,5.3740000000000006
2668.3627539999998,5.0840000000000005
2668.560504,5.011
2668.758504,5.0440000000000005
2668.956654,4.95
2669.1547539999997,4.539
2669.352754,4.51
2669.550504,4.101
2669.748554,4.154
2669.946654,4.134
2670.144804,4.009
2670.342754,3.714
2670.540754,3.71
2670.738704,3.549
2670.9367039999997,3.484
2671.134904,3.41
2671.3328039999997,3.243
2671.530804,3.177
2671.728554,3.2840000000000003
2671.926704,3.095
2672.124954,2.814
2672.3229539999998,2.903
2672.5208039999998,2.949
2672.718954,2.91
2672.9167039999998,2.726
2673.116654,2.729
2673.312954,2.392
2673.5108539999997,2.202
2673.709354,2.011
2673.9070039999997,1.702
2674.106604,1.615
2674.303004,1.44
2674.5010039999997,1.34
2674.698954,1.347
2674.897004,1.522
2675.096604,1.348
2675.2930039999997,1.462
2675.491004,1.843
2675.6891539999997,2.06
2675.8870039999997,2.5060000000000002
2676.086804,2.7520000000000002
2676.283004,2.891
2676.678304,3.1510000000000002
2677.0743039999998,3.474
2677.2730039999997,4.01
2677.470304,4.197
2677.6682539999997,4.097
2677.8663039999997,4.073
2678.064304,4.648
2678.262554,4.478
2678.4603039999997,4.184
2678.658304,4.191
2678.856304,4.276
2679.054304,4.242
2679.2525539999997,4.172
2679.450554,3.907
2679.648304,3.754
2679.8465539999997,3.63
2680.046054,3.469
2680.242604,3.482
2680.440554,3.149
2680.6383539999997,3.0060000000000002
2680.836354,3.14
2681.034604,2.943
2681.2327539999997,2.778
2681.430554,2.697
2681.628554,2.499
2681.826354,2.48
2682.0246039999997,2.587
2682.222754,2.32
2682.420604,1.7570000000000001
2682.618604,2.003
2682.8166539999997,2.082
2683.014604,2.295
2683.2127539999997,2.716
2683.410754,2.9170000000000003
2683.608604,3.0260000000000002
2683.806804,2.861
2684.004654,3.123
2684.202804,4.015
2684.400804,4.781
2684.598654,4.849
2684.7966539999998,4.862
2684.996554,4.813
2685.192804,4.97
2685.3908039999997,5.059
2685.588804,5.296
2685.786854,5.126
2685.984854,5.575
2686.1828539999997,5.751
2686.380854,6.016
2686.578854,5.875
2686.776654,5.62
2686.974854,5.587
2687.173054,5.487
2687.370854,5.384
2687.570104,4.559
2687.766904,4.428
2687.964854,4.7540000000000004
2688.1631039999997,5.251
2688.361004,5.652
2688.558854,5.39
2688.757004,5.581
2688.955004,5.244
2689.153104,5.397
2689.351104,5.604
2689.5489039999998,5.699
2689.747054,5.672
2689.945054,4.6530000000000005
2690.144804,4.116
2690.3411539999997,4.195
2690.538904,4.966
2690.7370539999997,4.964
2690.935054,4.994
2691.133254,5.154
2691.332904,5.426
2691.529154,5.462
2691.727104,5.418
2691.9268039999997,5.378
2692.1233039999997,5.682
2692.3211539999998,6.047
2692.519154,5.854
2692.717304,5.939
2692.9151039999997,5.606
2693.113304,5.596
2693.311354,5.359
2693.509204,5.325
2693.7073539999997,5.296
2693.905104,5.255
2694.103354,5.12
2694.3013539999997,5.014
2694.499354,4.485
2694.6986039999997,4.497
2694.8953539999998,4.946
2695.093354,5.211
2695.291404,5.296
2695.489354,5.362
2695.687404,5.386
2695.8854039999997,5.464
2696.2806539999997,5.189
2696.676654,4.29
2696.876354,3.996
2697.072654,3.984
2697.270654,3.712
2697.469454,3.778
2697.6666539999997,4.268
2697.864654,4.406
2698.062654,4.237
2698.260704,4.43
2698.4587039999997,4.281
2698.656704,4.372
2698.854904,4.292
2699.053454,4.332
2699.250904,4.807
2699.448704,4.44
2699.6467039999998,4.228
2699.844904,4.256
2700.044504,4.293
2700.240954,4.198
2700.4389539999997,4.086
2700.636704,4.257
2700.834954,4.243
2701.032954,4.448
2701.2309539999997,5.117
2701.428954,4.981
2701.626954,4.619
2701.8249539999997,4.856
2702.022954,4.998
2702.221154,5.336
2702.419004,5.238
2702.618154,5.2250000000000005
2702.814954,4.784
2703.012954,4.727
2703.211154,4.699
2703.409004,4.6000000000000005
2703.6073539999998,4.216
2703.805004,4.173
2704.0030039999997,3.873
2704.201154,4.041
2704.3991539999997,4.337
2704.5970039999997,4.694
2704.795154,4.867
2704.993004,4.978
2705.1912039999997,5.234
2705.389204,5.28
2705.587204,5.24
2705.785204,5.146
2705.9832039999997,5.0920000000000005
2706.181204,5.323
2706.379204,5.181
2706.578854,5.553
2706.775204,5.237
2706.973204,5.192
2707.1712039999998,5.0360000000000005
2707.369204,5.122
2707.567254,5.095
2707.7653539999997,4.968
2707.9634539999997,5.1450000000000005
2708.161454,5.037
2708.3609539999998,4.89
2708.557354,4.523
2708.755354,4.484
2708.953654,4.493
2709.151504,4.2860000000000005
2709.351154,4.2090000000000005
2709.547254,3.927
2709.745404,3.9130000000000003
2709.943404,3.891
2710.1415039999997,3.634
2710.339504,3.346
2710.537254,3.458
2710.735404,3.403
2710.9342039999997,3.439
2711.131504,3.666
2711.329504,3.442
2711.527654,2.439
2711.725454,1.554
2711.9234539999998,1.352
2712.121654,1.456
2712.319504,1.292
2712.517554,1.302
2712.7154539999997,1.478
2712.913454,1.508
2713.111704,1.494
2713.309704,1.2690000000000001
2713.507554,1.624
2713.705704,1.542
2713.903704,1.409
2714.1017039999997,1.685
2714.299704,1.7770000000000001
2714.4994039999997,1.954
2714.6957039999998,1.797
2714.893704,1.718
2715.091754,1.6600000000000001
2715.289754,1.693
2715.4877539999998,1.743
2715.687404,1.877
2715.883754,1.621
2716.279004,1.497
2716.477004,1.83
2716.6750039999997,1.799
2716.873454,1.847
2717.071254,2.027
2717.2690039999998,1.849
2717.467204,1.801
2717.665254,2.336
2717.863054,2.227
2718.061054,2.173
2718.2590539999997,2.116
2718.458154,2.251
2718.655054,2.308
2718.8532539999997,2.324
2719.051454,2.204
2719.249254,2.122
2719.4475039999998,2.097
2719.6453039999997,2.142
2719.843304,2.169
2720.041304,2.227
2720.2393039999997,2.102
2720.437054,2.384
2720.635304,2.3890000000000002
2720.8333039999998,2.442
2721.031304,2.658
2721.229304,2.82
2721.427304,2.855
2721.6251039999997,3.064
2721.823304,3.2560000000000002
2722.021354,3.443
2722.219354,3.3280000000000003
2722.4173539999997,3.369
2722.615354,3.234
2722.813304,3.082
2723.011504,3.122
2723.209754,3.123
2723.407354,3.253
2723.6055539999998,3.291
2723.8033539999997,3.241
2724.001354,3.125
2724.1995039999997,3.241
2724.397504,3.291
2724.595354,3.332
2724.7935039999998,3.4290000000000003
2724.991404,3.375
2725.189554,3.5220000000000002
2725.387554,3.555
2725.585404,3.596
2725.783554,3.593
2725.981554,3.827
2726.179554,3.9650000000000003
2726.3775539999997,3.865
2726.575704,3.822
2726.773554,3.581
2726.971604,3.529
2727.1696039999997,3.58
2727.369354,3.649
2727.5657539999997,3.604
2727.7636039999998,3.6
2727.961604,3.535
2728.159804,3.305
2728.357604,3.62
2728.555754,3.8890000000000002
2728.753754,3.427
2728.951854,3.329
2729.149854,3.388
2729.3476539999997,3.025
2729.545804,2.815
2729.743754,2.435
2729.941604,2.271
2730.139854,1.976
2730.337854,1.389
2730.535654,1.5250000000000001
2730.733804,1.473
2730.931804,1.496
2731.129904,1.728
2731.328954,2.374
2731.525804,2.496
2731.7238039999997,2.64
2731.9220539999997,2.384
2732.1199039999997,2.112
2732.317904,1.98
2732.5160539999997,1.9080000000000001
2732.713854,1.802
2732.911854,1.807
2733.1100539999998,1.704
2733.307904,1.698
2733.506054,1.565
2733.703854,1.618
2733.9018539999997,1.2710000000000001
2734.100054,1.243
2734.298054,1.063
2734.497704,0.903
2734.6941039999997,0.763
2734.892104,0.6890000000000001
2735.090304,0.494
2735.2881039999997,0.327
2735.486254,0.10200000000000001
2735.685704,0.10300000000000001
2736.079354,0.092
2736.277354,0.029
2736.4753539999997,0.115
2736.674054,0.049
2736.871354,0.031
2737.0693539999997,0.006
2737.2676539999998,0.067
2737.465404,0.11800000000000001
2737.663604,0.061
2737.8614039999998,0.078
2738.0596539999997,0.10400000000000001
2738.257404,0.059000000000000004
2738.455404,0.016
2738.6536539999997,0.077
2738.851404,0.11900000000000001
2739.049404,0.112
2739.2474039999997,0.078
2739.4461039999997,0.032
2739.643654,0.039
2739.841654,0.034
2740.0396539999997,0.082
2740.237654,0.133
2740.435404,0.122
2740.6336539999998,0.14400000000000002
2740.831654,0.13
2741.029654,0.274
2741.227704,0.096
2741.4257039999998,0.079
2741.623704,0.081
2741.821704,0.28600000000000003
2742.0198539999997,0.033
2742.2177039999997,0.426
2742.415704,0.383
2742.613704,0.165
2742.8117039999997,0.14200000000000002
2743.009854,0.121
2743.207904,0.14300000000000002
2743.405754,0.059000000000000004
2743.603904,0.066
2743.801754,0.098
2743.999904,0.048
2744.1979039999997,0.066
2744.395704,0.099
2744.593904,0.08
2744.7917039999998,0.08700000000000001
2744.989904,0.08700000000000001
2745.187904,0.138
2745.385954,0.372
2745.583904,0.289
2745.7829039999997,0.139
2745.979904,0.17
2746.1779039999997,0.155
2746.375954,0.128
2746.573954,0.045
2746.771954,0.041
2746.970154,0.05
2747.167954,0.054
2747.365954,0.05
2747.5657539999997,0.022
2747.761954,0.055
2747.960154,0.049
2748.159204,0.063
2748.3559539999997,0.124
2748.554104,0.018000000000000002
2748.751954,0.07200000000000001
2748.9502039999998,0.07
2749.148204,0.038
2749.346004,0.035
2749.5441539999997,0.05
2749.743004,0.052000000000000005
2749.940204,0.048
2750.138204,0.062
2750.336004,0.04
2750.534154,0.093
2750.732154,0.117
2750.9304039999997,0.051000000000000004
2751.1282539999997,0.03
2751.327954,0.122
2751.5241539999997,0.053
2751.722154,0.062
2751.920404,0.085
2752.118254,0.06
2752.316254,0.076
2752.514404,0.034
2752.712204,0.069
2752.9104039999997,0.106
2753.1084539999997,0.052000000000000005
2753.306254,0.073
2753.504454,0.075
2753.7022039999997,0.037
2753.900404,0.006
2754.098454,0.013000000000000001
2754.2979539999997,0.135
2754.4944539999997,0.079
2754.692454,0.12
2754.890454,0.069
2755.090054,0.105
2755.286454,0.046
2755.484454,0.036000000000000004
2755.682454,0.064
2756.077754,0.116
2756.275754,0.061
2756.473704,0.101
2756.671704,0.084
2756.869954,0.055
2757.0677539999997,0.015
2757.265754,0.053
2757.463954,0.045
2757.6617539999997,0.069
2757.859754,0.07
2758.057754,0.073
2758.255754,0.053
2758.4540039999997,0.10300000000000001
2758.652004,0.115
2758.849754,0.043000000000000003
2759.0480039999998,0.051000000000000004
2759.2467039999997,0.073
2759.443804,0.048
2759.642004,0.027
2759.8398039999997,0.017
2760.038004,0.081
2760.236004,0.066
2760.433804,0.034
2760.632004,0.093
2760.830204,0.101
2761.0284039999997,0.048
2761.2260539999997,0.078
2761.424054,0.038
2761.622054,0.05
2761.820054,0.07
2762.018204,0.113
2762.216054,0.038
2762.414054,0.14200000000000002
2762.6120539999997,0.111
2762.8117039999997,0.03
2763.008254,0.09
2763.206104,0.126
2763.4041039999997,0.13
2763.602104,0.044
2763.8002539999998,0.079
2763.998254,0.149
2764.196254,0.048
2764.394704,0.049
2764.5922539999997,0.107
2764.7901039999997,0.138
2764.988254,0.006
2765.186304,0.111
2765.3843039999997,0.012
2765.582304,0.083
2765.780254,0.075
2765.9782539999997,0.11800000000000001
2766.176304,0.083
2766.374304,0.051000000000000004
2766.572304,0.121
2766.7705539999997,0.05
2766.968304,0.059000000000000004
2767.166604,0.077
2767.364454,0.08
2767.562454,0.04
2767.760304,0.037
2767.958554,0.015
2768.156304,0.095
2768.354454,0.11900000000000001
2768.5524539999997,0.109
2768.750354,0.021
2768.948554,0.114
2769.146354,0.038
2769.344354,0.19
2769.542504,0.10400000000000001
2769.740704,0.076
2769.938554,0.07100000000000001
2770.136604,0.078
2770.334504,0.037
2770.532504,0.125
2770.7305539999998,0.117
2770.9286039999997,0.07200000000000001
2771.126604,0.063
2771.324354,0.114
2771.5225539999997,0.016
2771.720504,0.043000000000000003
2771.918754,0.075
2772.118154,0.123
2772.316304,0.156
2772.5131039999997,0.07100000000000001
2772.710804,0.048
2772.9088039999997,0.035
2773.106804,0.099
2773.304804,0.023
2773.5028039999997,0.083
2773.700554,0.018000000000000002
2773.898804,0.08600000000000001
2774.096804,0.07200000000000001
2774.294704,0.039
2774.492804,0.049
2774.690604,0.076
2774.8888039999997,0.053
2775.086804,0.084
2775.284804,0.016
2775.4828039999998,0.078
2775.878104,0.064
2776.0761039999998,0.013000000000000001
2776.274104,0.034
2776.472104,0.025
2776.670104,0.066
2776.8697039999997,0.079
2777.067704,0.081
2777.2645039999998,0.033
2777.4621039999997,0.039
2777.6601539999997,0.126
2777.858354,0.059000000000000004
2778.056104,0.059000000000000004
2778.254104,0.06
2778.453954,0.123
2778.650154,0.106
2778.8483539999997,0.11
2779.046354,0.035
2779.244154,0.05
2779.442354,0.051000000000000004
2779.6404039999998,0.019
2779.838154,0.036000000000000004
2780.036404,0.054
2780.2341539999998,0.14400000000000002
2780.432154,0.114
2780.630354,0.056
2780.8285539999997,0.056
2781.0264039999997,0.08700000000000001
2781.224404,0.029
2781.422204,0.098
2781.620404,0.008
2781.818554,0.045
2782.016404,0.044
2782.214404,0.051000000000000004
2782.4124039999997,0.024
2782.610404,0.069
2782.808604,0.074
2783.0066039999997,0.073
2783.2044539999997,0.135
2783.402604,0.023
2783.600454,0.065
2783.798604,0.106
2783.998254,0.033
2784.194454,0.043000000000000003
2784.3926039999997,0.057
2784.590604,0.017
2784.788654,0.044
2784.986654,0.027
2785.1846539999997,0.07200000000000001
2785.382654,0.059000000000000004
2785.580654,0.048
2785.7786539999997,0.112
2785.976654,0.026000000000000002
2786.174654,0.04
2786.372804,0.039
2786.5706539999996,0.115
2786.768904,0.041
2786.966654,0.021
2787.1646539999997,0.047
2787.362804,0.064
2787.560654,0.019
2787.758904,0.038
2787.9567039999997,0.007
2788.154704,0.065
2788.3528539999998,0.07200000000000001
2788.550854,0.023
2788.7489539999997,0.078
2788.946954,0.06
2789.144704,0.064
2789.342854,0.055
2789.540854,0.022
2789.738954,0.028
2789.936954,0.099
2790.1349539999997,0.017
2790.332904,0.076
2790.5309039999997,0.042
2790.729104,0.018000000000000002
2790.926954,0.018000000000000002
2791.124954,0.025
2791.3229039999997,0.08600000000000001
2791.520854,0.036000000000000004
2791.719104,0.074
2791.9171039999997,0.108
2792.1150039999998,0.06
2792.313154,0.069
2792.5109039999998,0.063
2792.7091539999997,0.024
2792.907154,0.078
2793.105004,0.097
2793.3031539999997,0.092
2793.500904,0.011
2793.699154,0.02
2793.899304,0.046
2794.095154,0.044
2794.293154,0.096
2794.491204,0.04
2794.689204,0.11900000000000001
2794.8872039999997,0.081
2795.282654,0.045
2795.678454,0.048
2795.8764539999997,0.038
2796.074454,0.038
2796.272654,0.092
2796.470454,0.069
2796.6684539999997,0.007
2796.866454,0.038
2797.064454,0.032
2797.262504,0.055
2797.460704,0.046
2797.658504,0.094
2797.856704,0.081
2798.054454,0.053
2798.252504,0.081
2798.450704,0.022
2798.648504,0.02
2798.846704,0.08600000000000001
2799.044504,0.055
2799.242754,0.062
2799.4407539999997,0.062
2799.638754,0.047
2799.836754,0.032
2800.034754,0.033
2800.2327539999997,0.031
2800.430754,0.127
2800.628754,0.074
2800.8267539999997,0.065
2801.024754,0.078
2801.222954,0.146
2801.420804,0.094
2801.618754,0.013000000000000001
2801.8175539999997,0.05
2802.014754,0.062
2802.212954,0.059000000000000004
2802.410754,0.033
2802.608804,0.035
2802.8069539999997,0.028
2803.004954,0.05
2803.203604,0.076
2803.4009539999997,0.032
2803.5988039999997,0.07100000000000001
2803.796954,0.034
2803.994954,0.031
2804.192954,0.075
2804.391004,0.076
2804.588804,0.036000000000000004
2804.787004,0.022
2804.985654,0.047
2805.183154,0.055
2805.381004,0.066
2805.5790039999997,0.023
2805.777004,0.044
2805.975004,0.094
2806.173154,0.081
2806.371654,0.092
2806.569054,0.025
2806.767254,0.045
2806.965054,0.019
2807.163204,0.027
2807.361204,0.026000000000000002
2807.559254,0.057
2807.7572539999996,0.023
2807.955054,0.063
2808.1532039999997,0.053
2808.351204,0.07100000000000001
2808.549054,0.005
2808.747304,0.08700000000000001
2808.945304,0.051000000000000004
2809.143204,0.008
2809.341204,0.054
2809.5398539999997,0.014
2809.7373039999998,0.043000000000000003
2809.935304,0.023
2810.1332039999998,0.048
2810.3312539999997,0.05
2810.529454,0.053
2810.727454,0.11800000000000001
2810.925304,0.027
2811.123454,0.025
2811.321254,0.098
2811.519254,0.052000000000000005
2811.717454,0.062
2811.9153539999998,0.093
2812.113504,0.109
2812.3112539999997,0.064
2812.5093039999997,0.05
2812.708154,0.015
2812.905504,0.031
2813.1035039999997,0.081
2813.301504,0.084
2813.499304,0.033
2813.6975039999998,0.019
2813.895504,0.031
2814.094204,0.047
2814.291554,0.027
2814.4895539999998,0.006
2814.687554,0.06
2814.885554,0.078
2815.280804,0.043000000000000003
2815.6768039999997,0.04
2815.874804,0.023
2816.072804,0.027
2816.271054,0.037
2816.468804,0.084
2816.667054,0.075
2816.864854,0.031
2817.062854,0.053
2817.261054,0.057
2817.458854,0.093
2817.656854,0.099
2817.8548539999997,0.016
2818.052854,0.083
2818.251054,0.078
2818.4490539999997,0.108
2818.646854,0.066
2818.845104,0.10400000000000001
2819.042904,0.004
2819.2411039999997,0.065
2819.439104,0.032
2819.637104,0.116
2819.835104,0.028
2820.033104,0.08
2820.231104,0.023
2820.429104,0.025
2820.6271039999997,0.028
2820.8251539999997,0.037
2821.023154,0.077
2821.221154,0.023
2821.4191539999997,0.031
2821.617154,0.041
2821.815904,0.091
2822.0131539999998,0.036000000000000004
2822.211304,0.112
2822.409154,0.131
2822.6073039999997,0.091
2822.805304,0.044
2823.003154,0.043000000000000003
2823.2013039999997,0.026000000000000002
2823.3991539999997,0.09
2823.597304,0.052000000000000005
2823.795354,0.03
2823.9933539999997,0.055
2824.191354,0.084
2824.389354,0.017
2824.587204,0.056
2824.785354,0.066
2824.984004,0.076
2825.181354,0.02
2825.3793539999997,0.082
2825.577604,0.059000000000000004
2825.775354,0.024
2825.9733539999997,0.014
2826.171504,0.066
2826.370054,0.029
2826.567604,0.079
2826.7654039999998,0.014
2826.963404,0.022
2827.161554,0.049
2827.3595539999997,0.112
2827.5574039999997,0.014
2827.755604,0.157
2827.953404,0.133
2828.151554,0.075
2828.349554,0.065
2828.547654,0.021
2828.745654,0.113
2828.9434039999996,0.031
2829.141554,0.056
2829.3395539999997,0.077
2829.538204,0.045
2829.735654,0.081
2829.933654,0.032
2830.1316039999997,0.07200000000000001
2830.329604,0.047
2830.527854,0.041
2830.725704,0.067
2830.923704,0.084
2831.121854,0.048
2831.319604,0.058
2831.5178539999997,0.067
2831.715854,0.035
2831.913704,0.006
2832.1118539999998,0.07100000000000001
2832.3096539999997,0.032
2832.507654,0.022
2832.7065039999998,0.002
2832.903704,0.051000000000000004
2833.101854,0.074
2833.299854,0.106
2833.4978539999997,0.042
2833.695854,0.088
2833.893904,0.098
2834.092554,0.041
2834.2899039999998,0.012
2834.487904,0.056
2834.685904,0.052000000000000005
2834.883904,0.11900000000000001
2835.279154,0.027
2835.4771539999997,0.028
2835.675154,0.07
2835.873154,0.058
2836.0711539999998,0.049
2836.269154,0.067
2836.467154,0.132
2836.665404,0.038
2836.8632039999998,0.094
2837.061204,0.01
2837.259404,0.052000000000000005
2837.457204,0.075
2837.6554539999997,0.1
2837.853204,0.123
2838.051204,0.08700000000000001
2838.2494039999997,0.064
2838.447204,0.08700000000000001
2838.645454,0.127
2838.843454,0.042
2839.0412539999998,0.067
2839.239454,0.049
2839.437454,0.07100000000000001
2839.6354539999998,0.097
2839.833454,0.07100000000000001
2840.031254,0.042
2840.229454,0.02
2840.4274539999997,0.051000000000000004
2840.625654,0.088
2840.823504,0.058
2841.021504,0.061
2841.2195039999997,0.056
2841.417504,0.07200000000000001
2841.6156539999997,0.076
2841.8135039999997,0.04
2842.011504,0.052000000000000005
2842.209504,0.093
2842.407504,0.027
2842.605704,0.096
2842.803704,0.10300000000000001
2843.001554,0.15
2843.1997039999997,0.066
2843.397504,0.085
2843.5956539999997,0.074
2843.7937039999997,0.014
2843.9915539999997,0.024
2844.189704,0.018000000000000002
2844.3877039999998,0.007
2844.585704,0.053
2844.783704,0.05
2844.981704,0.033
2845.1797039999997,0.051000000000000004
2845.377704,0.059000000000000004
2845.575704,0.083
2845.7737039999997,0.129
2845.9717539999997,0.05
2846.1698539999998,0.028
2846.367754,0.099
2846.566604,0.073
2846.763754,0.049
2846.961754,0.024
2847.159904,0.084
2847.3577539999997,0.062
2847.555954,0.024
2847.753754,0.08600000000000001
2847.9517539999997,0.075
2848.149904,0.073
2848.3479039999997,0.016
2848.546004,0.049
2848.7440039999997,0.148
2848.941754,0.082
2849.1399039999997,0.012
2849.337904,0.021
2849.536004,0.04
2849.734654,0.021
2849.932054,0.051000000000000004
2850.129954,0.059000000000000004
2850.327954,0.024
2850.526204,0.023
2850.724054,0.026000000000000002
2850.9220539999997,0.023
2851.1206039999997,0.026000000000000002
2851.3182039999997,0.09
2851.516204,0.066
2851.714204,0.136
2851.9122039999997,0.06
2852.110204,0.073
2852.308004,0.021
2852.506254,0.121
2852.7042039999997,0.08600000000000001
2852.902704,0.073
2853.100204,0.07
2853.2980039999998,0.06
2853.4962539999997,0.019
2853.694254,0.024
2853.892254,0.022
2854.0902539999997,0.034
2854.289054,0.035
2854.486254,0.026000000000000002
2854.881504,0.01
2855.079504,0.017
2855.277554,0.083
2855.475754,0.062
2855.673504,0.04
2855.8715039999997,0.033
2856.069504,0.03
2856.267554,0.044
2856.465554,0.031
2856.6635539999997,0.07100000000000001
2856.861554,0.105
2857.059554,0.011
2857.257804,0.04
2857.4558039999997,0.111
2857.653804,0.046
2857.851554,0.076
2858.0497539999997,0.031
2858.247754,0.049
2858.445604,0.048
2858.643804,0.067
2858.8416039999997,0.093
2859.039604,0.065
2859.237804,0.136
2859.435954,0.099
2859.633804,0.06
2859.831804,0.08600000000000001
2860.029804,0.056
2860.2278039999997,0.039
2860.426654,0.027
2860.623854,0.026000000000000002
2860.821854,0.03
2861.020004,0.021
2861.217854,0.061
2861.415854,0.021
2861.614004,0.06
2861.811854,0.074
2862.009854,0.055
2862.2078539999998,0.056
2862.405854,0.029
2862.604054,0.107
2862.8020539999998,0.048
2863.000054,0.021
2863.198054,0.05
2863.396054,0.092
2863.594704,0.025
2863.792054,0.016
2863.990054,0.044
2864.1880539999997,0.055
2864.3859039999998,0.017
2864.584104,0.028
2864.782054,0.007
2864.9800539999997,0.025
2865.178054,0.047
2865.376054,0.027
2865.5740539999997,0.041
2865.7721039999997,0.022
2865.970104,0.079
2866.168104,0.023
2866.366354,0.031
2866.564354,0.07100000000000001
2866.762754,0.005
2866.960254,0.10300000000000001
2867.158254,0.081
2867.356104,0.091
2867.554354,0.052000000000000005
2867.7521039999997,0.032
2867.9501539999997,0.059000000000000004
2868.1489039999997,0.019
2868.346354,0.056
2868.5443539999997,0.06
2868.742354,0.019
2868.940154,0.08700000000000001
2869.138304,0.037
2869.336504,0.044
2869.534404,0.038
2869.732404,0.031
2869.930954,0.058
2870.128304,0.023
2870.3263039999997,0.05
2870.524554,0.025
2870.722404,0.032
2870.920404,0.067
2871.118304,0.028
2871.316954,0.054
2871.514554,0.027
2871.712404,0.05
2871.910454,0.021
2872.108354,0.058
2872.306604,0.048
2872.5046039999997,0.055
2872.702604,0.101
2872.900554,0.10400000000000001
2873.0985539999997,0.008
2873.296354,0.048
2873.494604,0.021
2873.692604,0.06
2873.8906039999997,0.095
2874.088604,0.084
2874.2867539999997,0.08600000000000001
2874.681854,0.114
2874.879904,0.091
2875.0779039999998,0.074
2875.275904,0.094
2875.473904,0.05
2875.671904,0.057
2875.869854,0.039
2876.068104,0.008
2876.265904,0.033
2876.4641039999997,0.041
2876.661904,0.096
2876.859904,0.082
2877.058154,0.089
2877.2559039999996,0.036000000000000004
2877.453904,0.014
2877.651904,0.081
2877.8499039999997,0.074
2878.047904,0.046
2878.246154,0.059000000000000004
2878.444154,0.006
2878.6421539999997,0.033
2878.839954,0.066
2879.038154,0.017
2879.236204,0.016
2879.434154,0.051000000000000004
2879.632154,0.047
2879.8301539999998,0.053
2880.028154,0.091
2880.226204,0.022
2880.424204,0.077
2880.622204,0.07100000000000001
2880.8202039999996,0.027
2881.017954,0.063
2881.216204,0.108
2881.414354,0.033
2881.612354,0.043000000000000003
2881.810204,0.04
2882.008354,0.036000000000000004
2882.206204,0.075
2882.404404,0.037
2882.6024039999998,0.074
2882.8002539999998,0.041
2882.998404,0.055
2883.196254,0.053
2883.3944039999997,0.062
2883.592404,0.076
2883.791054,0.074
2883.9884039999997,0.022
2884.186404,0.067
2884.384454,0.03
2884.582454,0.038
2884.7804539999997,0.029
2884.978404,0.002
2885.1770539999998,0.011
2885.374254,0.064
2885.5724539999997,0.096
2885.770454,0.025
2885.9686039999997,0.026000000000000002
2886.1664539999997,0.027
2886.364704,0.063
2886.562454,0.061
2886.7604539999998,0.066
2886.959254,0.021
2887.156454,0.083
2887.354704,0.161
2887.5527039999997,0.079
2887.750504,0.08
2887.9486039999997,0.029
2888.1466539999997,0.059000000000000004
2888.345304,0.063
2888.542704,0.03
2888.740504,0.039
2888.938654,0.02
2889.136654,0.039
2889.3348539999997,0.053
2889.532754,0.08600000000000001
2889.7307539999997,0.159
2889.928654,0.10200000000000001
2890.1266539999997,0.055
2890.324904,0.021
2890.522754,0.022
2890.720754,0.054
2890.9189039999997,0.095
2891.116904,0.01
2891.314904,0.101
2891.5135539999997,0.052000000000000005
2891.710804,0.112
2891.908904,0.056
2892.106954,0.062
2892.3049539999997,0.074
2892.502954,0.092
2892.700954,0.13
2892.898954,0.066
2893.097104,0.035
2893.294954,0.032
2893.492954,0.013000000000000001
2893.6909539999997,0.017
2893.888954,0.022
2894.284204,0.046
2894.680254,0.032
2894.8782539999997,0.10300000000000001
2895.076254,0.051000000000000004
2895.274454,0.077
2895.472254,0.041
2895.6702539999997,0.091
2895.868254,0.077
2896.066254,0.015
2896.2644539999997,0.056
2896.462254,0.047
2896.660254,0.073
2896.858304,0.057
2897.0565039999997,0.037
2897.254504,0.039
2897.452504,0.002
2897.6502539999997,0.054
2897.848254,0.20500000000000002
2898.046504,0.053
2898.244504,0.045
2898.4425039999996,0.07100000000000001
2898.640554,0.109
2898.838304,0.069
2899.036554,0.097
2899.234704,0.073
2899.432554,0.106
2899.6305039999997,0.07200000000000001
2899.8283039999997,0.074
2900.026554,0.069
2900.2247039999997,0.078
2900.422704,0.049
2900.620554,0.01
2900.818554,0.031
2901.016554,0.091
2901.214704,0.057
2901.412704,0.07
2901.610554,0.1
2901.8087539999997,0.01
2902.006554,0.081
2902.204754,0.038
2902.4027539999997,0.044
2902.600754,0.078
2902.798604,0.076
2902.996754,0.095
2903.1947539999996,0.125
2903.392754,0.034
2903.590754,0.042
2903.788604,0.058
2903.986754,0.10200000000000001
2904.185004,0.093
2904.382804,0.123
2904.5808039999997,0.083
2904.778954,0.08700000000000001
2904.976804,0.085
2905.1756539999997,0.10400000000000001
2905.372804,0.08700000000000001
2905.570804,0.039
2905.768804,0.029
2905.966954,0.039
2906.164804,0.08700000000000001
2906.363054,0.063
2906.5608039999997,0.014
2906.758804,0.05
2906.9576039999997,0.03
2907.155054,0.08
2907.3530539999997,0.067
2907.550854,0.061
2907.7489539999997,0.053
2907.9470039999997,0.038
2908.145204,0.044
2908.343704,0.014
2908.541104,0.015
2908.7388539999997,0.032
2908.937004,0.094
2909.1352039999997,0.036000000000000004
2909.333104,0.017
2909.5311039999997,0.045
2909.729104,0.059000000000000004
2909.9270039999997,0.037
2910.125254,0.032
2910.323254,0.02
2910.521104,0.017
2910.719254,0.049
2910.917004,0.073
2911.115254,0.044
2911.3132539999997,0.076
2911.511904,0.056
2911.709054,0.034
2911.907304,0.028
2912.1053039999997,0.01
2912.303304,0.021
2912.501304,0.08
2912.699154,0.023
2912.897304,0.032
2913.095304,0.054
2913.293304,0.065
2913.4913039999997,0.055
2913.689454,0.042
2913.887304,0.088
2914.282554,0.043000000000000003
2914.6786039999997,0.044
2914.876604,0.042
2915.074604,0.036000000000000004
2915.272854,0.046
2915.470604,0.006
2915.668604,0.04
2915.866604,0.066
2916.0646039999997,0.033
2916.262854,0.048
2916.460604,0.016
2916.658654,0.014
2916.8568539999997,0.07200000000000001
2917.054854,0.059000000000000004
2917.252854,0.06
2917.4508539999997,0.017
2917.648604,0.041
2917.846654,0.045
2918.0448539999998,0.046
2918.242854,0.036000000000000004
2918.440904,0.058
2918.638654,0.036000000000000004
2918.8366539999997,0.032
2919.0349039999996,0.022
2919.233054,0.077
2919.430904,0.132
2919.6289039999997,0.097
2919.826854,0.062
2920.024904,0.014
2920.223054,0.059000000000000004
2920.420904,0.056
2920.618904,0.033
2920.816704,0.073
2921.0149039999997,0.076
2921.213054,0.056
2921.4110539999997,0.049
2921.6089039999997,0.054
2921.8069539999997,0.046
2922.004904,0.022
2922.2031039999997,0.069
2922.401104,0.054
2922.599104,0.039
2922.7971039999998,0.069
2922.995104,0.022
2923.193104,0.055
2923.391104,0.02
2923.5891039999997,0.038
2923.7869539999997,0.042
2923.985154,0.093
2924.183154,0.037
2924.3811539999997,0.035
2924.579154,0.051000000000000004
2924.777154,0.059000000000000004
2924.9751539999997,0.039
2925.174004,0.04
2925.371154,0.083
2925.569154,0.074
2925.767304,0.107
2925.965154,0.081
2926.163404,0.046
2926.361204,0.107
2926.559154,0.013000000000000001
2926.757154,0.036000000000000004
2926.955954,0.027
2927.1534039999997,0.074
2927.351404,0.063
2927.549204,0.045
2927.747354,0.077
2927.945354,0.043000000000000003
2928.143454,0.025
2928.3420539999997,0.061
2928.5394539999998,0.066
2928.737354,0.069
2928.9353539999997,0.105
2929.1336039999997,0.032
2929.3314539999997,0.055
2929.529454,0.003
2929.7273539999997,0.063
2929.925404,0.053
2930.123604,0.042
2930.3216039999998,0.063
2930.5194539999998,0.074
2930.717454,0.13
2930.915404,0.11800000000000001
2931.1136039999997,0.046
2931.311604,0.051000000000000004
2931.510154,0.013000000000000001
2931.707654,0.021
2931.905404,0.053
2932.103654,0.08
2932.301654,0.032
2932.4996539999997,0.148
2932.697654,0.085
2932.895654,0.084
2933.093654,0.027
2933.2916539999997,0.085
2933.489654,0.044
2933.687654,0.068
2934.082904,0.04
2934.2809039999997,0.029
2934.4789539999997,0.093
2934.676954,0.054
2934.874954,0.078
2935.0729539999998,0.111
2935.270954,0.039
2935.468954,0.095
2935.666954,0.037
2935.865154,0.081
2936.062954,0.244
2936.261204,0.106
2936.4589539999997,0.061
2936.6570039999997,0.025
2936.855204,0.098
2937.053004,0.044
2937.2512039999997,0.051000000000000004
2937.448954,0.068
2937.647004,0.062
2937.8452039999997,0.055
2938.043204,0.056
2938.241204,0.07200000000000001
2938.439254,0.028
2938.6370039999997,0.053
2938.835254,0.057
2939.033254,0.015
2939.231254,0.06
2939.4292539999997,0.019
2939.627254,0.113
2939.825254,0.107
2940.0232539999997,0.083
2940.221404,0.039
2940.419254,0.04
2940.617304,0.075
2940.8153039999997,0.042
2941.013304,0.037
2941.211454,0.089
2941.409404,0.076
2941.607254,0.02
2941.805454,0.099
2942.003304,0.107
2942.202104,0.066
2942.399454,0.01
2942.597304,0.079
2942.795454,0.138
2942.993304,0.06
2943.191454,0.163
2943.3894539999997,0.093
2943.587454,0.132
2943.785504,0.038
2943.9843539999997,0.005
2944.1815039999997,0.113
2944.379504,0.007
2944.577504,0.048
2944.7755039999997,0.022
2944.973504,0.011
2945.171704,0.024
2945.3701539999997,0.049
2945.5675039999996,0.058
2945.765654,0.005
2945.963554,0.024
2946.1617539999997,0.099
2946.3595539999997,0.035
2946.557554,0.069
2946.7557039999997,0.16
2946.953504,0.076
2947.151754,0.054
2947.349754,0.057
2947.5475539999998,0.013000000000000001
2947.745704,0.096
2947.943704,0.027
2948.141804,0.065
2948.3398039999997,0.085
2948.538204,0.062
2948.7357039999997,0.046
2948.933704,0.052000000000000005
2949.131954,0.113
2949.329804,0.036000000000000004
2949.527804,0.012
2949.725754,0.017
2949.923754,0.029
2950.1219539999997,0.007
2950.3198039999997,0.035
2950.517804,0.096
2950.715754,0.075
2950.9137539999997,0.057
2951.111954,0.052000000000000005
2951.309954,0.036000000000000004
2951.507854,0.089
2951.706654,0.01
2951.9038539999997,0.019
2952.102004,0.026000000000000002
2952.3000039999997,0.08600000000000001
2952.4978539999997,0.035
2952.696004,0.055
2952.8940039999998,0.056
2953.092654,0.022
2953.290004,0.032
2953.488004,0.067
2953.686054,0.079
2954.0812539999997,0.133
2954.2793039999997,0.022
2954.477304,0.068
2954.675504,0.067
2954.8733039999997,0.076
2955.071304,0.006
2955.269304,0.039
2955.467304,0.062
2955.6653039999997,0.057
2955.863304,0.03
2956.061304,0.032
2956.2593039999997,0.016
2956.4573539999997,0.022
2956.655354,0.062
2956.853554,0.042
2957.0515539999997,0.08700000000000001
2957.249554,0.112
2957.447354,0.092
2957.6455539999997,0.077
2957.843554,0.015
2958.041354,0.022
2958.239604,0.06
2958.4376039999997,0.058
2958.6354039999997,0.006
2958.833604,0.024
2959.031604,0.059000000000000004
2959.2296039999997,0.136
2959.427604,0.08700000000000001
2959.625354,0.076
2959.8236039999997,0.027
2960.021754,0.106
2960.2197539999997,0.082
2960.417654,0.069
2960.615804,0.02
2960.813654,0.048
2961.011654,0.091
2961.209804,0.079
2961.407604,0.032
2961.605654,0.073
2961.803654,0.094
2962.0016539999997,0.061
2962.199804,0.099
2962.3984539999997,0.078
2962.5956539999997,0.073
2962.793804,0.015
2962.991804,0.101
2963.1898039999996,0.045
2963.387804,0.057
2963.585804,0.055
2963.783854,0.039
2963.9818539999997,0.047
2964.179854,0.1
2964.377854,0.065
2964.5758539999997,0.027
2964.773854,0.033
2964.971854,0.04
2965.1698539999998,0.008
2965.367854,0.018000000000000002
2965.5666539999997,0.076
2965.7640039999997,0.046
2965.9621039999997,0.04
2966.160104,0.022
2966.357904,0.031
2966.5560539999997,0.018000000000000002
2966.754054,0.042
2966.951904,0.079
2967.150104,0.026000000000000002
2967.3479039999997,0.098
2967.546054,0.068
2967.744054,0.052000000000000005
2967.942254,0.052000000000000005
2968.1401539999997,0.033
2968.338154,0.016
2968.535904,0.059000000000000004
2968.734704,0.136
2968.932304,0.045
2969.130154,0.077
2969.328154,0.043000000000000003
2969.526304,0.057
2969.724104,0.059000000000000004
2969.9221039999998,0.038
2970.120954,0.05
2970.3182039999997,0.053
2970.516154,0.011
2970.7141039999997,0.031
2970.912304,0.01
2971.110304,0.065
2971.3083039999997,0.069
2971.5063539999996,0.094
2971.704354,0.033
2971.903004,0.036000000000000004
2972.1003539999997,0.006
2972.298354,0.058
2972.496354,0.055
2972.6943539999997,0.048
2972.8922039999998,0.034
2973.090354,0.09
2973.2890039999997,0.073
2973.4863539999997,0.046
2973.8816039999997,0.14200000000000002
2974.0796539999997,0.041
2974.277654,0.07
2974.475654,0.026000000000000002
2974.6736539999997,0.029
2974.871654,0.037
2975.069904,0.046
2975.2676539999998,0.066
2975.465654,0.145
2975.663904,0.046
2975.861654,0.08
2976.0596539999997,0.049
2976.257654,0.074
2976.455704,0.049
2976.653704,0.03
2976.8517039999997,0.07
2977.049704,0.032
2977.247904,0.053
2977.4457039999998,0.013000000000000001
2977.643704,0.07200000000000001
2977.841904,0.089
2978.0399039999998,0.075
2978.2379539999997,0.045
2978.435704,0.07100000000000001
2978.633954,0.041
2978.8319539999998,0.034
2979.030104,0.039
2979.227954,0.056
2979.425954,0.018000000000000002
2979.6237539999997,0.056
2979.821954,0.10300000000000001
2980.019954,0.02
2980.2179539999997,0.11800000000000001
2980.4160039999997,0.02
2980.614004,0.051000000000000004
2980.812004,0.041
2981.010154,0.163
2981.208154,0.065
2981.406004,0.06
2981.6041539999997,0.022
2981.8020039999997,0.048
2982.000154,0.076
2982.1981539999997,0.137
2982.3960039999997,0.047
2982.594804,0.041
2982.792204,0.042
2982.990154,0.068
2983.188154,0.082
2983.386154,0.127
2983.5842039999998,0.034
2983.7822039999996,0.035
2983.980354,0.034
2984.178204,0.021
2984.3762039999997,0.036000000000000004
2984.574354,0.057
2984.772204,0.082
2984.970454,0.041
2985.168204,0.217
2985.366204,0.154
2985.5643539999996,0.099
2985.762854,0.321
2985.960454,0.073
2986.158254,0.066
2986.356254,0.076
2986.554404,0.014
2986.752404,0.07100000000000001
2986.950454,0.066
2987.149104,0.061
2987.346254,0.016
2987.5444039999998,0.058
2987.742404,0.078
2987.9405039999997,0.106
2988.138504,0.043000000000000003
2988.336504,0.08600000000000001
2988.534404,0.052000000000000005
2988.732404,0.056
2988.931254,0.043000000000000003
2989.128504,0.012
2989.3265039999997,0.017
2989.524454,0.068
2989.7224539999997,0.04
2989.920654,0.046
2990.118654,0.035
2990.317154,0.061
2990.5147039999997,0.124
2990.712454,0.026000000000000002
2990.910704,0.12
2991.1086539999997,0.027
2991.306554,0.093
2991.504704,0.163
2991.702704,0.042
2991.9007039999997,0.035
2992.098704,0.013000000000000001
2992.296704,0.021
2992.4947039999997,0.08
2992.692704,0.044
2992.890704,0.077
2993.088704,0.077
2993.2867039999996,0.045
2993.4855039999998,0.028
2993.879954,0.038
2994.078004,0.028
2994.276004,0.077
2994.4740039999997,0.037
2994.672004,0.055
2994.870004,0.07200000000000001
2995.0680039999997,0.068
2995.266004,0.068
2995.464004,0.078
2995.662254,0.051000000000000004
2995.8600039999997,0.095
2996.058254,0.05
2996.256054,0.046
2996.454054,0.10400000000000001
2996.652254,0.073
2996.850054,0.026000000000000002
2997.048304,0.053
2997.2460539999997,0.058
2997.444054,0.098
2997.642254,0.066
2997.8402539999997,0.039
2998.0383039999997,0.047
2998.236304,0.008
2998.434104,0.029
2998.6323039999997,0.106
2998.830304,0.038
2999.028304,0.093
2999.226304,0.08600000000000001
2999.4243039999997,0.114
2999.622304,0.023
2999.820304,0.007
3000.018454,0.074
3000.216304,0.026000000000000002
3000.414354,0.029
3000.612354,0.079
3000.8103539999997,0.014
3001.008504,0.041
3001.2065039999998,0.088
3001.404354,0.14200000000000002
3001.602504,0.092
3001.800354,0.107
3001.9985039999997,0.06
3002.196504,0.027
3002.394354,0.084
3002.592554,0.067
3002.7903539999998,0.018000000000000002
3002.988554,0.034
3003.186504,0.083
3003.3845039999997,0.073
3003.582554,0.091
3003.780554,0.046
3003.978554,0.035
3004.177204,0.083
3004.374704,0.064
3004.572554,0.014
3004.7705539999997,0.082
3004.968804,0.107
3005.166554,0.048
3005.3645539999998,0.016
3005.562704,0.011
3005.760604,0.038
3005.959454,0.011
3006.156604,0.048
3006.3546039999997,0.083
3006.552754,0.081
3006.7509539999996,0.031
3006.9488039999997,0.042
3007.146804,0.024
3007.3454039999997,0.10400000000000001
3007.542754,0.14200000000000002
3007.740754,0.122
3007.938854,0.186
3008.136854,0.042
3008.334654,0.07
3008.532804,0.064
3008.7307539999997,0.075
3008.929004,0.048
3009.1268539999996,0.059000000000000004
3009.324854,0.025
3009.5228039999997,0.063
3009.721004,0.096
3009.919004,0.124
3010.116904,0.081
3010.3150539999997,0.13
3010.513654,0.135
3010.711054,0.106
3010.9090539999997,0.079
3011.107054,0.059000000000000004
3011.304904,0.033
3011.503054,0.05
3011.7008539999997,0.039
3011.899054,0.04
3012.097054,0.05
3012.2950539999997,0.009000000000000001
3012.493054,0.058
3012.6912039999997,0.024
3012.8890539999998,0.046
3013.284354,0.06
3013.680354,0.031
3013.878354,0.058
3014.076354,0.006
3014.2743539999997,0.036000000000000004
3014.472354,0.074
3014.670354,0.043000000000000003
3014.8683539999997,0.024
3015.0664039999997,0.07200000000000001
3015.264354,0.095
3015.462604,0.022
3015.6603539999996,0.048
3015.858604,0.122
3016.056604,0.008
3016.254404,0.066
3016.452604,0.08
3016.650604,0.1
3016.848404,0.134
3017.0466539999998,0.055
3017.244404,0.019
3017.442654,0.017
3017.640654,0.084
3017.838404,0.034
3018.036654,0.057
3018.234654,0.062
3018.432454,0.068
3018.630654,0.038
3018.8288039999998,0.038
3019.026654,0.006
3019.2246539999996,0.046
3019.422804,0.038
3019.620654,0.074
3019.8186539999997,0.044
3020.016804,0.037
3020.214704,0.014
3020.412704,0.091
3020.6107039999997,0.056
3020.808704,0.039
3021.0068539999997,0.082
3021.2047039999998,0.085
3021.402854,0.044
3021.600704,0.084
3021.7988539999997,0.121
3021.996854,0.067
3022.194854,0.029
3022.392904,0.064
3022.5909039999997,0.033
3022.7887539999997,0.04
3022.986904,0.038
3023.1849039999997,0.031
3023.382854,0.02
3023.580904,0.101
3023.778904,0.068
3023.9769039999996,0.048
3024.175554,0.04
3024.372904,0.055
3024.5709039999997,0.075
3024.769154,0.074
3024.966904,0.048
3025.1649039999998,0.094
3025.363054,0.096
3025.561054,0.07200000000000001
3025.758954,0.059000000000000004
3025.9578039999997,0.049
3026.154954,0.076
3026.352954,0.014
3026.5511039999997,0.029
3026.7489539999997,0.057
3026.947154,0.095
3027.144954,0.027
3027.3436039999997,0.05
3027.541104,0.069
3027.7393039999997,0.05
3027.937204,0.07
3028.1352039999997,0.069
3028.333154,0.066
3028.531154,0.016
3028.729354,0.114
3028.927204,0.112
3029.1251039999997,0.092
3029.3233539999997,0.109
3029.521154,0.035
3029.719354,0.047
3029.9173539999997,0.081
3030.115254,0.053
3030.3132539999997,0.018000000000000002
3030.5118039999998,0.094
3030.7094039999997,0.091
3030.907404,0.03
3031.105404,0.029
3031.303404,0.033
3031.5014039999996,0.039
3031.699404,0.039
3031.897404,0.032
3032.095454,0.033
3032.2932539999997,0.01
3032.491404,0.038
3032.689204,0.05
3032.887404,0.048
3033.2827039999997,0.016
3033.480704,0.038
3033.678704,0.008
3033.876704,0.057
3034.0747039999997,0.022
3034.272704,0.025
3034.470904,0.018000000000000002
3034.6687039999997,0.048
3034.866954,0.032
3035.064754,0.067
3035.262754,0.01
3035.4609539999997,0.015
3035.658704,0.06
3035.856954,0.014
3036.0547039999997,0.045
3036.2527539999996,0.01
3036.450954,0.026000000000000002
3036.648954,0.02
3036.8470039999997,0.069
3037.045004,0.048
3037.242754,0.133
3037.441004,0.024
3037.6390039999997,0.048
3037.837004,0.028
3038.035004,0.05
3038.2327539999997,0.079
3038.431004,0.058
3038.629004,0.073
3038.827154,0.039
3039.025004,0.047
3039.223004,0.043000000000000003
3039.421004,0.095
3039.6190039999997,0.007
3039.817804,0.03
3040.015004,0.013000000000000001
3040.213054,0.016
3040.411204,0.038
3040.609054,0.02
3040.807154,0.035
3041.005204,0.059000000000000004
3041.203054,0.037
3041.401204,0.034
3041.599054,0.023
3041.797204,0.05
3041.995204,0.031
3042.1932039999997,0.027
3042.3912539999997,0.053
3042.589254,0.048
3042.787254,0.062
3042.985854,0.061
3043.183254,0.025
3043.381254,0.052000000000000005
3043.5792539999998,0.097
3043.777254,0.01
3043.975254,0.036000000000000004
3044.173254,0.065
3044.372054,0.093
3044.569254,0.061
3044.767504,0.032
3044.9652539999997,0.038
3045.163404,0.063
3045.3614039999998,0.063
3045.559254,0.07
3045.7575039999997,0.039
3045.955504,0.031
3046.153304,0.061
3046.3514539999996,0.075
3046.549454,0.056
3046.747554,0.034
3046.945554,0.065
3047.143454,0.014
3047.341454,0.047
3047.540454,0.035
3047.737554,0.117
3047.9355539999997,0.066
3048.133704,0.032
3048.3315039999998,0.019
3048.529504,0.08600000000000001
3048.727704,0.068
3048.925554,0.058
3049.123704,0.004
3049.321454,0.037
3049.519504,0.015
3049.7177039999997,0.055
3049.915704,0.053
3050.1136039999997,0.016
3050.311754,0.023
3050.5095039999997,0.063
3050.708354,0.065
3050.905754,0.034
3051.1037539999998,0.046
3051.301754,0.057
3051.499754,0.059000000000000004
3051.697754,0.063
3051.8957539999997,0.029
3052.094554,0.048
3052.291804,0.113
3052.489804,0.084
3052.687754,0.046
3053.0830539999997,0.095
3053.281054,0.021
3053.479054,0.088
3053.6770539999998,0.11800000000000001
3053.8750539999996,0.123
3054.073054,0.066
3054.2712539999998,0.054
3054.4690539999997,0.084
3054.667054,0.099
3054.865054,0.124
3055.063104,0.054
3055.2613039999997,0.027
3055.459304,0.089
3055.657054,0.063
3055.8553039999997,0.062
3056.053054,0.064
3056.251304,0.059000000000000004
3056.4493039999998,0.022
3056.647304,0.037
3056.845354,0.068
3057.043104,0.081
3057.241354,0.059000000000000004
3057.4393539999996,0.024
3057.637354,0.041
3057.835354,0.085
3058.0333539999997,0.017
3058.231354,0.095
3058.429354,0.02
3058.6273539999997,0.041
3058.825354,0.106
3059.023404,0.032
3059.221354,0.039
3059.4193539999997,0.023
3059.617504,0.075
3059.8155039999997,0.038
3060.0133539999997,0.026000000000000002
3060.211554,0.027
3060.409354,0.027
3060.607404,0.059000000000000004
3060.805554,0.029
3061.003554,0.028
3061.2015539999998,0.024
3061.400204,0.059000000000000004
3061.5974039999996,0.041
3061.795554,0.05
3061.9935539999997,0.05
3062.191554,0.044
3062.389604,0.035
3062.587604,0.022
3062.7856039999997,0.053
3062.983604,0.047
3063.1817539999997,0.069
3063.3796039999997,0.099
3063.577804,0.098
3063.775604,0.049
3063.973604,0.047
3064.171754,0.027
3064.369604,0.015
3064.568254,0.011
3064.7658539999998,0.037
3064.963604,0.08700000000000001
3065.1617539999997,0.041
3065.359754,0.01
3065.5578539999997,0.04
3065.755854,0.03
3065.953654,0.025
3066.151804,0.016
3066.349804,0.065
3066.5480039999998,0.085
3066.745904,0.048
3066.9439039999997,0.01
3067.141804,0.042
3067.3398039999997,0.093
3067.537804,0.156
3067.736554,0.07100000000000001
3067.933904,0.015
3068.1318039999996,0.025
3068.329854,0.04
3068.528054,0.029
3068.7260539999997,0.02
3068.9239039999998,0.081
3069.122704,0.045
3069.3198039999997,0.017
3069.5180539999997,0.023
3069.716054,0.043000000000000003
3069.9139539999996,0.063
3070.112104,0.042
3070.3101039999997,0.052000000000000005
3070.508104,0.047
3070.706104,0.123
3070.904704,0.028
3071.102104,0.032
3071.300104,0.062
3071.498104,0.069
3071.6961039999997,0.075
3071.894104,0.075
3072.0922539999997,0.029
3072.2907539999997,0.063
3072.488304,0.054
3072.8834039999997,0.031
3073.081404,0.017
3073.279404,0.054
3073.4774039999998,0.054
3073.675404,0.028
3073.873404,0.055
3074.071404,0.051000000000000004
3074.269604,0.095
3074.467404,0.065
3074.665654,0.063
3074.8634039999997,0.089
3075.0614539999997,0.053
3075.259654,0.048
3075.457454,0.05
3075.6554539999997,0.044
3075.853654,0.038
3076.051404,0.07
3076.2496539999997,0.044
3076.447654,0.056
3076.645454,0.062
3076.843704,0.048
3077.0414539999997,0.046
3077.239704,0.051000000000000004
3077.437704,0.09
3077.6358539999997,0.068
3077.8337039999997,0.067
3078.031704,0.057
3078.229704,0.038
3078.4277039999997,0.017
3078.625704,0.062
3078.823704,0.117
3079.0217039999998,0.061
3079.2197039999996,0.05
3079.417704,0.015
3079.615704,0.07200000000000001
3079.813854,0.049
3080.011704,0.056
3080.209904,0.032
3080.4077039999997,0.007
3080.605904,0.021
3080.803904,0.008
3081.001754,0.07
3081.199904,0.07
3081.397904,0.075
3081.595754,0.056
3081.7939039999997,0.096
3081.991904,0.041
3082.189904,0.069
3082.387954,0.065
3082.5857539999997,0.005
3082.783954,0.056
3082.981954,0.061
3083.1799539999997,0.027
3083.377954,0.03
3083.576154,0.053
3083.773954,0.085
3083.9719539999996,0.007
3084.170104,0.025
3084.368004,0.02
3084.566004,0.011
3084.764604,0.013000000000000001
3084.962004,0.055
3085.1601539999997,0.043000000000000003
3085.358104,0.097
3085.556204,0.11800000000000001
3085.754204,0.091
3085.9519539999997,0.042
3086.150804,0.052000000000000005
3086.348154,0.051000000000000004
3086.546254,0.028
3086.7442539999997,0.095
3086.942254,0.031
3087.1401539999997,0.02
3087.338154,0.031
3087.536404,0.026000000000000002
3087.734254,0.085
3087.932904,0.014
3088.130154,0.067
3088.328204,0.063
3088.5264039999997,0.023
3088.7242539999997,0.075
3088.922254,0.046
3089.120404,0.025
3089.318804,0.077
3089.516404,0.032
3089.714404,0.044
3089.912304,0.029
3090.1104539999997,0.051000000000000004
3090.308204,0.068
3090.506454,0.045
3090.7044539999997,0.045
3090.902454,0.022
3091.100454,0.051000000000000004
3091.2984539999998,0.006
3091.496454,0.017
3091.694454,0.052000000000000005
3091.892454,0.01
3092.0904539999997,0.062
3092.288454,0.007
3092.683704,0.01
3092.881754,0.067
3093.079754,0.081
3093.2777539999997,0.03
3093.475754,0.042
3093.673754,0.019
3093.871754,0.025
3094.0697539999996,0.026000000000000002
3094.267754,0.059000000000000004
3094.465754,0.034
3094.6640039999997,0.064
3094.861754,0.062
3095.059804,0.021
3095.258004,0.026000000000000002
3095.4558039999997,0.023
3095.654004,0.078
3095.851804,0.061
3096.0497539999997,0.028
3096.248004,0.063
3096.446004,0.113
3096.6440039999998,0.057
3096.8420539999997,0.049
3097.039804,0.063
3097.238054,0.027
3097.436054,0.047
3097.6340539999997,0.111
3097.832054,0.036000000000000004
3098.029804,0.044
3098.2280539999997,0.074
3098.426054,0.079
3098.6248539999997,0.049
3098.8220539999998,0.082
3099.020054,0.055
3099.218054,0.017
3099.416104,0.111
3099.614254,0.068
3099.812054,0.029
3100.010054,0.05
3100.2082539999997,0.018000000000000002
3100.406054,0.02
3100.604254,0.063
3100.8022539999997,0.041
3101.0001039999997,0.016
3101.198254,0.09
3101.396104,0.039
3101.5942539999996,0.075
3101.792904,0.028
3101.990254,0.03
3102.1882539999997,0.032
3102.3863039999997,0.074
3102.584304,0.07200000000000001
3102.782304,0.063
3102.9803039999997,0.017
3103.178904,0.038
3103.376304,0.044
3103.5743039999998,0.017
3103.772304,0.051000000000000004
3103.970304,0.037
3104.1684539999997,0.057
3104.3663039999997,0.021
3104.564554,0.007
3104.762354,0.034
3104.9609539999997,0.01
3105.158504,0.029
3105.356304,0.077
3105.554554,0.026000000000000002
3105.7525539999997,0.042
3105.950354,0.07100000000000001
3106.148504,0.11
3106.347154,0.057
3106.5446039999997,0.074
3106.742604,0.023
3106.940354,0.042
3107.138504,0.044
3107.336504,0.039
3107.534604,0.032
3107.732604,0.046
3107.9306039999997,0.096
3108.128504,0.042
3108.3265539999998,0.04
3108.524754,0.052000000000000005
3108.7226539999997,0.062
3108.920604,0.04
3109.1185539999997,0.043000000000000003
3109.316754,0.044
3109.5154039999998,0.066
3109.7127539999997,0.03
3109.910754,0.073
3110.108754,0.114
3110.306554,0.009000000000000001
3110.5048039999997,0.038
3110.702804,0.08600000000000001
3110.900654,0.039
3111.0988039999997,0.026000000000000002
3111.296804,0.041
3111.494804,0.002
3111.692804,0.01
3111.8908039999997,0.023
3112.2860539999997,0.017
3112.682054,0.034
3112.880104,0.061
3113.0781039999997,0.026000000000000002
3113.276104,0.064
3113.474104,0.042
3113.6721039999998,0.053
3113.870104,0.051000000000000004
3114.068354,0.025
3114.266104,0.014
3114.4641039999997,0.037
3114.662104,0.08
3114.860104,0.044
3115.0581039999997,0.061
3115.2563539999996,0.08600000000000001
3115.454354,0.065
3115.652354,0.026000000000000002
3115.8501539999997,0.005
3116.048354,0.061
3116.246354,0.018000000000000002
3116.444154,0.033
3116.642354,0.047
3116.840354,0.011
3117.038154,0.021
3117.2364039999998,0.063
3117.434404,0.018000000000000002
3117.632404,0.024
3117.830404,0.095
3118.028154,0.031
3118.226404,0.053
3118.4245539999997,0.06
3118.623204,0.06
3118.820404,0.04
3119.0185539999998,0.062
3119.216404,0.032
3119.4144039999996,0.021
3119.612604,0.047
3119.810404,0.032
3120.0084039999997,0.059000000000000004
3120.206404,0.033
3120.404604,0.017
3120.6026039999997,0.022
3120.800604,0.046
3120.998454,0.028
3121.1966039999998,0.035
3121.394604,0.054
3121.592604,0.07100000000000001
3121.7912539999998,0.03
3121.9886039999997,0.03
3122.186604,0.046
3122.384604,0.035
3122.582654,0.038
3122.7806539999997,0.027
3122.978654,0.039
3123.177304,0.062
3123.3746539999997,0.018000000000000002
3123.572654,0.035
3123.770654,0.044
3123.9688039999996,0.024
3124.1666539999997,0.043000000000000003
3124.364904,0.043000000000000003
3124.562904,0.07
3124.760704,0.016
3124.959454,0.011
3125.156854,0.076
3125.354704,0.047
3125.5529039999997,0.039
3125.750704,0.02
3125.9488039999997,0.079
3126.146804,0.059000000000000004
3126.345504,0.022
3126.542954,0.10400000000000001
3126.740954,0.011
3126.938854,0.042
3127.136854,0.048
3127.335104,0.023
3127.532954,0.058
3127.7309539999997,0.049
3127.928854,0.036000000000000004
3128.1268539999996,0.094
3128.324854,0.019
3128.523104,0.041
3128.721004,0.018000000000000002
3128.919004,0.062
3129.116904,0.029
3129.314904,0.076
3129.513754,0.076
3129.7109539999997,0.068
3129.9090039999996,0.011
3130.1071039999997,0.065
3130.3051539999997,0.084
3130.503154,0.035
3130.701154,0.02
3130.8991539999997,0.08
3131.097154,0.047
3131.295154,0.044
3131.493154,0.093
3131.6911539999996,0.024
3131.889304,0.048
3132.284404,0.074
3132.482404,0.036000000000000004
3132.6804039999997,0.032
3132.878404,0.035
3133.076454,0.049
3133.274454,0.03
3133.4724539999997,0.057
3133.670454,0.017
3133.868454,0.03
3134.066704,0.055
3134.2644539999997,0.049
3134.462704,0.006
3134.660454,0.043000000000000003
3134.8584539999997,0.035
3135.056454,0.019
3135.254504,0.008
3135.452504,0.017
3135.6507039999997,0.019
3135.848504,0.031
3136.046704,0.037
3136.2447039999997,0.051000000000000004
3136.442704,0.027
3136.640704,0.025
3136.838504,0.075
3137.0367039999996,0.047
3137.234704,0.069
3137.432754,0.081
3137.630754,0.106
3137.8287539999997,0.062
3138.026754,0.004
3138.224754,0.012
3138.422904,0.059000000000000004
3138.620754,0.029
3138.818754,0.069
3139.0167539999998,0.058
3139.214754,0.061
3139.412954,0.066
3139.6109539999998,0.079
3139.808804,0.073
3140.006954,0.04
3140.204754,0.07100000000000001
3140.4029539999997,0.044
3140.600954,0.073
3140.798804,0.003
3140.996804,0.01
3141.1948039999997,0.066
3141.392954,0.068
3141.590954,0.07
3141.7889539999996,0.073
3141.987604,0.007
3142.184954,0.088
3142.3829539999997,0.068
3142.5810039999997,0.035
3142.779004,0.039
3142.9771539999997,0.074
3143.1750039999997,0.077
3143.373854,0.049
3143.571004,0.041
3143.7690039999998,0.077
3143.967154,0.018000000000000002
3144.165004,0.04
3144.363254,0.008
3144.5610039999997,0.076
3144.7590539999997,0.027
3144.9571539999997,0.042
3145.1552039999997,0.016
3145.3532539999997,0.058
3145.551254,0.035
3145.749004,0.049
3145.947154,0.013000000000000001
3146.145154,0.059000000000000004
3146.343254,0.11
3146.541954,0.043000000000000003
3146.7390539999997,0.016
3146.937204,0.051000000000000004
3147.1354539999998,0.073
3147.333454,0.021
3147.5313039999996,0.03
3147.729304,0.022
3147.927204,0.045
3148.125454,0.03
3148.323454,0.085
3148.5214539999997,0.061
3148.719354,0.015
3148.917454,0.011
3149.1154539999998,0.053
3149.3135039999997,0.101
3149.511454,0.007
3149.709954,0.02
3149.9074539999997,0.033
3150.105454,0.021
3150.303504,0.027
3150.501504,0.039
3150.6995039999997,0.041
3150.897504,0.022
3151.096154,0.05
3151.2935039999998,0.014
3151.491504,0.033
3151.689504,0.085
3152.084804,0.124
3152.283004,0.05
3152.4807539999997,0.021
3152.678754,0.1
3152.876754,0.066
3153.074804,0.068
3153.2730039999997,0.03
3153.470804,0.056
3153.668804,0.085
3153.866804,0.031
3154.0650539999997,0.014
3154.263054,0.034
3154.461054,0.033
3154.6588039999997,0.057
3154.856804,0.04
3155.055004,0.034
3155.253054,0.067
3155.4510539999997,0.036000000000000004
3155.648854,0.033
3155.846854,0.022
3156.0450539999997,0.01
3156.243254,0.059000000000000004
3156.441054,0.021
3156.6390539999998,0.032
3156.8368539999997,0.045
3157.035054,0.046
3157.2339039999997,0.034
3157.431104,0.029
3157.6291039999996,0.013000000000000001
3157.827104,0.07100000000000001
3158.025104,0.073
3158.223254,0.079
3158.421254,0.155
3158.619104,0.11900000000000001
3158.8171039999997,0.128
3159.015104,0.109
3159.213304,0.059000000000000004
3159.4113039999997,0.074
3159.6091539999998,0.095
3159.807304,0.063
3160.005304,0.061
3160.2033039999997,0.011
3160.401954,0.021
3160.599304,0.098
3160.797154,0.067
3160.995304,0.073
3161.193304,0.031
3161.3913039999998,0.094
3161.589304,0.154
3161.787304,0.007
3161.985304,0.058
3162.1835539999997,0.057
3162.381304,0.037
3162.579354,0.022
3162.777454,0.034
3162.9753539999997,0.023
3163.173554,0.054
3163.371354,0.121
3163.5700039999997,0.042
3163.767354,0.036000000000000004
3163.965504,0.073
3164.1635539999997,0.084
3164.3616039999997,0.053
3164.559354,0.084
3164.757404,0.032
3164.955504,0.018000000000000002
3165.1536039999996,0.059000000000000004
3165.351604,0.017
3165.549604,0.052000000000000005
3165.747554,0.052000000000000005
3165.945554,0.054
3166.1437539999997,0.031
3166.3416039999997,0.021
3166.539604,0.02
3166.7382039999998,0.056
3166.9355539999997,0.073
3167.133804,0.129
3167.331804,0.11900000000000001
3167.529654,0.053
3167.727654,0.075
3167.925554,0.021
3168.124454,0.081
3168.3218039999997,0.017
3168.5196539999997,0.037
3168.717804,0.075
3168.915604,0.018000000000000002
3169.113804,0.015
3169.311854,0.062
3169.509854,0.056
3169.7076039999997,0.022
3169.906454,0.022
3170.103804,0.037
3170.3018039999997,0.029
3170.4998539999997,0.15
3170.697604,0.041
3170.895854,0.03
3171.094004,0.03
3171.292504,0.029
3171.489854,0.132
3171.6880039999996,0.002
3172.083154,0.068
3172.281154,0.014
3172.4791539999997,0.058
3172.677104,0.061
3172.875354,0.05
3173.073104,0.053
3173.271354,0.012
3173.469154,0.092
3173.6671539999998,0.11900000000000001
3173.865154,0.116
3174.063154,0.075
3174.261404,0.037
3174.4591539999997,0.082
3174.657154,0.038
3174.855404,0.007
3175.053404,0.051000000000000004
3175.2514039999996,0.073
3175.449404,0.021
3175.647204,0.043000000000000003
3175.8452039999997,0.052000000000000005
3176.043404,0.012
3176.241404,0.131
3176.4394039999997,0.066
3176.637404,0.012
3176.835204,0.073
3177.033404,0.05
3177.231604,0.064
3177.429454,0.043000000000000003
3177.627454,0.017
3177.825454,0.099
3178.0234539999997,0.044
3178.221604,0.042
3178.419454,0.07100000000000001
3178.6174539999997,0.115
3178.815454,0.08600000000000001
3179.013454,0.135
3179.211604,0.043000000000000003
3179.409654,0.041
3179.607504,0.10300000000000001
3179.805504,0.032
3180.003504,0.046
3180.201654,0.098
3180.399654,0.08700000000000001
3180.5983039999996,0.178
3180.795654,0.022
3180.993654,0.055
3181.1916539999997,0.067
3181.389654,0.014
3181.587704,0.008
3181.785504,0.081
3181.9836539999997,0.08600000000000001
3182.181654,0.011
3182.379654,0.056
3182.5776539999997,0.084
3182.7757039999997,0.069
3182.973704,0.064
3183.171904,0.054
3183.3697039999997,0.114
3183.567704,0.075
3183.7665039999997,0.026000000000000002
3183.963704,0.054
3184.1619539999997,0.128
3184.359904,0.069
3184.557704,0.069
3184.755854,0.038
3184.953854,0.032
3185.152604,0.069
3185.349954,0.047
3185.5477539999997,0.042
3185.745754,0.08600000000000001
3185.9439039999997,0.042
3186.142104,0.062
3186.339954,0.024
3186.537954,0.033
3186.7359039999997,0.056
3186.934554,0.057
3187.132154,0.077
3187.330004,0.112
3187.528004,0.111
3187.725904,0.051000000000000004
3187.9239039999998,0.057
3188.1221539999997,0.055
3188.320804,0.048
3188.518004,0.009000000000000001
3188.716004,0.105
3188.9139539999996,0.06
3189.112154,0.017
3189.310154,0.035
3189.508054,0.026000000000000002
3189.706204,0.012
3189.904154,0.029
3190.1021539999997,0.03
3190.300154,0.014
3190.498204,0.063
3190.696054,0.064
3190.8942039999997,0.145
3191.092204,0.007
3191.290204,0.067
3191.4888539999997,0.073
3191.883454,0.069
3192.0815039999998,0.022
3192.2795039999996,0.025
3192.477504,0.024
3192.675504,0.047
3192.873454,0.025
3193.071454,0.037
3193.269704,0.07200000000000001
3193.4675039999997,0.065
3193.665504,0.038
3193.863704,0.029
3194.061504,0.048
3194.2597539999997,0.043000000000000003
3194.457504,0.007
3194.655504,0.097
3194.8537539999998,0.043000000000000003
3195.051504,0.124
3195.249754,0.152
3195.447754,0.064
3195.6455539999997,0.093
3195.843754,0.025
3196.041754,0.022
3196.239804,0.053
3196.437754,0.077
3196.635554,0.034
3196.8337539999998,0.073
3197.0317539999996,0.017
3197.229954,0.043000000000000003
3197.427804,0.077
3197.625804,0.097
3197.8238039999997,0.047
3198.021804,0.046
3198.2199539999997,0.037
3198.4178039999997,0.044
3198.615804,0.073
3198.813804,0.099
3199.0118039999998,0.069
3199.209954,0.056
3199.408004,0.014
3199.605854,0.07
3199.804004,0.057
3200.0018539999996,0.039
3200.200004,0.043000000000000003
3200.3980039999997,0.036000000000000004
3200.5958539999997,0.067
3200.794654,0.041
3200.9920039999997,0.07200000000000001
3201.190004,0.029
3201.388004,0.051000000000000004
3201.586004,0.055
3201.7840539999997,0.008
3201.982054,0.058
3202.180654,0.035
3202.3780039999997,0.015
3202.576004,0.035
3202.7741539999997,0.016
3202.972054,0.054
3203.1702539999997,0.075
3203.368054,0.047
3203.566054,0.043000000000000003
3203.764204,0.034
3203.962704,0.027
3204.160304,0.029
3204.358054,0.088
3204.5560539999997,0.112
3204.754204,0.078
3204.9522039999997,0.051000000000000004
3205.150304,0.027
3205.348954,0.001
3205.546104,0.121
3205.7442539999997,0.056
3205.942254,0.08
3206.140304,0.043000000000000003
3206.338304,0.036000000000000004
3206.5363039999997,0.031
3206.734254,0.007
3206.932254,0.054
3207.1304539999996,0.035
3207.3283539999998,0.056
3207.5263539999996,0.047
3207.7242539999997,0.08700000000000001
3207.922254,0.074
3208.120504,0.08700000000000001
3208.318504,0.015
3208.517004,0.088
3208.714504,0.063
3208.912304,0.029
3209.1105039999998,0.039
3209.3085039999996,0.077
3209.5064039999997,0.049
3209.704554,0.055
3209.9023039999997,0.052000000000000005
3210.100504,0.05
3210.298504,0.029
3210.4965039999997,0.163
3210.6945539999997,0.09
3210.892554,0.124
3211.090554,0.047
3211.2885539999997,0.068
3211.683804,0.005
3211.8818039999996,0.023
3212.079804,0.015
3212.277854,0.043000000000000003
3212.475854,0.046
3212.6738539999997,0.064
3212.871854,0.089
3213.0698039999997,0.1
3213.267804,0.019
3213.465854,0.039
3213.663854,0.026000000000000002
3213.8618539999998,0.069
3214.0598539999996,0.033
3214.258104,0.021
3214.455854,0.032
3214.6541039999997,0.125
3214.852104,0.015
3215.050104,0.037
3215.248104,0.081
3215.445854,0.075
3215.644104,0.03
3215.842104,0.017
3216.0401039999997,0.089
3216.238104,0.062
3216.436154,0.079
3216.633904,0.058
3216.832104,0.058
3217.030104,0.058
3217.228104,0.013000000000000001
3217.4261539999998,0.033
3217.623904,0.034
3217.822154,0.016
3218.0203039999997,0.09
3218.218304,0.099
3218.416154,0.05
3218.6143039999997,0.03
3218.8121539999997,0.053
3219.010154,0.055
3219.2089539999997,0.01
3219.406154,0.064
3219.6042039999998,0.043000000000000003
3219.802354,0.077
3220.000204,0.09
3220.1983539999997,0.033
3220.396354,0.052000000000000005
3220.594204,0.106
3220.7923539999997,0.097
3220.991004,0.133
3221.188354,0.081
3221.3863539999998,0.08600000000000001
3221.584504,0.019
3221.782404,0.042
3221.980604,0.034
3222.178404,0.055
3222.377004,0.014
3222.574354,0.046
3222.7723539999997,0.04
3222.9704039999997,0.046
3223.168404,0.09
3223.366404,0.056
3223.5644039999997,0.074
3223.762554,0.043000000000000003
3223.960654,0.013000000000000001
3224.158654,0.039
3224.3564039999997,0.073
3224.554554,0.037
3224.7525539999997,0.02
3224.9506539999998,0.093
3225.148654,0.06
3225.346654,0.01
3225.5450539999997,0.08600000000000001
3225.742604,0.07
3225.940604,0.109
3226.138654,0.07100000000000001
3226.3366539999997,0.04
3226.5344539999996,0.065
3226.732604,0.03
3226.930804,0.074
3227.128804,0.095
3227.326704,0.014
3227.524854,0.039
3227.722604,0.073
3227.920604,0.092
3228.118854,0.014
3228.316704,0.021
3228.5147039999997,0.039
3228.713254,0.029
3228.910654,0.033
3229.108854,0.017
3229.306854,0.042
3229.504754,0.038
3229.7029039999998,0.035
3229.9009039999996,0.033
3230.099504,0.026000000000000002
3230.296904,0.033
3230.494854,0.021
3230.692854,0.015
3230.8910539999997,0.033
3231.286154,0.028
3231.6821539999996,0.078
3231.880154,0.121
3232.078154,0.044
3232.2761539999997,0.023
3232.4742039999996,0.048
3232.672204,0.057
3232.870204,0.043000000000000003
3233.0684039999996,0.038
3233.266154,0.053
3233.464204,0.082
3233.6624039999997,0.013000000000000001
3233.860204,0.091
3234.058204,0.045
3234.256204,0.043000000000000003
3234.4542039999997,0.048
3234.652454,0.052000000000000005
3234.850454,0.012
3235.0482039999997,0.083
3235.2464539999996,0.051000000000000004
3235.444204,0.02
3235.642454,0.058
3235.8404539999997,0.111
3236.038454,0.057
3236.236454,0.004
3236.434504,0.024
3236.632454,0.056
3236.830454,0.047
3237.028454,0.08700000000000001
3237.2264539999996,0.027
3237.424454,0.111
3237.622454,0.055
3237.820504,0.098
3238.0185039999997,0.02
3238.216654,0.025
3238.414504,0.179
3238.6125039999997,0.06
3238.810504,0.108
3239.0086539999998,0.127
3239.207304,0.13
3239.4045039999996,0.038
3239.602654,0.045
3239.800504,0.013000000000000001
3239.9987039999996,0.053
3240.196704,0.018000000000000002
3240.394704,0.026000000000000002
3240.5927039999997,0.044
3240.790704,0.053
3240.989354,0.096
3241.1867039999997,0.013000000000000001
3241.384704,0.061
3241.582554,0.043000000000000003
3241.780704,0.105
3241.9789539999997,0.038
3242.176754,0.096
3242.375354,0.066
3242.5729039999997,0.07200000000000001
3242.770704,0.092
3242.968704,0.026000000000000002
3243.166754,0.021
3243.3647539999997,0.056
3243.562904,0.048
3243.7609039999998,0.121
3243.959004,0.031
3244.1570039999997,0.09
3244.354754,0.074
3244.5529039999997,0.113
3244.750904,0.06
3244.949004,0.097
3245.147004,0.023
3245.344804,0.033
3245.543554,0.04
3245.740954,0.018000000000000002
3245.9391539999997,0.048
3246.1370039999997,0.032
3246.335004,0.052000000000000005
3246.532954,0.041
3246.7309539999997,0.055
3246.929154,0.08700000000000001
3247.127054,0.035
3247.325054,0.034
3247.523204,0.043000000000000003
3247.720954,0.058
3247.919204,0.027
3248.1172039999997,0.053
3248.3150539999997,0.112
3248.513204,0.062
3248.711604,0.107
3248.909204,0.083
3249.107204,0.029
3249.305204,0.109
3249.5032039999996,0.026000000000000002
3249.701204,0.113
3249.899254,0.069
3250.0978539999996,0.062
3250.2952539999997,0.061
3250.493254,0.041
3250.6912039999997,0.028
3250.8892539999997,0.062
3251.2845039999997,0.029
3251.482504,0.058
3251.680504,0.05
3251.878504,0.036000000000000004
3252.0765039999997,0.011
3252.274504,0.069
3252.472554,0.039
3252.670554,0.131
3252.8685539999997,0.037
3253.066754,0.049
3253.264554,0.056
3253.4625039999996,0.038
3253.660754,0.027
3253.858554,0.028
3254.0567539999997,0.091
3254.2545539999996,0.005
3254.452554,0.053
3254.650804,0.026000000000000002
3254.8485539999997,0.057
3255.046804,0.091
3255.244804,0.09
3255.4425539999997,0.10300000000000001
3255.6408039999997,0.006
3255.838804,0.084
3256.036804,0.097
3256.2348039999997,0.053
3256.4326039999996,0.046
3256.630804,0.066
3256.828854,0.198
3257.027004,0.097
3257.224804,0.111
3257.422804,0.084
3257.6208039999997,0.059000000000000004
3257.818804,0.073
3258.0176539999998,0.062
3258.214854,0.061
3258.4128539999997,0.066
3258.610854,0.016
3258.808854,0.078
3259.007004,0.026000000000000002
3259.205004,0.084
3259.402854,0.081
3259.6010039999996,0.095
3259.7988539999997,0.243
3259.997054,0.121
3260.195054,0.077
3260.392904,0.023
3260.591054,0.055
3260.789054,0.04
3260.9870539999997,0.067
3261.185054,0.015
3261.383054,0.059000000000000004
3261.5810539999998,0.079
3261.7790539999996,0.049
3261.977054,0.035
3262.175104,0.07
3262.373104,0.014
3262.571854,0.05
3262.769054,0.096
3262.967304,0.025
3263.1651039999997,0.08700000000000001
3263.363104,0.10200000000000001
3263.5612039999996,0.029
3263.7591039999998,0.052000000000000005
3263.9573539999997,0.063
3264.155104,0.039
3264.353104,0.067
3264.551254,0.076
3264.749504,0.1
3264.947354,0.051000000000000004
3265.1453539999998,0.041
3265.343254,0.066
3265.5412539999998,0.09
3265.739904,0.14
3265.9373539999997,0.04
3266.1354039999997,0.085
3266.333354,0.092
3266.5313039999996,0.095
3266.729304,0.032
3266.9275039999998,0.139
3267.126054,0.032
3267.3234039999998,0.06
3267.521304,0.065
3267.719554,0.057
3267.9175539999997,0.07100000000000001
3268.115554,0.08700000000000001
3268.313554,0.042
3268.5115539999997,0.045
3268.709304,0.065
3268.908204,0.06
3269.1055539999998,0.065
3269.303404,0.134
3269.501554,0.043000000000000003
3269.699454,0.077
3269.8975539999997,0.096
3270.0956039999996,0.05
3270.294204,0.04
3270.491604,0.02
3270.689754,0.04
3271.0848539999997,0.078
3271.282854,0.053
3271.480854,0.069
3271.678854,0.05
3271.8768539999996,0.021
3272.074854,0.032
3272.272854,0.077
3272.4708539999997,0.033
3272.6689039999997,0.057
3272.866904,0.033
3273.064904,0.069
3273.2629039999997,0.06
3273.461104,0.045
3273.659104,0.061
3273.8571039999997,0.058
3274.055104,0.033
3274.252904,0.059000000000000004
3274.4511039999998,0.097
3274.6491039999996,0.015
3274.846904,0.042
3275.045154,0.025
3275.2429039999997,0.129
3275.440904,0.019
3275.639154,0.029
3275.8373039999997,0.033
3276.0351539999997,0.043000000000000003
3276.233154,0.024
3276.430954,0.03
3276.6291539999997,0.024
3276.827354,0.101
3277.025204,0.017
3277.223204,0.017
3277.421354,0.1
3277.619154,0.07
3277.817354,0.043000000000000003
3278.0153539999997,0.075
3278.2132039999997,0.084
3278.411204,0.167
3278.609204,0.059000000000000004
3278.8072039999997,0.092
3279.005354,0.097
3279.2033539999998,0.085
3279.4013539999996,0.012
3279.600004,0.066
3279.797354,0.108
3279.995404,0.033
3280.1934039999996,0.033
3280.391404,0.09
3280.589404,0.017
3280.787254,0.10400000000000001
3280.985404,0.115
3281.183404,0.009000000000000001
3281.381554,0.058
3281.579404,0.093
3281.777404,0.053
3281.975404,0.12
3282.1734039999997,0.09
3282.3714539999996,0.022
3282.569454,0.07
3282.7683039999997,0.076
3282.9656539999996,0.084
3283.163404,0.137
3283.361554,0.082
3283.559554,0.046
3283.757454,0.061
3283.955704,0.098
3284.1541039999997,0.061
3284.3514539999996,0.039
3284.549604,0.09
3284.7476039999997,0.034
3284.9457039999998,0.016
3285.143704,0.034
3285.341454,0.10200000000000001
3285.539604,0.025
3285.737854,0.017
3285.936354,0.063
3286.133704,0.063
3286.331654,0.081
3286.529654,0.063
3286.7278539999998,0.03
3286.925854,0.046
3287.1237039999996,0.011
3287.3225039999998,0.025
3287.5196539999997,0.077
3287.717654,0.069
3287.915904,0.059000000000000004
3288.113754,0.04
3288.311754,0.078
3288.509904,0.031
3288.707904,0.10300000000000001
3288.9059039999997,0.17200000000000001
3289.103904,0.033
3289.301904,0.011
3289.499904,0.033
3289.6977039999997,0.101
3289.895904,0.073
3290.093954,0.115
3290.291954,0.045
3290.490554,0.049
3290.8854039999997,0.055
3291.083204,0.05
3291.281204,0.057
3291.4792039999998,0.045
3291.677204,0.069
3291.875204,0.075
3292.073204,0.064
3292.2712039999997,0.047
3292.469404,0.037
3292.667204,0.065
3292.8654539999998,0.016
3293.0632539999997,0.107
3293.261254,0.026000000000000002
3293.459454,0.055
3293.6572539999997,0.121
3293.855454,0.024
3294.053454,0.14400000000000002
3294.251254,0.093
3294.449454,0.07200000000000001
3294.647454,0.043000000000000003
3294.845504,0.084
3295.0435039999998,0.127
3295.241254,0.064
3295.439504,0.211
3295.637504,0.054
3295.8355039999997,0.073
3296.033504,0.06
3296.231504,0.041
3296.4295039999997,0.051000000000000004
3296.627504,0.023
3296.825704,0.095
3297.023554,0.016
3297.2215539999997,0.054
3297.419554,0.008
3297.617504,0.047
3297.815654,0.016
3298.013704,0.006
3298.211554,0.022
3298.4097039999997,0.046
3298.6075539999997,0.05
3298.805704,0.023
3299.0037039999997,0.084
3299.2015539999998,0.046
3299.399704,0.03
3299.597554,0.12
3299.797804,0.079
3299.993704,0.042
3300.191754,0.025
3300.389754,0.101
3300.5877539999997,0.057
3300.785754,0.067
3300.983754,0.016
3301.183854,0.025
3301.379754,0.107
3301.577754,0.111
3301.7759539999997,0.097
3301.9737539999996,0.096
3302.171754,0.061
3302.3699039999997,0.013000000000000001
3302.567804,0.027
3302.766004,0.059000000000000004
3302.9659039999997,0.09
3303.1617539999997,0.034
3303.359904,0.051000000000000004
3303.557904,0.014
3303.756004,0.029
3303.9540039999997,0.122
3304.1518039999996,0.123
3304.352104,0.07200000000000001
3304.5479539999997,0.04
3304.7460539999997,0.01
3304.944054,0.108
3305.141804,0.078
3305.339954,0.02
3305.537954,0.14400000000000002
3305.736204,0.256
3305.934054,0.083
3306.132204,0.011
3306.330004,0.046
3306.528004,0.085
3306.7262539999997,0.027
3306.9257039999998,0.257
3307.122204,0.067
3307.3202039999996,0.018000000000000002
3307.518004,0.067
3307.716204,0.17500000000000002
3307.914254,0.07200000000000001
3308.112104,0.025
3308.310254,0.065
3308.508054,0.092
3308.7062539999997,0.1
3308.905954,0.075
3309.102254,0.105
3309.3002539999998,0.025
3309.4982539999996,0.094
3309.696254,0.013000000000000001
3309.894254,0.085
3310.092404,0.007
3310.2903039999997,0.036000000000000004
3310.6855539999997,0.148
3310.883554,0.053
3311.081554,0.047
3311.2795539999997,0.043000000000000003
3311.477554,0.054
3311.675554,0.043000000000000003
3311.875404,0.131
3312.0715539999997,0.099
3312.269804,0.033
3312.467554,0.083
3312.6655539999997,0.091
3312.863804,0.083
3313.061604,0.113
3313.259604,0.106
3313.459454,0.098
3313.655604,0.077
3313.853804,0.017
3314.0516039999998,0.046
3314.249804,0.147
3314.447804,0.088
3314.6458039999998,0.06
3314.8438539999997,0.121
3315.041854,0.115
3315.239854,0.124
3315.437854,0.062
3315.636004,0.053
3315.833854,0.076
3316.031854,0.107
3316.2298539999997,0.089
3316.428754,0.099
3316.625854,0.027
3316.8240539999997,0.06
3317.0219039999997,0.04
3317.220054,0.048
3317.419454,0.01
3317.616054,0.02
3317.814054,0.081
3318.011904,0.13
3318.2100539999997,0.07100000000000001
3318.408054,0.084
3318.605904,0.02
3318.8040539999997,0.055
3319.0021039999997,0.081
3319.200054,0.062
3319.398554,0.123
3319.595904,0.037
3319.794054,0.04
3319.992054,0.023
3320.190204,0.031
3320.3881039999997,0.07200000000000001
3320.586304,0.031
3320.784104,0.06
3320.9821039999997,0.069
3321.181354,0.074
3321.378104,0.047
3321.5761039999998,0.082
3321.774654,0.008
3321.972104,0.063
3322.1702539999997,0.11
3322.368254,0.04
3322.5661539999996,0.008
3322.764354,0.08
3322.962154,0.074
3323.160304,0.07200000000000001
3323.358304,0.078
3323.556354,0.029
3323.7543539999997,0.017
3323.952354,0.091
3324.150304,0.043000000000000003
3324.3483039999996,0.09
3324.546304,0.026000000000000002
3324.744404,0.024
3324.942404,0.08
3325.140304,0.047
3325.339954,0.055
3325.536554,0.059000000000000004
3325.7345539999997,0.019
3325.9324039999997,0.038
3326.130554,0.031
3326.3283539999998,0.054
3326.526554,0.032
3326.724554,0.019
3326.922404,0.023
3327.1205539999996,0.02
3327.318354,0.116
3327.516354,0.07100000000000001
3327.7145539999997,0.07
3327.912554,0.07100000000000001
3328.110604,0.026000000000000002
3328.308604,0.036000000000000004
3328.5063539999996,0.044
3328.704604,0.06
3328.904704,0.101
3329.1006039999997,0.042
3329.298604,0.083
3329.496754,0.075
3329.694604,0.039
3329.8926039999997,0.022
3330.2878539999997,0.029
3330.683854,0.051000000000000004
3330.881904,0.018000000000000002
3331.0799039999997,0.069
3331.277904,0.052000000000000005
3331.475904,0.07200000000000001
3331.674154,0.043000000000000003
3331.8719039999996,0.121
3332.069904,0.024
3332.268154,0.101
3332.4659039999997,0.09
3332.664154,0.08600000000000001
3332.861904,0.091
3333.0599039999997,0.042
3333.2581539999996,0.06
3333.456154,0.127
3333.653954,0.126
3333.8521539999997,0.131
3334.049954,0.054
3334.248154,0.12
3334.4461539999998,0.077
3334.6439539999997,0.076
3334.842154,0.088
3335.040204,0.04
3335.2382039999998,0.08700000000000001
3335.4362039999996,0.07100000000000001
3335.634354,0.164
3335.832204,0.18
3336.0302039999997,0.017
3336.228204,0.025
3336.426204,0.019
3336.6242039999997,0.046
3336.822204,0.038
3337.020204,0.029
3337.2184039999997,0.041
3337.4162039999997,0.079
3337.614254,0.08
3337.812404,0.074
3338.0102039999997,0.037
3338.2105039999997,0.108
3338.406204,0.099
3338.6044039999997,0.028
3338.802404,0.015
3339.000404,0.016
3339.1984039999998,0.045
3339.396404,0.077
3339.594404,0.064
3339.792404,0.07100000000000001
3339.992504,0.048
3340.188404,0.042
3340.386404,0.039
3340.584254,0.04
3340.7824539999997,0.016
3340.980454,0.022
3341.1786039999997,0.064
3341.378554,0.067
3341.5747039999997,0.055
3341.772454,0.049
3341.970454,0.10300000000000001
3342.168604,0.066
3342.366454,0.032
3342.564454,0.057
3342.7627039999998,0.017
3342.9605039999997,0.033
3343.158654,0.038
3343.3566539999997,0.03
3343.5547039999997,0.084
3343.752704,0.061
3343.950504,0.098
3344.148604,0.006
3344.346654,0.08600000000000001
3344.5473039999997,0.045
3344.742754,0.049
3344.9407539999997,0.091
3345.138654,0.066
3345.3366539999997,0.083
3345.534654,0.093
3345.7327539999997,0.068
3345.930754,0.06
3346.1286539999996,0.008
3346.326654,0.081
3346.524704,0.04
3346.7229039999997,0.048
3346.9207039999997,0.06
3347.118904,0.081
3347.316704,0.106
3347.5149039999997,0.151
3347.715054,0.083
3347.9108039999996,0.039
3348.1089039999997,0.063
3348.3069539999997,0.073
3348.504954,0.045
3348.702954,0.059000000000000004
3348.9009539999997,0.073
3349.1010039999996,0.077
3349.296954,0.065
3349.494954,0.065
3349.6929539999996,0.031
3349.890954,0.09
3350.286204,0.073
3350.6822039999997,0.07100000000000001
3350.880204,0.044
3351.078254,0.08
3351.276254,0.019
3351.4742539999997,0.112
3351.672454,0.027
3351.870254,0.021
3352.068254,0.07100000000000001
3352.2665039999997,0.095
3352.464254,0.063
3352.662504,0.126
3352.8602539999997,0.014
3353.058254,0.054
3353.256504,0.031
3353.454304,0.12
3353.6525039999997,0.106
3353.850504,0.024
3354.048304,0.106
3354.2465039999997,0.066
3354.444504,0.07200000000000001
3354.642504,0.046
3354.840504,0.049
3355.0383039999997,0.005
3355.236504,0.053
3355.434554,0.043000000000000003
3355.632554,0.021
3355.8305539999997,0.038
3356.028554,0.057
3356.226554,0.079
3356.4245539999997,0.101
3356.624804,0.014
3356.820554,0.035
3357.0185539999998,0.032
3357.2165539999996,0.066
3357.414554,0.056
3357.6127539999998,0.036000000000000004
3357.8107539999996,0.078
3358.0086039999997,0.061
3358.206754,0.059000000000000004
3358.4045539999997,0.095
3358.602754,0.069
3358.800754,0.012
3358.998604,0.017
3359.196754,0.088
3359.394754,0.069
3359.592754,0.14200000000000002
3359.792904,0.021
3359.988754,0.075
3360.186754,0.059000000000000004
3360.3847539999997,0.046
3360.5828039999997,0.019
3360.780804,0.028
3360.978804,0.085
3361.1790039999996,0.037
3361.374804,0.07100000000000001
3361.573054,0.08700000000000001
3361.7708039999998,0.033
3361.9688039999996,0.082
3362.166954,0.017
3362.364804,0.042
3362.5630539999997,0.052000000000000005
3362.7608539999997,0.047
3362.9598039999996,0.045
3363.156954,0.052000000000000005
3363.355004,0.049
3363.553054,0.038
3363.751054,0.051000000000000004
3363.9488539999998,0.047
3364.146954,0.077
3364.347154,0.023
3364.5430539999998,0.10300000000000001
3364.7411039999997,0.08
3364.939104,0.014
3365.1370039999997,0.046
3365.335004,0.1
3365.533254,0.029
3365.731104,0.092
3365.929104,0.092
3366.127004,0.037
3366.325004,0.09
3366.5232539999997,0.025
3366.721254,0.069
3366.9191539999997,0.077
3367.117254,0.11800000000000001
3367.3153039999997,0.063
3367.513904,0.067
3367.711254,0.055
3367.909104,0.046
3368.107254,0.115
3368.305054,0.128
3368.503304,0.07100000000000001
3368.7013039999997,0.108
3368.899304,0.062
3369.097304,0.076
3369.2953039999998,0.028
3369.4933039999996,0.075
3369.691304,0.06
3369.889304,0.122
3370.284604,0.035
3370.4828039999998,0.085
3370.680554,0.08700000000000001
3370.878554,0.10200000000000001
3371.076804,0.052000000000000005
3371.2746039999997,0.091
3371.472804,0.093
3371.670604,0.09
3371.868604,0.025
3372.0666039999996,0.039
3372.264604,0.032
3372.462604,0.031
3372.6608539999997,0.095
3372.858604,0.041
3373.056604,0.113
3373.2548039999997,0.117
3373.4528539999997,0.07
3373.650854,0.042
3373.848654,0.077
3374.0468539999997,0.073
3374.244854,0.18
3374.442854,0.032
3374.6408539999998,0.121
3374.8388539999996,0.052000000000000005
3375.036654,0.18
3375.234854,0.106
3375.4328539999997,0.099
3375.6309039999996,0.042
3375.828904,0.062
3376.026904,0.069
3376.2249039999997,0.107
3376.423054,0.089
3376.6210539999997,0.099
3376.8189039999997,0.094
3377.017054,0.059000000000000004
3377.214904,0.07
3377.412904,0.038
3377.611104,0.105
3377.8089539999996,0.069
3378.006954,0.075
3378.205704,0.077
3378.402904,0.037
3378.601104,0.06
3378.7991039999997,0.105
3378.9969539999997,0.164
3379.195104,0.068
3379.3931039999998,0.054
3379.5911039999996,0.029
3379.789104,0.061
3379.987904,0.162
3380.1851039999997,0.076
3380.383104,0.047
3380.581104,0.048
3380.779154,0.044
3380.9771539999997,0.059000000000000004
3381.175154,0.024
3381.373804,0.038
3381.5711539999998,0.039
3381.769154,0.082
3381.967154,0.045
3382.1653039999997,0.059000000000000004
3382.363354,0.026000000000000002
3382.561404,0.06
3382.759154,0.085
3382.957304,0.027
3383.155304,0.034
3383.353404,0.013000000000000001
3383.551404,0.064
3383.7494039999997,0.088
3383.947154,0.125
3384.1453039999997,0.122
3384.343304,0.025
3384.542054,0.101
3384.739404,0.079
3384.937204,0.045
3385.135354,0.025
3385.333604,0.033
3385.531604,0.046
3385.729454,0.039
3385.927604,0.027
3386.125354,0.095
3386.3233539999997,0.032
3386.521604,0.005
3386.719454,0.033
3386.917454,0.111
3387.1154039999997,0.056
3387.313404,0.067
3387.511654,0.044
3387.7102539999996,0.024
3387.9074539999997,0.059000000000000004
3388.105604,0.075
3388.3036039999997,0.093
3388.501604,0.084
3388.699654,0.04
3388.897654,0.08600000000000001
3389.0963039999997,0.094
3389.293654,0.074
3389.491654,0.043000000000000003
3389.689654,0.033
3390.084904,0.024
3390.282954,0.018000000000000002
3390.4809539999997,0.013000000000000001
3390.678904,0.041
3390.8769039999997,0.014
3391.074904,0.084
3391.272904,0.058
3391.471154,0.031
3391.6689539999998,0.061
3391.8669539999996,0.027
3392.065154,0.04
3392.262954,0.054
3392.4609539999997,0.034
3392.658954,0.053
3392.856954,0.055
3393.0549539999997,0.046
3393.253154,0.036000000000000004
3393.450954,0.059000000000000004
3393.649204,0.138
3393.8470039999997,0.029
3394.045004,0.059000000000000004
3394.243204,0.046
3394.4412039999997,0.045
3394.639204,0.063
3394.837004,0.089
3395.035204,0.037
3395.2332039999997,0.025
3395.431404,0.039
3395.629254,0.028
3395.827254,0.046
3396.0250039999996,0.026000000000000002
3396.223254,0.009000000000000001
3396.4214039999997,0.036000000000000004
3396.6192539999997,0.067
3396.817254,0.09
3397.015254,0.019
3397.213254,0.046
3397.411404,0.1
3397.609454,0.045
3397.807304,0.063
3398.0054539999996,0.045
3398.2033039999997,0.058
3398.4020539999997,0.026000000000000002
3398.5994539999997,0.03
3398.797454,0.026000000000000002
3398.995304,0.039
3399.1934539999997,0.03
3399.3913039999998,0.026000000000000002
3399.589454,0.07100000000000001
3399.787504,0.061
3399.9854539999997,0.039
3400.183454,0.06
3400.381704,0.042
3400.5794539999997,0.078
3400.777454,0.041
3400.9756039999997,0.054
3401.173504,0.031
3401.3715039999997,0.026000000000000002
3401.570154,0.027
3401.767504,0.036000000000000004
3401.965504,0.055
3402.1635039999996,0.048
3402.361704,0.039
3402.559704,0.059000000000000004
3402.7575039999997,0.051000000000000004
3402.955654,0.038
3403.1536539999997,0.11800000000000001
3403.351754,0.053
3403.5497539999997,0.081
3403.747554,0.011
3403.9457039999998,0.056
3404.143704,0.02
3404.341904,0.117
3404.539754,0.145
3404.7384039999997,0.058
3404.935704,0.101
3405.133704,0.07100000000000001
3405.3319039999997,0.033
3405.529804,0.042
3405.7278039999997,0.065
3405.9257039999998,0.027
3406.124354,0.024
3406.321954,0.042
3406.519954,0.10200000000000001
3406.717804,0.065
3406.915954,0.076
3407.113754,0.048
3407.311954,0.027
3407.5099539999997,0.01
3407.7078039999997,0.092
3407.906604,0.084
3408.1039539999997,0.106
3408.301954,0.085
3408.499954,0.006
3408.6979539999998,0.05
3408.8960039999997,0.056
3409.094004,0.031
3409.292654,0.063
3409.4900039999998,0.079
3409.885254,0.046
3410.0832539999997,0.024
3410.281254,0.08600000000000001
3410.479304,0.06
3410.677304,0.137
3410.875254,0.008
3411.073254,0.105
3411.271504,0.018000000000000002
3411.4692539999996,0.068
3411.667304,0.076
3411.865304,0.05
3412.0635039999997,0.051000000000000004
3412.2613039999997,0.07200000000000001
3412.459554,0.081
3412.657304,0.025
3412.8553039999997,0.029
3413.0535539999996,0.028
3413.251304,0.06
3413.449554,0.033
3413.6475539999997,0.018000000000000002
3413.845354,0.053
3414.043554,0.035
3414.241704,0.054
3414.4396039999997,0.029
3414.637554,0.046
3414.835354,0.092
3415.0335539999996,0.093
3415.231704,0.08600000000000001
3415.4304039999997,0.043000000000000003
3415.627604,0.083
3415.8256039999997,0.063
3416.023604,0.124
3416.2217539999997,0.077
3416.419754,0.047
3416.617604,0.032
3416.815604,0.07200000000000001
3417.0136039999998,0.117
3417.211754,0.022
3417.409754,0.122
3417.6077539999997,0.065
3417.805654,0.027
3418.003804,0.052000000000000005
3418.201804,0.052000000000000005
3418.3998039999997,0.043000000000000003
3418.598404,0.034
3418.795604,0.085
3418.9938039999997,0.01
3419.192004,0.026000000000000002
3419.389804,0.159
3419.587804,0.097
3419.7858039999996,0.07200000000000001
3419.983854,0.115
3420.182054,0.018000000000000002
3420.3798039999997,0.017
3420.577804,0.095
3420.7759539999997,0.07100000000000001
3420.973954,0.032
3421.1720539999997,0.023
3421.370054,0.063
3421.567854,0.07
3421.7665039999997,0.088
3421.964004,0.054
3422.162104,0.037
3422.360104,0.07200000000000001
3422.5578539999997,0.031
3422.755854,0.064
3422.954054,0.06
3423.152854,0.055
3423.3501039999996,0.091
3423.548104,0.026000000000000002
3423.7460539999997,0.099
3423.944054,0.041
3424.142254,0.025
3424.340104,0.037
3424.5381039999997,0.089
3424.736254,0.14400000000000002
3424.9346539999997,0.088
3425.1322539999996,0.02
3425.330254,0.051000000000000004
3425.5281539999996,0.02
3425.726154,0.081
3425.924054,0.10300000000000001
3426.122304,0.052000000000000005
3426.3209039999997,0.032
3426.518154,0.049
3426.716304,0.052000000000000005
3426.914304,0.049
3427.1123039999998,0.014
3427.3103039999996,0.07
3427.508304,0.018000000000000002
3427.706204,0.016
3427.904354,0.057
3428.1023539999997,0.07100000000000001
3428.300304,0.08600000000000001
3428.4983039999997,0.033
3428.696304,0.126
3428.894354,0.061
3429.289604,0.031
3429.685604,0.034
3429.8836039999997,0.021
3430.081604,0.008
3430.279854,0.032
3430.4776039999997,0.042
3430.6756539999997,0.046
3430.873654,0.06
3431.0716039999998,0.062
3431.2698539999997,0.044
3431.467604,0.024
3431.665654,0.068
3431.8636539999998,0.013000000000000001
3432.0616539999996,0.05
3432.259854,0.051000000000000004
3432.457904,0.041
3432.6556539999997,0.035
3432.853904,0.059000000000000004
3433.051904,0.069
3433.249904,0.015
3433.4479039999997,0.097
3433.645654,0.107
3433.843654,0.032
3434.0419039999997,0.064
3434.240054,0.054
3434.437904,0.027
3434.635954,0.005
3434.8337039999997,0.055
3435.031904,0.045
3435.2300539999997,0.106
3435.4279039999997,0.005
3435.625904,0.032
3435.823904,0.05
3436.021954,0.063
3436.220104,0.032
3436.418104,0.056
3436.615954,0.069
3436.8139539999997,0.044
3437.011954,0.065
3437.210104,0.026000000000000002
3437.4081039999996,0.044
3437.6059539999997,0.029
3437.803954,0.105
3438.002154,0.046
3438.2001539999997,0.022
3438.398154,0.012
3438.5967539999997,0.062
3438.7941539999997,0.046
3438.992154,0.06
3439.190154,0.032
3439.3881539999998,0.043000000000000003
3439.5861539999996,0.089
3439.784154,0.094
3439.982154,0.094
3440.1804039999997,0.049
3440.378154,0.222
3440.576154,0.04
3440.7741539999997,0.034
3440.972154,0.008
3441.170404,0.046
3441.368204,0.01
3441.5662039999997,0.069
3441.7649539999998,0.032
3441.962354,0.045
3442.160454,0.02
3442.3584539999997,0.04
3442.556204,0.018000000000000002
3442.754204,0.043000000000000003
3442.952354,0.077
3443.151104,0.061
3443.348454,0.044
3443.546454,0.026000000000000002
3443.744354,0.045
3443.942404,0.062
3444.1406039999997,0.003
3444.3384539999997,0.07
3444.536454,0.017
3444.734404,0.053
3444.933004,0.053
3445.130604,0.027
3445.328604,0.099
3445.526504,0.012
3445.724504,0.02
3445.922404,0.112
3446.120654,0.031
3446.319454,0.03
3446.5165039999997,0.07
3446.714654,0.078
3446.9124039999997,0.037
3447.110654,0.112
3447.308654,0.093
3447.506654,0.031
3447.7046539999997,0.14400000000000002
3447.902654,0.049
3448.100704,0.056
3448.298704,0.032
3448.496654,0.069
3448.6945539999997,0.093
3448.8926539999998,0.012
3449.287954,0.078
3449.6839539999996,0.075
3449.881954,0.034
3450.079954,0.027
3450.2779539999997,0.039
3450.475954,0.044
3450.673954,0.036000000000000004
3450.872204,0.042
3451.0700039999997,0.181
3451.268204,0.073
3451.465954,0.089
3451.6639539999996,0.046
3451.862204,0.085
3452.060004,0.109
3452.2582039999998,0.033
3452.4560039999997,0.026000000000000002
3452.654004,0.03
3452.852004,0.064
3453.0502539999998,0.007
3453.2482539999996,0.101
3453.446254,0.018000000000000002
3453.6440039999998,0.045
3453.842204,0.056
3454.040254,0.041
3454.238254,0.098
3454.4362539999997,0.026000000000000002
3454.634254,0.053
3454.832254,0.067
3455.030254,0.074
3455.228404,0.056
3455.426254,0.046
3455.624254,0.011
3455.8222539999997,0.006
3456.020254,0.038
3456.218454,0.081
3456.4164539999997,0.037
3456.6143039999997,0.042
3456.812454,0.052000000000000005
3457.010304,0.012
3457.2084539999996,0.08
3457.406454,0.046
3457.604304,0.07200000000000001
3457.8024539999997,0.014
3458.0003039999997,0.045
3458.198504,0.036000000000000004
3458.396504,0.055
3458.594454,0.04
3458.792504,0.015
3458.990504,0.052000000000000005
3459.1885039999997,0.067
3459.386504,0.048
3459.584504,0.095
3459.782504,0.063
3459.9805039999997,0.039
3460.178754,0.048
3460.376554,0.094
3460.5745039999997,0.081
3460.772654,0.041
3460.970504,0.056
3461.168754,0.018000000000000002
3461.3665039999996,0.112
3461.564554,0.133
3461.763304,0.004
3461.9607039999996,0.084
3462.1588039999997,0.07
3462.356804,0.067
3462.554554,0.10400000000000001
3462.752704,0.062
3462.950704,0.033
3463.149404,0.019
3463.346804,0.06
3463.544554,0.032
3463.742704,0.034
3463.9407039999996,0.079
3464.138954,0.084
3464.336804,0.037
3464.534804,0.13
3464.7327539999997,0.061
3464.931354,0.018000000000000002
3465.128954,0.037
3465.326804,0.048
3465.524854,0.059000000000000004
3465.722954,0.024
3465.9207539999998,0.074
3466.1190039999997,0.031
3466.317654,0.069
3466.514854,0.013000000000000001
3466.7130039999997,0.051000000000000004
3466.910754,0.079
3467.109004,0.11
3467.307004,0.093
3467.504854,0.137
3467.703004,0.031
3467.901004,0.056
3468.0990039999997,0.051000000000000004
3468.2970539999997,0.021
3468.495054,0.02
3468.6930039999997,0.058
3468.891004,0.031
3469.2863039999997,0.06
3469.484304,0.018000000000000002
3469.682304,0.011
3469.880304,0.066
3470.0783039999997,0.064
3470.276304,0.059000000000000004
3470.474304,0.10200000000000001
3470.6723039999997,0.036000000000000004
3470.8703539999997,0.045
3471.068354,0.034
3471.266554,0.012
3471.4643039999996,0.018000000000000002
3471.662304,0.114
3471.860554,0.052000000000000005
3472.058354,0.107
3472.256554,0.137
3472.454354,0.011
3472.652354,0.025
3472.8505539999996,0.056
3473.048354,0.061
3473.246604,0.092
3473.444604,0.036000000000000004
3473.642354,0.058
3473.840604,0.081
3474.0385539999997,0.043000000000000003
3474.2366039999997,0.012
3474.434604,0.042
3474.632404,0.076
3474.8306039999998,0.012
3475.0286039999996,0.06
3475.226854,0.08700000000000001
3475.424604,0.121
3475.6226039999997,0.04
3475.820604,0.138
3476.018604,0.014
3476.2168039999997,0.046
3476.4146539999997,0.093
3476.612804,0.027
3476.810654,0.078
3477.0086539999998,0.096
3477.206804,0.03
3477.404804,0.032
3477.602654,0.049
3477.800804,0.018000000000000002
3477.998654,0.025
3478.1968039999997,0.05
3478.3948539999997,0.025
3478.5927039999997,0.074
3478.7914539999997,0.008
3478.9890539999997,0.043000000000000003
3479.186854,0.085
3479.384854,0.094
3479.5830039999996,0.046
3479.7808539999996,0.052000000000000005
3479.978854,0.037
3480.1775039999998,0.088
3480.3748539999997,0.031
3480.5729039999997,0.012
3480.7710039999997,0.04
3480.9688539999997,0.052000000000000005
3481.1671039999997,0.047
3481.364854,0.024
3481.562854,0.033
3481.761004,0.055
3481.959754,0.054
3482.157104,0.075
3482.354904,0.035
3482.553054,0.057
3482.751054,0.049
3482.9490539999997,0.082
3483.147154,0.038
3483.345754,0.006
3483.542904,0.027
3483.7410539999996,0.035
3483.9391539999997,0.013000000000000001
3484.137154,0.01
3484.335154,0.057
3484.5331539999997,0.106
3484.731154,0.017
3484.929304,0.08600000000000001
3485.1273039999996,0.076
3485.3251539999997,0.041
3485.523304,0.044
3485.7211039999997,0.059000000000000004
3485.919104,0.03
3486.117354,0.021
3486.315354,0.033
3486.5138039999997,0.055
3486.711354,0.041
3486.909104,0.092
3487.1073539999998,0.056
3487.3053539999996,0.106
3487.5032039999996,0.053
3487.701354,0.053
3487.8993539999997,0.022
3488.097354,0.045
3488.295354,0.046
3488.493504,0.069
3488.6914039999997,0.014
3489.0868539999997,0.056
3489.284654,0.044
3489.482654,0.05
3489.680654,0.026000000000000002
3489.8786539999996,0.14200000000000002
3490.076654,0.017
3490.274654,0.021
3490.4726539999997,0.014
3490.670854,0.077
3490.868654,0.07200000000000001
3491.066904,0.014
3491.2647039999997,0.079
3491.462704,0.07
3491.660904,0.021
3491.8589039999997,0.014
3492.056904,0.066
3492.254904,0.126
3492.452704,0.033
3492.6507039999997,0.066
3492.848904,0.026000000000000002
3493.046954,0.05
3493.244954,0.01
3493.442704,0.058
3493.640954,0.008
3493.838954,0.076
3494.037104,0.113
3494.234954,0.093
3494.432954,0.047
3494.6309539999997,0.052000000000000005
3494.828954,0.043000000000000003
3495.026954,0.122
3495.225004,0.066
3495.4229539999997,0.075
3495.620954,0.116
3495.818954,0.095
3496.0169539999997,0.036000000000000004
3496.215154,0.084
3496.413004,0.032
3496.611004,0.074
3496.8090039999997,0.007
3497.007154,0.113
3497.2058039999997,0.077
3497.4031539999996,0.083
3497.601154,0.038
3497.799154,0.12
3497.9971539999997,0.076
3498.195154,0.157
3498.393204,0.023
3498.591054,0.045
3498.7892039999997,0.028
3498.9870539999997,0.044
3499.185204,0.074
3499.3832039999998,0.097
3499.5812039999996,0.037
3499.779204,0.093
3499.9774039999998,0.139
3500.1752039999997,0.032
3500.373854,0.08
3500.5713539999997,0.07
3500.769254,0.093
3500.967204,0.075
3501.165454,0.045
3501.3632039999998,0.043000000000000003
3501.5612039999996,0.131
3501.759354,0.047
3501.957254,0.077
3502.1554539999997,0.043000000000000003
3502.3532539999997,0.009000000000000001
3502.551404,0.058
3502.7494039999997,0.063
3502.947654,0.012
3503.1455039999996,0.065
3503.343504,0.015
3503.542054,0.014
3503.739404,0.034
3503.937404,0.07
3504.135504,0.015
3504.3335039999997,0.036000000000000004
3504.5313039999996,0.061
3504.729454,0.021
3504.9274539999997,0.08600000000000001
3505.125654,0.068
3505.323504,0.101
3505.521504,0.061
3505.719454,0.10400000000000001
3505.917654,0.068
3506.1156539999997,0.044
3506.313554,0.101
3506.511704,0.016
3506.710354,0.082
3506.9074539999997,0.035
3507.105704,0.074
3507.303704,0.029
3507.501704,0.06
3507.6997039999997,0.07200000000000001
3507.897704,0.07200000000000001
3508.096354,0.029
3508.2937039999997,0.023
3508.4917539999997,0.082
3508.689754,0.1
3509.085004,0.018000000000000002
3509.283004,0.044
3509.4810039999998,0.088
3509.6790039999996,0.052000000000000005
3509.877004,0.079
3510.075004,0.05
3510.2730039999997,0.047
3510.471004,0.036000000000000004
3510.669204,0.083
3510.8670039999997,0.044
3511.0652539999996,0.091
3511.263054,0.076
3511.461054,0.114
3511.6592539999997,0.095
3511.857054,0.011
3512.055254,0.079
3512.2532539999997,0.11800000000000001
3512.4510539999997,0.08
3512.649254,0.032
3512.847254,0.041
3513.0453039999998,0.022
3513.2433039999996,0.053
3513.441054,0.018000000000000002
3513.639304,0.041
3513.8373039999997,0.03
3514.035304,0.039
3514.233304,0.047
3514.4313039999997,0.009000000000000001
3514.629304,0.075
3514.827304,0.018000000000000002
3515.0254539999996,0.041
3515.2233039999996,0.03
3515.421354,0.122
3515.619304,0.016
3515.8173039999997,0.014
3516.015304,0.053
3516.2134539999997,0.121
3516.411354,0.05
3516.609504,0.058
3516.807354,0.038
3517.0055039999997,0.016
3517.203504,0.062
3517.4013539999996,0.044
3517.599504,0.007
3517.797354,0.056
3517.995504,0.045
3518.193504,0.039
3518.3915039999997,0.081
3518.5895539999997,0.061
3518.787554,0.088
3518.985404,0.013000000000000001
3519.1835539999997,0.042
3519.381554,0.096
3519.579554,0.037
3519.777554,0.048
3519.975754,0.019
3520.173554,0.014
3520.371554,0.043000000000000003
3520.570354,0.048
3520.767554,0.027
3520.965804,0.047
3521.1635539999997,0.021
3521.3615539999996,0.066
3521.559704,0.017
3521.7577039999996,0.014
3521.9558039999997,0.041
3522.153804,0.048
3522.351604,0.025
3522.5497539999997,0.054
3522.747754,0.062
3522.945854,0.038
3523.143854,0.025
3523.3416039999997,0.085
3523.539754,0.037
3523.7384039999997,0.049
3523.935954,0.014
3524.1338539999997,0.07200000000000001
3524.331854,0.024
3524.5297539999997,0.034
3524.7278039999997,0.011
3524.926004,0.027
3525.123854,0.055
3525.321854,0.031
3525.520004,0.064
3525.717804,0.064
3525.9160039999997,0.099
3526.114004,0.019
3526.3119039999997,0.101
3526.510054,0.066
3526.7078039999997,0.05
3526.906704,0.089
3527.104054,0.04
3527.3022039999996,0.121
3527.5000539999996,0.089
3527.698054,0.006
3527.896054,0.014
3528.0940539999997,0.04
3528.292704,0.06
3528.490054,0.11900000000000001
3528.885304,0.055
3529.0833039999998,0.033
3529.2813539999997,0.033
3529.479554,0.07
3529.677354,0.062
3529.875354,0.045
3530.0733539999997,0.121
3530.271354,0.035
3530.469354,0.093
3530.6673539999997,0.031
3530.865354,0.022
3531.063604,0.048
3531.2613539999998,0.015
3531.4594039999997,0.033
3531.657604,0.049
3531.855604,0.018000000000000002
3532.0536039999997,0.077
3532.251354,0.081
3532.449604,0.095
3532.647604,0.02
3532.8456039999996,0.06
3533.043604,0.023
3533.241654,0.045
3533.4394039999997,0.07200000000000001
3533.6376539999997,0.051000000000000004
3533.835654,0.064
3534.033654,0.043000000000000003
3534.2316539999997,0.041
3534.429404,0.035
3534.627654,0.058
3534.825804,0.041
3535.023804,0.022
3535.221654,0.067
3535.4198539999998,0.052000000000000005
3535.6176539999997,0.068
3535.815854,0.079
3536.0138039999997,0.059000000000000004
3536.2116539999997,0.022
3536.409654,0.07
3536.607854,0.017
3536.805654,0.04
3537.003854,0.066
3537.201854,0.081
3537.399854,0.045
3537.598504,0.076
3537.795854,0.005
3537.993854,0.185
3538.1918539999997,0.199
3538.390004,0.153
3538.587854,0.03
3538.785904,0.056
3538.9839039999997,0.027
3539.181904,0.034
3539.379904,0.04
3539.5779039999998,0.045
3539.7759039999996,0.016
3539.973904,0.057
3540.171904,0.107
3540.370054,0.032
3540.568054,0.02
3540.766804,0.064
3540.964154,0.073
3541.1619539999997,0.039
3541.3600539999998,0.076
3541.5580539999996,0.134
3541.7559039999996,0.12
3541.954154,0.025
3542.152804,0.03
3542.349954,0.054
3542.548104,0.057
3542.746104,0.057
3542.944204,0.053
3543.1422039999998,0.109
3543.339954,0.021
3543.5381039999997,0.034
3543.7363539999997,0.051000000000000004
3543.934954,0.082
3544.132204,0.043000000000000003
3544.3303039999996,0.043000000000000003
3544.528104,0.047
3544.726104,0.043000000000000003
3544.9243539999998,0.051000000000000004
3545.122204,0.063
3545.320854,0.019
3545.518154,0.052000000000000005
3545.7161539999997,0.025
3545.914354,0.036000000000000004
3546.112354,0.034
3546.310254,0.08
3546.508354,0.015
3546.706404,0.052000000000000005
3546.904404,0.038
3547.1024039999998,0.08
3547.3004039999996,0.08700000000000001
3547.498404,0.062
3547.696404,0.012
3547.8944039999997,0.037
3548.2896539999997,0.037
3548.685654,0.034
3548.8836539999998,0.014
3549.0816539999996,0.052000000000000005
3549.279654,0.07200000000000001
3549.477704,0.073
3549.6757039999998,0.034
3549.873904,0.037
3550.071704,0.054
3550.269704,0.032
3550.4679539999997,0.039
3550.665704,0.013000000000000001
3550.863704,0.031
3551.0617039999997,0.044
3551.259704,0.021
3551.457704,0.098
3551.655954,0.085
3551.8537539999998,0.095
3552.051954,0.10300000000000001
3552.249754,0.073
3552.4479539999998,0.043000000000000003
3552.6459539999996,0.052000000000000005
3552.843954,0.018000000000000002
3553.041954,0.06
3553.2397539999997,0.079
3553.437954,0.01
3553.635954,0.032
3553.8341539999997,0.115
3554.0320039999997,0.063
3554.230004,0.03
3554.427754,0.094
3554.6260039999997,0.026000000000000002
3554.824154,0.043000000000000003
3555.022004,0.039
3555.220004,0.059000000000000004
3555.4180039999997,0.027
3555.616004,0.06
3555.814204,0.089
3556.0122039999997,0.008
3556.210004,0.034
3556.4081539999997,0.032
3556.6060039999998,0.044
3556.8040039999996,0.131
3557.002204,0.032
3557.2002039999998,0.067
3557.398054,0.045
3557.596854,0.052000000000000005
3557.794054,0.025
3557.9922039999997,0.066
3558.190204,0.02
3558.388054,0.031
3558.5862039999997,0.033
3558.784204,0.011
3558.982254,0.027
3559.180254,0.015
3559.378404,0.108
3559.576254,0.056
3559.774504,0.05
3559.972254,0.131
3560.1702539999997,0.096
3560.368404,0.035
3560.566254,0.054
3560.7651539999997,0.052000000000000005
3560.9625039999996,0.063
3561.160254,0.011
3561.358404,0.032
3561.556404,0.045
3561.754504,0.037
3561.952504,0.026000000000000002
3562.1509039999996,0.043000000000000003
3562.348404,0.081
3562.5464039999997,0.044
3562.7444539999997,0.083
3562.9425539999997,0.035
3563.140554,0.049
3563.3384539999997,0.079
3563.536454,0.036000000000000004
3563.734704,0.053
3563.933154,0.124
3564.130554,0.038
3564.328454,0.029
3564.526454,0.018000000000000002
3564.7247039999997,0.02
3564.9227039999996,0.033
3565.1205539999996,0.034
3565.3193539999997,0.073
3565.5165039999997,0.042
3565.714704,0.021
3565.912704,0.016
3566.110554,0.063
3566.308704,0.027
3566.506704,0.06
3566.7047039999998,0.055
3566.9027539999997,0.01
3567.100754,0.106
3567.298754,0.051000000000000004
3567.496754,0.11900000000000001
3567.6947539999996,0.014
3567.892754,0.005
3568.288004,0.044
3568.6840039999997,0.03
3568.882004,0.07
3569.080004,0.017
3569.278004,0.043000000000000003
3569.4760039999996,0.051000000000000004
3569.6740539999996,0.02
3569.872054,0.018000000000000002
3570.070054,0.07
3570.2680539999997,0.062
3570.466254,0.084
3570.664054,0.084
3570.8622539999997,0.037
3571.060054,0.045
3571.258054,0.024
3571.4562539999997,0.032
3571.6540539999996,0.05
3571.852304,0.03
3572.050104,0.062
3572.248104,0.042
3572.446304,0.082
3572.644304,0.083
3572.842304,0.044
3573.0403039999997,0.023
3573.238304,0.076
3573.436304,0.041
3573.6343039999997,0.057
3573.8323539999997,0.043000000000000003
3574.030354,0.022
3574.2285039999997,0.029
3574.4263539999997,0.028
3574.624354,0.04
3574.8225039999998,0.03
3575.0203539999998,0.04
3575.218504,0.062
3575.416354,0.035
3575.614354,0.037
3575.8125539999996,0.052000000000000005
3576.010554,0.028
3576.208554,0.038
3576.406504,0.113
3576.604354,0.034
3576.8025039999998,0.042
3577.0005539999997,0.034
3577.1984039999998,0.111
3577.396554,0.037
3577.5952039999997,0.069
3577.7925539999997,0.06
3577.990554,0.052000000000000005
3578.188554,0.07
3578.3865539999997,0.064
3578.584554,0.08700000000000001
3578.782554,0.067
3578.9805539999998,0.052000000000000005
3579.178704,0.111
3579.376604,0.047
3579.574604,0.105
3579.772854,0.044
3579.9706039999996,0.041
3580.168604,0.051000000000000004
3580.3667539999997,0.026000000000000002
3580.5646039999997,0.076
3580.763454,0.058
3580.960604,0.037
3581.158754,0.092
3581.356754,0.023
3581.555004,0.037
3581.752854,0.017
3581.9508539999997,0.075
3582.149404,0.088
3582.3467539999997,0.013000000000000001
3582.544754,0.024
3582.7428539999996,0.07200000000000001
3582.940854,0.066
3583.1390039999997,0.016
3583.336804,0.013000000000000001
3583.534804,0.062
3583.733054,0.058
3583.9315039999997,0.011
3584.129054,0.08
3584.326804,0.081
3584.5250039999996,0.107
3584.723054,0.07
3584.921054,0.026000000000000002
3585.119054,0.11900000000000001
3585.317704,0.012
3585.515054,0.011
3585.713054,0.099
3585.9110539999997,0.064
3586.109054,0.055
3586.307054,0.041
3586.504854,0.022
3586.7030539999996,0.034
3586.901104,0.062
3587.0992039999996,0.089
3587.2971039999998,0.075
3587.495254,0.056
3587.693104,0.059000000000000004
3587.891104,0.029
3588.286554,0.035
3588.4843539999997,0.023
3588.682354,0.056
3588.880354,0.03
3589.0783539999998,0.028
3589.2766039999997,0.066
3589.474354,0.105
3589.672404,0.034
3589.870404,0.056
3590.0684039999996,0.038
3590.266604,0.025
3590.464404,0.013000000000000001
3590.6626539999997,0.048
3590.8606539999996,0.006
3591.058404,0.056
3591.2566039999997,0.035
3591.454604,0.058
3591.652404,0.112
3591.850654,0.14300000000000002
3592.0484539999998,0.11
3592.246654,0.067
3592.444654,0.07
3592.6426539999998,0.055
3592.8406539999996,0.077
3593.038654,0.115
3593.236654,0.034
3593.4346539999997,0.028
3593.632804,0.007
3593.830704,0.021
3594.028704,0.062
3594.2267039999997,0.055
3594.424704,0.025
3594.622704,0.023
3594.820854,0.015
3595.0187039999996,0.04
3595.216854,0.029
3595.414704,0.088
3595.6127039999997,0.085
3595.810854,0.06
3596.008754,0.053
3596.2069039999997,0.052000000000000005
3596.404904,0.017
3596.6028539999998,0.053
3596.8008539999996,0.083
3596.998904,0.07
3597.196904,0.063
3597.3949039999998,0.096
3597.592754,0.021
3597.791554,0.07
3597.988904,0.13
3598.187054,0.065
3598.384904,0.085
3598.582904,0.012
3598.7809039999997,0.07100000000000001
3598.978904,0.007
3599.1777039999997,0.101
3599.374954,0.136
3599.5731539999997,0.035
3599.7709539999996,0.042
3599.968954,0.053
3600.167204,0.046
3600.365104,0.031
3600.562954,0.064
3600.761154,0.02
3600.9596039999997,0.044
3601.157104,0.026000000000000002
3601.3551039999998,0.032
3601.553004,0.062
3601.7512039999997,0.042
3601.949204,0.027
3602.147204,0.08700000000000001
3602.345754,0.094
3602.543354,0.03
3602.741204,0.062
3602.939204,0.054
3603.137154,0.02
3603.335154,0.029
3603.5331539999997,0.089
3603.7314039999997,0.131
3603.9292539999997,0.04
3604.127404,0.079
3604.3251539999997,0.077
3604.523154,0.082
3604.721354,0.012
3604.919254,0.029
3605.1174039999996,0.068
3605.315204,0.101
3605.5140539999998,0.124
3605.7114039999997,0.068
3605.909404,0.03
3606.107404,0.126
3606.3054039999997,0.058
3606.5032039999996,0.012
3606.701404,0.075
3606.899404,0.037
3607.0974539999997,0.073
3607.295454,0.194
3607.493454,0.094
3607.691454,0.076
3608.086704,0.101
3608.2847039999997,0.08700000000000001
3608.482704,0.039
3608.680704,0.084
3608.8787039999997,0.054
3609.076704,0.029
3609.274954,0.04
3609.472704,0.05
3609.6707039999997,0.025
3609.8687539999996,0.037
3610.066754,0.077
3610.2649539999998,0.036000000000000004
3610.4627539999997,0.094
3610.661004,0.021
3610.858754,0.036000000000000004
3611.0567539999997,0.044
3611.254954,0.039
3611.452954,0.015
3611.651004,0.055
3611.8490039999997,0.037
3612.046754,0.048
3612.245004,0.054
3612.4430039999997,0.07
3612.6410039999996,0.044
3612.839004,0.08600000000000001
3613.037004,0.022
3613.2350039999997,0.049
3613.433004,0.025
3613.6311539999997,0.038
3613.8290039999997,0.058
3614.0270539999997,0.096
3614.225054,0.037
3614.423054,0.093
3614.621204,0.028
3614.819054,0.052000000000000005
3615.017054,0.061
3615.2152039999996,0.08
3615.4130539999996,0.113
3615.611204,0.025
3615.8092039999997,0.043000000000000003
3616.0070539999997,0.051000000000000004
3616.205854,0.036000000000000004
3616.403054,0.033
3616.6012539999997,0.067
3616.799204,0.038
3616.997204,0.089
3617.1952539999997,0.04
3617.3932539999996,0.019
3617.591254,0.057
3617.789254,0.06
3617.9879039999996,0.093
3618.185254,0.07
3618.383254,0.011
3618.5812539999997,0.021
3618.779254,0.056
3618.977254,0.041
3619.1754039999996,0.03
3619.3739539999997,0.108
3619.571504,0.057
3619.769304,0.097
3619.967304,0.082
3620.165454,0.016
3620.363454,0.03
3620.561504,0.105
3620.7595039999997,0.096
3620.957304,0.122
3621.1554539999997,0.075
3621.353454,0.076
3621.5515539999997,0.034
3621.749554,0.063
3621.947354,0.048
3622.1455039999996,0.032
3622.343504,0.049
3622.5423539999997,0.059000000000000004
3622.7395539999998,0.014
3622.9375539999996,0.07200000000000001
3623.1354539999998,0.021
3623.3335039999997,0.08700000000000001
3623.531704,0.036000000000000004
3623.7296039999997,0.035
3623.927604,0.094
3624.1255039999996,0.129
3624.323504,0.058
3624.521754,0.042
3624.7197539999997,0.043000000000000003
3624.9176039999998,0.027
3625.115754,0.08700000000000001
3625.3135039999997,0.021
3625.5117539999997,0.027
3625.710404,0.029
3625.907604,0.007
3626.1057539999997,0.043000000000000003
3626.303754,0.07100000000000001
3626.501754,0.05
3626.6997539999998,0.036000000000000004
3626.8977539999996,0.009000000000000001
3627.096404,0.046
3627.293804,0.052000000000000005
3627.491804,0.04
3627.887054,0.096
3628.0850539999997,0.047
3628.283054,0.078
3628.481054,0.094
3628.6790539999997,0.093
3628.8771039999997,0.051000000000000004
3629.075054,0.018000000000000002
3629.273054,0.08
3629.4710539999996,0.05
3629.669054,0.027
3629.867054,0.014
3630.065104,0.047
3630.263304,0.031
3630.461104,0.073
3630.659304,0.09
3630.8571039999997,0.068
3631.055104,0.10300000000000001
3631.253354,0.012
3631.4511039999998,0.028
3631.649304,0.021
3631.847354,0.059000000000000004
3632.045104,0.035
3632.2433539999997,0.023
3632.441354,0.08600000000000001
3632.639354,0.014
3632.837354,0.016
3633.0351539999997,0.019
3633.233354,0.047
3633.431354,0.03
3633.629504,0.058
3633.827354,0.058
3634.025404,0.074
3634.2233539999997,0.051000000000000004
3634.421554,0.078
3634.619554,0.021
3634.817404,0.076
3635.016154,0.07100000000000001
3635.2134039999996,0.10300000000000001
3635.411404,0.041
3635.6095539999997,0.117
3635.807554,0.106
3636.005404,0.014
3636.203604,0.035
3636.4014039999997,0.012
3636.599604,0.08
3636.797604,0.076
3636.995404,0.011
3637.193554,0.062
3637.391804,0.08600000000000001
3637.589604,0.063
3637.7876039999996,0.018000000000000002
3637.985754,0.028
3638.183604,0.013000000000000001
3638.3816039999997,0.01
3638.579604,0.089
3638.777604,0.079
3638.9756039999997,0.068
3639.173754,0.105
3639.371604,0.051000000000000004
3639.570504,0.035
3639.7676539999998,0.051000000000000004
3639.9656539999996,0.091
3640.163804,0.044
3640.361904,0.05
3640.5599039999997,0.007
3640.757654,0.029
3640.9558039999997,0.074
3641.153804,0.062
3641.351804,0.112
3641.549904,0.011
3641.747904,0.081
3641.9457039999998,0.064
3642.143804,0.027
3642.341854,0.046
3642.5399039999998,0.085
3642.738554,0.067
3642.935904,0.042
3643.133804,0.075
3643.332054,0.078
3643.530054,0.039
3643.727954,0.076
3643.926054,0.034
3644.124504,0.029
3644.321854,0.056
3644.5201039999997,0.015
3644.7179539999997,0.036000000000000004
3644.916104,0.14100000000000001
3645.1140539999997,0.03
3645.311854,0.045
3645.510104,0.047
3645.708104,0.023
3645.906604,0.017
3646.104104,0.027
3646.302104,0.054
3646.5001039999997,0.07200000000000001
3646.698104,0.084
3646.8962539999998,0.048
3647.094104,0.045
3647.292904,0.02
3647.687404,0.02
3647.8854039999997,0.012
3648.083404,0.042
3648.281404,0.08700000000000001
3648.4796039999997,0.034
3648.677404,0.038
3648.875404,0.056
3649.073654,0.027
3649.2714039999996,0.08700000000000001
3649.469654,0.07100000000000001
3649.667404,0.01
3649.8654039999997,0.088
3650.063654,0.06
3650.261454,0.053
3650.459454,0.031
3650.6576539999996,0.019
3650.855454,0.098
3651.053454,0.106
3651.251704,0.108
3651.4497039999997,0.07
3651.647654,0.005
3651.845454,0.005
3652.043654,0.062
3652.241704,0.138
3652.4398539999997,0.052000000000000005
3652.6377039999998,0.136
3652.8357039999996,0.08700000000000001
3653.033704,0.068
3653.231704,0.02
3653.430504,0.052000000000000005
3653.627704,0.057
3653.825704,0.08
3654.023504,0.073
3654.221704,0.075
3654.419904,0.036000000000000004
3654.6179039999997,0.01
3654.8157539999997,0.026000000000000002
3655.013904,0.023
3655.211754,0.033
3655.4099039999996,0.073
3655.607904,0.041
3655.805754,0.036000000000000004
3656.0039039999997,0.005
3656.201904,0.076
3656.399754,0.077
3656.5985539999997,0.043000000000000003
3656.7959539999997,0.10300000000000001
3656.993954,0.101
3657.191954,0.057
3657.389754,0.073
3657.5879539999996,0.013000000000000001
3657.785954,0.021
3657.983954,0.073
3658.1819539999997,0.047
3658.380204,0.07200000000000001
3658.577954,0.051000000000000004
3658.7759539999997,0.019
3658.974104,0.064
3659.171954,0.1
3659.370204,0.01
3659.5679539999996,0.065
3659.766604,0.056
3659.9641039999997,0.032
3660.1621539999996,0.019
3660.3602039999996,0.029
3660.558254,0.07
3660.756004,0.101
3660.954154,0.092
3661.1527539999997,0.098
3661.350204,0.067
3661.548254,0.079
3661.7462539999997,0.056
3661.944154,0.088
3662.1421539999997,0.052000000000000005
3662.340154,0.081
3662.538254,0.069
3662.736254,0.034
3662.9346539999997,0.105
3663.132154,0.058
3663.330404,0.042
3663.5284039999997,0.024
3663.7262539999997,0.048
3663.924404,0.07100000000000001
3664.122204,0.021
3664.3211039999997,0.043000000000000003
3664.518454,0.023
3664.716304,0.044
3664.9144539999998,0.032
3665.112204,0.034
3665.310204,0.031
3665.508454,0.046
3665.7064539999997,0.058
3665.904454,0.015
3666.102454,0.037
3666.3004539999997,0.037
3666.498454,0.024
3666.696454,0.065
3666.8944539999998,0.031
3667.289754,0.053
3667.6857539999996,0.076
3667.883754,0.08
3668.081754,0.046
3668.2797539999997,0.047
3668.477754,0.1
3668.675754,0.044
3668.8737539999997,0.042
3669.0720039999997,0.088
3669.269804,0.075
3669.468004,0.026000000000000002
3669.6657539999997,0.029
3669.863754,0.042
3670.062004,0.064
3670.2597539999997,0.058
3670.4580039999996,0.074
3670.655804,0.039
3670.853804,0.076
3671.0520039999997,0.029
3671.250004,0.039
3671.448054,0.067
3671.646054,0.029
3671.8438039999996,0.036000000000000004
3672.042004,0.056
3672.2400039999998,0.11
3672.4380539999997,0.024
3672.636054,0.077
3672.834054,0.074
3673.032054,0.049
3673.2300539999997,0.051000000000000004
3673.428854,0.006
3673.626054,0.07200000000000001
3673.8240539999997,0.025
3674.022054,0.056
3674.2202039999997,0.02
3674.4182539999997,0.053
3674.616254,0.038
3674.814104,0.055
3675.0122539999998,0.079
3675.210104,0.1
3675.408254,0.083
3675.606254,0.08600000000000001
3675.804104,0.078
3676.002254,0.078
3676.200104,0.038
3676.3982539999997,0.112
3676.596904,0.138
3676.794304,0.08700000000000001
3676.992304,0.019
3677.1903039999997,0.058
3677.3883039999996,0.054
3677.586304,0.029
3677.784304,0.044
3677.9823039999997,0.015
3678.180304,0.043000000000000003
3678.378554,0.032
3678.5763039999997,0.056
3678.774304,0.031
3678.9724539999997,0.076
3679.170554,0.101
3679.3685539999997,0.084
3679.566304,0.073
3679.7649539999998,0.023
3679.962454,0.039
3680.160704,0.033
3680.358554,0.021
3680.556604,0.03
3680.7543539999997,0.051000000000000004
3680.952504,0.059000000000000004
3681.1513539999996,0.049
3681.3485539999997,0.063
3681.546554,0.042
3681.744354,0.054
3681.9425039999996,0.044
3682.140754,0.047
3682.338754,0.07
3682.536604,0.043000000000000003
3682.7346039999998,0.095
3682.933154,0.193
3683.130754,0.062
3683.3287539999997,0.08
3683.5266039999997,0.053
3683.724604,0.066
3683.9227539999997,0.023
3684.120754,0.056
3684.319454,0.028
3684.516804,0.059000000000000004
3684.714654,0.074
3684.912804,0.014
3685.110804,0.075
3685.308804,0.06
3685.5068039999996,0.026000000000000002
3685.7046539999997,0.045
3685.902804,0.077
3686.100954,0.005
3686.298804,0.027
3686.496804,0.101
3686.6948039999997,0.076
3686.8928039999996,0.064
3687.2881039999997,0.036000000000000004
3687.4861039999996,0.054
3687.684104,0.021
3687.8823039999997,0.069
3688.0801039999997,0.053
3688.278304,0.089
3688.476104,0.043000000000000003
3688.6741039999997,0.003
3688.872104,0.016
3689.070104,0.027
3689.268354,0.048
3689.4661539999997,0.056
3689.664104,0.023
3689.862354,0.082
3690.0603539999997,0.025
3690.258354,0.07
3690.456354,0.025
3690.654154,0.106
3690.8523539999997,0.026000000000000002
3691.050354,0.03
3691.248404,0.089
3691.446404,0.116
3691.6444039999997,0.14100000000000001
3691.842404,0.152
3692.0403539999998,0.081
3692.2383539999996,0.067
3692.436404,0.116
3692.634404,0.08
3692.832204,0.034
3693.0304039999996,0.041
3693.228554,0.013000000000000001
3693.4265539999997,0.045
3693.6244039999997,0.067
3693.822554,0.02
3694.020404,0.056
3694.218554,0.049
3694.416604,0.066
3694.614454,0.039
3694.812454,0.034
3695.0104539999998,0.021
3695.208604,0.07200000000000001
3695.406604,0.009000000000000001
3695.6046039999997,0.037
3695.8024539999997,0.041
3696.000604,0.036000000000000004
3696.1986039999997,0.052000000000000005
3696.396604,0.016
3696.594604,0.068
3696.7932539999997,0.137
3696.9906539999997,0.019
3697.188854,0.075
3697.386654,0.024
3697.584654,0.054
3697.7826539999996,0.039
3697.980654,0.025
3698.1795039999997,0.05
3698.3766539999997,0.128
3698.574654,0.107
3698.772654,0.013000000000000001
3698.970804,0.14100000000000001
3699.1689039999997,0.045
3699.366904,0.065
3699.564654,0.048
3699.762804,0.127
3699.961454,0.016
3700.158904,0.031
3700.3569039999998,0.109
3700.5547039999997,0.052000000000000005
3700.752854,0.033
3700.9508539999997,0.007
3701.1491039999996,0.032
3701.347554,0.013000000000000001
3701.544904,0.022
3701.742704,0.055
3701.940854,0.125
3702.1390539999998,0.067
3702.336954,0.031
3702.5349539999997,0.052000000000000005
3702.733104,0.031
3702.930904,0.057
3703.1291039999996,0.068
3703.327104,0.03
3703.524954,0.091
3703.722954,0.032
3703.9209039999996,0.027
3704.119104,0.035
3704.3171039999997,0.04
3704.515754,0.034
3704.7130039999997,0.032
3704.911154,0.031
3705.1091539999998,0.096
3705.3071539999996,0.06
3705.505154,0.08600000000000001
3705.703154,0.04
3705.9011539999997,0.043000000000000003
3706.099154,0.127
3706.297154,0.046
3706.4951539999997,0.039
3706.6932039999997,0.046
3707.0884039999996,0.076
3707.286454,0.07100000000000001
3707.484454,0.157
3707.682454,0.145
3707.8804539999996,0.075
3708.078454,0.027
3708.276654,0.08
3708.4744539999997,0.076
3708.672454,0.042
3708.870654,0.068
3709.0684539999997,0.038
3709.2667039999997,0.054
3709.464504,0.092
3709.662504,0.07200000000000001
3709.8604539999997,0.021
3710.058704,0.07100000000000001
3710.256704,0.032
3710.4547039999998,0.041
3710.6525039999997,0.045
3710.850504,0.027
3711.048704,0.08
3711.246754,0.03
3711.4447539999996,0.06
3711.642504,0.059000000000000004
3711.840754,0.05
3712.0387539999997,0.04
3712.236904,0.028
3712.434754,0.028
3712.6327539999997,0.098
3712.8305539999997,0.035
3713.028754,0.039
3713.2269039999996,0.036000000000000004
3713.4247539999997,0.029
3713.622754,0.069
3713.8215539999997,0.085
3714.0187539999997,0.015
3714.216904,0.07200000000000001
3714.4149039999998,0.098
3714.612804,0.048
3714.810954,0.054
3715.008804,0.012
3715.2076039999997,0.057
3715.4049539999996,0.043000000000000003
3715.602954,0.113
3715.800954,0.029
3715.9989539999997,0.035
3716.196954,0.049
3716.394954,0.1
3716.5929539999997,0.076
3716.7908039999998,0.017
3716.989604,0.048
3717.187004,0.065
3717.3850039999998,0.023
3717.5830039999996,0.06
3717.781154,0.042
3717.979004,0.065
3718.1772039999996,0.037
3718.375654,0.036000000000000004
3718.573004,0.042
3718.7710039999997,0.05
3718.969004,0.017
3719.167254,0.069
3719.365254,0.025
3719.5630039999996,0.057
3719.761154,0.109
3719.959254,0.032
3720.1572539999997,0.121
3720.3552539999996,0.022
3720.553054,0.088
3720.7512039999997,0.063
3720.949204,0.039
3721.1473039999996,0.022
3721.345304,0.08
3721.5439039999997,0.008
3721.741204,0.07100000000000001
3721.939204,0.062
3722.1374039999996,0.068
3722.3353039999997,0.063
3722.533304,0.053
3722.7312039999997,0.053
3722.9292539999997,0.067
3723.127454,0.036000000000000004
3723.325454,0.063
3723.523304,0.054
3723.721454,0.077
3723.919254,0.023
3724.1174539999997,0.018000000000000002
3724.315454,0.041
3724.5133539999997,0.042
3724.712154,0.045
3724.9095039999997,0.011
3725.1075039999996,0.035
3725.305504,0.036000000000000004
3725.503504,0.043000000000000003
3725.7015039999997,0.045
3725.899504,0.039
3726.098154,0.065
3726.2955039999997,0.032
3726.493504,0.08700000000000001
3726.691504,0.041
3727.086754,0.029
3727.284754,0.041
3727.4828039999998,0.027
3727.6808039999996,0.126
3727.878804,0.067
3728.076804,0.039
3728.2748039999997,0.036000000000000004
3728.472804,0.07200000000000001
3728.670804,0.07
3728.8690039999997,0.07100000000000001
3729.066804,0.094
3729.265054,0.059000000000000004
3729.462804,0.032
3729.6608539999997,0.025
3729.859054,0.052000000000000005
3730.056804,0.093
3730.2550539999997,0.035
3730.452804,0.034
3730.650804,0.056
3730.849054,0.008
3731.0470539999997,0.02
3731.245054,0.046
3731.443104,0.006
3731.6408539999998,0.031
3731.8391039999997,0.055
3732.037104,0.049
3732.235104,0.002
3732.4330539999996,0.046
3732.631104,0.03
3732.829104,0.05
3733.027104,0.049
3733.225254,0.066
3733.423104,0.029
3733.621104,0.023
3733.8191039999997,0.015
3734.017104,0.02
3734.2152539999997,0.038
3734.413254,0.063
3734.6111039999996,0.053
3734.809304,0.048
3735.007154,0.075
3735.2053039999996,0.068
3735.403954,0.034
3735.601154,0.068
3735.7993039999997,0.026000000000000002
3735.9971539999997,0.043000000000000003
3736.195304,0.21
3736.3933039999997,0.053
3736.591304,0.098
3736.789304,0.039
3736.987354,0.015
3737.1853539999997,0.046
3737.383354,0.05
3737.581354,0.122
3737.779354,0.075
3737.9773539999997,0.10400000000000001
3738.175554,0.112
3738.373354,0.012
3738.5720039999997,0.037
3738.769504,0.07200000000000001
3738.967354,0.031
3739.165604,0.096
3739.3633539999996,0.064
3739.561354,0.084
3739.7595039999997,0.08600000000000001
3739.957754,0.096
3740.155604,0.064
3740.353604,0.038
3740.551504,0.019
3740.749554,0.069
3740.947554,0.042
3741.145654,0.116
3741.343654,0.01
3741.541554,0.031
3741.7401539999996,0.036000000000000004
3741.9375539999996,0.009000000000000001
3742.135754,0.074
3742.333654,0.096
3742.531654,0.048
3742.729554,0.082
3742.927804,0.068
3743.1264539999997,0.039
3743.323654,0.025
3743.521804,0.021
3743.719804,0.075
3743.9175539999997,0.03
3744.115804,0.044
3744.313804,0.044
3744.511704,0.011
3744.7098539999997,0.022
3744.908254,0.049
3745.105854,0.049
3745.303854,0.049
3745.5018539999996,0.062
3745.699854,0.109
3745.8980039999997,0.014
3746.0958539999997,0.083
3746.294504,0.05
3746.689104,0.048
3747.085104,0.041
3747.2831039999996,0.079
3747.4811539999996,0.061
3747.679154,0.059000000000000004
3747.877154,0.038
3748.0751539999997,0.024
3748.273154,0.084
3748.471154,0.064
3748.6691539999997,0.006
3748.867154,0.039
3749.065354,0.055
3749.2631539999998,0.033
3749.4611539999996,0.032
3749.659404,0.018000000000000002
3749.857404,0.027
3750.055204,0.009000000000000001
3750.253404,0.04
3750.451154,0.112
3750.6491539999997,0.047
3750.8474039999996,0.044
3751.045554,0.05
3751.243404,0.085
3751.4414039999997,0.049
3751.6392039999996,0.008
3751.837454,0.064
3752.0356039999997,0.069
3752.2334539999997,0.11
3752.431454,0.055
3752.629454,0.073
3752.8274039999997,0.049
3753.0254539999996,0.059000000000000004
3753.223604,0.053
3753.421454,0.093
3753.6196539999996,0.14400000000000002
3753.817454,0.081
3754.015454,0.053
3754.213604,0.079
3754.411454,0.076
3754.609454,0.147
3754.8076539999997,0.046
3755.005654,0.039
3755.203654,0.07100000000000001
3755.4023039999997,0.08700000000000001
3755.5996539999996,0.115
3755.797654,0.029
3755.995504,0.044
3756.1936539999997,0.034
3756.391654,0.044
3756.589504,0.037
3756.7876539999997,0.023
3756.9859039999997,0.019
3757.183704,0.096
3757.381704,0.069
3757.5798539999996,0.027
3757.7777039999996,0.042
3757.975904,0.056
3758.173704,0.035
3758.3717039999997,0.069
3758.5704539999997,0.056
3758.7678539999997,0.08
3758.965954,0.106
3759.1639539999996,0.074
3759.361704,0.064
3759.559704,0.024
3759.757854,0.065
3759.955704,0.126
3760.153954,0.129
3760.351754,0.12
3760.5497539999997,0.07
3760.747904,0.009000000000000001
3760.9461039999997,0.02
3761.1440039999998,0.025
3761.3420039999996,0.013000000000000001
3761.5399039999998,0.081
3761.738554,0.116
3761.935904,0.057
3762.134004,0.015
3762.332004,0.067
3762.5300039999997,0.064
3762.727904,0.088
3762.9259039999997,0.129
3763.124804,0.011
3763.3220039999997,0.027
3763.520004,0.042
3763.7179539999997,0.07
3763.916154,0.043000000000000003
3764.114154,0.114
3764.3121539999997,0.036000000000000004
3764.510154,0.135
3764.708154,0.082
3764.906604,0.069
3765.1042039999998,0.057
3765.3022039999996,0.13
3765.500204,0.07100000000000001
3765.698204,0.043000000000000003
3765.8962039999997,0.066
3766.094204,0.016
3766.292854,0.017
3766.687454,0.049
3766.8854539999998,0.084
3767.0834539999996,0.059000000000000004
3767.281454,0.017
3767.479454,0.041
3767.6775039999998,0.084
3767.8755039999996,0.043000000000000003
3768.073704,0.039
3768.271504,0.08700000000000001
3768.4695039999997,0.059000000000000004
3768.667704,0.063
3768.865504,0.041
3769.0637039999997,0.078
3769.2615039999996,0.069
3769.459504,0.105
3769.657504,0.015
3769.8557539999997,0.068
3770.053754,0.113
3770.251754,0.133
3770.4495039999997,0.064
3770.6477539999996,0.14100000000000001
3770.845754,0.075
3771.043554,0.049
3771.2417539999997,0.098
3771.439554,0.031
3771.637754,0.013000000000000001
3771.8357539999997,0.033
3772.033954,0.005
3772.231804,0.139
3772.429804,0.064
3772.6278039999997,0.015
3772.8258039999996,0.023
3773.023954,0.052000000000000005
3773.221804,0.053
3773.4198039999997,0.07
3773.617954,0.066
3773.815804,0.106
3774.0140039999997,0.057
3774.212004,0.056
3774.409804,0.105
3774.6079539999996,0.026000000000000002
3774.8058039999996,0.046
3775.004004,0.082
3775.2020039999998,0.034
3775.399854,0.017
3775.598654,0.11800000000000001
3775.796004,0.105
3775.9940039999997,0.062
3776.192004,0.10200000000000001
3776.390004,0.047
3776.5880039999997,0.096
3776.786004,0.017
3776.984004,0.032
3777.182054,0.032
3777.3800539999997,0.107
3777.578204,0.068
3777.776054,0.042
3777.9742539999997,0.063
3778.1720539999997,0.043000000000000003
3778.370054,0.05
3778.5682039999997,0.035
3778.7667039999997,0.07
3778.9643039999996,0.033
3779.162304,0.024
3779.360104,0.053
3779.558204,0.032
3779.756254,0.132
3779.954054,0.145
3780.1529539999997,0.109
3780.350054,0.08600000000000001
3780.548104,0.029
3780.746204,0.04
3780.944454,0.069
3781.1423539999996,0.073
3781.340354,0.063
3781.538254,0.099
3781.736254,0.02
3781.9351039999997,0.023
3782.1323039999997,0.044
3782.3303539999997,0.051000000000000004
3782.528254,0.099
3782.7262539999997,0.026000000000000002
3782.9245039999996,0.097
3783.122504,0.069
3783.321004,0.019
3783.5185039999997,0.064
3783.716304,0.161
3783.914504,0.08
3784.1125039999997,0.099
3784.3103539999997,0.007
3784.508504,0.127
3784.7065039999998,0.019
3784.9045539999997,0.062
3785.102554,0.068
3785.300554,0.046
3785.498554,0.132
3785.6965539999997,0.076
3785.894554,0.021
3786.289804,0.133
3786.488054,0.127
3786.6858039999997,0.08600000000000001
3786.883804,0.017
3787.081804,0.045
3787.279804,0.03
3787.4778039999997,0.028
3787.6758539999996,0.013000000000000001
3787.873854,0.085
3788.071854,0.045
3788.2698539999997,0.108
3788.467854,0.106
3788.666104,0.031
3788.8638539999997,0.035
3789.062054,0.035
3789.259854,0.045
3789.4578539999998,0.055
3789.656054,0.03
3789.8539039999996,0.044
3790.052104,0.082
3790.249904,0.049
3790.4479039999997,0.046
3790.646104,0.052000000000000005
3790.844104,0.011
3791.0421039999997,0.065
3791.240104,0.025
3791.437904,0.08700000000000001
3791.6361039999997,0.095
3791.834104,0.121
3792.032154,0.01
3792.230154,0.055
3792.4281539999997,0.01
3792.626154,0.037
3792.8243039999998,0.051000000000000004
3793.0223039999996,0.11
3793.2201539999996,0.076
3793.418304,0.12
3793.616154,0.073
3793.8141539999997,0.009000000000000001
3794.012354,0.013000000000000001
3794.210354,0.064
3794.4081539999997,0.01
3794.606304,0.043000000000000003
3794.804154,0.032
3795.0023539999997,0.025
3795.2003539999996,0.07100000000000001
3795.3982039999996,0.059000000000000004
3795.596354,0.04
3795.7952539999997,0.099
3795.992354,0.03
3796.190354,0.069
3796.388504,0.032
3796.586354,0.035
3796.784354,0.05
3796.9823539999998,0.084
3797.1810539999997,0.02
3797.378404,0.021
3797.576404,0.093
3797.774404,0.037
3797.9726539999997,0.062
3798.170404,0.088
3798.368404,0.032
3798.566554,0.012
3798.764604,0.105
3798.963254,0.03
3799.1604039999997,0.083
3799.358554,0.093
3799.556554,0.107
3799.7548039999997,0.068
3799.9526539999997,0.07100000000000001
3800.150654,0.048
3800.349054,0.075
3800.546554,0.043000000000000003
3800.744554,0.065
3800.942654,0.032
3801.140704,0.021
3801.338704,0.034
3801.536604,0.05
3801.734854,0.08700000000000001
3801.9328539999997,0.037
3802.1307039999997,0.06
3802.328704,0.049
3802.5266039999997,0.044
3802.724604,0.031
3802.922904,0.07200000000000001
3803.120704,0.137
3803.3188539999996,0.024
3803.517504,0.032
3803.714654,0.028
3803.9128539999997,0.11800000000000001
3804.110854,0.052000000000000005
3804.308704,0.051000000000000004
3804.5068539999997,0.085
3804.7048539999996,0.083
3804.902854,0.079
3805.100904,0.035
3805.299004,0.063
3805.4969039999996,0.123
3805.694904,0.073
3805.892904,0.044
3806.288154,0.018000000000000002
3806.4861539999997,0.043000000000000003
3806.684154,0.039
3806.882154,0.053
3807.0801539999998,0.109
3807.2781539999996,0.082
3807.476154,0.044
3807.674204,0.057
3807.8724039999997,0.051000000000000004
3808.0702039999996,0.106
3808.268204,0.084
3808.466404,0.154
3808.6642039999997,0.043000000000000003
3808.862204,0.035
3809.060404,0.018000000000000002
3809.2582039999998,0.088
3809.4562039999996,0.052000000000000005
3809.654404,0.015
3809.852204,0.04
3810.0504539999997,0.044
3810.2482539999996,0.062
3810.446454,0.033
3810.6444539999998,0.059000000000000004
3810.8424539999996,0.038
3811.040454,0.023
3811.238454,0.053
3811.4364539999997,0.028
3811.634454,0.034
3811.832454,0.068
3812.030504,0.096
3812.2285039999997,0.078
3812.426254,0.063
3812.624504,0.042
3812.8225039999998,0.063
3813.020654,0.039
3813.218504,0.069
3813.416504,0.051000000000000004
3813.6145039999997,0.057
3813.812654,0.065
3814.010704,0.08600000000000001
3814.208554,0.074
3814.406704,0.082
3814.604704,0.026000000000000002
3814.8025039999998,0.041
3815.000704,0.037
3815.198704,0.076
3815.396554,0.067
3815.5947039999996,0.082
3815.7925539999997,0.07
3815.991354,0.032
3816.1887039999997,0.08
3816.386704,0.033
3816.584704,0.027
3816.782954,0.029
3816.9807039999996,0.025
3817.178704,0.009000000000000001
3817.377504,0.031
3817.5747539999998,0.08700000000000001
3817.7727539999996,0.021
3817.970754,0.07200000000000001
3818.168754,0.046
3818.3667539999997,0.012
3818.564904,0.052000000000000005
3818.762954,0.039
3818.9609539999997,0.082
3819.158754,0.037
3819.356754,0.031
3819.5549039999996,0.063
3819.7530039999997,0.078
3819.951004,0.076
3820.149004,0.08700000000000001
3820.346904,0.059000000000000004
3820.545554,0.032
3820.7429039999997,0.002
3820.941004,0.062
3821.1390039999997,0.023
3821.336804,0.053
3821.5349539999997,0.06
3821.7329539999996,0.051000000000000004
3821.931204,0.078
3822.129054,0.04
3822.327054,0.068
3822.524954,0.07
3822.723204,0.08700000000000001
3822.9212039999998,0.029
3823.119054,0.052000000000000005
3823.317204,0.065
3823.515004,0.051000000000000004
3823.7138539999996,0.076
3823.911204,0.02
3824.109204,0.063
3824.3072039999997,0.039
3824.505204,0.027
3824.703204,0.037
3824.901204,0.059000000000000004
3825.0999039999997,0.052000000000000005
3825.297354,0.041
3825.495254,0.051000000000000004
3825.693254,0.017
3826.088504,0.094
3826.2865039999997,0.065
3826.484504,0.002
3826.682554,0.052000000000000005
3826.8805039999997,0.036000000000000004
3827.0785039999996,0.063
3827.276504,0.08700000000000001
3827.474754,0.047
3827.6725039999997,0.045
3827.870754,0.043000000000000003
3828.068554,0.062
3828.266554,0.021
3828.4647539999996,0.056
3828.662554,0.091
3828.860804,0.041
3829.0585539999997,0.107
3829.256554,0.083
3829.454754,0.14200000000000002
3829.6527539999997,0.056
3829.8508039999997,0.012
3830.048804,0.058
3830.246604,0.026000000000000002
3830.4448039999997,0.034
3830.6428039999996,0.026000000000000002
3830.840804,0.045
3831.038804,0.08600000000000001
3831.2366039999997,0.011
3831.434804,0.02
3831.632804,0.019
3831.8310039999997,0.021
3832.0288539999997,0.056
3832.226854,0.062
3832.424854,0.048
3832.6228539999997,0.014
3832.820854,0.031
3833.018854,0.053
3833.216854,0.065
3833.415004,0.024
3833.612854,0.037
3833.8110039999997,0.018000000000000002
3834.0090539999997,0.035
3834.207054,0.038
3834.4056539999997,0.027
3834.6028539999998,0.08700000000000001
3834.801054,0.116
3834.999004,0.034
3835.197154,0.026000000000000002
3835.3950539999996,0.048
3835.593054,0.005
3835.791054,0.037
3835.9890539999997,0.052000000000000005
3836.187054,0.035
3836.385054,0.024
3836.5830539999997,0.029
3836.781054,0.069
3836.979054,0.066
3837.1772039999996,0.064
3837.375204,0.029
3837.573754,0.015
3837.771304,0.009000000000000001
3837.969104,0.056
3838.167254,0.037
3838.365254,0.067
3838.563104,0.016
3838.7613039999997,0.017
3838.959304,0.096
3839.1572539999997,0.036000000000000004
3839.3552539999996,0.013000000000000001
3839.553254,0.097
3839.751354,0.057
3839.949354,0.074
3840.1473039999996,0.061
3840.345304,0.058
3840.5432539999997,0.036000000000000004
3840.742154,0.028
3840.9393539999996,0.054
3841.137504,0.089
3841.3353039999997,0.018000000000000002
3841.533304,0.014
3841.731554,0.051000000000000004
3841.929404,0.034
3842.128154,0.127
3842.325304,0.082
3842.523304,0.124
3842.7215539999997,0.05
3842.9195539999996,0.074
3843.117554,0.014
3843.315554,0.04
3843.5133539999997,0.039
3843.711554,0.057
3843.910204,0.007
3844.1075539999997,0.016
3844.305554,0.022
3844.503554,0.003
3844.7015539999998,0.031
3844.8995539999996,0.168
3845.097604,0.047
3845.296254,0.039
3845.4937539999996,0.082
3845.6916039999996,0.045
3846.0868539999997,0.112
3846.285054,0.048
3846.482854,0.101
3846.680904,0.067
3846.8789039999997,0.129
3847.076854,0.057
3847.275104,0.056
3847.4728539999996,0.041
3847.670854,0.041
3847.868904,0.12
3848.066904,0.02
3848.2651039999996,0.034
3848.463104,0.11900000000000001
3848.661154,0.088
3848.8591539999998,0.081
3849.056904,0.038
3849.255154,0.016
3849.453154,0.068
3849.6509039999996,0.051000000000000004
3849.849154,0.07200000000000001
3850.047154,0.061
3850.2451539999997,0.067
3850.443154,0.048
3850.641154,0.032
3850.839154,0.036000000000000004
3851.0371539999996,0.11
3851.235154,0.092
3851.433154,0.068
3851.631304,0.045
3851.8292039999997,0.014
3852.027204,0.124
3852.2253539999997,0.079
3852.4232039999997,0.111
3852.621204,0.035
3852.8193539999997,0.079
3853.0172039999998,0.022
3853.215354,0.053
3853.413204,0.073
3853.611204,0.073
3853.809354,0.022
3854.007404,0.004
3854.205404,0.11800000000000001
3854.4034039999997,0.043000000000000003
3854.602004,0.074
3854.799404,0.037
3854.9974039999997,0.038
3855.1954039999996,0.027
3855.393404,0.022
3855.591254,0.063
3855.7894039999996,0.051000000000000004
3855.987404,0.095
3856.1855539999997,0.057
3856.3834039999997,0.031
3856.581404,0.12
3856.779404,0.046
3856.9774039999998,0.084
3857.175554,0.049
3857.373454,0.049
3857.571654,0.043000000000000003
3857.7703039999997,0.042
3857.9674539999996,0.109
3858.165604,0.067
3858.3636039999997,0.042
3858.5614539999997,0.037
3858.759654,0.061
3858.957454,0.077
3859.156254,0.106
3859.353604,0.084
3859.5516039999998,0.057
3859.749704,0.011
3859.9477039999997,0.05
3860.145654,0.137
3860.343654,0.14200000000000002
3860.5418539999996,0.157
3860.7397039999996,0.025
3860.938354,0.032
3861.1356539999997,0.028
3861.333654,0.08
3861.531854,0.107
3861.7298539999997,0.025
3861.927754,0.076
3862.125904,0.058
3862.3243039999998,0.045
3862.5219039999997,0.108
3862.719904,0.064
3862.9177539999996,0.111
3863.115904,0.12
3863.3139039999996,0.11800000000000001
3863.511904,0.137
3863.709904,0.066
3863.9079039999997,0.089
3864.1059539999997,0.058
3864.303904,0.124
3864.5019039999997,0.114
3864.6999039999996,0.213
3864.897904,0.129
3865.0960539999996,0.049
3865.2939539999998,0.054
3865.492754,0.046
3865.8872039999997,0.07100000000000001
3866.085204,0.088
3866.283204,0.056
3866.4812039999997,0.06
3866.679204,0.019
3866.877254,0.003
3867.075254,0.051000000000000004
3867.2734539999997,0.073
3867.471204,0.045
3867.669204,0.078
3867.867254,0.10400000000000001
3868.0652539999996,0.031
3868.263454,0.005
3868.461254,0.05
3868.6592539999997,0.123
3868.8575039999996,0.023
3869.055254,0.097
3869.253504,0.075
3869.4515039999997,0.122
3869.649504,0.11800000000000001
3869.847504,0.069
3870.0453039999998,0.041
3870.243504,0.132
3870.441504,0.053
3870.6395039999998,0.07200000000000001
3870.8375039999996,0.057
3871.035504,0.039
3871.233504,0.157
3871.4315039999997,0.06
3871.630304,0.082
3871.827554,0.134
3872.0255039999997,0.035
3872.2235539999997,0.11800000000000001
3872.421554,0.04
3872.6197039999997,0.012
3872.817704,0.015
3873.0155539999996,0.048
3873.213704,0.036000000000000004
3873.411554,0.06
3873.6095539999997,0.054
3873.807704,0.015
3874.005554,0.044
3874.2037539999997,0.13
3874.401754,0.061
3874.599604,0.091
3874.798354,0.048
3874.995754,0.11
3875.193754,0.154
3875.3917539999998,0.081
3875.5897539999996,0.061
3875.787754,0.105
3875.985754,0.077
3876.184554,0.112
3876.381754,0.098
3876.580004,0.043000000000000003
3876.7777539999997,0.067
3876.975754,0.046
3877.1739039999998,0.014
3877.371804,0.07
3877.5700039999997,0.112
3877.7678039999996,0.1
3877.965754,0.02
3878.1639539999996,0.09
3878.361954,0.085
3878.560054,0.021
3878.758054,0.073
3878.9558039999997,0.10300000000000001
3879.153954,0.073
3879.3526039999997,0.065
3879.5498039999998,0.051000000000000004
3879.7480539999997,0.089
3879.946054,0.042
3880.1440039999998,0.046
3880.3420039999996,0.132
3880.540204,0.037
3880.738054,0.051000000000000004
3880.936054,0.029
3881.134004,0.059000000000000004
3881.332004,0.109
3881.5302039999997,0.044
3881.728204,0.187
3881.9261039999997,0.098
3882.124254,0.049
3882.3220039999997,0.059000000000000004
3882.520654,0.057
3882.718254,0.036000000000000004
3882.916104,0.036000000000000004
3883.1142539999996,0.077
3883.312004,0.013000000000000001
3883.510254,0.038
3883.7082539999997,0.052000000000000005
3883.906254,0.053
3884.104304,0.077
3884.302304,0.081
3884.500254,0.097
3884.698254,0.08700000000000001
3884.8962539999998,0.056
3885.0942539999996,0.11
3885.2923039999996,0.057
3885.6875539999996,0.065
3885.885554,0.009000000000000001
3886.083554,0.02
3886.2815539999997,0.052000000000000005
3886.479554,0.07100000000000001
3886.677554,0.085
3886.875604,0.1
3887.0736039999997,0.068
3887.271604,0.048
3887.469554,0.015
3887.6678039999997,0.063
3887.8656039999996,0.025
3888.063604,0.075
3888.2618039999998,0.014
3888.4596039999997,0.063
3888.657854,0.083
3888.855604,0.027
3889.0536039999997,0.081
3889.2518539999996,0.128
3889.449854,0.152
3889.647854,0.076
3889.8458539999997,0.014
3890.043604,0.011
3890.241854,0.095
3890.4398539999997,0.096
3890.6378539999996,0.08
3890.835904,0.095
3891.033654,0.084
3891.2318539999997,0.115
3891.429854,0.064
3891.6280039999997,0.098
3891.8258539999997,0.10300000000000001
3892.0239039999997,0.055
3892.221904,0.075
3892.419904,0.037
3892.618054,0.008
3892.815904,0.038
3893.013904,0.10300000000000001
3893.212704,0.02
3893.4099039999996,0.055
3893.608054,0.052000000000000005
3893.8060539999997,0.139
3894.0039039999997,0.041
3894.202104,0.048
3894.399954,0.053
3894.5981039999997,0.03
3894.796104,0.04
3894.9947039999997,0.115
3895.1921039999997,0.066
3895.390304,0.036000000000000004
3895.588104,0.044
3895.786104,0.042
3895.9841039999997,0.014
3896.182104,0.03
3896.380754,0.039
3896.578154,0.028
3896.776104,0.08700000000000001
3896.974104,0.04
3897.1722539999996,0.091
3897.3701539999997,0.034
3897.568354,0.04
3897.766154,0.052000000000000005
3897.964154,0.097
3898.162304,0.097
3898.360404,0.091
3898.558404,0.084
3898.7564039999997,0.169
3898.954304,0.061
3899.1523039999997,0.064
3899.3503039999996,0.019
3899.5490539999996,0.075
3899.746404,0.023
3899.944204,0.026000000000000002
3900.1423539999996,0.052000000000000005
3900.340354,0.093
3900.5385539999997,0.124
3900.7364039999998,0.079
3900.9344039999996,0.017
3901.132354,0.015
3901.3303539999997,0.042
3901.528554,0.049
3901.7264539999996,0.034
3901.924454,0.008
3902.1223539999996,0.037
3902.320354,0.033
3902.518604,0.094
3902.717204,0.077
3902.9144539999998,0.056
3903.112604,0.058
3903.3103539999997,0.028
3903.5086039999997,0.061
3903.706604,0.015
3903.9045039999996,0.045
3904.1032539999997,0.026000000000000002
3904.3006539999997,0.051000000000000004
3904.498654,0.088
3904.6966039999998,0.08700000000000001
3904.8946039999996,0.047
3905.2899039999998,0.043000000000000003
3905.685904,0.011
3905.883904,0.048
3906.0821039999996,0.038
3906.279904,0.08
3906.477904,0.07
3906.6759039999997,0.14400000000000002
3906.8739539999997,0.107
3907.071954,0.108
3907.269954,0.067
3907.4681539999997,0.008
3907.665904,0.031
3907.863954,0.026000000000000002
3908.0621539999997,0.064
3908.2601539999996,0.057
3908.457954,0.06
3908.656204,0.11
3908.8539539999997,0.095
3909.0522039999996,0.031
3909.250204,0.075
3909.4479539999998,0.047
3909.6462039999997,0.094
3909.844204,0.112
3910.041954,0.043000000000000003
3910.2402039999997,0.107
3910.438354,0.036000000000000004
3910.636204,0.003
3910.834254,0.066
3911.0322039999996,0.054
3911.230204,0.107
3911.428204,0.034
3911.626354,0.07
3911.824204,0.062
3912.022254,0.124
3912.220254,0.054
3912.4182539999997,0.07200000000000001
3912.616404,0.056
3912.814254,0.059000000000000004
3913.0122539999998,0.045
3913.2102539999996,0.033
3913.408404,0.126
3913.6064039999997,0.077
3913.804404,0.018000000000000002
3914.002404,0.164
3914.200454,0.064
3914.398304,0.035
3914.596454,0.037
3914.794454,0.011
3914.992304,0.065
3915.190454,0.091
3915.388454,0.111
3915.586454,0.04
3915.7844539999996,0.038
3915.982454,0.094
3916.180454,0.026000000000000002
3916.3793539999997,0.021
3916.5765039999997,0.076
3916.774504,0.07200000000000001
3916.9726539999997,0.032
3917.170604,0.07
3917.368704,0.029
3917.566704,0.043000000000000003
3917.7645039999998,0.022
3917.9625039999996,0.061
3918.160654,0.088
3918.358504,0.041
3918.5567539999997,0.067
3918.754504,0.069
3918.952504,0.146
3919.150654,0.045
3919.348904,0.112
3919.547404,0.146
3919.744754,0.168
3919.942654,0.083
3920.140704,0.085
3920.338704,0.014
3920.5367539999997,0.078
3920.7347539999996,0.077
3920.932754,0.069
3921.1307039999997,0.028
3921.328904,0.074
3921.526904,0.156
3921.724804,0.202
3921.922804,0.122
3922.120704,0.14300000000000002
3922.318954,0.17300000000000001
3922.5169539999997,0.018000000000000002
3922.7154539999997,0.051000000000000004
3922.912954,0.07
3923.1109539999998,0.027
3923.308704,0.025
3923.506954,0.039
3923.704954,0.047
3923.902854,0.035
3924.101604,0.081
3924.298754,0.041
3924.497004,0.009000000000000001
3924.6950039999997,0.024
3924.892954,0.114
3925.2882539999996,0.135
3925.684254,0.068
3925.8822539999996,0.035
3926.080254,0.017
3926.278254,0.014
3926.4765039999997,0.08
3926.674254,0.089
3926.872304,0.037
3927.070504,0.135
3927.2683039999997,0.147
3927.466504,0.089
3927.664304,0.074
3927.8623039999998,0.111
3928.060504,0.121
3928.258304,0.095
3928.4565039999998,0.05
3928.6545539999997,0.029
3928.852304,0.06
3929.050554,0.065
3929.248554,0.075
3929.4465539999997,0.1
3929.644554,0.029
3929.842304,0.084
3930.0405539999997,0.078
3930.238554,0.07
3930.4367039999997,0.023
3930.6345539999998,0.096
3930.8326039999997,0.122
3931.030554,0.122
3931.228604,0.046
3931.4267539999996,0.097
3931.624554,0.093
3931.822554,0.05
3932.0205539999997,0.073
3932.2186039999997,0.081
3932.416754,0.097
3932.6147539999997,0.053
3932.8126039999997,0.06
3933.010754,0.049
3933.208604,0.1
3933.4067539999996,0.062
3933.604754,0.002
3933.802604,0.063
3934.000804,0.026000000000000002
3934.1988039999997,0.058
3934.396804,0.073
3934.594804,0.037
3934.7928039999997,0.117
3934.991404,0.14200000000000002
3935.188804,0.194
3935.3868039999998,0.149
3935.5848039999996,0.077
3935.782804,0.08
3935.9809539999997,0.022
3936.1788039999997,0.15
3936.377704,0.027
3936.574854,0.065
3936.772854,0.089
3936.971004,0.061
3937.168804,0.14100000000000001
3937.367054,0.081
3937.5648539999997,0.036000000000000004
3937.7628539999996,0.092
3937.961004,0.04
3938.1590039999996,0.041
3938.3571039999997,0.08
3938.555104,0.146
3938.752854,0.108
3938.951004,0.022
3939.149254,0.06
3939.347104,0.074
3939.5457539999998,0.021
3939.7431039999997,0.077
3939.941004,0.061
3940.1392539999997,0.093
3940.337254,0.128
3940.5351539999997,0.043000000000000003
3940.733104,0.053
3940.9310539999997,0.043000000000000003
3941.129254,0.084
3941.327254,0.023
3941.5252539999997,0.096
3941.723154,0.033
3941.921304,0.061
3942.119304,0.04
3942.3173039999997,0.068
3942.515304,0.044
3942.713804,0.058
3942.9113039999997,0.042
3943.109054,0.049
3943.307304,0.10200000000000001
3943.505304,0.065
3943.7033039999997,0.085
3943.901304,0.091
3944.100054,0.06
3944.297354,0.10200000000000001
3944.4953539999997,0.061
3944.693354,0.114
3945.088604,0.076
3945.286854,0.07100000000000001
3945.4846039999998,0.083
3945.6826039999996,0.10200000000000001
3945.880604,0.097
3946.078604,0.11900000000000001
3946.2768039999996,0.20400000000000001
3946.474604,0.07100000000000001
3946.672604,0.122
3946.870654,0.164
3947.0688539999996,0.049
3947.266854,0.088
3947.464854,0.068
3947.6626539999997,0.2
3947.8606539999996,0.066
3948.058854,0.037
3948.2568539999997,0.109
3948.4548539999996,0.075
3948.652654,0.073
3948.850904,0.061
3949.0489039999998,0.247
3949.247054,0.032
3949.444904,0.091
3949.642904,0.085
3949.8406539999996,0.081
3950.038904,0.10400000000000001
3950.2377039999997,0.10200000000000001
3950.4349039999997,0.06
3950.6329039999996,0.016
3950.830954,0.095
3951.028904,0.042
3951.2271039999996,0.098
3951.425104,0.017
3951.622904,0.062
3951.8211039999997,0.04
3952.018904,0.116
3952.217104,0.088
3952.4151039999997,0.202
3952.613104,0.033
3952.810954,0.116
3953.0091039999998,0.075
3953.2071039999996,0.062
3953.405754,0.066
3953.603104,0.096
3953.800954,0.082
3953.9991539999996,0.084
3954.197154,0.083
3954.395154,0.068
3954.5931539999997,0.099
3954.791304,0.111
3954.989154,0.042
3955.187404,0.096
3955.3851539999996,0.029
3955.583154,0.028
3955.781154,0.038
3955.9791539999997,0.028
3956.177404,0.08700000000000001
3956.375404,0.076
3956.5738039999997,0.017
3956.7712039999997,0.026000000000000002
3956.969354,0.011
3957.167404,0.036000000000000004
3957.3654039999997,0.043000000000000003
3957.563204,0.065
3957.7613539999998,0.073
3957.9593539999996,0.037
3958.1574539999997,0.081
3958.355454,0.126
3958.553454,0.024
3958.7512039999997,0.068
3958.949354,0.085
3959.147604,0.049
3959.345454,0.044
3959.5434539999997,0.058
3959.741904,0.059000000000000004
3959.9393539999996,0.11
3960.137604,0.096
3960.335604,0.02
3960.533504,0.013000000000000001
3960.7316539999997,0.057
3960.929404,0.081
3961.1282539999997,0.037
3961.3256039999997,0.013000000000000001
3961.523504,0.081
3961.7215039999996,0.178
3961.9194039999998,0.028
3962.1176539999997,0.042
3962.315654,0.049
3962.513654,0.14
3962.711504,0.111
3962.910304,0.051000000000000004
3963.107654,0.009000000000000001
3963.305654,0.126
3963.5036539999996,0.10200000000000001
3963.701654,0.167
3963.899654,0.122
3964.0978539999996,0.018000000000000002
3964.2963539999996,0.059000000000000004
3964.493704,0.15
3964.888954,0.037
3965.086954,0.031
3965.2849539999997,0.02
3965.4829539999996,0.152
3965.680954,0.018000000000000002
3965.878954,0.092
3966.0769539999997,0.148
3966.275204,0.049
3966.472954,0.075
3966.6709539999997,0.046
3966.8692039999996,0.058
3967.067004,0.07200000000000001
3967.265204,0.084
3967.4630039999997,0.07200000000000001
3967.6610039999996,0.05
3967.859004,0.059000000000000004
3968.0572039999997,0.064
3968.2552039999996,0.049
3968.453204,0.049
3968.651004,0.099
3968.8490039999997,0.062
3969.0472539999996,0.029
3969.245254,0.046
3969.443254,0.02
3969.6412539999997,0.067
3969.839254,0.097
3970.037254,0.037
3970.235404,0.016
3970.433254,0.105
3970.631254,0.061
3970.8292539999998,0.131
3971.0273039999997,0.094
3971.225454,0.085
3971.4234539999998,0.107
3971.621304,0.109
3971.8193039999996,0.051000000000000004
3972.017254,0.053
3972.2154539999997,0.039
3972.413454,0.016
3972.611304,0.053
3972.8094539999997,0.048
3973.0073039999997,0.057
3973.205454,0.021
3973.403454,0.053
3973.6021039999996,0.054
3973.7993039999997,0.045
3973.997504,0.048
3974.195504,0.093
3974.3935039999997,0.05
3974.591504,0.045
3974.789354,0.025
3974.9875039999997,0.093
3975.185504,0.067
3975.383504,0.042
3975.5815039999998,0.009000000000000001
3975.779654,0.031
3975.977504,0.097
3976.175754,0.012
3976.373554,0.044
3976.5715539999997,0.031
3976.7703039999997,0.02
3976.9677039999997,0.054
3977.1657539999997,0.038
3977.363754,0.003
3977.561554,0.02
3977.7597039999996,0.084
3977.957704,0.019
3978.156454,0.066
3978.353804,0.014
3978.5515539999997,0.045
3978.749704,0.02
3978.9477039999997,0.04
3979.1459539999996,0.074
3979.3438039999996,0.01
3979.541804,0.109
3979.7397039999996,0.069
3979.938354,0.031
3980.135954,0.044
3980.333854,0.032
3980.531854,0.04
3980.730004,0.011
3980.927754,0.034
3981.1260039999997,0.073
3981.324604,0.083
3981.5218539999996,0.096
3981.720004,0.077
3981.9177539999996,0.06
3982.116004,0.07100000000000001
3982.314004,0.039
3982.511854,0.05
3982.710004,0.07100000000000001
3982.908004,0.112
3983.1060039999998,0.057
3983.3040039999996,0.043000000000000003
3983.502004,0.013000000000000001
3983.700004,0.03
3983.8980039999997,0.043000000000000003
3984.2932539999997,0.024
3984.689304,0.024
3984.887304,0.049
3985.0853039999997,0.047
3985.283304,0.032
3985.481304,0.094
3985.679304,0.023
3985.8773039999996,0.081
3986.075304,0.046
3986.273304,0.089
3986.4713039999997,0.065
3986.6693539999997,0.035
3986.867554,0.035
3987.065354,0.04
3987.2635539999997,0.013000000000000001
3987.461354,0.016
3987.659354,0.17400000000000002
3987.8575539999997,0.066
3988.0553539999996,0.033
3988.253554,0.026000000000000002
3988.451604,0.085
3988.6493539999997,0.026000000000000002
3988.847604,0.07100000000000001
3989.045604,0.03
3989.243604,0.04
3989.4416039999996,0.08600000000000001
3989.639354,0.05
3989.837604,0.064
3990.0356039999997,0.052000000000000005
3990.233754,0.018000000000000002
3990.431604,0.045
3990.6296039999997,0.041
3990.8276039999996,0.064
3991.025654,0.035
3991.2238039999997,0.046
3991.4216539999998,0.145
3991.6196539999996,0.066
3991.817804,0.136
3992.015654,0.167
3992.213804,0.029
3992.411804,0.04
3992.609654,0.027
3992.8078539999997,0.065
3993.0056539999996,0.049
3993.203854,0.125
3993.4018039999996,0.018000000000000002
3993.5996539999996,0.063
3993.797804,0.013000000000000001
3993.995854,0.091
3994.1938539999996,0.229
3994.391854,0.109
3994.589854,0.14400000000000002
3994.7878539999997,0.008
3994.985854,0.101
3995.183854,0.034
3995.3818539999997,0.06
3995.5798539999996,0.046
3995.778004,0.04
3995.975854,0.059000000000000004
3996.1741039999997,0.06
3996.3719039999996,0.02
3996.569904,0.054
3996.768654,0.095
3996.9659039999997,0.061
3997.164104,0.043000000000000003
3997.361904,0.068
3997.5599039999997,0.068
3997.758054,0.027
3997.9560539999998,0.053
3998.154804,0.033
3998.3521539999997,0.062
3998.5499539999996,0.003
3998.7480539999997,0.044
3998.9461039999997,0.049
3999.1441539999996,0.037
3999.342154,0.021
3999.540154,0.094
3999.738054,0.137
3999.936754,0.03
4000.1343039999997,0.016
4000.332204,0.041
4000.5302039999997,0.101
4000.728104,0.11900000000000001
4000.9263539999997,0.07
4001.124354,0.077
4001.3229539999998,0.093
4001.5203539999998,0.068
4001.7183539999996,0.04
4001.916104,0.032
4002.114354,0.08
4002.3123539999997,0.03
4002.5102039999997,0.055
4002.708354,0.002
4002.906154,0.059000000000000004
4003.1043539999996,0.051000000000000004
4003.302354,0.073
4003.500354,0.012
4003.6983539999997,0.077
4003.896504,0.045
4004.2916539999997,0.079
4004.687854,0.076
4004.8856539999997,0.02
4005.083654,0.081
4005.281654,0.043000000000000003
4005.4796539999998,0.092
4005.6776539999996,0.041
4005.875654,0.021
4006.073654,0.051000000000000004
4006.2716539999997,0.058
4006.469654,0.042
4006.667704,0.022
4006.865904,0.138
4007.0639039999996,0.024
4007.261904,0.049
4007.459704,0.057
4007.657954,0.079
4007.8559539999997,0.127
4008.053704,0.034
4008.2519039999997,0.052000000000000005
4008.4497039999997,0.046
4008.647704,0.032
4008.845954,0.05
4009.0439539999998,0.101
4009.2419539999996,0.05
4009.439954,0.067
4009.637754,0.06
4009.8359539999997,0.028
4010.034104,0.106
4010.231954,0.032
4010.4299539999997,0.092
4010.627954,0.036000000000000004
4010.825954,0.09
4011.024004,0.081
4011.2221539999996,0.077
4011.4200039999996,0.068
4011.618154,0.036000000000000004
4011.816004,0.028
4012.0140039999997,0.082
4012.212154,0.043000000000000003
4012.4101539999997,0.08
4012.6080039999997,0.074
4012.806204,0.092
4013.004204,0.032
4013.2022039999997,0.016
4013.400204,0.036000000000000004
4013.5988039999997,0.024
4013.7961539999997,0.03
4013.9940039999997,0.079
4014.192204,0.035
4014.390204,0.10300000000000001
4014.5882039999997,0.056
4014.786204,0.049
4014.984454,0.016
4015.1822039999997,0.064
4015.3802039999996,0.106
4015.578204,0.101
4015.776204,0.07100000000000001
4015.9744539999997,0.062
4016.1722539999996,0.11800000000000001
4016.370254,0.117
4016.5684039999996,0.052000000000000005
4016.767054,0.023
4016.964254,0.062
4017.162504,0.06
4017.3602539999997,0.069
4017.558254,0.035
4017.7564039999997,0.12
4017.9542539999998,0.055
4018.1531539999996,0.079
4018.350504,0.044
4018.548304,0.08
4018.7464539999996,0.043000000000000003
4018.944654,0.033
4019.142504,0.068
4019.340504,0.036000000000000004
4019.538404,0.084
4019.7364039999998,0.054
4019.935054,0.054
4020.132654,0.045
4020.3305539999997,0.052000000000000005
4020.528554,0.077
4020.7264539999996,0.112
4020.924454,0.032
4021.122704,0.028
4021.321204,0.062
4021.5187039999996,0.08600000000000001
4021.716454,0.039
4021.914704,0.064
4022.1127039999997,0.045
4022.310704,0.021
4022.508704,0.091
4022.706754,0.031
4022.9045039999996,0.067
4023.102704,0.05
4023.3007039999998,0.016
4023.498604,0.109
4023.696704,0.055
4023.894754,0.082
4024.290004,0.066
4024.6860039999997,0.131
4024.884004,0.15
4025.082004,0.159
4025.2800039999997,0.074
4025.4780539999997,0.049
4025.676254,0.065
4025.874004,0.066
4026.0720039999997,0.088
4026.270004,0.039
4026.468004,0.049
4026.666054,0.044
4026.8640539999997,0.076
4027.062054,0.069
4027.260304,0.016
4027.4580539999997,0.025
4027.656054,0.05
4027.854304,0.038
4028.052304,0.074
4028.250254,0.064
4028.448054,0.14100000000000001
4028.646304,0.057
4028.8443039999997,0.038
4029.0423039999996,0.048
4029.240304,0.023
4029.438304,0.008
4029.6363039999997,0.112
4029.834304,0.024
4030.0324539999997,0.04
4030.2303039999997,0.046
4030.428304,0.039
4030.626304,0.083
4030.824354,0.043000000000000003
4031.022504,0.093
4031.220504,0.067
4031.418354,0.05
4031.6165039999996,0.021
4031.8143539999996,0.015
4032.012504,0.054
4032.2105039999997,0.091
4032.4083539999997,0.07200000000000001
4032.606504,0.088
4032.804354,0.08
4033.0025539999997,0.08
4033.200554,0.044
4033.398554,0.027
4033.5971539999996,0.051000000000000004
4033.7945539999996,0.018000000000000002
4033.992554,0.065
4034.190554,0.07200000000000001
4034.3885539999997,0.109
4034.586554,0.059000000000000004
4034.784554,0.061
4034.9825539999997,0.082
4035.180554,0.052000000000000005
4035.378554,0.245
4035.5767039999996,0.116
4035.7745539999996,0.056
4035.972804,0.17200000000000001
4036.170604,0.027
4036.368604,0.061
4036.566754,0.203
4036.765254,0.078
4036.962854,0.108
4037.1608539999997,0.091
4037.358604,0.061
4037.5567539999997,0.068
4037.7547539999996,0.03
4037.9528539999997,0.109
4038.151504,0.045
4038.348654,0.023
4038.546754,0.10400000000000001
4038.744804,0.007
4038.9430039999997,0.1
4039.1408539999998,0.151
4039.3388539999996,0.17400000000000002
4039.5367539999997,0.082
4039.7348039999997,0.057
4039.933654,0.047
4040.1309039999996,0.083
4040.328904,0.068
4040.5268039999996,0.024
4040.724804,0.043000000000000003
4040.923054,0.063
4041.1210539999997,0.073
4041.3195539999997,0.027
4041.517054,0.06
4041.7148039999997,0.09
4041.9130539999996,0.199
4042.111054,0.06
4042.309054,0.043000000000000003
4042.5070539999997,0.058
4042.7051039999997,0.039
4042.903104,0.05
4043.1010539999997,0.022
4043.2990539999996,0.056
4043.497054,0.077
4043.695054,0.067
4043.8931039999998,0.053
4044.288354,0.029
4044.4863539999997,0.061
4044.684354,0.094
4044.882354,0.093
4045.0803539999997,0.045
4045.278354,0.186
4045.476404,0.246
4045.674404,0.117
4045.8724039999997,0.23600000000000002
4046.070604,0.129
4046.268354,0.03
4046.466404,0.227
4046.6646039999996,0.201
4046.862404,0.14
4047.060604,0.179
4047.2584039999997,0.14300000000000002
4047.456404,0.21
4047.654654,0.136
4047.8524039999998,0.125
4048.0506539999997,0.216
4048.248654,0.051000000000000004
4048.446404,0.1
4048.6446539999997,0.19
4048.842654,0.10200000000000001
4049.040654,0.361
4049.2386539999998,0.381
4049.4364539999997,0.055
4049.634654,0.171
4049.832654,0.315
4050.030804,0.29
4050.228654,0.153
4050.426704,0.17500000000000002
4050.6246539999997,0.112
4050.8227039999997,0.24
4051.020854,0.133
4051.218704,0.183
4051.4167039999998,0.17400000000000002
4051.6147039999996,0.098
4051.812704,0.146
4052.0108539999997,0.064
4052.208854,0.083
4052.406704,0.059000000000000004
4052.604904,0.047
4052.8027039999997,0.065
4053.000904,0.08700000000000001
4053.198904,0.082
4053.3969039999997,0.074
4053.594904,0.081
4053.793554,0.017
4053.990904,0.067
4054.1889039999996,0.146
4054.387054,0.127
4054.584904,0.089
4054.782954,0.116
4054.9809539999997,0.076
4055.179554,0.198
4055.3769039999997,0.10300000000000001
4055.575054,0.188
4055.772904,0.192
4055.971154,0.114
4056.1689539999998,0.082
4056.3669539999996,0.073
4056.565104,0.112
4056.763204,0.094
4056.961804,0.112
4057.158954,0.07100000000000001
4057.3571039999997,0.128
4057.555104,0.222
4057.753104,0.18
4057.951204,0.186
4058.149204,0.092
4058.3476539999997,0.113
4058.545154,0.149
4058.7433539999997,0.013000000000000001
4058.9412039999997,0.019
4059.1392039999996,0.11900000000000001
4059.337204,0.216
4059.5351539999997,0.097
4059.733354,0.10300000000000001
4059.931354,0.07100000000000001
4060.129254,0.101
4060.3274039999997,0.256
4060.525154,0.107
4060.723204,0.059000000000000004
4060.9214039999997,0.044
4061.119404,0.058
4061.3172539999996,0.096
4061.5160539999997,0.055
4061.713154,0.051000000000000004
4061.911404,0.037
4062.109404,0.048
4062.307304,0.114
4062.5054539999996,0.124
4062.703454,0.098
4062.901454,0.105
4063.0994539999997,0.074
4063.297604,0.148
4063.495404,0.10200000000000001
4063.6934539999997,0.05
4064.088704,0.029
4064.2867039999996,0.038
4064.484704,0.098
4064.682704,0.078
4064.8807039999997,0.056
4065.078704,0.062
4065.276754,0.131
4065.474754,0.043000000000000003
4065.6727539999997,0.115
4065.870954,0.074
4066.068754,0.064
4066.2667039999997,0.152
4066.464954,0.094
4066.662954,0.031
4066.860754,0.057
4067.0590039999997,0.061
4067.256754,0.106
4067.454754,0.11800000000000001
4067.653004,0.14200000000000002
4067.8507539999996,0.122
4068.049004,0.099
4068.246754,0.053
4068.4447539999996,0.055
4068.643004,0.055
4068.8411539999997,0.084
4069.0390039999997,0.048
4069.2370539999997,0.124
4069.435004,0.07200000000000001
4069.633054,0.033
4069.8310039999997,0.084
4070.029004,0.011
4070.227004,0.053
4070.425054,0.021
4070.6230539999997,0.079
4070.821054,0.08600000000000001
4071.0192039999997,0.241
4071.2170539999997,0.115
4071.4150539999996,0.11900000000000001
4071.613054,0.14200000000000002
4071.8112039999996,0.031
4072.009204,0.058
4072.207054,0.21
4072.4052039999997,0.17400000000000002
4072.6032539999997,0.139
4072.801054,0.096
4072.999254,0.08
4073.1972539999997,0.056
4073.395254,0.044
4073.593254,0.022
4073.791104,0.049
4073.989904,0.06
4074.187254,0.022
4074.385254,0.083
4074.5832539999997,0.106
4074.781504,0.027
4074.979304,0.026000000000000002
4075.177304,0.011
4075.376054,0.128
4075.573254,0.082
4075.771304,0.079
4075.9693039999997,0.052000000000000005
4076.1673039999996,0.115
4076.365304,0.11800000000000001
4076.5634539999996,0.152
4076.7613039999997,0.036000000000000004
4076.959554,0.06
4077.157304,0.095
4077.355454,0.15
4077.553454,0.035
4077.751554,0.09
4077.949554,0.047
4078.1475539999997,0.038
4078.345504,0.10400000000000001
4078.5441539999997,0.145
4078.741704,0.109
4078.9396039999997,0.105
4079.137554,0.164
4079.3355039999997,0.152
4079.533504,0.10200000000000001
4079.731704,0.036000000000000004
4079.9297039999997,0.036000000000000004
4080.127604,0.02
4080.325754,0.034
4080.523504,0.074
4080.7217539999997,0.158
4080.919754,0.196
4081.117604,0.193
4081.3157539999997,0.14100000000000001
4081.513504,0.122
4081.712404,0.009000000000000001
4081.909754,0.069
4082.1077539999997,0.031
4082.305754,0.045
4082.503804,0.036000000000000004
4082.701804,0.08
4082.8998039999997,0.082
4083.098404,0.076
4083.2959539999997,0.065
4083.4938039999997,0.11
4083.8890539999998,0.041
4084.0870539999996,0.085
4084.285054,0.041
4084.483054,0.112
4084.6810539999997,0.113
4084.879054,0.116
4085.077054,0.07200000000000001
4085.275104,0.028
4085.4733039999996,0.048
4085.671104,0.08
4085.869304,0.099
4086.0671039999997,0.03
4086.2651039999996,0.109
4086.463304,0.035
4086.661104,0.11900000000000001
4086.8593039999996,0.007
4087.057104,0.078
4087.255104,0.066
4087.4533539999998,0.027
4087.6513539999996,0.09
4087.849354,0.083
4088.047354,0.058
4088.2451039999996,0.074
4088.443354,0.027
4088.641354,0.076
4088.8393539999997,0.138
4089.0373539999996,0.049
4089.235404,0.065
4089.433404,0.047
4089.6314039999997,0.10300000000000001
4089.829554,0.114
4090.027354,0.042
4090.225404,0.07100000000000001
4090.423354,0.07
4090.621404,0.18
4090.8195539999997,0.132
4091.018204,0.041
4091.215404,0.076
4091.4135539999997,0.047
4091.6114039999998,0.10200000000000001
4091.809554,0.046
4092.007554,0.077
4092.205404,0.028
4092.404254,0.079
4092.601404,0.065
4092.799604,0.011
4092.9976039999997,0.024
4093.195604,0.056
4093.393604,0.048
4093.5916039999997,0.076
4093.7896039999996,0.161
4093.987604,0.11900000000000001
4094.185604,0.035
4094.3836039999997,0.03
4094.5816539999996,0.092
4094.779854,0.013000000000000001
4094.977654,0.052000000000000005
4095.175804,0.045
4095.373804,0.10200000000000001
4095.5716039999998,0.099
4095.7698539999997,0.052000000000000005
4095.967654,0.117
4096.165804,0.046
4096.363804,0.024
4096.561804,0.021
4096.759904,0.062
4096.957904,0.012
4097.155804,0.078
4097.353803999999,0.045
4097.551804,0.1
4097.749904,0.108
4097.947904,0.099
4098.145704,0.046
4098.343854,0.09
4098.541854,0.028
4098.740704,0.028
4098.937954,0.034
4099.136104,0.094
4099.3338539999995,0.111
4099.531854,0.111
4099.730054,0.076
4099.927954,0.278
4100.126754,0.135
4100.324104,0.06
4100.521904,0.11900000000000001
4100.720104,0.11
4100.918103999999,0.059000000000000004
4101.116104,0.093
4101.314104,0.07200000000000001
4101.511853999999,0.027
4101.710104,0.009000000000000001
4101.908754,0.042
4102.1061039999995,0.065
4102.3041539999995,0.047
4102.502154,0.07
4102.700154,0.075
4102.8981539999995,0.115
4103.096304,0.079
4103.294804,0.011
4103.689404,0.082
4104.0854039999995,0.08
4104.283654,0.07200000000000001
4104.481404,0.083
4104.6794039999995,0.069
4104.877404,0.036000000000000004
4105.075454,0.083
4105.273654,0.036000000000000004
4105.4714539999995,0.099
4105.669454,0.01
4105.867454,0.081
4106.065454,0.091
4106.263653999999,0.055
4106.461654,0.075
4106.659654,0.058
4106.857704,0.043000000000000003
4107.055453999999,0.053
4107.253704,0.09
4107.451704,0.105
4107.649504,0.09
4107.847704,0.099
4108.045704,0.08
4108.2437039999995,0.145
4108.441704,0.176
4108.639704,0.049
4108.837704,0.032
4109.0357539999995,0.088
4109.233704,0.14200000000000002
4109.431754,0.038
4109.629903999999,0.061
4109.827904,0.05
4110.025754,0.11800000000000001
4110.2239039999995,0.07200000000000001
4110.421754,0.095
4110.619753999999,0.149
4110.8179039999995,0.293
4111.015754,0.037
4111.213804,0.069
4111.411754,0.019
4111.609754,0.092
4111.807904,0.035
4112.005904,0.073
4112.203954,0.016
4112.402604,0.019
4112.599954,0.035
4112.797954,0.043000000000000003
4112.995954,0.032
4113.193953999999,0.045
4113.391954,0.11
4113.589954,0.032
4113.787953999999,0.13
4113.985954,0.14200000000000002
4114.184104,0.067
4114.3819539999995,0.023
4114.5800039999995,0.041
4114.778004,0.074
4114.976004,0.05
4115.174153999999,0.111
4115.372154,0.037
4115.570854,0.056
4115.768204,0.096
4115.966004,0.092
4116.164154,0.027
4116.3621539999995,0.019
4116.560004,0.054
4116.758253999999,0.067
4116.956004,0.168
4117.154154,0.109
4117.352154,0.09
4117.550154,0.07
4117.748254,0.10200000000000001
4117.9462539999995,0.074
4118.144204,0.07100000000000001
4118.342204,0.047
4118.540403999999,0.08600000000000001
4118.738904,0.066
4118.936304,0.052000000000000005
4119.134454,0.099
4119.332203999999,0.036000000000000004
4119.530204,0.005
4119.7284039999995,0.082
4119.926304,0.018000000000000002
4120.125104,0.076
4120.322204,0.076
4120.520254,0.084
4120.718454,0.049
4120.916454,0.02
4121.114454,0.04
4121.312454,0.064
4121.510454,0.039
4121.708454,0.059000000000000004
4121.907104,0.069
4122.104504,0.029
4122.302504,0.07
4122.500504,0.139
4122.698504,0.088
4122.896503999999,0.006
4123.291754,0.063
4123.687754,0.091
4123.885754,0.07
4124.083754,0.021
4124.281754,0.01
4124.479754,0.108
4124.678003999999,0.156
4124.875804,0.134
4125.073804,0.07100000000000001
4125.2720039999995,0.11
4125.469803999999,0.08700000000000001
4125.668054,0.021
4125.865804,0.117
4126.063803999999,0.041
4126.262004,0.082
4126.460004,0.11900000000000001
4126.6578039999995,0.019
4126.856054,0.045
4127.053854,0.08
4127.252054,0.078
4127.450054,0.094
4127.648054,0.052000000000000005
4127.846054,0.057
4128.043804,0.034
4128.242053999999,0.062
4128.440054,0.085
4128.638204,0.039
4128.836104,0.039
4129.034103999999,0.029
4129.232104,0.123
4129.430104,0.137
4129.628254,0.021
4129.826104,0.034
4130.024104,0.022
4130.222254,0.027
4130.420104,0.043000000000000003
4130.618254,0.081
4130.816253999999,0.006
4131.0141539999995,0.1
4131.212304,0.083
4131.410154,0.049
4131.608104,0.067
4131.806254,0.054
4132.004104,0.074
4132.2023039999995,0.04
4132.400954,0.027
4132.598304,0.097
4132.7963039999995,0.003
4132.994304,0.053
4133.192304,0.053
4133.390304,0.117
4133.588304,0.08
4133.786304,0.059000000000000004
4133.984304,0.083
4134.182454,0.088
4134.380354,0.055
4134.578554,0.039
4134.776354,0.073
4134.974354,0.091
4135.172504,0.038
4135.370354,0.027
4135.569203999999,0.076
4135.766554,0.14200000000000002
4135.964354,0.08700000000000001
4136.162504,0.041
4136.360504,0.081
4136.558604,0.01
4136.756604,0.101
4136.954404,0.067
4137.152554,0.073
4137.350504,0.061
4137.548354,0.07
4137.746604,0.04
4137.944604,0.064
4138.142554,0.08700000000000001
4138.340553999999,0.03
4138.538754,0.074
4138.737254,0.044
4138.934654,0.078
4139.132554,0.026000000000000002
4139.330554,0.049
4139.528804,0.134
4139.726804,0.094
4139.9246539999995,0.066
4140.123454,0.089
4140.320604,0.079
4140.518803999999,0.045
4140.716804,0.052000000000000005
4140.914654,0.277
4141.112803999999,0.158
4141.310604,0.152
4141.508804,0.163
4141.7068039999995,0.056
4141.905454,0.025
4142.102854,0.123
4142.300854,0.092
4142.4988539999995,0.081
4142.696854,0.154
4142.894854,0.077
4143.290104,0.05
4143.488104,0.021
4143.686154,0.064
4143.884104,0.039
4144.082104,0.015
4144.2801039999995,0.051000000000000004
4144.478104,0.134
4144.676154,0.061
4144.874154,0.099
4145.0721539999995,0.05
4145.270354,0.023
4145.468154,0.073
4145.666404,0.122
4145.864154,0.20800000000000002
4146.062154,0.23700000000000002
4146.260404,0.13
4146.458154,0.129
4146.656403999999,0.116
4146.854154,0.095
4147.052204,0.101
4147.250403999999,0.015
4147.448404,0.31
4147.646404,0.139
4147.8444039999995,0.126
4148.042203999999,0.138
4148.240404,0.162
4148.4384039999995,0.14400000000000002
4148.636404,0.10400000000000001
4148.834454,0.20600000000000002
4149.032454,0.252
4149.230454,0.234
4149.428454,0.082
4149.626604,0.096
4149.824454,0.131
4150.022454,0.131
4150.220454,0.10400000000000001
4150.418454,0.114
4150.616604,0.049
4150.814654,0.10200000000000001
4151.012604,0.101
4151.2106539999995,0.08
4151.408504,0.129
4151.606654,0.057
4151.804654,0.14200000000000002
4152.002504,0.092
4152.200654,0.068
4152.398504,0.058
4152.597304,0.027
4152.794654,0.14100000000000001
4152.992654,0.035
4153.190654,0.2
4153.3889039999995,0.063
4153.586654,0.138
4153.784654,0.195
4153.982804,0.112
4154.180703999999,0.081
4154.378704,0.069
4154.576904,0.093
4154.7747039999995,0.052000000000000005
4154.972704,0.075
4155.170854,0.029
4155.3687039999995,0.134
4155.566954,0.122
4155.765354,0.063
4155.962704,0.101
4156.160854,0.21
4156.359104,0.128
4156.556954,0.11900000000000001
4156.754954,0.10400000000000001
4156.952904,0.039
4157.1515039999995,0.11900000000000001
4157.3489039999995,0.097
4157.5469539999995,0.07100000000000001
4157.744954,0.044
4157.942754,0.052000000000000005
4158.140904,0.075
4158.338904,0.079
4158.537154,0.048
4158.735004,0.135
4158.933604,0.036000000000000004
4159.130904,0.026000000000000002
4159.329154,0.051000000000000004
4159.527153999999,0.07200000000000001
4159.725004,0.025
4159.923154,0.047
4160.1211539999995,0.027
4160.319604,0.045
4160.517154,0.068
4160.7151539999995,0.054
4160.9132039999995,0.017
4161.111204,0.07
4161.308954,0.035
4161.507154,0.08600000000000001
4161.705154,0.063
4161.903204,0.085
4162.101204,0.08600000000000001
4162.299354,0.033
4162.497204,0.117
4162.695204,0.061
4163.090454,0.019
4163.288454,0.045
4163.4865039999995,0.046
4163.684504,0.07
4163.882504,0.06
4164.080454,0.111
4164.278454,0.029
4164.476454,0.041
4164.674504,0.029
4164.872504,0.019
4165.070504,0.003
4165.268504,0.037
4165.466754,0.03
4165.664753999999,0.114
4165.862504,0.042
4166.060754,0.052000000000000005
4166.2587539999995,0.028
4166.456504,0.08600000000000001
4166.654754,0.111
4166.852554,0.111
4167.0505539999995,0.055
4167.248754,0.069
4167.446804,0.043000000000000003
4167.644804,0.079
4167.842754,0.065
4168.040554,0.075
4168.238754,0.068
4168.436954,0.019
4168.634804,0.054
4168.832804,0.045
4169.030804,0.042
4169.228803999999,0.078
4169.426804,0.10300000000000001
4169.625604,0.037
4169.822803999999,0.049
4170.020954,0.043000000000000003
4170.218804,0.059000000000000004
4170.4168039999995,0.08600000000000001
4170.614954,0.11800000000000001
4170.812854,0.051000000000000004
4171.010854,0.043000000000000003
4171.2088539999995,0.074
4171.407004,0.032
4171.605004,0.031
4171.803003999999,0.054
4172.001004,0.041
4172.199004,0.035
4172.396854,0.053
4172.595004,0.167
4172.793654,0.093
4172.991054,0.084
4173.1890539999995,0.031
4173.387004,0.06
4173.585004,0.055
4173.783004,0.022
4173.981054,0.034
4174.179704,0.064
4174.377254,0.085
4174.575054,0.061
4174.773054,0.07200000000000001
4174.9712039999995,0.037
4175.169204,0.045
4175.367053999999,0.016
4175.565304,0.01
4175.763054,0.047
4175.961703999999,0.021
4176.159204,0.049
4176.357104,0.039
4176.5553039999995,0.048
4176.753103999999,0.07100000000000001
4176.951104,0.08
4177.149254,0.135
4177.348104,0.109
4177.545304,0.084
4177.743304,0.121
4177.941253999999,0.028
4178.139254,0.024
4178.3374539999995,0.042
4178.535354,0.047
4178.733354,0.033
4178.931504,0.036000000000000004
4179.1292539999995,0.032
4179.327504,0.037
4179.525504,0.059000000000000004
4179.723354,0.048
4179.921504,0.033
4180.119304,0.039
4180.317504,0.05
4180.516154,0.107
4180.713554,0.021
4180.911554,0.097
4181.109554,0.149
4181.307304,0.116
4181.505504,0.073
4181.703554,0.022
4181.901554,0.068
4182.099553999999,0.101
4182.297554,0.081
4182.495554,0.028
4182.890804,0.049
4183.088804,0.068
4183.286854,0.06
4183.484853999999,0.021
4183.682854,0.127
4183.880854,0.005
4184.078853999999,0.037
4184.276804,0.048
4184.475054,0.055
4184.6728539999995,0.015
4184.870854,0.066
4185.069054,0.036000000000000004
4185.2668539999995,0.04
4185.465104,0.062
4185.662854,0.106
4185.860854,0.041
4186.059104,0.055
4186.257104,0.076
4186.455104,0.069
4186.653104,0.012
4186.850904,0.052000000000000005
4187.049104,0.028
4187.247104,0.078
4187.445154,0.07
4187.643153999999,0.06
4187.840904,0.051000000000000004
4188.0391039999995,0.035
4188.237104,0.009000000000000001
4188.435304,0.01
4188.633154,0.063
4188.8311539999995,0.019
4189.029154,0.038
4189.227154,0.043000000000000003
4189.425303999999,0.052000000000000005
4189.623154,0.047
4189.821154,0.047
4190.0193039999995,0.045
4190.217154,0.045
4190.415304,0.062
4190.613354,0.078
4190.811204,0.025
4191.009354,0.154
4191.208004,0.097
4191.4053539999995,0.037
4191.603354,0.152
4191.801354,0.057
4191.999354,0.075
4192.197354,0.092
4192.395354,0.022
4192.593354,0.079
4192.791404,0.028
4192.990004,0.045
4193.187404,0.029
4193.385404,0.053
4193.583353999999,0.057
4193.781354,0.11900000000000001
4193.979504,0.054
4194.1776039999995,0.08700000000000001
4194.376303999999,0.077
4194.573404,0.02
4194.771404,0.017
4194.969554,0.015
4195.167404,0.096
4195.365654,0.009000000000000001
4195.5634039999995,0.041
4195.761404,0.027
4195.959554,0.033
4196.1578039999995,0.05
4196.355654,0.034
4196.553653999999,0.017
4196.751454,0.131
4196.949603999999,0.058
4197.147854,0.035
4197.345654,0.02
4197.544304,0.048
4197.7416539999995,0.043000000000000003
4197.939604,0.074
4198.137804,0.059000000000000004
4198.335854,0.03
4198.5337039999995,0.051000000000000004
4198.731704,0.011
4198.929654,0.09
4199.127853999999,0.074
4199.325854,0.128
4199.523854,0.089
4199.721704,0.148
4199.919854,0.08
4200.117854,0.038
4200.3158539999995,0.123
4200.5139039999995,0.095
4200.712354,0.052000000000000005
4200.909904,0.095
4201.1079039999995,0.045
4201.305904,0.08
4201.503904,0.061
4201.701904,0.065
4201.899904,0.038
4202.098704,0.077
4202.295904,0.053
4202.691154,0.074
4202.8891539999995,0.014
4203.087154,0.036000000000000004
4203.285404,0.077
4203.483204,0.045
4203.6812039999995,0.088
4203.879404,0.112
4204.077204,0.115
4204.275404,0.019
4204.473204,0.061
4204.671204,0.10200000000000001
4204.869404,0.068
4205.067403999999,0.132
4205.265453999999,0.12
4205.463454,0.105
4205.661204,0.051000000000000004
4205.859203999999,0.089
4206.057454,0.139
4206.255454,0.076
4206.4534539999995,0.027
4206.651253999999,0.039
4206.849454,0.11900000000000001
4207.047454,0.085
4207.245653999999,0.07100000000000001
4207.443504,0.036000000000000004
4207.641504,0.082
4207.839504,0.105
4208.037504,0.112
4208.236304,0.082
4208.433504,0.07100000000000001
4208.631504,0.095
4208.829503999999,0.101
4209.027504,0.022
4209.225654,0.054
4209.423704,0.034
4209.621504,0.017
4209.819654,0.054
4210.0175039999995,0.037
4210.215654,0.117
4210.413704,0.055
4210.611704,0.033
4210.8095539999995,0.111
4211.007704,0.082
4211.205704,0.049
4211.404354,0.064
4211.601704,0.07100000000000001
4211.799704,0.075
4211.997703999999,0.088
4212.195704,0.054
4212.393704,0.042
4212.591754,0.056
4212.789854,0.089
4212.987754,0.068
4213.185954,0.017
4213.3837539999995,0.021
4213.581754,0.025
4213.779754,0.079
4213.977754,0.107
4214.175953999999,0.09
4214.374004,0.021
4214.572404,0.07200000000000001
4214.769804,0.028
4214.967904,0.05
4215.166004,0.051000000000000004
4215.364004,0.035
4215.561753999999,0.10200000000000001
4215.759904,0.04
4215.957904,0.139
4216.1560039999995,0.077
4216.354004,0.115
4216.552054,0.148
4216.749954,0.07200000000000001
4216.947954,0.042
4217.146204,0.038
4217.344004,0.076
4217.542004,0.058
4217.740454,0.056
4217.937954,0.051000000000000004
4218.136203999999,0.084
4218.334204,0.135
4218.532054,0.061
4218.7302039999995,0.032
4218.928003999999,0.081
4219.126854,0.039
4219.324204,0.07100000000000001
4219.522054,0.026000000000000002
4219.720053999999,0.096
4219.918004,0.009000000000000001
4220.116204,0.099
4220.314254,0.092
4220.512254,0.075
4220.710104,0.047
4220.908854,0.012
4221.106254,0.018000000000000002
4221.304254,0.092
4221.502254,0.07200000000000001
4221.700253999999,0.088
4221.898254,0.025
4222.293504,0.017
4222.689504,0.018000000000000002
4222.887504,0.139
4223.085554,0.054
4223.283554,0.054
4223.481554,0.051000000000000004
4223.679553999999,0.137
4223.877554,0.18
4224.075554,0.159
4224.273754,0.069
4224.471554,0.036000000000000004
4224.669554,0.018000000000000002
4224.867754,0.12
4225.065554,0.091
4225.263804,0.132
4225.461804,0.113
4225.6596039999995,0.034
4225.857554,0.049
4226.055804,0.082
4226.253804,0.018000000000000002
4226.451803999999,0.038
4226.649604,0.081
4226.847604,0.10300000000000001
4227.045803999999,0.067
4227.243853999999,0.07100000000000001
4227.441854,0.04
4227.639854,0.074
4227.837853999999,0.012
4228.035854,0.059000000000000004
4228.234654,0.081
4228.4318539999995,0.058
4228.629854,0.093
4228.827854,0.012
4229.0258539999995,0.10200000000000001
4229.224054,0.036000000000000004
4229.422054,0.039
4229.619854,0.08600000000000001
4229.818004,0.122
4230.015854,0.082
4230.214054,0.02
4230.412053999999,0.02
4230.609904,0.023
4230.808054,0.10400000000000001
4231.0060539999995,0.044
4231.204054,0.096
4231.402704,0.074
4231.600054,0.033
4231.798054,0.043000000000000003
4231.996054,0.07100000000000001
4232.194054,0.024
4232.392104,0.067
4232.590104,0.058
4232.788104,0.04
4232.986104,0.032
4233.184354,0.093
4233.382104,0.139
4233.580104,0.116
4233.778254,0.046
4233.976103999999,0.033
4234.174354,0.055
4234.372104,0.059000000000000004
4234.570753999999,0.02
4234.768254,0.047
4234.966254,0.073
4235.164354,0.058
4235.362354,0.035
4235.560104,0.049
4235.758253999999,0.04
4235.956254,0.111
4236.154354,0.116
4236.352404,0.094
4236.550154,0.03
4236.748304,0.013000000000000001
4236.946304,0.053
4237.1445539999995,0.058
4237.342404,0.081
4237.540403999999,0.042
4237.7389539999995,0.034
4237.936304,0.121
4238.134554,0.052000000000000005
4238.332404,0.033
4238.530404,0.121
4238.728554,0.068
4238.926354,0.073
4239.125204,0.015
4239.322553999999,0.077
4239.520404,0.038
4239.718554,0.074
4239.916354,0.047
4240.114603999999,0.031
4240.312604,0.062
4240.510604,0.093
4240.7086039999995,0.123
4240.907254,0.116
4241.104604,0.06
4241.3026039999995,0.057
4241.500604,0.128
4241.698604,0.064
4241.896604,0.082
4242.291854,0.083
4242.687854,0.097
4242.885904,0.032
4243.083904,0.10300000000000001
4243.2819039999995,0.092
4243.479904,0.07100000000000001
4243.677904,0.033
4243.8759039999995,0.031
4244.073904,0.081
4244.272154,0.053
4244.469904,0.093
4244.667904,0.045
4244.866104,0.08
4245.063954,0.063
4245.262154,0.038
4245.459954,0.007
4245.657954,0.191
4245.856154,0.045
4246.0541539999995,0.077
4246.252154,0.033
4246.450154,0.137
4246.647954,0.046
4246.846154,0.069
4247.044154,0.041
4247.242204,0.068
4247.4402039999995,0.048
4247.637954,0.147
4247.836204,0.124
4248.034204,0.02
4248.233004,0.053
4248.430204,0.008
4248.628204,0.045
4248.826204,0.078
4249.024203999999,0.032
4249.222404,0.077
4249.420254,0.105
4249.618254,0.1
4249.816204,0.088
4250.014204,0.062
4250.212404,0.088
4250.410404,0.061
4250.608254,0.166
4250.806404,0.11800000000000001
4251.0042539999995,0.088
4251.202404,0.068
4251.401054,0.064
4251.598403999999,0.10300000000000001
4251.796404,0.08
4251.994404,0.085
4252.192403999999,0.165
4252.390453999999,0.254
4252.588454,0.01
4252.786454,0.004
4252.9847039999995,0.095
4253.182454,0.11900000000000001
4253.380454,0.065
4253.578603999999,0.052000000000000005
4253.776604,0.062
4253.974654,0.054
4254.172704,0.109
4254.370454,0.019
4254.569254,0.14200000000000002
4254.7666039999995,0.036000000000000004
4254.964504,0.084
4255.162703999999,0.06
4255.360454,0.07200000000000001
4255.558504,0.083
4255.756604,0.042
4255.954854,0.009000000000000001
4256.152704,0.091
4256.350754,0.109
4256.548654,0.075
4256.746654,0.063
4256.944654,0.069
4257.1427539999995,0.061
4257.340754,0.056
4257.538754,0.082
4257.737304,0.079
4257.934654,0.078
4258.132904,0.055
4258.330754,0.117
4258.528804,0.197
4258.726704,0.23600000000000002
4258.924954,0.085
4259.123554,0.051000000000000004
4259.320904,0.114
4259.518904,0.059000000000000004
4259.716904,0.051000000000000004
4259.914704,0.062
4260.112954,0.124
4260.310954,0.075
4260.508804,0.046
4260.706954,0.049
4260.9053539999995,0.092
4261.102954,0.137
4261.300953999999,0.035
4261.498954,0.057
4261.696954,0.085
4262.092204,0.08600000000000001
4262.290204,0.017
4262.488204,0.09
4262.686254,0.108
4262.884254,0.041
4263.082254,0.029
4263.280254,0.054
4263.478254,0.089
4263.676254,0.05
4263.874253999999,0.108
4264.072254,0.036000000000000004
4264.270254,0.049
4264.468253999999,0.108
4264.666254,0.037
4264.864504,0.12
4265.0625039999995,0.075
4265.260504,0.034
4265.458304,0.01
4265.656504,0.057
4265.854504,0.045
4266.052304,0.133
4266.250504,0.127
4266.448304,0.029
4266.646304,0.034
4266.844504,0.034
4267.042554,0.067
4267.240554,0.191
4267.438553999999,0.091
4267.636304,0.122
4267.834554,0.106
4268.032704,0.093
4268.230554,0.014
4268.428554,0.06
4268.626704,0.003
4268.824554,0.04
4269.022554,0.122
4269.220754,0.132
4269.4186039999995,0.112
4269.616604,0.057
4269.814604,0.078
4270.012554,0.038
4270.210754,0.15
4270.408754,0.074
4270.606604,0.099
4270.804754,0.07200000000000001
4271.002804,0.106
4271.200804,0.064
4271.398754,0.084
4271.597404,0.058
4271.794754,0.036000000000000004
4271.992604,0.077
4272.190804,0.112
4272.388804,0.11
4272.586804,0.099
4272.784804,0.054
4272.982804,0.056
4273.180804,0.076
4273.378804,0.034
4273.576803999999,0.084
4273.774804,0.076
4273.973054,0.021
4274.1710539999995,0.033
4274.368853999999,0.029
4274.566954,0.10300000000000001
4274.765654,0.057
4274.962853999999,0.091
4275.161054,0.054
4275.358854,0.074
4275.557004,0.081
4275.754954,0.115
4275.952854,0.063
4276.1517539999995,0.124
4276.349104,0.032
4276.546904,0.029
4276.745003999999,0.074
4276.943254,0.132
4277.141103999999,0.076
4277.339104,0.07200000000000001
4277.537004,0.111
4277.735004,0.11900000000000001
4277.9336539999995,0.10300000000000001
4278.131254,0.056
4278.329154,0.043000000000000003
4278.527254,0.046
4278.725054,0.093
4278.923304,0.073
4279.121304,0.07200000000000001
4279.319754,0.018000000000000002
4279.517253999999,0.135
4279.715054,0.076
4279.913304,0.041
4280.111304,0.042
4280.309303999999,0.095
4280.507304,0.067
4280.705304,0.14100000000000001
4280.9033039999995,0.024
4281.101304,0.078
4281.299304,0.032
4281.497154,0.1
4281.892604,0.095
4282.288554,0.075
4282.486604,0.044
4282.684604,0.047
4282.882603999999,0.098
4283.080804,0.047
4283.278604,0.108
4283.4766039999995,0.073
4283.674854,0.039
4283.872604,0.044
4284.070854,0.122
4284.268604,0.017
4284.466604,0.093
4284.664854,0.053
4284.862654,0.057
4285.060853999999,0.145
4285.258654,0.21
4285.456654,0.146
4285.654904,0.225
4285.852854,0.057
4286.050854,0.11
4286.2488539999995,0.122
4286.446653999999,0.08600000000000001
4286.644854,0.092
4286.842904,0.03
4287.0409039999995,0.078
4287.238904,0.08600000000000001
4287.436904,0.166
4287.634904,0.077
4287.832904,0.027
4288.031054,0.007
4288.228904,0.063
4288.426904,0.064
4288.624904,0.051000000000000004
4288.822904,0.133
4289.0211039999995,0.147
4289.219104,0.19
4289.416954,0.07100000000000001
4289.6151039999995,0.058
4289.812954,0.051000000000000004
4290.011104,0.094
4290.209104,0.03
4290.406954,0.053
4290.605104,0.068
4290.802954,0.044
4291.001154,0.129
4291.199154,0.166
4291.397154,0.042
4291.595754,0.049
4291.793103999999,0.027
4291.991153999999,0.13
4292.189154,0.025
4292.387154,0.08
4292.585153999999,0.137
4292.783154,0.065
4292.981404,0.07200000000000001
4293.1791539999995,0.074
4293.377154,0.134
4293.575304,0.145
4293.7731539999995,0.156
4293.971404,0.17300000000000001
4294.169204,0.128
4294.367204,0.053
4294.565353999999,0.10400000000000001
4294.764004,0.004
4294.961454,0.066
4295.159404,0.065
4295.357204,0.09
4295.555354,0.057
4295.7533539999995,0.028
4295.951454,0.04
4296.150103999999,0.059000000000000004
4296.347254,0.062
4296.545354,0.056
4296.743404,0.107
4296.941604,0.122
4297.139454,0.029
4297.3374539999995,0.027
4297.535354,0.053
4297.733354,0.064
4297.932253999999,0.029
4298.1295039999995,0.07200000000000001
4298.327504,0.156
4298.525654,0.124
4298.723403999999,0.03
4298.921654,0.079
4299.119654,0.037
4299.318154,0.101
4299.515654,0.052000000000000005
4299.713404,0.095
4299.9116539999995,0.073
4300.109654,0.066
4300.307654,0.101
4300.505654,0.012
4300.703654,0.064
4300.901654,0.054
4301.099654,0.07
4301.297654,0.007
4301.495653999999,0.027
4301.8909539999995,0.036000000000000004
4302.088954,0.042
4302.286954,0.045
4302.484954,0.07200000000000001
4302.682954,0.036000000000000004
4302.881154,0.018000000000000002
4303.078954,0.09
4303.276954,0.112
4303.475203999999,0.048
4303.672954,0.019
4303.870954,0.078
4304.069203999999,0.053
4304.266954,0.04
4304.464954,0.055
4304.6632039999995,0.031
4304.861003999999,0.054
4305.059204,0.092
4305.257004,0.016
4305.4550039999995,0.089
4305.653254,0.023
4305.851254,0.058
4306.049204,0.123
4306.247204,0.024
4306.445204,0.059000000000000004
4306.643254,0.067
4306.841404,0.063
4307.039254,0.06
4307.237254,0.028
4307.435254,0.083
4307.633253999999,0.223
4307.831254,0.08
4308.029404,0.111
4308.227253999999,0.032
4308.425254,0.095
4308.623254,0.075
4308.821454,0.033
4309.019454,0.08
4309.217304,0.077
4309.415454,0.17
4309.613453999999,0.078
4309.811304,0.07
4310.009454,0.076
4310.207453999999,0.044
4310.405304,0.061
4310.603454,0.08
4310.801304,0.126
4310.999503999999,0.096
4311.197504,0.029
4311.395304,0.115
4311.5935039999995,0.051000000000000004
4311.792354,0.07200000000000001
4311.989504,0.152
4312.1875039999995,0.113
4312.385654,0.111
4312.583504,0.015
4312.781504,0.07200000000000001
4312.979504,0.088
4313.178154,0.094
4313.375504,0.07100000000000001
4313.573654,0.053
4313.771503999999,0.077
4313.969754,0.067
4314.167554,0.149
4314.365554,0.017
4314.563704,0.05
4314.761804,0.057
4314.9604039999995,0.096
4315.157553999999,0.107
4315.355704,0.027
4315.553704,0.099
4315.751704,0.1
4315.949804,0.128
4316.147804,0.108
4316.3462039999995,0.099
4316.543753999999,0.022
4316.741754,0.03
4316.939804,0.032
4317.137804,0.085
4317.335803999999,0.034
4317.5337039999995,0.041
4317.731954,0.176
4317.929954,0.097
4318.127853999999,0.11800000000000001
4318.326004,0.153
4318.523754,0.041
4318.721754,0.112
4318.920004,0.105
4319.118004,0.08700000000000001
4319.3158539999995,0.054
4319.514654,0.151
4319.711754,0.12
4319.910003999999,0.10400000000000001
4320.108004,0.092
4320.305904,0.113
4320.504054,0.076
4320.702053999999,0.121
4320.900004,0.055
4321.295304,0.055
4321.691304,0.078
4321.889303999999,0.128
4322.087304,0.124
4322.285304,0.039
4322.483303999999,0.022
4322.681304,0.084
4322.879304,0.014
4323.0773039999995,0.013000000000000001
4323.275353999999,0.12
4323.473354,0.101
4323.671354,0.063
4323.869554,0.105
4324.067304,0.11800000000000001
4324.265304,0.042
4324.463554,0.051000000000000004
4324.661554,0.026000000000000002
4324.859354,0.029
4325.057604,0.106
4325.255354,0.074
4325.453354,0.09
4325.651604,0.032
4325.849354,0.159
4326.047603999999,0.004
4326.245354,0.094
4326.443354,0.096
4326.6416039999995,0.082
4326.839754,0.088
4327.037604,0.11
4327.235654,0.014
4327.433604,0.099
4327.631604,0.039
4327.829753999999,0.024
4328.027604,0.077
4328.225604,0.066
4328.423654,0.042
4328.621654,0.054
4328.819804,0.084
4329.017804,0.013000000000000001
4329.215654,0.068
4329.413804,0.032
4329.611653999999,0.047
4329.8098039999995,0.101
4330.007804,0.101
4330.205804,0.149
4330.403804,0.055
4330.601854,0.116
4330.799854,0.135
4330.997854,0.155
4331.195854,0.231
4331.393854,0.068
4331.591854,0.151
4331.790504,0.137
4331.987854,0.078
4332.185853999999,0.028
4332.384004,0.088
4332.581854,0.036000000000000004
4332.7801039999995,0.056
4332.977854,0.032
4333.176504,0.034
4333.374004,0.06
4333.571854,0.081
4333.770104,0.056
4333.968154,0.042
4334.1659039999995,0.045
4334.364054,0.075
4334.562054,0.059000000000000004
4334.760154,0.076
4334.958754,0.02
4335.155904,0.037
4335.354053999999,0.077
4335.552054,0.064
4335.750254,0.048
4335.948154,0.146
4336.146154,0.20700000000000002
4336.344704,0.09
4336.542104,0.15
4336.740304,0.201
4336.9381539999995,0.178
4337.136154,0.096
4337.334104,0.045
4337.532104,0.033
4337.730304,0.014
4337.928304,0.063
4338.126303999999,0.249
4338.324353999999,0.11
4338.522104,0.078
4338.720354,0.007
4338.918353999999,0.056
4339.116204,0.11
4339.314354,0.159
4339.5130039999995,0.066
4339.710354,0.084
4339.908354,0.017
4340.106503999999,0.061
4340.3044039999995,0.043000000000000003
4340.502404,0.083
4340.700404,0.066
4340.898404,0.054
4341.293854,0.11800000000000001
4341.689654,0.202
4341.887654,0.23900000000000002
4342.0856539999995,0.26
4342.283854,0.07200000000000001
4342.481654,0.134
4342.679904,0.199
4342.877654,0.03
4343.075704,0.048
4343.273904,0.034
4343.471904,0.089
4343.669704,0.168
4343.867904,0.113
4344.065654,0.037
4344.2639039999995,0.14
4344.461904,0.029
4344.659704,0.227
4344.857954,0.025
4345.055703999999,0.084
4345.253954,0.077
4345.451954,0.078
4345.6499539999995,0.115
4345.847954,0.04
4346.045954,0.202
4346.243954,0.155
4346.441954,0.019
4346.639954,0.234
4346.837954,0.094
4347.036004,0.067
4347.234154,0.145
4347.432004,0.095
4347.629954,0.051000000000000004
4347.8302539999995,0.094
4348.025954,0.184
4348.2241539999995,0.074
4348.422104,0.084
4348.620003999999,0.301
4348.818154,0.07
4349.016154,0.152
4349.216304,0.068
4349.412154,0.009000000000000001
4349.610004,0.14400000000000002
4349.808153999999,0.08600000000000001
4350.006154,0.149
4350.204204,0.092
4350.402204,0.157
4350.600054,0.034
4350.798204,0.149
4350.998353999999,0.162
4351.194354,0.121
4351.392204,0.177
4351.590204,0.491
4351.7882039999995,0.361
4351.986204,0.251
4352.184354,0.1
4352.382204,0.136
4352.580454,0.067
4352.779603999999,0.027
4352.976254,0.084
4353.174403999999,0.038
4353.372404,0.108
4353.570254,0.108
4353.768454,0.082
4353.966254,0.126
4354.164404,0.105
4354.3624039999995,0.02
4354.560404,0.123
4354.758503999999,0.107
4354.956504,0.074
4355.154404,0.011
4355.352404,0.127
4355.550654,0.084
4355.748504,0.129
4355.946504,0.171
4356.144454,0.145
4356.342454,0.098
4356.540454,0.097
4356.738703999999,0.148
4356.936504,0.093
4357.136154,0.056
4357.332453999999,0.094
4357.530454,0.08700000000000001
4357.728704,0.044
4357.926554,0.097
4358.124704,0.02
4358.322704,0.059000000000000004
4358.520704,0.064
4358.7203039999995,0.075
4358.916704,0.038
4359.114704,0.069
4359.312704,0.14100000000000001
4359.511853999999,0.052000000000000005
4359.708704,0.067
4359.906704,0.088
4360.106554,0.044
4360.302753999999,0.056
4360.5009039999995,0.049
4360.698754,0.022
4360.898553999999,0.01
4361.292004,0.029
4361.490004,0.04
4361.688004,0.022
4361.886004,0.041
4362.084003999999,0.044
4362.282254,0.081
4362.481404,0.045
4362.6782539999995,0.105
4362.876053999999,0.042
4363.074054,0.051000000000000004
4363.2722539999995,0.089
4363.470053999999,0.091
4363.668254,0.097
4363.866254,0.045
4364.0640539999995,0.066
4364.262254,0.065
4364.460254,0.04
4364.658304,0.036000000000000004
4364.856304,0.036000000000000004
4365.055453999999,0.054
4365.252304,0.06
4365.450304,0.05
4365.648303999999,0.105
4365.846304,0.038
4366.044304,0.029
4366.242303999999,0.037
4366.440304,0.063
4366.638304,0.038
4366.836354,0.085
4367.034353999999,0.062
4367.232354,0.11800000000000001
4367.430354,0.037
4367.628504,0.08600000000000001
4367.826504,0.069
4368.024354,0.029
4368.222503999999,0.032
4368.420354,0.094
4368.619954,0.20500000000000002
4368.816503999999,0.14
4369.014354,0.029
4369.212504,0.079
4369.4105039999995,0.18
4369.608354,0.189
4369.806504,0.077
4370.004554,0.185
4370.2025539999995,0.121
4370.400554,0.036000000000000004
4370.598554,0.088
4370.796554,0.084
4370.994554,0.067
4371.192554,0.08
4371.390554,0.057
4371.588804,0.055
4371.786554,0.074
4371.984604,0.056
4372.182704,0.077
4372.380604,0.075
4372.578603999999,0.028
4372.776604,0.045
4372.975404,0.128
4373.172754,0.078
4373.370754,0.115
4373.568804,0.095
4373.766804,0.08600000000000001
4373.964604,0.031
4374.162754,0.166
4374.360753999999,0.132
4374.560904,0.1
4374.756854,0.043000000000000003
4374.954604,0.08600000000000001
4375.152754,0.05
4375.350754,0.04
4375.5490039999995,0.025
4375.746854,0.12
4375.944853999999,0.063
4376.142804,0.029
4376.3408039999995,0.052000000000000005
4376.539004,0.046
4376.736903999999,0.029
4376.934904,0.135
4377.133054,0.09
4377.330804,0.058
4377.528804,0.028
4377.729154,0.132
4377.9249039999995,0.134
4378.123054,0.038
4378.320854,0.092
4378.519053999999,0.157
4378.717054,0.14400000000000002
4378.915054,0.13
4379.115204,0.029
4379.311054,0.073
4379.509054,0.06
4379.7070539999995,0.034
4379.905054,0.083
4380.103104,0.085
4380.301104,0.06
4380.4988539999995,0.06
4380.894354,0.057
4381.290354,0.03
4381.488354,0.067
4381.6863539999995,0.116
4381.884354,0.085
4382.082354,0.028
4382.2803539999995,0.085
4382.478354,0.057
4382.676604,0.079
4382.874404,0.03
4383.072404,0.075
4383.270603999999,0.099
4383.468404,0.051000000000000004
4383.666654,0.048
4383.864404,0.04
4384.062404,0.184
4384.260604,0.117
4384.458404,0.091
4384.656653999999,0.028
4384.854654,0.043000000000000003
4385.052454,0.101
4385.2506539999995,0.094
4385.448654,0.017
4385.646654,0.116
4385.8446539999995,0.011
4386.042453999999,0.09
4386.240654,0.106
4386.438654,0.046
4386.636853999999,0.095
4386.834704,0.065
4387.032704,0.047
4387.230704,0.065
4387.428704,0.094
4387.626854,0.062
4387.824704,0.17500000000000002
4388.022704,0.17400000000000002
4388.220703999999,0.081
4388.418704,0.054
4388.616854,0.02
4388.814904,0.08700000000000001
4389.012753999999,0.08600000000000001
4389.210904,0.09
4389.4087039999995,0.052000000000000005
4389.606854,0.115
4389.804904,0.099
4390.002754,0.125
4390.200903999999,0.027
4390.398904,0.063
4390.599004,0.055
4390.794903999999,0.138
4390.992904,0.11
4391.190904,0.057
4391.3889039999995,0.08
4391.586904,0.113
4391.784904,0.127
4391.9829039999995,0.077
4392.181054,0.20500000000000002
4392.378954,0.024
4392.577154,0.016
4392.7749539999995,0.089
4392.972954,0.02
4393.171104,0.066
4393.368954,0.025
4393.567153999999,0.14400000000000002
4393.767253999999,0.085
4393.962954,0.11900000000000001
4394.161104,0.094
4394.359104,0.136
4394.557204,0.308
4394.755204,0.124
4394.952953999999,0.089
4395.153254,0.126
4395.349104,0.056
4395.5472039999995,0.037
4395.745204,0.039
4395.943204,0.069
4396.141154,0.02
4396.339154,0.158
4396.537404,0.166
4396.735254,0.093
4396.935404,0.145
4397.131154,0.168
4397.329154,0.167
4397.5274039999995,0.073
4397.725404,0.032
4397.923253999999,0.03
4398.1214039999995,0.048
4398.3212539999995,0.04
4398.517404,0.153
4398.715404,0.07100000000000001
4398.913254,0.176
4399.111404,0.123
4399.3095539999995,0.068
4399.507404,0.139
4399.705454,0.095
4399.9035539999995,0.129
4400.101454,0.049
4400.299454,0.062
4400.497453999999,0.074
4400.892704,0.11800000000000001
4401.090704,0.053
4401.288754,0.07200000000000001
4401.486704,0.096
4401.684704,0.106
4401.882704,0.14100000000000001
4402.080704,0.06
4402.278703999999,0.14100000000000001
4402.476954,0.228
4402.674754,0.125
4402.872754,0.066
4403.070954,0.033
4403.268954,0.016
4403.466754,0.042
4403.6650039999995,0.057
4403.862754,0.04
4404.060754,0.117
4404.258954,0.10300000000000001
4404.456754,0.124
4404.655004,0.099
4404.852804,0.035
4405.0508039999995,0.084
4405.249004,0.11800000000000001
4405.4471539999995,0.026000000000000002
4405.645004,0.111
4405.843003999999,0.038
4406.041004,0.097
4406.239004,0.074
4406.437003999999,0.047
4406.635053999999,0.033
4406.833054,0.052000000000000005
4407.031054,0.112
4407.229053999999,0.058
4407.427054,0.10300000000000001
4407.625204,0.078
4407.8230539999995,0.135
4408.021204,0.031
4408.219054,0.054
4408.417203999999,0.084
4408.615253999999,0.028
4408.813254,0.081
4409.011254,0.078
4409.209253999999,0.07200000000000001
4409.407054,0.047
4409.605254,0.074
4409.8032539999995,0.069
4410.001104,0.106
4410.199254,0.043000000000000003
4410.397104,0.031
4410.595254,0.07200000000000001
4410.793254,0.07
4410.991254,0.084
4411.189254,0.132
4411.388604,0.085
4411.585254,0.042
4411.783304,0.027
4411.981404,0.063
4412.179304,0.029
4412.377304,0.081
4412.575554,0.055
4412.773303999999,0.067
4412.971304,0.045
4413.169454,0.043000000000000003
4413.367303999999,0.061
4413.565554,0.064
4413.763304,0.082
4413.961354,0.135
4414.159454,0.11900000000000001
4414.357554,0.037
4414.5562039999995,0.049
4414.753554,0.095
4414.951504,0.11800000000000001
4415.149504,0.10300000000000001
4415.347704,0.049
4415.545553999999,0.048
4415.743604,0.013000000000000001
4415.941354,0.081
4416.139504,0.037
4416.337504,0.07
4416.5357539999995,0.012
4416.733604,0.049
4416.931603999999,0.14100000000000001
4417.1295039999995,0.132
4417.327754,0.085
4417.525754,0.075
4417.724254,0.049
4417.921754,0.053
4418.119753999999,0.023
4418.317554,0.036000000000000004
4418.515804,0.034
4418.713804,0.046
4418.911604,0.05
4419.110404,0.092
4419.307554,0.044
4419.505803999999,0.054
4419.703804,0.097
4419.901654,0.021
4420.297054,0.052000000000000005
4420.693053999999,0.07100000000000001
4420.891054,0.114
4421.089104,0.008
4421.287104,0.16
4421.485103999999,0.101
4421.683054,0.107
4421.8810539999995,0.042
4422.079304,0.078
4422.277104,0.038
4422.475104,0.004
4422.6731039999995,0.021
4422.871104,0.012
4423.069104,0.053
4423.267104,0.059000000000000004
4423.465354,0.09
4423.663354,0.07200000000000001
4423.861104,0.068
4424.059354,0.038
4424.257353999999,0.056
4424.455154,0.032
4424.653354,0.042
4424.851154,0.067
4425.049153999999,0.077
4425.247354,0.081
4425.445554,0.116
4425.643354,0.06
4425.841354,0.064
4426.039354,0.058
4426.237354,0.116
4426.435554,0.05
4426.633404,0.108
4426.831404,0.021
4427.029404,0.006
4427.227404,0.11
4427.425404,0.039
4427.623554,0.08
4427.821403999999,0.137
4428.019404,0.098
4428.217404,0.029
4428.415604,0.035
4428.613604,0.058
4428.811454,0.027
4429.009604,0.021
4429.207604,0.066
4429.405604,0.023
4429.603604,0.037
4429.801604,0.096
4430.000254,0.106
4430.197604,0.062
4430.395654,0.034
4430.593654,0.074
4430.791654,0.069
4430.989804,0.10300000000000001
4431.187604,0.031
4431.386504,0.021
4431.583654,0.046
4431.781653999999,0.085
4431.979804,0.041
4432.177654,0.038
4432.3759039999995,0.04
4432.573654,0.094
4432.771654,0.037
4432.969803999999,0.12
4433.167804,0.063
4433.365904,0.117
4433.563904,0.097
4433.761704,0.015
4433.959804,0.124
4434.157854,0.062
4434.355904,0.03
4434.554553999999,0.08600000000000001
4434.751904,0.074
4434.9498539999995,0.026000000000000002
4435.147854,0.116
4435.346054,0.147
4435.543954,0.032
4435.741954,0.136
4435.939854,0.038
4436.137854,0.052000000000000005
4436.336104,0.073
4436.5339539999995,0.064
4436.731954,0.02
4436.930104,0.058
4437.128103999999,0.062
4437.326104,0.083
4437.524104,0.069
4437.722604,0.07200000000000001
4437.920104,0.13
4438.117904,0.067
4438.316154,0.027
4438.5141539999995,0.067
4438.712154,0.066
4438.910154,0.069
4439.108854,0.046
4439.306154,0.08600000000000001
4439.504154,0.054
4439.702154,0.095
4439.900154,0.094
4440.295604,0.021
4440.691404,0.115
4440.889454,0.04
4441.0874539999995,0.046
4441.285654,0.069
4441.483454,0.076
4441.681454,0.055
4441.879454,0.07200000000000001
4442.077454,0.036000000000000004
4442.275654,0.029
4442.473653999999,0.031
4442.671453999999,0.014
4442.869454,0.025
4443.067704,0.066
4443.2657039999995,0.034
4443.463704,0.013000000000000001
4443.661454,0.06
4443.8594539999995,0.059000000000000004
4444.057704,0.10300000000000001
4444.255704,0.095
4444.453704,0.067
4444.651704,0.019
4444.849504,0.034
4445.047754,0.055
4445.245903999999,0.039
4445.443754,0.065
4445.641704,0.033
4445.839504,0.083
4446.037703999999,0.032
4446.235904,0.045
4446.4339039999995,0.058
4446.631754,0.032
4446.829753999999,0.04
4447.027754,0.023
4447.225904,0.025
4447.423904,0.07100000000000001
4447.621754,0.024
4447.819754,0.07200000000000001
4448.017954,0.064
4448.216604,0.096
4448.413954,0.012
4448.611954,0.048
4448.8098039999995,0.004
4449.007954,0.058
4449.205954,0.069
4449.403953999999,0.024
4449.601954,0.08
4449.799954,0.074
4449.998603999999,0.008
4450.196204,0.06
4450.394004,0.05
4450.592004,0.04
4450.790153999999,0.004
4450.988004,0.023
4451.186204,0.08600000000000001
4451.3846539999995,0.07200000000000001
4451.582004,0.091
4451.780154,0.044
4451.978153999999,0.083
4452.176254,0.107
4452.374253999999,0.046
4452.572004,0.06
4452.770154,0.037
4452.968154,0.058
4453.166254,0.037
4453.364254,0.06
4453.562054,0.024
4453.760053999999,0.039
4453.958204,0.027
4454.156403999999,0.018000000000000002
4454.3543039999995,0.054
4454.552904,0.078
4454.750054,0.023
4454.948203999999,0.024
4455.146404,0.03
4455.344304,0.021
4455.542304,0.013000000000000001
4455.740454,0.049
4455.938204,0.049
4456.1364539999995,0.007
4456.334454,0.062
4456.532303999999,0.063
4456.730304,0.049
4456.928204,0.106
4457.126454,0.045
4457.324454,0.046
4457.522454,0.039
4457.721004,0.059000000000000004
4457.918504,0.062
4458.116504,0.041
4458.314504,0.07100000000000001
4458.512503999999,0.045
4458.710504,0.001
4458.908504,0.033
4459.107153999999,0.012
4459.304504,0.056
4459.502504,0.052000000000000005
4459.700654,0.055
4460.095754,0.036000000000000004
4460.293753999999,0.054
4460.491804,0.069
4460.689804,0.063
4460.887804,0.051000000000000004
4461.085803999999,0.047
4461.284054,0.025
4461.481804,0.034
4461.679803999999,0.051000000000000004
4461.878004,0.046
4462.075804,0.041
4462.2740539999995,0.067
4462.471804,0.037
4462.669854,0.033
4462.867854,0.057
4463.066054,0.008
4463.264054,0.003
4463.462054,0.029
4463.659804,0.12
4463.857854,0.008
4464.056054,0.051000000000000004
4464.254104,0.051000000000000004
4464.452104,0.042
4464.649854,0.081
4464.848104,0.034
4465.046104,0.11
4465.244854,0.055
4465.442104,0.095
4465.640104,0.051000000000000004
4465.8381039999995,0.064
4466.036104,0.078
4466.234254,0.027
4466.4321039999995,0.044
4466.6301539999995,0.073
4466.828154,0.057
4467.026104,0.055
4467.224254,0.091
4467.422254,0.039
4467.620104,0.042
4467.818303999999,0.081
4468.016103999999,0.032
4468.214304,0.07100000000000001
4468.412953999999,0.03
4468.610304,0.08
4468.808153999999,0.019
4469.006304,0.047
4469.2043539999995,0.036000000000000004
4469.402304,0.047
4469.600304,0.027
4469.798154,0.014
4469.996354,0.045
4470.194354,0.111
4470.392354,0.089
4470.590354,0.038
4470.788504,0.006
4470.986354,0.053
4471.1845539999995,0.08
4471.382353999999,0.08600000000000001
4471.581004,0.1
4471.778354,0.052000000000000005
4471.976353999999,0.058
4472.174604,0.058
4472.372604,0.04
4472.5703539999995,0.03
4472.768354,0.032
4472.966504,0.047
4473.164604,0.027
4473.362604,0.055
4473.560404,0.043000000000000003
4473.758554,0.029
4473.956553999999,0.046
4474.154654,0.005
4474.352653999999,0.058
4474.550654,0.025
4474.749204,0.038
4474.946554,0.062
4475.144804,0.019
4475.342654,0.04
4475.540653999999,0.02
4475.738453999999,0.048
4475.9366039999995,0.05
4476.135454,0.042
4476.332804,0.05
4476.530654,0.108
4476.728803999999,0.057
4476.926604,0.063
4477.124804,0.039
4477.322803999999,0.034
4477.520704,0.084
4477.718704,0.032
4477.917504,0.016
4478.1148539999995,0.023
4478.312854,0.018000000000000002
4478.510854,0.045
4478.7088539999995,0.019
4478.906854,0.1
4479.104854,0.054
4479.3035039999995,0.034
4479.500854,0.11800000000000001
4479.698904,0.05
4480.094104,0.03
4480.292154,0.067
4480.490154,0.059000000000000004
4480.6881539999995,0.037
4480.886154,0.043000000000000003
4481.084154,0.027
4481.2821539999995,0.03
4481.480154,0.049
4481.678154,0.033
4481.876354,0.076
4482.074154,0.044
4482.272403999999,0.058
4482.470204,0.096
4482.668204,0.091
4482.866403999999,0.043000000000000003
4483.064204,0.05
4483.262404,0.053
4483.460204,0.08700000000000001
4483.658203999999,0.035
4483.856404,0.04
4484.0544039999995,0.04
4484.2524539999995,0.048
4484.450454,0.052000000000000005
4484.648204,0.046
4484.8464539999995,0.063
4485.044454,0.013000000000000001
4485.242454,0.03
4485.440454,0.029
4485.638454,0.039
4485.836454,0.017
4486.034454,0.045
4486.2326539999995,0.09
4486.430504,0.037
4486.628504,0.008
4486.826504,0.031
4487.024504,0.044
4487.222654,0.035
4487.420654,0.043000000000000003
4487.618504,0.031
4487.816654,0.06
4488.014504,0.07
4488.212654,0.065
4488.410704,0.08700000000000001
4488.608504,0.038
4488.806654,0.013000000000000001
4489.0045039999995,0.029
4489.202654,0.048
4489.400654,0.007
4489.598704,0.061
4489.796703999999,0.007
4489.994704,0.07200000000000001
4490.192704,0.049
4490.3907039999995,0.016
4490.588704,0.046
4490.786704,0.062
4490.9847039999995,0.022
4491.182904,0.077
4491.380704,0.066
4491.578704,0.067
4491.777504,0.009000000000000001
4491.974754,0.031
4492.172954,0.016
4492.370754,0.066
4492.568754,0.059000000000000004
4492.766904,0.008
4492.964854,0.023
4493.163603999999,0.032
4493.360954,0.026000000000000002
4493.558754,0.047
4493.756904,0.044
4493.954904,0.019
4494.153004,0.049
4494.351004,0.039
4494.5487539999995,0.031
4494.746904,0.016
4494.945554,0.052000000000000005
4495.143153999999,0.037
4495.341004,0.051000000000000004
4495.539004,0.074
4495.736954,0.067
4495.934953999999,0.026000000000000002
4496.133204,0.021
4496.331654,0.033
4496.529154,0.064
4496.727154,0.06
4496.924954,0.035
4497.1232039999995,0.06
4497.321204,0.049
4497.519204,0.043000000000000003
4497.717204,0.049
4497.9150039999995,0.038
4498.113204,0.036000000000000004
4498.311204,0.046
4498.509204,0.041
4498.707203999999,0.055
4498.9053539999995,0.033
4499.103204,0.038
4499.301203999999,0.04
4499.5000039999995,0.074
4499.894504,0.038
4500.092504,0.008
4500.290504,0.03
4500.488504,0.02
4500.686704,0.036000000000000004
4500.884504,0.02
4501.082504,0.032
4501.280503999999,0.003
4501.478504,0.038
4501.676504,0.027
4501.874503999999,0.073
4502.072754,0.025
4502.270754,0.028
4502.468554,0.028
4502.666754,0.06
4502.864754,0.014
4503.062554,0.069
4503.260754,0.041
4503.458554,0.006
4503.656554,0.009000000000000001
4503.854754,0.077
4504.052554,0.018000000000000002
4504.250804,0.025
4504.448804,0.012
4504.646604,0.065
4504.844803999999,0.10200000000000001
4505.042954,0.063
4505.240804,0.03
4505.438803999999,0.016
4505.636804,0.042
4505.834804,0.054
4506.0328039999995,0.073
4506.231004,0.073
4506.428854,0.037
4506.626854,0.058
4506.8248539999995,0.064
4507.023004,0.009000000000000001
4507.221004,0.079
4507.418854,0.027
4507.616854,0.022
4507.814854,0.035
4508.0130039999995,0.022
4508.211053999999,0.062
4508.409054,0.057
4508.607054,0.043000000000000003
4508.805654,0.02
4509.002853999999,0.013000000000000001
4509.201054,0.013000000000000001
4509.3990539999995,0.066
4509.596904,0.022
4509.795054,0.07100000000000001
4509.993054,0.017
4510.191704,0.028
4510.389054,0.023
4510.587054,0.029
4510.785054,0.009000000000000001
4510.983303999999,0.061
4511.181054,0.055
4511.379104,0.163
4511.577204,0.02
4511.775254,0.088
4511.973704,0.018000000000000002
4512.171354,0.124
4512.369103999999,0.08700000000000001
4512.567254,0.05
4512.765254,0.07100000000000001
4512.9631039999995,0.064
4513.161354,0.027
4513.359754,0.053
4513.557253999999,0.024
4513.755254,0.017
4513.953504,0.07
4514.151354,0.065
4514.349354,0.064
4514.547254,0.055
4514.7452539999995,0.03
4514.943254,0.004
4515.141353999999,0.034
4515.339403999999,0.029
4515.537504,0.031
4515.735304,0.038
4515.933304,0.066
4516.131554,0.055
4516.329404,0.032
4516.528053999999,0.049
4516.725304,0.027
4516.923554,0.061
4517.121553999999,0.023
4517.319554,0.082
4517.517554,0.078
4517.715553999999,0.053
4517.913353999999,0.036000000000000004
4518.111554,0.065
4518.3095539999995,0.08700000000000001
4518.507404,0.025
4518.705554,0.075
4518.903354,0.02
4519.1016039999995,0.066
4519.299604,0.07200000000000001
4519.694853999999,0.038
4520.090854,0.053
4520.288853999999,0.006
4520.486854,0.038
4520.684904,0.054
4520.8828539999995,0.044
4521.081104,0.05
4521.278854,0.032
4521.476854,0.027
4521.675104,0.133
4521.872904,0.076
4522.071104,0.126
4522.268904,0.069
4522.466904,0.04
4522.665153999999,0.012
4522.863154,0.036000000000000004
4523.061154,0.07
4523.259104,0.067
4523.456904,0.059000000000000004
4523.6551039999995,0.114
4523.853153999999,0.136
4524.050953999999,0.07
4524.249154,0.02
4524.446954,0.031
4524.644953999999,0.109
4524.843154,0.035
4525.041154,0.079
4525.239154,0.052000000000000005
4525.437154,0.078
4525.634954,0.043000000000000003
4525.833154,0.061
4526.031354,0.068
4526.229204,0.029
4526.427204,0.042
4526.625354,0.022
4526.823203999999,0.038
4527.021204,0.011
4527.219354,0.06
4527.417203999999,0.089
4527.615354,0.051000000000000004
4527.813204,0.079
4528.011404,0.02
4528.209354,0.049
4528.407404,0.024
4528.605404,0.074
4528.804004,0.013000000000000001
4529.001404,0.022
4529.199404,0.10400000000000001
4529.397403999999,0.053
4529.595404,0.026000000000000002
4529.793404,0.063
4529.991254,0.041
4530.190054,0.002
4530.387404,0.092
4530.585554,0.037
4530.783404,0.024
4530.981654,0.079
4531.179454,0.03
4531.3774539999995,0.03
4531.575604,0.06
4531.773454,0.063
4531.972304,0.078
4532.169704,0.014
4532.367454,0.066
4532.565603999999,0.02
4532.763604,0.06
4532.961703999999,0.03
4533.159704,0.025
4533.358104,0.07
4533.555604,0.07
4533.753654,0.025
4533.951704,0.064
4534.1497039999995,0.05
4534.347704,0.039
4534.545604,0.027
4534.743654,0.023
4534.941854,0.067
4535.139754,0.013000000000000001
4535.337754,0.05
4535.535653999999,0.043000000000000003
4535.733654,0.112
4535.931904,0.025
4536.129903999999,0.055
4536.327754,0.036000000000000004
4536.526554,0.029
4536.723653999999,0.061
4536.921904,0.055
4537.119904,0.006
4537.317803999999,0.031
4537.515904,0.036000000000000004
4537.713704,0.06
4537.911954,0.055
4538.109904,0.066
4538.307904,0.049
4538.505904,0.06
4538.703954,0.038
4538.901954,0.02
4539.2972039999995,0.08
4539.693204,0.004
4539.891204,0.043000000000000003
4540.089204,0.012
4540.287254,0.053
4540.485254,0.033
4540.683254,0.076
4540.881254,0.055
4541.079204,0.022
4541.277204,0.084
4541.475254,0.034
4541.673454,0.058
4541.871254,0.046
4542.069504,0.023
4542.267253999999,0.069
4542.465254,0.069
4542.663504,0.08
4542.8612539999995,0.075
4543.059504,0.002
4543.257254,0.045
4543.4552539999995,0.031
4543.653504,0.03
4543.851504,0.038
4544.049504,0.036000000000000004
4544.247554,0.032
4544.445304,0.099
4544.643504,0.024
4544.841504,0.075
4545.039503999999,0.039
4545.237553999999,0.038
4545.435554,0.109
4545.633554,0.017
4545.831704,0.085
4546.029704,0.02
4546.227554,0.089
4546.425704,0.021
4546.623554,0.065
4546.821704,0.055
4547.019703999999,0.025
4547.217704,0.034
4547.415754,0.051000000000000004
4547.613754,0.055
4547.8116039999995,0.017
4548.009754,0.053
4548.207754,0.055
4548.405604,0.037
4548.603754,0.065
4548.802404,0.062
4548.9997539999995,0.079
4549.197754,0.031
4549.395904,0.031
4549.593804,0.017
4549.7918039999995,0.056
4549.989804,0.096
4550.1884039999995,0.054
4550.385754,0.006
4550.583754,0.05
4550.781804,0.031
4550.980004,0.021
4551.177804,0.032
4551.375954,0.065
4551.5739539999995,0.026000000000000002
4551.772054,0.021
4551.970654,0.069
4552.167804,0.037
4552.365954,0.10400000000000001
4552.563954,0.066
4552.761954,0.017
4552.960054,0.036000000000000004
4553.1580539999995,0.049
4553.356503999999,0.04
4553.553954,0.025
4553.752004,0.056
4553.950054,0.07100000000000001
4554.148054,0.049
4554.346004,0.002
4554.544003999999,0.078
4554.742204,0.047
4554.9402039999995,0.057
4555.138104,0.095
4555.336254,0.048
4555.534054,0.03
4555.732054,0.096
4555.930254,0.067
4556.128103999999,0.047
4556.326104,0.07100000000000001
4556.524904,0.05
4556.722054,0.065
4556.920254,0.055
4557.118254,0.024
4557.316304,0.065
4557.514303999999,0.09
4557.712304,0.017
4557.910304,0.093
4558.108303999999,0.078
4558.306454,0.064
4558.504304,0.037
4558.7023039999995,0.031
4558.900304,0.023
4559.295553999999,0.058
4559.493554,0.077
4559.691554,0.036000000000000004
4559.889604,0.038
4560.087603999999,0.046
4560.285604,0.075
4560.483604,0.022
4560.681603999999,0.097
4560.879804,0.027
4561.077604,0.04
4561.2756039999995,0.043000000000000003
4561.473804,0.067
4561.671604,0.089
4561.8696039999995,0.058
4562.067854,0.077
4562.265654,0.055
4562.463854,0.062
4562.661854,0.008
4562.859604,0.074
4563.057854,0.016
4563.255654,0.024
4563.453853999999,0.075
4563.651854,0.037
4563.849904,0.092
4564.047904,0.011
4564.245903999999,0.067
4564.443904,0.003
4564.641904,0.025
4564.839854,0.064
4565.037904,0.068
4565.235904,0.033
4565.4339039999995,0.029
4565.631904,0.037
4565.830704,0.027
4566.028053999999,0.046
4566.225904,0.057
4566.423904,0.064
4566.621904,0.138
4566.820054,0.09
4567.018104,0.187
4567.215954,0.088
4567.4141039999995,0.058
4567.611954,0.037
4567.809953999999,0.024
4568.008104,0.003
4568.206104,0.021
4568.403953999999,0.043000000000000003
4568.602104,0.06
4568.799954,0.148
4568.998754,0.028
4569.196154,0.077
4569.394004,0.098
4569.592154,0.039
4569.790354,0.085
4569.988154,0.046
4570.186154,0.027
4570.384904,0.075
4570.582154,0.032
4570.7803539999995,0.051000000000000004
4570.978153999999,0.062
4571.176154,0.015
4571.374204,0.073
4571.572303999999,0.043000000000000003
4571.770154,0.069
4571.968404,0.057
4572.166154,0.058
4572.3642039999995,0.048
4572.562304,0.065
4572.760404,0.043000000000000003
4572.958404,0.07100000000000001
4573.156204,0.019
4573.354354,0.026000000000000002
4573.553003999999,0.03
4573.750604,0.032
4573.948453999999,0.056
4574.146454,0.054
4574.344354,0.162
4574.542354,0.023
4574.740604,0.035
4574.938454,0.058
4575.136404,0.124
4575.334604,0.075
4575.532404,0.028
4575.730603999999,0.129
4575.928604,0.077
4576.126454,0.015
4576.324603999999,0.095
4576.522403999999,0.056
4576.721304,0.048
4576.918654,0.013000000000000001
4577.1166539999995,0.049
4577.314654,0.083
4577.512654,0.107
4577.7106539999995,0.048
4577.908654,0.055
4578.107304,0.054
4578.304654,0.034
4578.502654,0.112
4578.700654,0.045
4579.095904,0.095
4579.294154,0.051000000000000004
4579.491954,0.067
4579.6899539999995,0.057
4579.887954,0.022
4580.085954,0.043000000000000003
4580.284154,0.007
4580.481954,0.065
4580.679954,0.048
4580.878154,0.055
4581.075954,0.089
4581.273954,0.08700000000000001
4581.472204,0.029
4581.670004,0.045
4581.868203999999,0.03
4582.066003999999,0.061
4582.264204,0.027
4582.4622039999995,0.024
4582.660204,0.075
4582.858204,0.089
4583.0562039999995,0.052000000000000005
4583.254204,0.073
4583.452204,0.10400000000000001
4583.650254,0.062
4583.8482539999995,0.07100000000000001
4584.046254,0.042
4584.244254,0.127
4584.442254,0.202
4584.640254,0.015
4584.838404,0.161
4585.036254,0.056
4585.234404,0.07
4585.432253999999,0.034
4585.630254,0.138
4585.8284539999995,0.082
4586.026304,0.029
4586.224454,0.042
4586.422404,0.06
4586.6202539999995,0.127
4586.818454,0.02
4587.016454,0.025
4587.214454,0.042
4587.413104,0.032
4587.610304,0.027
4587.808454,0.037
4588.006453999999,0.061
4588.204454,0.068
4588.402454,0.009000000000000001
4588.600453999999,0.062
4588.798503999999,0.034
4588.996504,0.078
4589.194504,0.046
4589.3925039999995,0.019
4589.590504,0.03
4589.788504,0.105
4589.9865039999995,0.035
4590.184654,0.069
4590.382654,0.058
4590.5811539999995,0.079
4590.778754,0.0
4590.976554,0.055
4591.1746539999995,0.079
4591.372703999999,0.058
4591.570554,0.03
4591.768754,0.054
4591.966554,0.079
4592.164654,0.011
4592.362704,0.054
4592.560904,0.047
4592.758804,0.011
4592.9568039999995,0.038
4593.154704,0.077
4593.352704,0.039
4593.550704,0.03
4593.749454,0.037
4593.946804,0.049
4594.144953999999,0.077
4594.342704,0.035
4594.540754,0.039
4594.7389539999995,0.066
4594.936854,0.109
4595.135604,0.023
4595.332754,0.06
4595.5310039999995,0.056
4595.728954,0.05
4595.926954,0.046
4596.124954,0.07100000000000001
4596.323004,0.10300000000000001
4596.520754,0.032
4596.719004,0.074
4596.917654,0.026000000000000002
4597.115004,0.07100000000000001
4597.313004,0.033
4597.510754,0.025
4597.709003999999,0.032
4597.907004,0.043000000000000003
4598.105154,0.025
4598.303653999999,0.046
4598.501154,0.059000000000000004
4598.699054,0.047
4599.094304,0.034
4599.292304,0.04
4599.490354,0.076
4599.688304,0.042
4599.886304,0.044
4600.084304,0.037
4600.282553999999,0.07100000000000001
4600.480304,0.088
4600.678304,0.056
4600.876303999999,0.028
4601.074304,0.077
4601.272554,0.052000000000000005
4601.4705539999995,0.03
4601.668353999999,0.024
4601.866604,0.028
4602.064354,0.003
4602.262554,0.114
4602.460554,0.045
4602.658354,0.032
4602.856554,0.056
4603.054354,0.098
4603.252603999999,0.04
4603.450604,0.08700000000000001
4603.648604,0.035
4603.846603999999,0.099
4604.044604,0.053
4604.242604,0.099
4604.440603999999,0.058
4604.638754,0.07100000000000001
4604.836604,0.041
4605.034654,0.12
4605.232604,0.018000000000000002
4605.430654,0.036000000000000004
4605.628654,0.083
4605.826803999999,0.031
4606.024654,0.014
4606.222804,0.065
4606.420654,0.027
4606.618804,0.093
4606.816804,0.015
4607.0148039999995,0.036000000000000004
4607.212853999999,0.046
4607.410854,0.043000000000000003
4607.6094539999995,0.039
4607.806804,0.062
4608.004804,0.06
4608.202804,0.037
4608.4008539999995,0.07100000000000001
4608.598704,0.089
4608.796854,0.08
4608.994854,0.037
4609.193004,0.088
4609.390854,0.04
4609.588854,0.061
4609.786854,0.047
4609.984853999999,0.061
4610.1830039999995,0.031
4610.380854,0.065
4610.5791039999995,0.08
4610.777754,0.057
4610.974904,0.064
4611.173054,0.05
4611.371054,0.053
4611.568904,0.101
4611.767104,0.111
4611.9649039999995,0.08
4612.163704,0.11800000000000001
4612.361054,0.049
4612.5589039999995,0.043000000000000003
4612.757154,0.028
4612.955154,0.025
4613.153104,0.098
4613.351054,0.053
4613.549304,0.044
4613.747154,0.043000000000000003
4613.945804,0.052000000000000005
4614.143104,0.07100000000000001
4614.341104,0.026000000000000002
4614.5391039999995,0.074
4614.737304,0.049
4614.935203999999,0.066
4615.133354,0.034
4615.331754,0.05
4615.529104,0.048
4615.727354,0.14
4615.925204,0.046
4616.123353999999,0.059000000000000004
4616.321354,0.034
4616.519354,0.039
4616.717353999999,0.058
4616.915354,0.091
4617.113354,0.07100000000000001
4617.3113539999995,0.068
4617.509153999999,0.076
4617.707354,0.027
4617.9053539999995,0.022
4618.1034039999995,0.033
4618.301404,0.016
4618.500054,0.114
4618.894654,0.055
4619.092654,0.047
4619.290653999999,0.078
4619.488654,0.053
4619.686704,0.035
4619.8846539999995,0.079
4620.082654,0.037
4620.280904,0.024
4620.478654,0.036000000000000004
4620.6767039999995,0.10200000000000001
4620.874704,0.049
4621.072704,0.063
4621.270904,0.078
4621.468704,0.04
4621.666953999999,0.077
4621.864704,0.081
4622.062704,0.051000000000000004
4622.260953999999,0.06
4622.458904,0.018000000000000002
4622.656954,0.045
4622.854953999999,0.025
4623.052753999999,0.042
4623.250954,0.084
4623.4489539999995,0.05
4623.646954,0.095
4623.844954,0.038
4624.042954,0.01
4624.240954,0.014
4624.438954,0.042
4624.637804,0.068
4624.835004,0.048
4625.033004,0.022
4625.231004,0.011
4625.429004,0.061
4625.627154,0.043000000000000003
4625.825154,0.075
4626.023004,0.03
4626.221154,0.052000000000000005
4626.419003999999,0.031
4626.617154,0.066
4626.8152039999995,0.042
4627.013054,0.07
4627.211204,0.093
4627.409054,0.06
4627.607204,0.046
4627.805854,0.038
4628.003204,0.122
4628.201204,0.109
4628.399203999999,0.066
4628.597204,0.02
4628.795204,0.03
4628.993254,0.025
4629.191854,0.046
4629.389204,0.05
4629.5872039999995,0.064
4629.785204,0.055
4629.983254,0.024
4630.181353999999,0.031
4630.3792539999995,0.019
4630.577504,0.052000000000000005
4630.775254,0.045
4630.9739039999995,0.064
4631.171404,0.039
4631.369254,0.083
4631.567454,0.039
4631.765504,0.13
4631.963254,0.057
4632.1614039999995,0.04
4632.360054,0.02
4632.557503999999,0.02
4632.755504,0.069
4632.953304,0.07100000000000001
4633.151454,0.048
4633.349454,0.029
4633.547654,0.026000000000000002
4633.7455039999995,0.059000000000000004
4633.9435539999995,0.034
4634.141454,0.043000000000000003
4634.339454,0.05
4634.537703999999,0.084
4634.735554,0.023
4634.933554,0.043000000000000003
4635.131703999999,0.008
4635.329454,0.064
4635.528354,0.023
4635.7257039999995,0.007
4635.923554,0.033
4636.121704,0.015
4636.319504,0.014
4636.5177539999995,0.075
4636.715754,0.026000000000000002
4636.913904,0.046
4637.111704,0.044
4637.309704,0.03
4637.507704,0.025
4637.705754,0.03
4637.903754,0.029
4638.2990039999995,0.021
4638.695004,0.057
4638.893004,0.01
4639.0910539999995,0.059000000000000004
4639.289054,0.046
4639.487254,0.063
4639.685054,0.077
4639.883054,0.069
4640.081004,0.045
4640.279054,0.07200000000000001
4640.477054,0.002
4640.675254,0.06
4640.873054,0.091
4641.071054,0.075
4641.2693039999995,0.032
4641.467054,0.111
4641.665304,0.055
4641.8630539999995,0.049
4642.061054,0.053
4642.259304,0.077
4642.457304,0.045
4642.655304,0.057
4642.853304,0.078
4643.051304,0.073
4643.249304,0.047
4643.447354,0.022
4643.645304,0.097
4643.843304,0.056
4644.041104,0.085
4644.239304,0.055
4644.437354,0.04
4644.636154,0.058
4644.833353999999,0.153
4645.031354,0.063
4645.229354,0.031
4645.427504,0.028
4645.625504,0.026000000000000002
4645.823354,0.039
4646.021503999999,0.088
4646.219354,0.07
4646.417354,0.036000000000000004
4646.615554,0.032
4646.813553999999,0.034
4647.011404,0.11800000000000001
4647.209554,0.07100000000000001
4647.407553999999,0.03
4647.605554,0.039
4647.804204,0.052000000000000005
4648.001404,0.004
4648.199554,0.045
4648.397804,0.057
4648.595604,0.084
4648.7936039999995,0.056
4648.991754,0.11900000000000001
4649.1902039999995,0.049
4649.387554,0.036000000000000004
4649.585604,0.08700000000000001
4649.783604,0.079
4649.981604,0.095
4650.179754,0.065
4650.377853999999,0.02
4650.575854,0.045
4650.773604,0.094
4650.972253999999,0.046
4651.169754,0.07
4651.367854,0.024
4651.5658539999995,0.08
4651.763653999999,0.052000000000000005
4651.961754,0.101
4652.159804,0.063
4652.358454,0.011
4652.555904,0.063
4652.753904,0.039
4652.9516539999995,0.032
4653.149804,0.032
4653.3480039999995,0.074
4653.545904,0.026000000000000002
4653.743904,0.015
4653.941903999999,0.037
4654.1398039999995,0.101
4654.338054,0.047
4654.536054,0.049
4654.733904,0.114
4654.932054,0.085
4655.129804,0.07100000000000001
4655.327854,0.033
4655.526704,0.105
4655.723954,0.014
4655.9219539999995,0.069
4656.120104,0.076
4656.317854,0.029
4656.516103999999,0.037
4656.714104,0.057
4656.911954,0.046
4657.110103999999,0.022
4657.308104,0.057
4657.506104,0.034
4657.7041039999995,0.038
4657.902254,0.068
4658.297353999999,0.015
4658.495354,0.022
4658.693404,0.046
4658.891404,0.038
4659.089403999999,0.063
4659.287404,0.10200000000000001
4659.485654,0.088
4659.683403999999,0.053
4659.881404,0.035
4660.079404,0.085
4660.2774039999995,0.083
4660.475654,0.106
4660.673404,0.064
4660.871454,0.107
4661.069654,0.039
4661.267654,0.038
4661.465654,0.015
4661.663654,0.02
4661.861454,0.028
4662.059454,0.07200000000000001
4662.257654,0.05
4662.455653999999,0.10400000000000001
4662.653703999999,0.041
4662.851454,0.039
4663.049704,0.085
4663.247703999999,0.017
4663.445854,0.083
4663.643704,0.056
4663.8417039999995,0.01
4664.039704,0.096
4664.237704,0.009000000000000001
4664.4357039999995,0.115
4664.633704,0.056
4664.831754,0.026000000000000002
4665.029704,0.08700000000000001
4665.227704,0.041
4665.425704,0.07100000000000001
4665.6238539999995,0.088
4665.821754,0.051000000000000004
4666.019754,0.022
4666.217754,0.052000000000000005
4666.4159039999995,0.031
4666.613904,0.03
4666.811753999999,0.057
4667.009904,0.046
4667.207904,0.08
4667.405753999999,0.107
4667.603904,0.037
4667.801904,0.05
4667.999804,0.047
4668.197954,0.035
4668.395954,0.031
4668.593954,0.074
4668.791953999999,0.013000000000000001
4668.9901039999995,0.038
4669.187954,0.07200000000000001
4669.386804,0.015
4669.583954,0.013000000000000001
4669.781954,0.085
4669.980104,0.032
4670.178003999999,0.047
4670.376204,0.02
4670.5739539999995,0.043000000000000003
4670.771954,0.063
4670.970104,0.027
4671.168103999999,0.066
4671.366204,0.017
4671.564203999999,0.002
4671.762004,0.044
4671.960153999999,0.056
4672.158154,0.048
4672.356253999999,0.073
4672.554854,0.073
4672.752254,0.061
4672.950154,0.089
4673.1481539999995,0.038
4673.346404,0.025
4673.5442539999995,0.05
4673.742254,0.029
4673.9402039999995,0.045
4674.138204,0.048
4674.336454,0.077
4674.534404,0.037
4674.732254,0.036000000000000004
4674.930404,0.049
4675.128404,0.067
4675.3264039999995,0.034
4675.524453999999,0.054
4675.722954,0.038
4675.920454,0.057
4676.118254,0.078
4676.316454,0.054
4676.514454,0.048
4676.7124539999995,0.051000000000000004
4676.910454,0.044
4677.109254,0.055
4677.306454,0.042
4677.504454,0.044
4677.702504,0.038
4677.900504,0.093
4678.295754,0.042
4678.493754,0.033
4678.6917539999995,0.051000000000000004
4678.889754,0.044
4679.087754,0.047
4679.286004,0.031
4679.483754,0.037
4679.681754,0.10200000000000001
4679.879754,0.092
4680.078004,0.125
4680.276003999999,0.026000000000000002
4680.474004,0.042
4680.671804,0.041
4680.869804,0.039
4681.068004,0.052000000000000005
4681.266004,0.042
4681.4640039999995,0.02
4681.661803999999,0.057
4681.859804,0.07
4682.0580039999995,0.044
4682.256203999999,0.045
4682.454054,0.06
4682.652054,0.029
4682.8498039999995,0.049
4683.048054,0.047
4683.246854,0.048
4683.444054,0.065
4683.642054,0.04
4683.839854,0.066
4684.038054,0.132
4684.2362539999995,0.026000000000000002
4684.434254,0.093
4684.632103999999,0.062
4684.830104,0.106
4685.028104,0.058
4685.226254,0.044
4685.424254,0.053
4685.622254,0.027
4685.820103999999,0.049
4686.018254,0.04
4686.216304,0.058
4686.414904,0.042
4686.612254,0.09
4686.810104,0.125
4687.008253999999,0.045
4687.206254,0.078
4687.404304,0.016
4687.602304,0.056
4687.800303999999,0.033
4687.998304,0.031
4688.196554,0.08700000000000001
4688.3943039999995,0.049
4688.592304,0.006
4688.790304,0.038
4688.9883039999995,0.024
4689.186554,0.055
4689.384304,0.056
4689.583004,0.11900000000000001
4689.780454,0.05
4689.978504,0.054
4690.176554,0.037
4690.374554,0.016
4690.572354,0.058
4690.770354,0.015
4690.9685039999995,0.069
4691.166553999999,0.009000000000000001
4691.364603999999,0.052000000000000005
4691.562604,0.099
4691.760404,0.033
4691.958504,0.039
4692.156754,0.061
4692.354604,0.076
4692.5526039999995,0.059000000000000004
4692.751154,0.067
4692.948504,0.057
4693.146753999999,0.015
4693.344754,0.021
4693.542654,0.092
4693.740654,0.059000000000000004
4693.938553999999,0.047
4694.137404,0.065
4694.334804,0.03
4694.532654,0.14300000000000002
4694.730654,0.059000000000000004
4694.928554,0.10200000000000001
4695.1268039999995,0.049
4695.324804,0.037
4695.522804,0.074
4695.720804,0.012
4695.919454,0.042
4696.116804,0.055
4696.314804,0.044
4696.512804,0.10300000000000001
4696.710704,0.08
4696.908804,0.034
4697.1070039999995,0.092
4697.305504,0.085
4697.502853999999,0.02
4697.700854,0.07100000000000001
4698.096104,0.038
4698.294104,0.057
4698.492104,0.067
4698.690103999999,0.088
4698.888354,0.073
4699.086104,0.048
4699.284353999999,0.029
4699.482104,0.049
4699.680154,0.098
4699.878154,0.057
4700.076153999999,0.18
4700.274354,0.002
4700.472154,0.026000000000000002
4700.6701539999995,0.058
4700.868404,0.06
4701.066404,0.055
4701.264354,0.105
4701.462404,0.056
4701.660154,0.051000000000000004
4701.858404,0.062
4702.056404,0.025
4702.254403999999,0.075
4702.452404,0.047
4702.650404,0.039
4702.848204,0.043000000000000003
4703.046404,0.026000000000000002
4703.244554,0.047
4703.442403999999,0.058
4703.640453999999,0.062
4703.838204,0.065
4704.036454,0.048
4704.234604,0.051000000000000004
4704.432454,0.062
4704.630454,0.029
4704.828603999999,0.046
4705.026454,0.024
4705.224604,0.05
4705.422603999999,0.032
4705.620454,0.091
4705.818504,0.054
4706.016504,0.012
4706.214653999999,0.105
4706.412654,0.06
4706.6112539999995,0.013000000000000001
4706.808504,0.082
4707.006654,0.068
4707.204654,0.083
4707.4026539999995,0.051000000000000004
4707.600654,0.057
4707.798654,0.019
4707.996654,0.082
4708.194654,0.062
4708.392654,0.096
4708.590654,0.042
4708.788654,0.068
4708.986704,0.03
4709.184904,0.035
4709.382704,0.07100000000000001
4709.580704,0.044
4709.779354,0.023
4709.976704,0.053
4710.174954,0.024
4710.372904,0.055
4710.570704,0.073
4710.768854,0.058
4710.966854,0.027
4711.165604,0.061
4711.362954,0.093
4711.560754,0.02
4711.758903999999,0.078
4711.956904,0.13
4712.1551039999995,0.055
4712.352954,0.09
4712.550953999999,0.045
4712.748754,0.017
4712.947553999999,0.025
4713.145104,0.068
4713.343003999999,0.015
4713.541004,0.10300000000000001
4713.738904,0.063
4713.936904,0.023
4714.135154,0.088
4714.333804,0.095
4714.5310039999995,0.042
4714.729004,0.111
4714.926954,0.09
4715.125153999999,0.036000000000000004
4715.323154,0.089
4715.521054,0.05
4715.719204,0.026000000000000002
4715.917203999999,0.04
4716.115154,0.07200000000000001
4716.3131539999995,0.019
4716.511203999999,0.07
4716.709204,0.013000000000000001
4716.907204,0.07100000000000001
4717.1052039999995,0.081
4717.303204,0.063
4717.501854,0.046
4717.896454,0.017
4718.094504,0.08600000000000001
4718.292504,0.026000000000000002
4718.490503999999,0.035
4718.688504,0.015
4718.8864539999995,0.043000000000000003
4719.0845039999995,0.03
4719.282704,0.041
4719.480504,0.045
4719.6785039999995,0.018000000000000002
4719.876754,0.035
4720.074504,0.042
4720.272754,0.018000000000000002
4720.470504,0.015
4720.668504,0.031
4720.866754,0.029
4721.064504,0.08700000000000001
4721.262753999999,0.003
4721.460754,0.095
4721.658554,0.057
4721.8567539999995,0.066
4722.054754,0.043000000000000003
4722.252804,0.01
4722.450804,0.045
4722.648553999999,0.027
4722.846754,0.092
4723.044754,0.027
4723.242953999999,0.008
4723.440804,0.004
4723.638804,0.038
4723.836804,0.057
4724.034804,0.05
4724.232954,0.016
4724.430804,0.054
4724.628804,0.094
4724.826803999999,0.099
4725.024804,0.032
4725.2230039999995,0.019
4725.421004,0.035
4725.618853999999,0.024
4725.8170039999995,0.041
4726.014854,0.04
4726.213004,0.038
4726.411004,0.038
4726.608854,0.067
4726.807654,0.056
4727.005004,0.08700000000000001
4727.203004,0.064
4727.401054,0.096
4727.599053999999,0.041
4727.797054,0.039
4727.995054,0.017
4728.193654,0.058
4728.391054,0.076
4728.589054,0.047
4728.787053999999,0.052000000000000005
4728.985054,0.063
4729.183304,0.043000000000000003
4729.3810539999995,0.115
4729.579054,0.109
4729.777204,0.091
4729.9757039999995,0.10300000000000001
4730.173304,0.031
4730.371054,0.023
4730.569104,0.024
4730.767204,0.085
4730.965254,0.053
4731.163353999999,0.055
4731.361954,0.097
4731.559104,0.041
4731.757254,0.02
4731.9552539999995,0.023
4732.1533039999995,0.04
4732.351353999999,0.028
4732.549104,0.094
4732.747254,0.122
4732.945254,0.024
4733.143504,0.041
4733.341354,0.07100000000000001
4733.539354,0.026000000000000002
4733.737254,0.053
4733.935254,0.024
4734.133503999999,0.043000000000000003
4734.331404,0.07200000000000001
4734.530054,0.052000000000000005
4734.7275039999995,0.052000000000000005
4734.925303999999,0.065
4735.123554,0.044
4735.321554,0.059000000000000004
4735.519404,0.038
4735.717554,0.076
4735.915554,0.028
4736.113554,0.055
4736.311554,0.10300000000000001
4736.509704,0.055
4736.707554,0.114
4736.905704,0.043000000000000003
4737.3008039999995,0.013000000000000001
4737.696854,0.093
4737.894854,0.033
4738.0928539999995,0.03
4738.290854,0.064
4738.488854,0.03
4738.686854,0.026000000000000002
4738.884854,0.055
4739.083054,0.026000000000000002
4739.280854,0.041
4739.478854,0.067
4739.677103999999,0.026000000000000002
4739.874903999999,0.033
4740.072904,0.039
4740.2711039999995,0.027
4740.468854,0.088
4740.666904,0.041
4740.8651039999995,0.031
4741.062903999999,0.016
4741.261104,0.059000000000000004
4741.458904,0.051000000000000004
4741.6569039999995,0.056
4741.855154,0.032
4742.053304,0.014
4742.251154,0.045
4742.449154,0.026000000000000002
4742.647154,0.062
4742.845154,0.032
4743.043304,0.029
4743.241153999999,0.089
4743.439154,0.079
4743.636954,0.023
4743.835153999999,0.047
4744.033154,0.033
4744.231304,0.053
4744.4291539999995,0.014
4744.627203999999,0.068
4744.825154,0.014
4745.023354,0.042
4745.221353999999,0.06
4745.419204,0.099
4745.617354,0.048
4745.815353999999,0.081
4746.013204,0.1
4746.211354,0.046
4746.409353999999,0.03
4746.607204,0.059000000000000004
4746.806004,0.037
4747.003254,0.099
4747.2014039999995,0.068
4747.399404,0.025
4747.597404,0.031
4747.7954039999995,0.059000000000000004
4747.993604,0.028
4748.192054,0.04
4748.389404,0.038
4748.587554,0.037
4748.785454,0.079
4748.983454,0.013000000000000001
4749.181454,0.052000000000000005
4749.379454,0.029
4749.577404,0.026000000000000002
4749.775554,0.052000000000000005
4749.974053999999,0.028
4750.171654,0.066
4750.369454,0.055
4750.567604,0.045
4750.765604,0.093
4750.963604,0.042
4751.161704,0.014
4751.360304,0.014
4751.557604,0.041
4751.755604,0.023
4751.953603999999,0.06
4752.151704,0.059000000000000004
4752.349704,0.025
4752.547654,0.037
4752.745653999999,0.041
4752.943654,0.08600000000000001
4753.141704,0.117
4753.339704,0.049
4753.537703999999,0.083
4753.735654,0.065
4753.933854,0.049
4754.131854,0.05
4754.329753999999,0.016
4754.5285539999995,0.057
4754.7257039999995,0.019
4754.923704,0.055
4755.121904,0.041
4755.319904,0.077
4755.5177539999995,0.051000000000000004
4755.715904,0.031
4755.913904,0.047
4756.111903999999,0.034
4756.309953999999,0.027
4756.507804,0.039
4756.705954,0.035
4756.903953999999,0.031
4757.299204,0.01
4757.695204,0.009000000000000001
4757.893204,0.054
4758.091203999999,0.014
4758.289204,0.048
4758.487204,0.026000000000000002
4758.685404,0.034
4758.883204,0.028
4759.081254,0.057
4759.279254,0.098
4759.477253999999,0.029
4759.675254,0.043000000000000003
4759.873254,0.024
4760.071454,0.023
4760.269254,0.064
4760.467254,0.035
4760.665454,0.007
4760.863453999999,0.034
4761.061254,0.032
4761.259504,0.045
4761.457304,0.003
4761.655503999999,0.062
4761.853504,0.026000000000000002
4762.051504,0.052000000000000005
4762.249503999999,0.005
4762.447303999999,0.033
4762.645504,0.033
4762.8435039999995,0.04
4763.041704,0.01
4763.239554,0.024
4763.437554,0.048
4763.6355539999995,0.028
4763.833554,0.028
4764.031704,0.025
4764.229554,0.021
4764.427554,0.036000000000000004
4764.625554,0.07
4764.823554,0.044
4765.021753999999,0.035
4765.219754,0.034
4765.417554,0.056
4765.615704,0.044
4765.813553999999,0.033
4766.011754,0.057
4766.2097539999995,0.053
4766.407754,0.063
4766.605754,0.043000000000000003
4766.8044039999995,0.036000000000000004
4767.001754,0.096
4767.199754,0.012
4767.397754,0.021
4767.595754,0.052000000000000005
4767.793753999999,0.06
4767.991754,0.053
4768.190404,0.077
4768.387804,0.062
4768.585954,0.039
4768.783804,0.037
4768.982054,0.077
4769.179803999999,0.059000000000000004
4769.377804,0.05
4769.575954,0.039
4769.7738039999995,0.069
4769.972704,0.044
4770.170054,0.026000000000000002
4770.367854,0.066
4770.565954,0.019
4770.764004,0.019
4770.962054,0.037
4771.160054,0.042
4771.358504,0.026000000000000002
4771.5559539999995,0.064
4771.753954,0.043000000000000003
4771.952204,0.08700000000000001
4772.150103999999,0.047
4772.348104,0.053
4772.546004,0.021
4772.744004,0.027
4772.942254,0.058
4773.140104,0.019
4773.3381039999995,0.025
4773.536004,0.05
4773.734004,0.044
4773.932253999999,0.082
4774.130254,0.049
4774.328154,0.063
4774.526903999999,0.061
4774.724053999999,0.024
4774.922254,0.014
4775.1202539999995,0.084
4775.318154,0.003
4775.516254,0.093
4775.714304,0.026000000000000002
4775.9123039999995,0.036000000000000004
4776.110304,0.014
4776.308304,0.056
4776.506304,0.023
4776.704304,0.028
4776.902304,0.038
4777.297603999999,0.05
4777.495554,0.011
4777.6935539999995,0.07100000000000001
4777.891554,0.046
4778.089554,0.047
4778.287554,0.015
4778.4856039999995,0.059000000000000004
4778.683604,0.092
4778.881604,0.014
4779.079604,0.021
4779.277604,0.017
4779.475604,0.021
4779.673854,0.055
4779.871854,0.021
4780.069853999999,0.01
4780.267604,0.059000000000000004
4780.465654,0.10200000000000001
4780.663853999999,0.06
4780.861653999999,0.068
4781.059854,0.033
4781.257654,0.056
4781.455653999999,0.059000000000000004
4781.653854,0.055
4781.851854,0.069
4782.049854,0.084
4782.247904,0.058
4782.445854,0.101
4782.643904,0.121
4782.842054,0.081
4783.039904,0.027
4783.237904,0.06
4783.436054,0.07100000000000001
4783.633903999999,0.063
4783.831904,0.014
4784.030054,0.041
4784.227903999999,0.067
4784.425953999999,0.041
4784.623904,0.05
4784.821954,0.105
4785.020104,0.081
4785.218704,0.053
4785.4159039999995,0.074
4785.614104,0.055
4785.812104,0.024
4786.010104,0.018000000000000002
4786.208103999999,0.065
4786.406104,0.027
4786.604154,0.044
4786.801954,0.051000000000000004
4787.000754,0.052000000000000005
4787.198104,0.065
4787.396254,0.047
4787.594153999999,0.11
4787.792154,0.07
4787.990154,0.083
4788.1881539999995,0.033
4788.386804,0.11800000000000001
4788.584154,0.081
4788.782404,0.048
4788.980404,0.034
4789.178154,0.064
4789.376303999999,0.047
4789.574304,0.083
4789.772204,0.053
4789.970404,0.06
4790.168204,0.035
4790.366204,0.017
4790.564354,0.059000000000000004
4790.7623539999995,0.016
4790.9604039999995,0.08600000000000001
4791.158404,0.075
4791.356204,0.045
4791.555004,0.063
4791.752554,0.063
4791.950454,0.07
4792.148454,0.123
4792.346353999999,0.075
4792.544354,0.069
4792.742354,0.096
4792.940603999999,0.04
4793.138454,0.045
4793.336604,0.043000000000000003
4793.534404,0.016
4793.732403999999,0.039
4793.930604,0.029
4794.128503999999,0.031
4794.326504,0.055
4794.524654,0.059000000000000004
4794.7232539999995,0.07100000000000001
4794.920604,0.019
4795.118654,0.047
4795.316654,0.048
4795.514654,0.064
4795.7124539999995,0.014
4795.910653999999,0.067
4796.109304,0.058
4796.306654,0.001
4796.504653999999,0.055
4796.702654,0.10200000000000001
4796.900654,0.07200000000000001
4797.295954,0.05
4797.493954,0.063
4797.691954,0.053
4797.889954,0.08
4798.087954,0.085
4798.285954,0.021
4798.484154,0.091
4798.681954,0.063
4798.879954,0.009000000000000001
4799.077953999999,0.025
4799.275954,0.026000000000000002
4799.473954,0.063
4799.6719539999995,0.026000000000000002
4799.870003999999,0.036000000000000004
4800.068204,0.046
4800.266004,0.023
4800.4640039999995,0.032
4800.662204,0.089
4800.860254,0.082
4801.058254,0.037
4801.256004,0.069
4801.454204,0.021
4801.652204,0.073
4801.850004,0.116
4802.048253999999,0.05
4802.246254,0.116
4802.444254,0.065
4802.642253999999,0.081
4802.840254,0.046
4803.038254,0.049
4803.2362539999995,0.074
4803.434053999999,0.044
4803.632254,0.10400000000000001
4803.830454,0.121
4804.029104,0.063
4804.226304,0.062
4804.424454,0.01
4804.6223039999995,0.081
4804.820454,0.063
4805.018454,0.056
4805.216304,0.038
4805.415104,0.047
4805.612304,0.043000000000000003
4805.810504,0.028
4806.008503999999,0.069
4806.206504,0.045
4806.404353999999,0.036000000000000004
4806.6025039999995,0.077
4806.800504,0.121
4806.998504,0.085
4807.196504,0.074
4807.394504,0.024
4807.592504,0.085
4807.790754,0.038
4807.988554,0.027
4808.186503999999,0.044
4808.3846539999995,0.015
4808.583154,0.075
4808.780753999999,0.046
4808.978553999999,0.092
4809.176554,0.07200000000000001
4809.374654,0.048
4809.572704,0.037
4809.770804,0.061
4809.968804,0.081
4810.166553999999,0.035
4810.364704,0.013000000000000001
4810.562704,0.065
4810.7605539999995,0.036000000000000004
4810.958804,0.059000000000000004
4811.156604,0.026000000000000002
4811.354703999999,0.108
4811.552753999999,0.083
4811.751604,0.031
4811.948804,0.096
4812.146804,0.055
4812.344754,0.008
4812.5427039999995,0.095
4812.740954,0.07100000000000001
4812.938854,0.006
4813.137503999999,0.031
4813.335004,0.07
4813.532754,0.049
4813.731004,0.027
4813.929004,0.04
4814.126854,0.111
4814.325003999999,0.033
4814.522754,0.055
4814.721004,0.056
4814.919653999999,0.042
4815.117004,0.045
4815.315004,0.046
4815.513054,0.035
4815.711053999999,0.053
4815.909054,0.037
4816.107054,0.053
4816.305654,0.044
4816.503054,0.066
4816.701054,0.076
4817.096304,0.05
4817.294304,0.116
4817.492303999999,0.056
4817.690304,0.11
4817.888304,0.122
4818.086354,0.14200000000000002
4818.284554,0.11800000000000001
4818.482354,0.084
4818.680354,0.082
4818.878554,0.064
4819.076304,0.024
4819.274354,0.03
4819.472554,0.018000000000000002
4819.670354,0.031
4819.868604,0.08600000000000001
4820.066354,0.053
4820.264604,0.05
4820.462603999999,0.098
4820.660604,0.06
4820.858604,0.047
4821.056603999999,0.037
4821.254604,0.012
4821.452604,0.042
4821.6506039999995,0.022
4821.848604,0.069
4822.046654,0.073
4822.244654,0.092
4822.4426539999995,0.075
4822.640654,0.099
4822.838804,0.114
4823.0366539999995,0.06
4823.234804,0.08
4823.432654,0.063
4823.630654,0.063
4823.828804,0.059000000000000004
4824.026654,0.117
4824.2248039999995,0.126
4824.422804,0.073
4824.620653999999,0.034
4824.818804,0.063
4825.016804,0.051000000000000004
4825.214854,0.057
4825.412854,0.063
4825.610704,0.048
4825.808854,0.04
4826.006854,0.018000000000000002
4826.204854,0.06
4826.402854,0.037
4826.600853999999,0.04
4826.798854,0.02
4826.996854,0.06
4827.195004,0.02
4827.392903999999,0.05
4827.590904,0.015
4827.788904,0.096
4827.986903999999,0.117
4828.184904,0.051000000000000004
4828.383054,0.05
4828.5809039999995,0.042
4828.779754,0.10200000000000001
4828.976904,0.094
4829.175053999999,0.053
4829.373054,0.043000000000000003
4829.571154,0.065
4829.769154,0.047
4829.966904,0.045
4830.165704,0.084
4830.3630539999995,0.079
4830.561054,0.063
4830.759153999999,0.068
4830.957154,0.07100000000000001
4831.1551039999995,0.096
4831.353104,0.025
4831.551203999999,0.025
4831.749204,0.018000000000000002
4831.947803999999,0.069
4832.145304,0.043000000000000003
4832.343104,0.048
4832.541303999999,0.051000000000000004
4832.739353999999,0.046
4832.937204,0.042
4833.135354,0.053
4833.333754,0.07200000000000001
4833.531153999999,0.089
4833.729354,0.077
4833.9273539999995,0.048
4834.125354,0.009000000000000001
4834.323354,0.035
4834.521154,0.046
4834.719354,0.079
4834.917404,0.099
4835.115404,0.06
4835.3134039999995,0.029
4835.511404,0.045
4835.709404,0.044
4835.907404,0.079
4836.105554,0.085
4836.303404,0.053
4836.502054,0.083
4836.896654,0.158
4837.0946539999995,0.073
4837.292654,0.084
4837.490704,0.059000000000000004
4837.688704,0.106
4837.886704,0.068
4838.084704,0.062
4838.282904,0.022
4838.480704,0.052000000000000005
4838.678903999999,0.067
4838.876703999999,0.08600000000000001
4839.074704,0.10400000000000001
4839.2729039999995,0.028
4839.470953999999,0.041
4839.668753999999,0.068
4839.866954,0.082
4840.064754,0.007
4840.262954,0.057
4840.460954,0.109
4840.658754,0.032
4840.856954,0.04
4841.054754,0.052000000000000005
4841.252954,0.111
4841.450954,0.088
4841.649154,0.114
4841.847004,0.03
4842.045004,0.029
4842.243004,0.043000000000000003
4842.441003999999,0.027
4842.639004,0.016
4842.837004,0.055
4843.035003999999,0.091
4843.233154,0.025
4843.431004,0.037
4843.629003999999,0.074
4843.827204,0.042
4844.025004,0.013000000000000001
4844.223204,0.064
4844.421004,0.028
4844.619204,0.031
4844.817204,0.026000000000000002
4845.015203999999,0.025
4845.213204,0.009000000000000001
4845.411204,0.014
4845.609054,0.044
4845.807854,0.054
4846.005204,0.037
4846.2032039999995,0.017
4846.401204,0.032
4846.599053999999,0.177
4846.797254,0.043000000000000003
4846.9952539999995,0.07100000000000001
4847.194054,0.061
4847.391254,0.043000000000000003
4847.589504,0.063
4847.787254,0.058
4847.985254,0.154
4848.183403999999,0.053
4848.381254,0.1
4848.579503999999,0.044
4848.777504,0.067
4848.975904,0.138
4849.173454,0.10300000000000001
4849.371454,0.069
4849.569504,0.06
4849.7675039999995,0.122
4849.965254,0.068
4850.163454,0.069
4850.362104,0.024
4850.5595539999995,0.05
4850.757554,0.07100000000000001
4850.955554,0.041
4851.153453999999,0.098
4851.351454,0.05
4851.549454,0.056
4851.747554,0.084
4851.945554,0.026000000000000002
4852.143454,0.028
4852.341504,0.036000000000000004
4852.539704,0.026000000000000002
4852.737704,0.089
4852.935603999999,0.058
4853.1337539999995,0.066
4853.331504,0.062
4853.5303539999995,0.038
4853.727704,0.061
4853.925604,0.005
4854.123754,0.029
4854.321504,0.091
4854.519754,0.043000000000000003
4854.717753999999,0.129
4854.915754,0.084
4855.113754,0.148
4855.311753999999,0.088
4855.509754,0.037
4855.707754,0.089
4855.905753999999,0.044
4856.103754,0.015
4856.301804,0.056
4856.697054,0.026000000000000002
4857.093054,0.096
4857.291053999999,0.10200000000000001
4857.489054,0.017
4857.687054,0.019
4857.885053999999,0.062
4858.083054,0.094
4858.281054,0.079
4858.479053999999,0.033
4858.677304,0.059000000000000004
4858.875104,0.07100000000000001
4859.073104,0.078
4859.271304,0.014
4859.469104,0.07200000000000001
4859.667354,0.137
4859.8651039999995,0.077
4860.063104,0.079
4860.261304,0.11800000000000001
4860.459304,0.155
4860.657354,0.055
4860.855353999999,0.046
4861.053154,0.061
4861.251354,0.037
4861.449353999999,0.065
4861.647354,0.04
4861.845354,0.184
4862.043154,0.041
4862.241354,0.048
4862.439354,0.05
4862.638204,0.027
4862.8354039999995,0.047
4863.033404,0.073
4863.231404,0.047
4863.4294039999995,0.10200000000000001
4863.627554,0.044
4863.825404,0.04
4864.023404,0.047
4864.221554,0.03
4864.419404,0.026000000000000002
4864.6175539999995,0.053
4864.815603999999,0.024
4865.013454,0.07
4865.211604,0.153
4865.409404,0.039
4865.607554,0.116
4865.8062039999995,0.044
4866.0036039999995,0.037
4866.201604,0.124
4866.399604,0.185
4866.597604,0.098
4866.795604,0.036000000000000004
4866.993604,0.048
4867.192254,0.038
4867.389604,0.036000000000000004
4867.587603999999,0.066
4867.785604,0.02
4867.983654,0.088
4868.181754,0.07100000000000001
4868.379653999999,0.061
4868.577904,0.105
4868.775654,0.058
4868.974254,0.066
4869.171804,0.032
4869.369654,0.09
4869.567854,0.068
4869.765904,0.134
4869.963654,0.08600000000000001
4870.161803999999,0.057
4870.360454,0.08
4870.557903999999,0.105
4870.755904,0.039
4870.953654,0.136
4871.151804,0.10300000000000001
4871.3498039999995,0.04
4871.548054,0.061
4871.745903999999,0.045
4871.943953999999,0.027
4872.1418539999995,0.043000000000000003
4872.339854,0.046
4872.538104,0.052000000000000005
4872.735954,0.041
4872.933954,0.081
4873.132103999999,0.063
4873.330104,0.02
4873.528754,0.013000000000000001
4873.726103999999,0.093
4873.924104,0.247
4874.122104,0.158
4874.319904,0.101
4874.518153999999,0.179
4874.716154,0.154
4874.913954,0.145
4875.112104,0.084
4875.310104,0.073
4875.508154,0.066
4875.7061539999995,0.039
4875.904154,0.08700000000000001
4876.299403999999,0.025
4876.695404,0.07
4876.8934039999995,0.094
4877.091654,0.058
4877.289454,0.065
4877.487454,0.074
4877.685404,0.057
4877.883404,0.109
4878.081454,0.039
4878.2794539999995,0.097
4878.477454,0.066
4878.675454,0.021
4878.873454,0.03
4879.071454,0.065
4879.269703999999,0.063
4879.467704,0.033
4879.665704,0.053
4879.863453999999,0.07
4880.061704,0.08
4880.259704,0.131
4880.457504,0.061
4880.655704,0.07200000000000001
4880.853704,0.035
4881.051504,0.115
4881.2497539999995,0.113
4881.447704,0.096
4881.645704,0.097
4881.843704,0.139
4882.041504,0.124
4882.239754,0.23
4882.437903999999,0.289
4882.637503999999,0.162
4882.833754,0.217
4883.0321539999995,0.276
4883.229754,0.502
4883.427753999999,0.367
4883.6259039999995,0.428
4883.823804,0.302
4884.021753999999,0.342
4884.219803999999,0.192
4884.418204,0.125
4884.615954,0.134
4884.813954,0.044
4885.011804,0.017
4885.209954,0.114
4885.407953999999,0.033
4885.605954,0.148
4885.804004,0.17400000000000002
4886.001953999999,0.07200000000000001
4886.200003999999,0.10200000000000001
4886.398004,0.112
4886.596004,0.11
4886.794003999999,0.10400000000000001
4886.991954,0.061
4887.190004,0.089
4887.3880039999995,0.029
4887.586004,0.153
4887.784004,0.164
4887.9820039999995,0.186
4888.180154,0.135
4888.378254,0.114
4888.576254,0.24
4888.774004,0.193
4888.972154,0.055
4889.1701539999995,0.112
4889.368054,0.026000000000000002
4889.566253999999,0.025
4889.764054,0.115
4889.962054,0.277
4890.160204,0.17500000000000002
4890.358204,0.154
4890.556804,0.154
4890.7542539999995,0.268
4890.952204,0.056
4891.150204,0.052000000000000005
4891.348403999999,0.095
4891.5463039999995,0.074
4891.744304,0.12
4891.942454,0.052000000000000005
4892.140254,0.14200000000000002
4892.338253999999,0.082
4892.536454,0.088
4892.734304,0.137
4892.932304,0.105
4893.130254,0.202
4893.328254,0.267
4893.526454,0.164
4893.724354,0.23900000000000002
4893.922353999999,0.319
4894.1205039999995,0.335
4894.318504,0.106
4894.516504,0.116
4894.714504,0.081
4894.912504,0.08
4895.112254,0.257
4895.308304,0.182
4895.506504,0.166
4895.704554,0.215
4895.902553999999,0.109
4896.297804,0.22
4896.693804,0.138
4896.891804,0.044
4897.089804,0.10400000000000001
4897.287804,0.08
4897.485804,0.011
4897.683803999999,0.17
4897.881804,0.079
4898.081704,0.125
4898.277803999999,0.151
4898.476054,0.161
4898.673854,0.108
4898.871854,0.18
4899.070054,0.156
4899.267804,0.093
4899.4660539999995,0.113
4899.664054,0.123
4899.861854,0.20500000000000002
4900.060054,0.193
4900.258054,0.128
4900.456604,0.039
4900.655753999999,0.032
4900.851854,0.092
4901.050104,0.016
4901.248103999999,0.148
4901.4462539999995,0.039
4901.644104,0.074
4901.842103999999,0.056
4902.040104,0.214
4902.238104,0.191
4902.437854,0.375
4902.634104,0.427
4902.833304,0.155
4903.0301039999995,0.33
4903.228104,0.137
4903.426304,0.161
4903.624304,0.067
4903.8221539999995,0.234
4904.020304,0.199
4904.218154,0.114
4904.416303999999,0.281
4904.614304,0.228
4904.812154,0.356
4905.010303999999,0.317
4905.208304,0.187
4905.406354,0.487
4905.604354,0.34800000000000003
4905.8023539999995,0.23600000000000002
4906.000354,0.31
4906.198354,0.28800000000000003
4906.396503999999,0.258
4906.594354,0.247
4906.793904,0.223
4906.990354,0.339
4907.188604,0.341
4907.386603999999,0.323
4907.584404,0.5710000000000001
4907.782404,0.34800000000000003
4907.982254,0.454
4908.178604,0.605
4908.376604,0.858
4908.574804,0.885
4908.772403999999,1.084
4908.9705539999995,0.918
4909.168554,0.896
4909.3666539999995,0.979
4909.564654,0.794
4909.762404,0.732
4909.960554,0.978
4910.158804,1.066
4910.356654,1.312
4910.554654,1.0150000000000001
4910.752603999999,0.761
4910.950604,0.684
4911.1488039999995,0.983
4911.346804,0.768
4911.544704,0.8260000000000001
4911.743104,0.767
4911.940603999999,0.686
4912.138804,0.34800000000000003
4912.3374539999995,0.232
4912.534704,0.167
4912.732704,0.168
4912.930854,0.182
4913.128854,0.359
4913.326854,0.226
4913.524854,0.264
4913.722704,0.159
4913.922554,0.8320000000000001
4914.118853999999,0.849
4914.316854,0.8230000000000001
4914.515453999999,0.994
4914.712853999999,1.193
4914.910903999999,1.43
4915.109054,1.504
4915.306904,1.746
4915.506554,1.928
4915.702904,2.024
4916.098153999999,2.043
4916.296154,1.961
4916.494154,2.339
4916.692153999999,2.94
4916.8918539999995,2.891
4917.088154,3.174
4917.2864039999995,3.23
4917.4844539999995,3.169
4917.682204,3.387
4917.8804039999995,3.36
4918.0782039999995,3.1830000000000003
4918.276454,3.043
4918.474454,3.125
4918.6722039999995,3.161
4918.870204,3.758
4919.068404,4.266
4919.266404,4.543
4919.464454,4.587
4919.662204,4.838
4919.860254,5.003
4920.058454,5.2010000000000005
4920.256453999999,5.699
4920.454454,5.843
4920.652454,5.97
4920.850453999999,6.0600000000000005
4921.048454,6.1930000000000005
4921.246604,6.1080000000000005
4921.444504,6.297
4921.6425039999995,6.151
4921.840254,6.292
4922.038504,6.133
4922.236653999999,6.297
4922.434654,6.727
4922.632504,6.345
4922.830504,6.16
4923.028504,6.125
4923.226654,6.0
4923.424704,5.493
4923.623103999999,5.478
4923.820704,5.331
4924.018704,5.47
4924.216654,5.415
4924.414704,5.29
4924.612704,5.449
4924.8122539999995,5.6000000000000005
4925.008704,5.549
4925.206704,5.378
4925.404704,5.192
4925.602704,5.159
4925.800704,5.541
4925.998704,5.38
4926.196954,5.304
4926.394754,5.122
4926.592704,5.033
4926.790854,5.04
4926.988754,5.239
4927.186954,5.2010000000000005
4927.384754,5.083
4927.582754,5.351
4927.780753999999,5.385
4927.978904,5.376
4928.177004,5.283
4928.3750039999995,5.454
4928.572754,5.361
4928.770754,5.315
4928.968903999999,5.252
4929.167004,5.115
4929.365004,4.989
4929.562754,4.981
4929.761354,4.776
4929.958904,4.699
4930.1571539999995,4.604
4930.355004,4.765
4930.553054,4.78
4930.750954,4.863
4930.9489539999995,5.0280000000000005
4931.147204,4.908
4931.345053999999,5.0120000000000005
4931.543254,5.099
4931.741204,4.798
4931.938954,5.19
4932.137204,5.263
4932.335204,5.125
4932.5330539999995,5.288
4932.731204,5.285
4932.929004,5.471
4933.127254,5.626
4933.325253999999,5.716
4933.523204,6.009
4933.721104,6.218
4933.9192539999995,6.2
4934.117254,6.228
4934.316954,6.566
4934.5132539999995,7.009
4934.711104,6.8340000000000005
4934.909254,6.843
4935.107254,6.902
4935.305254,6.785
4935.504204,6.755
4935.898553999999,7.016
4936.294554,6.574
4936.492504,6.4750000000000005
4936.690504,6.5600000000000005
4936.888554,6.638
4937.0865539999995,6.588
4937.284804,6.767
4937.482554,6.795
4937.680554,6.898000000000001
4937.878804,6.877
4938.076554,6.907
4938.274804,6.766
4938.472554,6.822
4938.671404,6.813
4938.868804,6.9
4939.066804,6.9590000000000005
4939.266804,6.9670000000000005
4939.462804,6.862
4939.660604,6.984
4939.858854,6.997
4940.056804,7.038
4940.254804,7.017
4940.452804,7.059
4940.6506039999995,6.932
4940.848854,7.01
4941.046854,7.106
4941.245003999999,7.086
4941.442854,7.04
4941.640854,7.086
4941.838854,6.937
4942.036854,7.006
4942.235004,6.965
4942.432854,6.972
4942.630854,6.978
4942.829054,6.863
4943.026854,6.814
4943.225054,6.747
4943.423054,6.7010000000000005
4943.620903999999,6.797
4943.819054,6.464
4944.016904,6.402
4944.215053999999,6.348
4944.413054,6.2940000000000005
4944.610904,6.309
4944.809104,6.119
4945.007103999999,6.0840000000000005
4945.205104,5.939
4945.404554,5.835
4945.601054,5.728
4945.799554,5.736
4945.997104,5.659
4946.195103999999,5.636
4946.394604,5.325
4946.591104,5.1370000000000005
4946.789704,5.166
4946.987104,4.9110000000000005
4947.185354,4.844
4947.383104,4.603
4947.581104,4.389
4947.779904,4.361
4947.977154,4.322
4948.175354,4.194
4948.373154,4.018
4948.571154,3.738
4948.7693039999995,3.91
4948.967304,3.674
4949.165354,3.436
4949.363354,3.424
4949.561154,3.245
4949.759304,3.173
4949.957304,2.984
4950.155404,2.39
4950.353354,2.3810000000000002
4950.551404,2.455
4950.749354,2.623
4950.947354,3.305
4951.147104,3.14
4951.343404,2.9090000000000003
4951.541404,2.697
4951.739353999999,2.783
4951.937354,2.95
4952.136304,3.003
4952.3336039999995,3.203
4952.533004,3.7920000000000003
4952.729604,3.932
4952.9273539999995,4.3260000000000005
4953.125604,4.519
4953.323604,4.986
4953.523054,5.214
4953.719604,5.444
4953.917404,5.84
4954.115604,6.091
4954.313654,6.412
4954.511654,6.755
4954.709654,6.75
4954.907604,6.652
4955.302904,7.087
4955.698904,7.468
4955.896904,7.727
4956.094904,7.719
4956.292904,7.897
4956.490904,8.028
4956.688904,8.205
4956.886904,8.316
4957.084903999999,8.345
4957.282953999999,8.373
4957.480954,8.38
4957.678903999999,8.566
4957.877154,8.725
4958.075854,8.811
4958.2731539999995,8.702
4958.470953999999,8.66
4958.668954,8.674
4958.867154,8.667
4959.0649539999995,8.639
4959.263204,8.540000000000001
4959.460954,8.47
4959.6589539999995,8.488
4959.857204,8.495000000000001
4960.055203999999,8.623
4960.254903999999,8.484
4960.451204,8.498
4960.649004,8.427
4960.847204,8.427
4961.045204,8.32
4961.243254,8.409
4961.441654,8.494
4961.639354,8.426
4961.8372039999995,8.623
4962.035204,8.539
4962.233404,8.75
4962.431254,8.636000000000001
4962.6292539999995,8.831
4962.827254,8.922
4963.025404,8.977
4963.223403999999,8.96
4963.423004,9.064
4963.619254,9.146
4963.818404,9.364
4964.015404,9.52
4964.213454,9.43
4964.412953999999,9.306000000000001
4964.6094539999995,9.28
4964.808504,9.502
4965.005303999999,9.355
4965.2034539999995,8.952
4965.401454,8.785
4965.599454,9.124
4965.797454,9.227
4965.995454,9.099
4966.193504,9.151
4966.391654,9.104000000000001
4966.589504,9.167
4966.787504,9.249
4966.985704,9.071
4967.183704,8.998
4967.381504,9.021
4967.579604,8.864
4967.7776539999995,8.805
4967.975504,8.691
4968.175404,8.543000000000001
4968.371504,8.333
4968.569504,8.2
4968.767654,8.23
4968.965504,7.881
4969.163754,7.7620000000000005
4969.361754,7.689
4969.5595539999995,7.784
4969.757654,7.803
4969.957354,7.687
4970.153804,7.699
4970.351804,7.513
4970.549704,7.523000000000001
4970.747703999999,7.497
4970.945704,7.694
4971.143954,7.906000000000001
4971.341804,7.898000000000001
4971.541504,7.958
4971.737704,8.357
4971.9357039999995,8.429
4972.133954,8.559000000000001
4972.3318039999995,8.947000000000001
4972.531504,8.912
4972.727704,8.996
4972.925953999999,9.027000000000001
4973.123954,9.076
4973.321954,9.089
4973.520004,9.237
4973.718003999999,9.382
4973.915754,9.535
4974.114304,9.43
4974.312003999999,9.526
4974.509854,9.394
4974.708004,9.246
4974.9060039999995,8.996
4975.301254,8.935
4975.499253999999,8.962
4975.697254,9.057
4975.895254,9.371
4976.093253999999,9.444
4976.291254,9.271
4976.489304,9.19
4976.6875039999995,9.24
4976.885303999999,9.455
4977.083304,9.352
4977.281304,9.448
4977.4793039999995,9.416
4977.677304,9.233
4977.875304,9.491
4978.073304,9.564
4978.271304,9.633000000000001
4978.469354,9.972
4978.667354,9.864
4978.865554,9.877
4979.063553999999,9.786
4979.262654,9.866
4979.459354,9.972
4979.657553999999,10.032
4979.855554,10.229000000000001
4980.053554,10.315
4980.251604,10.178
4980.449603999999,10.104000000000001
4980.647354,10.066
4980.845604,10.025
4981.0436039999995,9.945
4981.241604,10.005
4981.439604,9.959
4981.637604,9.804
4981.835604,9.901
4982.033754,10.378
4982.231804,10.075000000000001
4982.429654,10.072000000000001
4982.627804,10.003
4982.825604,10.041
4983.023754,9.735
4983.221754,9.623
4983.419653999999,9.513
4983.6178039999995,9.421
4983.815654,9.328
4984.015004,9.19
4984.211804,9.319
4984.409804,9.23
4984.607804,9.221
4984.805804,9.168000000000001
4985.003804,9.084
4985.201803999999,9.09
4985.399853999999,8.914
4985.597854,8.712
4985.795854,8.719
4985.994054,8.796
4986.1935539999995,8.548
4986.389854,8.522
4986.588054,8.407
4986.787254,8.375
4986.984054,8.107
4987.1818539999995,8.176
4987.379903999999,8.173
4987.578004,8.341
4987.776003999999,8.215
4987.974104,8.118
4988.172104,8.24
4988.369854,8.128
4988.569754,8.132
4988.766004,7.881
4988.963904,8.128
4989.162154,8.401
4989.359904,8.564
4989.558153999999,8.676
4989.7560539999995,8.886000000000001
4989.954304,8.961
4990.152153999999,8.793000000000001
4990.350154,9.057
4990.548054,9.194
4990.746054,9.398
4990.944304,9.621
4991.142154,9.682
4991.3401539999995,9.725
4991.538304,10.166
4991.736104,9.978
4991.934354,10.231
4992.132304,10.325000000000001
4992.330204,10.395
4992.5283039999995,10.415000000000001
4992.727704,10.464
4992.924354,10.485
4993.122354,10.401
4993.320204,10.537
4993.518354,10.674
4993.716354,10.63
4993.914354,10.679
4994.112354,10.836
4994.310354,10.819
4994.508354,10.89
4994.706354,10.943
4994.9051039999995,10.973
4995.299604,10.953
4995.497654,11.032
4995.695654,11.102
4995.894504,11.046
4996.091654,11.152000000000001
4996.289654,11.198
4996.489254,11.187
4996.685654,11.256
4996.883654,11.206
4997.081654,11.214
4997.279654,11.289
4997.477704,11.346
4997.675904,11.41
4997.874903999999,11.55
4998.071903999999,11.508000000000001
4998.269703999999,11.497
4998.467704,11.565
4998.6659039999995,11.665000000000001
4998.863703999999,11.577
4999.061904,11.512
4999.259954,11.551
4999.4577039999995,11.608
4999.655904,11.663
4999.853954,11.693
5000.051954,11.687
5000.249954,11.671
5000.447704,11.507
5000.645954,11.716000000000001
5000.843954,11.775
5001.042104,11.838000000000001
5001.239954,11.729000000000001
5001.437954,11.705
5001.635953999999,11.856
5001.833954,11.859
5002.0321539999995,11.893
5002.230004,11.883000000000001
5002.428404,11.806000000000001
5002.626004,11.952
5002.824353999999,11.904
5003.022154,11.707
5003.220204,11.673
5003.418004,11.565
5003.616204,11.669
5003.814004,11.707
5004.012204,11.565
5004.210153999999,11.539
5004.408004,11.528
5004.606154,11.645
5004.804204,11.538
5005.002203999999,11.423
5005.200204,11.367
5005.398204,11.424
5005.5962039999995,11.377
5005.794204,11.412
5005.992204,11.532
5006.1902039999995,11.546
5006.388204,11.486
5006.586354,11.536
5006.784404,11.421
5006.982454,11.438
5007.180254,11.41
5007.378404,11.369
5007.5764039999995,11.298
5007.775504,11.296
5007.972454,11.252
5008.170254,11.201
5008.368404,11.333
5008.566404,11.311
5008.764404,11.267
5008.962504,11.229000000000001
5009.1605039999995,11.151
5009.358404,11.231
5009.556454,11.345
5009.754454,11.417
5009.952504,11.275
5010.150504,11.286
5010.348504,11.11
5010.546453999999,10.958
5010.744654,11.05
5010.944203999999,10.991
5011.140554,11.133000000000001
5011.338704,10.764
5011.537453999999,10.84
5011.7344539999995,10.714
5011.932704,10.882
5012.130553999999,10.787
5012.328554,10.82
5012.526704,10.929
5012.724504,10.76
5012.922704,10.899000000000001
5013.122504,10.822000000000001
5013.318703999999,10.824
5013.516704,10.745000000000001
5013.714804,10.693
5013.912703999999,10.622
5014.110753999999,10.586
5014.308854,10.513
5014.506754,10.599
5014.704753999999,10.447000000000001
5014.9044539999995,10.498
5015.298004,10.464
5015.496004,10.397
5015.694004,10.412
5015.892054,10.444
5016.090053999999,10.546
5016.288004,10.506
5016.4862539999995,10.463000000000001
5016.684004,10.229000000000001
5016.882254,10.365
5017.081654,10.244
5017.278053999999,10.361
5017.476254,10.476
5017.674054,10.493
5017.8720539999995,10.676
5018.070304,10.617
5018.268054,10.699
5018.466304,10.751
5018.664304,10.81
5018.862054,10.829
5019.060304,10.913
5019.258104,10.86
5019.456104,10.903
5019.654304,10.843
5019.8525039999995,11.012
5020.050303999999,11.083
5020.248304,11.044
5020.446304,11.026
5020.6443039999995,11.107000000000001
5020.842304,11.216000000000001
5021.042004,11.223
5021.238354,11.163
5021.436154,11.294
5021.634354,11.263
5021.832504,11.223
5022.032254,11.269
5022.228354,11.358
5022.426354,11.218
5022.624354,11.184000000000001
5022.822553999999,11.241
5023.020554,11.424
5023.218404,11.545
5023.417504,11.445
5023.614554,11.579
5023.812653999999,11.482000000000001
5024.0105539999995,11.709
5024.208554,11.745000000000001
5024.406554,11.632
5024.604554,11.405
5024.802404,11.242
5025.000604,11.237
5025.198604,11.122
5025.396704,11.054
5025.594553999999,11.021
5025.792804,11.175
5025.990604,11.172
5026.189104,11.224
5026.386704,11.15
5026.586354,11.081
5026.782854,10.9
5026.980603999999,10.714
5027.178604,10.807
5027.376754,10.867
5027.574754,10.779
5027.772854,10.688
5027.970854,10.602
5028.168654,10.928
5028.366754,10.835
5028.564754,10.879
5028.762854,10.761000000000001
5028.960904,10.485
5029.158853999999,10.654
5029.356804,10.734
5029.554803999999,10.818
5029.753004,10.806000000000001
5029.950903999999,10.865
5030.148904,10.848
5030.346904,10.815
5030.544804,10.829
5030.743054,10.922
5030.942454,10.878
5031.1389039999995,10.893
5031.337054,10.71
5031.534804,10.548
5031.733053999999,10.721
5031.931054,10.677
5032.128954,10.779
5032.327053999999,10.67
5032.525753999999,10.718
5032.722854,10.633000000000001
5032.921104,10.603
5033.1193539999995,10.642
5033.317104,10.643
5033.515104,10.683
5033.7131039999995,10.603
5033.911104,10.65
5034.109104,10.698
5034.3071039999995,10.469
5034.505104,10.487
5034.703254,10.39
5035.098403999999,10.332
5035.296604,10.405
5035.494404,10.419
5035.692403999999,10.504
5035.890404,10.413
5036.088404,10.519
5036.2864039999995,10.588000000000001
5036.484404,10.499
5036.682404,10.446
5036.880654,10.479000000000001
5037.079454,10.58
5037.276454,10.692
5037.474654,10.952
5037.672404,10.748000000000001
5037.870653999999,10.805
5038.068404,10.766
5038.266404,10.834
5038.464653999999,10.775
5038.662654,11.145
5038.860704,11.013
5039.058704,10.931000000000001
5039.256703999999,10.982000000000001
5039.454704,10.885
5039.653804,10.898
5039.8507039999995,10.816
5040.048704,10.833
5040.246654,10.979000000000001
5040.444754,11.494
5040.642704,11.583
5040.842254,11.408
5041.038704,11.664
5041.236704,11.912
5041.436154,11.726
5041.632704,11.514000000000001
5041.832203999999,11.392
5042.028703999999,11.379
5042.226854,11.268
5042.4249039999995,11.207
5042.622754,11.313
5042.822604,11.152000000000001
5043.018904,11.118
5043.216904,11.011000000000001
5043.414904,11.053
5043.612754,11.107000000000001
5043.810904,11.11
5044.009354,11.006
5044.206904,11.102
5044.404954,11.0
5044.602954,11.054
5044.800953999999,11.005
5044.998954,10.895
5045.197104,10.809000000000001
5045.394953999999,10.76
5045.592954,10.746
5045.791654,10.822000000000001
5045.9889539999995,10.819
5046.187104,10.688
5046.386704,10.662
5046.583004,10.596
5046.782854,10.653
5046.978954,10.796
5047.177103999999,10.74
5047.375104,10.494
5047.573004,10.649000000000001
5047.771204,10.674
5047.969254,10.696
5048.167154,10.581
5048.365154,10.822000000000001
5048.5631539999995,10.703
5048.761254,10.626
5048.959253999999,10.523
5049.1571539999995,10.41
5049.355154,10.171
5049.553154,10.109
5049.751404,10.18
5049.949254,10.279
5050.147403999999,10.174
5050.345204,10.086
5050.543404,9.918000000000001
5050.741403999999,9.874
5050.939254,9.837
5051.137404,9.838000000000001
5051.335204,9.855
5051.534753999999,10.012
5051.731454,9.957
5051.929454,9.811
5052.1274539999995,9.811
5052.325454,9.722
5052.523204,9.596
5052.722554,9.576
5052.919454,9.459
5053.117454,9.489
5053.317104,9.612
5053.5132539999995,9.578
5053.713154,9.518
5053.909504,9.433
5054.107604,9.355
5054.305504,9.238
5054.7007539999995,8.97
5054.898754,8.944
5055.096754,8.764
5055.294954,8.66
5055.492754,8.584
5055.690754,8.46
5055.888754,8.291
5056.086754,8.28
5056.284954,8.294
5056.482754,8.398
5056.680804,8.116
5056.878804,7.907
5057.076803999999,7.839
5057.275004,7.742
5057.4730039999995,7.572
5057.672504,7.502
5057.869004,7.3580000000000005
5058.066804,7.3100000000000005
5058.265004,7.131
5058.463004,7.105
5058.660854,6.9510000000000005
5058.859054,6.791
5059.057054,6.6240000000000006
5059.255054,6.672
5059.453054,6.257000000000001
5059.651054,5.982
5059.849053999999,5.5680000000000005
5060.047054,5.022
5060.245054,4.882
5060.443053999999,4.651
5060.641254,4.75
5060.839104,4.099
5061.037654,3.447
5061.235254,2.838
5061.433054,2.664
5061.631104,2.247
5061.829254,1.703
5062.028804,1.5130000000000001
5062.225254,1.492
5062.423253999999,1.454
5062.622203999999,1.05
5062.819254,0.7030000000000001
5063.017253999999,0.10400000000000001
5063.215254,0.034
5063.413254,0.082
5063.611304,0.117
5063.809303999999,0.124
5064.007304,0.096
5064.205304,0.046
5064.4033039999995,0.089
5064.601154,0.137
5064.799304,0.203
5064.9973039999995,0.20700000000000002
5065.195454,0.28200000000000003
5065.393304,0.20700000000000002
5065.591354,0.297
5065.789354,0.656
5065.987354,0.839
5066.185504,0.899
5066.383354,1.181
5066.581553999999,1.465
5066.779554,1.875
5066.978354,1.858
5067.175504,1.816
5067.373504,2.013
5067.571354,2.205
5067.769604,2.061
5067.967404,2.318
5068.165504,2.539
5068.363554,2.702
5068.561503999999,2.408
5068.759604,2.0220000000000002
5068.957604,1.802
5069.155554,2.104
5069.353553999999,2.177
5069.552503999999,2.293
5069.749654,2.612
5069.947654,3.059
5070.147304,3.313
5070.343554,3.887
5070.5418039999995,4.336
5070.739804,4.5920000000000005
5070.937653999999,5.005
5071.135804,5.195
5071.333554,5.317
5071.531804,5.798
5071.7302039999995,6.1370000000000005
5071.927654,6.386
5072.125803999999,6.482
5072.3255039999995,6.514
5072.521804,6.711
5072.719803999999,6.836
5072.917804,7.246
5073.115854,8.008000000000001
5073.313854,7.904
5073.513454,8.109
5073.709854,8.552
5073.907854,8.997
5074.303104,8.955
5074.699103999999,9.136000000000001
5074.897153999999,9.224
5075.095104,9.208
5075.293103999999,9.375
5075.491104,9.42
5075.689104,9.418000000000001
5075.887103999999,9.555
5076.085153999999,9.508000000000001
5076.283354,9.527000000000001
5076.481154,9.573
5076.679803999999,9.454
5076.877154,9.492
5077.075154,9.523
5077.273404,9.549
5077.471154,9.599
5077.669404,9.824
5077.8684539999995,9.642
5078.0652039999995,9.38
5078.263403999999,9.505
5078.462603999999,9.399000000000001
5078.659404,9.666
5078.857403999999,9.785
5079.055203999999,9.862
5079.253404,9.977
5079.4514039999995,10.120000000000001
5079.649453999999,10.297
5079.847454,10.265
5080.045454,10.333
5080.2434539999995,10.615
5080.441454,10.664
5080.639604,10.546
5080.839054,10.715
5081.035454,10.649000000000001
5081.233454,10.814
5081.431454,10.63
5081.629604,10.691
5081.827654,11.399000000000001
5082.025904,11.616
5082.223653999999,11.162
5082.421504,10.721
5082.619654,10.769
5082.8176539999995,10.835
5083.015504,10.852
5083.213654,10.888
5083.411504,10.781
5083.609654,10.647
5083.807654,10.823
5084.005704,10.85
5084.203654,10.813
5084.401653999999,10.973
5084.599654,10.796
5084.797654,10.647
5084.995704,10.879
5085.193703999999,10.855
5085.391704,10.685
5085.589954,10.699
5085.787703999999,10.837
5085.985704,10.796
5086.183854,10.699
5086.381703999999,10.916
5086.579954,10.935
5086.777704,10.882
5086.9757039999995,10.875
5087.173854,10.815
5087.371854,10.829
5087.569954,10.416
5087.767954,10.584
5087.965754,10.52
5088.164654,10.61
5088.361903999999,10.543000000000001
5088.561704,10.672
5088.757954,10.185
5088.955754,10.366
5089.153904,10.411
5089.351904,10.515
5089.550154,10.48
5089.748004,10.473
5089.946003999999,10.455
5090.143904,10.426
5090.341904,10.496
5090.540153999999,10.517
5090.738004,10.561
5090.936054,10.561
5091.134153999999,10.496
5091.331954,10.523
5091.530204,10.492
5091.728204,10.65
5091.926054,10.704
5092.124204,10.888
5092.321954,10.84
5092.5202039999995,10.832
5092.7185039999995,10.775
5092.916204,11.064
5093.1142039999995,11.072000000000001
5093.313854,11.086
5093.510204,11.085
5093.708204,11.038
5093.906204,10.808
5094.301504,10.862
5094.697504,11.124
5094.895504,11.299
5095.0935039999995,11.33
5095.291504,11.308
5095.489704,11.127
5095.6875039999995,11.117
5095.887204,11.321
5096.083704,11.41
5096.281504,11.431000000000001
5096.479504,11.632
5096.677753999999,11.486
5096.877203999999,11.290000000000001
5097.073504,11.347
5097.271753999999,11.267
5097.469553999999,11.225
5097.667754,11.309000000000001
5097.865554,11.467
5098.063553999999,11.41
5098.261754,11.438
5098.459954,11.471
5098.6578039999995,11.493
5098.855754,11.483
5099.053754,11.466000000000001
5099.251754,11.261000000000001
5099.449804,11.351
5099.647804,11.385
5099.845854,11.509
5100.0436039999995,11.408
5100.241803999999,11.359
5100.439804,11.483
5100.637954,11.540000000000001
5100.835803999999,11.822000000000001
5101.033804,11.789
5101.231804,11.809000000000001
5101.430004,11.15
5101.628004,11.065
5101.825854,11.072000000000001
5102.024004,11.111
5102.222054,11.247
5102.420004,11.391
5102.618004,11.463000000000001
5102.816003999999,11.461
5103.013854,11.448
5103.212054,11.385
5103.409904,11.364
5103.609004,11.275
5103.806054,11.064
5104.003904,11.169
5104.202053999999,11.281
5104.400254,11.202
5104.5982539999995,11.198
5104.7960539999995,11.169
5104.994204,11.343
5105.193754,11.331
5105.390304,11.25
5105.588054,11.221
5105.786054,11.086
5105.984054,11.232000000000001
5106.182204,11.082
5106.380303999999,11.09
5106.578304,10.879
5106.776104,10.733
5106.974104,10.697000000000001
5107.172254,10.298
5107.370354,10.198
5107.568354,10.56
5107.766103999999,10.499
5107.9642539999995,10.667
5108.163404,11.03
5108.360454,11.457
5108.558354,11.442
5108.756354,11.205
5108.954304,11.077
5109.153354,11.263
5109.350304,11.328
5109.548354,11.394
5109.746354,11.408
5109.944354,11.369
5110.142304,11.403
5110.340553999999,11.22
5110.538504,11.018
5110.737454,10.932
5110.9345539999995,10.956
5111.132304,10.841000000000001
5111.330554,10.721
5111.5285539999995,10.911
5111.726554,11.241
5111.924403999999,11.44
5112.122554,11.279
5112.321704,11.817
5112.518554,11.541
5112.716604,11.558
5112.914454,11.788
5113.112604,11.749
5113.310754,11.606
5113.508604,11.781
5113.903854,11.701
5114.299854,11.851
5114.497854,11.839
5114.696003999999,11.764000000000001
5114.893854,11.783
5115.091853999999,11.844
5115.289904,11.749
5115.488104,11.811
5115.685904,11.988
5115.883903999999,11.94
5116.082104,12.148
5116.279904,12.004
5116.478104,11.996
5116.676104,12.01
5116.873904,12.023
5117.072104,11.913
5117.271753999999,11.82
5117.468154,11.748000000000001
5117.666154,11.891
5117.863904,11.848
5118.062154,11.903
5118.260154,11.812
5118.458154,11.816
5118.6569039999995,11.987
5118.853954,11.934000000000001
5119.052154,12.057
5119.250153999999,12.022
5119.448354,12.109
5119.646204,12.139000000000001
5119.844204,12.067
5120.042203999999,12.007
5120.240154,12.038
5120.439104,12.101
5120.636203999999,12.209
5120.834204,12.286
5121.032204,12.269
5121.2302039999995,12.061
5121.428354,12.348
5121.626354,12.255
5121.824204,12.286
5122.022354,12.396
5122.220204,12.274000000000001
5122.418353999999,12.201
5122.617154,12.442
5122.814254,12.516
5123.012404,12.313
5123.212154,12.314
5123.408404,12.216000000000001
5123.606404,12.218
5123.8044039999995,12.362
5124.002404,12.285
5124.200404,12.15
5124.398404,11.995000000000001
5124.5964539999995,11.998000000000001
5124.794454,11.973
5124.992604,12.047
5125.190654,12.251
5125.388653999999,11.894
5125.586453999999,11.969
5125.784454,11.977
5125.982554,11.987
5126.180654,11.945
5126.378654,11.944
5126.578354,12.05
5126.774504,11.915000000000001
5126.972604,12.091000000000001
5127.172353999999,11.991
5127.3687039999995,11.738
5127.566704,11.632
5127.766254,11.790000000000001
5127.962603999999,11.744
5128.160854,11.625
5128.358704,11.424
5128.556754,11.447000000000001
5128.754754,11.48
5128.952654,11.398
5129.150654,11.471
5129.3489039999995,11.388
5129.546754,11.388
5129.745204,11.253
5129.9426539999995,11.259
5130.140904,11.207
5130.338904,11.105
5130.536904,11.175
5130.734754,11.131
5130.933403999999,11.027000000000001
5131.130904,10.923
5131.328904,10.863
5131.526903999999,10.904
5131.7248039999995,10.804
5131.923354,10.639
5132.120954,10.556000000000001
5132.318953999999,10.549
5132.516954,10.291
5132.714954,10.183
5132.912953999999,10.071
5133.112803999999,9.983
5133.308954,9.996
5133.5069539999995,9.914
5133.902204,9.78
5134.101704,9.727
5134.298454,9.594
5134.496204,9.499
5134.694203999999,9.374
5134.892253999999,9.437
5135.090254,9.154
5135.288454,8.784
5135.487654,8.41
5135.684254,8.051
5135.882254,7.804
5136.0802539999995,7.59
5136.278453999999,7.524
5136.478153999999,7.437
5136.674254,6.734
5136.872254,6.394
5137.0712539999995,6.4590000000000005
5137.268504,6.456
5137.466504,5.95
5137.664304,6.204
5137.862254,6.3580000000000005
5138.060504,5.957
5138.258654,5.776
5138.457804,5.708
5138.654554,5.8260000000000005
5138.852304,6.038
5139.0505539999995,6.468
5139.248704,6.535
5139.446554,6.178
5139.6445539999995,6.6080000000000005
5139.842554,6.625
5140.040554,6.742
5140.238703999999,6.9830000000000005
5140.436704,7.056
5140.634554,7.376
5140.832554,7.541
5141.030604,7.972
5141.229604,8.209
5141.426754,8.362
5141.624554,8.875
5141.822553999999,9.174
5142.020754,9.238
5142.2187539999995,9.521
5142.416754,9.738
5142.614754,9.768
5142.812754,10.040000000000001
5143.010754,10.288
5143.2086039999995,10.342
5143.406754,10.583
5143.604754,10.804
5143.802753999999,10.83
5144.000803999999,11.016
5144.198804,11.078
5144.396804,11.236
5144.594803999999,11.477
5144.792804,11.425
5144.990804,11.409
5145.1890539999995,11.499
5145.386804,11.507
5145.584804,11.516
5145.782953999999,11.546
5145.980954,11.574
5146.178854,11.499
5146.377054,11.662
5146.5748539999995,11.68
5146.773004,11.700000000000001
5146.971004,11.76
5147.168854,11.788
5147.367053999999,11.969
5147.565054,11.922
5147.762854,11.567
5147.961004,11.785
5148.159204,11.905
5148.357104,11.972
5148.555104,12.008000000000001
5148.753004,12.02
5148.951004,11.911
5149.149254,12.069
5149.3471039999995,12.099
5149.546654,12.084
5149.743104,12.089
5149.941054,11.963000000000001
5150.139254,11.992
5150.338554,12.015
5150.535154,11.992
5150.733104,11.923
5150.931054,11.859
5151.1292539999995,11.870000000000001
5151.329004,11.829
5151.525304,11.811
5151.725054,11.863
5151.9213039999995,11.903
5152.119304,11.936
5152.317304,11.875
5152.516904,11.874
5152.713154,12.123000000000001
5152.911304,11.931000000000001
5153.109304,11.748000000000001
5153.307304,11.772
5153.507004,11.790000000000001
5153.703354,11.706
5154.098604,11.615
5154.296604,11.699
5154.4946039999995,11.594
5154.692604,11.655
5154.8909539999995,11.654
5155.088604,11.765
5155.286854,11.86
5155.484604,11.861
5155.682604,11.769
5155.880604,11.761000000000001
5156.078954,11.684000000000001
5156.276854,11.629
5156.474654,11.72
5156.672654,11.71
5156.870653999999,11.714
5157.070454,11.651
5157.266904,11.679
5157.464854,11.663
5157.662654,11.426
5157.860854,11.435
5158.0589039999995,11.441
5158.256904,11.415000000000001
5158.454904,11.343
5158.652904,11.297
5158.852554,11.251
5159.048904,11.371
5159.2470539999995,11.282
5159.444904,11.308
5159.642903999999,11.126
5159.842554,11.092
5160.038904,10.953
5160.237104,10.911
5160.434953999999,10.767
5160.632954,10.855
5160.831354,10.787
5161.028953999999,10.702
5161.227104,10.693
5161.425204,10.447000000000001
5161.6229539999995,10.389
5161.822854,10.338000000000001
5162.018954,10.252
5162.217154,10.296
5162.415153999999,10.245000000000001
5162.613154,10.012
5162.811154,9.878
5163.009104,9.345
5163.207104,9.476
5163.405154,9.47
5163.603153999999,9.493
5163.801154,9.726
5163.999154,9.812
5164.1971539999995,10.182
5164.395154,10.142
5164.593154,10.224
5164.791404,10.264
5164.989154,10.214
5165.187403999999,10.118
5165.385154,10.094
5165.583204,9.963000000000001
5165.781354,9.937
5165.980804,9.993
5166.177454,9.924
5166.375454,9.772
5166.573203999999,9.725
5166.7713539999995,9.667
5166.969354,9.668000000000001
5167.167453999999,9.651
5167.365454,9.489
5167.563204,9.416
5167.761354,9.389
5167.959354,9.331
5168.157604,9.337
5168.355454,9.342
5168.553454,9.290000000000001
5168.751354,9.246
5168.949353999999,9.191
5169.147604,8.917
5169.345854,8.982
5169.543504,8.870000000000001
5169.742303999999,8.719
5169.939404,8.559000000000001
5170.137654,8.494
5170.3356539999995,8.316
5170.533504,8.405
5170.731654,8.166
5170.9294039999995,8.013
5171.127654,7.863
5171.325654,7.6240000000000006
5171.523553999999,7.388
5171.723454,7.2
5171.919704,6.888
5172.117703999999,6.522
5172.315654,6.346
5172.513653999999,6.134
5172.711703999999,5.863
5172.909704,5.726
5173.304954,5.457
5173.7025539999995,4.957
5173.898953999999,4.761
5174.097154,4.4670000000000005
5174.2954039999995,4.167
5174.493004,3.915
5174.691204,3.715
5174.889004,3.618
5175.087004,3.39
5175.284954,3.073
5175.482954,3.043
5175.682554,2.892
5175.879204,2.724
5176.077004,2.416
5176.275204,2.265
5176.4730039999995,2.108
5176.671004,1.857
5176.869254,1.786
5177.0670039999995,1.555
5177.265254,1.314
5177.463253999999,1.139
5177.661254,1.0070000000000001
5177.859254,0.6880000000000001
5178.057253999999,0.464
5178.255254,0.23500000000000001
5178.453304,0.022
5178.651054,0.068
5178.849254,0.14
5179.047254,0.04
5179.2452539999995,0.01
5179.443303999999,0.02
5179.641304,0.024
5179.839304,0.088
5180.0373039999995,0.046
5180.235454,0.116
5180.433304,0.007
5180.631304,0.111
5180.829304,0.036000000000000004
5181.027304,0.049
5181.226103999999,0.033
5181.423503999999,0.063
5181.621354,0.025
5181.819504,0.029
5182.017354,0.128
5182.215504,0.039
5182.413504,0.002
5182.6115039999995,0.044
5182.810904,0.043000000000000003
5183.007504,0.082
5183.205504,0.04
5183.403504,0.094
5183.601654,0.106
5183.799554,0.027
5183.997554,0.061
5184.195554,0.06
5184.393504,0.088
5184.591554,0.097
5184.790954,0.188
5184.987553999999,0.10400000000000001
5185.185754,0.074
5185.383654,0.045
5185.581553999999,0.06
5185.779704,0.053
5185.977804,0.043000000000000003
5186.1758039999995,0.082
5186.373654,0.041
5186.571704,0.148
5186.769703999999,0.15
5186.967554,0.065
5187.165804,0.07200000000000001
5187.3639539999995,0.045
5187.5616039999995,0.073
5187.759754,0.048
5187.957754,0.043000000000000003
5188.155804,0.016
5188.353803999999,0.059000000000000004
5188.551603999999,0.056
5188.7497539999995,0.088
5188.947954,0.066
5189.146004,0.10300000000000001
5189.345504,0.021
5189.542004,0.074
5189.739804,0.002
5189.937754,0.019
5190.136004,0.025
5190.3338539999995,0.024
5190.531854,0.07200000000000001
5190.730004,0.048
5190.927804,0.059000000000000004
5191.126004,0.011
5191.324054,0.025
5191.521904,0.122
5191.720053999999,0.023
5191.918054,0.061
5192.116054,0.034
5192.3140539999995,0.053
5192.512204,0.094
5192.710054,0.031
5192.9080539999995,0.045
5193.303304,0.016
5193.501303999999,0.10200000000000001
5193.699304,0.054
5193.897304,0.027
5194.095354,0.037
5194.293353999999,0.044
5194.491354,0.025
