timestamps,Speed
s,m/s
4319.744154,0.108
4319.942153999999,0.114
4320.140154,0.06
4320.338154,0.077
4320.536604,0.137
4320.734203999999,0.085
4320.933254,0.125
4321.130204,0.03
4321.328404,0.169
4321.526204,0.06
4321.724454,0.17200000000000001
4321.9222039999995,0.196
4322.120204,0.323
4322.318404,0.17500000000000002
4322.516204,0.084
4322.714204,0.101
4322.912454,0.048
4323.110254,0.168
4323.308454,0.136
4323.506453999999,0.058
4323.704254,0.073
4323.902454,0.07200000000000001
4324.100453999999,0.059000000000000004
4324.298454,0.136
4324.496504,0.11900000000000001
4324.694504,0.093
4324.8925039999995,0.052000000000000005
4325.090504,0.032
4325.288504,0.078
4325.4865039999995,0.09
4325.684504,0.11800000000000001
4325.882504,0.058
4326.082254,0.129
4326.278654,0.117
4326.476504,0.23500000000000001
4326.674704,0.203
4326.872554,0.20500000000000002
4327.071554,0.24
4327.268704,0.106
4327.466504,0.09
4327.666354,0.165
4327.862704,0.085
4328.060554,0.139
4328.258654,0.128
4328.456704,0.027
4328.656403999999,0.053
4328.852704,0.029
4329.050704,0.07
4329.248704,0.031
4329.446704,0.074
4329.644953999999,0.111
4329.842754,0.127
4330.0409039999995,0.222
4330.238754,0.168
4330.436753999999,0.264
4330.635004,0.41600000000000004
4330.832754,0.154
4331.030904,0.171
4331.228904,0.179
4331.426754,0.032
4331.6250039999995,0.081
4331.824103999999,0.132
4332.020804,0.032
4332.219004,0.099
4332.4168039999995,0.07200000000000001
4332.615004,0.02
4332.814804,0.11
4333.010953999999,0.061
4333.208954,0.032
4333.4087039999995,0.046
4333.604953999999,0.064
4333.803054,0.121
4334.001154,0.11900000000000001
4334.1989539999995,0.088
4334.397054,0.043000000000000003
4334.595204,0.053
4334.793054,0.064
4334.991204,0.093
4335.1890539999995,0.11900000000000001
4335.387004,0.031
4335.585204,0.209
4335.784353999999,0.249
4335.981253999999,0.188
4336.179254,0.105
4336.377004,0.108
4336.575253999999,0.055
4336.773254,0.064
4336.971254,0.047
4337.1692539999995,0.027
4337.368954,0.039
4337.565254,0.081
4337.763304,0.05
4337.961254,0.101
4338.159254,0.046
4338.357254,0.08700000000000001
4338.555254,0.108
4338.753254,0.126
4339.148553999999,0.218
4339.544554,0.134
4339.7425539999995,0.16
4339.940554,0.115
4340.138554,0.112
4340.3365539999995,0.043000000000000003
4340.5346039999995,0.159
4340.732554,0.056
4340.930554,0.09
4341.128804,0.074
4341.326554,0.016
4341.526304,0.115
4341.722804,0.007
4341.920604,0.076
4342.118804,0.006
4342.316804,0.047
4342.514604,0.097
4342.712853999999,0.042
4342.910854,0.068
4343.108854,0.115
4343.306804,0.032
4343.504653999999,0.022
4343.704204,0.064
4343.9008539999995,0.035
4344.098854,0.257
4344.296854,0.047
4344.494854,0.091
4344.692854,0.113
4344.890854,0.013000000000000001
4345.0890039999995,0.091
4345.286854,0.07100000000000001
4345.484853999999,0.065
4345.684454,0.075
4345.880904,0.093
4346.080554,0.156
4346.276903999999,0.055
4346.474904,0.075
4346.673054,0.08
4346.870903999999,0.066
4347.069054,0.065
4347.2677539999995,0.069
4347.464954,0.252
4347.663104,0.197
4347.861104,0.052000000000000005
4348.059104,0.005
4348.257104,0.092
4348.454954,0.169
4348.653104,0.058
4348.851103999999,0.088
4349.049104,0.109
4349.247104,0.11900000000000001
4349.445154,0.051000000000000004
4349.643153999999,0.089
4349.841154,0.073
4350.039304,0.035
4350.238854,0.027
4350.435354,0.065
4350.633253999999,0.039
4350.831354,0.192
4351.029304,0.092
4351.227654,0.06
4351.425154,0.124
4351.623404,0.113
4351.822803999999,0.165
4352.0193039999995,0.055
4352.217304,0.076
4352.415154,0.09
4352.613404,0.058
4352.811404,0.14200000000000002
4353.009403999999,0.123
4353.207453999999,0.047
4353.405604,0.126
4353.603354,0.149
4353.801404,0.028
4353.999354,0.074
4354.197354,0.126
4354.3954539999995,0.139
4354.593454,0.05
4354.791454,0.218
4354.989603999999,0.14300000000000002
4355.187404,0.126
4355.385404,0.20700000000000002
4355.5836039999995,0.219
4355.781454,0.158
4355.979604,0.066
4356.1776039999995,0.056
4356.376404,0.122
4356.573654,0.10400000000000001
4356.771404,0.096
4356.9696539999995,0.189
4357.167654,0.248
4357.366204,0.211
4357.563654,0.195
4357.761654,0.099
4357.959654,0.122
4358.157654,0.32
4358.355654,0.535
4358.553653999999,0.838
4358.751704,1.097
4359.146904,1.145
4359.542954,1.665
4359.740954,1.956
4359.938954,2.592
4360.136954,2.845
4360.334954,3.407
4360.532954,3.754
4360.730954,3.966
4360.928954,4.501
4361.127154,4.213
4361.324954,4.868
4361.523004,5.151
4361.721004,5.433
4361.919003999999,5.892
4362.117204,6.301
4362.3149539999995,6.296
4362.513204,6.4990000000000006
4362.711204,6.676
4362.909353999999,6.882000000000001
4363.107204,6.8180000000000005
4363.305204,6.981
4363.503554,7.132000000000001
4363.701254,6.957
4363.899254,7.176
4364.097254,7.455
4364.295254,7.24
4364.494704,7.546
4364.691253999999,7.759
4364.889254,7.658
4365.087254,7.5760000000000005
4365.285304,7.824
4365.484404,8.072000000000001
4365.681254,8.327
4365.880604,8.254
4366.077454,8.374
4366.275254,8.511000000000001
4366.473304,8.823
4366.6731039999995,8.947000000000001
4366.869304,9.252
4367.067454,9.412
4367.265304,9.683
4367.463304,9.656
4367.661454,9.779
4367.859304,10.107000000000001
4368.057454,9.951
4368.256354,9.853
4368.453504,9.871
4368.6515039999995,10.022
4368.849454,9.957
4369.047504,10.01
4369.2455039999995,10.173
4369.444804,10.068
4369.641504,10.304
4369.839504,10.313
4370.037504,10.356
4370.235504,10.141
4370.433754,10.382
4370.631504,10.431000000000001
4370.829554,10.531
4371.027704,10.620000000000001
4371.225504,10.764
4371.4237539999995,10.788
4371.621754,10.939
4371.819504,11.269
4372.017704,11.206
4372.215704,11.576
4372.415454,11.249
4372.611804,10.902000000000001
4372.8095539999995,10.965
4373.007804,10.939
4373.205704,11.08
4373.403804,11.042
4373.601804,11.039
4373.799804,11.032
4373.999354,11.005
4374.195753999999,11.033
4374.394004,10.86
4374.592254,11.047
4374.789854,11.232000000000001
4374.988004,11.333
4375.185804,11.172
4375.384004,11.321
4375.583554,11.533
4375.779954,12.057
4375.978004,11.915000000000001
4376.175854,11.851
4376.374004,11.595
4376.572004,11.474
4376.770004,11.427
4376.968003999999,11.426
4377.166004,11.507
4377.364004,11.515
4377.562054,11.446
4377.760004,11.499
4377.958054,11.579
4378.156054,11.543000000000001
4378.354053999999,11.362
4378.552054,11.421
4378.750204,11.329
4379.145304,11.334
4379.344304,11.615
4379.541303999999,11.67
4379.739304,11.789
4379.937554,11.778
4380.135303999999,11.748000000000001
4380.333353999999,11.491
4380.531354,11.595
4380.729354,11.653
4380.9273539999995,11.631
4381.125354,11.543000000000001
4381.323354,11.409
4381.521604,11.296
4381.719354,11.278
4381.917354,11.304
4382.115554,11.487
4382.3134039999995,11.495000000000001
4382.511603999999,11.428
4382.7097539999995,11.519
4382.907604,11.466000000000001
4383.105603999999,11.445
4383.304304,11.494
4383.501604,11.347
4383.699603999999,11.645
4383.897604,11.678
4384.095604,11.698
4384.293654,11.385
4384.4916539999995,11.401
4384.689654,11.283
4384.887654,11.031
4385.0856539999995,11.133000000000001
4385.283654,11.089
4385.481804,11.133000000000001
4385.679654,11.018
4385.877804,10.854000000000001
4386.075654,10.738
4386.273704,10.653
4386.471853999999,10.443
4386.669704,10.419
4386.867704,10.427
4387.0658539999995,10.491
4387.263704,10.314
4387.463304,10.331
4387.659804,10.185
4387.857704,10.162
4388.056154,10.135
4388.253854,9.97
4388.451854,9.887
4388.649854,9.596
4388.847854,9.576
4389.045854,9.512
4389.245404,9.358
4389.441904,9.511000000000001
4389.639904,9.443
4389.838054,9.493
4390.035903999999,9.337
4390.233904,9.147
4390.432154,9.158
4390.630854,9.035
4390.828154,9.171
4391.026054,9.08
4391.225604,9.048
4391.422054,9.082
4391.619954,8.977
4391.818504,9.079
4392.016103999999,9.006
4392.213954,8.878
4392.412104,8.843
4392.610154,8.784
4392.808104,8.832
4393.006104,8.639
4393.2041039999995,8.707
4393.402204,8.775
4393.600804,8.671
4393.798354,8.691
4393.996104,8.628
4394.194354,8.589
4394.392104,8.612
4394.590204,8.504
4394.788354,8.412
4394.986154,8.432
4395.185254,8.472
4395.382404,8.561
4395.5802539999995,8.616
4395.778354,8.585
4395.976404,8.674
4396.174153999999,8.676
4396.372404,8.776
4396.570154,8.955
4396.7684039999995,9.145
4396.966404,9.119
4397.164404,9.066
4397.3624039999995,9.139
4397.560404,9.372
4397.758404,9.483
4397.956404,9.328
4398.1553539999995,9.464
4398.352454,9.528
4398.747703999999,9.666
4399.143704,9.732
4399.3417039999995,9.623
4399.539704,9.685
4399.737704,9.74
4399.9357039999995,9.736
4400.1337539999995,9.758000000000001
4400.3336039999995,9.843
4400.529704,9.931000000000001
4400.727704,10.145
4400.926104,10.134
4401.123704,9.989
4401.321704,9.917
4401.519953999999,10.066
4401.717754,10.18
4401.915954,10.227
4402.1139539999995,10.252
4402.311753999999,10.186
4402.510004,10.317
4402.707754,10.364
4402.9060039999995,10.513
4403.103954,10.523
4403.302004,10.501
4403.5000039999995,10.71
4403.698004,10.74
4403.896004,10.734
4404.094004,10.811
4404.292203999999,10.836
4404.490004,10.869
4404.688004,10.883000000000001
4404.886004,10.968
4405.084003999999,11.062
4405.282054,10.898
4405.480054,10.943
4405.678054,10.943
4405.876204,10.977
4406.074054,11.065
4406.272204,11.019
4406.470204,11.003
4406.668054,11.085
4406.866204,11.152000000000001
4407.064254,10.948
4407.262254,11.012
4407.461604,11.206
4407.658254,11.203
4407.856253999999,11.158
4408.054254,11.162
4408.252254,11.235
4408.450253999999,11.392
4408.648254,11.518
4408.846254,11.499
4409.0442539999995,11.426
4409.242504,11.421
4409.440304,11.362
4409.638604,11.575000000000001
4409.836454,11.558
4410.034554,11.51
4410.232504,11.513
4410.4303039999995,11.559000000000001
4410.628304,11.441
4410.826454,11.497
4411.024304,11.566
4411.224054,11.682
4411.420553999999,11.459
4411.618304,11.604000000000001
4411.816454,11.618
4412.014454,11.58
4412.212554,11.355
4412.410454,11.533
4412.608303999999,11.552
4412.806454,11.367
4413.004604,11.708
4413.202604,11.674
4413.400554,11.699
4413.598504,11.886000000000001
4413.796554,11.894
4413.996254,11.763
4414.192754,11.466000000000001
4414.390504,11.371
4414.588753999999,11.246
4414.786704,11.32
4414.984604,11.402000000000001
4415.1827539999995,11.314
4415.380604,11.363
4415.578504,11.309000000000001
4415.7767539999995,11.263
4415.974604,11.3
4416.174554,11.302
4416.370754,11.205
4416.568654,11.234
4416.766754,11.354000000000001
4416.964804,11.555
4417.163754,11.348
4417.360804,11.483
4417.558954,11.426
4417.756804,11.458
4417.954804,11.366
4418.152854,11.290000000000001
4418.548054,11.333
4418.944054,11.632
4419.142104,11.55
4419.340104,11.612
4419.538104,11.397
4419.736104,11.029
4419.934104,11.252
4420.132104,11.374
4420.330304,11.413
4420.528104,11.633000000000001
4420.726304,11.385
4420.924954,11.377
4421.122154,11.379
4421.3203539999995,11.251
4421.518153999999,11.079
4421.716354,11.252
4421.914354,11.313
4422.1121539999995,11.004
4422.310354,11.243
4422.510004,11.214
4422.7061539999995,11.199
4422.904354,11.197000000000001
4423.102404,11.263
4423.300404,11.246
4423.498404,11.393
4423.696403999999,11.572000000000001
4423.894404,11.673
4424.092404,11.871
4424.290403999999,11.865
4424.488404,11.704
4424.686404,11.673
4424.884403999999,11.867
4425.082404,12.042
4425.280604,11.98
4425.4784039999995,12.038
4425.676554,12.111
4425.874404,12.202
4426.074304,11.748000000000001
4426.270603999999,11.832
4426.468454,11.789
4426.666553999999,11.789
4426.864603999999,11.864
4427.062604,11.791
4427.260604,11.89
4427.4586039999995,11.902000000000001
4427.656454,11.722
4427.854604,11.713000000000001
4428.0526039999995,11.671
4428.2506539999995,11.641
4428.448654,11.6
4428.646654,11.527000000000001
4428.8446539999995,11.77
4429.042654,11.608
4429.240654,11.627
4429.438654,11.57
4429.636804,11.549
4429.834654,11.38
4430.032904,11.257
4430.230904,11.581
4430.428704,11.472
4430.626854,11.61
4430.824904,11.383000000000001
4431.0229039999995,11.25
4431.220904,11.112
4431.418904,10.999
4431.616704,11.008000000000001
4431.814854,10.985
4432.012954,10.937
4432.210854,10.912
4432.4089539999995,11.013
4432.606954,10.999
4432.804854,10.819
4433.003103999999,10.793000000000001
4433.200954,10.728
4433.398954,10.61
4433.5971039999995,10.616
4433.794854,10.582
4433.993104,10.568
4434.191004,10.457
4434.389004,10.194
4434.587154,9.966000000000001
4434.784904,10.031
4434.983104,10.229000000000001
4435.181104,10.206
4435.378904,10.244
4435.577154,10.221
4435.775804,10.202
4435.9730039999995,10.003
4436.171154,10.021
4436.369154,10.24
4436.567153999999,10.073
4436.765154,9.955
4436.9642539999995,10.120000000000001
4437.161153999999,10.075000000000001
4437.359154,9.908
4437.558804,9.869
4437.7551539999995,9.861
4438.150404,9.835
4438.546453999999,10.171
4438.744554,10.041
4438.942454,10.072000000000001
4439.1407039999995,9.805
4439.338454,10.144
4439.536454,10.065
4439.7344539999995,10.069
4439.933554,10.003
4440.130704,10.126
4440.328504,10.332
4440.5265039999995,10.254
4440.724704,10.149000000000001
4440.922504,10.229000000000001
4441.120754,10.356
4441.318754,10.402000000000001
4441.516504,10.382
4441.714704,10.477
4441.912703999999,10.38
4442.110753999999,10.397
4442.308754,10.549
4442.506554,10.218
4442.704753999999,10.265
4442.904404,10.187
4443.100754,10.244
4443.2987539999995,10.404
4443.496754,10.622
4443.694754,10.542
4443.8927539999995,10.454
4444.092154,10.609
4444.288804,10.669
4444.486804,10.589
4444.684904,10.709
4444.882804,10.8
4445.080954,10.839
4445.278804,10.951
4445.476804,10.836
4445.674954,10.89
4445.872804,10.816
4446.071003999999,10.903
4446.269004,10.72
4446.466854,11.025
4446.6650039999995,10.983
4446.863004,10.928
4447.060954,10.950000000000001
4447.259004,11.042
4447.456954,11.042
4447.655004,10.975
4447.854504,10.996
4448.051004,10.915000000000001
4448.249004,10.952
4448.447004,11.008000000000001
4448.645004,11.095
4448.8446539999995,11.006
4449.041154,11.065
4449.239054,10.935
4449.437054,10.934000000000001
4449.635154,11.05
4449.833054,11.053
4450.031304,11.299
4450.229204,11.525
4450.427054,11.198
4450.626154,11.1
4450.8230539999995,11.077
4451.021304,11.229000000000001
4451.219304,11.23
4451.417104,11.278
4451.615204,11.197000000000001
4451.814703999999,11.076
4452.011304,11.253
4452.209304,11.227
4452.407303999999,11.271
4452.6052039999995,11.246
4452.803304,11.252
4453.001354,11.272
4453.199353999999,11.312
4453.3979039999995,11.393
4453.595254,11.308
4453.794954,11.35
4453.991504,11.449
4454.189354,11.458
4454.3873539999995,11.552
4454.585504,11.423
4454.784954,11.397
4454.981503999999,11.442
4455.179504,11.481
4455.379204,11.513
4455.5755039999995,11.467
4455.773404,11.393
4455.971554,11.432
4456.169554,11.475
4456.367404,11.727
4456.566204,11.508000000000001
4456.763554,11.557
4456.963254,11.694
4457.159554,11.73
4457.357554,11.804
4457.752804,11.636000000000001
4458.1488039999995,11.399000000000001
4458.346853999999,11.606
4458.544854,11.522
4458.742854,11.533
4458.9408539999995,11.586
4459.138804,11.495000000000001
4459.336804,11.594
4459.5348539999995,11.58
4459.732854,11.605
4459.930854,11.64
4460.129104,11.477
4460.326854,11.565
4460.524854,11.559000000000001
4460.723104,11.626
4460.920854,11.555
4461.119103999999,11.491
4461.316854,11.681000000000001
4461.515104,11.784
4461.7131039999995,11.893
4461.910903999999,11.814
4462.109154,11.936
4462.307154,11.789
4462.504954,11.83
4462.703154,11.889000000000001
4462.901104,11.842
4463.099104,11.889000000000001
4463.297154,11.813
4463.495804,11.919
4463.693154,11.896
4463.891154,11.773
4464.089154,11.742
4464.287154,11.695
4464.486154,11.674
4464.683153999999,11.633000000000001
4464.881154,11.585
4465.0802539999995,11.521
4465.277153999999,11.395
4465.475203999999,11.467
4465.675004,11.463000000000001
4465.871204,11.416
4466.069354,11.293000000000001
4466.267354,11.205
4466.465204,11.146
4466.663353999999,10.92
4466.861204,10.819
4467.059354,10.73
4467.257353999999,10.807
4467.455403999999,10.620000000000001
4467.653404,10.483
4467.853153999999,10.336
4468.049403999999,10.201
4468.247404,10.152000000000001
4468.445554,10.008000000000001
4468.6434039999995,9.916
4468.841404,9.837
4469.039654,9.785
4469.2374039999995,9.677
4469.435404,9.544
4469.633404,9.549
4469.831404,9.36
4470.029654,9.206
4470.227903999999,9.119
4470.425654,8.974
4470.623603999999,8.875
4470.823154,8.824
4471.019654,8.697000000000001
4471.217704,8.618
4471.415454,8.588000000000001
4471.613604,8.372
4471.811753999999,8.331
4472.0096539999995,8.328
4472.207654,8.134
4472.405704,8.154
4472.603604,7.986
4472.803054,7.633
4472.999604,7.498
4473.197654,7.497
4473.395853999999,7.26
4473.593654,7.075
4473.7918039999995,6.753
4473.9898539999995,6.674
4474.187704,6.43
4474.385854,6.295
4474.583654,6.008
4474.782004,5.84
4474.979904,5.447
4475.1782539999995,5.203
4475.3759039999995,4.868
4475.573904,4.563
4475.773604,4.149
4475.969904,3.738
4476.167904,3.456
4476.365904,3.213
4476.563904,2.977
4476.763204,2.572
4476.959903999999,2.257
4477.157954,1.774
4477.355954,1.439
4477.555604,1.116
4477.949204,1.401
4478.147204,1.197
4478.345204,1.233
4478.543204,1.161
4478.741204,1.081
4478.939453999999,1.179
4479.137254,1.486
4479.335204,1.601
4479.533453999999,1.797
4479.7326539999995,1.984
4479.929254,2.226
4480.127254,2.411
4480.325253999999,2.527
4480.523454,2.493
4480.721254,2.703
4480.919454,2.816
4481.117454,3.077
4481.315254,3.212
4481.513504,3.1830000000000003
4481.711504,3.277
4481.909504,3.331
4482.107504,3.326
4482.305254,3.265
4482.503504,3.349
4482.702504,3.289
4482.899504,3.196
4483.097503999999,3.2600000000000002
4483.295553999999,3.0420000000000003
4483.493554,3.0340000000000003
4483.693204,2.887
4483.889553999999,2.949
4484.087504,2.944
4484.2855039999995,3.1590000000000003
4484.485304,3.245
4484.681554,3.287
4484.879704,3.505
4485.0775539999995,3.4370000000000003
4485.275554,3.6350000000000002
4485.475354,3.666
4485.671554,3.81
4485.869704,3.811
4486.067704,3.9
4486.265554,3.912
4486.463753999999,4.062
4486.661754,4.147
4486.859904,4.319
4487.0577539999995,4.204
4487.255754,4.383
4487.453754,4.523
4487.6517539999995,4.602
4487.851204,4.422
4488.047754,4.726
4488.245754,4.813
4488.443754,4.915
4488.641804,5.194
4488.841453999999,5.292
4489.037804,5.2090000000000005
4489.235804,5.507
4489.434004,5.639
4489.631804,5.773
4489.829804,5.832
4490.027954,5.914
4490.225804,6.037
4490.423954,6.140000000000001
4490.621954,6.2940000000000005
4490.820054,6.4510000000000005
4491.018054,6.604
4491.2158039999995,6.705
4491.415704,6.775
4491.611954,6.884
4491.809854,7.013
4492.008054,7.0840000000000005
4492.206054,7.1240000000000006
4492.404104,7.198
4492.602003999999,7.476
4492.800254,7.538
4492.998004,7.806
4493.196104,7.752
4493.394104,7.873
4493.592103999999,7.849
4493.790254,7.9830000000000005
4493.988004,8.017
4494.186004,8.044
4494.384254,8.266
4494.5820539999995,8.335
4494.780254,8.493
4494.978254,8.539
4495.176104,8.423
4495.374253999999,8.534
4495.573854,8.596
4495.770054,8.803
4495.968304,8.655
4496.166154,8.683
4496.364304,8.72
4496.562304,8.664
4496.760303999999,8.629
4496.958304,8.661
4497.156304,8.619
4497.3543039999995,8.497
4497.749554,8.159
4497.947553999999,7.648000000000001
4498.145554,7.2620000000000005
4498.343554,6.752
4498.542104,6.045
4498.739603999999,5.562
4498.937804,5.266
4499.135604,4.913
4499.3338539999995,4.571
4499.533254,4.029
4499.729604,3.882
4499.927854,3.5540000000000003
4500.125604,3.634
4500.323854,3.523
4500.522304,3.236
4500.7196539999995,3.1750000000000003
4500.917853999999,3.104
4501.115854,2.911
4501.313854,2.742
4501.511853999999,2.6270000000000002
4501.709654,2.613
4501.908203999999,2.661
4502.105853999999,2.5140000000000002
4502.303854,2.408
4502.501854,2.293
4502.699904,2.058
4502.8979039999995,2.258
4503.095904,2.363
4503.294054,2.263
4503.4919039999995,2.402
4503.689904,2.562
4503.888054,2.793
4504.085904,3.209
4504.283904,3.33
4504.481904,3.632
4504.679954,3.782
4504.878103999999,3.951
4505.077604,4.127
4505.274104,4.346
4505.4721039999995,4.482
4505.669954,4.687
4505.868104,4.8260000000000005
4506.067803999999,5.113
4506.264104,5.252
4506.462104,5.489
4506.660154,5.618
4506.858104,5.726
4507.057704,5.8580000000000005
4507.254104,6.178
4507.452104,6.487
4507.650154,6.764
4507.848154,6.98
4508.046154,6.955
4508.244304,7.0520000000000005
4508.442153999999,7.397
4508.640154,7.565
4508.838404,7.543
4509.036153999999,7.638
4509.234154,7.9350000000000005
4509.432304,8.011000000000001
4509.630204,8.022
4509.828404,8.229000000000001
4510.026204,8.3
4510.225853999999,8.397
4510.422353999999,8.464
4510.620204,8.426
4510.819904,8.471
4511.016353999999,8.549
4511.2160539999995,8.45
4511.412453999999,8.522
4511.6103539999995,8.618
4511.809053999999,8.683
4512.006453999999,8.695
4512.204204,8.706
4512.402354,8.815
4512.600354,8.729000000000001
4512.798454,8.889
4512.996454,8.922
4513.194354,9.186
4513.392404,9.168000000000001
4513.590604,9.115
4513.788603999999,9.194
4513.986404,9.269
4514.184604,9.271
4514.382654,9.226
4514.580504,9.21
4514.778654,9.125
4514.976404,9.599
4515.174504,9.577
4515.372654,9.635
4515.570454,9.806000000000001
4515.7686539999995,9.859
4515.966654,9.815
4516.164654,9.873
4516.362654,10.104000000000001
4516.560654,10.225
4516.758654,10.173
4516.956704,10.217
4517.154804,10.245000000000001
4517.352704,10.285
4517.7479539999995,10.377
4517.945954,10.465
4518.143954,10.569
4518.3419539999995,10.443
4518.539954,10.404
4518.737954,10.336
4518.935954,10.577
4519.133954,10.691
4519.333754,10.748000000000001
4519.529954,10.842
4519.728204,10.807
4519.926203999999,10.779
4520.124004,11.0
4520.322204,11.104000000000001
4520.520004,11.13
4520.718003999999,11.068
4520.916254,11.101
4521.114004,11.143
4521.313754,11.136000000000001
4521.510204,11.225
4521.708004,11.323
4521.9062539999995,11.414
4522.104254,11.474
4522.302654,11.279
4522.500254,11.207
4522.698254,10.998000000000001
4522.896254,11.189
4523.094254,11.266
4523.292254,11.327
4523.490253999999,11.293000000000001
4523.688304,11.272
4523.886304,11.388
4524.084304,11.201
4524.284054,11.205
4524.480304,11.383000000000001
4524.678454,11.479000000000001
4524.876454,11.544
4525.074304,11.387
4525.272454,11.612
4525.470454,11.509
4525.668304,11.505
4525.866504,11.395
4526.0643039999995,11.423
4526.2641539999995,11.321
4526.460504,11.515
4526.658354,11.639000000000001
4526.856503999999,11.674
4527.054504,11.707
4527.2524539999995,11.703
4527.4505039999995,11.72
4527.648504,11.679
4527.846554,11.795
4528.044554,11.848
4528.242504,11.919
4528.440504,11.872
4528.638754,11.927
4528.836504,11.905
4529.034504,11.939
4529.2326539999995,11.975
4529.430554,12.004
4529.628554,11.895
4529.826803999999,11.768
4530.024554,11.973
4530.224354,12.144
4530.420704,12.171
4530.618804,12.441
4530.816704,12.248000000000001
4531.0148039999995,12.096
4531.212704,11.887
4531.410704,11.794
4531.608854,11.816
4531.806754,11.821
4532.004754,11.863
4532.202754,11.94
4532.400754,11.908
4532.598754,11.744
4532.796804,11.526
4532.994854,11.523
4533.194254,11.700000000000001
4533.390754,11.843
4533.588804,11.651
4533.786754,11.762
4533.985004,11.809000000000001
4534.1830039999995,11.759
4534.380854,11.731
4534.579004,11.818
4534.777004,11.965
4534.975004,11.922
4535.173054,12.08
4535.371054,12.07
4535.568804,11.914
4535.767054,12.016
4535.965054,12.081
4536.163054,12.214
4536.361054,12.304
4536.558804,12.391
4536.757054,12.455
4536.955204,12.444
4537.154754,12.495000000000001
4537.548304,12.305
4537.746304,12.124
4537.944354,12.238
4538.143304,12.267
4538.340354,12.235
4538.538353999999,12.249
4538.736354,12.183
4538.934354,12.053
4539.1337539999995,12.102
4539.330354,12.065
4539.528354,11.953
4539.7266039999995,11.814
4539.924403999999,11.807
4540.122604,11.812
4540.320604,11.755
4540.518354,11.887
4540.716604,11.857000000000001
4540.914604,11.882
4541.112604,11.669
4541.310604,11.603
4541.508404,11.609
4541.706604,11.572000000000001
4541.904654,11.515
4542.102653999999,11.313
4542.300654,11.485
4542.498654,11.376
4542.696604,11.583
4542.894604,11.44
4543.092754,11.409
4543.290653999999,11.506
4543.488654,11.389000000000001
4543.686804,11.326
4543.8846539999995,11.294
4544.084454,11.199
4544.280654,11.132
4544.478654,11.111
4544.676804,11.084
4544.874654,11.173
4545.072854,11.121
4545.270853999999,11.235
4545.468704,11.15
4545.666854,11.163
4545.8648539999995,11.144
4546.062854,11.144
4546.260854,11.198
4546.4588539999995,11.058
4546.656854,11.155
4546.854904,11.096
4547.053003999999,11.06
4547.2509039999995,11.117
4547.448904,11.087
4547.646904,10.888
4547.844904,11.012
4548.043054,10.996
4548.240904,11.223
4548.438904,11.185
4548.637054,10.972
4548.834903999999,11.067
4549.033154,10.954
4549.231054,10.946
4549.428903999999,10.869
4549.627154,10.952
4549.825954,10.914
4550.023054,10.792
4550.221054,10.768
4550.418904,10.754
4550.617154,10.68
4550.8152039999995,10.870000000000001
4551.013104,10.856
4551.211204,10.876
4551.409103999999,10.792
4551.607204,10.815
4551.805104,10.788
4552.005004,10.718
4552.201204,10.742
4552.399203999999,10.671
4552.5973539999995,10.555
4552.795204,10.554
4552.994954,10.553
4553.191154,10.459
4553.3891539999995,10.531
4553.587354,10.464
4553.785204,10.473
4553.983354,10.455
4554.182154,10.552
4554.379154,10.489
4554.577354,10.525
4554.7758539999995,10.492
4554.973403999999,10.494
4555.172154,10.501
4555.369254,10.622
4555.567403999999,10.536
4555.766504,10.594
4555.963404,10.644
4556.161454,10.709
4556.3594539999995,10.723
4556.557404,10.85
4556.755454,10.937
4557.150654,10.898
4557.546703999999,11.077
4557.744704,10.991
4557.942704,11.013
4558.1407039999995,11.058
4558.338704,11.202
4558.536704,11.144
4558.7347039999995,11.026
4558.932854,11.034
4559.130954,11.049
4559.328754,11.018
4559.5267539999995,10.821
4559.724953999999,10.924
4559.922754,11.0
4560.120954,11.099
4560.318953999999,11.049
4560.516754,11.235
4560.714954,11.225
4560.914304,11.133000000000001
4561.110954,11.223
4561.309004,11.187
4561.506754,11.148
4561.7050039999995,10.953
4561.903104,11.055
4562.101004,11.061
4562.2990039999995,10.903
4562.497004,10.987
4562.695004,10.905
4562.893504,10.965
4563.091004,11.01
4563.290554,10.992
4563.487054,10.949
4563.685054,11.028
4563.883054,11.074
4564.081204,10.957
4564.279004,10.895
4564.477054,10.805
4564.675204,10.716000000000001
4564.873054,10.723
4565.071204,10.586
4565.269254,10.468
4565.467054,10.358
4565.665204,10.209
4565.864754,10.175
4566.061204,10.153
4566.259254,10.163
4566.457254,10.106
4566.655254,10.183
4566.853254,10.15
4567.051254,10.069
4567.249253999999,10.044
4567.447254,10.088000000000001
4567.645254,10.091000000000001
4567.843253999999,9.913
4568.041404,10.06
4568.239254,10.167
4568.4372539999995,10.101
4568.635303999999,10.071
4568.834854,9.946
4569.031504,9.961
4569.2293039999995,9.947000000000001
4569.427504,9.901
4569.625454,9.971
4569.823304,9.898
4570.021954,9.783
4570.219454,9.620000000000001
4570.417304,9.501
4570.615554,9.44
4570.813553999999,9.219
4571.012304,9.201
4571.209454,9.290000000000001
4571.407303999999,9.091
4571.607104,8.988
4571.803554,8.904
4572.0015539999995,8.781
4572.199504,8.581
4572.397704,8.606
4572.595504,8.165000000000001
4572.793504,8.05
4572.991754,7.941
4573.189504,7.888
4573.387554,7.76
4573.585754,7.595
4573.783604,7.5120000000000005
4573.9817539999995,7.373
4574.179553999999,7.272
4574.377554,7.062
4574.5757539999995,6.997
4574.773604,6.884
4574.971754,6.6160000000000005
4575.169754,6.494
4575.367754,6.277
4575.565804,6.181
4575.763754,6.107
4575.963454,6.115
4576.159804,5.865
4576.357954,5.6930000000000005
4576.555804,5.471
4576.753804,5.442
4577.1490539999995,5.362
4577.347054,5.4430000000000005
4577.545054,5.382
4577.743054,5.355
4577.942354,5.05
4578.139054,4.98
4578.337054,4.957
4578.535304,4.828
4578.733104,4.458
4578.931104,4.365
4579.129304,4.404
4579.327104,4.162
4579.525353999999,4.023
4579.723104,3.923
4579.921104,3.633
4580.119304,3.693
4580.317104,3.557
4580.515354,3.5180000000000002
4580.7133539999995,3.531
4580.911354,3.193
4581.109354,2.912
4581.307354,2.845
4581.505354,2.785
4581.703754,2.786
4581.901354,2.6470000000000002
4582.099354,2.666
4582.297353999999,2.6430000000000002
4582.495404,2.598
4582.693404,2.395
4582.891404,2.27
4583.089403999999,2.056
4583.287404,1.99
4583.485554,1.872
4583.683403999999,1.709
4583.881554,1.474
4584.079554,1.322
4584.2774039999995,1.1280000000000001
4584.475554,0.916
4584.674604,0.772
4584.871454,0.534
4585.069603999999,0.301
4585.267454,0.18
4585.465604,0.105
4585.664004,0.065
4585.861454,0.073
4586.059604,0.041
4586.257603999999,0.06
4586.455604,0.074
4586.653654,0.158
4586.851753999999,0.07200000000000001
4587.049604,0.03
4587.247604,0.081
4587.445604,0.11
4587.643854,0.045
4587.841654,0.081
4588.039604,0.094
4588.237604,0.125
4588.435904,0.181
4588.633654,0.101
4588.831654,0.088
4589.0303539999995,0.08700000000000001
4589.227653999999,0.07200000000000001
4589.425904,0.10400000000000001
4589.625054,0.033
4589.821804,0.064
4590.019904,0.16
4590.217704,0.081
4590.4159039999995,0.066
4590.615503999999,0.094
4590.811704,0.131
4591.009854,0.127
4591.207804,0.058
4591.405904,0.064
4591.603954,0.085
4591.801954,0.122
4591.999854,0.121
4592.197954,0.034
4592.3961039999995,0.11900000000000001
4592.594104,0.202
4592.792154,0.25
4592.989954,0.32
4593.187854,0.329
4593.386104,0.45
4593.585554,0.46
4593.7819039999995,0.405
4593.980104,0.595
4594.178054,0.619
4594.376154,0.757
4594.574154,0.841
4594.771954,0.894
4594.970104,0.921
4595.168103999999,0.8180000000000001
4595.366153999999,0.752
4595.564154,0.8290000000000001
4595.7639039999995,0.585
4595.960153999999,0.728
4596.158154,0.77
4596.356154,0.312
4596.751454,0.256
4596.949454,0.159
4597.147454,0.08600000000000001
4597.345454,0.04
4597.543454,0.037
4597.741454,0.049
4597.939453999999,0.059000000000000004
4598.137454,0.091
4598.335454,0.033
4598.533453999999,0.068
4598.731503999999,0.096
4598.929704,0.038
4599.1274539999995,0.058
4599.325454,0.081
4599.523904,0.066
4599.721504,0.021
4599.919454,0.051000000000000004
4600.117704,0.024
4600.315504,0.055
4600.513704,0.094
4600.7115539999995,0.14100000000000001
4600.909504,0.06
4601.107754,0.039
4601.305504,0.057
4601.503704,0.045
4601.701754,0.14300000000000002
4601.8997039999995,0.109
4602.097753999999,0.14400000000000002
4602.295854,0.127
4602.493754,0.109
4602.6917539999995,0.234
4602.889754,0.224
4603.087754,0.28400000000000003
4603.2857539999995,0.311
4603.484754,0.34600000000000003
4603.681754,0.403
4603.879804,0.491
4604.077804,0.654
4604.275954,0.687
4604.473954,0.848
4604.671804,1.053
4604.869954,1.309
4605.067954,1.569
4605.265804,1.938
4605.463954,2.232
4605.662004,2.488
4605.860004,2.652
4606.057954,2.851
4606.255954,3.144
4606.454004,3.3080000000000003
4606.652004,3.438
4606.850004,3.473
4607.048004,3.591
4607.246204,3.7110000000000003
4607.445054,4.04
4607.642054,4.119
4607.8401539999995,4.321
4608.038004,4.461
4608.236003999999,4.446
4608.434254,4.424
4608.632004,4.187
4608.8302539999995,4.181
4609.028004,4.132
4609.226554,4.22
4609.424304,3.959
4609.6220539999995,3.755
4609.820304,3.779
4610.018204,3.666
4610.2160539999995,3.729
4610.414304,3.642
4610.612204,3.392
4610.810203999999,3.5780000000000003
4611.008204,3.516
4611.206303999999,3.676
4611.404304,3.494
4611.602304,3.5060000000000002
4611.800254,3.5300000000000002
4611.998254,3.533
4612.196304,3.597
4612.394254,3.416
4612.592304,2.88
4612.790454,3.198
4612.988354,3.251
4613.186504,3.459
4613.384454,3.586
4613.582354,3.619
4613.780503999999,3.649
4613.978504,3.6990000000000003
4614.176354,3.996
4614.374503999999,4.043
4614.572354,4.0520000000000005
4614.770504,4.265
4614.9685039999995,4.184
4615.166303999999,4.181
4615.364504,4.357
4615.562554,4.54
4615.7605539999995,4.588
4615.958554,4.503
4616.156704,4.686
4616.356204,4.91
4616.749804,4.914
4616.947803999999,4.94
4617.145804,4.901
4617.344504,5.025
4617.5418039999995,5.069
4617.739804,5.123
4617.937804,5.079
4618.135804,5.227
4618.335704,5.0680000000000005
4618.531854,5.056
4618.729854,5.1000000000000005
4618.929704,5.181
4619.125804,5.19
4619.324054,5.014
4619.522054,5.203
4619.719854,5.188
4619.918753999999,5.104
4620.115854,5.208
4620.313854,5.299
4620.512103999999,5.176
4620.709854,5.228
4620.908104,5.315
4621.1061039999995,5.34
4621.303854,5.38
4621.502104,5.481
4621.700253999999,5.4990000000000006
4621.898104,5.526
4622.096104,5.393
4622.294304,5.162
4622.492154,5.134
4622.690103999999,5.049
4622.888104,5.047
4623.086104,4.981
4623.284103999999,5.073
4623.482153999999,4.811
4623.680154,5.041
4623.878304,5.1450000000000005
4624.076153999999,5.227
4624.274154,5.348
4624.472304,5.439
4624.6701539999995,5.567
4624.868304,5.726
4625.066954,5.836
4625.264354,6.002
4625.462354,6.199
4625.660204,6.195
4625.858354,6.58
4626.056353999999,6.805
4626.254354,6.944
4626.452354,7.207
4626.650554,7.432
4626.848354,7.62
4627.046354,7.654
4627.244504,7.6530000000000005
4627.442354,7.719
4627.640404,7.878
4627.838404,7.997
4628.0364039999995,8.016
4628.234604,7.916
4628.432404,7.932
4628.630354,8.024000000000001
4628.828554,7.925
4629.026404,8.104000000000001
4629.225154,8.145
4629.422654,8.255
4629.620404,8.237
4629.8185539999995,8.371
4630.016554,8.59
4630.214554,8.492
4630.412904,8.759
4630.610554,8.682
4630.8086539999995,8.804
4631.006654,8.979000000000001
4631.204704,8.829
4631.402604,8.912
4631.6007039999995,8.843
4631.798604,8.921
4631.996604,8.929
4632.194804,9.094
4632.392704,8.862
4632.590704,8.882
4632.788804,8.656
4632.986604,8.549
4633.184854,8.628
4633.382704,8.649000000000001
4633.580854,8.751
4633.778854,8.524000000000001
4633.9766039999995,8.620000000000001
4634.176203999999,8.619
4634.372854,8.635
4634.570654,8.666
4634.770504,8.601
4634.966904,8.58
4635.165304,8.542
4635.362904,8.502
4635.561054,8.489
4635.758903999999,8.483
4636.154154,8.291
4636.550154,8.38
4636.947104,8.133000000000001
4637.144154,7.993
4637.342154,7.9110000000000005
4637.540153999999,7.9270000000000005
4637.738404,7.855
4637.936204,7.757000000000001
4638.134204,7.66
4638.332453999999,7.644
4638.530204,7.635
4638.728204,7.649
4638.926203999999,7.658
4639.124204,7.69
4639.322454,7.767
4639.521054,7.78
4639.718454,7.825
4639.916454,7.862
4640.114254,7.691
4640.312454,7.619
4640.511304,7.523000000000001
4640.708204,7.377
4640.906454,7.307
4641.104453999999,7.15
4641.302504,7.0040000000000004
4641.500454,6.889
4641.698453999999,6.634
4641.896503999999,6.472
4642.094504,6.37
4642.294054,6.252
4642.490503999999,6.071
4642.688654,5.863
4642.8864539999995,5.619
4643.0845039999995,5.46
4643.282654,5.1850000000000005
4643.480504,5.002
4643.678704,4.529
4643.876754,4.297
4644.074504,4.104
4644.272653999999,3.91
4644.470504,3.611
4644.668554,3.43
4644.866704,3.244
4645.064703999999,3.056
4645.262704,2.688
4645.460704,2.45
4645.6587039999995,2.198
4645.856704,2.0180000000000002
4646.054954,1.932
4646.2527039999995,1.756
4646.450704,1.5110000000000001
4646.648553999999,1.0030000000000001
4646.846754,0.878
4647.044954,0.681
4647.242754,0.507
4647.440754,0.167
4647.638754,0.232
4647.836754,0.13
4648.034954,0.171
4648.2329039999995,0.061
4648.430754,0.105
4648.629003999999,0.031
4648.826904,0.058
4649.0267539999995,0.057
4649.222954,0.08600000000000001
4649.421004,0.096
4649.618904,0.277
4649.816903999999,0.105
4650.014904,0.107
4650.213004,0.146
4650.411054,0.093
4650.6088039999995,0.096
4650.806954,0.116
4651.0051539999995,0.12
4651.204054,0.075
4651.401054,0.095
4651.599204,0.095
4651.797054,0.031
4651.995204,0.08700000000000001
4652.193204,0.035
4652.391054,0.027
4652.589204,0.09
4652.787004,0.092
4652.985254,0.155
4653.183254,0.23800000000000002
4653.381004,0.097
4653.579204,0.10200000000000001
4653.777204,0.148
4653.975254,0.058
4654.174554,0.069
4654.371254,0.08
4654.569254,0.14
4654.768354,0.15
4654.965254,0.17400000000000002
4655.163254,0.07
4655.3612539999995,0.095
4655.559254,0.088
4655.758854,0.03
4656.152554,0.05
4656.548503999999,0.11
4656.746504,0.09
4656.944554,0.107
4657.1427539999995,0.07100000000000001
4657.340553999999,0.055
4657.538554,0.056
4657.736554,0.093
4657.9345539999995,0.068
4658.132804,0.049
4658.330554,0.136
4658.528654,0.053
4658.726804,0.227
4658.926203999999,0.051000000000000004
4659.122804,0.054
4659.320804,0.081
4659.518704,0.081
4659.716804,0.085
4659.914804,0.108
4660.112803999999,0.062
4660.310804,0.076
4660.508604,0.078
4660.707804,0.048
4660.904804,0.199
4661.104504,0.186
4661.300854,0.094
4661.4988539999995,0.068
4661.698453999999,0.061
4661.894854,0.028
4662.094204,0.21
4662.290854,0.256
4662.488854,0.054
4662.687003999999,0.039
4662.884854,0.051000000000000004
4663.083054,0.088
4663.282454,0.115
4663.478904,0.253
4663.677054,0.14
4663.874904,0.21
4664.0730539999995,0.214
4664.271054,0.168
4664.468903999999,0.19
4664.667054,0.17200000000000001
4664.865054,0.255
4665.063104,0.20400000000000001
4665.261104,0.167
4665.459104,0.166
4665.657053999999,0.23
4665.855054,0.07100000000000001
4666.053054,0.063
4666.252754,0.08
4666.449054,0.125
4666.647054,0.14400000000000002
4666.845104,0.068
4667.043254,0.161
4667.241104,0.121
4667.439104,0.154
4667.6373539999995,0.033
4667.835104,0.1
4668.033254,0.10200000000000001
4668.232954,0.032
4668.429104,0.128
4668.627254,0.12
4668.825154,0.185
4669.023354,0.123
4669.221353999999,0.124
4669.419154,0.044
4669.617303999999,0.116
4669.815304,0.028
4670.013304,0.146
4670.212954,0.092
4670.409304,0.176
4670.607403999999,0.091
4670.8053039999995,0.056
4671.003554,0.246
4671.202604,0.146
4671.399404,0.134
4671.597404,0.133
4671.7954039999995,0.227
4671.993554,0.122
4672.191354,0.233
4672.389354,0.253
4672.5892539999995,0.218
4672.785454,0.151
4672.985304,0.055
4673.181603999999,0.078
4673.379454,0.095
4673.577604,0.058
4673.775454,0.04
4673.973604,0.018000000000000002
4674.171604,0.126
4674.3696039999995,0.07200000000000001
4674.567604,0.183
4674.765654,0.083
4674.963604,0.14200000000000002
4675.162904,0.067
4675.359754,0.299
4675.557604,0.714
4675.755654,1.102
4676.150904,1.889
4676.3489039999995,2.156
4676.546904,2.649
4676.744904,3.04
4676.9429039999995,3.246
4677.142253999999,3.553
4677.338904,3.947
4677.537154,4.191
4677.735854,4.485
4677.932904,4.697
4678.131154,4.948
4678.328904,5.077
4678.526903999999,5.5520000000000005
4678.725154,5.508
4678.922954,5.765
4679.1211539999995,6.021
4679.318953999999,6.166
4679.516954,6.323
4679.715204,6.5200000000000005
4679.913853999999,6.591
4680.111204,6.698
4680.309154,6.713
4680.507254,6.863
4680.705204,7.045
4680.903204,7.141
4681.101204,7.368
4681.299204,7.438
4681.497204,7.62
4681.695204,7.614
4681.894804,7.996
4682.091203999999,7.994
4682.289204,8.169
4682.4874039999995,8.212
4682.685254,8.328
4682.883253999999,8.370000000000001
4683.081404,8.374
4683.279254,8.568
4683.479004,8.721
4683.675404,8.818
4683.873254,8.756
4684.071403999999,8.968
4684.269404,9.019
4684.467254,9.288
4684.665454,9.168000000000001
4684.863254,9.515
4685.061454,9.444
4685.259454,9.487
4685.457304,9.506
4685.655454,9.602
4685.8534039999995,9.544
4686.0514539999995,9.867
4686.249454,9.556000000000001
4686.447604,9.67
4686.645504,9.911
4686.8435039999995,9.791
4687.041604,9.723
4687.239454,9.709
4687.437454,9.814
4687.635454,9.89
4687.833504,10.046
4688.031704,9.896
4688.229504,9.909
4688.427654,9.917
4688.6256539999995,9.898
4688.823504,10.046
4689.021753999999,9.985
4689.219754,10.204
4689.417654,10.173
4689.615654,10.21
4689.813654,10.321
4690.011754,10.348
4690.2097539999995,10.389
4690.407553999999,10.509
4690.605654,10.455
4690.803704,10.628
4691.001754,10.679
4691.199754,10.674
4691.397754,10.613
4691.595703999999,10.766
4691.793704,10.971
4691.991954,10.915000000000001
4692.189804,11.012
4692.387954,10.979000000000001
4692.585803999999,10.956
4692.7837039999995,10.933
4692.981954,11.026
4693.179704,11.22
4693.377954,11.268
4693.5764039999995,11.214
4693.773954,11.189
4693.972253999999,11.111
4694.169954,11.256
4694.368004,11.464
4694.566003999999,11.618
4694.764004,11.496
4694.962004,11.469
4695.160003999999,11.488
4695.358104,11.644
4695.556004,11.741
4695.951254,11.916
4696.149254,11.862
4696.347253999999,11.824
4696.545254,11.908
4696.743254,12.084
4696.941253999999,12.101
4697.139303999999,12.258000000000001
4697.337304,12.370000000000001
4697.5355039999995,12.371
4697.733303999999,12.271
4697.931504,12.301
4698.129304,12.265
4698.3273039999995,12.357000000000001
4698.525504,12.314
4698.724904,12.481
4698.9213039999995,12.642
4699.119554,12.576
4699.317304,12.479000000000001
4699.515554,12.477
4699.713954,12.376
4699.911304,12.454
4700.109554,12.435
4700.307554,12.506
4700.505553999999,12.565
4700.703554,12.493
4700.9017539999995,12.526
4701.099604,12.442
4701.297603999999,12.462
4701.496504,12.404
4701.6935539999995,12.403
4701.891554,12.398
4702.089604,12.541
4702.287604,12.469
4702.485753999999,12.577
4702.683604,12.568
4702.881654,12.512
4703.079753999999,12.608
4703.2776539999995,12.620000000000001
4703.475754,12.828
4703.673604,12.684000000000001
4703.871754,12.655000000000001
4704.069804,12.719
4704.267903999999,12.586
4704.465754,12.445
4704.663804,12.448
4704.861653999999,12.606
4705.0598039999995,12.911
4705.257804,12.658
4705.455804,12.925
4705.653804,12.849
4705.851804,12.889000000000001
4706.049804,12.876
4706.247804,12.937
4706.445854,12.884
4706.643854,12.757
4706.842054,12.766
4707.039854,12.748000000000001
4707.237803999999,12.88
4707.435954,12.805
4707.634304,12.944
4707.831854,12.828
4708.031604,12.737
4708.227854,12.788
4708.426004,12.533
4708.625403999999,12.655000000000001
4708.822104,12.671000000000001
4709.020004,12.620000000000001
4709.2178539999995,12.547
4709.416104,12.474
4709.614054,12.477
4709.812104,12.222
4710.010104,12.33
4710.208054,12.356
4710.406054,12.147
4710.604053999999,12.043000000000001
4710.803754,11.945
4711.000104,11.828
4711.198104,11.909
4711.396254,11.828
4711.595754,11.812
4711.792304,11.722
4711.990054,11.732000000000001
4712.1881539999995,11.612
4712.386304,11.535
4712.584104,11.285
4712.782303999999,11.355
4712.980304,11.319
4713.178104,11.167
4713.376303999999,11.077
4713.574304,11.009
4713.772204,11.011000000000001
4713.970354,10.827
4714.168353999999,10.798
4714.366354,10.727
4714.564354,10.646
4714.762103999999,10.556000000000001
4714.960354,10.469
4715.158354,10.368
4715.356354,10.394
4715.751604,10.373
4716.147604,10.17
4716.345604,10.119
4716.543654,9.918000000000001
4716.7416539999995,9.846
4716.939854,9.78
4717.137654,9.639
4717.3356539999995,9.638
4717.5339539999995,9.611
4717.731654,9.632
4717.929654,9.515
4718.127654,9.434000000000001
4718.325654,9.26
4718.525554,9.193
4718.721654,9.01
4718.919903999999,8.801
4719.117904,8.654
4719.315654,8.503
4719.514904,8.376
4719.711654,8.276
4719.909904,8.112
4720.1079039999995,8.009
4720.305703999999,7.768
4720.503904,7.783
4720.701954,7.433
4720.900804,7.143
4721.097954,7.125
4721.296104,6.666
4721.493954,6.298
4721.691954,6.15
4721.890104,5.898
4722.087954,5.632
4722.286004,5.446
4722.484154,5.079
4722.681954,4.854
4722.8801539999995,4.573
4723.077953999999,4.117
4723.275954,4.009
4723.474104,3.68
4723.6719539999995,3.593
4723.870154,3.097
4724.068104,2.705
4724.266103999999,2.5260000000000002
4724.464154,2.228
4724.662154,1.806
4724.860154,1.502
4725.058153999999,1.056
4725.256154,0.835
4725.4559039999995,0.47600000000000003
4725.652153999999,0.22
4725.850203999999,0.046
4726.048204,0.201
4726.247554,0.181
4726.444203999999,0.149
4726.642204,0.128
4726.842004,0.146
4727.0382039999995,0.08700000000000001
4727.236704,0.064
4727.434354,0.076
4727.632204,0.14100000000000001
4727.832104,0.037
4728.028254,0.218
4728.226204,0.13
4728.424403999999,0.042
4728.622204,0.043000000000000003
4728.821604,0.13
4729.018454,0.156
4729.2176039999995,0.066
4729.414454,0.171
4729.612354,0.08
4729.810504,0.168
4730.008503999999,0.123
4730.206604,0.073
4730.404404,0.17400000000000002
4730.6025039999995,0.084
4730.800504,0.02
4730.998504,0.124
4731.196504,0.051000000000000004
4731.394404,0.046
4731.592454,0.08600000000000001
4731.790653999999,0.048
4731.988504,0.098
4732.188054,0.077
4732.3846539999995,0.041
4732.582453999999,0.139
4732.780654,0.171
4732.978654,0.165
4733.176654,0.107
4733.374704,0.041
4733.572454,0.022
4733.770704,0.043000000000000003
4733.968704,0.027
4734.166704,0.14200000000000002
4734.366104,0.081
4734.562704,0.11900000000000001
4734.760703999999,0.076
4734.958704,0.223
4735.156704,0.08
4735.551954,0.115
4735.749954,0.062
4735.947954,0.20600000000000002
4736.145954,0.077
4736.344004,0.092
4736.542004,0.02
4736.740004,0.074
4736.938004,0.017
4737.136004,0.065
4737.334003999999,0.112
4737.532704,0.046
4737.730254,0.03
4737.928204,0.011
4738.126053999999,0.108
4738.324054,0.109
4738.5222539999995,0.073
4738.720053999999,0.19
4738.918254,0.459
4739.116704,0.96
4739.314254,1.327
4739.512254,1.477
4739.710054,1.7650000000000001
4739.908254,2.078
4740.107804,2.5100000000000002
4740.304054,2.823
4740.502304,3.035
4740.700304,3.196
4740.898303999999,3.609
4741.097454,3.735
4741.294304,3.81
4741.492303999999,4.061
4741.690454,4.373
4741.888304,4.341
4742.0863039999995,4.577
4742.284454,4.636
4742.482354,4.806
4742.680354,4.89
4742.878503999999,5.2090000000000005
4743.076304,5.281
4743.274304,5.578
4743.472503999999,5.673
4743.670304,5.736
4743.868504,5.737
4744.066503999999,6.03
4744.264504,6.268
4744.462504,6.304
4744.6605039999995,6.457
4744.858504,6.521
4745.056504,7.314
4745.256104,7.38
4745.4525539999995,7.425
4745.650554,7.373
4745.848554,7.213
4746.046554,7.329
4746.244704,7.266
4746.442554,7.397
4746.640554,7.4
4746.838704,7.454
4747.036553999999,7.628
4747.234804,7.587
4747.432554,7.6450000000000005
4747.630803999999,7.564
4747.830304,7.617
4748.026604,7.74
4748.224704,7.688
4748.422754,7.678
4748.620554,7.809
4748.820454,7.759
4749.016754,7.7700000000000005
4749.214704,7.946
4749.413554,8.019
4749.610854,7.9350000000000005
4749.808854,7.822
4750.006754,8.02
4750.204753999999,8.239
4750.404304,8.198
4750.601004,8.201
4750.798854,8.343
4750.996854,8.536
4751.195004,8.421
4751.393754,8.412
4751.590854,8.422
4751.789054,8.247
4751.986903999999,8.337
4752.185054,8.283
4752.382804,8.332
4752.581004,8.457
4752.779004,8.444
4752.977054,8.946
4753.175053999999,9.077
4753.374654,9.286
4753.571054,9.349
4753.769053999999,9.517
4753.967054,9.565
4754.165054,9.799
4754.364154,10.106
4754.561054,10.259
4754.759054,10.450000000000001
4755.154354,10.451
4755.550303999999,10.826
4755.748304,10.950000000000001
4755.946354,10.965
4756.1445539999995,11.044
4756.342353999999,11.285
4756.540354,11.432
4756.738604,11.44
4756.9363539999995,11.636000000000001
4757.134604,11.622
4757.333954,11.761000000000001
4757.5303539999995,11.911
4757.728354,12.078
4757.926404,12.058
4758.124404,11.804
4758.323904,11.867
4758.520404,12.009
4758.718404,11.838000000000001
4758.916654,11.904
4759.114404,12.009
4759.312604,12.114
4759.510604,12.253
4759.7086039999995,12.389000000000001
4759.906653999999,12.376
4760.104654,12.355
4760.302954,12.456
4760.5006539999995,12.376
4760.698654,12.416
4760.896654,12.392
4761.0946539999995,12.441
4761.292654,12.479000000000001
4761.490654,12.424
4761.688803999999,12.421
4761.886654,12.437
4762.084804,12.434000000000001
4762.283004,12.427
4762.480704,12.343
4762.678854,12.444
4762.876854,12.181000000000001
4763.074704,12.352
4763.274604,12.425
4763.470703999999,12.434000000000001
4763.668704,12.507
4763.866854,12.626
4764.064854,12.553
4764.262904,12.583
4764.460854,12.567
4764.6587039999995,12.463000000000001
4764.856854,12.621
4765.055004,12.692
4765.252904,12.684000000000001
4765.450903999999,12.967
4765.648904,12.968
4765.846904,12.98
4766.044903999999,12.805
4766.242904,12.956
4766.440904,12.947000000000001
4766.6391539999995,12.972
4766.836904,13.015
4767.035054,13.157
4767.233154,13.141
4767.4309539999995,13.025
4767.629054,13.166
4767.827104,13.224
4768.025103999999,13.292
4768.223204,13.448
4768.420954,13.229000000000001
4768.619154,13.289
4768.817153999999,13.344
4769.015104,13.312000000000001
4769.213454,13.355
4769.411104,13.433
4769.609203999999,13.434000000000001
4769.807204,13.372
4770.005354,13.311
4770.204854,13.475
4770.401104,13.386000000000001
4770.599354,13.314
4770.797104,13.328
4770.995354,13.565
4771.193154,13.471
4771.391204,13.499
4771.589354,13.366
4771.787254,13.687000000000001
4771.985404,13.711
4772.185104,13.655000000000001
4772.381154,13.467
4772.579404,13.514000000000001
4772.778404,13.667
4772.975404,13.599
4773.173404,13.558
4773.3714039999995,13.467
4773.5694539999995,13.717
4773.767454,13.703
4773.965404,13.88
4774.163404,13.88
4774.361404,13.809000000000001
4774.559404,13.743
4774.758054,13.703
4775.152854,13.643
4775.548704,13.503
4775.746704,13.535
4775.944704,13.288
4776.142704,13.222
4776.340704,13.299
4776.538704,13.139000000000001
4776.736704,12.99
4776.934704,12.97
4777.134504,12.89
4777.330704,12.983
4777.528703999999,12.993
4777.726954,12.932
4777.924754,12.711
4778.1229539999995,12.673
4778.320954,12.51
4778.518754,12.540000000000001
4778.717004,12.455
4778.9150039999995,12.274000000000001
4779.113004,12.205
4779.311004,12.044
4779.508954,12.113
4779.707004,12.127
4779.905004,12.107000000000001
4780.103004,12.11
4780.301004,11.974
4780.499003999999,11.733
4780.697004,11.639000000000001
4780.895004,11.525
4781.093154,11.416
4781.291004,11.482000000000001
4781.489154,11.471
4781.687204,11.316
4781.885053999999,11.501
4782.083204,11.389000000000001
4782.281054,11.069
4782.479053999999,11.078
4782.677204,11.065
4782.876754,10.901
4783.073203999999,10.853
4783.271204,10.755
4783.470504,10.664
4783.667254,10.445
4783.865253999999,10.429
4784.063254,10.428
4784.261254,10.331
4784.459204,10.171
4784.657254,10.149000000000001
4784.855254,10.044
4785.0532539999995,9.943
4785.251254,9.812
4785.449254,9.742
4785.6472539999995,9.687
4785.845404,9.683
4786.043404,9.704
4786.241254,9.475
4786.439254,9.52
4786.637503999999,9.051
4786.835304,8.881
4787.033404,8.903
4787.231503999999,8.703
4787.429304,8.687
4787.627554,8.541
4787.825304,8.347
4788.023454,8.136000000000001
4788.2214539999995,7.848
4788.419304,7.6930000000000005
4788.617454,7.523000000000001
4788.815454,7.242
4789.013454,7.056
4789.211454,6.939
4789.409454,6.689
4789.607554,6.351
4789.805554,6.09
4790.003704,5.759
4790.201454,5.4990000000000006
4790.399554,5.242
4790.597554,4.773
4790.795553999999,4.413
4790.9937039999995,4.031
4791.191503999999,3.607
4791.389504,3.205
4791.587754,2.733
4791.785604,2.371
4791.983754,2.122
4792.181754,1.804
4792.3795039999995,1.295
4792.577754,0.991
4792.775754,0.746
4792.973754,0.481
4793.171754,0.28400000000000003
4793.369554,0.133
4793.567754,0.05
4793.765804,0.029
4793.965404,0.048
4794.161754,0.041
4794.359904,0.011
4794.5577539999995,0.051000000000000004
4794.755803999999,0.041
4795.151054,0.133
4795.349053999999,0.08600000000000001
4795.548004,0.155
4795.745054,0.061
4795.943053999999,0.091
4796.141054,0.055
4796.339104,0.063
4796.537104,0.081
4796.735103999999,0.099
4796.933054,0.107
4797.131304,0.099
4797.329054,0.058
4797.527304,0.038
4797.725304,0.065
4797.9231039999995,0.022
4798.121304,0.068
4798.319104,0.038
4798.517104,0.041
4798.715354,0.14
4798.913104,0.048
4799.1130539999995,0.033
4799.309354,0.093
4799.507103999999,0.067
4799.705354,0.042
4799.903354,0.08
4800.101353999999,0.10200000000000001
4800.299354,0.151
4800.497554,0.1
4800.696754,0.089
4800.893354,0.068
4801.091354,0.074
4801.289354,0.105
4801.487553999999,0.034
4801.687003999999,0.13
4801.883404,0.077
4802.081553999999,0.074
4802.279404,0.053
4802.477404,0.006
4802.6755539999995,0.021
4802.873404,0.054
4803.071554,0.05
4803.271154,0.077
4803.467554,0.007
4803.665604,0.025
4803.863453999999,0.004
4804.061554,0.129
4804.259604,0.03
4804.457604,0.038
4804.657303999999,0.015
4804.853604,0.06
4805.051654,0.031
4805.249604,0.063
4805.447604,0.13
4805.647204,0.027
4805.843653999999,0.057
4806.0418039999995,0.055
4806.239603999999,0.09
4806.437854,0.022
4806.636104,0.035
4806.8336039999995,0.051000000000000004
4807.031754,0.023
4807.229654,0.027
4807.427904,0.039
4807.6259039999995,0.014
4807.823654,0.08600000000000001
4808.021804,0.025
4808.219803999999,0.077
4808.417654,0.033
4808.615904,0.025
4808.814354,0.033
4809.011904,0.059000000000000004
4809.209804,0.043000000000000003
4809.407904,0.10400000000000001
4809.605853999999,0.08600000000000001
4809.803854,0.05
4810.001854,0.182
4810.199904,0.068
4810.397854,0.055
4810.595953999999,0.068
4810.795604,0.053
4810.992104,0.043000000000000003
4811.189854,0.078
4811.388154,0.043000000000000003
4811.586204,0.022
4811.7839539999995,0.094
4811.982104,0.065
4812.179954,0.074
4812.379454,0.107
4812.576104,0.077
4812.773954,0.032
4812.9721039999995,0.14100000000000001
4813.170104,0.08700000000000001
4813.368954,0.029
4813.566154,0.099
4813.7641539999995,0.07200000000000001
4813.963154,0.115
4814.160154,0.092
4814.358303999999,0.221
4814.753404,0.092
4814.952354,0.044
4815.149404,0.034
4815.348153999999,0.10200000000000001
4815.5454039999995,0.051000000000000004
4815.743404,0.081
4815.941404,0.051000000000000004
4816.139454,0.098
4816.337954,0.083
4816.535704,0.082
4816.733454,0.015
4816.931454,0.094
4817.129454,0.046
4817.327454,0.02
4817.525654,0.042
4817.7248039999995,0.082
4817.921654,0.091
4818.119654,0.064
4818.317454,0.041
4818.5157039999995,0.057
4818.713704,0.028
4818.911454,0.012
4819.1097039999995,0.116
4819.307704,0.082
4819.505704,0.026000000000000002
4819.703704,0.058
4819.9015039999995,0.096
4820.099704,0.053
4820.297754,0.056
4820.495754,0.056
4820.694354,0.048
4820.891904,0.069
4821.089704,0.129
4821.287754,0.07
4821.485904,0.063
4821.683754,0.05
4821.881754,0.184
4822.079904,0.665
4822.277754,1.035
4822.475904,1.691
4822.6737539999995,2.208
4822.871754,2.634
4823.069904,3.065
4823.2677539999995,3.47
4823.465953999999,3.8360000000000003
4823.663954,3.888
4823.861954,4.264
4824.059953999999,4.248
4824.257954,4.376
4824.455954,4.533
4824.653953999999,4.686
4824.853654,4.945
4825.049954,5.224
4825.2479539999995,5.202
4825.446003999999,5.4190000000000005
4825.644004,5.787
4825.842004,6.102
4826.0400039999995,6.49
4826.238004,6.758
4826.436154,7.071
4826.634004,7.323
4826.832154,7.532
4827.030154,7.816
4827.228004,8.048
4827.427904,8.18
4827.624253999999,8.417
4827.822004,8.562
4828.020154,8.736
4828.218003999999,8.887
4828.416254,8.893
4828.615854,9.175
4828.812054,9.257
4829.010154,9.452
4829.208204,9.628
4829.406304,9.749
4829.6043039999995,9.911
4829.802454,10.204
4830.000254,10.290000000000001
4830.198203999999,10.540000000000001
4830.396404,10.662
4830.594304,10.926
4830.792304,11.107000000000001
4830.990204,11.261000000000001
4831.188303999999,11.322000000000001
4831.3864539999995,11.445
4831.584304,11.548
4831.782303999999,11.594
4831.980454,11.717
4832.178204,11.905
4832.378154,12.002
4832.574454,12.156
4832.772504,12.194
4832.970504,12.370000000000001
4833.168504,12.533
4833.366504,12.544
4833.564504,12.442
4833.762503999999,12.731
4833.960504,12.774000000000001
4834.158504,12.813
4834.554004,12.943
4834.751754,12.973
4834.949754,13.044
4835.147754,13.051
4835.346004,13.074
4835.543753999999,13.041
4835.741804,13.055
4835.940004,13.094
4836.137804,13.163
4836.335803999999,13.076
4836.534404,13.025
4836.731804,13.128
4836.929803999999,12.780000000000001
4837.127804,12.681000000000001
4837.326004,12.69
4837.5240539999995,12.593
4837.721804,12.631
4837.919854,12.643
4838.118054,12.692
4838.316054,12.671000000000001
4838.514054,12.530000000000001
4838.712054,12.506
4838.910054,12.476
4839.108053999999,12.547
4839.305854,12.312
4839.504054,12.311
4839.702104,12.313
4839.900054,12.278
4840.098054,12.218
4840.296254,12.198
4840.494103999999,12.266
4840.692104,12.288
4840.890254,12.328
4841.088054,12.279
4841.286254,12.349
4841.4847039999995,12.392
4841.682154,12.383000000000001
4841.880254,12.368
4842.078104,12.540000000000001
4842.276104,12.546
4842.4748039999995,12.503
4842.672104,12.538
4842.8702539999995,12.618
4843.068254,12.783
4843.266103999999,12.754
4843.464304,12.761000000000001
4843.6623039999995,12.862
4843.860304,12.996
4844.058304,13.036
4844.256554,13.158
4844.454304,13.036
4844.652304,13.139000000000001
4844.850304,13.186
4845.048304,13.378
4845.246354,13.164
4845.444354,13.066
4845.642354,13.157
4845.840504,13.257
4846.038353999999,13.162
4846.236554,13.14
4846.4345539999995,13.144
4846.633903999999,13.242
4846.830604,13.192
4847.0285539999995,13.394
4847.226504,13.366
4847.424604,13.412
4847.624003999999,13.497
4847.820554,13.423
4848.018504,13.315
4848.216354,13.336
4848.414604,13.280000000000001
4848.612604,13.282
4848.812204,13.317
4849.008503999999,13.182
4849.208204,13.164
4849.404654,13.271
4849.602653999999,13.16
4849.8005539999995,13.238
4849.998654,13.144
4850.196804,13.188
4850.3945539999995,13.178
4850.592554,13.222
4850.790804,13.07
4850.988554,13.124
4851.1866039999995,13.040000000000001
4851.384803999999,13.106
4851.582654,13.136000000000001
4851.782454,13.107000000000001
4851.978803999999,13.067
4852.176604,13.094
4852.374804,13.081
4852.572704,13.040000000000001
4852.770853999999,13.089
4852.968854,13.306000000000001
4853.166854,13.219
4853.365654,13.088000000000001
4853.562854,13.1
4853.760854,12.997
4854.156104,13.154
4854.552103999999,13.167
4854.750104,13.138
4854.948104,13.127
4855.1461039999995,13.124
4855.344954,13.171000000000001
4855.542154,12.992
4855.740154,12.954
4855.9381539999995,13.032
4856.136154,12.92
4856.336053999999,12.933
4856.5321539999995,12.831
4856.730154,12.725
4856.929104,12.627
4857.126154,12.508000000000001
4857.324154,12.561
4857.5240539999995,12.299
4857.720404,12.133000000000001
4857.918404,12.062
4858.116204,11.892
4858.314404,11.832
4858.512404,11.768
4858.7104039999995,11.561
4858.908404,11.333
4859.106404,11.012
4859.3044039999995,10.916
4859.502853999999,10.687
4859.700404,10.598
4859.900054,10.409
4860.0964539999995,10.278
4860.294604,10.063
4860.494103999999,9.862
4860.690454,9.784
4860.890104,9.536
4861.086454,9.295
4861.2846039999995,9.095
4861.483204,8.842
4861.680604,8.52
4861.878654,8.273
4862.076504,7.946
4862.274654,7.694
4862.472654,7.51
4862.670454,7.126
4862.868604,6.557
4863.066654,6.394
4863.2659539999995,5.971
4863.462654,5.5
4863.660653999999,5.281
4863.858654,4.718
4864.056654,4.191
4864.2560539999995,3.9170000000000003
4864.452654,3.472
4864.650804,2.995
4864.848653999999,2.625
4865.046654,2.333
4865.244904,2.124
4865.442704,1.875
4865.640654,1.522
4865.838854,1.287
4866.036704,1.185
4866.234904,1.046
4866.432704,1.114
4866.632004,1.057
4866.828954,1.091
4867.027104,1.252
4867.225004,1.336
4867.4228539999995,1.465
4867.621354,1.77
4867.818904,2.083
4868.016954,2.316
4868.214954,2.705
4868.412953999999,3.043
4868.612553999999,3.262
4868.808854,3.539
4869.007004,3.789
4869.2050039999995,4.121
4869.403004,4.301
4869.601004,4.595
4869.798904,4.703
4869.996904,4.751
4870.195154,4.781
4870.393004,4.9110000000000005
4870.591154,4.971
4870.789154,5.133
4870.988654,5.333
4871.185954,5.542
4871.383154,5.681
4871.581004,5.849
4871.779154,6.104
4871.977003999999,6.21
4872.175204,6.386
4872.373154,6.698
4872.571754,6.803
4872.769204,6.923
4872.967154,7.002
4873.165204,7.199
4873.363204,7.307
4873.563004,7.447
4873.759204,7.452
4874.1544539999995,7.478
4874.550504,7.797000000000001
4874.748454,7.813
4874.946454,7.768
4875.144454,7.854
4875.342454,7.929
4875.540454,7.890000000000001
4875.738504,8.098
4875.936503999999,8.298
4876.135953999999,8.559000000000001
4876.332754,8.544
4876.530503999999,8.652000000000001
4876.728754,8.89
4876.926754,8.921
4877.124503999999,9.062
4877.322754,8.908
4877.520504,8.921
4877.7185039999995,9.133000000000001
4877.916754,9.151
4878.114554,9.242
4878.314404,9.243
4878.510754,9.403
4878.708554,9.336
4878.908404,9.387
4879.104754,9.504
4879.302753999999,9.543000000000001
4879.500754,9.227
4879.698754,9.471
4879.898204,9.734
4880.094954,9.879
4880.292804,9.876
4880.492454,9.83
4880.688803999999,9.982000000000001
4880.888454,9.816
4881.084804,9.790000000000001
4881.283004,9.928
4881.480804,10.046
4881.678804,9.799
4881.877004,9.733
4882.075003999999,9.843
4882.273004,9.824
4882.470854,9.913
4882.669304,9.971
4882.867004,9.985
4883.065004,9.934000000000001
4883.2630039999995,10.127
4883.461004,10.174
4883.658853999999,10.07
4883.857054,10.232000000000001
4884.055254,10.242
4884.253004,10.185
4884.452504,10.336
4884.649004,10.370000000000001
4884.847004,10.443
4885.045254,10.237
4885.243054,10.198
4885.441003999999,10.453
4885.639254,10.544
4885.838753999999,10.672
4886.035054,10.581
4886.233303999999,10.561
4886.431054,10.76
4886.629204,10.681000000000001
4886.8273039999995,10.752
4887.025054,10.982000000000001
4887.223304,11.120000000000001
4887.421204,11.027000000000001
4887.619254,11.006
4887.817304,10.875
4888.016904,10.969
4888.213304,11.075000000000001
4888.411304,11.102
4888.609203999999,11.162
4888.807253999999,11.248000000000001
4889.005454,11.152000000000001
4889.203354,11.295
4889.401253999999,11.347
4889.599454,11.185
4889.797254,11.213000000000001
4889.9955039999995,11.309000000000001
4890.193504,11.285
4890.391353999999,11.33
4890.589504,11.369
4890.7873039999995,11.42
4890.985504,11.5
4891.185203999999,11.336
4891.381404,11.646
4891.579554,11.533
4891.777553999999,11.475
4891.975504,11.478
4892.173503999999,11.333
4892.372504,11.468
4892.569304,11.403
4892.767554,11.517
4892.965704,11.563
4893.163554,11.523
4893.361653999999,11.568
4893.5595539999995,11.353
4893.757554,11.577
4894.152803999999,11.534
4894.548854,11.308
4894.748454,11.347
4894.944804,11.532
4895.144504,11.371
4895.3408039999995,11.141
4895.538853999999,11.13
4895.738703999999,10.964
4895.934854,10.794
4896.1328539999995,10.724
4896.330854,10.86
4896.528854,10.838000000000001
4896.727104,10.837
4896.925104,10.802
4897.123103999999,10.982000000000001
4897.321104,11.043000000000001
4897.518904,11.124
4897.717103999999,11.164
4897.915104,11.433
4898.113104,11.212
4898.311154,11.279
4898.509104,11.442
4898.707104,11.508000000000001
4898.9051039999995,11.429
4899.103153999999,11.061
4899.301104,11.245000000000001
4899.499154,11.42
4899.6971539999995,11.437
4899.895154,11.593
4900.093304,11.586
4900.291154,11.525
4900.4898539999995,11.742
4900.687304,11.655
4900.885154,11.788
4901.083304,11.586
4901.281304,11.794
4901.479204,11.886000000000001
4901.6773539999995,11.849
4901.875153999999,11.649000000000001
4902.073354,11.652000000000001
4902.2713539999995,11.714
4902.469204,11.844
4902.667354,12.002
4902.865354,12.002
4903.063354,12.035
4903.261354,12.177
4903.459354,12.15
4903.657354,12.322000000000001
4903.856253999999,12.208
4904.053404,12.227
4904.251354,12.239
4904.449353999999,12.173
4904.647354,12.233
4904.845354,12.214
4905.0436039999995,12.306000000000001
4905.241354,12.286
4905.439404,12.018
4905.637554,12.044
4905.8354039999995,12.189
4906.033754,12.255
4906.231654,12.334
4906.4294039999995,12.409
4906.627554,12.381
4906.825404,12.468
4907.023654,12.247
4907.221654,12.298
4907.419454,12.084
4907.617654,12.116
4907.816054,12.247
4908.013604,12.507
4908.211604,12.429
4908.411254,12.275
4908.607604,12.196
4908.805654,12.151
4909.003804,12.408
4909.201704,12.382
4909.399604,12.332
4909.597604,12.487
4909.795604,12.489
4909.993853999999,12.488
4910.191704,12.418000000000001
4910.389704,12.36
4910.587853999999,12.355
4910.785604,12.357000000000001
4910.983854,12.36
4911.1818539999995,12.228
4911.379653999999,12.264000000000001
4911.577904,12.247
4911.776104,12.16
4911.9739039999995,12.146
4912.173604,12.16
4912.369654,12.048
4912.567854,12.066
4912.765904,12.187
4912.963904,12.065
4913.161904,12.065
4913.359904,11.934000000000001
4913.557903999999,11.893
4913.953804,12.105
4914.151154,12.040000000000001
4914.3491539999995,12.007
4914.548704,12.013
4914.745204,11.974
4914.943204,12.038
4915.141404,12.267
4915.339153999999,12.088000000000001
4915.537204,12.261000000000001
4915.735204,12.088000000000001
4915.933204,12.171
4916.131404,12.121
4916.329204,11.974
4916.527204,12.275
4916.725453999999,12.221
4916.924554,12.246
4917.121454,12.087
4917.3194539999995,11.948
4917.519104,12.019
4917.715454,11.786
4917.913254,11.879
4918.111454,11.925
4918.309454,11.932
4918.507254,11.908
4918.705454,12.009
4918.903453999999,11.752
4919.101454,11.733
4919.299454,11.759
4919.497453999999,11.743
4919.695454,11.912
4919.8945539999995,11.837
4920.091654,11.725
4920.289503999999,11.803
4920.489254,11.633000000000001
4920.685504,11.667
4920.883503999999,11.633000000000001
4921.081654,11.775
4921.279504,11.753
4921.4775039999995,11.645
4921.675704,11.4
4921.873504,11.441
4922.071704,11.508000000000001
4922.270554,11.508000000000001
4922.467554,11.751
4922.665704,11.632
4922.865354,11.707
4923.061704,11.858
4923.259704,11.532
4923.4577039999995,11.628
4923.655704,11.564
4923.855404,11.6
4924.051754,11.569
4924.2497539999995,11.48
4924.449504,11.493
4924.645704,11.454
4924.843704,11.364
4925.041953999999,11.314
4925.239754,11.309000000000001
4925.437754,11.247
4925.635904,11.214
4925.833754,11.056000000000001
4926.0319039999995,11.124
4926.230454,11.084
4926.428304,10.895
4926.626004,10.766
4926.825354,10.719
4927.0220039999995,10.655
4927.220004,10.537
4927.417804,10.402000000000001
4927.615954,10.528
4927.813954,10.394
4928.012004,10.491
4928.210004,10.236
4928.408004,10.138
4928.605954,10.071
4928.805453999999,9.952
4929.001953999999,9.829
4929.200054,9.67
4929.398204,9.66
4929.595953999999,9.438
4929.793954,9.31
4929.992204,9.067
4930.190054,8.799
4930.3880039999995,8.671
4930.586204,8.27
4930.784054,7.884
4930.982204,7.5200000000000005
4931.1800539999995,7.206
4931.378204,7.013
4931.576254,6.577
4931.775004,6.208
4931.972253999999,6.026
4932.171004,5.772
4932.368254,5.313
4932.566204,4.816
4932.764254,4.431
4933.159504,3.987
4933.555504,3.15
4933.753503999999,2.847
4933.951754,2.571
4934.149504,2.4130000000000003
4934.347554,2.161
4934.545553999999,1.955
4934.743554,1.622
4934.9417539999995,1.557
4935.139553999999,1.488
4935.338954,1.223
4935.5357539999995,1.072
4935.7335539999995,0.905
4935.931554,0.653
4936.129754,0.44
4936.327604,0.307
4936.525804,0.292
4936.723804,0.356
4936.921554,0.32
4937.119804,0.337
4937.317554,0.527
4937.517104,0.581
4937.713804,0.849
4937.911803999999,1.18
4938.109804,1.41
4938.307804,1.846
4938.505803999999,2.023
4938.705454,2.217
4938.901804,2.414
4939.0998039999995,2.726
4939.2978539999995,2.734
4939.496004,3.246
4939.695554,3.724
4939.8918539999995,3.896
4940.089854,3.9650000000000003
4940.289503999999,4.135
4940.486003999999,4.205
4940.683854,4.226
4940.882004,4.514
4941.0800039999995,4.525
4941.277854,4.799
4941.476004,4.813
4941.6740039999995,4.997
4941.871854,5.117
4942.070054,5.248
4942.268054,5.3340000000000005
4942.4660539999995,5.672
4942.664054,5.7700000000000005
4942.861903999999,5.684
4943.060054,5.815
4943.258054,6.058
4943.456054,6.167
4943.655753999999,6.251
4943.852304,6.385
4944.050104,6.461
4944.248103999999,6.586
4944.4462539999995,6.738
4944.644053999999,6.761
4944.842054,7.049
4945.040104,6.853
4945.238104,7.041
4945.436254,7.0520000000000005
4945.634104,7.2540000000000004
4945.832104,7.2410000000000005
4946.030253999999,7.1770000000000005
4946.228104,7.1850000000000005
4946.426254,7.3500000000000005
4946.624354,7.418
4946.822354,7.354
4947.020354,7.497
4947.218104,7.431
4947.416254,7.4590000000000005
4947.614404,7.486
4947.8140539999995,7.494
4948.010354,7.319
4948.208353999999,7.3580000000000005
4948.406304,7.246
4948.6043039999995,7.301
4948.802504,7.373
4949.000304,7.448
4949.198404,7.389
4949.396554,7.438
4949.5944039999995,7.371
4949.792554,7.521
4949.990554,7.57
4950.1884039999995,7.531000000000001
4950.386554,7.468
4950.584304,7.5600000000000005
4950.782754,7.772
4950.980554,7.6850000000000005
4951.178354,7.513
4951.3765539999995,7.471
4951.574603999999,7.344
4951.772604,7.34
4951.970604,7.292
4952.1686039999995,7.174
4952.366604,7.057
4952.564604,6.9670000000000005
4952.764454,6.829
4953.157854,6.809
4953.553854,6.641
4953.751854,6.57
4953.9498539999995,6.386
4954.147854,6.28
4954.345854,6.297
4954.543904,6.24
4954.7419039999995,6.165
4954.940103999999,6.1370000000000005
4955.137904,6.213
4955.335904,6.184
4955.535704,6.164
4955.731904,6.263
4955.930104,6.382000000000001
4956.127904,6.405
4956.325903999999,6.376
4956.524154,6.535
4956.721904,6.609
4956.9201539999995,6.579
4957.118154,6.522
4957.315904,6.516
4957.5141539999995,6.618
4957.712154,6.644
4957.910154,6.8260000000000005
4958.108154,6.8
4958.306304,6.883
4958.504154,6.908
4958.702204,6.95
4958.900204,6.94
4959.098204,7.038
4959.296154,7.061
4959.494154,7.139
4959.692153999999,7.085
4959.890354,7.082
4960.088204,7.2090000000000005
4960.286204,7.204
4960.485554,7.227
4960.682204,7.3420000000000005
4960.880354,7.305
4961.078354,7.365
4961.276354,7.439
4961.474354,7.426
4961.672254,7.378
4961.870403999999,7.514
4962.069853999999,7.561
4962.266254,7.838
4962.464403999999,7.682
4962.663504,7.708
4962.860404,7.9510000000000005
4963.058403999999,7.806
4963.256604,7.996
4963.454404,8.092
4963.6524039999995,8.11
4963.850654,8.047
4964.048454,8.276
4964.247404,8.197000000000001
4964.4444539999995,8.233
4964.642454,8.175
4964.840654,8.155
4965.038404,8.104000000000001
4965.237604,8.187
4965.4345539999995,8.111
4965.632454,8.261000000000001
4965.830704,8.446
4966.028703999999,8.541
4966.226454,8.433
4966.424704,8.357
4966.622604,8.422
4966.820604,8.418000000000001
4967.018704,8.518
4967.216604,8.512
4967.414704,8.472
4967.612754,8.545
4967.8107039999995,8.393
4968.010053999999,8.389
4968.206654,8.455
4968.404654,8.451
4968.6043039999995,8.493
4968.800854,8.539
4968.998704,8.407
4969.196854,8.484
4969.394854,8.394
4969.592753999999,8.27
4969.7909039999995,8.416
4969.9898539999995,8.556000000000001
4970.186904,8.609
4970.384904,8.583
4970.582754,8.540000000000001
4970.780904,8.482
4970.978904,8.538
4971.176804,8.55
4971.374903999999,8.558
4971.572954,8.562
4971.770954,8.574
4971.968954,8.648
4972.1668039999995,8.645
4972.366104,8.599
4972.562954,8.715
4972.760953999999,8.667
4973.156204,8.719
4973.354204,8.703
4973.552204,8.625
4973.750204,8.534
4973.948203999999,8.514
4974.146204,8.288
4974.3444039999995,8.226
4974.542254,8.113
4974.740253999999,7.9510000000000005
4974.938254,7.831
4975.136254,7.665
4975.334253999999,7.507000000000001
4975.532254,7.362
4975.730254,7.212
4975.928454,7.101
4976.126254,6.97
4976.324454,6.890000000000001
4976.522504,6.686
4976.720254,6.591
4976.918504,6.484
4977.116504,6.361
4977.314254,6.275
4977.512503999999,5.9670000000000005
4977.710504,5.772
4977.908504,5.737
4978.106503999999,5.702
4978.304304,5.606
4978.502504,5.463
4978.7005039999995,5.382
4978.898553999999,5.279
4979.096554,5.166
4979.294704,4.9030000000000005
4979.492504,4.949
4979.690504,4.792
4979.888704,4.691
4980.0865539999995,4.5920000000000005
4980.284954,4.558
4980.482554,4.567
4980.680554,4.6530000000000005
4980.878704,4.71
4981.076554,4.878
4981.2747039999995,4.792
4981.472704,5.022
4981.670553999999,5.138
4981.868754,5.234
4982.0667539999995,5.303
4982.264904,5.7
4982.462754,6.136
4982.6607539999995,6.328
4982.858754,6.431
4983.056754,6.565
4983.254604,6.681
4983.452754,6.771
4983.650753999999,6.9590000000000005
4983.848754,6.9990000000000006
4984.046754,7.094
4984.245653999999,7.2620000000000005
4984.442803999999,7.356
4984.640804,7.474
4984.8390039999995,7.632000000000001
4985.036803999999,7.828
4985.234904,7.812
4985.432804,7.998
4985.630803999999,8.018
4985.829004,8.041
4986.026804,8.072000000000001
4986.224953999999,7.863
4986.422954,8.147
4986.620804,8.095
4986.819054,8.15
4987.016954,8.168000000000001
4987.215104,8.285
4987.413004,8.041
4987.611054,8.351
4987.808954,8.362
4988.007054,8.578
4988.2052539999995,8.568
4988.403104,8.614
4988.601054,8.64
4988.7990039999995,8.819
4988.998654,8.819
4989.195004,8.71
4989.393004,8.84
4989.591104,8.96
4989.789253999999,9.01
4989.988703999999,8.973
4990.185254,8.936
4990.383253999999,8.98
4990.581254,8.797
4990.779254,8.747
4990.977253999999,8.654
4991.175254,8.823
4991.373254,8.706
4991.571054,8.646
4991.769254,8.524000000000001
4991.967304,8.487
4992.165304,8.339
4992.3633039999995,8.233
4992.561304,8.15
4992.759304,8.151
4993.154554,8.145
4993.5505539999995,7.884
4993.748554,7.398000000000001
4993.946554,7.4030000000000005
4994.1445539999995,7.344
4994.342954,7.461
4994.540604,7.607
4994.738604,7.298
4994.9366039999995,7.515000000000001
4995.134604,7.518
4995.332804,7.578
4995.530604,7.612
4995.728604,7.48
4995.926804,7.386
4996.124604,7.305
4996.322803999999,7.12
4996.520603999999,7.009
4996.718854,7.032
4996.916854,6.8740000000000006
4997.114603999999,6.8660000000000005
4997.312854,6.746
4997.510854,6.714
4997.7086039999995,6.472
4997.906854,6.404
4998.104854,6.375
4998.302854,6.019
4998.500854,6.0120000000000005
4998.699054,6.048
4998.896904,6.019
4999.094904,6.006
4999.292904,6.006
4999.492504,5.882000000000001
4999.6890539999995,6.062
4999.886904,5.925
5000.084903999999,6.09
5000.2830539999995,6.227
5000.480904,6.335
5000.678903999999,6.51
5000.877104,6.702
5001.074904,6.534
5001.273053999999,6.428
5001.471104,6.133
5001.668904,6.216
5001.867053999999,6.242
5002.064904,6.238
5002.263104,6.214
5002.461104,6.244
5002.659103999999,6.12
5002.857104,6.1450000000000005
5003.055104,6.158
5003.253103999999,6.3870000000000005
5003.451104,6.5440000000000005
5003.649304,6.678
5003.8471039999995,6.727
5004.045354,6.863
5004.243254,6.878
5004.441154,6.812
5004.6391539999995,6.873
5004.837104,6.968
5005.035154,7.0680000000000005
5005.233303999999,7.198
5005.431154,7.105
5005.6292539999995,7.223
5005.8273039999995,7.194
5006.025304,7.255
5006.225004,7.49
5006.4213039999995,7.346
5006.619154,7.329
5006.817403999999,7.515000000000001
5007.015554,7.554
5007.215104,7.335
5007.411304,7.545
5007.609154,7.5520000000000005
5007.808704,7.406000000000001
5008.005553999999,7.488
5008.2034539999995,7.463
5008.401454,7.594
5008.599553999999,7.638
5008.797353999999,7.448
5008.995554,7.591
5009.1935539999995,7.6240000000000006
5009.391353999999,7.559
5009.589454,7.537
5009.787554,7.773000000000001
5009.985454,7.875
5010.183604,7.846
5010.381404,7.993
5010.579604,8.093
5010.777604,8.082
5010.977054,8.09
5011.173604,7.904
5011.371604,8.2
5011.571003999999,8.258000000000001
5011.767604,8.268
5011.965754,8.436
5012.163654,8.352
5012.361653999999,8.314
5012.756904,8.258000000000001
5013.152904,8.327
5013.350904,8.176
5013.548904,8.041
5013.746904,8.02
5013.944904,7.962
5014.143153999999,7.896
5014.340904,7.82
5014.538904,7.7090000000000005
5014.7371539999995,7.581
5014.934953999999,7.546
5015.133204,7.508
5015.3311539999995,7.248
5015.528953999999,7.014
5015.727154,6.607
5015.924954,6.48
5016.123154,6.362
5016.321154,6.306
5016.518954,6.268
5016.717204,6.256
5016.915204,6.0920000000000005
5017.113204,5.965
5017.311204,5.846
5017.509204,5.766
5017.707203999999,6.191
5017.905204,6.364
5018.103354,6.4190000000000005
5018.301203999999,6.537
5018.499204,6.69
5018.697204,6.7860000000000005
5018.895254,6.78
5019.093404,6.798
5019.291254,7.035
5019.489254,6.979
5019.687403999999,7.107
5019.886004,7.147
5020.083353999999,7.163
5020.281403999999,7.086
5020.479254,7.198
5020.677404,7.2780000000000005
5020.875454,7.306
5021.073453999999,7.248
5021.271404,6.952
5021.469254,7.0840000000000005
5021.667404,7.0040000000000004
5021.865404,7.015000000000001
5022.063303999999,6.956
5022.2614539999995,7.067
5022.459404,7.134
5022.657454,7.398000000000001
5022.855454,7.2410000000000005
5023.053604,7.1770000000000005
5023.252254,7.099
5023.449454,7.119
5023.647653999999,7.122
5023.845453999999,7.024
5024.0436039999995,7.011
5024.241454,7.019
5024.439453999999,6.971
5024.637704,6.771
5024.835504,6.867
5025.033654,6.859
5025.231654,6.787
5025.429504,6.825
5025.627603999999,6.847
5025.825854,6.889
5026.023654,6.931
5026.221654,6.5920000000000005
5026.420354,6.561
5026.617754,6.503
5026.817454,6.578
5027.013653999999,6.331
5027.211654,6.22
5027.409753999999,6.167
5027.608454,5.9190000000000005
5027.805754,6.0600000000000005
5028.004903999999,5.98
5028.2016539999995,6.025
5028.3997039999995,5.902
5028.597904,5.961
5028.795803999999,5.875
5028.993954,5.94
5029.1917539999995,5.864
5029.389754,5.863
5029.587904,5.938
5029.785854,5.928
5029.983953999999,6.054
5030.181954,6.188
5030.379754,6.296
5030.577953999999,6.316
5030.777604,6.708
5030.973954,6.916
5031.1719539999995,6.99
5031.370454,7.105
5031.567954,7.315
5031.7659539999995,7.345
5031.963954,7.390000000000001
5032.161954,7.386
5032.360004,7.353
5032.755204,7.506
5033.151253999999,7.424
5033.349254,7.454
5033.547254,7.476
5033.7452539999995,7.481
5033.944954,7.456
5034.141504,7.378
5034.3392539999995,7.3870000000000005
5034.537554,7.437
5034.735254,7.426
5034.933304,7.456
5035.132504,7.246
5035.329304,7.163
5035.527304,7.001
5035.725804,6.857
5035.923304,6.66
5036.121504,6.477
5036.319504,6.371
5036.517304,6.195
5036.715504,6.016
5036.913554,5.891
5037.1115039999995,5.744
5037.3095539999995,5.581
5037.507304,5.368
5037.705554,5.0120000000000005
5037.9035539999995,4.821
5038.1016039999995,4.647
5038.299554,4.335
5038.497554,4.09
5038.695554,3.696
5038.893604,3.374
5039.091754,2.736
5039.289604,2.809
5039.487604,2.797
5039.685754,2.678
5039.883604,2.654
5040.081754,2.604
5040.279603999999,2.5460000000000003
5040.477754,2.603
5040.675754,2.609
5040.874804,2.626
5041.071754,2.8810000000000002
5041.269804,2.716
5041.467753999999,2.656
5041.665754,2.6670000000000003
5041.865454,2.669
5042.061753999999,2.7800000000000002
5042.259803999999,3.025
5042.458004,3.116
5042.655804,2.984
5042.853803999999,3.084
5043.051804,3.083
5043.249804,3.048
5043.4480539999995,3.196
5043.645804,3.46
5043.843804,3.602
5044.041953999999,3.928
5044.239804,3.989
5044.437804,4.224
5044.636054,4.361
5044.8338539999995,4.526
5045.031954,4.69
5045.229854,4.859
5045.427854,4.884
5045.626104,4.893
5045.823854,5.2330000000000005
5046.022054,5.281
5046.220004,5.287
5046.418004,5.194
5046.616803999999,5.222
5046.814004,5.479
5047.012004,5.363
5047.210104,5.135
5047.408254,5.296
5047.6061039999995,5.442
5047.804104,5.357
5048.002254,5.351
5048.200454,5.282
5048.398104,5.182
5048.596054,5.037
5048.794704,5.023
5048.992303999999,5.017
5049.190103999999,4.863
5049.388304,4.864
5049.586254,4.741
5049.785704,4.82
5049.982254,4.585
5050.1803039999995,4.442
5050.378154,4.344
5050.576304,4.203
5050.7747039999995,4.126
5050.972253999999,4.104
5051.170304,3.9090000000000003
5051.368054,3.952
5051.566304,3.998
5051.764354,4.104
5051.962304,3.935
5052.160304,4.093
5052.555554,4.17
5052.753554,4.189
5052.951554,4.266
5053.149604,4.249
5053.347604,4.477
5053.545803999999,4.493
5053.743603999999,4.857
5053.941604,4.808
5054.139604,4.968
5054.337603999999,4.981
5054.536504,4.963
5054.733604,5.107
5054.931603999999,5.19
5055.129804,5.271
5055.327654,5.421
5055.5258539999995,5.4190000000000005
5055.723854,5.446
5055.921654,5.486
5056.119854,5.463
5056.317854,5.602
5056.515654,5.649
5056.713854,5.496
5056.9116539999995,5.57
5057.109853999999,5.69
5057.307903999999,5.882000000000001
5057.507504,5.804
5057.703904,5.767
5057.901903999999,5.829
5058.099904,5.973
5058.297904,6.008
5058.496803999999,6.024
5058.693904,6.089
5058.891904,6.119
5059.0899039999995,6.104
5059.287904,6.128
5059.486104,6.253
5059.684004,6.259
5059.8819539999995,6.223
5060.080304,6.228
5060.277904,6.22
5060.475904,6.134
5060.674104,5.8870000000000005
5060.872104,5.648
5061.070103999999,5.657
5061.268153999999,5.405
5061.466104,5.178
5061.6641039999995,5.148
5061.862104,5.03
5062.060104,4.896
5062.258104,4.845
5062.456104,4.741
5062.654104,4.534
5062.852154,4.566
5063.050154,4.533
5063.248154,4.265
5063.446304,4.275
5063.644154,3.999
5063.842304,3.987
5064.041754,3.9490000000000003
5064.238154,3.946
5064.436404,3.741
5064.634854,3.495
5064.832154,3.2560000000000002
5065.030304,3.081
5065.228204,3.032
5065.426404,2.686
5065.624404,2.212
5065.822204,2.0340000000000003
5066.020704,1.947
5066.218304,1.586
5066.416404,1.645
5066.615503999999,1.795
5066.812454,1.727
5067.010454,1.576
5067.208454,1.555
5067.406454,1.5230000000000001
5067.6061039999995,1.526
5067.8023539999995,1.48
5068.000354,1.3800000000000001
5068.198354,1.435
5068.396604,1.121
5068.594504,0.966
5068.792453999999,0.756
5068.991504,0.418
5069.1884039999995,0.28600000000000003
5069.386654,0.054
5069.584653999999,0.053
5069.782604,0.023
5069.980704,0.061
5070.1785039999995,0.116
5070.376604,0.045
5070.574654,0.09
5070.772454,0.101
5070.970654,0.021
5071.168654,0.09
5071.367754,0.067
5071.564654,0.08600000000000001
5071.762654,0.076
5072.157904,0.051000000000000004
5072.553903999999,0.057
5072.751904,0.108
5072.949904,0.048
5073.1479039999995,0.127
5073.345953999999,0.164
5073.543954,0.099
5073.741954,0.043000000000000003
5073.9399539999995,0.084
5074.137954,0.051000000000000004
5074.335954,0.13
5074.534204,0.156
5074.731954,0.117
5074.929954,0.068
5075.128154,0.056
5075.325954,0.082
5075.524203999999,0.123
5075.722004,0.085
5075.920204,0.002
5076.118203999999,0.07200000000000001
5076.316003999999,0.036000000000000004
5076.514204,0.012
5076.7122039999995,0.08
5076.910204,0.083
5077.108204,0.055
5077.3062039999995,0.111
5077.5042539999995,0.097
5077.703904,0.063
5077.900404,0.034
5078.0982539999995,0.105
5078.296254,0.133
5078.495903999999,0.166
5078.693904,0.17500000000000002
5078.890404,0.10200000000000001
5079.088253999999,0.08700000000000001
5079.286254,0.088
5079.485454,0.054
5079.682304,0.077
5079.8804039999995,0.093
5080.0784539999995,0.115
5080.276304,0.06
5080.475604,0.188
5080.672454,0.043000000000000003
5080.870454,0.14100000000000001
5081.068454,0.081
5081.266304,0.1
5081.464704,0.211
5081.662453999999,0.212
5081.860454,0.036000000000000004
5082.058454,0.01
5082.256453999999,0.131
5082.454454,0.1
5082.652454,0.052000000000000005
5082.850453999999,0.08
5083.048503999999,0.066
5083.246454,0.052000000000000005
5083.444704,0.063
5083.6425039999995,0.05
5083.840754,0.037
5084.038504,0.042
5084.2365039999995,0.045
5084.434703999999,0.062
5084.632504,0.057
5084.830653999999,0.009000000000000001
5085.028654,0.05
5085.226504,0.014
5085.424754,0.026000000000000002
5085.622754,0.042
5085.820554,0.034
5086.018704,0.073
5086.216654,0.054
5086.414753999999,0.061
5086.612803999999,0.02
5086.810554,0.02
5087.008704,0.043000000000000003
5087.206954,0.05
5087.404704,0.092
5087.602804,0.079
5087.800953999999,0.08600000000000001
5087.998704,0.059000000000000004
5088.196704,0.031
5088.394953999999,0.052000000000000005
5088.592804,0.056
5088.7909039999995,0.083
5088.9889539999995,0.038
5089.186954,0.031
5089.384954,0.047
5089.582804,0.041
5089.780954,0.043000000000000003
5089.978954,0.027
5090.176954,0.048
5090.376104,0.052000000000000005
5090.572954,0.007
5090.770954,0.041
5090.969004,0.042
5091.167004,0.048
5091.365003999999,0.056
5091.563004,0.001
5091.761154,0.023
5092.1562539999995,0.068
5092.354254,0.035
5092.552304,0.028
5092.750254,0.018000000000000002
5092.948254,0.051000000000000004
5093.146253999999,0.027
5093.344504,0.068
5093.542254,0.013000000000000001
5093.740304,0.04
5093.938504,0.059000000000000004
5094.136304,0.082
5094.334304,0.058
5094.532553999999,0.012
5094.730304,0.019
5094.928554,0.081
5095.126303999999,0.05
5095.324304,0.034
5095.522554,0.038
5095.7203039999995,0.066
5095.920254,0.106
5096.116554,0.067
5096.314554,0.089
5096.512554,0.037
5096.710553999999,0.007
5096.908554,0.036000000000000004
5097.106554,0.015
5097.304553999999,0.052000000000000005
5097.502603999999,0.068
5097.700604,0.06
5097.898604,0.065
5098.096603999999,0.074
5098.294754,0.04
5098.492604,0.06
5098.690603999999,0.06
5098.888754,0.028
5099.086604,0.021
5099.284753999999,0.043000000000000003
5099.482754,0.037
5099.680604,0.043000000000000003
5099.880454,0.05
5100.076604,0.062
5100.274604,0.056
5100.472804,0.036000000000000004
5100.670604,0.027
5100.868754,0.057
5101.0667539999995,0.016
5101.2648039999995,0.053
5101.462804,0.038
5101.6607539999995,0.1
5101.8588039999995,0.081
5102.056804,0.034
5102.255054,0.053
5102.452804,0.08700000000000001
5102.650804,0.057
5102.848804,0.042
5103.046804,0.084
5103.244804,0.10300000000000001
5103.442854,0.077
5103.642054,0.063
5103.838954,0.029
5104.036854,0.043000000000000003
5104.235103999999,0.063
5104.433054,0.019
5104.632004,0.048
5104.830704,0.098
5105.027104,0.031
5105.226004,0.055
5105.4246539999995,0.054
5105.621054,0.05
5105.819004,0.064
5106.017104,0.043000000000000003
5106.216104,0.032
5106.414804,0.065
5106.611554,0.044
5106.809004,0.067
5107.007004,0.032
5107.2052539999995,0.024
5107.403053999999,0.077
5107.601154,0.011
5107.799304,0.018000000000000002
5107.997154,0.026000000000000002
5108.195304,0.057
5108.393054,0.051000000000000004
5108.5910539999995,0.058
5108.789304,0.013000000000000001
5108.987054,0.036000000000000004
5109.185154,0.034
5109.383304,0.07100000000000001
5109.5811539999995,0.053
5109.779304,0.048
5109.977304,0.067
5110.175303999999,0.025
5110.373304,0.051000000000000004
5110.571304,0.027
5110.7693039999995,0.061
5110.967304,0.043000000000000003
5111.165504,0.08600000000000001
5111.363354,0.154
5111.5613539999995,0.057
5111.956604,0.047
5112.154603999999,0.031
5112.352604,0.06
5112.550604,0.031
5112.748603999999,0.065
5112.946604,0.048
5113.144604,0.05
5113.3426039999995,0.067
5113.540604,0.055
5113.738854,0.029
5113.9366039999995,0.055
5114.1346539999995,0.02
5114.332853999999,0.052000000000000005
5114.530654,0.081
5114.728654,0.043000000000000003
5114.926853999999,0.081
5115.124654,0.009000000000000001
5115.322654,0.022
5115.520853999999,0.053
5115.718903999999,0.062
5115.916854,0.053
5116.115354,0.078
5116.312903999999,0.051000000000000004
5116.510904,0.034
5116.708904,0.073
5116.9069039999995,0.049
5117.104904,0.025
5117.302904,0.07200000000000001
5117.5009039999995,0.028
5117.699054,0.02
5117.896904,0.026000000000000002
5118.094904,0.029
5118.293103999999,0.046
5118.490954,0.051000000000000004
5118.689104,0.085
5118.887103999999,0.026000000000000002
5119.084954,0.068
5119.283104,0.058
5119.480954,0.091
5119.679104,0.035
5119.877104,0.065
5120.074954,0.021
5120.2731539999995,0.021
5120.471154,0.08600000000000001
5120.669154,0.04
5120.867104,0.043000000000000003
5121.065103999999,0.041
5121.263104,0.024
5121.461154,0.013000000000000001
5121.659154,0.047
5121.857153999999,0.012
5122.055154,0.07
5122.254854,0.026000000000000002
5122.451153999999,0.053
5122.649154,0.034
5122.847154,0.053
5123.0451539999995,0.05
5123.243304,0.008
5123.441154,0.047
5123.6391539999995,0.036000000000000004
5123.837304,0.04
5124.035204,0.11900000000000001
5124.233454,0.085
5124.431404,0.095
5124.629454,0.089
5124.827404,0.067
5125.025204,0.026000000000000002
5125.223354,0.06
5125.421354,0.044
5125.6193539999995,0.019
5125.817354,0.089
5126.015453999999,0.041
5126.213454,0.07100000000000001
5126.411454,0.067
5126.609404,0.045
5126.807354,0.028
5127.005454,0.029
5127.2034539999995,0.004
5127.401454,0.03
5127.599454,0.08
5127.799454,0.08
5127.995653999999,0.074
5128.193654,0.067
5128.391404,0.036000000000000004
5128.589653999999,0.036000000000000004
5128.787654,0.101
5128.985404,0.035
5129.185804,0.043000000000000003
5129.381604,0.08600000000000001
5129.579503999999,0.065
5129.7776539999995,0.042
5129.975453999999,0.059000000000000004
5130.173704,0.022
5130.371654,0.064
5130.569504,0.054
5130.767654,0.075
5130.967954,0.033
5131.163654,0.046
5131.361653999999,0.019
5131.7569539999995,0.025
5132.152954,0.05
5132.350954,0.108
5132.548954,0.038
5132.747154,0.025
5132.944954,0.07200000000000001
5133.143204,0.011
5133.340953999999,0.079
5133.538954,0.063
5133.736954,0.031
5133.934953999999,0.016
5134.133204,0.065
5134.331204,0.048
5134.529004,0.06
5134.727204,0.088
5134.925204,0.056
5135.123254,0.073
5135.3212539999995,0.037
5135.519004,0.024
5135.717004,0.01
5135.915204,0.011
5136.113004,0.039
5136.311254,0.018000000000000002
5136.509254,0.019
5136.707254,0.109
5136.905253999999,0.064
5137.1034039999995,0.036000000000000004
5137.301254,0.016
5137.499253999999,0.029
5137.697404,0.019
5137.895254,0.07200000000000001
5138.093253999999,0.054
5138.292054,0.035
5138.489304,0.037
5138.687454,0.097
5138.885303999999,0.047
5139.083304,0.039
5139.281454,0.053
5139.4793039999995,0.032
5139.677454,0.064
5139.875454,0.042
5140.074103999999,0.049
5140.271454,0.028
5140.469454,0.011
5140.667504,0.064
5140.865503999999,0.074
5141.063704,0.029
5141.2614539999995,0.066
5141.459454,0.031
5141.657454,0.083
5141.855454,0.038
5142.053704,0.059000000000000004
5142.251504,0.088
5142.449454,0.033
5142.647653999999,0.074
5142.845504,0.033
5143.043753999999,0.055
5143.242303999999,0.036000000000000004
5143.439504,0.021
5143.637654,0.085
5143.8356539999995,0.046
5144.033754,0.025
5144.2317539999995,0.058
5144.429553999999,0.073
5144.6277039999995,0.027
5144.825704,0.036000000000000004
5145.024404,0.053
5145.221754,0.08600000000000001
5145.419754,0.061
5145.617754,0.056
5145.815704,0.043000000000000003
5146.0139039999995,0.074
5146.211703999999,0.029
5146.410454,0.037
5146.607704,0.081
5146.805754,0.10300000000000001
5147.003954,0.059000000000000004
5147.201803999999,0.048
5147.399804,0.028
5147.597954,0.018000000000000002
5147.795704,0.02
5147.993754,0.048
5148.191954,0.027
5148.389854,0.03
5148.588004,0.019
5148.786004,0.049
5148.984004,0.033
5149.182003999999,0.025
5149.379754,0.066
5149.578603999999,0.019
5149.776003999999,0.059000000000000004
5149.974004,0.044
5150.172004,0.025
5150.370003999999,0.007
5150.568004,0.023
5150.766004,0.038
5150.964153999999,0.016
5151.162004,0.017
5151.557304,0.061
5151.755303999999,0.054
5151.953304,0.079
5152.151304,0.067
5152.349254,0.04
5152.547304,0.058
5152.745304,0.059000000000000004
5152.943303999999,0.042
5153.141554,0.012
5153.339304,0.065
5153.5373039999995,0.029
5153.735554,0.019
5153.933304,0.042
5154.131554,0.047
5154.329554,0.033
5154.527304,0.031
5154.725554,0.064
5154.923354,0.064
5155.121553999999,0.035
5155.319554,0.019
5155.517354,0.029
5155.715604,0.059000000000000004
5155.913554,0.061
5156.111554,0.022
5156.3095539999995,0.065
5156.507603999999,0.041
5156.705604,0.052000000000000005
5156.903604,0.02
5157.101753999999,0.079
5157.299604,0.043000000000000003
5157.497604,0.022
5157.695604,0.079
5157.893604,0.047
5158.091754,0.016
5158.289604,0.002
5158.487604,0.029
5158.685754,0.083
5158.883604,0.035
5159.081754,0.029
5159.279804,0.076
5159.477653999999,0.017
5159.6758039999995,0.022
5159.873804,0.005
5160.071804,0.05
5160.269804,0.014
5160.467654,0.039
5160.665804,0.037
5160.863804,0.053
5161.061854,0.051000000000000004
5161.259854,0.048
5161.457804,0.04
5161.655804,0.03
5161.853803999999,0.039
5162.052704,0.028
5162.249854,0.022
5162.447854,0.022
5162.645954,0.075
5162.843854,0.029
5163.042004,0.007
5163.2398539999995,0.032
5163.437854,0.069
5163.636104,0.03
5163.8338539999995,0.021
5164.032004,0.052000000000000005
5164.230104,0.053
5164.427854,0.053
5164.626004,0.07200000000000001
5164.824054,0.014
5165.022054,0.037
5165.220104,0.023
5165.418054,0.015
5165.616104,0.04
5165.8140539999995,0.064
5166.012054,0.037
5166.210153999999,0.026000000000000002
5166.408154,0.029
5166.606804,0.049
5166.8041539999995,0.041
5167.002304,0.032
5167.200054,0.022
5167.398053999999,0.059000000000000004
5167.596304,0.07
5167.794154,0.041
5167.992303999999,0.025
5168.190154,0.049
5168.388804,0.049
5168.5863039999995,0.017
5168.784103999999,0.047
5168.982304,0.044
5169.180354,0.027
5169.3783539999995,0.039
5169.576304,0.06
5169.774304,0.022
5169.972304,0.019
5170.170354,0.061
5170.368354,0.032
5170.566354,0.014
5170.764354,0.03
5171.1596039999995,0.031
5171.555604,0.027
5171.753654,0.025
5171.9516539999995,0.062
5172.149654,0.066
5172.347654,0.021
5172.545854,0.037
5172.743603999999,0.043000000000000003
5172.941654,0.025
5173.139854,0.048
5173.337654,0.029
5173.535653999999,0.02
5173.733654,0.061
5173.931654,0.063
5174.129903999999,0.025
5174.327654,0.029
5174.525904,0.054
5174.7239039999995,0.04
5174.921654,0.078
5175.119904,0.054
5175.3179039999995,0.039
5175.515904,0.058
5175.713904,0.028
5175.911904,0.044
5176.109904,0.015
5176.307903999999,0.07
5176.505704,0.006
5176.703904,0.028
5176.901903999999,0.013000000000000001
5177.099953999999,0.043000000000000003
5177.297954,0.029
5177.495954,0.016
5177.693953999999,0.029
5177.891954,0.015
5178.090104,0.017
5178.287953999999,0.006
5178.486104,0.07200000000000001
5178.684104,0.015
5178.8819539999995,0.022
5179.080153999999,0.034
5179.278004,0.017
5179.476004,0.033
5179.674153999999,0.011
5179.872004,0.036000000000000004
5180.070154,0.027
5180.268153999999,0.048
5180.466004,0.056
5180.664154,0.019
5180.862104,0.026000000000000002
5181.060154,0.084
5181.258154,0.016
5181.456303999999,0.014
5181.654154,0.033
5181.852154,0.017
5182.050404,0.031
5182.248154,0.018000000000000002
5182.446154,0.042
5182.644204,0.064
5182.842204,0.033
5183.040403999999,0.039
5183.238203999999,0.064
5183.436204,0.031
5183.634454,0.031
5183.832203999999,0.032
5184.0303539999995,0.036000000000000004
5184.2284039999995,0.033
5184.426354,0.06
5184.624354,0.05
5184.822354,0.047
5185.0204539999995,0.024
5185.218454,0.02
5185.416254,0.066
5185.614404,0.039
5185.812403999999,0.053
5186.010454,0.06
5186.208454,0.042
5186.406403999999,0.026000000000000002
5186.604404,0.045
5186.802404,0.052000000000000005
5187.001254,0.034
5187.198404,0.09
5187.396654,0.039
5187.594504,0.031
5187.792504,0.08
5187.990654,0.085
5188.188504,0.025
5188.387054,0.018000000000000002
5188.584653999999,0.035
5188.782454,0.046
5188.980704,0.067
5189.178704,0.058
5189.3765539999995,0.048
5189.574704,0.027
5189.772653999999,0.069
5189.970654,0.062
5190.168654,0.051000000000000004
5190.366803999999,0.031
5190.564703999999,0.03
5190.762704,0.013000000000000001
5191.157953999999,0.045
5191.355954,0.038
5191.553954,0.04
5191.751953999999,0.046
5191.949954,0.035
5192.148004,0.037
5192.346004,0.037
5192.544003999999,0.075
5192.741954,0.034
5192.9399539999995,0.019
5193.138204,0.044
5193.336004,0.017
5193.534204,0.02
5193.7320039999995,0.09
5193.930004,0.04
5194.128254,0.039
5194.326004,0.064
5194.524004,0.049
5194.722253999999,0.005
5194.920004,0.039
5195.118254,0.028
5195.316253999999,0.034
5195.514254,0.021
5195.712254,0.024
5195.910253999999,0.022
5196.108303999999,0.027
5196.306254,0.055
5196.5042539999995,0.057
5196.702254,0.067
5196.900254,0.026000000000000002
5197.0982539999995,0.03
5197.2963039999995,0.056
5197.494454,0.025
5197.692304,0.056
5197.890453999999,0.047
5198.088454,0.043000000000000003
5198.286304,0.028
5198.4844539999995,0.075
5198.682304,0.08700000000000001
5198.880454,0.026000000000000002
5199.0784539999995,0.041
5199.276304,0.08700000000000001
5199.474454,0.043000000000000003
5199.672504,0.018000000000000002
5199.870354,0.017
5200.068504,0.023
5200.266504,0.062
5200.464504,0.011
5200.662504,0.039
5200.860454,0.037
5201.058504,0.043000000000000003
5201.256504,0.05
5201.454503999999,0.048
5201.652504,0.004
5201.850754,0.049
5202.048503999999,0.065
5202.247154,0.035
5202.444654,0.057
5202.6425039999995,0.062
5202.840754,0.047
5203.038654,0.05
5203.236554,0.016
5203.434703999999,0.023
5203.632704,0.035
5203.830554,0.033
5204.029353999999,0.014
5204.226554,0.083
5204.424704,0.014
5204.622804,0.059000000000000004
5204.820704,0.044
5205.018803999999,0.058
5205.2167039999995,0.058
5205.415454,0.068
5205.612754,0.059000000000000004
5205.810754,0.039
5206.008804,0.025
5206.2068039999995,0.08
5206.404954,0.075
5206.602704,0.035
5206.800953999999,0.044
5206.998754,0.034
5207.196854,0.03
5207.395004,0.044
5207.5928539999995,0.041
5207.791004,0.057
5207.989004,0.045
5208.186854,0.041
5208.385004,0.031
5208.583654,0.042
5208.7810039999995,0.028
5208.979004,0.03
5209.177004,0.043000000000000003
5209.374954,0.026000000000000002
5209.573004,0.003
5209.770853999999,0.022
5209.969004,0.022
5210.167004,0.016
5210.365654,0.037
5210.563004,0.037
5210.958304,0.076
5211.156304,0.041
5211.3543039999995,0.053
5211.552304,0.076
5211.750304,0.041
5211.948554,0.026000000000000002
5212.146304,0.019
5212.344304,0.026000000000000002
5212.542354,0.052000000000000005
5212.740354,0.006
5212.938553999999,0.048
5213.136304,0.011
5213.334304,0.04
5213.532553999999,0.056
5213.730353999999,0.068
5213.928554,0.02
5214.1265539999995,0.035
5214.324353999999,0.041
5214.522604,0.07100000000000001
5214.720354,0.023
5214.9186039999995,0.04
5215.116604,0.069
5215.314354,0.033
5215.512554,0.048
5215.710604,0.034
5215.908604,0.007
5216.106604,0.044
5216.304604,0.029
5216.502603999999,0.004
5216.700604,0.025
5216.898754,0.039
5217.096603999999,0.036000000000000004
5217.294604,0.048
5217.492604,0.02
5217.690603999999,0.002
5217.888604,0.041
5218.086654,0.039
5218.284654,0.084
5218.482804,0.031
5218.680654,0.028
5218.878804,0.025
5219.076803999999,0.025
5219.274654,0.041
5219.472804,0.08600000000000001
5219.670803999999,0.033
5219.868804,0.049
5220.066854,0.028
5220.264704,0.042
5220.462804,0.03
5220.660854,0.051000000000000004
5220.859504,0.064
5221.0568539999995,0.085
5221.255054,0.027
5221.452854,0.027
5221.6508539999995,0.028
5221.848954,0.058
5222.046854,0.01
5222.245653999999,0.032
5222.443004,0.053
5222.640854,0.021
5222.839104,0.024
5223.036854,0.014
5223.234853999999,0.076
5223.4330039999995,0.022
5223.630904,0.023
5223.828904,0.03
5224.027754,0.06
5224.225154,0.16
5224.423154,0.038
5224.621054,0.021
5224.819054,0.014
5225.017054,0.035
5225.215303999999,0.026000000000000002
5225.413154,0.064
5225.611154,0.031
5225.809953999999,0.009000000000000001
5226.007154,0.039
5226.205304,0.037
5226.403104,0.033
5226.601154,0.042
5226.799054,0.044
5226.997154,0.045
5227.195804,0.043000000000000003
5227.393304,0.053
5227.591104,0.04
5227.789304,0.039
5227.987303999999,0.047
5228.185354,0.07200000000000001
5228.383354,0.045
5228.581104,0.013000000000000001
5228.779353999999,0.053
5228.977954,0.035
5229.175104,0.017
5229.373353999999,0.029
5229.571354,0.091
5229.769354,0.069
5229.967404,0.023
5230.165354,0.037
5230.363354,0.024
5230.758654,0.044
5230.956654,0.016
5231.154654,0.023
5231.352653999999,0.016
5231.550654,0.034
5231.748654,0.007
5231.946653999999,0.041
5232.144654,0.023
5232.342654,0.026000000000000002
5232.540653999999,0.015
5232.738654,0.029
5232.936904,0.024
5233.1346539999995,0.013000000000000001
5233.332904,0.016
5233.530904,0.064
5233.728654,0.023
5233.926904,0.034
5234.124704,0.075
5234.322904,0.067
5234.520904,0.035
5234.718704,0.039
5234.916953999999,0.066
5235.114954,0.048
5235.312704,0.095
5235.510953999999,0.027
5235.708904,0.039
5235.906954,0.09
5236.104953999999,0.08600000000000001
5236.303104,0.026000000000000002
5236.500954,0.053
5236.6989539999995,0.073
5236.896954,0.049
5237.094954,0.046
5237.293103999999,0.023
5237.490954,0.003
5237.688954,0.058
5237.887103999999,0.045
5238.085004,0.028
5238.283004,0.013000000000000001
5238.4811039999995,0.056
5238.679004,0.021
5238.877154,0.03
5239.075154,0.056
5239.273004,0.042
5239.471154,0.057
5239.669003999999,0.04
5239.867154,0.053
5240.065154,0.034
5240.263204,0.054
5240.461204,0.022
5240.659204,0.022
5240.857204,0.092
5241.055203999999,0.028
5241.253154,0.07
5241.451204,0.015
5241.649203999999,0.006
5241.848054,0.063
5242.045204,0.061
5242.243203999999,0.037
5242.441204,0.02
5242.639204,0.043000000000000003
5242.8374539999995,0.037
5243.035204,0.017
5243.234004,0.027
5243.431353999999,0.025
5243.6292539999995,0.008
5243.827454,0.019
5244.025454,0.046
5244.2232539999995,0.021
5244.421354,0.033
5244.619404,0.047
5244.817454,0.037
5245.016103999999,0.009000000000000001
5245.213404,0.056
5245.411504,0.095
5245.609504,0.057
5245.807503999999,0.027
5246.005504,0.088
5246.203603999999,0.108
5246.402054,0.012
5246.599454,0.049
5246.797654,0.041
5246.9955039999995,0.046
5247.193654,0.029
5247.391654,0.02
5247.589504,0.013000000000000001
5247.787703999999,0.032
5247.985554,0.029
5248.183704,0.008
5248.381703999999,0.064
5248.579704,0.043000000000000003
5248.777704,0.006
5248.9757039999995,0.041
5249.173704,0.04
5249.371704,0.085
5249.570503999999,0.063
5249.767704,0.082
5249.965704,0.035
5250.163853999999,0.011
5250.558954,0.026000000000000002
5250.7569539999995,0.08700000000000001
5250.9550039999995,0.035
5251.153004,0.069
5251.351004,0.017
5251.5490039999995,0.047
5251.747203999999,0.038
5251.945004,0.045
5252.143004,0.024
5252.341203999999,0.047
5252.539004,0.025
5252.737004,0.034
5252.935254,0.032
5253.133003999999,0.025
5253.331254,0.063
5253.529004,0.01
5253.727253999999,0.015
5253.925254,0.065
5254.123004,0.019
5254.3212539999995,0.07
5254.519254,0.057
5254.717254,0.037
5254.915254,0.065
5255.113254,0.028
5255.311254,0.064
5255.509304,0.034
5255.707304,0.078
5255.905253999999,0.015
5256.103304,0.056
5256.301054,0.063
5256.499304,0.022
5256.697303999999,0.015
5256.895304,0.022
5257.093304,0.002
5257.291454,0.046
5257.489304,0.069
5257.687454,0.039
5257.885454,0.048
5258.083304,0.111
5258.281454,0.029
5258.4793039999995,0.061
5258.677503999999,0.025
5258.876154,0.032
5259.073354,0.058
5259.271503999999,0.069
5259.469504,0.045
5259.667504,0.08600000000000001
5259.865503999999,0.066
5260.063504,0.051000000000000004
5260.262154,0.029
5260.4595039999995,0.05
5260.657654,0.047
5260.855554,0.10400000000000001
5261.0535039999995,0.066
5261.251504,0.099
5261.449504,0.056
5261.647504,0.066
5261.8455539999995,0.052000000000000005
5262.043554,0.045
5262.2416539999995,0.056
5262.439554,0.028
5262.637704,0.068
5262.835704,0.035
5263.033554,0.011
5263.231704,0.029
5263.430404,0.038
5263.627804,0.069
5263.825704,0.06
5264.023553999999,0.069
5264.221704,0.008
5264.419804,0.016
5264.617604,0.029
5264.815804,0.053
5265.013804,0.034
5265.211754,0.051000000000000004
5265.409753999999,0.015
5265.607954,0.017
5265.805804,0.047
5266.003854,0.049
5266.201954,0.019
5266.399754,0.024
5266.598653999999,0.015
5266.795803999999,0.022
5266.993853999999,0.014
5267.1920039999995,0.044
5267.389854,0.074
5267.587754,0.004
5267.786004,0.085
5267.983854,0.037
5268.182003999999,0.03
5268.380004,0.029
5268.577804,0.001
5268.776003999999,0.058
5268.974053999999,0.068
5269.172054,0.049
5269.370054,0.049
5269.568004,0.008
5269.766704,0.033
5270.161304,0.058
5270.557304,0.012
5270.755303999999,0.028
5270.953304,0.033
5271.151304,0.019
5271.349354,0.022
5271.547353999999,0.051000000000000004
5271.745354,0.038
5271.943354,0.016
5272.141554,0.022
5272.339304,0.041
5272.537354,0.08
5272.735554,0.043000000000000003
5272.933354,0.026000000000000002
5273.131554,0.029
5273.329554,0.021
5273.527354,0.034
5273.725604,0.051000000000000004
5273.923604,0.051000000000000004
5274.121604,0.037
5274.319603999999,0.077
5274.517604,0.039
5274.715354,0.064
5274.913603999999,0.048
5275.111604,0.079
5275.309604,0.053
5275.507603999999,0.022
5275.705653999999,0.03
5275.903654,0.024
5276.101804,0.067
5276.299604,0.013000000000000001
5276.497604,0.017
5276.695604,0.012
5276.8936539999995,0.027
5277.091804,0.015
5277.289804,0.013000000000000001
5277.487654,0.032
5277.685804,0.07100000000000001
5277.883654,0.066
5278.0818039999995,0.048
5278.279804,0.064
5278.477653999999,0.03
5278.6758039999995,0.033
5278.8738539999995,0.073
5279.071854,0.055
5279.269804,0.046
5279.4678539999995,0.038
5279.665854,0.022
5279.863854,0.013000000000000001
5280.062054,0.032
5280.259854,0.053
5280.457853999999,0.031
5280.655854,0.05
5280.853854,0.032
5281.052654,0.04
5281.249903999999,0.026000000000000002
5281.447904,0.033
5281.6461039999995,0.025
5281.843854,0.045
5282.042004,0.018000000000000002
5282.240003999999,0.049
5282.438553999999,0.054
5282.636104,0.052000000000000005
5282.834104,0.042
5283.0321539999995,0.014
5283.230054,0.017
5283.427904,0.049
5283.626154,0.004
5283.824154,0.055
5284.022054,0.033
5284.220703999999,0.06
5284.418054,0.053
5284.616153999999,0.058
5284.814154,0.029
5285.012254,0.023
5285.210104,0.10200000000000001
5285.408154,0.027
5285.606304,0.019
5285.8041539999995,0.057
5286.002954,0.017
5286.200154,0.03
5286.398104,0.049
5286.596304,0.036000000000000004
5286.794104,0.026000000000000002
5286.992354,0.059000000000000004
5287.190353999999,0.013000000000000001
5287.388204,0.099
5287.586354,0.009000000000000001
5287.784353999999,0.062
5287.982354,0.034
5288.180354,0.034
5288.3783539999995,0.03
5288.576354,0.026000000000000002
5288.774354,0.03
5288.972253999999,0.046
5289.170354,0.04
5289.368404,0.049
5289.566404,0.045
5289.764354,0.058
5290.159654,0.058
5290.555654,0.021
5290.753654,0.028
5290.9516539999995,0.064
5291.149853999999,0.033
5291.347654,0.059000000000000004
5291.545654,0.064
5291.7437039999995,0.013000000000000001
5291.941704,0.06
5292.139904,0.007
5292.337704,0.028
5292.535704,0.033
5292.733904,0.078
5292.931704,0.013000000000000001
5293.129903999999,0.08
5293.327904,0.036000000000000004
5293.525704,0.009000000000000001
5293.723954,0.038
5293.9219539999995,0.028
5294.119954,0.042
5294.317954,0.014
5294.5157039999995,0.049
5294.713954,0.042
5294.911954,0.02
5295.109954,0.021
5295.307954,0.032
5295.505954,0.003
5295.703954,0.08700000000000001
5295.902004,0.02
5296.100104,0.063
5296.297954,0.028
5296.495954,0.061
5296.694104,0.012
5296.891954,0.026000000000000002
5297.0901539999995,0.07200000000000001
5297.287953999999,0.046
5297.486003999999,0.046
5297.684154,0.029
5297.882004,0.035
5298.080153999999,0.008
5298.278154,0.049
5298.476004,0.012
5298.674153999999,0.10400000000000001
5298.872154,0.111
5299.070154,0.053
5299.268204,0.013000000000000001
5299.466203999999,0.105
5299.664204,0.029
5299.862204,0.048
5300.060804,0.032
5300.258204,0.065
5300.456204,0.026000000000000002
5300.6542039999995,0.067
5300.852204,0.027
5301.050354,0.039
5301.2482039999995,0.035
5301.446204,0.022
5301.644354,0.02
5301.842204,0.051000000000000004
5302.040354,0.053
5302.238203999999,0.014
5302.436454,0.007
5302.634454,0.02
5302.832254,0.012
5303.030404,0.024
5303.228354,0.025
5303.426254,0.052000000000000005
5303.624503999999,0.075
5303.822504,0.007
5304.020404,0.008
5304.218404,0.039
5304.416654,0.008
5304.615154,0.098
5304.812403999999,0.065
5305.010404,0.046
5305.208504,0.031
5305.406504,0.049
5305.604504,0.054
5305.802454,0.04
5306.0006539999995,0.011
5306.198453999999,0.012
5306.396404,0.058
5306.5946539999995,0.056
5306.792554,0.054
5306.990654,0.08600000000000001
5307.188704,0.049
5307.386704,0.046
5307.584704,0.056
5307.783154,0.056
5307.980704,0.066
5308.178704,0.017
5308.376454,0.033
5308.574704,0.08600000000000001
5308.772704,0.082
5308.970703999999,0.05
5309.169354,0.022
5309.366754,0.034
5309.564754,0.008
5309.762753999999,0.044
5310.158004,0.047
5310.356004,0.02
5310.554004,0.041
5310.752004,0.007
5310.950003999999,0.045
5311.148004,0.108
5311.346004,0.058
5311.544003999999,0.036000000000000004
5311.742004,0.056
5311.940004,0.019
5312.1382539999995,0.059000000000000004
5312.336053999999,0.077
5312.534054,0.07100000000000001
5312.732254,0.008
5312.930004,0.03
5313.128254,0.059000000000000004
5313.326054,0.019
5313.524254,0.036000000000000004
5313.722253999999,0.041
5313.920054,0.022
5314.118254,0.048
5314.316304,0.032
5314.514053999999,0.036000000000000004
5314.712304,0.092
5314.910304,0.041
5315.108303999999,0.028
5315.306254,0.017
5315.504454,0.012
5315.7023039999995,0.03
5315.900304,0.005
5316.098304,0.047
5316.296354,0.029
5316.494503999999,0.017
5316.692304,0.017
5316.890304,0.008
5317.088454,0.047
5317.286304,0.019
5317.484354,0.046
5317.682503999999,0.044
5317.880354,0.015
5318.0784539999995,0.01
5318.2765039999995,0.069
5318.475154,0.053
5318.672504,0.067
5318.870354,0.03
5319.068504,0.037
5319.266504,0.03
5319.464504,0.016
5319.662554,0.021
5319.860554,0.094
5320.058554,0.026000000000000002
5320.256554,0.065
5320.454753999999,0.044
5320.652553999999,0.053
5320.850504,0.045
5321.048704,0.022
5321.246553999999,0.032
5321.444704,0.013000000000000001
5321.642554,0.023
5321.840553999999,0.021
5322.038804,0.02
5322.236554,0.025
5322.4348039999995,0.026000000000000002
5322.632704,0.066
5322.830554,0.027
5323.028703999999,0.049
5323.226704,0.051000000000000004
5323.424604,0.061
5323.622804,0.038
5323.820804,0.022
5324.018704,0.021
5324.216754,0.024
5324.414604,0.04
5324.612754,0.01
5324.811503999999,0.06
5325.0087539999995,0.032
5325.206854,0.021
5325.405004,0.044
5325.602854,0.051000000000000004
5325.8008039999995,0.016
5325.999003999999,0.023
5326.197404,0.058
5326.394854,0.027
5326.593003999999,0.02
5326.790854,0.047
5326.989004,0.049
5327.186804,0.062
5327.385004,0.04
5327.583054,0.044
5327.780904,0.036000000000000004
5327.979703999999,0.064
5328.177054,0.042
5328.375054,0.044
5328.5730539999995,0.093
5328.771054,0.042
5328.969004,0.023
5329.167054,0.025
5329.365854,0.035
5329.563104,0.042
5329.958304,0.025
5330.156304,0.018000000000000002
5330.354354,0.019
5330.5523539999995,0.024
5330.750354,0.032
5330.948554,0.075
5331.1463539999995,0.026000000000000002
5331.344354,0.036000000000000004
5331.542554,0.076
5331.740354,0.068
5331.938354,0.059000000000000004
5332.136554,0.038
5332.334354,0.07100000000000001
5332.532604,0.033
5332.730404,0.04
5332.928403999999,0.028
5333.126604,0.067
5333.324353999999,0.035
5333.522604,0.025
5333.720604,0.04
5333.9186039999995,0.029
5334.116604,0.021
5334.314604,0.025
5334.512654,0.009000000000000001
5334.7106539999995,0.05
5334.908654,0.098
5335.106654,0.015
5335.304654,0.056
5335.502603999999,0.039
5335.700654,0.074
5335.898654,0.062
5336.096654,0.068
5336.294653999999,0.015
5336.4928039999995,0.033
5336.690654,0.016
5336.888804,0.038
5337.086804,0.07
5337.284654,0.031
5337.482803999999,0.011
5337.680804,0.054
5337.878804,0.037
5338.077504,0.053
5338.2747039999995,0.004
5338.472854,0.038
5338.670854,0.001
5338.868853999999,0.05
5339.066854,0.056
5339.264854,0.01
5339.463503999999,0.075
5339.660854,0.035
5339.859004,0.049
5340.056904,0.019
5340.254903999999,0.033
5340.453104,0.066
5340.650904,0.096
5340.8489039999995,0.03
5341.046904,0.036000000000000004
5341.244904,0.034
5341.443104,0.039
5341.640904,0.019
5341.838904,0.033
5342.037154,0.07100000000000001
5342.234904,0.04
5342.433153999999,0.061
5342.631754,0.012
5342.829054,0.08700000000000001
5343.027054,0.031
5343.225054,0.033
5343.423154,0.019
5343.6211539999995,0.027
5343.819054,0.042
5344.017104,0.076
5344.215104,0.066
5344.413804,0.046
5344.611204,0.061
5344.809354,0.049
5345.007103999999,0.047
5345.205153999999,0.042
5345.4033039999995,0.021
5345.601103999999,0.032
5345.799304,0.038
5345.997104,0.016
5346.195204,0.046
5346.393354,0.10400000000000001
5346.591203999999,0.057
5346.789354,0.069
5346.987354,0.08
5347.185104,0.088
5347.383354,0.068
5347.582004,0.048
5347.779353999999,0.091
5347.977404,0.024
5348.175404,0.067
5348.373404,0.041
5348.571403999999,0.135
5348.769404,0.024
5348.967404,0.055
5349.165403999999,0.081
5349.560654,0.068
5349.758654,0.058
5349.956654,0.063
5350.154654,0.036000000000000004
5350.352653999999,0.085
5350.550654,0.013000000000000001
5350.748704,0.052000000000000005
5350.946903999999,0.048
5351.144703999999,0.017
5351.342704,0.041
5351.540704,0.07
5351.738703999999,0.043000000000000003
5351.936904,0.028
5352.134704,0.005
5352.3327039999995,0.066
5352.530904,0.05
5352.728704,0.045
5352.9267039999995,0.053
5353.124954,0.061
5353.322704,0.031
5353.520954,0.005
5353.718954,0.045
5353.916953999999,0.074
5354.114954,0.033
5354.312954,0.026000000000000002
5354.510953999999,0.08700000000000001
5354.708954,0.041
5354.906954,0.029
5355.104953999999,0.044
5355.303003999999,0.016
5355.501004,0.09
5355.6989539999995,0.062
5355.896954,0.053
5356.094954,0.056
5356.293004,0.015
5356.491153999999,0.042
5356.689004,0.055
5356.887004,0.013000000000000001
5357.085004,0.048
5357.283154,0.032
5357.481154,0.009000000000000001
5357.679004,0.076
5357.877154,0.033
5358.075154,0.002
5358.273004,0.073
5358.4712039999995,0.032
5358.669204,0.034
5358.867053999999,0.049
5359.0652039999995,0.013000000000000001
5359.263204,0.023
5359.461204,0.035
5359.659204,0.018000000000000002
5359.857204,0.022
5360.055854,0.055
5360.253454,0.029
5360.451254,0.022
5360.649203999999,0.035
5360.847404,0.037
5361.045254,0.08600000000000001
5361.2434539999995,0.043000000000000003
5361.442104,0.024
5361.639204,0.097
5361.837353999999,0.047
5362.035354,0.016
5362.233254,0.063
5362.431504,0.061
5362.6292539999995,0.039
5362.827504,0.062
5363.025404,0.031
5363.223504,0.025
5363.421504,0.013000000000000001
5363.619503999999,0.069
5363.817403999999,0.033
5364.015404,0.044
5364.213404,0.03
5364.411454,0.012
5364.610154,0.032
5364.807454,0.032
5365.005454,0.077
5365.203504,0.057
5365.4015039999995,0.021
5365.599504,0.07
5365.797704,0.037
5365.995454,0.056
5366.193703999999,0.046
5366.391704,0.034
5366.589504,0.064
5366.787703999999,0.067
5366.985704,0.04
5367.183704,0.051000000000000004
5367.381703999999,0.037
5367.579554,0.028
5367.778104,0.046
5367.9757039999995,0.029
5368.173503999999,0.018000000000000002
5368.371754,0.056
5368.569754,0.063
5368.7677539999995,0.034
5369.163004,0.069
5369.559004,0.057
5369.757004,0.016
5369.9550039999995,0.051000000000000004
5370.153004,0.053
5370.351254,0.041
5370.5490039999995,0.017
5370.747004,0.077
5370.945204,0.10300000000000001
5371.143004,0.14300000000000002
5371.341254,0.084
5371.539054,0.058
5371.737054,0.076
5371.935254,0.049
5372.133054,0.037
5372.331254,0.04
5372.529254,0.046
5372.727054,0.011
5372.925254,0.013000000000000001
5373.123054,0.037
5373.321304,0.016
5373.5193039999995,0.07
5373.717054,0.06
5373.915304,0.036000000000000004
5374.1133039999995,0.006
5374.311054,0.026000000000000002
5374.509304,0.032
5374.707304,0.023
5374.905304,0.08
5375.103304,0.077
5375.301504,0.021
5375.499354,0.045
5375.697354,0.039
5375.895304,0.05
5376.093304,0.081
5376.291303999999,0.044
5376.489353999999,0.049
5376.687354,0.023
5376.885454,0.003
5377.083353999999,0.012
5377.281504,0.06
5377.479504,0.039
5377.6773539999995,0.025
5377.875504,0.029
5378.073504,0.048
5378.272153999999,0.029
5378.469504,0.11
5378.667554,0.027
5378.865554,0.015
5379.063553999999,0.02
5379.261554,0.007
5379.459554,0.016
5379.657553999999,0.03
5379.855554,0.018000000000000002
5380.053554,0.059000000000000004
5380.251703999999,0.032
5380.449504,0.018000000000000002
5380.647554,0.054
5380.845703999999,0.06
5381.0436039999995,0.028
5381.241704,0.037
5381.439804,0.016
5381.637554,0.056
5381.836354,0.05
5382.033604,0.05
5382.231804,0.03
5382.429803999999,0.025
5382.627603999999,0.009000000000000001
5382.8257539999995,0.017
5383.023754,0.015
5383.222253999999,0.052000000000000005
5383.419854,0.016
5383.618004,0.055
5383.815754,0.079
5384.013754,0.034
5384.212004,0.046
5384.4098539999995,0.061
5384.607854,0.05
5384.805804,0.07
5385.004403999999,0.041
5385.201803999999,0.004
5385.399853999999,0.063
5385.5980039999995,0.054
5385.796004,0.06
5385.993804,0.059000000000000004
5386.1917539999995,0.03
5386.390004,0.044
5386.588054,0.052000000000000005
5386.7866539999995,0.091
5386.983904,0.07200000000000001
5387.182054,0.054
5387.380054,0.081
5387.577804,0.004
5387.776054,0.018000000000000002
5387.974053999999,0.031
5388.172054,0.045
5388.370054,0.011
5388.568854,0.048
5388.766103999999,0.027
5389.161304,0.046
5389.557354,0.027
5389.755354,0.015
5389.953353999999,0.061
5390.151354,0.041
5390.349354,0.023
5390.547353999999,0.095
5390.745354,0.032
5390.943354,0.043000000000000003
5391.141353999999,0.039
5391.339604,0.045
5391.537354,0.07
5391.735404,0.033
5391.933604,0.032
5392.131404,0.026000000000000002
5392.329604,0.031
5392.527354,0.038
5392.725604,0.033
5392.923604,0.024
5393.1214039999995,0.065
5393.319603999999,0.025
5393.517653999999,0.039
5393.715654,0.016
5393.913654,0.074
5394.111653999999,0.097
5394.309654,0.028
5394.507654,0.037
5394.705653999999,0.017
5394.903654,0.063
5395.101654,0.053
5395.2996539999995,0.048
5395.497654,0.03
5395.695804,0.024
5395.8936539999995,0.047
5396.091654,0.032
5396.289854,0.045
5396.487654,0.035
5396.685654,0.021
5396.883804,0.044
5397.081654,0.024
5397.279853999999,0.017
5397.477854,0.017
5397.675703999999,0.011
5397.8738539999995,0.046
5398.071704,0.016
5398.269854,0.052000000000000005
5398.4678539999995,0.033
5398.665854,0.041
5398.863854,0.066
5399.061904,0.05
5399.259904,0.07
5399.458554,0.042
5399.655904,0.075
5399.853904,0.046
5400.051904,0.016
5400.250104,0.049
5400.447904,0.023
5400.645904,0.056
5400.843903999999,0.025
5401.042154,0.03
5401.240154,0.037
5401.437954,0.029
5401.636054,0.085
5401.834104,0.039
5402.0321539999995,0.038
5402.230154,0.005
5402.428154,0.037
5402.626604,0.026000000000000002
5402.824103999999,0.021
5403.022104,0.044
5403.220204,0.033
5403.418204,0.041
5403.615954,0.018000000000000002
5403.814104,0.058
5404.0123539999995,0.026000000000000002
5404.210104,0.073
5404.408203999999,0.052000000000000005
5404.606304,0.06
5404.804204,0.062
5405.002354,0.024
5405.200354,0.033
5405.398204,0.054
5405.596353999999,0.024
5405.795004,0.026000000000000002
5405.992154,0.019
5406.190353999999,0.07200000000000001
5406.388204,0.039
5406.586254,0.066
5406.784353999999,0.044
5406.982153999999,0.036000000000000004
5407.181054,0.052000000000000005
5407.378404,0.028
5407.5764039999995,0.006
5407.774404,0.009000000000000001
5407.972554,0.053
5408.1704039999995,0.012
5408.368404,0.019
5408.566554,0.024
5408.764404,0.096
5409.159654,0.035
5409.3576539999995,0.028
5409.555654,0.097
5409.753704,0.091
5409.951704,0.013000000000000001
5410.149904,0.022
5410.347704,0.075
5410.545704,0.07
5410.743954,0.039
5410.941704,0.02
5411.139704,0.051000000000000004
5411.337704,0.106
5411.535704,0.061
5411.733703999999,0.046
5411.931704,0.055
5412.129954,0.12
5412.327953999999,0.07200000000000001
5412.525753999999,0.055
5412.723954,0.056
5412.9219539999995,0.063
5413.119954,0.068
5413.317954,0.047
5413.5159539999995,0.037
5413.713954,0.029
5413.911954,0.075
5414.110004,0.018000000000000002
5414.3080039999995,0.05
5414.506004,0.051000000000000004
5414.704004,0.021
5414.902004,0.047
5415.100804,0.10300000000000001
5415.298003999999,0.056
5415.496004,0.024
5415.694154,0.031
5415.892003999999,0.02
5416.090204,0.008
5416.2882039999995,0.012
5416.486003999999,0.013000000000000001
5416.684154,0.022
5416.882004,0.057
5417.080153999999,0.037
5417.278204,0.041
5417.476054,0.06
5417.674204,0.045
5417.872203999999,0.064
5418.070204,0.074
5418.268204,0.032
5418.466203999999,0.037
5418.664204,0.026000000000000002
5418.862204,0.026000000000000002
5419.0604539999995,0.043000000000000003
5419.258204,0.006
5419.456254,0.035
5419.655004,0.053
5419.852253999999,0.034
5420.050504,0.011
5420.248254,0.003
5420.4462539999995,0.03
5420.644404,0.064
5420.842254,0.016
5421.040454,0.012
5421.238504,0.035
5421.436254,0.018000000000000002
5421.634403999999,0.069
5421.832404,0.028
5422.030404,0.022
5422.228504,0.049
5422.426254,0.054
5422.624404,0.034
5422.823154,0.06
5423.020504,0.012
5423.2185039999995,0.037
5423.416504,0.033
5423.614454,0.10200000000000001
5423.812454,0.018000000000000002
5424.010703999999,0.047
5424.209104,0.012
5424.406454,0.041
5424.604703999999,0.092
5424.802454,0.054
5425.0006539999995,0.016
5425.198554,0.048
5425.396454,0.057
5425.594704,0.064
5425.792504,0.041
5425.990704,0.053
5426.188704,0.049
5426.386554,0.027
5426.584704,0.091
5426.782704,0.017
5426.980704,0.018000000000000002
5427.178704,0.07200000000000001
5427.376754,0.033
5427.574704,0.047
5427.773404,0.082
5427.970754,0.009000000000000001
5428.168753999999,0.016
5428.366754,0.057
5428.564754,0.042
5428.960004,0.034
5429.158004,0.081
5429.356003999999,0.039
5429.554004,0.043000000000000003
5429.752004,0.06
5429.950003999999,0.057
5430.148254,0.054
5430.346054,0.022
5430.544054,0.059000000000000004
5430.742053999999,0.063
5430.940054,0.055
5431.138304,0.007
5431.336053999999,0.051000000000000004
5431.534054,0.051000000000000004
5431.732254,0.027
5431.9300539999995,0.019
5432.128254,0.047
5432.326304,0.05
5432.524104,0.049
5432.722304,0.024
5432.920303999999,0.012
5433.118304,0.062
5433.316304,0.032
5433.514104,0.044
5433.712304,0.07100000000000001
5433.910304,0.079
5434.108303999999,0.069
5434.306353999999,0.028
5434.504354,0.05
5434.702354,0.02
5434.900353999999,0.062
5435.098504,0.032
5435.296354,0.012
5435.4943539999995,0.028
5435.692454,0.107
5435.890354,0.023
5436.088503999999,0.046
5436.286354,0.025
5436.484504,0.009000000000000001
5436.682554,0.059000000000000004
5436.880354,0.044
5437.078504,0.053
5437.2765039999995,0.08700000000000001
5437.474354,0.049
5437.672554,0.078
5437.870554,0.076
5438.068504,0.051000000000000004
5438.266554,0.033
5438.464554,0.045
5438.662554,0.021
5438.860554,0.009000000000000001
5439.058554,0.014
5439.256554,0.075
5439.454704,0.024
5439.652553999999,0.018000000000000002
5439.850604,0.043000000000000003
5440.048804,0.044
5440.246604,0.025
5440.444554,0.057
5440.643354,0.034
5440.840604,0.056
5441.038804,0.043000000000000003
5441.236804,0.08
5441.434604,0.076
5441.6328539999995,0.038
5441.830604,0.038
5442.028754,0.094
5442.226854,0.041
5442.424754,0.06
5442.622754,0.025
5442.820753999999,0.023
5443.018754,0.059000000000000004
5443.216853999999,0.029
5443.4150039999995,0.004
5443.612803999999,0.065
5443.811454,0.012
5444.009004,0.107
5444.206904,0.066
5444.405054,0.012
5444.602804,0.034
5444.8008039999995,0.073
5444.999003999999,0.099
5445.196804,0.048
5445.394804,0.068
5445.593054,0.056
5445.7909039999995,0.053
5445.989704,0.023
5446.187054,0.013000000000000001
5446.385004,0.03
5446.583054,0.077
5446.781054,0.076
5446.979053999999,0.04
5447.177054,0.026000000000000002
5447.375054,0.054
5447.5730539999995,0.057
5447.771704,0.021
5447.969104,0.084
5448.167104,0.067
5448.365253999999,0.016
5448.760354,0.03
5448.958353999999,0.035
5449.156354,0.031
5449.354354,0.037
5449.5526039999995,0.029
5449.750354,0.038
5449.948354,0.08
5450.146604,0.033
5450.344354,0.057
5450.542404,0.033
5450.740404,0.028
5450.9384039999995,0.038
5451.136603999999,0.101
5451.334404,0.045
5451.532604,0.049
5451.730603999999,0.035
5451.928403999999,0.007
5452.126604,0.058
5452.324404,0.031
5452.522403999999,0.046
5452.720654,0.084
5452.918454,0.061
5453.1166539999995,0.035
5453.314654,0.014
5453.512654,0.034
5453.7106539999995,0.046
5453.908654,0.01
5454.106654,0.078
5454.304654,0.035
5454.502853999999,0.038
5454.700653999999,0.036000000000000004
5454.898704,0.073
5455.096704,0.042
5455.294704,0.026000000000000002
5455.492703999999,0.039
5455.690654,0.033
5455.888653999999,0.009000000000000001
5456.086854,0.05
5456.284704,0.023
5456.482854,0.054
5456.680854,0.028
5456.878704,0.073
5457.077504,0.037
5457.274853999999,0.017
5457.472854,0.066
5457.670854,0.025
5457.8687039999995,0.057
5458.066903999999,0.08600000000000001
5458.264904,0.063
5458.462754,0.048
5458.660854,0.013000000000000001
5458.858904,0.026000000000000002
5459.056904,0.017
5459.254903999999,0.032
5459.453054,0.035
5459.650904,0.014
5459.8489039999995,0.046
5460.047054,0.052000000000000005
5460.244904,0.075
5460.443053999999,0.052000000000000005
5460.6409539999995,0.085
5460.838954,0.085
5461.037154,0.041
5461.234904,0.047
5461.432903999999,0.033
5461.631703999999,0.028
5461.828954,0.034
5462.027204,0.019
5462.225203999999,0.024
5462.422954,0.032
5462.621204,0.069
5462.819104,0.04
5463.017204,0.013000000000000001
5463.215104,0.058
5463.413104,0.065
5463.611204,0.059000000000000004
5463.809204,0.052000000000000005
5464.007204,0.07200000000000001
5464.205204,0.051000000000000004
5464.403154,0.07200000000000001
5464.601254,0.017
5464.800004,0.044
5464.997404,0.009000000000000001
5465.195204,0.095
5465.393204,0.10400000000000001
5465.591354,0.062
5465.789354,0.047
5465.9874039999995,0.066
5466.185904,0.046
5466.383404,0.048
5466.581404,0.022
5466.779154,0.024
5466.977404,0.052000000000000005
5467.175404,0.033
5467.373404,0.034
5467.571403999999,0.009000000000000001
5467.7695539999995,0.02
5467.968104,0.059000000000000004
5468.165454,0.026000000000000002
5468.363604,0.093
5468.758704,0.025
5468.956704,0.05
5469.154704,0.065
5469.352704,0.122
5469.550703999999,0.026000000000000002
5469.748704,0.023
5469.946704,0.022
5470.144703999999,0.035
5470.342704,0.02
5470.540704,0.054
5470.738703999999,0.012
5470.936954,0.057
5471.134954,0.07
5471.332754,0.065
5471.530954,0.01
5471.728754,0.029
5471.926754,0.041
5472.124954,0.029
5472.322754,0.019
5472.520954,0.029
5472.718954,0.037
5472.916754,0.026000000000000002
5473.115003999999,0.092
5473.313004,0.026000000000000002
5473.511004,0.031
5473.709003999999,0.059000000000000004
5473.9071539999995,0.048
5474.105004,0.055
5474.303003999999,0.043000000000000003
5474.501004,0.064
5474.699004,0.051000000000000004
5474.897204,0.005
5475.095053999999,0.015
5475.293054,0.033
5475.491803999999,0.012
5475.6890539999995,0.021
5475.887004,0.015
5476.085204,0.029
5476.2830539999995,0.112
5476.481204,0.08
5476.679204,0.029
5476.877203999999,0.014
5477.075204,0.042
5477.273053999999,0.089
5477.4712039999995,0.052000000000000005
5477.669204,0.046
5477.867204,0.028
5478.0652039999995,0.027
5478.263204,0.016
5478.461254,0.06
5478.659254,0.026000000000000002
5478.857254,0.047
5479.055254,0.023
5479.253254,0.026000000000000002
5479.4514039999995,0.074
5479.649254,0.024
5479.847253999999,0.038
5480.045254,0.088
5480.243254,0.007
5480.442153999999,0.045
5480.639254,0.096
5480.837504,0.06
5481.035454,0.07100000000000001
5481.233254,0.023
5481.431404,0.05
5481.629454,0.051000000000000004
5481.8273039999995,0.052000000000000005
5482.025504,0.025
5482.223454,0.083
5482.421453999999,0.089
5482.619454,0.008
5482.817454,0.053
5483.015453999999,0.045
5483.213554,0.07100000000000001
5483.411454,0.057
5483.610204,0.039
5483.807704,0.068
5484.005454,0.054
5484.203554,0.059000000000000004
5484.401704,0.051000000000000004
5484.599604,0.021
5484.797603999999,0.023
5484.995754,0.17300000000000001
5485.1935539999995,0.053
5485.3925039999995,0.161
5485.589504,0.08
5485.787703999999,0.098
5485.985704,0.093
5486.183504,0.101
5486.381754,0.117
5486.579753999999,0.08
5486.777754,0.066
5486.975754,0.011
5487.1737539999995,0.032
5487.371754,0.10200000000000001
5487.569754,0.091
5487.7677539999995,0.12
5487.965754,0.097
5488.163804,0.127
5488.559004,0.057
5488.757004,0.026000000000000002
5488.955054,0.009000000000000001
5489.153053999999,0.053
5489.351254,0.128
5489.549054,0.111
5489.7470539999995,0.14200000000000002
5489.945304,0.123
5490.143054,0.154
5490.3410539999995,0.089
5490.539304,0.074
5490.737054,0.06
5490.935054,0.083
5491.133104,0.07
5491.331104,0.078
5491.529304,0.168
5491.727104,0.095
5491.925303999999,0.031
5492.123304,0.032
5492.321104,0.058
5492.520154,0.024
5492.717304,0.14
5492.915354,0.077
5493.113354,0.053
5493.311103999999,0.045
5493.509354,0.039
5493.707354,0.051000000000000004
5493.9051039999995,0.036000000000000004
5494.103354,0.021
5494.301504,0.14
5494.499354,0.126
5494.697404,0.17200000000000001
5494.895504,0.329
5495.093354,0.23600000000000002
5495.291504,0.252
5495.489554,0.231
5495.687403999999,0.178
5495.8855539999995,0.177
5496.083404,0.054
5496.281354,0.057
5496.479504,0.055
5496.677404,0.075
5496.875554,0.029
5497.073554,0.058
5497.271604,0.049
5497.469553999999,0.04
5497.667554,0.025
5497.865404,0.046
5498.063553999999,0.028
5498.261704,0.06
5498.461204,0.079
5498.657553999999,0.12
5498.855603999999,0.136
5499.053604,0.20400000000000001
5499.2515539999995,0.264
5499.449603999999,0.085
5499.647604,0.073
5499.845604,0.145
5500.0436039999995,0.196
5500.241604,0.3
5500.439854,0.38
5500.637604,0.5670000000000001
5500.835754,0.642
5501.033804,0.635
5501.231804,0.652
5501.429854,0.739
5501.627603999999,1.096
5501.825854,1.383
5502.023854,1.383
5502.221603999999,1.474
5502.421554,1.711
5502.6178039999995,1.934
5502.815904,2.1670000000000003
5503.0139039999995,2.311
5503.211904,2.443
5503.409804,2.5540000000000003
5503.607803999999,2.761
5503.806054,2.778
5504.003804,3.075
5504.202053999999,3.274
5504.399804,3.311
5504.597904,3.424
5504.7960539999995,3.478
5504.993853999999,3.5100000000000002
5505.192054,3.728
5505.390104,3.895
5505.587853999999,4.0840000000000005
5505.786054,4.273
5505.984054,4.674
5506.183104,4.696
5506.380104,4.904
5506.578104,5.058
5506.776104,5.1850000000000005
5506.974104,5.079
5507.172103999999,5.457
5507.370104,5.2
5507.568104,5.429
5507.766103999999,5.399
5507.964104,5.37
5508.162254,5.518
5508.557354,5.6080000000000005
5508.755354,5.718
5508.953353999999,5.812
5509.151404,5.889
5509.349404,5.8870000000000005
5509.547404,6.0
5509.745403999999,5.758
5509.943404,5.902
5510.141404,6.140000000000001
5510.339653999999,6.113
5510.537404,6.345
5510.735404,6.244
5510.9336539999995,6.139
5511.131804,6.143
5511.329454,6.071
5511.5276539999995,5.989
5511.726454,5.9030000000000005
5511.923654,5.865
5512.121654,5.648
5512.3194539999995,5.558
5512.517653999999,5.426
5512.716904,5.2250000000000005
5512.913654,4.954
5513.111704,4.582
5513.309703999999,4.42
5513.507704,4.228
5513.705704,4.143
5513.903703999999,4.2010000000000005
5514.101704,3.904
5514.299704,3.997
5514.497703999999,3.7800000000000002
5514.695704,3.4370000000000003
5514.893854,3.537
5515.0917039999995,3.664
5515.290704,3.291
5515.487704,3.354
5515.685754,3.285
5515.884803999999,3.419
5516.081754,3.774
5516.281504,3.928
5516.477903999999,4.081
5516.675754,4.5920000000000005
5516.873904,4.191
5517.071903999999,4.017
5517.269754,4.188
5517.467904,4.606
5517.6659039999995,4.776
5517.863904,4.997
5518.061904,5.335
5518.259754,5.449
5518.457904,5.589
5518.655904,5.9350000000000005
5518.853954,6.248
5519.051954,6.667
5519.251754,6.92
5519.447953999999,7.561
5519.645954,7.832
5519.844204,8.136000000000001
5520.041953999999,8.514
5520.2401039999995,8.587
5520.437954,8.669
5520.635953999999,8.991
5520.835803999999,9.012
5521.031954,9.126
5521.231854,8.999
5521.428104,8.99
5521.626004,9.128
5521.826004,9.147
5522.022204,9.187
5522.220104,9.354000000000001
5522.418103999999,9.291
5522.616104,9.176
5522.815754,9.375
5523.012253999999,9.284
5523.211854,9.18
5523.408154,9.0
5523.606154,9.018
5523.8059539999995,8.932
5524.002254,8.719
5524.200253999999,8.815
5524.3981539999995,8.759
5524.596254,8.543000000000001
5524.794403999999,8.572000000000001
5524.992254,8.442
5525.192104,8.105
5525.388454,7.76
5525.586254,7.41
5525.784404,7.181
5525.982403999999,6.909
5526.181904,6.765000000000001
5526.378454,6.5280000000000005
5526.5764039999995,6.355
5526.774453999999,6.112
5526.972454,6.106
5527.170454,5.827
5527.3684539999995,5.45
5527.566604,5.377
5527.764454,5.102
5528.159704,4.972
5528.357704,4.846
5528.555754,4.872
5528.753704,4.495
5528.952204,4.317
5529.1497039999995,4.1770000000000005
5529.347704,4.037
5529.545754,3.564
5529.743954,3.665
5529.9417539999995,3.8770000000000002
5530.139754,4.081
5530.337954,4.267
5530.5357539999995,3.954
5530.734004,4.019
5530.932003999999,4.13
5531.129754,4.506
5531.329604,4.383
5531.525753999999,4.58
5531.723804,4.797
5531.922004,4.955
5532.119804,5.021
5532.318004,5.33
5532.516004,5.418
5532.7140039999995,5.672
5532.912004,5.9350000000000005
5533.110004,6.16
5533.3080039999995,6.313
5533.506004,6.351
5533.704204,6.6530000000000005
5533.902054,6.844
5534.100054,6.964
5534.298204,7.109
5534.496054,6.997
5534.694054,7.21
5534.892054,7.001
5535.090053999999,7.013
5535.2882039999995,7.1290000000000004
5535.486054,6.9
5535.684254,6.904
5535.882204,6.567
5536.081404,6.808
5536.278254,6.992
5536.477003999999,6.957
5536.674204,6.926
5536.872203999999,6.727
5537.0703539999995,6.604
5537.268204,6.5760000000000005
5537.466254,6.364
5537.664253999999,6.4750000000000005
5537.862254,6.2940000000000005
5538.060254,6.409
5538.258253999999,6.3180000000000005
5538.456254,6.191
5538.654404,6.113
5538.852253999999,6.048
5539.050254,5.9030000000000005
5539.248304,5.894
5539.446304,5.68
5539.644504,5.652
5539.842304,5.623
5540.041553999999,5.904
5540.238453999999,5.783
5540.436304,6.265000000000001
5540.634304,6.117
5540.832504,6.16
5541.030304,6.039
5541.228454,5.877
5541.4264539999995,5.91
5541.624304,6.162
5541.822504,6.162
5542.020554,6.28
5542.2185039999995,6.332
5542.416553999999,6.595
5542.614554,6.556
5542.812554,6.643
5543.010453999999,6.567
5543.208454,6.583
5543.406504,6.712
5543.605454,6.803
5543.8026039999995,6.9
5544.000604,7.064
5544.198754,7.003
5544.396503999999,7.246
5544.594754,7.651
5544.7927039999995,7.488
5544.9907539999995,7.6530000000000005
5545.188754,7.8580000000000005
5545.386603999999,8.19
5545.586404,8.39
5545.7828039999995,8.237
5545.980754,8.501
5546.178754,8.59
5546.376754,8.784
5546.574554,9.002
5546.772804,8.929
5546.970904,9.075000000000001
5547.168804,9.053
5547.366803999999,9.124
5547.5649539999995,9.200000000000001
5547.960354,9.540000000000001
5548.1580539999995,9.658
5548.356054,9.623
5548.554054,9.671
5548.752104,9.273
5548.950054,9.23
5549.148053999999,9.405
5549.346054,9.224
5549.544054,9.34
5549.742354,9.55
5549.940103999999,9.66
5550.138304,9.765
5550.3363039999995,9.758000000000001
5550.534103999999,9.702
5550.732104,9.522
5550.930104,9.537
5551.1283539999995,9.557
5551.326304,9.555
5551.524104,9.603
5551.724004,9.479000000000001
5551.9204039999995,9.368
5552.118354,9.370000000000001
5552.316354,9.503
5552.514354,9.556000000000001
5552.712353999999,9.511000000000001
5552.911604,9.672
5553.108354,9.699
5553.306353999999,9.806000000000001
5553.504354,9.741
5553.702154,9.056000000000001
5553.900404,9.107
5554.098554,8.984
5554.296354,9.084
5554.495354,9.092
5554.692554,9.122
5554.890404,9.015
5555.088554,8.684000000000001
5555.286553999999,8.792
5555.484904,8.609
5555.682404,8.367
5555.880553999999,8.086
5556.080304,8.194
5556.276604,8.03
5556.474404,7.84
5556.672603999999,7.672000000000001
5556.870554,7.329
5557.068604,7.042
5557.266554,7.055
5557.464604,6.327
5557.662604,5.824
5557.8606039999995,5.74
5558.058754,5.445
5558.256604,5.353
5558.454604,5.1690000000000005
5558.652854,5.082
5558.850604,5.0440000000000005
5559.0505539999995,4.923
5559.246604,4.774
5559.444603999999,4.457
5559.642854,4.582
5559.840604,4.274
5560.038754,4.277
5560.236804,4.328
5560.434654,4.612
5560.6328539999995,4.7250000000000005
5560.832504,4.9350000000000005
5561.028804,5.333
5561.226804,5.58
5561.424803999999,5.529
5561.622904,5.5920000000000005
5561.820904,5.64
5562.018803999999,5.938
5562.216904,5.682
5562.414903999999,5.594
5562.612904,5.534
5562.811854,5.321
5563.009054,5.212
5563.206953999999,5.224
5563.404804,5.182
5563.603054,5.103
5563.802054,4.9510000000000005
5563.9991039999995,4.8340000000000005
5564.197104,4.89
5564.394854,4.76
5564.593104,4.518
5564.792654,4.621
5564.990804,4.843
5565.187054,4.989
5565.384954,4.9670000000000005
5565.583103999999,5.21
5565.781104,5.575
5565.980804,5.224
5566.177103999999,5.729
5566.375104,5.897
5566.573104,6.2540000000000004
5566.7711039999995,6.2250000000000005
5566.969254,6.176
5567.167104,6.253
5567.3651039999995,6.306
5567.563303999999,6.2540000000000004
5567.958404,6.258
5568.156403999999,6.087
5568.354404,6.037
5568.552404,5.92
5568.750403999999,5.782
5568.948404,5.892
5569.146654,5.767
5569.3444039999995,5.658
5569.542404,5.593
5569.740654,5.518
5569.9384039999995,5.543
5570.136654,5.423
5570.334404,5.415
5570.532454,5.397
5570.730654,5.348
5570.928454,5.216
5571.126654,5.307
5571.324704,5.267
5571.522454,5.163
5571.720654,5.142
5571.918654,5.005
5572.1166539999995,4.869
5572.314654,4.904
5572.512704,4.877
5572.711453999999,4.777
5572.9087039999995,4.68
5573.106704,4.6690000000000005
5573.304704,4.397
5573.502853999999,4.37
5573.702404,4.367
5573.898704,4.275
5574.096853999999,4.014
5574.294704,3.988
5574.492703999999,3.984
5574.691954,4.096
5574.888754,4.183
5575.086904,4.337
5575.284904,4.448
5575.482754,4.776
5575.682454,4.864
5575.878753999999,5.073
5576.076854,5.376
5576.274904,5.513
5576.472753999999,5.4510000000000005
5576.672704,5.6290000000000004
5576.868954,5.66
5577.066954,6.055
5577.264904,6.085
5577.462904,6.162
5577.660954,6.257000000000001
5577.858953999999,6.23
5578.056954,6.1770000000000005
5578.254954,6.211
5578.4532039999995,6.171
5578.650954,6.246
5578.850504,6.1000000000000005
5579.047103999999,6.089
5579.244954,6.09
5579.443104,5.843
5579.641204,5.621
5579.840303999999,5.603
5580.037104,5.373
5580.235103999999,5.224
5580.4330039999995,5.282
5580.631254,5.073
5580.829004,4.964
5581.027104,5.007
5581.225154,4.876
5581.423003999999,4.811
5581.621254,4.736
5581.819254,4.664
5582.017154,4.593
5582.2151539999995,4.516
5582.413404,4.469
5582.611204,4.439
5582.809254,4.408
5583.007404,4.198
5583.205153999999,4.291
5583.403154,4.239
5583.601304,4.223
5583.799704,4.176
5583.997404,4.198
5584.195204,4.096
5584.393304,4.103
5584.591453999999,4.1290000000000004
5584.789304,4.126
5584.987454,4.024
5585.185404,3.979
5585.383204,4.0
5585.581454,3.923
5585.7794539999995,3.884
5585.977454,3.8970000000000002
5586.175454,3.904
5586.373454,4.002
5586.571454,3.7880000000000003
5586.769453999999,3.967
5586.967454,3.996
5587.165454,3.9490000000000003
5587.363453999999,4.032
5587.7587539999995,4.141
5587.956754,4.062
5588.154704,4.119
5588.352704,4.013
5588.550754,4.156
5588.748754,4.023
5588.946754,4.055
5589.144754,4.01
5589.342753999999,3.977
5589.541004,3.92
5589.738754,3.907
5589.936753999999,3.761
5590.135004,3.835
5590.332754,3.814
5590.530753999999,3.717
5590.729004,3.658
5590.926804,3.645
5591.1250039999995,3.661
5591.323004,3.548
5591.521503999999,3.427
5591.719004,3.448
5591.9168039999995,3.486
5592.115003999999,3.438
5592.313004,3.54
5592.512253999999,3.351
5592.709054,3.4130000000000003
5592.907053999999,3.448
5593.105054,3.287
5593.303054,3.224
5593.501053999999,3.158
5593.699054,3.2
5593.897054,3.1870000000000003
5594.095204,3.144
5594.293054,3.009
5594.491204,2.853
5594.6890539999995,2.802
5594.887054,2.886
5595.085254,2.934
5595.283104,2.876
5595.4826539999995,2.761
5595.679254,2.696
5595.877104,2.67
5596.075253999999,2.805
5596.273254,2.843
5596.471104,2.853
5596.6692539999995,2.888
5596.867254,2.733
5597.065254,2.668
5597.263304,2.644
5597.461104,2.607
5597.659254,2.583
5597.857254,2.805
5598.055254,2.564
5598.253304,2.351
5598.451504,2.442
5598.649304,2.266
5598.847304,2.037
5599.045454,2.1710000000000003
5599.243304,2.178
5599.441454,2.077
5599.639303999999,1.901
5599.837304,1.739
5600.035454,1.5170000000000001
5600.233303999999,1.6580000000000001
5600.431454,1.606
5600.629554,1.62
5600.827354,1.586
5601.025504,1.889
5601.224553999999,1.723
5601.421554,1.609
5601.619503999999,1.541
5601.817704,1.484
5602.015504,1.108
5602.213804,1.091
5602.411704,0.76
5602.609603999999,0.503
5602.807604,0.399
5603.005604,0.33
5603.203603999999,0.325
5603.4017539999995,0.182
5603.599604,0.108
5603.798704,0.11900000000000001
5603.995754,0.156
5604.193604,0.146
5604.391753999999,0.066
5604.589804,0.088
5604.787754,0.048
5604.985804,0.089
5605.183803999999,0.023
5605.381754,0.056
5605.579753999999,0.009000000000000001
5605.779554,0.065
5605.975754,0.026000000000000002
5606.173804,0.017
5606.371803999999,0.059000000000000004
5606.569804,0.096
5606.767954,0.07
5607.163054,0.078
5607.559104,0.1
5607.757103999999,0.075
5607.955304,0.016
5608.153104,0.114
5608.351054,0.042
5608.549054,0.092
5608.7470539999995,0.055
5608.945304,0.079
5609.143104,0.042
5609.341104,0.114
5609.541053999999,0.121
5609.737104,0.11900000000000001
5609.935354,0.131
5610.133354,0.183
5610.331104,0.112
5610.529353999999,0.13
5610.727354,0.045
5610.925104,0.019
5611.123353999999,0.011
5611.322104,0.064
5611.519404,0.099
5611.717353999999,0.05
5611.915354,0.036000000000000004
5612.113354,0.034
5612.3113539999995,0.049
5612.511004,0.075
5612.707354,0.122
5612.905503999999,0.048
5613.1034039999995,0.106
5613.301404,0.049
5613.499554,0.048
5613.697404,0.06
5613.895404,0.029
5614.093404,0.048
5614.291404,0.095
5614.491254,0.024
5614.687403999999,0.049
5614.885404,0.076
5615.083554,0.026000000000000002
5615.281403999999,0.145
5615.481404,0.10200000000000001
5615.6776039999995,0.07200000000000001
5615.875604,0.017
5616.073754,0.098
5616.271404,0.014
5616.471304,0.033
5616.667603999999,0.02
5616.865604,0.105
5617.063604,0.029
5617.261603999999,0.10400000000000001
5617.459653999999,0.113
5617.657604,0.053
5617.855603999999,0.112
5618.053604,0.10400000000000001
5618.251604,0.113
5618.449804,0.10200000000000001
5618.647653999999,0.066
5618.845754,0.137
5619.043804,0.07
5619.2416539999995,0.039
5619.439904,0.049
5619.637654,0.058
5619.8356539999995,0.011
5620.033804,0.07200000000000001
5620.231654,0.054
5620.429904,0.042
5620.627904,0.127
5620.825653999999,0.08700000000000001
5621.023904,0.023
5621.221904,0.061
5621.421604,0.028
5621.617854,0.078
5621.8158539999995,0.031
5622.013804,0.007
5622.211904,0.081
5622.409904,0.073
5622.6079039999995,0.051000000000000004
5622.805804,0.085
5623.004804,0.115
5623.201854,0.032
5623.401804,0.063
5623.597954,0.07
5623.795954,0.097
5623.994103999999,0.037
5624.191954,0.023
5624.391804,0.023
5624.587853999999,0.032
5624.786104,0.016
5624.984154,0.045
5625.181904,0.053
5625.3801539999995,0.065
5625.578154,0.058
5625.775904,0.10400000000000001
5625.975853999999,0.1
5626.172103999999,0.117
5626.370154,0.07
5626.568154,0.048
5626.766254,0.153
5627.1614039999995,0.114
5627.557404,0.085
5627.7554039999995,0.062
5627.953404,0.069
5628.151454,0.049
5628.351004,0.044
5628.547404,0.066
5628.745403999999,0.013000000000000001
5628.945004,0.013000000000000001
5629.141404,0.003
5629.340454,0.067
5629.537654,0.085
5629.735454,0.077
5629.933454,0.05
5630.131453999999,0.107
5630.329454,0.031
5630.527704,0.151
5630.725453999999,0.109
5630.923704,0.042
5631.121654,0.017
5631.321153999999,0.13
5631.517704,0.11
5631.715704,0.085
5631.913904,0.04
5632.111704,0.046
5632.309703999999,0.148
5632.507704,0.325
5632.705704,0.406
5632.903504,0.47300000000000003
5633.103054,0.504
5633.299704,0.621
5633.497754,0.482
5633.695753999999,0.314
5633.893904,0.529
5634.091754,0.607
5634.289753999999,0.721
5634.487904,0.753
5634.685754,0.724
5634.883903999999,0.5750000000000001
5635.081904,0.731
5635.279754,0.55
5635.477954,0.5650000000000001
5635.676754,0.63
5635.873954,0.338
5636.071954,0.41300000000000003
5636.269953999999,0.358
5636.467954,0.353
5636.6659039999995,0.531
5636.8642039999995,0.465
5637.061954,0.512
5637.259954,0.704
5637.4579539999995,0.538
5637.655954,0.41600000000000004
5637.854104,0.545
5638.051954,0.512
5638.249954,0.374
5638.447953999999,0.343
5638.645954,0.444
5638.844204,0.53
5639.042004,0.641
5639.241054,0.5720000000000001
5639.4381539999995,0.528
5639.635953999999,0.504
5639.835803999999,0.444
5640.0321539999995,0.492
5640.2302039999995,0.44
5640.429904,0.265
5640.626004,0.271
5640.824154,0.2
5641.022153999999,0.203
5641.220254,0.38
5641.418154,0.388
5641.616254,0.402
5641.814203999999,0.441
5642.012253999999,0.417
5642.2104039999995,0.388
5642.408254,0.278
5642.606253999999,0.603
5642.8044039999995,0.613
5643.002203999999,0.556
5643.200404,0.605
5643.398303999999,0.615
5643.5962039999995,0.617
5643.794454,0.646
5643.992303999999,0.49
5644.1902039999995,0.47900000000000004
5644.388454,0.188
5644.5863039999995,0.191
5644.786204,0.231
5644.982454,0.34900000000000003
5645.180453999999,0.47000000000000003
5645.378454,0.58
5645.576454,0.649
5645.774504,0.393
5645.972454,0.27
5646.170354,0.315
5646.3684539999995,0.385
5646.566454,0.341
5646.764454,0.253
5647.159753999999,0.499
5647.357754,0.435
5647.555754,0.518
5647.753753999999,0.337
5647.951754,0.425
5648.149754,0.545
5648.3480039999995,0.601
5648.545754,0.634
5648.743754,0.753
5648.9417539999995,0.47100000000000003
5649.139754,0.511
5649.337754,0.6940000000000001
5649.5357539999995,0.966
5649.7338039999995,0.8130000000000001
5649.932003999999,0.781
5650.129804,0.624
5650.327804,0.6970000000000001
5650.526054,0.7020000000000001
5650.723803999999,0.728
5650.922054,0.634
5651.120054,0.7000000000000001
5651.318004,0.687
5651.516004,0.686
5651.713804,0.598
5651.912053999999,0.621
5652.110054,0.592
5652.307854,0.614
5652.5060539999995,0.757
5652.704054,0.727
5652.902054,0.636
5653.100054,0.668
5653.298054,0.5700000000000001
5653.496054,0.707
5653.694054,0.872
5653.892253999999,0.896
5654.090104,0.681
5654.288254,0.46
5654.486104,0.651
5654.684254,0.74
5654.882254,0.326
5655.080104,0.664
5655.279353999999,0.76
5655.476254,1.034
5655.674104,0.893
5655.872254,1.0210000000000001
5656.071554,1.105
5656.268254,1.0210000000000001
5656.466304,1.296
5656.664404,0.875
5656.862254,1.076
5657.061254,1.141
5657.258304,1.113
5657.456303999999,1.09
5657.654304,0.87
5657.852304,0.758
5658.050303999999,0.912
5658.248554,0.999
5658.446304,1.036
5658.646204,0.901
5658.842454,0.903
5659.040354,0.9410000000000001
5659.2383039999995,0.913
5659.436454,1.0
5659.634604,1.016
5659.832554,0.9520000000000001
5660.0303539999995,1.032
5660.228604,1.157
5660.426554,1.055
5660.624354,0.934
5660.822504,0.858
5661.020504,0.899
5661.218554,0.9400000000000001
5661.416604,0.863
5661.614603999999,0.997
5661.812604,0.9550000000000001
5662.0105539999995,0.919
5662.208753999999,1.104
5662.406604,0.9590000000000001
5662.604754,1.033
5662.802503999999,1.004
5663.0006539999995,0.864
5663.198754,0.99
5663.396554,0.973
5663.594504,1.123
5663.793904,1.016
5663.990654,0.973
5664.188803999999,0.9430000000000001
5664.386804,0.896
5664.584653999999,0.848
5664.7828039999995,0.981
5664.982403999999,0.9560000000000001
5665.178804,1.027
5665.3768039999995,1.119
5665.575253999999,1.056
5665.772854,1.177
5665.970854,1.108
5666.169003999999,1.192
5666.366803999999,1.031
5666.564804,1.018
5666.763304,1.0210000000000001
5667.158104,1.045
5667.3561039999995,1.131
5667.554104,1.123
5667.752104,1.0210000000000001
5667.951754,0.9520000000000001
5668.148104,1.032
5668.346104,0.6980000000000001
5668.544104,0.898
5668.742303999999,0.923
5668.941804,0.966
5669.138104,1.133
5669.336354,1.059
5669.534103999999,1.191
5669.732104,1.062
5669.930354,1.095
5670.128103999999,1.208
5670.326354,1.097
5670.524354,1.231
5670.723204,0.9540000000000001
5670.9204039999995,0.935
5671.118154,1.047
5671.317954,0.926
5671.514354,0.978
5671.712353999999,1.061
5671.912004,1.137
5672.108354,1.219
5672.306404,0.9540000000000001
5672.504403999999,1.169
5672.702404,1.093
5672.900404,1.181
5673.098403999999,1.168
5673.296554,1.2750000000000001
5673.494404,1.2710000000000001
5673.692403999999,1.427
5673.890404,1.201
5674.088404,1.1340000000000001
5674.286604,1.457
5674.4844539999995,1.5190000000000001
5674.682554,1.319
5674.880604,1.487
5675.0784539999995,1.671
5675.276604,1.686
5675.474604,1.629
5675.672454,1.56
5675.870604,1.3840000000000001
5676.0703539999995,1.479
5676.2666039999995,1.51
5676.466304,1.932
5676.662654,1.6560000000000001
5676.860654,1.716
5677.058854,1.696
5677.256604,1.5070000000000001
5677.454604,1.49
5677.652754,1.518
5677.850654,1.476
5678.048854,1.452
5678.246854,1.673
5678.444654,1.581
5678.642804,1.5130000000000001
5678.8408039999995,1.431
5679.038654,1.479
5679.236903999999,1.35
5679.434654,1.414
5679.633204,1.281
5679.831053999999,1.1420000000000001
5680.028904,1.101
5680.228704,0.998
5680.424954,0.9420000000000001
5680.622854,0.586
5680.822553999999,0.403
5681.019053999999,0.401
5681.216904,0.445
5681.414903999999,0.455
5681.612854,0.448
5681.812003999999,0.596
5682.008954,0.763
5682.208353999999,0.906
5682.404954,0.765
5682.603104,0.784
5682.802454,0.762
5682.9991039999995,0.484
5683.197104,0.446
5683.394953999999,0.481
5683.593104,0.389
5683.791154,0.457
5683.989154,0.594
5684.187104,0.5730000000000001
5684.384904,0.494
5684.583154,0.47700000000000004
5684.781153999999,0.40800000000000003
5684.978904,0.427
5685.177103999999,0.627
5685.376754,0.614
5685.573104,0.541
5685.771154,0.639
5685.970604,0.685
5686.167154,0.534
5686.366803999999,0.551
5686.760404,0.551
5686.958404,0.47900000000000004
5687.156403999999,0.451
5687.354453999999,0.375
5687.552454,0.278
5687.750454,0.26
5687.948453999999,0.267
5688.146404,0.272
5688.344454,0.334
5688.542453999999,0.17500000000000002
5688.742303999999,0.274
5688.938854,0.317
5689.136704,0.388
5689.336254,0.485
5689.532454,0.451
5689.730704,0.4
5689.928454,0.494
5690.126703999999,0.392
5690.324704,0.273
5690.5240539999995,0.234
5690.720703999999,0.222
5690.918704,0.055
5691.116704,0.124
5691.314703999999,0.125
5691.513304,0.14400000000000002
5691.710704,0.17400000000000002
5691.9087039999995,0.17300000000000001
5692.106854,0.059000000000000004
5692.304754,0.058
5692.502754,0.059000000000000004
5692.700704,0.088
5692.898754,0.043000000000000003
5693.096904,0.08600000000000001
5693.294754,0.149
5693.492754,0.053
5693.690904,0.04
5693.888754,0.059000000000000004
5694.086904,0.127
5694.284954,0.167
5694.482754,0.131
5694.6809539999995,0.088
5694.878954,0.009000000000000001
5695.077504,0.008
5695.2749539999995,0.085
5695.4730039999995,0.092
5695.672603999999,0.106
5695.868954,0.046
5696.066954,0.091
5696.264953999999,0.124
5696.462954,0.004
5696.661254,0.101
5696.859004,0.2
5697.0571039999995,0.099
5697.254954,0.115
5697.452953999999,0.094
5697.650954,0.066
5697.848954,0.043000000000000003
5698.0472039999995,0.004
5698.246104,0.10400000000000001
5698.443004,0.056
5698.641103999999,0.034
5698.8390039999995,0.044
5699.037254,0.084
5699.235254,0.049
5699.4330039999995,0.08600000000000001
5699.631154,0.125
5699.829154,0.123
5700.027153999999,0.11900000000000001
5700.225154,0.085
5700.423253999999,0.037
5700.621254,0.023
5700.821054,0.125
5701.017454,0.053
5701.215204,0.169
5701.4132039999995,0.042
5701.611204,0.139
5701.810254,0.07100000000000001
5702.007404,0.129
5702.205304,0.073
5702.4033039999995,0.026000000000000002
5702.601404,0.025
5702.799204,0.052000000000000005
5702.997453999999,0.073
5703.197354,0.07200000000000001
5703.393204,0.066
5703.591453999999,0.17200000000000001
5703.789304,0.14300000000000002
5703.987454,0.042
5704.1854539999995,0.08
5704.383304,0.11
5704.581454,0.016
5704.779504,0.018000000000000002
