timestamps,Speed
s,m/s
9073.115303999999,8.653
9073.313103999999,8.77
9073.512804,8.825000000000001
9073.709304,9.194
9073.907104,9.195
9074.105303999999,8.809000000000001
9074.303103999999,9.134
9074.501354,9.348
9074.699354,9.474
9074.897154,9.724
9075.095354,9.902000000000001
9075.293354,10.172
9075.491354,10.131
9075.689354,10.216000000000001
9075.887354,10.337
9076.085353999999,10.55
9076.283354,10.707
9076.481554,10.889
9076.679404,10.998000000000001
9076.877403999999,10.964
9077.075554,10.578
9077.273404,10.278
9077.471554,10.41
9077.669404,10.42
9077.867403999999,10.614
9078.067304,10.73
9078.263404,10.906
9078.461604,10.96
9078.659554,11.042
9078.857404,11.11
9079.057304,11.298
9079.253553999999,11.491
9079.451604,11.525
9079.649554,11.559000000000001
9079.847603999999,11.679
9080.046954,11.789
9080.243604,11.859
9080.441604,11.85
9080.639604,11.806000000000001
9080.837604,11.918000000000001
9081.035603999999,11.872
9081.233654,12.054
9081.431854,11.85
9081.629654,12.077
9081.827904,12.207
9082.025904,12.144
9082.223654,12.071
9082.421903999999,12.045
9082.619654,12.105
9082.817804,12.182
9083.015803999999,12.433
9083.213654,12.505
9083.411903999999,12.688
9083.609903999999,12.869
9083.809104,12.897
9084.005853999999,12.665000000000001
9084.203803999999,12.656
9084.401904,12.571
9084.599903999999,12.587
9084.797904,12.530000000000001
9084.995904,12.435
9085.193854,12.463000000000001
9086.976104,12.281
9087.174004,12.159
9087.372604,12.069
9087.570154,11.996
9087.768154,11.962
9087.966654,11.886000000000001
9088.163904,11.972
9088.363904,12.272
9088.560104,12.02
9088.758154,11.845
9088.956154,11.88
9089.154154,11.971
9089.352154,12.138
9089.550804,12.167
9089.748153999999,12.138
9090.143454,12.144
9090.539454,12.249
9090.737454,12.085
9090.936904,11.923
9091.133453999999,11.976
9091.331454,11.628
9091.529454,11.644
9091.727454,11.792
9091.926954,11.825000000000001
9092.123454,11.817
9092.321453999999,11.86
9092.519704,11.738
9092.717454,11.767
9092.915503999999,11.727
9093.113503999999,11.844
9093.311504,11.877
9093.509753999999,12.02
9093.707504,12.076
9093.905754,12.041
9094.103754,12.114
9094.301504,12.02
9094.499754,11.86
9094.697753999999,11.790000000000001
9094.895704,11.637
9095.093754,11.561
9095.291754,11.497
9095.489754,11.536
9095.689304,11.624
9095.885753999999,11.737
9096.083754,12.075000000000001
9096.283404,12.128
9096.479754,12.278
9096.677803999999,12.379
9096.875954,12.384
9097.073804,12.371
9097.271804,12.356
9097.469954,12.43
9097.667803999999,12.544
9097.865953999999,12.464
9098.063954,12.56
9098.261804,12.735
9098.459954,12.707
9098.657804,12.835
9098.856004,12.815
9099.054004,12.857000000000001
9099.252004,12.903
9099.450004,12.947000000000001
9099.648003999999,12.898
9099.846003999999,12.92
9100.044004,13.004
9100.242004,13.058
9100.440004,12.902000000000001
9100.638004,12.895
9100.836254,12.698
9101.034054,12.722
9101.232054,12.827
9101.430004,12.759
9101.628004,12.773
9101.826254,12.799
9102.024054,12.987
9102.222204,12.973
9102.420304,12.903
9102.618054,12.955
9102.816203999999,12.863
9103.014204,12.801
9103.212303999999,12.664
9103.410303999999,12.528
9103.608204,12.47
9103.807954,12.251
9104.004254,12.26
9104.202354,12.095
9104.400303999999,11.916
9104.598354,11.728
9104.797504,11.345
9104.994254,11.216000000000001
9105.192454,10.859
9105.390304,10.693
9105.588354,10.454
9105.786603999999,10.359
9105.984354,10.125
9106.182504,9.852
9106.380503999999,9.693
9106.578354,9.466000000000001
9106.777904,9.494
9106.974354,9.343
9107.172504,9.024000000000001
9107.370504,8.658
9107.568304,8.571
9107.766504,8.167
9107.966204,7.851
9108.162554,7.498
9108.360703999999,7.3100000000000005
9108.558554,6.855
9108.756554,6.835
9108.954554,6.502
9109.152704,6.122
9109.350804,5.582
9109.548604,5.575
9109.943804,5.381
9110.141803999999,5.157
9110.339804,4.58
9110.537854,4.184
9110.735854,3.989
9110.933853999999,3.588
9111.131854,3.1590000000000003
9111.330103999999,2.84
9111.527854,2.43
9111.725854,1.933
9111.923853999999,1.799
9112.121853999999,1.6400000000000001
9112.320104,1.429
9112.517904,1.1280000000000001
9112.715903999999,0.489
9112.914104,0.267
9113.111904,0.19
9113.310104,0.129
9113.508104,0.121
9113.705904,0.063
9113.904104,0.187
9114.102154,0.20800000000000002
9114.300154,0.218
9114.498153999999,0.154
9114.696154,0.061
9114.894154,0.245
9115.092154,0.301
9115.290154,0.335
9115.488153999999,0.333
9115.686153999999,0.373
9115.884154,0.41100000000000003
9116.082154,0.364
9116.280354,0.161
9116.478204,0.201
9116.676204,0.123
9116.874354,0.099
9117.072154,0.029
9117.270354,0.192
9117.468203999999,0.186
9117.666204,0.29
9117.864404,0.134
9118.062204,0.083
9118.260403999999,0.096
9118.458354,0.033
9118.656203999999,0.063
9118.854354,0.135
9119.054054,0.255
9119.250404,0.45
9119.448403999999,0.423
9119.646404,0.08600000000000001
9119.844404,0.251
9120.042404,0.432
9120.240404,0.379
9120.438404,0.29
9120.636403999999,0.227
9120.834404,0.176
9121.032454,0.295
9121.230653999999,0.199
9121.428453999999,0.21
9121.626454,0.209
9121.824604,0.244
9122.022454,0.252
9122.220653999999,0.28
9122.418654,0.39
9122.616654,0.158
9122.814654,0.254
9123.012504,0.34900000000000003
9123.210704,0.315
9123.408704,0.361
9123.606603999999,0.23500000000000001
9123.804654,0.088
9124.002604,0.251
9124.200703999999,0.437
9124.398704,0.555
9124.596604,0.225
9124.794603999999,0.295
9124.992654,0.502
9125.190754,0.461
9125.388754,0.356
9125.586904,0.257
9125.786404,0.34
9125.982654,0.419
9126.180903999999,0.42
9126.378654,0.116
9126.576904,0.153
9126.774904,0.291
9126.972803999999,0.45
9127.170903999999,0.293
9127.368954,0.318
9127.566703999999,0.196
9127.764904,0.128
9127.962704,0.267
9128.160904,0.328
9128.358954,0.263
9128.556954,0.3
9128.754954,0.254
9128.954803999999,0.152
9129.150953999999,0.10400000000000001
9129.348954,0.076
9129.547104,0.165
9129.942254,0.315
9130.140254,0.506
9130.338254,0.518
9130.536204,0.585
9130.734204,0.48
9130.932254,0.61
9131.130454,0.543
9131.328254,0.363
9131.526254,0.395
9131.724504,0.333
9131.922254,0.185
9132.120504,0.148
9132.318503999999,0.152
9132.516254,0.216
9132.714504,0.131
9132.912504,0.171
9133.110504,0.301
9133.308503999999,0.165
9133.506304,0.241
9133.704854,0.222
9133.902554,0.274
9134.100504,0.201
9134.298504,0.116
9134.496503999999,0.008
9134.696154,0.124
9135.288553999999,0.297
9135.486554,0.292
9135.684704,0.289
9135.882554,0.402
9136.080554,0.418
9136.278554,0.356
9136.476553999999,0.327
9136.675503999999,0.301
9136.872604,0.294
9137.070754,0.314
9137.268753999999,0.462
9137.466604,0.339
9137.664754,0.309
9137.862754,0.219
9138.060754,0.178
9138.260354,0.043000000000000003
9138.456603999999,0.08700000000000001
9138.654804,0.302
9138.852754,0.523
9139.050804,0.649
9139.248803999999,0.798
9139.446804,0.9580000000000001
9139.644804,1.19
9139.842754,1.808
9140.040954,2.138
9140.239854,2.458
9140.436803999999,2.783
9140.636154,3.114
9140.832804,3.257
9141.031054,3.34
9141.228804,3.4010000000000002
9141.426803999999,3.3850000000000002
9141.624953999999,3.645
9141.822804,4.023
9142.021104,4.51
9142.219104,4.94
9142.418554,5.198
9142.615004,5.344
9142.813103999999,5.367
9143.011104,5.573
9143.209104,5.476
9143.408404,5.613
9143.605104,5.987
9143.803103999999,6.172
9144.001154,6.38
9144.199053999999,6.6370000000000005
9144.397154,6.829
9144.595054,7.488
9144.793054,7.886
9144.991254,8.111
9145.189054,8.413
9145.387804,8.643
9145.585254,8.61
9145.783054,8.763
9145.981303999999,8.908
9146.179304,9.082
9146.377154,9.289
9146.575304,9.423
9146.773154,9.519
9146.971303999999,9.673
9147.367204,9.959
9147.565354,10.034
9147.961104,10.322000000000001
9148.159354,10.63
9148.755054,10.644
9148.951353999999,10.931000000000001
9149.149354,10.677
9149.742604,10.755
9150.534654,10.854000000000001
9150.732654,10.824
9150.930654,10.905
9151.128853999999,10.962
9151.326654,11.016
9151.524653999999,10.96
9151.722854,10.67
9151.920654,10.698
9152.118903999999,10.75
9152.316654,10.637
9152.514904,10.76
9152.712904,10.799
9152.910704,10.819
9153.108903999999,10.462
9153.306904,10.44
9153.506304,10.431000000000001
9153.702904,10.39
9153.900904,10.412
9154.098954,10.596
9154.296954,10.688
9154.494703999999,10.725
9154.692954,10.698
9154.890954,10.513
9155.090504,10.573
9155.286954,10.597
9155.484954,10.823
9155.682954,10.821
9155.880954,10.765
9156.079154,10.66
9156.277004,10.588000000000001
9156.475004,10.516
9156.673154,10.386000000000001
9156.870954,10.406
9157.069153999999,10.56
9157.267004,10.582
9157.465154,10.502
9157.663904,10.66
9157.861004,10.746
9158.059154,10.98
9158.257153999999,11.007
9158.455004,10.841000000000001
9158.653154,10.97
9158.851154,11.14
9159.049203999999,11.234
9159.247204,11.39
9159.445204,11.492
9159.643204,11.548
9159.841204,11.624
9160.039203999999,11.699
9160.237204,11.606
9160.435204,11.685
9160.633204,11.582
9160.831204,11.569
9161.029354,11.618
9161.227203999999,11.645
9161.425404,11.626
9161.623404,11.721
9161.822954,11.85
9162.019454,11.799
9162.217454,11.69
9162.415254,11.82
9162.613404,11.982000000000001
9162.811254,11.979000000000001
9163.009504,12.176
9163.207504,12.201
9163.407154,12.178
9163.603503999999,12.315
9163.801404,12.27
9163.999504,12.166
9164.197404,12.007
9164.397154,11.912
9164.593504,12.053
9164.791554,11.942
9164.989653999999,12.088000000000001
9165.187554,12.148
9165.385554,12.171
9165.583454,12.268
9165.781454,12.247
9165.980404,12.228
9166.177554,12.216000000000001
9166.375704,12.312
9166.574854,12.362
9166.771504,12.167
9166.969704,12.184000000000001
9167.169103999999,12.339
9167.365704,12.362
9167.563704,12.435
9167.761704,12.496
9167.959703999999,12.473
9168.157754,12.361
9168.355604,12.178
9168.553754,12.19
9168.751753999999,12.275
9168.949754,12.24
9169.147754,12.076
9169.347554,12.277000000000001
9169.741004,12.173
9169.939054,12.231
9170.137004,12.176
9170.335004,12.26
9170.533003999999,12.123000000000001
9170.731054,12.096
9170.929054,12.073
9171.127304,12.068
9171.325053999999,12.054
9171.523054,12.023
9171.721054,11.922
9171.919054,11.979000000000001
9172.117304,11.949
9172.315053999999,11.790000000000001
9172.513304,11.761000000000001
9172.711304,11.745000000000001
9172.909104,11.737
9173.107304,11.626
9173.305304,11.548
9173.503354,11.485
9173.701304,11.36
9173.899104,11.358
9174.097303999999,11.222
9174.295354,11.302
9174.493104,11.19
9174.691353999999,11.087
9174.889503999999,11.01
9175.087354,10.903
9175.285354,10.822000000000001
9175.485104,10.763
9175.681354,10.729000000000001
9175.879353999999,10.553
9176.077354,10.574
9176.275354,10.421
9176.473554,10.298
9176.671354,10.105
9176.869404,9.917
9177.068754,9.519
9177.265404,9.323
9177.463554,9.126
9177.661554,8.851
9177.859553999999,8.581
9178.057553999999,8.299
9178.257254,8.112
9178.453604,7.923
9178.651603999999,7.7410000000000005
9178.851304,7.534
9179.047604,7.599
9179.245604,7.569
9179.443554,6.731
9179.641554,6.171
9179.839603999999,6.0520000000000005
9180.037604,5.838
9180.235604,5.66
9180.433754,5.714
9180.631604,5.763
9180.829854,5.609
9181.027854,5.744
9181.227004,5.798
9181.423853999999,5.704
9181.621654,5.638
9181.819854,5.546
9182.017904,5.566
9182.217454,5.522
9182.413804,5.753
9182.611804,5.969
9182.809653999999,6.381
9183.007854,6.687
9183.205904,6.923
9183.403804,7.107
9183.601804,7.4270000000000005
9183.800054,7.324
9183.997904,7.3500000000000005
9184.195904,7.68
9184.394704,7.843
9184.591854,8.114
9184.790054,8.128
9184.987904,8.402000000000001
9185.185854,8.909
9185.384054,9.03
9185.581804,9.311
9185.779854,9.335
9185.978104,9.553
9186.175954,9.587
9186.374104,9.629
9186.571854,10.040000000000001
9186.770104,9.93
9186.968104,10.104000000000001
9187.166003999999,10.38
9187.364153999999,10.608
9187.562154,10.745000000000001
9187.760154,10.879
9187.958154,10.894
9188.156154,10.883000000000001
9188.355803999999,11.092
9188.552104,11.038
9188.750304,11.137
9188.948154,11.455
9189.343404,11.278
9189.739404,11.188
9189.937404,11.518
9190.135753999999,11.69
9190.333654,11.704
9190.532353999999,11.548
9190.729454,11.342
9190.927654,11.067
9191.126954,11.162
9191.323454,11.005
9191.521654,10.954
9191.719454,10.939
9191.917704,11.040000000000001
9192.115453999999,11.081
9192.313504,11.498000000000001
9192.511704,11.661
9192.709454,11.81
9192.907704,12.007
9193.105704,12.111
9193.303704,12.001
9193.501704,11.976
9193.699703999999,11.874
9193.897754,11.818
9194.095754,11.641
9194.293754,11.423
9194.491753999999,11.502
9194.689753999999,11.501
9194.887754,11.553
9195.085754,11.496
9195.283904,11.625
9195.481754,11.568
9195.679753999999,11.593
9195.878304,11.531
9196.075804,11.447000000000001
9196.273754,11.421
9196.471904,11.488
9196.669754,11.421
9196.868604,11.458
9197.065804,11.594
9197.263804,11.403
9197.461954,11.512
9197.659803999999,11.66
9197.858304,11.557
9198.055954,11.58
9198.253954,11.433
9198.451954,11.405
9198.649954,11.494
9198.849054,11.582
9199.045954,11.711
9199.244104,11.82
9199.442353999999,11.947000000000001
9199.640003999999,11.885
9199.839904,11.766
9200.036004,11.845
9200.234004,11.884
9200.432004,12.079
9200.629954,12.169
9200.828254,11.933
9201.026054,11.917
9201.224154,11.773
9201.422254,11.976
9201.620053999999,11.953
9201.818254,11.829
9202.016153999999,11.781
9202.214154,11.811
9202.412154,11.722
9202.610053999999,11.763
9202.808304,11.706
9203.007404,11.64
9203.204054,11.577
9203.402204,11.691
9203.600204,11.774000000000001
9203.798304,11.755
9203.996304,11.587
9204.194454,11.546
9204.392303999999,11.572000000000001
9204.590304,11.594
9204.788454,11.712
9204.986254,11.852
9205.184503999999,12.05
9205.382254,12.048
9205.580254,12.104000000000001
9205.778504,12.305
9205.976354,12.290000000000001
9206.174454,12.229000000000001
9206.372503999999,12.237
9206.570254,12.551
9206.768504,12.466000000000001
9206.968304,12.387
9207.164504,12.649000000000001
9207.362503999999,12.507
9207.560504,12.663
9207.758504,12.692
9207.956554,12.712
9208.156353999999,12.621
9208.352554,12.525
9208.550554,12.585
9208.748554,12.828
9209.143804,12.786
9209.539804,12.754
9209.738003999999,12.918000000000001
9209.935803999999,12.97
9210.133804,13.014000000000001
9210.332054,12.792
9210.529804,12.944
9210.728804,12.9
9210.925854,13.118
9211.123854,13.397
9211.322054,13.293000000000001
9211.519854,13.075000000000001
9211.717854,13.072000000000001
9211.916104,13.124
9212.113854,13.097
9212.312054,13.048
9212.510054,12.945
9212.708104,12.865
9212.906104,12.942
9213.104104,12.939
9213.302104,12.877
9213.500103999999,12.914
9213.697903999999,12.826
9213.896853999999,12.819
9214.094104,12.941
9214.292104,12.86
9214.490104,12.948
9214.688103999999,12.968
9214.886154,12.995000000000001
9215.084154,12.893
9215.282304,12.853
9215.480153999999,12.69
9215.678304,12.568
9215.876154,12.598
9216.074154,12.612
9216.272304,12.567
9216.470153999999,12.649000000000001
9216.668204,12.608
9216.866354,12.565
9217.064204,12.544
9217.262354,12.544
9217.460353999999,12.495000000000001
9217.658153999999,12.578
9217.856354,12.487
9218.054354,12.51
9218.252354,12.64
9218.450404,12.646
9218.648404,12.661
9218.846354,12.785
9219.044354,12.803
9219.242354,12.729000000000001
9219.442004,12.635
9219.638604,12.543000000000001
9219.836404,12.673
9220.034404,12.754
9220.232554,12.819
9220.430403999999,12.827
9220.628404,12.8
9220.826654,12.794
9221.024404,12.755
9221.222554,12.873000000000001
9221.420404,12.816
9221.620304,12.646
9221.816703999999,12.674
9222.014454,12.673
9222.212604,12.58
9222.410603999999,12.587
9222.608654,12.508000000000001
9222.806654,12.413
9223.004604,12.456
9223.202653999999,12.33
9223.400604,12.354000000000001
9223.598603999999,12.326
9223.796704,12.264000000000001
9223.994703999999,12.228
9224.192654,12.224
9224.391604,12.057
9224.588854,11.96
9224.786603999999,11.950000000000001
9224.986353999999,12.052
9225.182853999999,11.968
9225.380754,12.011000000000001
9225.578854,11.84
9225.776904,11.751
9225.976454,11.749
9226.172904,11.745000000000001
9226.370904,11.902000000000001
9226.568904,11.837
9226.766904,11.549
9226.964753999999,11.46
9227.162903999999,11.375
9227.360854,11.481
9227.558904,11.537
9227.756904,11.668000000000001
9227.955054,11.669
9228.152904,11.562
9228.350903999999,11.456
9228.549054,11.72
9228.746954,11.631
9229.142204,11.653
9229.340204,11.562
9229.538204,11.368
9229.736203999999,11.492
9229.934204,11.543000000000001
9230.132404,11.708
9230.330204,11.538
9230.528253999999,11.822000000000001
9230.726454,11.73
9230.924203999999,11.809000000000001
9231.122454,11.657
9231.320453999999,11.533
9231.518753999999,11.475
9231.716504,11.689
9231.914254,11.579
9232.112454,11.481
9232.310504,11.53
9232.508254,11.397
9232.707354,11.458
9232.904504,11.518
9233.102504,11.628
9233.300503999999,11.617
9233.498504,11.581
9233.697354,11.437
9233.894504,11.618
9234.092654,11.525
9234.291554,11.495000000000001
9234.488554,11.429
9234.686504,11.335
9234.884504,11.554
9235.082553999999,11.544
9235.280504,11.439
9235.478554,11.465
9235.676704,11.379
9235.874554,11.588000000000001
9236.072704,11.338000000000001
9236.270704,11.233
9236.469454,11.048
9236.666704,10.902000000000001
9236.864704,11.077
9237.062753999999,11.092
9237.260753999999,11.037
9237.458604,10.855
9237.656754,10.641
9237.854754,10.763
9238.052754,10.391
9238.251604,10.265
9238.448754,10.119
9238.646754,10.018
9238.846354,9.975
9239.042904,9.867
9239.240804,9.620000000000001
9239.438804,9.545
9239.637004,9.28
9239.836454,9.096
9240.032904,9.05
9240.230754,8.719
9240.428804,8.444
9240.627004,8.097
9240.824804,7.767
9241.022954,7.372
9241.220954,7.251
9241.418803999999,6.899
9241.617054,6.713
9241.815053999999,6.522
9242.014704,6.048
9242.211054,5.882000000000001
9242.408954,5.364
9242.607054,5.231
9242.805004,5.073
9243.003004,4.648
9243.201004,4.48
9243.399003999999,4.112
9243.597104,3.826
9243.795054,3.854
9243.993253999999,3.882
9244.191004,3.908
9244.389003999999,3.924
9244.587254,4.0360000000000005
9244.785154,4.018
9244.983253999999,3.781
9245.181254,3.783
9245.379053999999,3.886
9245.577254,4.126
9245.775153999999,4.45
9245.973254,5.001
9246.171253999999,5.392
9246.370404,5.735
9246.567304,6.114
9246.765304,6.531
9246.963303999999,7.307
9247.161304,7.652
9247.359304,7.634
9247.557954,7.905
9247.755353999999,8.05
9247.953303999999,8.122
9248.151953999999,8.25
9248.547354,8.418000000000001
9248.745353999999,8.708
9249.338604,8.979000000000001
9249.538254,9.194
9249.734604,9.522
9249.932604,9.698
9250.130853999999,9.918000000000001
9250.328604,9.915000000000001
9250.526854,9.961
9250.724603999999,10.243
9250.922654,10.386000000000001
9251.120853999999,10.605
9251.318653999999,10.782
9251.516904,10.842
9251.714854,10.906
9251.912654,10.897
9252.110854,10.932
9252.308853999999,11.094
9252.506653999999,11.17
9252.704904,11.283
9252.902904,11.642
9253.100903999999,11.473
9253.298904,11.67
9253.498554,11.53
9253.694904,11.629
9253.892904,11.819
9254.090903999999,12.044
9254.288904,12.05
9254.486904,12.167
9254.684954,12.121
9254.882953999999,12.164
9255.081103999999,12.268
9255.278954,12.503
9255.478954,12.535
9255.674954,12.662
9255.872954,12.639000000000001
9256.071854,12.658
9256.268954,12.616
9256.467154,12.512
9256.665304,12.513
9256.863003999999,12.622
9257.061153999999,12.656
9257.259103999999,12.700000000000001
9257.457154,12.864
9257.655154,12.865
9257.853154,12.852
9258.051153999999,12.99
9258.250804,12.96
9258.447004,13.034
9258.645154,13.047
9258.843154,12.831
9259.041154,12.858
9259.239153999999,12.752
9259.437304,12.768
9259.635154,12.682
9259.833204,12.524000000000001
9260.031454,12.534
9260.229204,12.548
9260.428154,12.531
9260.625354,12.569
9260.823204,12.536
9261.021604,12.541
9261.219203999999,12.553
9261.417254,12.425
9261.615453999999,12.458
9261.813253999999,12.555
9262.011454,12.481
9262.209404,12.369
9262.407404,12.492
9262.605404,12.499
9262.803404,12.402000000000001
9263.002454,12.445
9263.199504,12.453
9263.397604,12.357000000000001
9263.595503999999,12.425
9263.793504,12.562
9263.991504,12.526
9264.189454,12.684000000000001
9264.387504,12.841000000000001
9264.585404,12.81
9264.785204,12.801
9264.981654,12.914
9265.179404,12.734
9265.377654,12.694
9265.575654,12.476
9265.773554,12.271
9265.971704,12.252
9266.169704,12.383000000000001
9266.367704,12.424
9266.565654,12.513
9266.763454,12.547
9266.961653999999,12.565
9267.159704,12.687
9267.358103999999,12.635
9267.555704,12.706
9267.753703999999,12.678
9267.951704,12.647
9268.149704,12.712
9268.347854,12.695
9268.743004,12.8
9269.139003999999,12.735
9269.337003999999,12.798
9269.535004,12.821
9269.733004,12.816
9269.931004,12.83
9270.129754,12.885
9270.327003999999,12.808
9270.525654,12.701
9270.723004,12.716000000000001
9270.921253999999,12.614
9271.119754,12.567
9271.317054,12.484
9271.516904,12.488
9271.713054,12.392
9271.911054,12.26
9272.109253999999,12.031
9272.307053999999,11.983
9272.505304,11.974
9272.703303999999,11.831
9272.901054,11.706
9273.099253999999,11.703
9273.297254,11.884
9273.495304,11.815
9273.693304,11.946
9273.891453999999,11.403
9274.089304,11.264
9274.287304,11.265
9274.485304,10.721
9274.683304,10.421
9274.881454,10.368
9275.079303999999,10.019
9275.278704,9.637
9275.475504,9.311
9275.673354,8.703
9275.871353999999,8.681000000000001
9276.069504,8.447000000000001
9276.267354,7.944
9276.465504,7.817
9276.663504,7.737
9276.861504,7.449
9277.060354,7.1770000000000005
9277.257354,6.884
9277.455554,6.524
9277.653554,6.194
9277.852853999999,5.98
9278.049554,5.913
9278.247554,5.995
9278.445554,6.1080000000000005
9278.643554,6.037
9278.841553999999,6.133
9279.039553999999,6.2330000000000005
9279.237554,6.105
9279.435803999999,6.33
9279.633603999999,6.498
9279.831804,6.5600000000000005
9280.029553999999,6.382000000000001
9280.227554,6.566
9280.425804,7.051
9280.625304,7.1770000000000005
9280.821753999999,7.328
9281.019704,7.423
9281.217604,7.535
9281.415853999999,7.623
9281.613854,7.49
9281.811604,7.398000000000001
9282.009753999999,7.4750000000000005
9282.207754,7.513
9282.405853999999,7.601
9282.603853999999,7.722
9282.801803999999,7.547000000000001
9282.999854,7.606
9283.197804,7.673
9283.395854,7.707
9283.593804,7.867
9283.792003999999,8.095
9283.989803999999,8.378
9284.187804,8.487
9284.386403999999,8.407
9284.583904,8.761000000000001
9284.781904,8.86
9284.980054,8.915000000000001
9285.177803999999,9.346
9285.376204,9.418000000000001
9285.573903999999,9.638
9285.772054,9.851
9285.971204,10.257
9286.167954,10.667
9286.366103999999,10.701
9286.565703999999,10.637
9286.762104,10.743
9286.960104,10.747
9287.158104,10.863
9287.356104,11.088000000000001
9287.554103999999,11.124
9287.751954,11.224
9287.950104,11.411
9288.148254,11.288
9288.543354,11.267
9288.741354,11.193
9288.939354,11.124
9289.137404,11.282
9289.335604,11.14
9289.533404,11.173
9289.731404,11.195
9289.929654,11.248000000000001
9290.127403999999,11.347
9290.325404,11.381
9290.523404,11.377
9290.721404,11.405
9290.919654,11.620000000000001
9291.117454,11.65
9291.316404,11.664
9291.513654,11.782
9291.711454,11.829
9291.909654,11.889000000000001
9292.107654,11.868
9292.305454,11.921
9292.503703999999,12.06
9292.702153999999,12.113
9292.899704,12.243
9293.097704,12.134
9293.295454,12.246
9293.493704,12.214
9293.691703999999,12.432
9293.889704,12.465
9294.087704,12.454
9294.285854,12.427
9294.483704,12.507
9294.681703999999,12.524000000000001
9294.879904,12.589
9295.079354,12.564
9295.275904,12.59
9295.473904,12.530000000000001
9295.671704,12.649000000000001
9295.869904,12.748000000000001
9296.067754,12.708
9296.265904,12.705
9296.463904,12.671000000000001
9296.661753999999,12.677
9296.859903999999,12.583
9297.057904,12.549
9297.255904,12.668000000000001
9297.453904,12.700000000000001
9297.651953999999,12.726
9297.849954,12.665000000000001
9298.049554,12.759
9298.246204,12.607000000000001
9298.443954,12.584
9298.641953999999,12.629
9298.839954,12.533
9299.037954,12.664
9299.236203999999,12.865
9299.433954,12.959
9299.631954,13.123000000000001
9299.830103999999,12.964
9300.029654,12.945
9300.226254,12.878
9300.424704,12.807
9300.622003999999,12.854000000000001
9300.820204,12.744
9301.018004,12.700000000000001
9301.216204,12.573
9301.414203999999,12.478
9301.612003999999,12.499
9301.810153999999,12.487
9302.008204,12.31
9302.206004,12.331
9302.404254,12.161
9302.602254,12.285
9302.800254,12.354000000000001
9302.998153999999,12.426
9303.198004,12.304
9303.394253999999,12.352
9303.592304,12.186
9303.790203999999,12.223
9303.988304,12.226
9304.188154,12.224
9304.384304,12.301
9304.582204,12.465
9304.780454,12.334
9304.978204,12.317
9305.176204,12.544
9305.374453999999,12.275
9305.572354,12.469
9305.770954,12.501
9305.968504,12.529
9306.166454,12.514000000000001
9306.364504,12.453
9306.562354,12.528
9306.761654,12.369
9306.958504,12.536
9307.156503999999,12.632
9307.354503999999,12.501
9307.552504,12.489
9307.750504,12.487
9308.145754,12.477
9308.541754,12.475
9308.739803999999,12.418000000000001
9308.937753999999,12.442
9309.135753999999,12.509
9309.334504,12.635
9309.531804,12.641
9309.729803999999,12.67
9309.927803999999,12.67
9310.125804,12.559000000000001
9310.324053999999,12.443
9310.521804,12.478
9310.719804,12.604000000000001
9310.918054,12.627
9311.115804,12.653
9311.314654,12.544
9311.512004,12.563
9311.710054,12.625
9311.908054,12.713000000000001
9312.105854,12.884
9312.304103999999,12.952
9312.502053999999,12.769
9312.699854,12.569
9312.899054,12.594
9313.096054,12.591000000000001
9313.294103999999,12.655000000000001
9313.492103999999,12.708
9313.690104,12.745000000000001
9313.889204,12.77
9314.086104,12.626
9314.284254,12.743
9314.482103999999,12.602
9314.680104,12.538
9314.878104,12.552
9315.076104,12.540000000000001
9315.274254,12.675
9315.472303999999,12.632
9315.868304,12.433
9316.066154,12.478
9316.264304,12.624
9316.462303999999,12.577
9316.660154,12.651
9316.858304,12.626
9317.056154,12.658
9317.254304,12.612
9317.452354,12.77
9317.650504,12.702
9317.848354,12.67
9318.046354,12.43
9318.244304,12.501
9318.442353999999,12.436
9318.640354,12.431000000000001
9318.838354,12.511000000000001
9319.036354,12.46
9319.236203999999,12.551
9319.432354,12.444
9319.630353999999,12.461
9319.828604,12.427
9320.026404,12.485
9320.224603999999,12.362
9320.422403999999,12.392
9320.620404,12.564
9320.818554,12.44
9321.018454,12.184000000000001
9321.214654,12.153
9321.412654,12.019
9321.610404,11.997
9321.808554,11.678
9322.006554,11.711
9322.204654,11.6
9322.402654,11.581
9322.600454,11.466000000000001
9322.798553999999,11.531
9322.996604,11.302
9323.194803999999,11.134
9323.392654,11.105
9323.590654,11.344
9323.788553999999,11.157
9323.986604,10.989
9324.184804,11.002
9324.382704,11.03
9324.580704,10.892
9324.778854,10.878
9324.976854,10.495000000000001
9325.174853999999,10.462
9325.372854,10.307
9325.570704,10.251
9325.768854,10.132
9325.968554,9.954
9326.164853999999,10.021
9326.362954,9.814
9326.560854,9.474
9326.758904,9.499
9326.957054,9.411
9327.156604,9.315
9327.352853999999,9.378
9327.552754,9.403
9327.946154,9.058
9328.144154,8.953
9328.342154,8.742
9328.540154,8.522
9328.738153999999,7.917
9328.936153999999,8.188
9329.134404,7.914000000000001
9329.332204,7.378
9329.530203999999,7.614
9329.728404,7.694
9329.926204,7.817
9330.124404,8.254
9330.322204,8.429
9330.520204,8.584
9330.718404,9.006
9330.916404,9.19
9331.114454,9.297
9331.312453999999,9.439
9331.510204,9.446
9331.709554,9.531
9331.906454,9.602
9332.104454,9.641
9332.302453999999,9.958
9332.500453999999,9.734
9332.698454,10.11
9332.896454,10.26
9333.094654,10.384
9333.294054,10.636000000000001
9333.490504,10.577
9333.688504,10.581
9333.886454,10.866
9334.084454,10.958
9334.282653999999,11.056000000000001
9334.480504,10.997
9334.678504,11.040000000000001
9334.876504,11.223
9335.074703999999,11.271
9335.272654,11.186
9335.470503999999,11.09
9335.668654,11.153
9335.868253999999,11.129
9336.064704,11.246
9336.262703999999,11.312
9336.460704,11.236
9336.658704,11.099
9336.856704,11.035
9337.054704,10.792
9337.252704,10.299
9337.450703999999,10.317
9337.648704,10.323
9337.846754,10.455
9338.044953999999,10.657
9338.242753999999,10.793000000000001
9338.440754,10.874
9338.638904,10.802
9338.836754,11.034
9339.034953999999,11.137
9339.232753999999,11.181000000000001
9339.430753999999,11.259
9339.628904,11.309000000000001
9339.826904,11.147
9340.025004,11.299
9340.224654,11.482000000000001
9340.420804,11.299
9340.618804,11.309000000000001
9340.816954,11.317
9341.015003999999,11.305
9341.213004,11.377
9341.410804,11.368
9341.608903999999,11.587
9341.806954,11.337
9342.005204,11.288
9342.203054,11.424
9342.401054,11.328
9342.598954,11.424
9342.796954,11.408
9342.995203999999,11.533
9343.193054,11.57
9343.391054,11.567
9343.589054,11.76
9343.787004,11.963000000000001
9343.985254,12.051
9344.183254,12.104000000000001
9344.381054,12.123000000000001
9344.579204,12.079
9344.778704,12.093
9344.975204,12.055
9345.173254,12.086
9345.371104,12.152000000000001
9345.569254,12.335
9345.767254,12.164
9345.967004,12.162
9346.163254,12.133000000000001
9346.361254,12.282
9346.559104,12.216000000000001
9346.757254,12.355
9346.955254,12.336
9347.153253999999,12.369
9347.351304,12.232000000000001
9347.550054,12.194
9347.944554,12.119
9348.144004,12.101
9348.340554,12.153
9348.539804,12.315
9348.736554,12.157
9348.934554,12.105
9349.132803999999,12.194
9349.330554,11.907
9349.528554,12.039
9349.726804,12.089
9349.924604,12.02
9350.122803999999,11.99
9350.320604,11.97
9350.519604,11.919
9350.716804,11.976
9350.914604,11.686
9351.112804,11.457
9351.310803999999,11.529
9351.509204,11.451
9351.706854,11.209
9351.904854,11.151
9352.102853999999,11.203
9352.300854,11.120000000000001
9352.499404,11.109
9352.696854,11.066
9352.894854,10.938
9353.093004,10.825000000000001
9353.290853999999,10.821
9353.488854,10.935
9353.686854,11.005
9353.884904,10.753
9354.083053999999,10.551
9354.280904,10.525
9354.478904,10.471
9354.676904,10.307
9354.874904,10.398
9355.073054,10.1
9355.271053999999,9.953
9355.468954,9.907
9355.668754,9.833
9355.864953999999,9.732
9356.063103999999,9.619
9356.261104,9.559000000000001
9356.458904,9.393
9356.657104,8.465
9356.855104,7.4990000000000006
9357.053103999999,7.432
9357.251103999999,7.3
9357.449154,7.494
9357.648754,7.5
9357.845104,7.25
9358.043104,7.101
9358.241103999999,7.123
9358.439104,6.988
9358.638853999999,7.0600000000000005
9358.835154,6.9110000000000005
9359.033354,6.756
9359.231154,6.618
9359.429154,6.353
9359.628504,6.205
9359.825154,6.377
9360.023404,6.3500000000000005
9360.222854,6.43
9360.419154,6.383
9360.617304,6.343
9360.816853999999,6.425
9361.013404,6.315
9361.211404,6.431
9361.409204,6.331
9361.607354,6.623
9361.805354,6.7090000000000005
9362.003404,6.6160000000000005
9362.201404,6.546
9362.399454,6.477
9362.597354,6.6770000000000005
9362.795354,6.55
9362.993604,7.069
9363.191454,7.266
9363.389554,7.393
9363.587354,7.431
9363.785354,7.385
9363.984454,7.446
9364.181454,7.577
9364.379454,7.686
9364.577954,7.748
9364.775404,7.738
9364.973654,7.925
9365.171654,8.045
9365.369504,8.125
9365.569104,8.233
9365.765404,8.372
9365.963654,8.413
9366.161654,8.438
9366.359654,8.544
9366.557703999999,8.539
9366.755853999999,8.609
9366.953653999999,8.603
9367.151654,8.558
9367.349654,8.468
9367.746054,8.689
9367.942954,8.532
9368.140954,8.559000000000001
9368.338953999999,8.563
9368.536954,8.652000000000001
9368.734954,8.68
9368.932954,8.791
9369.130954,8.700000000000001
9369.328953999999,8.602
9369.527004,8.641
9369.725004,8.652000000000001
9369.923203999999,8.443
9370.121204,8.317
9370.319754,8.324
9370.517204,8.252
9370.715204,8.251
9370.913204,8.323
9371.111203999999,8.177
9371.309353999999,8.151
9371.507254,7.995
9371.705254,7.922000000000001
9371.903253999999,7.86
9372.101254,7.844
9372.299254,7.5
9372.497054,7.348
9372.695254,7.211
9372.893404,7.0280000000000005
9373.091253999999,6.742
9373.289304,6.591
9373.488904,6.248
9373.685254,6.085
9373.883404,5.909
9374.081454,5.684
9374.279254,5.377
9374.477454,5.142
9374.675304,4.703
9374.873303999999,4.807
9375.071453999999,4.831
9375.269304,4.564
9375.467454,4.116
9375.665454,3.826
9375.863454,3.757
9376.061453999999,3.73
9376.259504,3.613
9376.457504,3.6430000000000002
9376.655504,3.557
9376.853503999999,3.505
9377.051504,3.725
9377.250753999999,3.638
9377.447504,3.431
9377.645504,3.463
9377.843703999999,3.349
9378.041503999999,3.225
9378.239704,2.9330000000000003
9378.437554,2.641
9378.635554,2.332
9378.833754,2.606
9379.031503999999,2.714
9379.229503999999,3.168
9379.427704,3.056
9379.625704,3.0220000000000002
9379.823754,3.06
9380.021804,3.1430000000000002
9380.220454,2.936
9380.417704,3.12
9380.615704,3.262
9380.813554,3.271
9381.011804,3.181
9381.210954,3.227
9381.407604,3.5380000000000003
9381.605754,3.723
9381.803953999999,4.049
9382.001854,4.157
9382.199854,4.493
9382.397754,4.648
9382.595754,4.714
9382.794004,4.855
9382.991804,4.833
9383.189854,5.023
9383.388104,5.235
9383.585754,5.199
9383.783754,5.2
9383.982004,5.283
9384.179854,5.388
9384.378254,5.221
9384.575804,5.503
9384.774003999999,5.888
9384.973654,6.065
9385.169904,6.5200000000000005
9385.368004,7.104
9385.567704,7.425
9385.764054,7.557
9385.962054,7.896
9386.160054,8.046
9386.358054,8.325
9386.556053999999,8.641
9386.754053999999,8.779
9386.952054,8.729000000000001
9387.150054,8.85
9387.545304,8.954
9387.743304,9.19
9387.941304,9.119
9388.139304,9.129
9388.337354,9.241
9388.535354,9.273
9388.733354,9.306000000000001
9388.931604,9.322000000000001
9389.130454,9.115
9389.327354,9.099
9389.525554,9.0
9389.723354,9.025
9389.921604,9.015
9390.119404,8.989
9390.317404,8.868
9390.515604,8.722
9390.713603999999,8.755
9390.911603999999,8.682
9391.109604,8.68
9391.307404,8.549
9391.505604,8.449
9391.703604,8.417
9391.901654,8.362
9392.099654,8.311
9392.297403999999,8.105
9392.495654,7.867
9392.693653999999,7.713
9392.891803999999,7.385
9393.089654,7.187
9393.289304,6.9430000000000005
9393.485654,6.9510000000000005
9393.683654,6.723
9393.881854,6.596
9394.079704,6.328
9394.277704,5.566
9394.475854,5.054
9394.673703999999,4.809
9394.871853999999,4.323
9395.069854,4.001
9395.267704,3.5140000000000002
9395.465854,3.386
9395.663703999999,2.845
9395.861904,2.493
9396.059904,2.199
9396.257704,1.624
9396.455854,1.217
9396.653854,0.9540000000000001
9396.851904,0.964
9397.049904,0.8310000000000001
9397.248554,0.591
9397.445904,0.423
9397.643904,0.276
9397.841903999999,0.3
9398.039904,0.166
9398.237904,0.308
9398.436054,0.234
9398.633904,0.17400000000000002
9398.833854,0.08700000000000001
9399.029903999999,0.058
9399.227954,0.256
9399.426054,0.097
9399.623953999999,0.116
9399.822154,0.249
9400.019954,0.34
9400.217954,0.096
9400.416104,0.187
9400.614104,0.099
9400.812204,0.13
9401.010204,0.093
9401.208604,0.041
9401.406154,0.12
9401.604153999999,0.325
9401.802204,0.332
9402.000204,0.192
9402.199403999999,0.255
9402.396154,0.392
9402.594154,0.511
9402.792354,0.721
9402.990254,1.046
9403.189604,1.301
9403.386154,1.6540000000000001
9403.584154,1.966
9403.782404,2.321
9403.980404,2.878
9404.179253999999,3.078
9404.376403999999,3.182
9404.574154,3.5420000000000003
9404.772404,3.853
9404.970454,4.11
9405.168254,4.243
9405.366404,4.41
9405.564403999999,4.7170000000000005
9405.762404,5.195
9405.960404,5.274
9406.158554,5.404
9406.356453999999,5.64
9406.554454,5.527
9406.752454,5.484
9407.147703999999,5.917
9407.543704,5.907
9407.741753999999,6.139
9407.939753999999,6.174
9408.139353999999,6.416
9408.335954,6.776
9408.533704,6.957
9408.731754,7.066
9408.929753999999,7.136
9409.127754,7.3340000000000005
9409.325754,7.521
9409.523954,7.5760000000000005
9409.721754,7.647
9409.920004,7.676
9410.117753999999,7.726
9410.315754,7.729
9410.514003999999,7.7170000000000005
9410.712003999999,7.638
9410.910004,7.597
9411.107804,7.494
9411.306004,7.136
9411.504004,6.932
9411.702003999999,6.772
9411.900004,6.591
9412.098004,6.498
9412.296004,6.189
9412.494004,5.9350000000000005
9412.692004,5.659
9412.890054,5.623
9413.088054,5.37
9413.287753999999,5.526
9413.484054,5.046
9413.683554,4.598
9413.880204,4.448
9414.078054,4.316
9414.276204,4.141
9414.474054,3.79
9414.672304,3.48
9414.870254,3.353
9415.068104,3.352
9415.267654,3.231
9415.464254,3.274
9415.662103999999,3.376
9415.860254,3.5060000000000002
9416.058254,3.5780000000000003
9416.257754,3.899
9416.454254,3.823
9416.652253999999,3.8160000000000003
9416.850304,3.6390000000000002
9417.048304,3.342
9417.246454,3.372
9417.444254,3.5
9417.643704,3.791
9417.840304,3.598
9418.038304,3.551
9418.236454,3.632
9418.434304,3.624
9418.632303999999,3.636
9418.830304,3.98
9419.028304,3.989
9419.226454,4.242
9419.424454,3.975
9419.622754,4.2010000000000005
9419.820554,4.196
9420.018354,4.3340000000000005
9420.216553999999,4.464
9420.414504,4.509
9420.613304,4.456
9420.810604,4.564
9421.008603999999,4.581
9421.208204,4.742
9421.404504,4.759
9421.602504,4.78
9421.800604,4.741
9421.998604,4.662
9422.198054,4.601
9422.394554,4.542
9422.592754,4.479
9422.790754,4.289
9422.988604,4.253
9423.188404,4.376
9423.384554,4.245
9423.582754,4.228
9423.780754,4.237
9423.978654,4.186
9424.176803999999,4.259
9424.374554,4.3340000000000005
9424.572804,4.91
9424.772353999999,4.868
9424.968804,4.545
9425.166653999999,4.391
9425.364803999999,4.138
9425.562804,4.019
9425.760804,3.8770000000000002
9425.958854,3.762
9426.156853999999,3.724
9426.354854,3.4330000000000003
9426.553004,3.41
9426.750804,3.154
9427.146104,2.986
9427.344104,2.695
9427.542104,2.652
9427.740104,2.2720000000000002
9427.939804,2.341
9428.136104,2.37
9428.334304,2.1630000000000003
9428.532104,1.942
9428.730354,1.35
9428.928154,1.582
9429.126154,1.364
9429.324354,1.56
9429.522154,1.607
9429.720354,1.499
9429.918153999999,1.379
9430.116154,1.207
9430.314403999999,1.174
9430.512354,1.1
9430.710404,1.401
9430.908404,1.371
9431.106154,1.528
9431.304404,1.518
9431.502403999999,1.551
9431.700404,1.3880000000000001
9431.898404,1.488
9432.097554,1.59
9432.294404,1.412
9432.492403999999,1.468
9432.690553999999,1.5110000000000001
9432.888454,1.742
9433.088004,1.979
9433.284404,2.3040000000000003
9433.483403999999,2.1590000000000003
9433.680604,1.735
9433.878454,1.592
9434.076454,1.34
9434.274604,1.276
9434.473504,1.216
9434.670603999999,1.443
9434.868604,1.486
9435.067954,1.463
9435.264604,1.3980000000000001
9435.462454,1.326
9435.660654,1.306
9435.858654,1.133
9436.056654,0.918
9436.254654,0.86
9436.452653999999,0.981
9436.650654,0.8190000000000001
9436.848654,0.605
9437.048304,0.399
9437.244654,0.261
9437.442654,0.085
9437.640704,0.363
9437.838704,0.399
9438.038354,0.436
9438.234854,0.776
9438.432703999999,0.6910000000000001
9438.630904,0.795
9438.828704,0.72
9439.026704,0.723
9439.224854,0.734
9439.422703999999,0.962
9439.620954,1.484
9439.820704,2.091
9440.016754,2.0300000000000002
9440.214854,1.855
9440.412854,1.7830000000000001
9440.610954,1.418
9440.810704,1.4040000000000001
9441.006754,1.362
9441.204904,1.446
9441.403403999999,1.329
9441.601154,1.137
9441.799004,1.206
9441.997003999999,1.199
9442.194904,1.1480000000000001
9442.392904,1.095
9442.591154,1.079
9442.789004,1.022
9442.987054,1.108
9443.184954,0.993
9443.382953999999,0.998
9443.581204,1.124
9443.779154,0.97
9443.977154,0.978
9444.175154,0.9410000000000001
9444.372954,0.6950000000000001
9444.571704,0.615
9444.769204,0.707
9444.967203999999,0.495
9445.166854,0.266
9445.363003999999,0.18
9445.561204,0.107
9445.759204,0.40700000000000003
9445.957204,0.712
9446.155203999999,0.674
9446.353204,0.603
9446.551204,0.328
9446.749204,0.308
9447.144704,0.136
9447.342504,0.129
9447.540503999999,0.105
9447.738503999999,0.224
9447.936504,0.156
9448.134753999999,0.295
9448.332504,0.20600000000000002
9448.530754,0.296
9448.728754,0.248
9448.926504,0.318
9449.124754,0.213
9449.322753999999,0.159
9449.520553999999,0.116
9449.718754,0.07200000000000001
9449.916554,0.105
9450.114803999999,0.169
9450.312753999999,0.153
9450.510554,0.162
9450.708754,0.044
9450.906554,0.035
9451.104554,0.127
9451.302754,0.106
9451.500954,0.094
9451.699304,0.077
9451.896804,0.139
9452.094804,0.225
9452.292803999999,0.197
9452.491404,0.354
9452.688804,0.226
9452.886804,0.182
9453.085004,0.16
9453.282804,0.232
9453.480854,0.056
9453.679004,0.20700000000000002
9453.876854,0.08600000000000001
9454.075004,0.176
9454.274454,0.117
9454.471003999999,0.078
9454.669004,0.193
9454.867004,0.099
9455.065053999999,0.094
9455.263054,0.094
9455.461054,0.083
9455.660504,0.074
9455.857054,0.099
9456.055054,0.107
9456.253053999999,0.027
9456.451304,0.063
9456.649054,0.067
9456.847054,0.137
9457.045204,0.07200000000000001
9457.243053999999,0.083
9457.441304,0.015
9457.639054,0.04
9457.837054,0.054
9458.037004,0.036000000000000004
9458.233054,0.1
9458.431304,0.056
9458.629304,0.046
9458.827104,0.034
9459.025254,0.08
9459.223254,0.019
9459.421354,0.057
9459.619304,0.054
9459.817104,0.082
9460.017004,0.044
9460.213254,0.011
9460.411504,0.055
9460.609403999999,0.075
9460.807353999999,0.046
9461.005304,0.027
9461.203303999999,0.068
9461.403204,0.042
9461.599354,0.10400000000000001
9461.797354,0.089
9461.995304,0.11900000000000001
9462.193304,0.018000000000000002
9462.391554,0.069
9462.589554,0.084
9462.789104,0.08700000000000001
9462.985553999999,0.056
9463.183304,0.029
9463.383204,0.149
9463.579953999999,0.064
9463.777404,0.11900000000000001
9463.975553999999,0.052000000000000005
9464.173553999999,0.063
9464.371554,0.07200000000000001
9464.569604,0.081
9464.767603999999,0.03
9464.967254,0.049
9465.163553999999,0.07200000000000001
9465.361353999999,0.046
9465.559604,0.082
9465.757604,0.07100000000000001
9466.152854,0.1
9466.548853999999,0.112
9466.746853999999,0.08
9466.944854,0.06
9467.142904,0.059000000000000004
9467.340903999999,0.079
9467.538904,0.081
9467.736904,0.018000000000000002
9467.934904,0.047
9468.133104,0.062
9468.330904,0.069
9468.529154,0.061
9468.726904,0.05
9468.924904,0.027
9469.123153999999,0.024
9469.320904,0.042
9469.520604,0.066
9469.716903999999,0.073
9469.914904,0.065
9470.113153999999,0.023
9470.311153999999,0.041
9470.509154,0.033
9470.707204,0.042
9470.904954,0.037
9471.103154,0.039
9471.301204,0.036000000000000004
9471.499204,0.032
9471.698804,0.046
9471.895204,0.091
9472.093154,0.059000000000000004
9472.291204,0.058
9472.489354,0.026000000000000002
9472.687204,0.03
9472.885204,0.005
9473.083204,0.022
9473.281203999999,0.061
9473.481104,0.116
9473.677204,0.038
9473.875204,0.08600000000000001
9474.073403999999,0.038
9474.271254,0.033
9474.469404,0.08
9474.667404,0.064
9474.865254,0.053
9475.063404,0.057
9475.261553999999,0.051000000000000004
9475.459404,0.058
9475.657404,0.064
9475.855404,0.032
9476.053453999999,0.04
9476.252053999999,0.03
9476.449454,0.095
9476.647454,0.051000000000000004
9476.845454,0.076
9477.043453999999,0.054
9477.241453999999,0.064
9477.439654,0.055
9477.639154,0.07
9477.835454,0.039
9478.033604,0.024
9478.231504,0.033
9478.429704,0.09
9478.627454,0.03
9478.825454,0.017
9479.023604,0.024
9479.221854,0.034
9479.419704,0.056
9479.617753999999,0.058
9479.815504,0.058
9480.013654,0.069
9480.211653999999,0.044
9480.409754,0.019
9480.607753999999,0.036000000000000004
9480.805504,0.035
9481.003654,0.077
9481.201654,0.026000000000000002
9481.399904,0.07100000000000001
9481.599354,0.028
9481.795753999999,0.081
9481.993704,0.036000000000000004
9482.191703999999,0.08
9482.389904,0.066
9482.587754,0.017
9482.785904,0.035
9482.983903999999,0.023
9483.181954,0.039
9483.379954,0.023
9483.577954,0.021
9483.775953999999,0.098
9483.973954,0.05
9484.171704,0.046
9484.370404,0.049
9484.569653999999,0.07100000000000001
9484.767654,0.099
9484.963953999999,0.091
9485.162004,0.07100000000000001
9485.360004,0.058
9485.558004,0.079
9485.756153999999,0.051000000000000004
9486.151254,0.036000000000000004
9486.349253999999,0.015
9486.547254,0.043000000000000003
9486.745254,0.027
9486.943503999999,0.038
9487.141254,0.079
9487.339504,0.026000000000000002
9487.537253999999,0.079
9487.735254,0.121
9487.933503999999,0.036000000000000004
9488.131304,0.134
9488.329303999999,0.09
9488.527304,0.075
9488.725304,0.054
9488.923304,0.046
9489.121503999999,0.024
9489.319554,0.03
9489.517554,0.022
9489.715304,0.10300000000000001
9489.913553999999,0.062
9490.111554,0.091
9490.309554,0.038
9490.507554,0.037
9490.705554,0.029
9490.903554,0.043000000000000003
9491.101553999999,0.076
9491.299554,0.048
9491.497604,0.084
9491.695604,0.049
9491.894554,0.07200000000000001
9492.091604,0.084
9492.289754,0.044
9492.487754,0.036000000000000004
9492.685604,0.045
9492.883754,0.039
9493.083154,0.015
9493.279754,0.08600000000000001
9493.477754,0.035
9493.675604,0.07
9493.873803999999,0.051000000000000004
9494.071603999999,0.013000000000000001
9494.269804,0.038
9494.467754,0.043000000000000003
9494.665804,0.068
9494.863803999999,0.027
9495.061803999999,0.084
9495.259804,0.059000000000000004
9495.457804,0.055
9495.657503999999,0.092
9495.853804,0.069
9496.051803999999,0.018000000000000002
9496.250354,0.037
9496.447804,0.053
9496.645804,0.01
9496.843954,0.034
9497.041854,0.039
9497.239854,0.036000000000000004
9497.437854,0.032
9497.635854,0.045
9497.835404,0.032
9498.031853999999,0.078
9498.230054,0.033
9498.428054,0.034
9498.625854,0.051000000000000004
9498.824004,0.036000000000000004
9499.022004,0.007
9499.220104,0.022
9499.418104,0.054
9499.616054,0.026000000000000002
9499.814054,0.032
9500.012004,0.061
9500.210003999999,0.042
9500.408104,0.063
9500.606154,0.04
9500.803904,0.067
9501.002053999999,0.093
9501.200304,0.062
9501.398154,0.008
9501.596153999999,0.017
9501.794054,0.046
9501.992054,0.068
9502.190304,0.054
9502.388304,0.06
9502.586153999999,0.055
9502.784303999999,0.08700000000000001
9502.982103999999,0.08600000000000001
9503.180354,0.023
9503.378354,0.035
9503.576154,0.067
9503.774303999999,0.095
9503.972303999999,0.018000000000000002
9504.170354,0.046
9504.368354,0.04
9504.566353999999,0.065
9504.764353999999,0.034
9504.962354,0.032
9505.160354,0.082
9505.358354,0.095
9505.556354,0.016
9505.755154,0.048
9506.149653999999,0.014
9506.347654,0.076
9506.545603999999,0.111
9506.743654,0.08
9506.941654,0.024
9507.139653999999,0.065
9507.337653999999,0.026000000000000002
9507.535654,0.024
9507.733654,0.028
9507.931904,0.057
9508.129654,0.041
9508.327904,0.049
9508.525654,0.046
9508.723654,0.08
9508.921903999999,0.018000000000000002
9509.119703999999,0.014
9509.317704,0.032
9509.515704,0.085
9509.713704,0.046
9509.911954,0.093
9510.109903999999,0.043000000000000003
9510.307904,0.026000000000000002
9510.505954,0.026000000000000002
9510.703704,0.075
9510.901953999999,0.092
9511.099954,0.046
9511.297954,0.036000000000000004
9511.495954,0.052000000000000005
9511.693954,0.052000000000000005
9511.891953999999,0.039
9512.089954,0.045
9512.288104,0.067
9512.485954,0.057
9512.684003999999,0.044
9512.882004,0.065
9513.080004,0.08
9513.278804,0.042
9513.476154,0.035
9513.674004,0.041
9513.872153999999,0.038
9514.070004,0.035
9514.268154,0.042
9514.466154,0.07
9514.664053999999,0.079
9514.862204,0.015
9515.060054,0.064
9515.258204,0.053
9515.456204,0.047
9515.654204,0.036000000000000004
9515.852203999999,0.051000000000000004
9516.050404,0.017
9516.248204,0.02
9516.446854,0.008
9516.644253999999,0.055
9516.842203999999,0.042
9517.040454,0.022
9517.238454,0.004
9517.436204,0.017
9517.634253999999,0.022
9517.832354,0.07100000000000001
9518.030254,0.018000000000000002
9518.228454,0.14
9518.426254,0.233
9518.624254,0.036000000000000004
9518.822404,0.041
9519.020654,0.082
9519.218504,0.053
9519.416503999999,0.061
9519.614904,0.027
9519.812404,0.01
9520.010654,0.023
9520.208504,0.029
9520.406503999999,0.05
9520.604304,0.088
9520.802453999999,0.107
9521.000654,0.054
9521.198654,0.011
9521.396504,0.048
9521.594554,0.093
9521.792454,0.095
9521.990704,0.035
9522.188704,0.019
9522.386553999999,0.011
9522.584454,0.066
9522.783354,0.061
9522.980704,0.023
9523.178704,0.035
9523.376704,0.083
9523.574703999999,0.109
9523.772703999999,0.068
9523.970754,0.056
9524.169354,0.029
9524.366753999999,0.033
9524.564753999999,0.014
9524.762754,0.018000000000000002
9524.960904,0.01
9525.158754,0.039
9525.356754,0.08700000000000001
9525.752253999999,0.08600000000000001
9526.148003999999,0.039
9526.346003999999,0.061
9526.544054,0.016
9526.742054,0.035
9526.940053999999,0.048
9527.138304,0.063
9527.336054,0.04
9527.534054,0.03
9527.732254,0.032
9527.930054,0.04
9528.128304,0.035
9528.326304,0.061
9528.524054,0.004
9528.722303999999,0.034
9528.920304,0.031
9529.118304,0.033
9529.316304,0.031
9529.514054,0.031
9529.712104,0.033
9529.910303999999,0.048
9530.108304,0.053
9530.306354,0.039
9530.504353999999,0.042
9530.702354,0.038
9530.900354,0.035
9531.098504,0.054
9531.296354,0.016
9531.494354,0.03
9531.692353999999,0.022
9531.890354,0.03
9532.088504,0.029
9532.286554,0.013000000000000001
9532.484403999999,0.018000000000000002
9532.682553999999,0.06
9532.880353999999,0.038
9533.078504,0.045
9533.277204,0.031
9533.474403999999,0.074
9533.672553999999,0.035
9533.870404,0.011
9534.068554,0.031
9534.266554,0.006
9534.464554,0.041
9534.662554,0.12
9534.860553999999,0.032
9535.060653999999,0.04
9535.256554,0.17400000000000002
9535.454604,0.157
9535.652454,0.114
9535.850604,0.096
9536.048853999999,0.11900000000000001
9536.246604,0.10300000000000001
9536.446704,0.052000000000000005
9536.642754,0.067
9536.840603999999,0.074
9537.038854,0.09
9537.236604,0.13
9537.434653999999,0.032
9537.632754,0.049
9537.830753999999,0.1
9538.028854,0.027
9538.226854,0.094
9538.424604,0.075
9538.622803999999,0.067
9538.820754,0.023
9539.018854,0.041
9539.216903999999,0.067
9539.414654,0.041
9539.614904,0.004
9539.810803999999,0.034
9540.009054,0.056
9540.206903999999,0.028
9540.404903999999,0.015
9540.602804,0.022
9540.800804,0.046
9540.999054,0.064
9541.196904,0.028
9541.394954,0.033
9541.593104,0.039
9541.790853999999,0.023
9541.989054,0.094
9542.187054,0.044
9542.384954,0.059000000000000004
9542.583053999999,0.061
9542.782554,0.051000000000000004
9542.979104,0.076
9543.177104,0.08600000000000001
9543.374953999999,0.052000000000000005
9543.573104,0.082
9543.771104,0.083
9543.969104,0.048
9544.169154,0.079
9544.365104,0.058
9544.563103999999,0.101
9544.761154,0.066
9544.959154,0.218
9545.157154,0.14200000000000002
9545.355153999999,0.037
9545.750404,0.17400000000000002
9545.948403999999,0.154
9546.146404,0.089
9546.344404,0.042
9546.542404,0.03
9546.740404,0.053
9546.938404,0.026000000000000002
9547.136654,0.203
9547.334454,0.024
9547.532454,0.128
9547.730653999999,0.098
9547.928453999999,0.084
9548.126704,0.035
9548.324454,0.049
9548.522454,0.03
9548.720653999999,0.057
9548.918453999999,0.05
9549.116704,0.108
9549.314704,0.171
9549.512504,0.10300000000000001
9549.710704,0.163
9549.908704,0.197
9550.106704,0.156
9550.304704,0.124
9550.502504,0.036000000000000004
9550.700853999999,0.093
9550.898704,0.27
9551.098603999999,0.47000000000000003
9551.294754,0.312
9551.492753999999,0.511
9551.690754,0.685
9551.890404,0.23700000000000002
9552.088303999999,0.529
9552.284754,0.642
9552.482753999999,0.769
9552.680753999999,0.922
9552.878754,0.907
9553.076954,0.52
9553.274954,0.5740000000000001
9553.472803999999,0.75
9553.670954,0.9460000000000001
9553.868754,0.994
9554.066954,1.161
9554.264954,1.297
9554.462803999999,1.2530000000000001
9554.662654,1.332
9554.858804,1.411
9555.057004,1.6320000000000001
9555.254954,1.86
9555.452954,1.835
9555.650953999999,1.449
9555.848954,1.6620000000000001
9556.046954,1.7510000000000001
9556.245104,1.5110000000000001
9556.443003999999,1.274
9556.641153999999,1.035
9556.840154,0.527
9557.037253999999,0.203
9557.235004,0.068
9557.433004,0.028
9557.631153999999,0.149
9557.829354,0.166
9558.027253999999,0.061
9558.225004,0.039
9558.423053999999,0.222
9558.621204,0.402
9558.819204,0.381
9559.017254,0.5630000000000001
9559.215253999999,0.504
9559.413053999999,0.835
9559.611203999999,0.755
9559.809204,0.812
9560.007303999999,0.659
9560.205304,0.745
9560.403304,0.909
9560.603003999999,0.6920000000000001
9560.799203999999,0.8300000000000001
9560.997454,0.973
9561.195303999999,1.049
9561.393304,0.984
9561.592954,0.993
9561.789254,1.0
9561.987454,1.075
9562.185354,0.9530000000000001
9562.383354,0.968
9562.583154,0.922
9562.779254,0.592
9562.979204,0.7030000000000001
9563.175503999999,0.684
9563.373354,0.675
9563.573204,0.729
9563.769304,0.722
9563.967504,0.653
9564.165503999999,0.736
9564.363503999999,0.74
9564.561504,0.896
9564.759504,0.453
9564.957504,0.51
9565.157204,0.47000000000000003
9565.550804,0.195
9565.748803999999,0.189
9565.946804,0.403
9566.144804,0.249
9566.342804,0.41600000000000004
9566.541003999999,0.217
9566.739153999999,0.27
9566.937054,0.145
9567.134854,0.113
9567.332804,0.08
9567.530804,0.038
9567.730454,0.074
9567.926803999999,0.02
9568.125054,0.027
9568.322854,0.115
9568.521053999999,0.064
9568.719054,0.059000000000000004
9568.917104,0.075
9569.115104,0.155
9569.312854,0.16
9569.511104,0.058
9569.709104,0.022
9569.907054,0.098
9570.105104,0.039
9570.303103999999,0.008
9570.501103999999,0.003
9570.699104,0.009000000000000001
9570.897304,0.057
9571.095104,0.06
9571.293104,0.09
9571.491103999999,0.047
9571.689104,0.067
9571.887304,0.012
9572.085304,0.021
9572.283153999999,0.077
9572.481303999999,0.059000000000000004
9572.679154,0.03
9572.877154,0.059000000000000004
9573.075304,0.012
9573.273154,0.06
9573.471303999999,0.037
9573.669304,0.082
9573.867304,0.057
9574.065354,0.048
9574.263353999999,0.034
9574.461653999999,0.11800000000000001
9574.659354,0.013000000000000001
9574.857354,0.115
9575.055354,0.09
9575.253354,0.056
9575.451503999999,0.046
9575.649354,0.136
9575.847354,0.20700000000000002
9576.045404,0.011
9576.243403999999,0.17400000000000002
9576.441404,0.04
9576.639353999999,0.07200000000000001
9576.837604,0.029
9577.035354,0.057
9577.233403999999,0.037
9577.431504,0.069
9577.629604,0.023
9577.827653999999,0.028
9578.025654,0.078
9578.223404,0.065
9578.421554,0.036000000000000004
9578.619553999999,0.026000000000000002
9578.817404,0.011
9579.015653999999,0.011
9579.213654,0.044
9579.411454,0.03
9579.609604,0.077
9579.807804,0.048
9580.005704,0.053
9580.203653999999,0.098
9580.401603999999,0.017
9580.599603999999,0.019
9580.797804,0.015
9580.995703999999,0.023
9581.193704,0.003
9581.391854,0.049
9581.589654,0.07200000000000001
9581.787654,0.03
9581.985854,0.111
9582.183704,0.051000000000000004
9582.381854,0.023
9582.579654,0.088
9582.777854,0.038
9582.975854,0.14200000000000002
9583.173853999999,0.04
9583.371853999999,0.073
9583.569904,0.062
9583.767904,0.024
9583.965903999999,0.006
9584.163904,0.037
9584.361904,0.02
9584.559904,0.029
9584.757704,0.038
9585.153154,0.031
9585.549154,0.059000000000000004
9585.747153999999,0.039
9585.945154,0.123
9586.143204,0.034
9586.341204,0.14
9586.539203999999,0.113
9586.737204,0.018000000000000002
9586.935404,0.033
9587.133204,0.047
9587.331204,0.061
9587.529403999999,0.05
9587.727203999999,0.024
9587.927004,0.059000000000000004
9588.123254,0.042
9588.321254,0.047
9588.519253999999,0.018000000000000002
9588.717203999999,0.061
9588.915454,0.047
9589.113454,0.131
9589.311854,0.08700000000000001
9589.509454,0.055
9589.707454,0.083
9589.905504,0.163
9590.103503999999,0.131
9590.301254,0.116
9590.499504,0.085
9590.697504,0.074
9590.895553999999,0.029
9591.093504,0.058
9591.291503999999,0.062
9591.489303999999,0.043000000000000003
9591.687504,0.052000000000000005
9591.885704,0.07200000000000001
9592.083553999999,0.025
9592.281503999999,0.043000000000000003
9592.479704,0.043000000000000003
9592.677504,0.063
9592.875704,0.01
9593.073704,0.009000000000000001
9593.271553999999,0.049
9593.469704,0.052000000000000005
9593.667554,0.02
9593.865704,0.026000000000000002
9594.063704,0.07100000000000001
9594.261704,0.051000000000000004
9594.459703999999,0.06
9594.657704,0.068
9594.855754,0.08700000000000001
9595.053753999999,0.094
9595.251753999999,0.089
9595.449754,0.04
9595.647754,0.069
9595.845754,0.062
9596.043754,0.057
9596.241753999999,0.039
9596.439903999999,0.004
9596.637754,0.08600000000000001
9596.836003999999,0.035
9597.033803999999,0.06
9597.233454,0.05
9597.429954,0.06
9597.627804,0.026000000000000002
9597.826004,0.025
9598.024003999999,0.012
9598.221803999999,0.044
9598.419953999999,0.04
9598.617954,0.064
9598.816053999999,0.081
9599.014054,0.054
9599.211803999999,0.06
9599.409953999999,0.057
9599.607954,0.055
9599.806053999999,0.021
9600.004053999999,0.019
9600.202054,0.063
9600.399954,0.094
9600.598004,0.014
9600.796204,0.07100000000000001
9600.994104,0.038
9601.192104,0.041
9601.390003999999,0.039
9601.588004,0.05
9601.786204,0.066
9601.984204,0.043000000000000003
9602.183404,0.019
9602.381854,0.062
9602.578054,0.024
9602.776254,0.109
9602.974253999999,0.066
9603.172104,0.08
9603.370254,0.023
9603.568003999999,0.026000000000000002
9603.766254,0.017
9603.964254,0.07100000000000001
9604.162253999999,0.05
9604.360304,0.028
9604.558304,0.08
9604.756304,0.037
9605.151554,0.053
9605.547553999999,0.024
9605.745804,0.011
9605.943554,0.057
9606.141554,0.074
9606.339804,0.034
9606.537554,0.07100000000000001
9606.735553999999,0.076
9606.933604,0.046
9607.131604,0.07200000000000001
9607.330254,0.06
9607.527603999999,0.027
9607.725604,0.032
9607.923853999999,0.022
9608.123153999999,0.018000000000000002
9608.319604,0.033
9608.517804,0.024
9608.715603999999,0.115
9608.914754,0.054
9609.112054,0.023
9609.309653999999,0.06
9609.507854,0.052000000000000005
9609.706004,0.048
9609.903854,0.044
9610.101854,0.017
9610.299853999999,0.08600000000000001
9610.497854,0.112
9610.696054,0.002
9610.893903999999,0.022
9611.091903999999,0.04
9611.289904,0.01
9611.487904,0.047
9611.686054,0.042
9611.884054,0.038
9612.081903999999,0.08
9612.280053999999,0.028
9612.477904,0.057
9612.676104,0.052000000000000005
9612.874704,0.001
9613.072103999999,0.006
9613.270104,0.055
9613.468104,0.029
9613.666104,0.085
9613.864104,0.083
9614.062103999999,0.121
9614.260103999999,0.028
9614.458104,0.138
9614.656104,0.033
9614.854153999999,0.01
9615.052104,0.03
9615.250253999999,0.019
9615.448104,0.047
9615.646354,0.081
9615.844104,0.04
9616.042153999999,0.042
9616.240254,0.008
9616.439753999999,0.053
9616.636403999999,0.026000000000000002
9616.834404,0.045
9617.032154,0.026000000000000002
9617.230303999999,0.013000000000000001
9617.428304,0.058
9617.626403999999,0.027
9617.824403999999,0.029
9618.022203999999,0.028
9618.220304,0.026000000000000002
9618.418354,0.057
9618.616404,0.048
9618.814354,0.051000000000000004
9619.012404,0.022
9619.210353999999,0.08600000000000001
9619.408354,0.018000000000000002
9619.606354,0.022
9619.804454,0.047
9620.002454,0.081
9620.200353999999,0.044
9620.398353999999,0.049
9620.596604,0.035
9620.794603999999,0.045
9620.992454,0.03
9621.190604,0.018000000000000002
9621.388353999999,0.006
9621.586604,0.044
9621.784604,0.03
9621.982504,0.024
9622.180654,0.062
9622.380003999999,0.055
9622.576654,0.09
9622.774653999999,0.079
9622.972654,0.017
9623.170504,0.052000000000000005
9623.368654,0.018000000000000002
9623.566654,0.109
9623.764653999999,0.068
9623.962653999999,0.048
9624.160804,0.017
9624.358654,0.044
9624.556804,0.034
9624.951954,0.076
9625.149954,0.099
9625.347953999999,0.05
9625.545954,0.07100000000000001
9625.743954,0.009000000000000001
9625.941954,0.045
9626.139954,0.032
9626.337953999999,0.036000000000000004
9626.535953999999,0.063
9626.734204,0.067
9626.932004,0.024
9627.129954,0.024
9627.328204,0.014
9627.525953999999,0.049
9627.724204,0.039
9627.922004,0.065
9628.120004,0.022
9628.318204,0.043000000000000003
9628.516204,0.054
9628.714254,0.017
9628.912253999999,0.021
9629.110004,0.016
9629.308254,0.052000000000000005
9629.506254,0.095
9629.704254,0.039
9629.902253999999,0.057
9630.100054,0.07100000000000001
9630.298254,0.038
9630.496254,0.048
9630.694454,0.07100000000000001
9630.892254,0.001
9631.090253999999,0.08600000000000001
9631.288254,0.035
9631.486254,0.075
9631.684254,0.056
9631.882303999999,0.091
9632.080304,0.083
9632.278454,0.015
9632.476304,0.034
9632.674454,0.07200000000000001
9632.872454,0.04
9633.070303999999,0.07100000000000001
9633.268454,0.048
9633.466304,0.051000000000000004
9633.664454,0.051000000000000004
9633.862503999999,0.049
9634.060504,0.099
9634.258504,0.024
9634.456504,0.11
9634.654504,0.036000000000000004
9634.852504,0.081
9635.050503999999,0.033
9635.248504,0.07200000000000001
9635.446504,0.046
9635.646804,0.127
9635.842553999999,0.03
9636.040554,0.013000000000000001
9636.238704,0.084
9636.436504,0.117
9636.634753999999,0.048
9636.832504,0.004
9637.030553999999,0.007
9637.228754,0.041
9637.426554,0.061
9637.624804,0.048
9637.822804,0.018000000000000002
9638.020553999999,0.059000000000000004
9638.218804,0.023
9638.416704,0.024
9638.614803999999,0.17300000000000001
9638.814903999999,0.059000000000000004
9639.010604,0.024
9639.208703999999,0.002
9639.406754,0.097
9639.604954,0.02
9639.802854,0.022
9640.000804,0.03
9640.200853999999,0.06
9640.396754,0.02
9640.594954,0.051000000000000004
9640.792854,0.068
9640.990854,0.074
9641.189004,0.069
9641.386754,0.034
9641.585003999999,0.021
9641.783003999999,0.047
9641.983154,0.034
9642.179004,0.063
9642.376753999999,0.023
9642.575004,0.092
9642.773003999999,0.064
9642.970904,0.043000000000000003
9643.169054,0.076
9643.369104,0.062
9643.565053999999,0.064
9643.763054,0.037
9643.961054,0.018000000000000002
9644.159054,0.079
9644.357054,0.028
9644.752304,0.07100000000000001
9645.148554,0.057
9645.346303999999,0.099
9645.544304,0.045
9645.742354,0.021
9645.940354,0.008
9646.138554,0.016
9646.336354,0.026000000000000002
9646.534604,0.055
9646.732354,0.014
9646.930354,0.005
9647.128553999999,0.05
9647.326554,0.044
9647.524354,0.007
9647.722603999999,0.054
9647.920404,0.016
9648.118604,0.025
9648.316604,0.054
9648.514353999999,0.08
9648.712604,0.097
9648.910603999999,0.029
9649.108604,0.02
9649.306604,0.029
9649.504804,0.134
9649.702653999999,0.11
9649.900654,0.166
9650.098654,0.091
9650.296654,0.049
9650.494654,0.079
9650.692654,0.083
9650.890653999999,0.039
9651.088803999999,0.098
9651.286654,0.059000000000000004
9651.484654,0.047
9651.682853999999,0.058
9651.880704,0.052000000000000005
9652.078854,0.048
9652.276654,0.05
9652.474854,0.021
9652.672854,0.015
9652.870853999999,0.037
9653.070953999999,0.035
9653.266854,0.049
9653.464854,0.019
9653.662854,0.089
9653.860854,0.059000000000000004
9654.058853999999,0.035
9654.256854,0.032
9654.456954,0.064
9654.652854,0.031
9654.850903999999,0.037
9655.049004,0.023
9655.246904,0.042
9655.445154,0.045
9655.642904,0.054
9655.840903999999,0.092
9656.039053999999,0.034
9656.237054,0.041
9656.435153999999,0.056
9656.633154,0.033
9656.830954,0.106
9657.029053999999,0.067
9657.227104,0.062
9657.424954,0.085
9657.625253999999,0.037
9657.820904,0.045
9658.019054,0.061
9658.217053999999,0.013000000000000001
9658.415304,0.035
9658.613204,0.051000000000000004
9658.811204,0.066
9659.009103999999,0.03
9659.207104,0.033
9659.405354,0.10400000000000001
9659.603204,0.105
9659.801204,0.011
9659.999354,0.075
9660.197103999999,0.084
9660.395154,0.007
9660.593353999999,0.064
9660.793303999999,0.014
9660.989404,0.081
9661.187154,0.022
9661.385403999999,0.065
9661.583354,0.065
9661.781254,0.078
9661.979354,0.054
9662.179504,0.058
9662.375404,0.074
9662.573403999999,0.024
9662.771404,0.066
9662.969404,0.05
9663.167404,0.012
9663.365154,0.041
9663.563404,0.029
9663.761403999999,0.019
9663.961653999999,0.024
9664.157454,0.057
9664.355604,0.034
9664.750704,0.097
9664.948704,0.059000000000000004
9665.146703999999,0.022
9665.344704,0.081
9665.542704,0.04
9665.740704,0.081
9665.938704,0.022
9666.136954,0.029
9666.334703999999,0.038
9666.532704,0.08700000000000001
9666.730754,0.053
9666.928753999999,0.019
9667.126954,0.067
9667.324754,0.079
9667.523003999999,0.012
9667.721003999999,0.057
9667.918754,0.055
9668.116954,0.035
9668.314954,0.041
9668.513004,0.047
9668.711003999999,0.02
9668.908803999999,0.038
9669.107004,0.043000000000000003
9669.305004,0.049
9669.503004,0.055
9669.701004,0.018000000000000002
9669.899003999999,0.066
9670.097004,0.084
9670.295004,0.011
9670.493204,0.038
9670.691053999999,0.082
9670.889054,0.057
9671.087054,0.027
9671.285054,0.053
9671.483204,0.059000000000000004
9671.681204,0.013000000000000001
9671.879053999999,0.027
9672.077204,0.038
9672.275054,0.028
9672.473054,0.026000000000000002
9672.671253999999,0.014
9672.869104,0.10300000000000001
9673.067254,0.056
9673.265104,0.038
9673.463254,0.05
9673.661253999999,0.045
9673.861404,0.088
9674.057254,0.045
9674.255254,0.048
9674.453254,0.059000000000000004
9674.651303999999,0.057
9674.849253999999,0.021
9675.047254,0.021
9675.247404,0.039
9675.443254,0.061
9675.641254,0.022
9675.839304,0.023
9676.037403999999,0.047
9676.235304,0.08700000000000001
9676.433554,0.009000000000000001
9676.631304,0.037
9676.829303999999,0.09
9677.029604,0.078
9677.225454,0.039
9677.423553999999,0.021
9677.621554,0.042
9677.819354,0.022
9678.017554,0.046
9678.215504,0.024
9678.415654,0.047
9678.611554,0.046
9678.809353999999,0.069
9679.007504,0.106
9679.205453999999,0.053
9679.403704,0.041
9679.601604,0.025
9679.799604,0.018000000000000002
9679.997503999999,0.026000000000000002
9680.195504,0.075
9680.393753999999,0.109
9680.591604,0.064
9680.789604,0.044
9680.987754,0.07
9681.185504,0.006
9681.383754,0.111
9681.583854,0.09
9681.779654,0.022
9681.977754,0.024
9682.175554,0.062
9682.373803999999,0.054
9682.571804,0.063
9682.769804,0.047
9682.967754,0.127
9683.165804,0.018000000000000002
9683.363803999999,0.089
9683.561803999999,0.047
9683.759804,0.08
9684.155053999999,0.011
9684.551054,0.059000000000000004
9684.749104,0.154
9684.947103999999,0.05
9685.145104,0.065
9685.343104,0.026000000000000002
9685.541104,0.049
9685.739104,0.029
9685.937103999999,0.038
9686.135103999999,0.049
9686.333104,0.073
9686.531353999999,0.069
9686.729153999999,0.047
9686.927104,0.045
9687.125354,0.028
9687.323104,0.023
9687.521354,0.057
9687.719104,0.054
9687.917153999999,0.058
9688.115354,0.078
9688.313354,0.046
9688.511403999999,0.062
9688.709404,0.05
9688.907154,0.011
9689.105404,0.024
9689.303404,0.036000000000000004
9689.501403999999,0.079
9689.699403999999,0.022
9689.897203999999,0.055
9690.095404,0.048
9690.293404,0.041
9690.491554,0.034
9690.689403999999,0.036000000000000004
9690.887404,0.055
9691.085404,0.043000000000000003
9691.283404,0.054
9691.481603999999,0.074
9691.679454,0.109
9691.877454,0.03
9692.075454,0.043000000000000003
9692.273454,0.055
9692.471604,0.058
9692.669603999999,0.019
9692.867454,0.07200000000000001
9693.065604,0.124
9693.263604,0.024
9693.461604,0.053
9693.661704,0.097
9693.857654,0.079
9694.055654,0.029
9694.253904,0.016
9694.451654,0.069
9694.649653999999,0.069
9694.847654,0.079
9695.045654,0.078
9695.243654,0.10200000000000001
9695.441654,0.036000000000000004
9695.639653999999,0.052000000000000005
9695.837704,0.017
9696.035804,0.064
9696.233654,0.015
9696.431904,0.025
9696.629654,0.047
9696.829953999999,0.043000000000000003
9697.025803999999,0.013000000000000001
9697.223904,0.051000000000000004
9697.421954,0.046
9697.619703999999,0.047
9697.817853999999,0.051000000000000004
9698.015854,0.065
9698.215954,0.053
9698.411954,0.054
9698.609954,0.016
9698.807853999999,0.041
9699.005853999999,0.048
9699.203854,0.011
9699.402004,0.029
9699.600004,0.044
9699.798104,0.018000000000000002
9699.998004,0.045
9700.194104,0.045
9700.392103999999,0.011
9700.590004,0.054
9700.788104,0.044
9700.985904,0.061
9701.183904,0.079
9701.383603999999,0.061
9701.580154,0.28300000000000003
9701.778154,0.149
9701.976154,0.049
9702.174154,0.065
9702.372153999999,0.031
9702.570154,0.007
9702.768154,0.052000000000000005
9702.966154,0.085
9703.164203999999,0.041
9703.362204,0.053
9703.560204,0.033
9703.758354,0.034
9704.153454,0.083
9704.549454,0.069
9704.747454,0.011
9704.945453999999,0.016
9705.143454,0.043000000000000003
9705.341704,0.03
9705.539454,0.05
9705.737503999999,0.075
9705.935704,0.027
9706.133504,0.048
9706.331753999999,0.076
9706.529504,0.061
9706.727504,0.033
9706.925704,0.079
9707.123704,0.031
9707.321753999999,0.076
9707.519753999999,0.039
9707.717504,0.057
9707.915554,0.10300000000000001
9708.113754,0.04
9708.311754,0.03
9708.509753999999,0.101
9708.707504,0.116
9708.905754,0.014
9709.103754,0.022
9709.301904,0.035
9709.499804,0.052000000000000005
9709.697804,0.041
9709.895804,0.04
9710.093804,0.14100000000000001
9710.291804,0.035
9710.489803999999,0.093
9710.687804,0.121
9710.885554,0.07100000000000001
9711.083804,0.038
9711.281954,0.043000000000000003
9711.480004,0.049
9711.677854,0.048
9711.876004,0.027
9712.073804,0.07200000000000001
9712.271954,0.017
9712.469954,0.036000000000000004
9712.668004,0.04
9712.866004,0.029
9713.064004,0.046
9713.262004,0.02
9713.460003999999,0.034
9713.658003999999,0.042
9713.855854,0.052000000000000005
9714.054004,0.011
9714.252004,0.058
9714.450004,0.054
9714.648054,0.052000000000000005
9714.846153999999,0.058
9715.044054,0.034
9715.244354,0.11
9715.440053999999,0.06
9715.638054,0.045
9715.836204,0.085
9716.034054,0.069
9716.232054,0.06
9716.430054,0.034
9716.628053999999,0.058
9716.826203999999,0.035
9717.026354,0.066
9717.222303999999,0.042
9717.420304,0.042
9717.618053999999,0.057
9717.816203999999,0.039
9718.014204,0.021
9718.212303999999,0.025
9718.412403999999,0.066
9718.608354,0.027
9718.806254,0.096
9719.004254,0.026000000000000002
9719.202254,0.043000000000000003
9719.400354,0.008
9719.598354,0.029
9719.796253999999,0.069
9719.994254,0.015
9720.192503999999,0.023
9720.390503999999,0.017
9720.588404,0.045
9720.786504,0.054
9720.984304,0.026000000000000002
9721.182553999999,0.07
9721.380503999999,0.045
9721.580453999999,0.043000000000000003
9721.776504,0.051000000000000004
9721.974304,0.055
9722.172553999999,0.04
9722.370554,0.028
9722.568554,0.021
9722.766554,0.012
9722.964554,0.096
9723.162554,0.048
9723.360553999999,0.066
9723.558554,0.011
9723.756554,0.025
9724.151804,0.004
9724.349804,0.068
9724.547804,0.045
9724.745853999999,0.049
9724.943854,0.10200000000000001
9725.142054,0.022
9725.339854,0.047
9725.537854,0.017
9725.735853999999,0.053
9725.933853999999,0.07
9726.131854,0.109
9726.330103999999,0.05
9726.527854,0.056
9726.725903999999,0.023
9726.924104,0.05
9727.121904,0.076
9727.320154,0.037
9727.517904,0.018000000000000002
9727.715903999999,0.074
9727.914104,0.017
9728.112104,0.009000000000000001
9728.310104,0.052000000000000005
9728.508154,0.053
9728.705904,0.024
9728.904154,0.082
9729.102304,0.1
9729.300153999999,0.112
9729.498153999999,0.009000000000000001
9729.696154,0.08600000000000001
9729.894154,0.156
9730.092154,0.145
9730.290304,0.106
9730.488153999999,0.04
9730.686204,0.037
9730.884204,0.031
9731.082354,0.075
9731.280354,0.113
9731.480404,0.017
9731.676354,0.039
9731.874354,0.035
9732.072354,0.051000000000000004
9732.270354,0.045
9732.468353999999,0.038
9732.666254,0.07200000000000001
9732.864404,0.055
9733.062254,0.029
9733.260403999999,0.016
9733.458354,0.027
9733.656404,0.066
9733.854404,0.039
9734.052604,0.037
9734.250404,0.027
9734.448403999999,0.082
9734.648454,0.067
9734.844404,0.088
9735.042653999999,0.04
9735.240404,0.075
9735.438404,0.058
9735.636403999999,0.035
9735.834554,0.047
9736.032704,0.018000000000000002
9736.230653999999,0.008
9736.428453999999,0.045
9736.626454,0.03
9736.824604,0.073
9737.022654,0.095
9737.220653999999,0.088
9737.418704,0.05
9737.616603999999,0.033
9737.816754,0.067
9738.012853999999,0.033
9738.210704,0.064
9738.408704,0.088
9738.606654,0.04
9738.804654,0.041
9739.002854,0.041
9739.202954,0.048
9739.398704,0.099
9739.596754,0.064
9739.794654,0.043000000000000003
9739.992903999999,0.026000000000000002
9740.190904,0.028
9740.388754,0.011
9740.586904,0.036000000000000004
9740.784754,0.03
9740.985053999999,0.033
9741.180903999999,0.041
9741.378904,0.032
9741.576904,0.10200000000000001
9741.774904,0.048
9741.972904,0.048
9742.170954,0.047
9742.370954,0.052000000000000005
9742.566954,0.026000000000000002
9742.764904,0.048
9742.963054,0.08
9743.160953999999,0.06
9743.358954,0.127
9743.557104,0.025
9743.952204,0.015
9744.150204,0.044
9744.546204,0.027
9744.744454,0.017
9744.942254,0.043000000000000003
9745.140454,0.029
9745.338254,0.015
9745.536204,0.032
9745.734253999999,0.062
9745.932254,0.058
9746.130454,0.043000000000000003
9746.328254,0.014
9746.526254,0.015
9746.724504,0.024
9746.922504,0.101
9747.120504,0.09
9747.318503999999,0.035
9747.516254,0.048
9747.714504,0.041
9747.912504,0.073
9748.110504,0.043000000000000003
9748.308503999999,0.015
9748.506554,0.064
9748.704303999999,0.041
9748.902554,0.036000000000000004
9749.100704,0.031
9749.298504,0.026000000000000002
9749.496554,0.054
9749.694504,0.249
9749.892554,0.094
9750.090704,0.035
9750.288553999999,0.078
9750.486554,0.077
9750.686854,0.052000000000000005
9750.882554,0.047
9751.080704,0.044
9751.278704,0.025
9751.476553999999,0.066
9751.674604,0.032
9751.872604,0.042
9752.070754,0.067
9752.268753999999,0.041
9752.466754,0.025
9752.664754,0.064
9752.862754,0.056
9753.060754,0.055
9753.258754,0.1
9753.456753999999,0.055
9753.654804,0.035
9753.854904,0.057
9754.050804,0.016
9754.248803999999,0.033
9754.446804,0.024
9754.644954,0.067
9754.842804,0.038
9755.041003999999,0.056
9755.240854,0.004
9755.436803999999,0.06
9755.634904,0.041
9755.832804,0.066
9756.031054,0.037
9756.229054,0.061
9756.426803999999,0.081
9756.624953999999,0.138
9756.822954,0.08
9757.023204,0.05
9757.219054,0.016
9757.416854,0.024
9757.614854,0.019
9757.813004,0.012
9758.011254,0.05
9758.209104,0.056
9758.409153999999,0.023
9758.605004,0.081
9758.803004,0.054
9759.001253999999,0.008
9759.199104,0.025
9759.397104,0.08
9759.595054,0.065
9759.793054,0.08600000000000001
9759.991253999999,0.062
9760.189253999999,0.054
9760.387104,0.021
9760.585254,0.078
9760.783054,0.023
9760.981254,0.06
9761.179304,0.082
9761.377154,0.058
9761.577404,0.004
9761.773054,0.019
9761.971303999999,0.059000000000000004
9762.169304,0.011
9762.367304,0.021
9762.565304,0.029
9762.763304,0.045
9762.961304,0.013000000000000001
9763.159354,0.085
9763.357354,0.058
9763.752604,0.07200000000000001
9764.148604,0.049
9764.346604,0.029
9764.544603999999,0.044
9764.742604,0.039
9764.940604,0.028
9765.138804,0.083
9765.336604,0.101
9765.534604,0.032
9765.732854,0.01
9765.930654,0.042
9766.128853999999,0.042
9766.326654,0.061
9766.524653999999,0.026000000000000002
9766.722854,0.061
9766.920654,0.052000000000000005
9767.118854,0.03
9767.316853999999,0.036000000000000004
9767.514653999999,0.014
9767.712904,0.043000000000000003
9767.910904,0.045
9768.108903999999,0.07200000000000001
9768.306904,0.044
9768.504654,0.063
9768.702904,0.05
9768.900904,0.048
9769.098904,0.049
9769.296903999999,0.049
9769.494904,0.033
9769.692904,0.074
9769.890954,0.004
9770.091204,0.081
9770.286954,0.02
9770.484903999999,0.058
9770.682904,0.031
9770.880954,0.038
9771.079104,0.043000000000000003
9771.277103999999,0.125
9771.474954,0.034
9771.673154,0.034
9771.870954,0.057
9772.069104,0.038
9772.267103999999,0.026000000000000002
9772.464954,0.035
9772.663154,0.048
9772.860954,0.011
9773.059153999999,0.15
9773.257153999999,0.055
9773.455154,0.036000000000000004
9773.653154,0.02
9773.851154,0.005
9774.049154,0.045
9774.247153999999,0.066
9774.445154,0.051000000000000004
9774.645254,0.105
9774.841204,0.035
9775.039404,0.033
9775.237204,0.044
9775.435204,0.066
9775.633354,0.112
9775.831204,0.01
9776.029403999999,0.073
9776.227203999999,0.033
9776.425204,0.023
9776.623354,0.044
9776.821204,0.062
9777.019454,0.02
9777.217454,0.018000000000000002
9777.415203999999,0.069
9777.613354,0.053
9777.813753999999,0.032
9778.009454,0.03
9778.207454,0.04
9778.405404,0.057
9778.603404,0.14200000000000002
9778.801404,0.043000000000000003
9778.999654,0.112
9779.199504,0.034
9779.395504,0.009000000000000001
9779.593404,0.021
9779.791653999999,0.05
9779.989604,0.052000000000000005
9780.187504,0.067
9780.385654,0.022
9780.583654,0.039
9780.781654,0.034
9780.981804,0.028
9781.177654,0.044
9781.375654,0.022
9781.573654,0.07
9781.771654,0.027
9781.969654,0.038
9782.167704,0.015
9782.367903999999,0.063
9782.563704,0.053
9782.761854,0.026000000000000002
9782.959703999999,0.089
9783.157704,0.045
9783.355854,0.027
9783.751004,0.03
9783.948954,0.021
9784.146954,0.069
9784.344954,0.054
9784.543204,0.027
9784.741004,0.049
9784.939204,0.046
9785.137004,0.062
9785.335003999999,0.027
9785.533204,0.06
9785.731004,0.058
9785.929004,0.115
9786.127004,0.10200000000000001
9786.325004,0.094
9786.523204,0.092
9786.721254,0.043000000000000003
9786.919254,0.028
9787.117253999999,0.028
9787.315053999999,0.027
9787.513254,0.016
9787.711254,0.028
9787.909254,0.052000000000000005
9788.107254,0.039
9788.305253999999,0.07
9788.503254,0.068
9788.701254,0.053
9788.899303999999,0.07
9789.097303999999,0.027
9789.295304,0.054
9789.493304,0.058
9789.691304,0.048
9789.891604,0.045
9790.087454,0.1
9790.285303999999,0.043000000000000003
9790.483454,0.034
9790.681304,0.075
9790.879504,0.062
9791.077503999999,0.101
9791.275354,0.033
9791.473504,0.03
9791.671504,0.099
9791.869304,0.036000000000000004
9792.067503999999,0.038
9792.265503999999,0.057
9792.463354,0.02
9792.661504,0.025
9792.859553999999,0.088
9793.059653999999,0.014
9793.255503999999,0.044
9793.453504,0.015
9793.651504,0.082
9793.849753999999,0.051000000000000004
9794.047553999999,0.068
9794.245554,0.046
9794.445754,0.037
9794.641554,0.063
9794.839804,0.003
9795.037554,0.03
9795.235553999999,0.015
9795.433704,0.022
9795.631704,0.056
9795.829803999999,0.016
9796.027804,0.011
9796.225604,0.08600000000000001
9796.423754,0.07100000000000001
9796.621754,0.058
9796.819803999999,0.026000000000000002
9797.017804,0.045
9797.215603999999,0.036000000000000004
9797.413754,0.041
9797.613854,0.042
9797.809754,0.098
9798.007854,0.062
9798.205854,0.091
9798.403654,0.017
9798.601804,0.035
9798.800003999999,0.055
9798.997854,0.041
9799.195854,0.14400000000000002
9799.394004,0.047
9799.591804,0.055
9799.790004,0.023
9799.988054,0.054
9800.185904,0.031
9800.384054,0.069
9800.581804,0.105
9800.781954,0.036000000000000004
9800.978054,0.10400000000000001
9801.176054,0.038
9801.373904,0.061
9801.572054,0.04
9801.770053999999,0.042
9801.968053999999,0.016
9802.168104,0.01
9802.364054,0.011
9802.562054,0.074
9802.760054,0.048
9803.155354,0.054
9803.551354,0.03
9803.749354,0.004
9803.947354,0.053
9804.145354,0.032
9804.343353999999,0.015
9804.541353999999,0.10300000000000001
9804.739354,0.084
9804.937603999999,0.07
9805.135403999999,0.059000000000000004
9805.333354,0.066
9805.531604,0.077
9805.729354,0.034
9805.927604,0.084
9806.125404,0.061
9806.323403999999,0.062
9806.521604,0.039
9806.719404,0.022
9806.917653999999,0.029
9807.115654,0.127
9807.313404,0.017
9807.511403999999,0.056
9807.709654,0.027
9807.907653999999,0.022
9808.105653999999,0.06
9808.303453999999,0.066
9808.501654,0.106
9808.699654,0.047
9808.897853999999,0.074
9809.095653999999,0.045
9809.293654,0.007
9809.491654,0.005
9809.689654,0.053
9809.887853999999,0.052000000000000005
9810.085704,0.077
9810.283704,0.031
9810.481704,0.069
9810.679704,0.043000000000000003
9810.877854,0.07
9811.075853999999,0.024
9811.273704,0.079
9811.471854,0.019
9811.669704,0.076
9811.867903999999,0.027
9812.065904,0.065
9812.263754,0.058
9812.461904,0.031
9812.659904,0.014
9812.860053999999,0.021
9813.055903999999,0.019
9813.253904,0.029
9813.451904,0.019
9813.649904,0.052000000000000005
9813.847953999999,0.027
9814.045954,0.034
9814.245954,0.033
9814.442104,0.022
9814.639904,0.073
9814.838154,0.054
9815.035953999999,0.115
9815.233954,0.125
9815.432104,0.054
9815.629954,0.014
9815.828204,0.024
9816.028054,0.045
9816.223954,0.113
9816.422104,0.064
9816.620104,0.066
9816.818204,0.013000000000000001
9817.016204,0.077
9817.214004,0.068
9817.414203999999,0.042
9817.610154,0.1
9817.808254,0.077
9818.006254,0.024
9818.204204,0.043000000000000003
9818.402154,0.066
9818.600154,0.039
9818.798353999999,0.021
9818.996254,0.059000000000000004
9819.194254,0.076
9819.392154,0.08600000000000001
9819.590204,0.036000000000000004
9819.788403999999,0.076
9819.986254,0.079
9820.184254,0.085
9820.382404,0.018000000000000002
9820.582304,0.112
9820.778403999999,0.097
9820.976404,0.028
9821.174304,0.013000000000000001
9821.372454,0.015
9821.570453999999,0.035
9821.768454,0.023
9821.966454,0.014
9822.164454,0.054
9822.362454,0.023
9822.560454,0.07100000000000001
9822.758453999999,0.034
9823.153704,0.094
9823.351703999999,0.042
9823.549704,0.064
9823.747704,0.023
9823.945754,0.07100000000000001
9824.143753999999,0.074
9824.341954,0.14400000000000002
9824.539754,0.027
9824.738003999999,0.048
9824.935754,0.08600000000000001
9825.133754,0.047
9825.331954,0.041
9825.529954,0.108
9825.727754,0.018000000000000002
9825.926003999999,0.04
9826.123803999999,0.018000000000000002
9826.322004,0.08
9826.520004,0.052000000000000005
9826.718004,0.039
9826.916003999999,0.037
9827.113803999999,0.077
9827.311803999999,0.064
9827.510004,0.063
9827.708203999999,0.023
9827.906054,0.066
9828.104054,0.037
9828.302054,0.022
9828.500054,0.051000000000000004
9828.698204,0.016
9828.896053999999,0.022
9829.094054,0.027
9829.292054,0.019
9829.490054,0.022
9829.688054,0.017
9829.886254,0.053
9830.084104,0.033
9830.282054,0.019
9830.480054,0.07
9830.678204,0.042
9830.876253999999,0.041
9831.074254,0.076
9831.272254,0.035
9831.470254,0.058
9831.668254,0.058
9831.866253999999,0.003
9832.064253999999,0.113
9832.262254,0.027
9832.460254,0.039
9832.658104,0.037
9832.856254,0.007
9833.054304,0.07200000000000001
9833.252304,0.047
9833.450304,0.02
9833.650604,0.047
9833.846303999999,0.08700000000000001
9834.044304,0.042
9834.242454,0.117
9834.440304,0.03
9834.638554,0.069
9834.836304,0.092
9835.034354,0.073
9835.232453999999,0.043000000000000003
9835.430454,0.097
9835.628354,0.097
9835.826554,0.08
9836.024303999999,0.049
9836.222354,0.065
9836.420454,0.068
9836.618553999999,0.059000000000000004
9836.818754,0.049
9837.014604,0.029
9837.212504,0.04
9837.410504,0.051000000000000004
9837.608753999999,0.116
9837.806604,0.099
9838.004604,0.011
9838.204554,0.058
9838.400504,0.027
9838.598504,0.056
9838.796753999999,0.06
9838.994654,0.109
9839.192654,0.058
9839.390554,0.025
9839.588803999999,0.048
9839.786753999999,0.1
9839.986703999999,0.12
9840.182754,0.047
9840.380554,0.062
9840.578803999999,0.123
9840.776804,0.07
9840.974804,0.07
9841.172804,0.008
9841.372904,0.079
9841.568554,0.082
9841.766803999999,0.035
9841.964804,0.062
9842.162804,0.025
9842.360804,0.054
9842.559003999999,0.006
9842.756854,0.057
9843.152103999999,0.057
9843.548104,0.03
9843.746104,0.04
9843.944104,0.036000000000000004
9844.142103999999,0.053
9844.340354,0.027
9844.538104,0.037
9844.736353999999,0.075
9844.934104,0.013000000000000001
9845.132153999999,0.049
9845.330154,0.05
9845.528154,0.022
9845.726404,0.07200000000000001
9845.924154,0.038
9846.122153999999,0.061
9846.320354,0.067
9846.518354,0.073
9846.716354,0.07100000000000001
9846.914404,0.07200000000000001
9847.112154,0.084
9847.310404,0.057
9847.508404,0.08700000000000001
9847.706403999999,0.097
9847.904403999999,0.112
9848.102154,0.025
9848.300404,0.113
9848.498404,0.029
9848.696554,0.024
9848.894454,0.021
9849.092454,0.015
9849.290454,0.04
9849.488454,0.037
9849.688753999999,0.029
9849.884454,0.012
9850.082454,0.057
9850.280604,0.049
9850.478454,0.029
9850.676604,0.009000000000000001
9850.874654,0.03
9851.072504,0.14100000000000001
9851.270654,0.068
9851.468504,0.042
9851.666653999999,0.065
9851.864653999999,0.07
9852.062654,0.042
9852.260654,0.047
9852.458654,0.028
9852.656654,0.059000000000000004
9852.856804,0.066
9853.052654,0.056
9853.250654,0.098
9853.448654,0.04
9853.646504,0.025
9853.844654,0.088
9854.042653999999,0.058
9854.242854,0.067
9854.438704,0.061
9854.636903999999,0.053
9854.834703999999,0.041
9855.032704,0.037
9855.230854,0.043000000000000003
9855.428704,0.057
9855.626903999999,0.075
9855.824954,0.021
9856.024803999999,0.021
9856.220854,0.10400000000000001
9856.418904,0.064
9856.616954,0.027
9856.814954,0.053
9857.012754,0.059000000000000004
9857.210904,0.106
9857.411004,0.029
9857.607103999999,0.013000000000000001
9857.805004,0.005
9858.003104,0.05
9858.200904,0.051000000000000004
9858.398904,0.113
9858.597104,0.061
9858.795004,0.045
9858.993004,0.058
9859.190904,0.07
9859.388904,0.07
9859.587153999999,0.019
9859.785154,0.027
9859.983004,0.021
9860.181154,0.012
9860.378954,0.035
9860.579254,0.079
9860.775204,0.043000000000000003
9860.973204,0.057
9861.171154,0.077
9861.369154,0.049
9861.567203999999,0.027
9861.765204,0.093
9861.963354,0.077
9862.161204,0.036000000000000004
9862.359204,0.038
9862.557203999999,0.074
9862.952454,0.096
9863.150704,0.031
9863.348504,0.076
9863.546504,0.073
9863.744504,0.10300000000000001
9863.942454,0.054
9864.140704,0.09
9864.338504,0.01
9864.536504,0.177
9864.734504,0.113
9864.932504,0.14400000000000002
9865.130503999999,0.077
9865.328754,0.06
9865.526754,0.019
9865.724753999999,0.099
9865.922504,0.068
9866.120754,0.031
9866.318754,0.026000000000000002
9866.516554,0.044
9866.714753999999,0.032
9866.912804,0.036000000000000004
9867.110754,0.12
9867.308804,0.178
9867.506754,0.078
9867.704754,0.044
9867.902753999999,0.044
9868.100754,0.055
9868.298804,0.069
9868.496804,0.083
9868.694953999999,0.126
9868.892804,0.075
9869.093053999999,0.095
9869.288804,0.02
9869.486804,0.022
9869.684954,0.059000000000000004
9869.882803999999,0.035
9870.081004,0.024
9870.278804,0.029
9870.479104,0.02
9870.675003999999,0.04
9870.873004,0.101
9871.071004,0.054
9871.269004,0.062
9871.467004,0.015
9871.665004,0.073
9871.863003999999,0.044
9872.061004,0.046
9872.259054,0.012
9872.457253999999,0.031
9872.655053999999,0.066
9872.853054,0.06
9873.051204,0.07200000000000001
9873.249054,0.021
9873.447253999999,0.107
9873.647154,0.038
9873.843053999999,0.015
9874.041204,0.038
9874.239204,0.044
9874.437304,0.039
9874.635304,0.037
9874.833053999999,0.042
9875.031203999999,0.08700000000000001
9875.229204,0.065
9875.427303999999,0.043000000000000003
9875.625304,0.014
9875.823104,0.039
9876.021254,0.079
9876.219254,0.036000000000000004
9876.417254,0.05
9876.615354,0.014
9876.815504,0.058
9877.011254,0.075
9877.209254,0.042
9877.407454,0.091
9877.605354,0.039
9877.803354,0.068
9878.001304,0.056
9878.201304,0.011
9878.397503999999,0.064
9878.595503999999,0.039
9878.793354,0.048
9878.991504,0.042
9879.189304,0.069
9879.387304,0.036000000000000004
9879.585554,0.08600000000000001
9879.783404,0.14300000000000002
9879.983654,0.03
9880.179554,0.078
9880.377553999999,0.013000000000000001
9880.575554,0.111
9880.773554,0.121
9880.971554,0.109
9881.169554,0.013000000000000001
9881.369654,0.04
9881.565553999999,0.07
9881.763604,0.026000000000000002
9881.961704,0.044
9882.159604,0.097
9882.357753999999,0.037
9882.752854,0.078
9882.950853999999,0.062
9883.148854,0.048
9883.346854,0.036000000000000004
9883.544854,0.052000000000000005
9883.742854,0.035
9883.940854,0.045
9884.139054,0.082
9884.336904,0.045
9884.535103999999,0.022
9884.732904,0.123
9884.930903999999,0.03
9885.129104,0.031
9885.326853999999,0.101
9885.524904,0.073
9885.723103999999,0.031
9885.920903999999,0.048
9886.119104,0.041
9886.317154,0.079
9886.515153999999,0.016
9886.713154,0.15
9886.910904,0.057
9887.109154,0.002
9887.307154,0.038
9887.505304,0.07200000000000001
9887.703153999999,0.059000000000000004
9887.901154,0.028
9888.099154,0.048
9888.297154,0.02
9888.495203999999,0.055
9888.693204,0.061
9888.891153999999,0.042
9889.089154,0.064
9889.287154,0.073
9889.485354,0.049
9889.683353999999,0.002
9889.881204,0.034
9890.079354,0.043000000000000003
9890.277204,0.073
9890.475354,0.053
9890.673353999999,0.079
9890.871204,0.074
9891.069354,0.026000000000000002
9891.267404,0.014
9891.465204,0.06
9891.663354,0.059000000000000004
9891.861404,0.03
9892.061453999999,0.028
9892.257404,0.07200000000000001
9892.455404,0.028
9892.653403999999,0.043000000000000003
9892.851404,0.116
9893.049554,0.078
9893.247404,0.031
9893.447753999999,0.079
9893.643454,0.051000000000000004
9893.841454,0.04
9894.039604,0.116
9894.237454,0.03
9894.435454,0.076
9894.633453999999,0.013000000000000001
9894.831454,0.046
9895.029604,0.073
9895.227604,0.014
9895.425704,0.025
9895.623704,0.083
9895.821453999999,0.116
9896.019604,0.056
9896.217604,0.009000000000000001
9896.415704,0.025
9896.615804,0.106
9896.811504,0.053
9897.009654,0.049
9897.207654,0.026000000000000002
9897.405853999999,0.038
9897.603754,0.037
9897.801754,0.017
9897.999654,0.016
9898.197654,0.032
9898.395854,0.08
9898.593754,0.10400000000000001
9898.791754,0.17
9898.989904,0.106
9899.187704,0.057
9899.385903999999,0.061
9899.583904,0.105
9899.782804,0.06
9899.979904,0.016
9900.177704,0.013000000000000001
9900.375904,0.054
9900.573903999999,0.055
9900.771904,0.058
9900.969954,0.046
9901.170004,0.041
9901.365953999999,0.036000000000000004
9901.563954,0.022
9901.761954,0.035
9902.157204,0.013000000000000001
9902.553204,0.089
9902.751204,0.013000000000000001
9902.949203999999,0.045
9903.147203999999,0.037
9903.345204,0.029
9903.543254,0.025
9903.741253999999,0.012
9903.939253999999,0.009000000000000001
9904.137254,0.055
9904.335254,0.014
9904.533503999999,0.07100000000000001
9904.731254,0.034
9904.929253999999,0.023
9905.127454,0.025
9905.325254,0.048
9905.523503999999,0.021
9905.721303999999,0.026000000000000002
9905.919304,0.05
9906.117504,0.096
9906.315504,0.076
9906.513503999999,0.027
9906.711503999999,0.043000000000000003
9906.909303999999,0.074
9907.107504,0.083
9907.305504,0.04
9907.503553999999,0.083
9907.701554,0.08
9907.899303999999,0.022
9908.097554,0.053
9908.295554,0.07
9908.493704,0.02
9908.691553999999,0.059000000000000004
9908.889554,0.116
9909.087554,0.063
9909.285554,0.054
9909.483753999999,0.036000000000000004
9909.681604,0.035
9909.879754,0.075
9910.077754,0.021
9910.275554,0.099
9910.473753999999,0.07100000000000001
9910.671753999999,0.036000000000000004
9910.869604,0.061
9911.067754,0.021
9911.265604,0.027
9911.463803999999,0.031
9911.661753999999,0.018000000000000002
9911.861904,0.029
9912.057754,0.042
9912.256003999999,0.05
9912.453754,0.042
9912.651804,0.016
9912.849903999999,0.04
9913.047804,0.021
9913.247904,0.124
9913.443804,0.037
9913.641803999999,0.033
9913.839804,0.066
9914.037954,0.041
9914.235804,0.062
9914.434054,0.05
9914.631854,0.012
9914.829854,0.061
9915.030053999999,0.053
9915.226053999999,0.04
9915.424054,0.047
9915.622054,0.076
9915.820004,0.049
9916.017953999999,0.091
9916.216204,0.079
9916.416154,0.075
9916.612104,0.07100000000000001
9916.810003999999,0.025
9917.008004,0.062
9917.206004,0.057
9917.404254,0.036000000000000004
9917.602104,0.011
9917.800104,0.05
9917.998004,0.10400000000000001
9918.196254,0.042
9918.394253999999,0.069
9918.592154,0.06
9918.790254,0.084
9918.988054,0.038
9919.186303999999,0.067
9919.384304,0.101
9919.584404,0.095
9919.780254,0.011
9919.978304,0.048
9920.176303999999,0.016
9920.374303999999,0.07
9920.572304,0.015
9920.770304,0.084
9920.968304,0.054
9921.166304,0.099
9921.364303999999,0.062
9921.562304,0.085
9921.760454,0.23800000000000002
9922.155604,0.196
9922.551604,0.062
9922.749603999999,0.068
9922.947603999999,0.025
9923.145604,0.012
9923.343853999999,0.032
9923.541604,0.059000000000000004
9923.739604,0.064
9923.937603999999,0.036000000000000004
9924.135604,0.128
9924.333854,0.112
9924.531604,0.039
9924.729653999999,0.07200000000000001
9924.927854,0.046
9925.125854,0.127
9925.323903999999,0.058
9925.521904,0.037
9925.719654,0.041
9925.917904,0.117
9926.115904,0.109
9926.313654,0.13
9926.511903999999,0.038
9926.709654,0.08600000000000001
9926.907904,0.084
9927.105904,0.037
9927.304054,0.082
9927.501903999999,0.029
9927.699904,0.07200000000000001
9927.897904,0.017
9928.095904,0.014
9928.294054,0.067
9928.491954,0.051000000000000004
9928.689954,0.078
9928.888104,0.029
9929.085954,0.01
9929.284104,0.061
9929.482103999999,0.073
9929.679954,0.02
9929.878104,0.036000000000000004
9930.075954,0.036000000000000004
9930.274104,0.064
9930.472104,0.037
9930.670004,0.045
9930.868154,0.006
9931.066154,0.099
9931.264154,0.042
9931.462153999999,0.026000000000000002
9931.662253999999,0.043000000000000003
9931.858154,0.062
9932.056154,0.02
9932.254154,0.043000000000000003
9932.452153999999,0.024
9932.650153999999,0.107
9932.848304,0.03
9933.046154,0.077
9933.244404,0.068
9933.442154,0.029
9933.640153999999,0.009000000000000001
9933.838303999999,0.041
9934.036204,0.064
9934.234403999999,0.023
9934.432454,0.079
9934.630204,0.114
9934.830453999999,0.074
9935.026354,0.07100000000000001
9935.224454,0.088
9935.422403999999,0.081
9935.620203999999,0.05
9935.818353999999,0.08
9936.016354,0.027
9936.216654,0.047
9936.412454,0.105
9936.610454,0.076
9936.808404,0.034
9937.006404,0.065
9937.204603999999,0.058
9937.402454,0.028
9937.600504,0.059000000000000004
9937.798404,0.028
9937.998504,0.074
9938.194404,0.028
9938.392654,0.125
9938.590504,0.091
9938.788504,0.093
9938.986404,0.046
9939.184653999999,0.045
9939.384753999999,0.055
9939.580504,0.015
9939.778654,0.068
9939.976654,0.127
9940.174704,0.115
9940.372704,0.101
9940.570704,0.005
9940.768704,0.036000000000000004
9940.966654,0.045
9941.164454,0.117
9941.362704,0.059000000000000004
9941.560704,0.027
9941.758854,0.068
9942.153954,0.121
9942.351954,0.096
9942.549954,0.084
9942.748004,0.029
9942.946004,0.041
9943.144004,0.07100000000000001
9943.342004,0.076
9943.540004,0.023
9943.738003999999,0.061
9943.936204,0.047
9944.134004,0.073
9944.332204,0.039
9944.530004,0.031
9944.728003999999,0.08600000000000001
9944.926254,0.07
9945.124254,0.069
9945.322253999999,0.034
9945.520254,0.049
9945.718004,0.012
9945.916254,0.03
9946.114254,0.053
9946.312254,0.054
9946.510304,0.065
9946.708053999999,0.094
9946.906304,0.068
9947.104304,0.058
9947.302303999999,0.065
9947.500253999999,0.083
9947.698304,0.059000000000000004
9947.896254,0.054
9948.094454,0.088
9948.294554,0.067
9948.490303999999,0.011
9948.688304,0.054
9948.886304,0.062
9949.084304,0.061
9949.282454,0.032
9949.480303999999,0.013000000000000001
9949.678304,0.032
9949.876504,0.028
9950.076604,0.012
9950.272503999999,0.029
9950.470503999999,0.029
9950.668354,0.101
9950.866504,0.013000000000000001
9951.064504,0.06
9951.262504,0.013000000000000001
9951.462604,0.044
9951.658503999999,0.009000000000000001
9951.856504,0.10200000000000001
9952.054753999999,0.09
9952.252553999999,0.03
9952.450554,0.111
9952.648554,0.08700000000000001
9952.846554,0.068
9953.044753999999,0.046
9953.242753999999,0.055
9953.440553999999,0.067
9953.638554,0.066
9953.836704,0.05
9954.034803999999,0.084
9954.232804,0.042
9954.430553999999,0.057
9954.630604,0.125
9954.826704,0.106
9955.024803999999,0.075
9955.222803999999,0.037
9955.420804,0.01
9955.618604,0.036000000000000004
9955.816754,0.097
9956.014954,0.015
9956.212854,0.01
9956.410854,0.027
9956.608753999999,0.037
9956.806754,0.041
9957.004954,0.01
9957.203003999999,0.024
9957.400854,0.041
9957.598854,0.023
9957.798853999999,0.17400000000000002
9957.995004,0.115
9958.193003999999,0.065
9958.390854,0.053
9958.588854,0.024
9958.787004,0.106
9958.985004,0.051000000000000004
9959.185104,0.008
9959.381054,0.042
9959.579054,0.04
9959.777054,0.114
9959.975054,0.11900000000000001
9960.173053999999,0.018000000000000002
9960.371054,0.094
9960.569204,0.01
9960.767054,0.039
9960.967203999999,0.081
9961.163053999999,0.048
9961.361053999999,0.019
9961.559204,0.057
9961.954354,0.051000000000000004
9962.152354,0.084
9962.350354,0.106
9962.548353999999,0.016
9962.746554,0.099
9962.944354,0.044
9963.142603999999,0.045
9963.340354,0.041
9963.538354,0.028
9963.736554,0.031
9963.934353999999,0.01
9964.132604,0.044
9964.330404,0.046
9964.528403999999,0.022
9964.726404,0.03
9964.924604,0.083
9965.122604,0.013000000000000001
9965.320604,0.04
9965.518404,0.046
9965.716604,0.098
9965.914604,0.107
9966.112653999999,0.137
9966.310653999999,0.028
9966.508654,0.095
9966.706654,0.108
9966.904654,0.062
9967.102804,0.014
9967.300653999999,0.038
9967.498653999999,0.042
9967.696453999999,0.075
9967.894654,0.016
9968.094954,0.057
9968.290704,0.055
9968.488704,0.049
9968.686854,0.08
9968.884654,0.123
9969.082854,0.068
9969.280853999999,0.058
9969.478704,0.126
9969.676854,0.03
9969.874704,0.145
9970.072903999999,0.089
9970.270854,0.079
9970.468853999999,0.024
9970.666854,0.116
9970.864854,0.115
9971.062904,0.039
9971.260903999999,0.031
9971.458904,0.121
9971.656904,0.137
9971.854904,0.177
9972.052904,0.057
9972.250904,0.01
9972.448903999999,0.044
9972.649153999999,0.064
9972.844904,0.048
9973.043153999999,0.04
9973.240953999999,0.009000000000000001
9973.438954,0.076
9973.637104,0.017
9973.835104,0.059000000000000004
9974.033153999999,0.032
9974.231154,0.044
9974.428953999999,0.047
9974.627104,0.036000000000000004
9974.825104,0.052000000000000005
9975.023204,0.085
9975.221204,0.044
9975.419004,0.041
9975.617103999999,0.046
9975.817304,0.078
9976.013353999999,0.122
9976.211204,0.023
9976.409204,0.021
9976.607004,0.073
9976.805154,0.018000000000000002
9977.003354,0.064
9977.203354,0.045
9977.399254,0.10200000000000001
9977.597404,0.04
9977.795154,0.057
9977.993403999999,0.051000000000000004
9978.191404,0.05
9978.389254,0.025
9978.587404,0.069
9978.785154,0.059000000000000004
9978.985553999999,0.074
9979.181403999999,0.053
9979.379254,0.057
9979.577404,0.023
9979.775404,0.028
9979.973404,0.02
9980.171403999999,0.048
9980.371503999999,0.024
9980.567404,0.054
9980.765454,0.021
9980.963453999999,0.039
9981.161454,0.012
9981.359454,0.052000000000000005
9981.754703999999,0.068
9981.952704,0.061
9982.150704,0.003
9982.348704,0.047
9982.546704,0.033
9982.744703999999,0.101
9982.942704,0.034
9983.140704,0.038
9983.338754,0.122
9983.536753999999,0.06
9983.734954,0.024
9983.932754,0.082
9984.131003999999,0.022
9984.328754,0.026000000000000002
9984.526754,0.075
9984.725004,0.043000000000000003
9984.922754,0.017
9985.121003999999,0.148
9985.319003999999,0.095
9985.516803999999,0.08700000000000001
9985.715054,0.017
9985.913004,0.047
9986.111004,0.091
9986.309003999999,0.057
9986.506803999999,0.06
9986.705004,0.058
9986.903004,0.14
9987.101203999999,0.05
9987.299054,0.045
9987.497054,0.108
9987.695054,0.036000000000000004
9987.893054,0.11900000000000001
9988.091204,0.129
9988.289053999999,0.091
9988.487054,0.041
9988.685054,0.068
9988.883054,0.031
9989.081204,0.05
9989.281353999999,0.052000000000000005
9989.477104,0.008
9989.675254,0.094
9989.873104,0.08700000000000001
9990.071254,0.058
9990.269253999999,0.018000000000000002
9990.467104,0.037
9990.665254,0.02
9990.863104,0.02
9991.063354,0.024
9991.259253999999,0.049
9991.457304,0.084
9991.655254,0.042
9991.853254,0.093
9992.051254,0.004
9992.249254,0.045
9992.449354,0.11800000000000001
9992.645304,0.181
9992.843304,0.059000000000000004
9993.041554,0.059000000000000004
9993.239303999999,0.075
9993.437304,0.066
9993.635554,0.018000000000000002
9993.833304,0.149
9994.031503999999,0.029
9994.229304,0.051000000000000004
9994.427354,0.026000000000000002
9994.625453999999,0.156
9994.823454,0.013000000000000001
9995.021553999999,0.015
9995.219554,0.028
9995.417354,0.06
9995.617504,0.034
9995.813504,0.08
9996.011553999999,0.036000000000000004
9996.209604,0.024
9996.407353999999,0.015
9996.605504,0.029
9996.803504,0.062
9997.001753999999,0.043000000000000003
9997.199604,0.068
9997.397604,0.026000000000000002
9997.595503999999,0.042
9997.793504,0.101
9997.991753999999,0.02
9998.189604,0.015
9998.387654,0.044
9998.585754,0.033
9998.785004,0.1
9998.981804,0.076
9999.179804,0.046
9999.377654,0.047
9999.575804,0.057
9999.773554,0.084
9999.971803999999,0.065
10000.171903999999,0.057
10000.367954,0.056
10000.565804,0.015
10000.763804,0.023
10000.961803999999,0.008
10001.159803999999,0.036000000000000004
10001.555104,0.068
10001.753104,0.028
10001.951104,0.039
10002.149104,0.03
10002.347104,0.054
10002.545103999999,0.028
10002.743104,0.057
10002.941304,0.096
10003.139104,0.081
10003.337104,0.06
10003.535354,0.05
10003.733103999999,0.026000000000000002
10003.931104,0.078
10004.129353999999,0.026000000000000002
10004.327104,0.06
10004.525104,0.012
10004.723354,0.039
10004.921354,0.037
10005.119354,0.13
10005.317154,0.059000000000000004
10005.515153999999,0.027
10005.713404,0.029
10005.911554,0.033
10006.109403999999,0.008
10006.307404,0.016
10006.505154,0.018000000000000002
10006.703404,0.064
10006.901554,0.08600000000000001
10007.099403999999,0.054
10007.297403999999,0.064
10007.495404,0.028
10007.693404,0.066
10007.891404,0.031
10008.089554,0.073
10008.287403999999,0.047
10008.485604,0.054
10008.683454,0.076
10008.881454,0.019
10009.079603999999,0.052000000000000005
10009.277454,0.041
10009.475604,0.025
10009.673604,0.066
10009.871604,0.047
10010.069604,0.042
10010.267603999999,0.085
10010.465654,0.091
10010.663654,0.047
10010.861504,0.013000000000000001
10011.059653999999,0.025
10011.257654,0.052000000000000005
10011.455654,0.043000000000000003
10011.653654,0.007
10011.851853999999,0.052000000000000005
10012.049654,0.039
10012.249754,0.08
10012.445803999999,0.058
10012.643704,0.066
10012.841903999999,0.08600000000000001
10013.039654,0.046
10013.237653999999,0.018000000000000002
10013.435803999999,0.01
10013.633804,0.032
10013.831704,0.027
10014.032054,0.004
10014.227703999999,0.019
10014.425704,0.059000000000000004
10014.623854,0.033
10014.821954,0.018000000000000002
10015.019954,0.019
10015.217703999999,0.027
10015.417904,0.058
10015.613854,0.058
10015.812103999999,0.081
10016.009954,0.047
10016.207954,0.041
10016.405904,0.091
10016.603904,0.037
10016.801904,0.02
10016.999953999999,0.038
10017.197954,0.032
10017.395954,0.04
10017.593904,0.044
10017.792104,0.1
10017.990154,0.068
10018.188004,0.045
10018.386154,0.078
10018.585954,0.009000000000000001
10018.782154,0.034
10018.980153999999,0.027
10019.178154,0.032
10019.376154,0.125
10019.574154,0.032
10019.771954,0.092
10019.970153999999,0.036000000000000004
10020.168204,0.026000000000000002
10020.366204,0.062
10020.564204,0.059000000000000004
10020.762203999999,0.037
10021.157454,0.007
10021.553453999999,0.024
10021.751454,0.023
10021.949454,0.016
10022.147454,0.067
10022.345454,0.033
10022.543654,0.055
10022.741504,0.028
10022.939504,0.044
10023.137504,0.022
10023.335503999999,0.046
10023.533503999999,0.008
10023.731504,0.088
10023.929704,0.051000000000000004
10024.127504,0.083
10024.325504,0.035
10024.523704,0.057
10024.721754,0.021
10024.919753999999,0.059000000000000004
10025.117753999999,0.09
10025.315504,0.037
10025.513754,0.021
10025.711754,0.03
10025.909554,0.017
10026.107753999999,0.081
10026.305553999999,0.019
10026.503553999999,0.019
10026.701754,0.046
10026.899954,0.05
10027.097803999999,0.045
10027.295804,0.066
10027.493754,0.009000000000000001
10027.691754,0.011
10027.889954,0.03
10028.087803999999,0.008
10028.285804,0.017
10028.483954,0.017
10028.681804,0.037
10028.879804,0.058
10029.077954,0.022
10029.275803999999,0.034
10029.473804,0.046
10029.671804,0.034
10029.870004,0.043000000000000003
10030.068003999999,0.011
10030.266004,0.045
10030.464004,0.063
10030.664104,0.037
10030.860004,0.055
10031.058004,0.032
10031.256003999999,0.039
10031.454004,0.024
10031.652004,0.023
10031.849854,0.01
10032.048053999999,0.025
10032.246054,0.029
10032.444054,0.036000000000000004
10032.642054,0.04
10032.840253999999,0.016
10033.038053999999,0.082
10033.236053999999,0.048
10033.434204,0.053
10033.632054,0.064
10033.832454,0.058
10034.028304,0.074
10034.226053999999,0.11900000000000001
10034.424203999999,0.085
10034.622204,0.062
10034.820303999999,0.126
10035.018304,0.069
10035.218154,0.094
10035.414203999999,0.085
10035.612254,0.066
10035.810454,0.039
10036.008354,0.01
10036.206354,0.022
10036.404254,0.011
10036.602254,0.055
10036.800503999999,0.038
10037.000504,0.026000000000000002
10037.196354,0.054
10037.394253999999,0.051000000000000004
10037.592304,0.032
10037.790503999999,0.114
10037.988503999999,0.065
10038.186354,0.007
10038.386553999999,0.041
10038.582304,0.08600000000000001
10038.780504,0.113
10038.978503999999,0.133
10039.176404,0.04
10039.374554,0.076
10039.572304,0.096
10039.770553999999,0.034
10039.968554,0.046
10040.166554,0.067
10040.364554,0.029
10040.562554,0.069
10040.760554,0.038
10041.155804,0.078
10041.551803999999,0.047
10041.749804,0.045
10041.947854,0.041
10042.145854,0.039
10042.343853999999,0.028
10042.541854,0.028
10042.739854,0.081
10042.937854,0.029
10043.135854,0.10300000000000001
10043.333854,0.044
10043.532054,0.035
10043.729854,0.059000000000000004
10043.928103999999,0.041
10044.125904,0.02
10044.323903999999,0.074
10044.522104,0.017
10044.719904,0.05
10044.918104,0.042
10045.116103999999,0.011
10045.313903999999,0.045
10045.512104,0.024
10045.710104,0.044
10045.908153999999,0.076
10046.106154,0.061
10046.303904,0.062
10046.502154,0.037
10046.700304,0.03
10046.898304,0.06
10047.096153999999,0.02
10047.294304,0.047
10047.492154,0.015
10047.690154,0.021
10047.888353999999,0.053
10048.086204,0.056
10048.284204,0.018000000000000002
10048.482204,0.049
10048.680354,0.035
10048.878354,0.057
10049.076353999999,0.031
10049.274354,0.074
10049.472354,0.036000000000000004
10049.670354,0.055
10049.868354,0.077
10050.066404,0.056
10050.264353999999,0.045
10050.462354,0.052000000000000005
10050.660204,0.08
10050.860553999999,0.07200000000000001
10051.056403999999,0.08
10051.254504,0.028
10051.452404,0.028
10051.650404,0.041
10051.848404,0.067
10052.046403999999,0.043000000000000003
10052.246503999999,0.043000000000000003
10052.442404,0.10300000000000001
10052.640653999999,0.024
10052.838654,0.066
10053.036404,0.052000000000000005
10053.234553999999,0.025
10053.432553999999,0.05
10053.630653999999,0.09
10053.828653999999,0.055
10054.028604,0.1
10054.224603999999,0.044
10054.422604,0.10300000000000001
10054.620554,0.047
10054.818653999999,0.05
10055.016704,0.029
10055.214504,0.031
10055.414654,0.084
10055.610853999999,0.026000000000000002
10055.808704,0.04
10056.006704,0.061
10056.204603999999,0.039
10056.402603999999,0.036000000000000004
10056.600854,0.07
10056.798853999999,0.107
10056.996704,0.044
10057.194854,0.07100000000000001
10057.392654,0.034
10057.590903999999,0.052000000000000005
10057.788904,0.056
10057.986703999999,0.023
10058.184904,0.08
10058.382854,0.07
10058.582903999999,0.029
10058.778954,0.016
10058.976904,0.10300000000000001
10059.174904,0.034
10059.372904,0.063
10059.570904,0.08600000000000001
10059.768903999999,0.068
10059.966903999999,0.07100000000000001
10060.164904,0.077
10060.362904,0.046
10060.561054,0.073
10060.758953999999,0.067
10061.154204,0.065
10061.352203999999,0.164
10061.550204,0.017
10061.748204,0.044
10061.946204,0.026000000000000002
10062.144253999999,0.016
10062.342454,0.059000000000000004
10062.540203999999,0.049
10062.738454,0.02
10062.936204,0.067
10063.134204,0.008
10063.332454,0.064
10063.530254,0.024
10063.728254,0.065
10063.926454,0.028
10064.124254,0.079
10064.322253999999,0.024
10064.520504,0.085
10064.718504,0.058
10064.916454,0.062
10065.114254,0.056
10065.312504,0.039
10065.510504,0.051000000000000004
10065.708654,0.096
10065.906503999999,0.068
10066.104503999999,0.03
10066.302504,0.089
10066.500504,0.067
10066.698654,0.101
10066.896504,0.082
10067.094554,0.017
10067.292303999999,0.011
10067.490554,0.04
10067.688704,0.024
10067.886703999999,0.035
10068.084554,0.068
10068.282704,0.067
10068.480554,0.055
10068.678704,0.056
10068.876704,0.078
10069.074553999999,0.08
10069.272754,0.10300000000000001
10069.470754,0.065
10069.668604,0.11
10069.866753999999,0.07
10070.064753999999,0.029
10070.262553999999,0.057
10070.460754,0.066
10070.658754,0.075
10070.856754,0.043000000000000003
10071.054753999999,0.092
10071.252903999999,0.03
10071.450804,0.069
10071.651103999999,0.009000000000000001
10071.846754,0.056
10072.044753999999,0.041
10072.242903999999,0.033
10072.440754,0.055
10072.638804,0.079
10072.836803999999,0.08
10073.034803999999,0.148
10073.232804,0.013000000000000001
10073.430954,0.231
10073.629053999999,0.161
10073.827054,0.058
10074.024803999999,0.07200000000000001
10074.222953999999,0.062
10074.420954,0.055
10074.619053999999,0.021
10074.819204,0.053
10075.014854,0.024
10075.213004,0.029
10075.411004,0.075
10075.609004,0.151
10075.807053999999,0.068
10076.005054,0.094
10076.204953999999,0.082
10076.401004,0.199
10076.599204,0.016
10076.797104,0.113
10076.995104,0.039
10077.193254,0.012
10077.391004,0.025
10077.589254,0.042
10077.787253999999,0.044
10077.987254,0.042
10078.183254,0.024
10078.381054,0.008
10078.579054,0.062
10078.777253999999,0.041
10078.975304,0.076
10079.173304,0.031
10079.373303999999,0.019
10079.569254,0.026000000000000002
10079.767254,0.053
10079.965304,0.028
10080.163304,0.013000000000000001
10080.361304,0.041
10080.756554,0.08600000000000001
10081.152554,0.016
10081.350553999999,0.034
10081.548604,0.012
10081.746604,0.034
10081.944604,0.045
10082.142804,0.023
10082.340804,0.093
10082.538604,0.056
10082.736804,0.101
10082.934604,0.07
10083.132604,0.036000000000000004
10083.330804,0.169
10083.528604,0.034
10083.726853999999,0.05
10083.924604,0.07100000000000001
10084.122604,0.016
10084.320854,0.049
10084.518854,0.014
10084.716854,0.093
10084.914853999999,0.044
10085.112653999999,0.083
10085.310854,0.096
10085.508854,0.041
10085.706903999999,0.126
10085.904903999999,0.027
10086.102853999999,0.02
10086.300854,0.042
10086.498854,0.035
10086.697004,0.077
10086.894903999999,0.077
10087.092904,0.027
10087.290904,0.077
10087.488904,0.024
10087.687054,0.04
10087.884903999999,0.031
10088.083053999999,0.039
10088.281054,0.14200000000000002
10088.478904,0.076
10088.677104,0.08700000000000001
10088.875103999999,0.097
10089.074154,0.081
10089.271104,0.059000000000000004
10089.468954,0.137
10089.667104,0.012
10089.865104,0.037
10090.063103999999,0.023
10090.261104,0.073
10090.461204,0.058
10090.657154,0.088
10090.855153999999,0.056
10091.053304,0.034
10091.251154,0.052000000000000005
10091.449154,0.055
10091.647154,0.02
10091.845153999999,0.015
10092.043254,0.039
10092.241304,0.038
10092.439154,0.106
10092.637404,0.10200000000000001
10092.835154,0.042
10093.033153999999,0.023
10093.231303999999,0.076
10093.429154,0.043000000000000003
10093.629504,0.091
10093.825203999999,0.073
10094.023304,0.073
10094.221303999999,0.024
10094.419554,0.009000000000000001
10094.617454,0.036000000000000004
10094.815454,0.109
10095.013353999999,0.061
10095.211354,0.067
10095.409354,0.048
10095.607554,0.019
10095.805454,0.025
10096.003604,0.079
10096.201353999999,0.08600000000000001
10096.399404,0.064
10096.597603999999,0.04
10096.797604,0.027
10096.993604,0.04
10097.191404,0.034
10097.389604,0.051000000000000004
10097.587604,0.098
10097.785603999999,0.039
10097.983604,0.092
10098.183704,0.047
10098.379654,0.053
10098.577653999999,0.139
10098.775654,0.065
10098.973504,0.033
10099.171654,0.019
10099.369404,0.052000000000000005
10099.567654,0.094
10099.765653999999,0.07200000000000001
10099.965954,0.077
10100.161654,0.067
10100.359854,0.093
10100.754954,0.034
10100.952954,0.044
10101.150953999999,0.08700000000000001
10101.348954,0.015
10101.546954,0.02
10101.744954,0.078
10101.942954,0.028
10102.141153999999,0.029
10102.338953999999,0.05
10102.537204,0.044
10102.735154,0.036000000000000004
10102.933004,0.036000000000000004
10103.131204,0.025
10103.329204,0.037
10103.527204,0.05
10103.725204,0.085
10103.922954,0.061
10104.121204,0.099
10104.319204,0.064
10104.517004,0.017
10104.715253999999,0.023
10104.913004,0.063
10105.111254,0.039
10105.309254,0.045
10105.507404,0.022
10105.705254,0.065
10105.903253999999,0.07100000000000001
10106.101254,0.027
10106.299254,0.042
10106.497404,0.052000000000000005
10106.695254,0.048
10106.893304,0.078
10107.091454,0.099
10107.289304,0.068
10107.487254,0.083
10107.685404,0.069
10107.883303999999,0.021
10108.081454,0.029
10108.279304,0.039
10108.477454,0.038
10108.675454,0.046
10108.873303999999,0.018000000000000002
10109.071453999999,0.065
10109.269454,0.043000000000000003
10109.467454,0.031
10109.665454,0.041
10109.865654,0.011
10110.061504,0.022
10110.259504,0.08
10110.457354,0.026000000000000002
10110.655504,0.089
10110.853503999999,0.059000000000000004
10111.051653999999,0.059000000000000004
10111.251554,0.04
10111.447704,0.063
10111.645504,0.078
10111.843504,0.082
10112.041653999999,0.037
10112.239554,0.058
10112.437753999999,0.041
10112.635753999999,0.046
10112.833553999999,0.037
10113.033803999999,0.082
10113.229704,0.036000000000000004
10113.427754,0.005
10113.625753999999,0.044
10113.823553999999,0.023
10114.021703999999,0.07200000000000001
10114.219704,0.075
10114.420004,0.056
10114.615804,0.085
10114.813804,0.019
10115.011703999999,0.045
10115.209703999999,0.063
10115.407954,0.07200000000000001
10115.605803999999,0.052000000000000005
10115.803804,0.061
10116.001804,0.021
10116.199754,0.052000000000000005
10116.397754,0.077
10116.596003999999,0.015
10116.793803999999,0.044
10116.991954,0.06
10117.189753999999,0.026000000000000002
10117.388004,0.048
10117.588054,0.081
10117.783854,0.023
10117.982004,0.088
10118.180004,0.061
10118.378004,0.011
10118.576003999999,0.045
10118.774003999999,0.075
10118.972004,0.05
10119.170004,0.068
10119.368004,0.019
10119.566053999999,0.032
10119.764054,0.05
10119.962204,0.077
10120.160054,0.008
10120.555304,0.055
10120.753304,0.089
10120.951304,0.096
10121.149303999999,0.127
10121.347303999999,0.052000000000000005
10121.545304,0.02
10121.743304,0.058
10121.941304,0.032
10122.139554,0.044
10122.337354,0.033
10122.535554,0.153
10122.733354,0.057
10122.931354,0.098
10123.129604,0.241
10123.327354,0.198
10123.527204,0.015
10123.723354,0.125
10123.921354,0.19
10124.119604,0.033
10124.317604,0.034
10124.515604,0.049
10124.713603999999,0.028
10124.911404,0.077
10125.109604,0.067
10125.307604,0.036000000000000004
10125.507254,0.092
10125.703604,0.095
10125.901654,0.054
10126.099603999999,0.047
10126.297604,0.048
10126.495804,0.012
10126.693653999999,0.041
10126.891654,0.088
10127.089654,0.05
10127.289304,0.031
10127.485804,0.09
10127.683804,0.026000000000000002
10127.881653999999,0.054
10128.079854,0.017
10128.277654,0.012
10128.475854,0.038
10128.673853999999,0.035
10128.871653999999,0.058
10129.069803999999,0.079
10129.267654,0.009000000000000001
10129.465854,0.042
10129.663854,0.135
10129.861853999999,0.029
10130.059854,0.038
10130.257854,0.035
10130.455854,0.041
10130.653854,0.043000000000000003
10130.851853999999,0.077
10131.049853999999,0.026000000000000002
10131.247854,0.02
10131.446103999999,0.10400000000000001
10131.643903999999,0.07
10131.841903999999,0.074
10132.042204,0.011
10132.237904,0.046
10132.436153999999,0.066
10132.633904,0.068
10132.831903999999,0.037
10133.030053999999,0.045
10133.228054,0.024
10133.426153999999,0.083
10133.624154,0.078
10133.821954,0.07100000000000001
10134.020104,0.044
10134.218104,0.058
10134.416153999999,0.042
10134.614153999999,0.057
10134.811953999999,0.049
10135.010103999999,0.161
10135.208104,0.022
10135.406304,0.043000000000000003
10135.604204,0.061
10135.802204,0.023
10136.000103999999,0.08700000000000001
10136.198104,0.022
10136.396354,0.058
10136.594203999999,0.07100000000000001
10136.792204,0.045
10136.990104,0.11900000000000001
10137.188154,0.054
10137.386354,0.028
10137.584353999999,0.06
10137.782254,0.077
10137.982504,0.101
10138.178154,0.091
10138.376354,0.046
10138.574354,0.069
10138.772254,0.133
10138.970404,0.051000000000000004
10139.168404,0.04
10139.368454,0.043000000000000003
10139.564403999999,0.055
10139.762404,0.068
10140.157653999999,0.092
10140.553704,0.091
10140.751704,0.039
10140.949904,0.033
10141.147703999999,0.055
10141.345904,0.069
10141.543704,0.066
10141.741704,0.055
10141.939704,0.066
10142.137703999999,0.042
10142.335704,0.024
10142.533954,0.093
10142.731704,0.08600000000000001
10142.929954,0.053
10143.127954,0.069
10143.325954,0.083
10143.523954,0.089
10143.721754,0.013000000000000001
10143.919753999999,0.14200000000000002
10144.117954,0.04
10144.316154,0.017
10144.514003999999,0.06
10144.712003999999,0.046
10144.909953999999,0.067
10145.107954,0.088
10145.305954,0.021
10145.504004,0.121
10145.702003999999,0.06
10145.899803999999,0.112
10146.098004,0.083
10146.296154,0.07100000000000001
10146.496254,0.126
10146.692003999999,0.064
10146.890153999999,0.034
10147.088004,0.123
10147.286154,0.02
10147.484204,0.094
10147.682053999999,0.12
10147.880204,0.036000000000000004
10148.078054,0.041
10148.276054,0.027
10148.474204,0.039
10148.672204,0.062
10148.870203999999,0.1
10149.068204,0.05
10149.266204,0.04
10149.464204,0.019
10149.664353999999,0.011
10149.860254,0.056
10150.058254,0.044
10150.256454,0.073
10150.454204,0.043000000000000003
10150.652253999999,0.05
10150.850354,0.089
10151.048254,0.088
10151.246503999999,0.037
10151.444254,0.10300000000000001
10151.642254,0.01
10151.840253999999,0.066
10152.038403999999,0.054
10152.236504,0.03
10152.434503999999,0.068
10152.632254,0.064
10152.832604,0.081
10153.028403999999,0.068
10153.226504,0.018000000000000002
10153.424554,0.046
10153.622304,0.035
10153.820453999999,0.07
10154.018454,0.124
10154.218703999999,0.11
10154.414504,0.057
10154.612554,0.10300000000000001
10154.810354,0.099
10155.008453999999,0.08
10155.206704,0.061
10155.404553999999,0.012
10155.602554,0.059000000000000004
10155.800704,0.066
10156.000603999999,0.044
10156.196704,0.107
10156.394704,0.041
10156.592604,0.07200000000000001
10156.790704,0.077
10156.988503999999,0.084
10157.186754,0.073
10157.386854,0.049
10157.582604,0.078
10157.780604,0.094
10157.978754,0.051000000000000004
10158.176754,0.056
10158.374754,0.027
10158.572753999999,0.006
10158.770754,0.077
10158.968754,0.055
10159.166804,0.079
10159.364803999999,0.053
10159.562753999999,0.079
10159.760954,0.015
10160.156054,0.063
10160.552054,0.057
10160.750054,0.029
10160.948054,0.084
10161.146053999999,0.07
10161.344254,0.037
10161.542054,0.07200000000000001
10161.740054,0.028
10161.938304,0.063
10162.136104,0.062
10162.334304,0.034
10162.532054,0.058
10162.730054,0.078
10162.928304,0.125
10163.126304,0.054
10163.324104,0.024
10163.522353999999,0.035
10163.720104,0.034
10163.918104,0.009000000000000001
10164.116354,0.07
10164.314354,0.113
10164.512354,0.043000000000000003
10164.710104,0.089
10164.908354,0.112
10165.106354,0.10200000000000001
10165.304504,0.034
10165.502354,0.027
10165.700404,0.062
10165.898353999999,0.043000000000000003
10166.096354,0.076
10166.294554,0.039
10166.492354,0.096
10166.690354,0.13
10166.888154,0.066
10167.086404,0.067
10167.284554,0.035
10167.482554,0.08600000000000001
10167.680403999999,0.057
10167.878553999999,0.042
10168.076404,0.031
10168.274554,0.128
10168.472554,0.034
10168.670554,0.063
10168.868604,0.054
10169.066604,0.053
10169.264604,0.008
10169.462604,0.021
10169.660603999999,0.045
10169.860703999999,0.028
10170.056604,0.049
10170.254604,0.055
10170.452604,0.023
10170.650604,0.082
10170.848753999999,0.065
10171.046654,0.037
10171.246804,0.04
10171.442654,0.042
10171.640653999999,0.016
10171.838854,0.02
10172.036603999999,0.029
10172.234854,0.066
10172.432654,0.059000000000000004
10172.630653999999,0.033
10172.828803999999,0.027
10173.028903999999,0.042
10173.224903999999,0.046
10173.422904,0.008
10173.620654,0.017
10173.818803999999,0.031
10174.016803999999,0.073
10174.214904,0.027
10174.415004,0.047
10174.610904,0.027
10174.808853999999,0.039
10175.006854,0.042
10175.205054,0.051000000000000004
10175.402903999999,0.01
10175.600903999999,0.027
10175.798853999999,0.082
10175.996853999999,0.078
10176.195054,0.07
10176.393103999999,0.065
10176.590954,0.049
10176.789104,0.074
10176.987104,0.109
10177.185104,0.066
10177.383103999999,0.085
10177.583053999999,0.032
10177.779104,0.014
10177.976904,0.021
10178.175104,0.025
10178.373104,0.013000000000000001
10178.571154,0.055
10178.769154,0.023
10178.967304,0.09
10179.165154,0.025
10179.363153999999,0.05
10179.561153999999,0.026000000000000002
10179.759154,0.028
10180.154403999999,0.011
10180.352404,0.027
10180.550404,0.018000000000000002
10180.748404,0.069
10180.946404,0.01
10181.144654,0.045
10181.342454,0.062
10181.540454,0.009000000000000001
10181.738454,0.01
10181.936453999999,0.025
10182.134654,0.018000000000000002
10182.332654,0.007
10182.530454,0.069
10182.728454,0.12
10182.926653999999,0.066
10183.124704,0.036000000000000004
10183.322704,0.021
10183.520504,0.069
10183.718504,0.015
10183.916704,0.033
10184.114854,0.139
10184.312704,0.08700000000000001
10184.510704,0.117
10184.708703999999,0.04
10184.906703999999,0.028
10185.104904,0.062
10185.302754,0.064
10185.500753999999,0.105
10185.698754,0.058
10185.896754,0.038
10186.094754,0.069
10186.292904,0.064
10186.490754,0.012
10186.688753999999,0.063
10186.886754,0.094
10187.084954,0.097
10187.282954,0.02
10187.483004,0.11800000000000001
10187.678904,0.097
10187.876903999999,0.043000000000000003
10188.074904,0.025
10188.272954,0.015
10188.470954,0.116
10188.668953999999,0.276
10188.866954,0.098
10189.064954,0.052000000000000005
10189.262954,0.04
10189.460954,0.088
10189.658953999999,0.107
10189.856953999999,0.108
10190.055204,0.015
10190.253004,0.008
10190.451003999999,0.065
10190.651103999999,0.055
10190.847004,0.094
10191.045253999999,0.10400000000000001
10191.243004,0.177
10191.441004,0.116
10191.639154,0.051000000000000004
10191.837153999999,0.093
10192.035004,0.09
10192.233253999999,0.12
10192.431053999999,0.093
10192.629053999999,0.092
10192.827204,0.107
10193.025254,0.11
10193.223253999999,0.113
10193.421253999999,0.052000000000000005
10193.619154,0.025
10193.819254,0.101
10194.015454,0.047
10194.213303999999,0.007
10194.411304,0.034
10194.609204,0.101
10194.807203999999,0.043000000000000003
10195.005454,0.019
10195.205453999999,0.019
10195.401303999999,0.092
10195.599454,0.042
10195.797204,0.106
10195.995454,0.07100000000000001
10196.193454,0.085
10196.391354,0.041
10196.589453999999,0.036000000000000004
10196.787253999999,0.041
10196.987604,0.08600000000000001
10197.183454,0.036000000000000004
10197.381454,0.081
10197.579453999999,0.096
10197.777504,0.115
10197.975504,0.061
10198.173504,0.058
10198.373604,0.125
10198.569354,0.082
10198.767504,0.042
10198.965654,0.058
10199.163504,0.107
10199.361504,0.052000000000000005
10199.756754,0.068
10199.954754,0.028
10200.152753999999,0.073
10200.350754,0.077
10200.548804,0.062
10200.747003999999,0.066
10200.944803999999,0.16
10201.143054,0.08
10201.340804,0.069
10201.538804,0.058
10201.737054,0.076
10201.934804,0.14100000000000001
10202.133054,0.079
10202.330804,0.052000000000000005
10202.528804,0.001
10202.727053999999,0.019
10202.925054,0.094
10203.123054,0.111
10203.321103999999,0.018000000000000002
10203.518854,0.116
10203.717053999999,0.07
10203.915054,0.018000000000000002
10204.113054,0.058
10204.311104,0.053
10204.509103999999,0.14400000000000002
10204.706903999999,0.07
10204.905104,0.045
10205.103254,0.065
10205.301104,0.046
10205.499104,0.067
10205.697103999999,0.057
10205.895104,0.038
10206.093254,0.017
10206.291104,0.079
10206.489153999999,0.034
10206.687304,0.008
10206.885154,0.009000000000000001
10207.083304,0.08700000000000001
10207.283404,0.063
10207.479153999999,0.131
10207.677303999999,0.014
10207.875154,0.025
10208.073304,0.159
10208.271304,0.047
10208.469353999999,0.044
10208.667354,0.051000000000000004
10208.865354,0.004
10209.065354,0.094
10209.261304,0.08600000000000001
10209.459304,0.07
10209.657353999999,0.027
10209.855354,0.084
10210.053554,0.062
10210.251354,0.037
10210.451454,0.01
10210.647353999999,0.06
10210.845354,0.04
10211.043604,0.059000000000000004
10211.241354,0.061
10211.439354,0.032
10211.637504,0.07200000000000001
10211.835404,0.058
10212.033604,0.08700000000000001
10212.231603999999,0.014
10212.429404,0.058
10212.627553999999,0.109
10212.825554,0.031
10213.023604,0.044
10213.221604,0.028
10213.419404,0.053
10213.619504,0.113
10213.815553999999,0.211
10214.013804,0.14300000000000002
10214.211653999999,0.093
10214.409654,0.052000000000000005
10214.607554,0.032
10214.805553999999,0.044
10215.003804,0.054
10215.201654,0.114
10215.399653999999,0.058
10215.597603999999,0.056
10215.795603999999,0.121
10215.993804,0.121
10216.191853999999,0.097
10216.389704,0.058
10216.587704,0.105
10216.786404,0.018000000000000002
10216.983854,0.07100000000000001
10217.181854,0.022
10217.379604,0.095
10217.577854,0.069
10217.775854,0.036000000000000004
10217.973854,0.02
10218.172504,0.088
10218.369853999999,0.129
10218.567853999999,0.214
10218.765854,0.074
10218.963854,0.076
10219.161854,0.10200000000000001
10219.557154,0.064
10219.953153999999,0.043000000000000003
10220.151154,0.075
10220.349154,0.151
10220.547154,0.081
10220.745154,0.035
10220.943204,0.031
10221.141404,0.024
10221.339154,0.116
10221.537154,0.036000000000000004
10221.735404,0.077
10221.933203999999,0.20800000000000002
10222.131404,0.061
10222.329204,0.023
10222.527204,0.068
10222.725403999999,0.133
10222.923203999999,0.099
10223.121454,0.077
10223.319454,0.042
10223.517204,0.089
10223.715403999999,0.035
10223.913454,0.021
10224.111454,0.067
10224.309454,0.1
10224.507254,0.107
10224.705453999999,0.049
10224.903454,0.108
10225.101604,0.088
10225.299454,0.027
10225.497454,0.064
10225.695453999999,0.064
10225.893454,0.137
10226.091654,0.08600000000000001
10226.289504,0.07100000000000001
10226.487503999999,0.068
10226.685504,0.021
10226.883504,0.042
10227.081654,0.046
10227.280304,0.038
10227.477504,0.048
10227.675653999999,0.128
10227.873504,0.061
10228.071704,0.033
10228.269704,0.075
10228.467553999999,0.05
10228.665704,0.057
10228.863704,0.068
10229.062354,0.051000000000000004
10229.259704,0.024
10229.457654,0.043000000000000003
10229.655703999999,0.026000000000000002
10229.853704,0.068
10230.051754,0.052000000000000005
10230.249754,0.062
10230.448354,0.076
10230.645703999999,0.059000000000000004
10230.843703999999,0.05
10231.041954,0.095
10231.239754,0.052000000000000005
10231.437753999999,0.157
10231.635903999999,0.051000000000000004
10231.833754,0.154
10232.032003999999,0.027
10232.229754,0.095
10232.427754,0.112
10232.625904,0.078
10232.823903999999,0.035
10233.022004,0.038
10233.220003999999,0.082
10233.417803999999,0.052000000000000005
10233.616554,0.112
10233.813954,0.065
10234.012004,0.025
10234.210003999999,0.009000000000000001
10234.408003999999,0.031
10234.605953999999,0.093
10234.803953999999,0.041
10235.002154,0.096
10235.200053999999,0.044
10235.398054,0.11900000000000001
10235.595954,0.03
10235.794204,0.078
10235.992204,0.064
10236.190053999999,0.02
10236.388203999999,0.067
10236.586204,0.02
10236.784854,0.032
10236.982204,0.045
10237.180204,0.042
10237.378104,0.064
10237.576254,0.031
10237.774254,0.08
10237.972254,0.054
10238.170854,0.032
10238.368403999999,0.059000000000000004
10238.566254,0.025
10238.764404,0.077
10239.159504,0.01
10239.555504,0.108
10239.753504,0.054
10239.951503999999,0.015
10240.149554,0.051000000000000004
10240.347554,0.039
10240.545753999999,0.041
10240.743553999999,0.018000000000000002
10240.941754,0.069
10241.139554,0.015
10241.337554,0.07100000000000001
10241.535753999999,0.02
10241.733554,0.095
10241.931553999999,0.082
10242.129804,0.096
10242.327604,0.029
10242.525554,0.061
10242.723804,0.038
10242.921804,0.027
10243.119804,0.022
10243.317604,0.054
10243.515803999999,0.043000000000000003
10243.713803999999,0.01
10243.912004,0.033
10244.109854,0.073
10244.307853999999,0.05
10244.505853999999,0.098
10244.703854,0.036000000000000004
10244.902004,0.042
10245.099854,0.034
10245.297854,0.044
10245.495654,0.062
10245.693854,0.076
10245.892654,0.042
10246.090054,0.057
10246.287854,0.049
10246.486004,0.061
10246.683853999999,0.047
10246.882004,0.006
10247.080004,0.031
10247.277903999999,0.047
10247.476053999999,0.009000000000000001
10247.674054,0.047
10247.871904,0.028
10248.070054,0.049
10248.268054,0.054
10248.465903999999,0.029
10248.664053999999,0.048
10248.862054,0.011
10249.060704,0.018000000000000002
10249.258054,0.101
10249.456204,0.042
10249.654104,0.056
10249.852304,0.031
10250.050104,0.014
10250.248104,0.039
10250.446854,0.077
10250.644103999999,0.009000000000000001
10250.842104,0.012
10251.040104,0.057
10251.238104,0.073
10251.436254,0.03
10251.634253999999,0.035
10251.832354,0.076
10252.030354,0.054
10252.228104,0.011
10252.426254,0.053
10252.624254,0.031
10252.822354,0.043000000000000003
10253.020354,0.03
10253.218404,0.061
10253.416304,0.017
10253.614953999999,0.078
10253.812304,0.04
10254.010403999999,0.069
10254.208354,0.093
10254.406154,0.024
10254.604304,0.05
10254.802554,0.024
10255.000554,0.026000000000000002
10255.198403999999,0.043000000000000003
10255.396553999999,0.023
10255.594353999999,0.044
10255.792554,0.025
10255.990554,0.019
10256.188403999999,0.022
10256.386553999999,0.036000000000000004
10256.584304,0.045
10256.783003999999,0.076
10256.980604,0.075
10257.178603999999,0.046
10257.376454,0.02
10257.574604,0.037
10257.772604,0.063
10257.970604,0.062
10258.169254,0.033
10258.366603999999,0.023
10258.564604,0.038
10258.762754,0.06
10259.157854,0.011
10259.355854,0.024
10259.553904,0.053
10259.751903999999,0.013000000000000001
10259.949904,0.051000000000000004
10260.147904,0.027
10260.345904,0.032
10260.544154,0.065
10260.741904,0.055
10260.940104,0.06
10261.137904,0.024
10261.335904,0.043000000000000003
10261.534153999999,0.031
10261.731953999999,0.026000000000000002
10261.930154,0.065
10262.127954,0.07
10262.325954,0.078
10262.524153999999,0.042
10262.722154,0.08600000000000001
10262.919953999999,0.039
10263.118154,0.059000000000000004
10263.315954,0.061
10263.513954,0.059000000000000004
10263.712204,0.021
10263.910204,0.073
10264.108204,0.03
10264.305954,0.016
10264.504203999999,0.041
10264.702204,0.016
10264.900354,0.028
10265.098204,0.052000000000000005
10265.296204,0.06
10265.494203999999,0.037
10265.692203999999,0.08
10265.890404,0.082
10266.088254,0.031
10266.286204,0.005
10266.484403999999,0.016
10266.682203999999,0.04
10266.880404,0.038
10267.078404,0.015
10267.276254,0.014
10267.475053999999,0.035
10267.672254,0.052000000000000005
10267.870404,0.024
10268.068404,0.056
10268.266404,0.007
10268.464404,0.038
10268.662454,0.047
10268.860454,0.082
10269.058454,0.054
10269.256454,0.011
10269.454453999999,0.034
10269.652454,0.024
10269.850454,0.045
10270.048454,0.016
10270.246454,0.042
10270.444604,0.007
10270.643103999999,0.023
10270.840704,0.016
10271.038504,0.019
10271.236504,0.032
10271.434653999999,0.05
10271.632504,0.022
10271.830704,0.045
10272.028704,0.011
10272.226504,0.021
10272.424654,0.043000000000000003
10272.622653999999,0.061
10272.820754,0.009000000000000001
10273.018753999999,0.022
10273.216504,0.008
10273.414654,0.054
10273.612653999999,0.028
10273.811504,0.021
10274.008754,0.064
10274.206753999999,0.067
10274.404703999999,0.027
10274.602703999999,0.021
10274.800904,0.055
10274.998803999999,0.015
10275.197403999999,0.031
10275.394704,0.018000000000000002
10275.592703999999,0.036000000000000004
10275.790904,0.038
10275.988904,0.033
10276.186803999999,0.079
10276.384954,0.046
10276.582754,0.022
10276.780954,0.041
10276.979604,0.056
10277.176803999999,0.035
10277.374953999999,0.026000000000000002
10277.573104,0.032
10277.770954,0.07
10277.968954,0.045
10278.167104,0.036000000000000004
10278.365654,0.046
10278.563154,0.078
10278.958254,0.019
10279.156254,0.027
10279.354254,0.044
10279.552254,0.034
10279.750253999999,0.021
10279.948253999999,0.082
10280.146254,0.03
10280.344254,0.029
10280.542254,0.034
10280.740504,0.064
10280.938304,0.039
10281.136304,0.022
10281.334504,0.045
10281.532503999999,0.039
10281.730303999999,0.01
10281.928554,0.051000000000000004
10282.126304,0.02
10282.324304,0.068
10282.522503999999,0.046
10282.720554,0.053
10282.918554,0.053
10283.116554,0.011
10283.314553999999,0.034
10283.512553999999,0.021
10283.710704,0.068
10283.908554,0.043000000000000003
10284.106554,0.046
10284.304554,0.028
10284.502553999999,0.015
10284.700703999999,0.027
10284.898604,0.008
10285.096604,0.024
10285.294753999999,0.044
10285.492604,0.05
10285.690604,0.031
10285.888754,0.10400000000000001
10286.086604,0.089
10286.284754,0.035
10286.482603999999,0.044
10286.680753999999,0.029
10286.878804,0.04
10287.076804,0.019
10287.274803999999,0.035
10287.472803999999,0.008
10287.671403999999,0.027
10287.868754,0.034
10288.066804,0.02
10288.264804,0.028
10288.462803999999,0.023
10288.660804,0.008
10288.858804,0.04
10289.056804,0.034
10289.254804,0.047
10289.452803999999,0.023
10289.651054,0.039
10289.848804,0.051000000000000004
10290.046804,0.005
10290.244954,0.033
10290.442853999999,0.027
10290.641054,0.012
10290.839704,0.016
10291.036854,0.016
10291.235004,0.064
10291.433004,0.032
10291.630853999999,0.039
10291.829104,0.032
10292.026854,0.029
10292.225504,0.024
10292.423004,0.059000000000000004
10292.621254,0.068
10292.819104,0.064
10293.017103999999,0.045
10293.215054,0.032
10293.413004,0.048
10293.611254,0.058
10293.809104,0.033
10294.007754,0.031
10294.205054,0.014
10294.403054,0.023
10294.601053999999,0.048
10294.799304,0.07
10294.997153999999,0.031
10295.195303999999,0.039
10295.393704,0.067
10295.591304,0.031
10295.789304,0.075
10295.987154,0.051000000000000004
10296.185303999999,0.042
10296.383303999999,0.024
10296.581354,0.01
10296.779354,0.03
10296.977353999999,0.026000000000000002
10297.175304,0.081
10297.373303999999,0.047
10297.571103999999,0.035
10297.769354,0.024
10297.967354,0.056
10298.165353999999,0.037
10298.363354,0.02
10298.758603999999,0.024
10298.956603999999,0.026000000000000002
10299.154604,0.024
10299.352654,0.054
10299.550653999999,0.028
10299.748653999999,0.032
10299.946603999999,0.043000000000000003
10300.144604,0.03
10300.342854,0.012
10300.540654,0.082
10300.738653999999,0.042
10300.936654,0.026000000000000002
10301.134654,0.025
10301.332654,0.008
10301.530654,0.043000000000000003
10301.728904,0.028
10301.926904,0.011
10302.124654,0.048
10302.322903999999,0.067
10302.520903999999,0.046
10302.718904,0.068
10302.916904,0.012
10303.114704,0.048
10303.312904,0.03
10303.510954,0.023
10303.709104,0.013000000000000001
10303.906904,0.017
10304.104904,0.033
10304.302704,0.013000000000000001
10304.500954,0.03
10304.699754,0.046
10304.896954,0.019
10305.094954,0.017
10305.292953999999,0.04
10305.490953999999,0.011
10305.689104,0.064
10305.887104,0.058
10306.084954,0.025
10306.283153999999,0.019
10306.480953999999,0.016
10306.679154,0.02
10306.877154,0.047
10307.075004,0.01
10307.273003999999,0.023
10307.471153999999,0.057
10307.669154,0.074
10307.867804,0.029
10308.065154,0.047
10308.263154,0.046
10308.461204,0.054
10308.659204,0.012
10308.857204,0.044
10309.055204,0.031
10309.253804,0.019
10309.451154,0.021
10309.649404,0.038
10309.847204,0.039
10310.045204,0.035
10310.243204,0.012
10310.441203999999,0.023
10310.639454,0.021
10310.837204,0.048
10311.035854,0.035
10311.233354,0.067
10311.431354,0.033
10311.629454,0.056
10311.827454,0.04
10312.025254,0.055
10312.223404,0.017
10312.422053999999,0.036000000000000004
10312.619504,0.054
10312.817454,0.085
10313.015404,0.039
10313.213404,0.10400000000000001
10313.411404,0.033
10313.609604,0.058
10313.807504,0.017
10314.005653999999,0.045
10314.203454,0.034
10314.401504,0.075
10314.599654,0.093
10314.797504,0.021
10314.995654,0.012
10315.193653999999,0.008
10315.391453999999,0.035
10315.590304,0.018000000000000002
10315.787654,0.063
10315.985553999999,0.024
10316.183704,0.018000000000000002
10316.381454,0.021
10316.579704,0.036000000000000004
10316.777704,0.037
10316.975854,0.036000000000000004
10317.173703999999,0.013000000000000001
10317.371704,0.011
10317.569704,0.056
10317.767704,0.024
10317.965854,0.046
10318.163754,0.022
10318.559003999999,0.03
10318.757004,0.013000000000000001
10318.955004,0.02
10319.153204,0.02
10319.351004,0.053
10319.549203999999,0.081
10319.747003999999,0.032
10319.945004,0.039
10320.143204,0.016
10320.341004,0.017
10320.539004,0.063
10320.737254,0.044
10320.935054,0.045
10321.133254,0.023
10321.331253999999,0.032
10321.529004,0.055
10321.727254,0.048
10321.925054,0.044
10322.123254,0.045
10322.321254,0.054
10322.519253999999,0.048
10322.717304,0.02
10322.915304,0.006
10323.113304,0.069
10323.311303999999,0.053
10323.509304,0.002
10323.707304,0.039
10323.905304,0.083
10324.103304,0.054
10324.301354,0.018000000000000002
10324.499504,0.024
10324.697504,0.026000000000000002
10324.895304,0.068
10325.093504,0.027
10325.291304,0.043000000000000003
10325.489303999999,0.006
10325.687504,0.05
10325.885354,0.024
10326.083504,0.048
10326.282153999999,0.016
10326.479354,0.064
10326.677504,0.034
10326.875504,0.058
10327.073504,0.061
10327.271504,0.03
10327.469503999999,0.052000000000000005
10327.667504,0.027
10327.865554,0.018000000000000002
10328.064304,0.044
10328.261553999999,0.051000000000000004
10328.459804,0.008
10328.657554,0.015
10328.855554,0.037
10329.053704,0.059000000000000004
10329.251554,0.024
10329.450404,0.045
10329.647554,0.02
10329.845554,0.02
10330.043704,0.033
10330.241704,0.043000000000000003
10330.439804,0.034
10330.637804,0.016
10330.835554,0.047
10331.033704,0.078
10331.231704,0.039
10331.429603999999,0.018000000000000002
10331.627854,0.032
10331.825853999999,0.027
10332.023754,0.02
10332.221754,0.029
10332.419753999999,0.051000000000000004
10332.618454,0.03
10332.815854,0.022
10333.013604,0.017
10333.211754,0.035
10333.410004,0.026000000000000002
10333.607854,0.025
10333.805903999999,0.039
10334.004004,0.03
10334.201804,0.03
10334.400004,0.045
10334.598004,0.034
10334.795854,0.035
10334.994004,0.063
10335.191804,0.023
10335.389804,0.055
10335.588054,0.018000000000000002
10335.786704,0.021
10335.984053999999,0.044
10336.182053999999,0.031
10336.380054,0.044
10336.578054,0.037
10336.776054,0.043000000000000003
10336.974054,0.027
10337.172703999999,0.029
10337.370053999999,0.027
10337.568104,0.051000000000000004
10337.766104,0.03
10338.161354,0.07100000000000001
10338.557353999999,0.082
10338.755353999999,0.067
10338.953354,0.07200000000000001
10339.151354,0.08
10339.349354,0.034
10339.547604,0.016
10339.745353999999,0.037
10339.943353999999,0.018000000000000002
10340.141604,0.014
10340.339404,0.053
10340.537604,0.009000000000000001
10340.735404,0.029
10340.933404,0.047
10341.131604,0.036000000000000004
10341.329603999999,0.008
10341.527404,0.025
10341.725604,0.04
10341.923404,0.006
10342.121653999999,0.023
10342.319653999999,0.057
10342.517654,0.021
10342.715654,0.054
10342.913403999999,0.023
10343.111654,0.019
10343.309653999999,0.041
10343.507803999999,0.029
10343.705654,0.014
10343.903654,0.027
10344.101654,0.092
10344.299704,0.053
10344.497854,0.023
10344.695704,0.049
10344.893704,0.004
10345.091854,0.023
10345.289654,0.034
10345.487853999999,0.043000000000000003
10345.685854,0.027
10345.883704,0.026000000000000002
10346.081903999999,0.016
10346.279703999999,0.041
10346.477853999999,0.026000000000000002
10346.675854,0.028
10346.873854,0.047
10347.071854,0.07
10347.269903999999,0.036000000000000004
10347.467904,0.018000000000000002
10347.665904,0.036000000000000004
10347.863904,0.01
10348.062554,0.066
10348.259903999999,0.035
10348.457903999999,0.032
10348.655904,0.045
10348.853904,0.036000000000000004
10349.052054,0.045
10349.249953999999,0.021
10349.448804,0.04
10349.645954,0.009000000000000001
10349.843954,0.034
10350.042104,0.062
10350.239953999999,0.051000000000000004
10350.437953999999,0.045
10350.635954,0.01
10350.833954,0.053
10351.032104,0.049
10351.230104,0.046
10351.428204,0.019
10351.626204,0.014
10351.823954,0.039
10352.022154,0.031
10352.220104,0.099
10352.418204,0.051000000000000004
10352.616854,0.062
10352.814204,0.082
10353.012154,0.055
10353.210154,0.026000000000000002
10353.408153999999,0.035
10353.606254,0.079
10353.804253999999,0.031
10354.002154,0.034
10354.200154,0.03
10354.398404,0.027
10354.596354,0.01
10354.794254,0.032
10354.992403999999,0.024
10355.190203999999,0.051000000000000004
10355.388404,0.05
10355.586404,0.028
10355.784904,0.023
10355.982404,0.036000000000000004
10356.180403999999,0.063
10356.378404,0.011
10356.576404,0.047
10356.774454,0.025
10356.972453999999,0.017
10357.171104,0.044
10357.368454,0.007
10357.566454,0.006
10357.764454,0.025
10358.159704,0.011
10358.555753999999,0.025
10358.753703999999,0.026000000000000002
10358.951704,0.023
10359.149704,0.023
10359.347704,0.012
10359.545753999999,0.025
10359.743754,0.009000000000000001
10359.941754,0.033
10360.139954,0.03
10360.337754,0.07200000000000001
10360.536004,0.033
10360.733753999999,0.062
10360.931754,0.065
10361.129954,0.028
10361.327754,0.012
10361.526004,0.056
10361.724004,0.041
10361.921804,0.017
10362.120004,0.036000000000000004
10362.318003999999,0.013000000000000001
10362.516004,0.024
10362.714004,0.029
10362.911804,0.029
10363.110004,0.021
10363.308004,0.037
10363.506054,0.051000000000000004
10363.704054,0.008
10363.902054,0.018000000000000002
10364.100053999999,0.073
10364.298053999999,0.08
10364.496204,0.032
10364.694054,0.05
10364.892054,0.02
10365.090054,0.07100000000000001
10365.288204,0.049
10365.486254,0.006
10365.684254,0.021
10365.882104,0.021
10366.080254,0.033
10366.278103999999,0.036000000000000004
10366.476254,0.009000000000000001
10366.674254,0.044
10366.872104,0.019
10367.070254,0.042
10367.268103999999,0.01
10367.466253999999,0.023
10367.664304,0.075
10367.862254,0.037
10368.060904,0.022
10368.258254,0.023
10368.456253999999,0.036000000000000004
10368.654304,0.061
10368.852304,0.047
10369.050304,0.107
10369.248303999999,0.093
10369.446554,0.159
10369.644304,0.146
10369.842304,0.077
10370.042003999999,0.114
10370.238304,0.07100000000000001
10370.436554,0.065
10370.634354,0.088
10370.832354,0.014
10371.030553999999,0.021
10371.228503999999,0.041
10371.426554,0.029
10371.624554,0.043000000000000003
10371.822504,0.041
10372.020504,0.053
10372.218504,0.048
10372.416604,0.064
10372.614604,0.038
10372.812354,0.04
10373.010504,0.033
10373.208553999999,0.04
10373.406754,0.043000000000000003
10373.604854,0.019
10373.802754,0.018000000000000002
10374.000504,0.066
10374.198754,0.07200000000000001
10374.396754,0.034
10374.594653999999,0.05
10374.792754,0.064
10374.990804,0.04
10375.188554,0.032
10375.386804,0.059000000000000004
10375.584804,0.007
10375.782653999999,0.056
10375.980754,0.064
10376.178554,0.031
10376.376804,0.045
10376.574804,0.08
10376.772804,0.048
10376.971453999999,0.034
10377.168953999999,0.073
10377.366804,0.057
10377.762104,0.046
10378.158104,0.024
10378.356104,0.035
10378.554103999999,0.041
10378.752104,0.079
10378.950304,0.035
10379.148104,0.018000000000000002
10379.346104,0.013000000000000001
10379.544103999999,0.016
10379.742103999999,0.018000000000000002
10379.940104,0.062
10380.138104,0.058
10380.336354,0.043000000000000003
10380.534104,0.053
10380.732103999999,0.032
10380.930354,0.038
10381.128354,0.056
10381.326353999999,0.04
10381.524354,0.058
10381.722154,0.017
10381.920404,0.026000000000000002
10382.118403999999,0.011
10382.316404,0.056
10382.514353999999,0.061
10382.712404,0.005
10382.910354,0.021
10383.108403999999,0.003
10383.306553999999,0.04
10383.504404,0.029
10383.702404,0.032
10383.900404,0.038
10384.098404,0.026000000000000002
10384.297204,0.012
10384.494553999999,0.028
10384.692404,0.027
10384.890604,0.035
10385.088404,0.045
10385.286603999999,0.052000000000000005
10385.484604,0.026000000000000002
10385.682454,0.048
10385.880454,0.035
10386.079254,0.021
10386.276603999999,0.017
10386.474603999999,0.07200000000000001
10386.672604,0.012
10386.870604,0.023
10387.068653999999,0.035
10387.266654,0.032
10387.465253999999,0.019
10387.662654,0.02
10387.860654,0.031
10388.058654,0.029
10388.256653999999,0.053
10388.454654,0.026000000000000002
10388.652654,0.045
10388.850654,0.07200000000000001
10389.048703999999,0.031
10389.246904,0.028
10389.444653999999,0.051000000000000004
10389.642654,0.015
10389.840804,0.046
10390.038804,0.009000000000000001
10390.236904,0.007
10390.434904,0.015
10390.633354,0.055
10390.830854,0.03
10391.028854,0.053
10391.226703999999,0.05
10391.424954,0.013000000000000001
10391.622704,0.036000000000000004
10391.820704,0.049
10392.018854,0.027
10392.217053999999,0.051000000000000004
10392.414954,0.022
10392.612954,0.023
10392.810904,0.059000000000000004
10393.008904,0.033
10393.207104,0.055
10393.404903999999,0.076
10393.602954,0.045
10393.801754,0.058
10393.998904,0.027
10394.197103999999,0.041
10394.395104,0.08700000000000001
10394.593004,0.054
10394.791003999999,0.046
10394.988904,0.111
10395.187753999999,0.06
10395.385154,0.022
10395.583004,0.034
10395.781154,0.067
10395.979153999999,0.032
10396.177153999999,0.056
10396.375154,0.057
10396.573204,0.021
10396.771203999999,0.085
10396.969804,0.056
10397.167204,0.028
10397.365154,0.054
10397.563154,0.015
10397.958454,0.013000000000000001
10398.156454,0.057
10398.354454,0.044
10398.552453999999,0.014
10398.750453999999,0.07
10398.948454,0.037
10399.146454,0.028
10399.344704,0.049
10399.542504,0.037
10399.740504,0.033
10399.938704,0.017
10400.136454,0.043000000000000003
10400.334504,0.011
10400.532503999999,0.032
10400.730504,0.051000000000000004
10400.928504,0.028
10401.126504,0.019
10401.324754,0.041
10401.522754,0.027
10401.720503999999,0.037
10401.918754,0.018000000000000002
10402.116753999999,0.036000000000000004
10402.314753999999,0.046
10402.512754,0.046
10402.710554,0.027
10402.908754,0.032
10403.106754,0.062
10403.304753999999,0.043000000000000003
10403.502804,0.036000000000000004
10403.700804,0.026000000000000002
10403.898554,0.017
10404.096754,0.041
10404.294953999999,0.027
10404.492804,0.042
10404.690804,0.038
10404.888804,0.044
10405.086803999999,0.022
10405.284953999999,0.044
10405.482954,0.062
10405.680804,0.021
10405.878954,0.047
10406.076954,0.024
10406.275004,0.016
10406.473004,0.022
10406.670854,0.021
10406.869004,0.044
10407.067003999999,0.015
10407.265003999999,0.061
10407.463004,0.051000000000000004
10407.661654,0.034
10407.859004,0.014
10408.057004,0.007
10408.255003999999,0.035
10408.453054,0.082
10408.651054,0.027
10408.849204,0.049
10409.047254,0.013000000000000001
10409.245254,0.035
10409.443003999999,0.01
10409.641054,0.024
10409.839154,0.078
10410.037253999999,0.067
10410.235304,0.029
10410.433304,0.057
10410.631054,0.073
10410.829854,0.075
10411.027454,0.008
10411.225304,0.036000000000000004
10411.423304,0.061
10411.621104,0.068
10411.819204,0.063
10412.017453999999,0.113
10412.215954,0.037
10412.413354,0.035
10412.611353999999,0.018000000000000002
10412.809254,0.047
10413.007504,0.011
10413.205453999999,0.037
10413.403354,0.057
10413.601354,0.052000000000000005
10413.799254,0.095
10413.998153999999,0.041
10414.195504,0.021
10414.393504,0.038
10414.591354,0.045
10414.789504,0.029
10414.987503999999,0.039
10415.185504,0.056
10415.384154,0.031
10415.581403999999,0.023
10415.779504,0.029
10415.977554,0.029
10416.175554,0.009000000000000001
10416.373554,0.05
10416.571554,0.047
10416.769554,0.016
10416.967553999999,0.021
10417.165554,0.06
10417.363554,0.04
10417.758804,0.029
10417.956804,0.037
10418.155053999999,0.034
10418.352804,0.021
10418.550804,0.036000000000000004
10418.749054,0.046
10418.946854,0.038
10419.145053999999,0.008
10419.342853999999,0.016
10419.540853999999,0.021
10419.738854,0.025
10419.936854,0.006
10420.134854,0.04
10420.333104,0.037
10420.530853999999,0.036000000000000004
10420.729104,0.025
10420.927104,0.011
10421.125103999999,0.018000000000000002
10421.323104,0.017
10421.520854,0.019
10421.719104,0.007
10421.917104,0.056
10422.115254,0.034
10422.313103999999,0.106
10422.511154,0.046
10422.709104,0.028
10422.907153999999,0.03
10423.105153999999,0.048
10423.303154,0.011
10423.501154,0.026000000000000002
10423.699154,0.024
10423.897154,0.035
10424.095304,0.048
10424.293303999999,0.058
10424.491154,0.036000000000000004
10424.689954,0.019
10424.887154,0.02
10425.085353999999,0.042
10425.283354,0.009000000000000001
10425.481154,0.041
10425.679354,0.079
10425.877354,0.036000000000000004
10426.075353999999,0.015
10426.273353999999,0.04
10426.471354,0.011
10426.669354,0.041
10426.867354,0.036000000000000004
10427.065354,0.019
10427.263353999999,0.002
10427.461354,0.017
10427.659504,0.021
10427.858004,0.017
10428.055604,0.032
10428.253404,0.018000000000000002
10428.451404,0.014
10428.649554,0.004
10428.847404,0.023
10429.045603999999,0.061
10429.244254,0.015
10429.441404,0.045
10429.639554,0.023
10429.837554,0.033
10430.035654,0.04
10430.233654,0.052000000000000005
10430.431454,0.068
10430.629604,0.045
10430.827604,0.038
10431.026303999999,0.037
10431.223654,0.007
10431.421654,0.07
10431.619604,0.008
10431.817604,0.04
10432.015854,0.009000000000000001
10432.213704,0.036000000000000004
10432.412304,0.011
10432.609454,0.027
10432.807604,0.028
10433.005853999999,0.039
10433.203854,0.069
10433.401603999999,0.058
10433.599854,0.055
10433.797654,0.021
10433.995853999999,0.032
10434.193854,0.016
10434.391704,0.009000000000000001
10434.589854,0.011
10434.787654,0.053
10434.985853999999,0.026000000000000002
10435.183853999999,0.037
10435.381904,0.035
10435.580404,0.025
10435.777903999999,0.021
10435.975903999999,0.024
10436.173904,0.025
10436.371904,0.043000000000000003
10436.569904,0.008
10436.767904,0.007
10437.163204,0.044
10437.559153999999,0.016
10437.757153999999,0.075
10437.955204,0.02
10438.153204,0.001
10438.351203999999,0.05
10438.549203999999,0.062
10438.747404,0.049
10438.945204,0.07200000000000001
10439.143454,0.081
10439.341204,0.039
10439.539203999999,0.082
10439.737454,0.049
10439.935204,0.025
10440.133453999999,0.06
10440.331253999999,0.036000000000000004
10440.529254,0.028
10440.727454,0.047
10440.925454,0.059000000000000004
10441.123453999999,0.034
10441.321453999999,0.033
10441.519253999999,0.022
10441.717454,0.021
10441.915454,0.025
10442.113503999999,0.045
10442.311504,0.023
10442.509504,0.023
10442.707504,0.059000000000000004
10442.905504,0.027
10443.103653999999,0.019
10443.301504,0.016
10443.499504,0.044
10443.697504,0.052000000000000005
10443.895504,0.019
10444.093703999999,0.023
10444.291704,0.03
10444.489554,0.021
10444.687554,0.015
10444.885554,0.016
10445.083703999999,0.039
10445.281703999999,0.009000000000000001
10445.479554,0.045
10445.677704,0.016
10445.875554,0.029
10446.073754,0.015
10446.271754,0.03
10446.469754,0.07
10446.667704,0.069
10446.865704,0.073
10447.063704,0.096
10447.261754,0.074
10447.459754,0.041
10447.657754,0.037
10447.856404,0.05
10448.054004,0.049
10448.251753999999,0.024
10448.449754,0.107
10448.647904,0.052000000000000005
10448.845754,0.039
10449.044004,0.016
10449.242403999999,0.055
10449.439804,0.025
10449.637904,0.027
10449.835804,0.047
10450.034054,0.064
10450.232054,0.1
10450.429804,0.025
10450.627804,0.018000000000000002
10450.825954,0.058
10451.024653999999,0.076
10451.222054,0.026000000000000002
10451.419854,0.029
10451.617954,0.031
10451.815954,0.066
10452.014204,0.024
10452.212054,0.076
10452.410704,0.013000000000000001
10452.607954,0.048
10452.805954,0.012
10453.004203999999,0.021
10453.202104,0.029
10453.400104,0.01
10453.598004,0.022
10453.796004,0.015
10453.994254,0.023
10454.192254,0.009000000000000001
10454.390003999999,0.011
10454.588254,0.059000000000000004
10454.786253999999,0.025
10454.984204,0.01
10455.182254,0.029
10455.380054,0.02
10455.578904,0.032
10455.776254,0.039
10455.974054,0.068
10456.172254,0.049
10456.370254,0.065
10456.568254,0.019
10456.766303999999,0.003
10457.161554,0.026000000000000002
10457.557553999999,0.01
10457.755554,0.024
10457.953554,0.044
10458.151554,0.017
10458.349554,0.053
10458.547604,0.052000000000000005
10458.745804,0.034
10458.943554,0.056
10459.141803999999,0.045
10459.339554,0.012
10459.537604,0.03
10459.735804,0.065
10459.933604,0.025
10460.131803999999,0.015
10460.329803999999,0.038
10460.527603999999,0.004
10460.725854,0.047
10460.923604,0.051000000000000004
10461.121853999999,0.031
10461.319803999999,0.042
10461.517603999999,0.065
10461.715854,0.019
10461.913854,0.015
10462.111853999999,0.079
10462.309854,0.047
10462.507854,0.017
10462.705854,0.017
10462.903854,0.062
10463.102004,0.031
10463.299853999999,0.054
10463.497904,0.024
10463.695904,0.032
10463.893903999999,0.053
10464.092053999999,0.068
10464.289904,0.02
10464.487904,0.012
10464.686054,0.05
10464.883904,0.03
10465.082704,0.033
10465.280053999999,0.076
10465.478104,0.027
10465.676104,0.014
10465.874103999999,0.033
10466.072103999999,0.024
10466.270104,0.01
10466.467954,0.055
10466.666104,0.018000000000000002
10466.864104,0.008
10467.062054,0.047
10467.260103999999,0.011
10467.458354,0.011
10467.656104,0.062
10467.854153999999,0.03
10468.052303999999,0.045
10468.250103999999,0.069
10468.448104,0.052000000000000005
10468.646354,0.033
10468.844154,0.037
10469.042254,0.045
10469.240154,0.058
10469.438403999999,0.023
10469.637004,0.029
10469.834154,0.085
10470.032304,0.027
10470.230303999999,0.026000000000000002
10470.428154,0.025
10470.626403999999,0.07200000000000001
10470.824403999999,0.037
10471.022304,0.042
10471.220354,0.024
10471.418453999999,0.036000000000000004
10471.616404,0.02
10471.814403999999,0.014
10472.012404,0.03
10472.210353999999,0.044
10472.408554,0.007
10472.606453999999,0.045
10472.805004,0.059000000000000004
10473.002553999999,0.031
10473.200454,0.063
10473.398404,0.034
10473.596604,0.088
10473.794453999999,0.021
10473.992604,0.06
10474.191004,0.008
10474.388604,0.057
10474.586604,0.094
10474.784404,0.026000000000000002
10474.982603999999,0.006
10475.180654,0.049
10475.378654,0.039
10475.576654,0.066
10475.774653999999,0.028
10475.973253999999,0.049
10476.170654,0.06
10476.368804,0.055
10476.566654,0.043000000000000003
10476.764653999999,0.033
10477.159904,0.026000000000000002
10477.357904,0.043000000000000003
10477.555903999999,0.062
10477.753954,0.05
10477.951954,0.037
10478.149954,0.08600000000000001
10478.347953999999,0.056
10478.546154,0.074
10478.743954,0.029
10478.941954,0.068
10479.140153999999,0.026000000000000002
10479.337953999999,0.06
10479.536204,0.029
10479.733954,0.037
10479.932004,0.029
10480.130204,0.017
10480.327954,0.03
10480.526204,0.038
10480.724204,0.031
10480.921954,0.026000000000000002
10481.120203999999,0.047
10481.318204,0.014
10481.516204,0.021
10481.714253999999,0.035
10481.912253999999,0.054
10482.110254,0.038
10482.308254,0.054
10482.506254,0.067
10482.704204,0.028
10482.902253999999,0.034
10483.100253999999,0.052000000000000005
10483.298254,0.034
10483.496404,0.045
10483.694254,0.031
10483.893054,0.042
10484.090403999999,0.04
10484.288254,0.027
10484.486404,0.035
10484.684404,0.031
10484.882303999999,0.028
10485.080453999999,0.024
10485.278304,0.02
10485.476304,0.034
10485.674454,0.049
10485.872303999999,0.049
10486.070453999999,0.079
10486.268454,0.008
10486.466454,0.052000000000000005
10486.664454,0.076
10486.862454,0.034
10487.061153999999,0.053
10487.258504,0.056
10487.456704,0.02
10487.654504,0.035
10487.852504,0.041
10488.050503999999,0.028
10488.248453999999,0.056
10488.447154,0.038
10488.644454,0.092
10488.843304,0.061
10489.040654,0.01
10489.238554,0.03
10489.436654,0.017
10489.634753999999,0.019
10489.832504,0.032
10490.030754,0.036000000000000004
10490.229304,0.062
10490.426754,0.063
10490.624754,0.042
10490.822804,0.064
10491.020703999999,0.024
10491.218703999999,0.066
10491.416804,0.022
10491.614704,0.027
10491.812953999999,0.029
10492.010804,0.042
10492.208703999999,0.037
10492.406954,0.046
10492.604803999999,0.033
10492.802953999999,0.043000000000000003
10493.000954,0.029
10493.198804,0.061
10493.396954,0.033
10493.594804,0.006
10493.793354,0.054
10493.990953999999,0.033
10494.188704,0.027
10494.386754,0.062
10494.585003999999,0.015
10494.783003999999,0.033
10494.981004,0.051000000000000004
10495.179654,0.03
10495.377004,0.077
10495.575004,0.054
10495.773154,0.04
10495.971003999999,0.006
10496.169004,0.069
10496.367054,0.03
10496.565004,0.016
10496.960254,0.052000000000000005
10497.158303999999,0.023
10497.356303999999,0.032
10497.554304,0.015
10497.752304,0.018000000000000002
10497.950504,0.049
10498.148304,0.009000000000000001
10498.346303999999,0.013000000000000001
10498.544554,0.032
10498.742304,0.058
10498.940504,0.044
10499.138304,0.031
10499.336354,0.058
10499.534554,0.037
10499.732354,0.051000000000000004
10499.930354,0.055
10500.128553999999,0.042
10500.326353999999,0.008
10500.524554,0.02
10500.722554,0.038
10500.920554,0.052000000000000005
10501.118604,0.047
10501.316353999999,0.024
10501.514604,0.023
10501.712604,0.056
10501.910603999999,0.063
10502.108604,0.038
10502.306604,0.009000000000000001
10502.504604,0.024
10502.702604,0.047
10502.900754,0.033
10503.098603999999,0.075
10503.296604,0.038
10503.494804,0.035
10503.692654,0.05
10503.890803999999,0.027
10504.088603999999,0.039
10504.286603999999,0.01
10504.485454,0.034
10504.682654,0.021
10504.880804,0.057
10505.078803999999,0.019
10505.276654,0.018000000000000002
10505.474804,0.008
10505.672804,0.022
10505.870804,0.049
10506.068803999999,0.035
10506.266803999999,0.045
10506.464854,0.054
10506.662854,0.048
10506.860904,0.029
10507.058853999999,0.044
10507.256854,0.054
10507.454854,0.048
10507.653504,0.049
10507.851004,0.077
10508.048853999999,0.02
10508.246853999999,0.032
10508.445104,0.03
10508.642904,0.039
10508.841053999999,0.061
10509.039004,0.055
10509.236904,0.034
10509.435104,0.004
10509.632904,0.025
10509.831004,0.051000000000000004
10510.029104,0.032
10510.226853999999,0.03
10510.425153999999,0.057
10510.623054,0.036000000000000004
10510.821054,0.032
10511.019054,0.064
10511.217053999999,0.047
10511.415154,0.015
10511.613153999999,0.034
10511.811054,0.02
10512.009054,0.055
10512.207954,0.018000000000000002
10512.405203999999,0.031
10512.603104,0.047
10512.801354,0.015
10512.999204,0.046
10513.197354,0.018000000000000002
10513.395304,0.027
10513.593203999999,0.026000000000000002
10513.791304,0.012
10513.989354,0.05
10514.187354,0.075
10514.385354,0.07200000000000001
10514.583354,0.085
10514.781353999999,0.038
10514.979354,0.025
10515.177354,0.083
10515.375354,0.008
10515.573354,0.023
10515.772004,0.021
10515.969353999999,0.018000000000000002
10516.167554,0.023
10516.365404,0.047
10516.760654,0.085
10516.958654,0.041
10517.156654,0.028
10517.354904,0.03
10517.552654,0.041
10517.750654,0.014
10517.948654,0.023
10518.146654,0.041
10518.344904,0.111
10518.542653999999,0.03
10518.740704,0.037
10518.938903999999,0.056
10519.136703999999,0.059000000000000004
10519.334954,0.079
10519.532954,0.058
10519.730704,0.03
10519.928904,0.054
10520.126903999999,0.064
10520.324703999999,0.028
10520.522954,0.056
10520.720754,0.009000000000000001
10520.918953999999,0.031
10521.116954,0.052000000000000005
10521.314954,0.05
10521.512954,0.036000000000000004
10521.710954,0.044
10521.908953999999,0.027
10522.106953999999,0.039
10522.305104,0.027
10522.503004,0.027
10522.701003999999,0.051000000000000004
10522.899003999999,0.047
10523.097004,0.023
10523.295004,0.053
10523.493004,0.062
10523.691004,0.006
10523.889154,0.031
10524.087003999999,0.029
10524.285154,0.032
10524.483154,0.061
10524.681053999999,0.017
10524.879203999999,0.039
10525.077204,0.027
10525.275204,0.05
10525.473204,0.036000000000000004
10525.671054,0.066
10525.869154,0.057
10526.067154,0.008
10526.265054,0.053
10526.463854,0.024
10526.661204,0.021
10526.859204,0.031
10527.057203999999,0.022
10527.255353999999,0.016
10527.453204,0.059000000000000004
10527.651204,0.05
10527.849354,0.019
10528.047254,0.043000000000000003
10528.245454,0.043000000000000003
10528.443254,0.024
10528.641254,0.06
10528.839404,0.046
10529.037253999999,0.038
10529.235454,0.024
10529.433404,0.055
10529.631904,0.157
10529.829404,0.09
10530.027404,0.129
10530.225403999999,0.076
10530.423454,0.063
10530.621503999999,0.037
10530.819504,0.135
10531.017504,0.009000000000000001
10531.215504,0.061
10531.413504,0.011
10531.611554,0.038
10531.809454,0.024
10532.007554,0.034
10532.205704,0.065
10532.403454,0.022
10532.601553999999,0.057
10532.800304,0.042
10532.997454,0.046
10533.195704,0.025
10533.393704,0.045
10533.591553999999,0.085
10533.789703999999,0.07
10533.987503999999,0.042
10534.186354,0.001
10534.383754,0.01
10534.581753999999,0.049
10534.779703999999,0.041
10534.977703999999,0.11900000000000001
10535.175704,0.011
10535.373704,0.024
10535.571854,0.016
10535.769753999999,0.023
10535.968404,0.053
10536.165904,0.054
10536.561004,0.04
10536.759004,0.01
10536.957054,0.064
10537.155053999999,0.108
10537.353054,0.023
10537.551054,0.11800000000000001
10537.749004,0.115
10537.947054,0.039
10538.145053999999,0.078
10538.343053999999,0.09
10538.541054,0.098
10538.739254,0.10300000000000001
10538.937304,0.14100000000000001
10539.135054,0.021
10539.333304,0.066
10539.531054,0.187
10539.729304,0.188
10539.927303999999,0.08700000000000001
10540.125103999999,0.117
10540.323304,0.051000000000000004
10540.521304,0.109
10540.719104,0.044
10540.917303999999,0.07100000000000001
10541.115354,0.14400000000000002
10541.313103999999,0.196
10541.511304,0.088
10541.709304,0.1
10541.907353999999,0.074
10542.105354,0.082
10542.303354,0.099
10542.501354,0.164
10542.699504,0.129
10542.897353999999,0.024
10543.095354,0.089
10543.293504,0.066
10543.491404,0.056
10543.689354,0.1
10543.887553999999,0.14
10544.086204,0.066
10544.283554,0.12
10544.481554,0.023
10544.679554,0.116
10544.877553999999,0.045
10545.075404,0.077
10545.273554,0.073
10545.471554,0.171
10545.669603999999,0.269
10545.867604,0.34
10546.065604,0.221
10546.263604,0.657
10546.461604,0.6930000000000001
10546.659604,0.549
10546.857554,0.9420000000000001
10547.055604,1.039
10547.253604,1.149
10547.451604,1.185
10547.649854,1.3980000000000001
10547.847603999999,1.6580000000000001
10548.045603999999,1.784
10548.243854,1.861
10548.443204,1.927
10548.639754,2.247
10548.837754,2.458
10549.037304,2.731
10549.233854,2.775
10549.431854,2.841
10549.629654,2.923
10549.827803999999,3.104
10550.025654,3.114
10550.223904,3.474
10550.423553999999,3.689
10550.619804,4.155
10550.817804,3.685
10551.015803999999,3.7600000000000002
10551.213904,3.722
10551.411804,3.72
10551.610004,3.884
10551.807853999999,4.082
10552.006054,4.173
10552.204054,4.423
10552.401904,4.609
10552.600053999999,4.671
10552.797854,4.865
10552.996104,5.033
10553.194054,5.142
10553.392204,5.361
10553.590103999999,5.55
10553.788104,5.689
10553.986104,5.7490000000000006
10554.184104,5.6610000000000005
10554.382104,5.719
10554.580103999999,5.901
10554.778103999999,5.918
10554.976104,5.937
10555.174154,5.944
10555.373153999999,5.801
10555.569904,5.598
10555.768103999999,5.385
10555.966304,5.29
10556.164104,4.995
10556.362104,4.807
10556.757404,4.6530000000000005
10557.153654,4.0040000000000004
10557.351404,3.819
10557.549404,3.705
10557.747653999999,3.64
10557.945404,3.716
10558.143654,3.545
10558.341454,3.5580000000000003
10558.539454,3.4210000000000003
10558.737653999999,3.488
10558.935404,3.537
10559.133654,3.7960000000000003
10559.332654,3.7680000000000002
10559.529454,4.363
10559.727654,4.1450000000000005
10559.925653999999,4.186
10560.123704,4.1850000000000005
10560.323154,4.648
10560.519454,4.932
10560.717703999999,5.026
10560.917354,5.132
10561.113704,5.3660000000000005
10561.311704,5.1290000000000004
10561.509704,5.253
10561.707504,5.373
10561.905703999999,5.4190000000000005
10562.103904,5.425
10562.301754,5.691
10562.499754,5.763
10562.697903999999,6.037
10562.895703999999,6.244
10563.093853999999,6.398000000000001
10563.291904,6.495
10563.489953999999,6.640000000000001
10563.687904,7.237
10563.885753999999,7.4990000000000006
10564.085554,7.785
10564.281904,7.928
10564.479754,8.145
10564.677754,8.342
10564.875903999999,8.658
10565.075504,8.69
10565.271954,8.787
10565.469954,8.877
10565.670004,8.93
10565.865953999999,9.061
10566.064204,9.259
10566.261954,9.208
10566.459954,9.089
10566.657954,9.151
10566.855953999999,9.209
10567.054204,9.289
10567.251954,9.326
10567.450004,9.301
10567.648204,9.288
10567.847704,9.291
10568.044204,9.406
10568.242154,9.501
10568.439954,9.51
10568.638254,9.49
10568.836204,9.392
10569.034204,9.521
10569.232253999999,9.353
10569.430004,9.355
10569.628154,9.282
10569.826154,9.184000000000001
10570.024254,9.538
10570.223904,9.502
10570.420253999999,9.596
10570.618253999999,9.714
10570.816154,10.009
10571.014404,10.128
10571.212204,10.111
10571.410204,9.942
10571.608204,9.977
10571.806254,9.926
10572.004454,10.014
10572.202254,10.137
10572.400704,9.846
10572.598453999999,9.85
10572.796204,9.864
10572.994654,9.92
10573.192454,10.028
10573.390303999999,10.129
10573.589154,10.041
10573.786454,9.919
10573.984504,9.82
10574.182454,9.867
10574.380304,9.906
10574.578454,9.928
10574.776453999999,9.882
10574.974504,9.8
10575.172504,9.711
10575.370503999999,9.598
10575.570154,9.696
10575.766504,9.76
10575.964654,9.559000000000001
10576.162504,9.709
10576.360504,9.729000000000001
10576.755754,9.654
10576.953754,9.807
10577.151753999999,9.995000000000001
10577.349753999999,10.053
10577.547804,10.138
10577.745804,10.078
10577.943803999999,10.049
10578.142054,10.120000000000001
10578.339804,10.307
10578.539053999999,10.328
10578.736004,10.462
10578.934003999999,10.413
10579.132004,10.515
10579.330004,10.467
10579.527854,10.625
10579.726053999999,10.6
10579.924104,10.582
10580.122054,10.620000000000001
10580.320054,10.615
10580.517804,10.731
10580.716053999999,10.83
10580.914353999999,10.911
10581.112054,10.89
10581.311054,10.904
10581.508103999999,11.081
10581.706103999999,11.226
10581.904104,11.045
10582.102254,11.093
10582.300104,11.228
10582.498104,11.178
10582.696103999999,11.155
10582.894103999999,11.132
10583.092254,11.286
10583.290104,11.221
10583.488153999999,11.333
10583.686354,11.342
10583.884103999999,11.255
10584.082304,11.113
10584.280254,11.168000000000001
10584.478104,11.194
10584.676754,11.018
10584.874154,10.907
10585.072253999999,10.936
10585.270304,10.929
10585.468154,10.897
10585.666304,10.927
10585.864303999999,10.778
10586.062304,10.833
10586.260304,10.721
10586.458304,10.51
10586.656304,10.4
10586.855104,10.322000000000001
10587.052554,10.015
10587.250354,9.941
10587.448354,9.698
10587.646504,9.375
10587.844353999999,9.231
10588.042504,9.120000000000001
10588.240354,8.315
10588.438354,8.127
10588.636504,7.837
10588.834404,7.529
10589.032604,7.409
10589.230504,7.284
10589.428354,7.099
10589.626604,6.997
10589.824504,6.6290000000000004
10590.023353999999,6.4110000000000005
10590.220503999999,6.2410000000000005
10590.418604,5.8420000000000005
10590.616554,5.8740000000000006
10590.814553999999,6.305
10591.012553999999,6.514
10591.210653999999,6.57
10591.408803999999,6.48
10591.606654,6.547
10591.804554,6.538
10592.002804,6.515000000000001
10592.200554,6.726
10592.400254,6.766
10592.596854,6.906000000000001
10592.794603999999,7.207
10592.992854,7.432
10593.190854,7.917
10593.389154,8.036
10593.586803999999,8.255
10593.784604,8.59
10593.982804,8.817
10594.180854,9.061
10594.378853999999,9.428
10594.576853999999,9.772
10594.776404,9.938
10594.972854,10.211
10595.172504,10.384
10595.369004,10.822000000000001
10595.566853999999,10.993
10595.765454,11.213000000000001
10596.160154,11.416
10596.556504,11.529
10596.953404,11.951
10597.150153999999,11.988
10597.348154,12.094
10597.547304,12.005
10597.744154,12.211
10597.942154,12.147
10598.140404,12.433
10598.338154,12.38
10598.536404,12.471
10598.734154,12.514000000000001
10598.932154,12.732000000000001
10599.130404,12.75
10599.329554,13.015
10599.526204,12.979000000000001
10599.724403999999,13.041
10599.922204,12.935
10600.120404,13.033
10600.318404,13.205
10600.516404,13.17
10600.714404,13.294
10600.912553999999,13.275
10601.110454,13.512
10601.310054,13.582
10601.506454,13.647
10601.704453999999,13.664
10601.902454,13.586
10602.100454,13.551
10602.298454,13.518
10602.496454,13.576
10602.694454,13.596
10602.892453999999,13.542
10603.090654,13.366
10603.289203999999,13.331
10603.486654,13.224
10603.684653999999,13.112
10603.882504,13.454
10604.080654,13.324
10604.278454,13.176
10604.476654,12.939
10604.674654,13.066
10604.872503999999,13.104000000000001
10605.070704,13.133000000000001
10605.268704,13.215
10605.466504,13.133000000000001
10605.664654,12.976
10605.862653999999,12.906
10606.060704,12.85
10606.258704,12.933
10606.456804,13.031
10606.654703999999,13.124
10606.852703999999,12.842
10607.050704,12.94
10607.250253999999,12.901
10607.446854,12.9
10607.644704,12.902000000000001
10607.843654,13.011000000000001
10608.040954,13.096
10608.238754,13.155000000000001
10608.436754,13.015
10608.634903999999,13.045
10608.833504,13.003
10609.031004,13.066
10609.228904,13.043000000000001
10609.427303999999,13.079
10609.624953999999,13.149000000000001
10609.822753999999,13.188
10610.021004,13.182
10610.218853999999,13.101
10610.416854,13.217
10610.614904,13.253
10610.813454,13.061
10611.011004,13.222
10611.208904,13.179
10611.406904,13.333
10611.605004,13.32
10611.804454,13.422
10612.001004,13.385
10612.199954,13.302
10612.397203999999,13.280000000000001
10612.595054,13.294
10612.794753999999,13.386000000000001
10612.991204,13.253
10613.188954,13.179
10613.387203999999,13.24
10613.585154,13.264000000000001
10613.783554,13.295
10613.981204,13.086
10614.180804,13.267
10614.377204,13.328
10614.575203999999,13.426
10614.773204,13.254
10615.169204,13.171000000000001
10615.367253999999,13.187
10615.565203999999,13.244
10615.763353999999,13.120000000000001
10616.158503999999,13.211
10616.554504,13.473
10616.752504,13.445
10616.950504,13.432
10617.148503999999,13.525
10617.346554,13.388
10617.546403999999,13.404
10617.742504,13.382
10617.940754,13.092
10618.138503999999,13.234
10618.336503999999,13.195
10618.536404,13.324
10618.732554,13.203
10618.930753999999,13.466000000000001
10619.128804,13.273
10619.326554,13.394
10619.524803999999,13.321
10619.723954,13.164
10619.920554,13.201
10620.118903999999,13.182
10620.316553999999,13.129
10620.514804,12.974
10620.712803999999,12.976
10620.910804,12.83
10621.109804,12.814
10621.306804,12.602
10621.504804,12.541
10621.702803999999,12.501
10621.900953999999,12.496
10622.098804,12.394
10622.296854,12.399000000000001
10622.494954,12.523
10622.692853999999,12.489
10622.890854,12.598
10623.286854,12.499
10623.485004,12.503
10623.682853999999,12.558
10623.881003999999,12.389000000000001
10624.079004,12.196
10624.276854,12.312
10624.475053999999,12.243
10624.673053999999,12.257
10624.871054,12.256
10625.069054,12.357000000000001
10625.267054,12.38
10625.465054,12.338000000000001
10625.663053999999,12.308
10625.860904,12.308
10626.059003999999,12.285
10626.257054,12.347
10626.455054,12.295
10626.653103999999,12.298
10626.851203999999,12.495000000000001
10627.049054,12.312
10627.247054,12.44
10627.446854,12.285
10627.643103999999,12.403
10627.841304,12.155000000000001
10628.039304,12.129
10628.237104,12.141
10628.435354,12.127
10628.633103999999,11.944
10628.831103999999,12.076
10629.029254,12.047
10629.227104,12.052
10629.425353999999,12.073
10629.623254,11.995000000000001
10629.821354,12.040000000000001
10630.019354,11.923
10630.217304,11.82
10630.415353999999,11.974
10630.613354,11.881
10630.811354,11.815
10631.009354,11.898
10631.207354,11.77
10631.405304,11.829
10631.603404,11.748000000000001
10631.801404,11.722
10631.999554,11.535
10632.197354,11.51
10632.395553999999,11.442
10632.593304,11.402000000000001
10632.791554,11.286
10632.991204,11.234
10633.187554,11.048
10633.385554,10.925
10633.583553999999,10.037
10633.781604,9.878
10633.981254,9.691
10634.177453999999,9.567
10634.375603999999,9.292
10634.573604,9.354000000000001
10634.771353999999,8.996
10634.970354,8.572000000000001
10635.167604,8.268
10635.365603999999,8.231
10635.563603999999,8.124
10635.958853999999,7.697
10636.156853999999,7.511
10636.356104,7.424
10636.552854,7.386
10636.750903999999,7.035
10636.948903999999,6.781000000000001
10637.146904,6.705
10637.344904,6.782
10637.542904,6.7860000000000005
10637.740904,6.621
10637.939104,6.3580000000000005
10638.136903999999,6.132000000000001
10638.334904,6.056
10638.532904,5.969
10638.730904,5.872
10638.929154,5.739
10639.126903999999,5.8
10639.325154,5.547
10639.523153999999,5.554
10639.720904,5.139
10639.919904,5.329
10640.117154,5.46
10640.314954,5.593
10640.513154,5.676
10640.711153999999,5.884
10640.909204,5.881
10641.107204,6.1000000000000005
10641.305354,6.148
10641.503154,6.0120000000000005
10641.701203999999,6.05
10641.900803999999,6.479
10642.097204,6.464
10642.295354,6.61
10642.494553999999,6.824
10642.691203999999,7.069
10642.889353999999,7.188
10643.088854,7.272
10643.285204,7.455
10643.483354,7.501
10643.681203999999,7.796
10643.879404,8.01
10644.077404,8.179
10644.275404,8.352
10644.473404,8.311
10644.672904,8.367
10644.869404,8.467
10645.067404,8.496
10645.265404,8.625
10645.463404,9.214
10645.661404,9.535
10645.859454,9.889
10646.057454,10.22
10646.255454,10.454
10646.453454,10.562
10646.651453999999,10.695
10646.849654,10.75
10647.047454,11.018
10647.245654,10.94
10647.443454,11.22
10647.641453999999,11.182
10647.839704,11.287
10648.037454,11.369
10648.235604,11.519
10648.433604,11.574
10648.631454,11.669
10648.831354,11.823
10649.027704,11.932
10649.225604,11.949
10649.424754,12.005
10649.621604,12.127
10649.819754,12.245000000000001
10650.017754,12.197000000000001
10650.215654,12.3
10650.413754,12.237
10650.611654,12.238
10650.809704,11.93
10651.007654,11.853
10651.205854,11.988
10651.403654,11.871
10651.601703999999,11.394
10651.799904,11.675
10651.997754,11.684000000000001
10652.195754,11.882
10652.393903999999,11.759
10652.591704,11.675
10652.789904,11.723
10652.987704,11.873000000000001
10653.185953999999,11.804
10653.383953999999,11.839
10653.581753999999,11.796
10653.779954,11.666
10653.977954,11.72
10654.175954,11.724
10654.373953999999,11.727
10654.571954,11.507
10654.769954,11.466000000000001
10654.967954,11.692
10655.167604,11.525
10655.363954,11.442
10655.561953999999,11.31
10655.957204,11.206
10656.155203999999,11.268
10656.353254,11.229000000000001
10656.552854,11.215
10656.749504,11.284
10656.947253999999,11.442
10657.145254,11.414
10657.343504,11.344
10657.541254,11.451
10657.739254,11.514000000000001
10657.937254,11.469
10658.135253999999,11.371
10658.333304,11.467
10658.531304,11.523
10658.729304,11.48
10658.927504,11.492
10659.125253999999,11.512
10659.323504,11.511000000000001
10659.521504,11.435
10659.719503999999,11.463000000000001
10659.917504,11.344
10660.115554,11.333
10660.313554,11.356
10660.511553999999,11.200000000000001
10660.709304,11.084
10660.907554,11.105
10661.105554,11.235
10661.303554,11.232000000000001
10661.503104,11.14
10661.699703999999,11.075000000000001
10661.897554,11.166
10662.095554,11.135
10662.293754,11.187
10662.491603999999,11.129
10662.689604,11.232000000000001
10662.887754,11.072000000000001
10663.085554,11.11
10663.283754,11.136000000000001
10663.481603999999,11.139
10663.679603999999,11.203
10663.879454,11.176
10664.075604,11.185
10664.273754,11.141
10664.471754,11.201
10664.669753999999,11.291
10664.867753999999,11.216000000000001
10665.065804,11.235
10665.263754,11.351
10665.461803999999,11.294
10665.661454,11.259
10665.857804,11.216000000000001
10666.055804,11.162
10666.253804,11.19
10666.451804,11.073
10666.649803999999,11.078
10666.847803999999,11.008000000000001
10667.045804,11.207
10667.244053999999,11.188
10667.441804,11.056000000000001
10667.640054,11.056000000000001
10667.838004,10.998000000000001
10668.035854,11.031
10668.234053999999,11.161
10668.433003999999,11.308
10668.630054,11.246
10668.828054,11.192
10669.025854,11.17
10669.224054,11.161
10669.423754,11.156
10669.619853999999,11.212
10669.818003999999,11.465
10670.016104,11.415000000000001
10670.214004,11.438
10670.412004,11.269
10670.610254,11.288
10670.808003999999,11.332
10671.006104,11.317
10671.204254,11.467
10671.402103999999,11.318
10671.600253999999,11.497
10671.798553999999,11.411
10671.996304,11.104000000000001
10672.194254,11.188
10672.392204,11.206
10672.590253999999,10.874
10672.788304,10.889
10672.986254,10.868
10673.184304,10.816
10673.382303999999,10.814
10673.580304,10.879
10673.778304,10.724
10673.976454,10.753
10674.174304,10.737
10674.372854,10.663
10674.570303999999,10.668000000000001
10674.768304,10.752
10674.966454,10.72
10675.164353999999,10.68
10675.362353999999,10.659
10675.757604,10.744
10675.955603999999,10.702
10676.153804,10.564
10676.351804,10.738
10676.549604,10.671
10676.747854,10.674
10676.945603999999,10.731
10677.143854,10.655
10677.341604,10.817
10677.539604,10.754
10677.737853999999,10.835
10677.935653999999,10.771
10678.133854,10.768
10678.333454,10.655
10678.529654,10.653
10678.727654,10.644
10678.925854,10.685
10679.123854,10.71
10679.322304,10.631
10679.519654,10.468
10679.717904,10.522
10679.915904,10.763
10680.113904,10.674
10680.311904,10.66
10680.510004,10.514
10680.707903999999,10.453
10680.905904,10.341000000000001
10681.104054,10.232000000000001
10681.301904,10.113
10681.501154,10.235
10681.697903999999,10.283
10681.895954,10.326
10682.094104,10.249
10682.291954,10.142
10682.489953999999,10.158
10682.688103999999,10.278
10682.885954,10.419
10683.084304,10.31
10683.282104,10.209
10683.479954,10.283
10683.678154,10.172
10683.876154,10.056000000000001
10684.074504,10.059000000000001
10684.272154,10.083
10684.470104,10.187
10684.668803999999,10.177
10684.866154,10.113
10685.064154,9.942
10685.262154,9.917
10685.460104,9.913
10685.658153999999,9.832
10685.856154,9.871
10686.054903999999,9.961
10686.252154,9.935
10686.450154,9.891
10686.648404,9.793000000000001
10686.846153999999,9.478
10687.044204,9.513
10687.242403999999,9.261000000000001
10687.440154,9.336
10687.638454,9.223
10687.836204,8.991
10688.034404,8.872
10688.232404,8.747
10688.430204,8.919
10688.628354,8.962
10688.826304,9.048
10689.024354,8.993
10689.224154,8.777000000000001
10689.420404,8.81
10689.618454,8.731
10689.816454,8.685
10690.014353999999,8.668000000000001
10690.214054,8.66
10690.410354,8.694
10690.608454,8.704
10690.806454,8.749
10691.004604,8.685
10691.202503999999,8.733
10691.400404,8.628
10691.598654,8.69
10691.796553999999,8.662
10691.994654,8.671
10692.194054,8.876
10692.390503999999,8.739
10692.588654,8.64
10692.786654,8.862
10692.984654,8.744
10693.182654,8.572000000000001
10693.380454,8.448
10693.578653999999,8.509
10693.776654,8.556000000000001
10693.974654,8.56
10694.174353999999,8.569
10694.370654,8.951
10694.568704,9.171
10694.766654,9.206
10695.161954,9.11
10695.557954,9.486
10695.755954,9.448
10695.953953999999,9.706
10696.152004,9.756
10696.350004,9.712
10696.547954,9.614
10696.746954,9.727
10696.943954,9.945
10697.143903999999,9.853
10697.340004,9.967
10697.538004,9.864
10697.736203999999,10.084
10697.934003999999,10.117
10698.132254,10.109
10698.330254,10.335
10698.528004,10.512
10698.726254,10.415000000000001
10698.924004,10.497
10699.122254,10.48
10699.321204,10.355
10699.518054,10.292
10699.716253999999,10.132
10699.914254,10.029
10700.112254,9.828
10700.310303999999,9.805
10700.508254,9.778
10700.706253999999,9.787
10700.904254,9.862
10701.102404,9.839
10701.301054,9.66
10701.498303999999,9.759
10701.696304,9.682
10701.894304,9.846
10702.092454,9.575000000000001
10702.290304,9.509
10702.488303999999,9.474
10702.686453999999,9.61
10702.884304,9.345
10703.082504,8.868
10703.280504,9.093
10703.478353999999,9.021
10703.676504,8.998
10703.874354,8.998
10704.072504,9.041
10704.270553999999,9.015
10704.468353999999,9.094
10704.666503999999,9.129
10704.865354,9.085
10705.062504,9.065
10705.262254,9.086
10705.458754,9.029
10705.656503999999,9.114
10705.854503999999,8.839
10706.052654,8.763
10706.250554,8.744
10706.448553999999,8.806000000000001
10706.646553999999,8.973
10706.844503999999,9.154
10707.042803999999,9.548
10707.240554,9.392
10707.438554,9.366
10707.636804,9.417
10707.834554,9.65
10708.032804,9.651
10708.230904,9.632
10708.428804,9.614
10708.626704,9.661
10708.824804,9.605
10709.022853999999,9.512
10709.220854,9.452
10709.418803999999,9.21
10709.616804,9.449
10709.814804,9.712
10710.012754,9.854000000000001
10710.210853999999,10.159
10710.410453999999,9.723
10710.606854,9.619
10710.804753999999,9.664
10711.003004,9.796
10711.202404,9.854000000000001
10711.399003999999,10.081
10711.597004,10.518
10711.796454,10.401
10711.993004,10.407
10712.190904,10.33
10712.389003999999,10.536
10712.587003999999,10.656
10712.786504,10.695
10712.983054,10.848
10713.182654,11.067
10713.378904,11.173
10713.577054,11.016
10713.775004,11.049
10713.973054,10.808
10714.171054,10.857000000000001
10714.369203999999,10.998000000000001
10714.567054,10.952
10714.765054,10.942
10715.160303999999,11.040000000000001
10715.556354,11.045
10715.754353999999,11.255
10715.952354,11.124
10716.150354,11.138
10716.348354,10.997
10716.546354,11.003
10716.744354,10.893
10716.942353999999,10.859
10717.141254,10.635
10717.338354,10.625
10717.536603999999,10.759
10717.734403999999,10.719
10717.932353999999,10.854000000000001
10718.130604,10.812
10718.328354,10.517
10718.526603999999,10.488
10718.724603999999,10.564
10718.922403999999,10.657
10719.121554,10.668000000000001
10719.318604,10.627
10719.516404,10.593
10719.715654,10.544
10719.912654,10.361
10720.110654,10.374
10720.308654,10.200000000000001
10720.506653999999,10.16
10720.704654,9.999
10720.902654,9.776
10721.100654,9.681000000000001
10721.298654,9.504
10721.496853999999,9.121
10721.694653999999,8.585
10721.892654,8.254
10722.090804,7.873
10722.288654,7.855
10722.486654,8.057
10722.684704,7.922000000000001
10722.882704,7.424
10723.081753999999,7.4430000000000005
10723.278704,7.1000000000000005
10723.476853999999,7.09
10723.674853999999,6.949
10723.872854,6.9110000000000005
10724.070854,7.094
10724.270304,7.082
10724.466854,6.678
10724.664904,6.547
10724.862904,6.421
10725.060904,6.348
10725.258904,6.663
10725.456903999999,6.582
10725.654903999999,6.5360000000000005
10725.852904,6.674
10726.050904,6.454
10726.248904,6.339
10726.447054,6.493
10726.644903999999,6.6240000000000006
10726.843053999999,6.5280000000000005
10727.041054,6.6530000000000005
10727.238904,6.61
10727.437154,6.4750000000000005
10727.635054,6.672
10727.832954,6.805
10728.031054,7.0440000000000005
10728.228954,7.281000000000001
10728.427153999999,7.267
10728.625204,7.547000000000001
10728.823104,7.676
10729.021104,7.838
10729.219104,8.094
10729.417204,8.384
10729.615103999999,8.456
10729.813103999999,8.608
10730.011104,8.886000000000001
10730.209104,9.054
10730.407353999999,9.363
10730.605153999999,9.5
10730.803154,9.709
10731.001154,9.819
10731.199254,9.99
10731.397654,10.002
10731.595254,10.033
10731.793354,10.132
10731.992304,10.06
10732.189154,10.06
10732.387404,10.119
10732.585404,10.121
10732.783153999999,10.201
10732.982654,9.882
10733.179403999999,9.968
10733.377403999999,9.91
10733.575404,9.887
10733.773204,9.759
10733.971904,9.687
10734.169404,9.689
10734.367403999999,9.427
10734.565454,9.417
10734.763604,9.34
10735.158704,9.161
10735.356704,8.724
10735.554704,8.407
10735.752703999999,8.370000000000001
10735.950954,8.197000000000001
10736.148704,8.096
10736.346704,7.8100000000000005
10736.544704,7.691
10736.742704,7.425
10736.942254,7.349
10737.138754,7.214
10737.336754,6.934
10737.534953999999,6.672
10737.732753999999,6.275
10737.930954,6.172
10738.128954,5.98
10738.326754,5.773
10738.526303999999,5.66
10738.722754,5.569
10738.920954,5.472
10739.119004,5.348
10739.316754,5.41
10739.515003999999,5.5360000000000005
10739.713004,5.4
10739.911004,5.365
10740.109004,5.281
10740.307004,5.2010000000000005
10740.505003999999,5.109
10740.703003999999,4.882
10740.901453999999,4.9590000000000005
10741.099054,4.923
10741.297053999999,4.832
10741.495053999999,4.57
10741.693003999999,4.345
10741.891153999999,4.009
10742.089054,4.147
10742.287004,4.281
10742.485203999999,4.44
10742.683054,4.224
10742.881054,4.034
10743.079204,3.7030000000000003
10743.277054,3.335
10743.475204,3.346
10743.673654,3.6790000000000003
10743.871204,3.6350000000000002
10744.069254,3.497
10744.267254,3.071
10744.465253999999,2.904
10744.663254,2.731
10744.861254,2.455
10745.059254,2.201
10745.258154,2.182
10745.455254,1.967
10745.653253999999,1.81
10745.851254,1.727
10746.049304,1.491
10746.247254,1.435
10746.445504,1.416
10746.643304,1.214
10746.842104,0.967
10747.039454,0.8320000000000001
10747.237254,0.28700000000000003
10747.435404,0.538
10747.633254,0.49
10747.831454,0.28400000000000003
10748.029454,0.202
10748.227304,0.44
10748.425554,0.314
10748.623554,0.28700000000000003
10748.821453999999,0.395
10749.019553999999,0.203
10749.217454,0.098
10749.415554,0.106
10749.613454,0.14200000000000002
10749.811704,0.109
10750.009603999999,0.124
10750.207504,0.17400000000000002
10750.405604,0.083
10750.603503999999,0.081
10750.801754,0.168
10750.999504,0.099
10751.197504,0.20700000000000002
10751.395703999999,0.095
10751.593604,0.08700000000000001
10751.791754,0.127
10751.989754,0.126
10752.187554,0.298
10752.385753999999,0.025
10752.583553999999,0.223
10752.781754,0.128
10752.979754,0.051000000000000004
10753.177554,0.112
10753.375753999999,0.115
10753.573754,0.108
10753.771804,0.106
10753.969804,0.179
10754.167803999999,0.045
10754.365804,0.045
10754.563804,0.083
10754.761954,0.182
10755.157054,0.11800000000000001
10755.355054,0.232
10755.553054,0.248
10755.751054,0.243
10755.949053999999,0.214
10756.147054,0.111
10756.345304,0.11
10756.543104,0.075
10756.741103999999,0.14400000000000002
10756.939304,0.081
10757.137104,0.098
10757.335104,0.054
10757.533354,0.091
10757.731104,0.10200000000000001
10757.929304,0.147
10758.127104,0.167
10758.325353999999,0.149
10758.523353999999,0.148
10758.721153999999,0.165
10758.919354,0.148
10759.117354,0.139
10759.315354,0.054
10759.513353999999,0.116
10759.711354,0.07100000000000001
10759.910154,0.153
10760.107354,0.184
10760.305354,0.08
10760.503404,0.062
10760.701404,0.116
10760.899404,0.133
10761.097404,0.197
10761.295554,0.107
10761.493403999999,0.215
10761.691404,0.319
10761.889554,0.218
10762.087404,0.198
10762.285854,0.09
10762.483604,0.097
10762.681454,0.111
10762.879604,0.10300000000000001
10763.077954,0.063
10763.275404,0.067
10763.473554,0.061
10763.671454,0.14400000000000002
10763.869604,0.045
10764.067604,0.095
10764.265604,0.181
10764.463603999999,0.079
10764.661603999999,0.108
10764.859604,0.077
10765.057604,0.114
10765.255853999999,0.10300000000000001
10765.453604,0.148
10765.651603999999,0.062
10765.849854,0.059000000000000004
10766.047654,0.025
10766.245654,0.106
10766.443653999999,0.269
10766.641654,0.186
10766.839854,0.068
10767.037654,0.049
10767.236004,0.069
10767.433804,0.083
10767.631653999999,0.088
10767.829904,0.041
10768.027854,0.057
10768.225903999999,0.085
10768.423904,0.113
10768.621853999999,0.044
10768.819803999999,0.10400000000000001
10769.017804,0.064
10769.215704,0.033
10769.413904,0.031
10769.611954,0.068
10769.809854,0.193
10770.007854,0.168
10770.206103999999,0.069
10770.403854,0.10400000000000001
10770.602104,0.04
10770.800104,0.084
10770.999654,0.07100000000000001
10771.196103999999,0.061
10771.394103999999,0.066
10771.591954,0.10300000000000001
10771.790104,0.079
10771.987904,0.053
10772.185904,0.025
10772.384103999999,0.046
10772.581954,0.106
10772.780154,0.038
10772.978104,0.07
10773.176104,0.073
10773.374154,0.07
10773.572253999999,0.01
10773.770154,0.039
10773.968154,0.014
10774.166304,0.075
10774.561404,0.029
10774.761004,0.079
10774.957454,0.062
10775.155454,0.099
10775.353404,0.122
10775.551404,0.062
10775.750654,0.131
10775.947454,0.037
10776.145454,0.034
10776.343654,0.06
10776.541454,0.034
10776.740554,0.015
10776.937453999999,0.082
10777.135454,0.145
10777.333703999999,0.15
10777.531454,0.125
10777.730554,0.046
10777.927704,0.107
10778.125504,0.134
10778.323704,0.101
10778.521703999999,0.042
10778.721054,0.022
10778.917704,0.045
10779.115704,0.132
10779.313704,0.08
10779.511703999999,0.011
10779.709703999999,0.075
10779.907704,0.049
10780.105754,0.041
10780.303753999999,0.051000000000000004
10780.501753999999,0.244
10780.699754,0.323
10780.897754,0.34700000000000003
10781.095754,0.63
10781.293904,0.594
10781.491753999999,0.468
10781.691053999999,0.332
10781.889604,0.181
10782.085804,0.148
10782.283953999999,0.05
10782.481804,0.134
10782.679954,0.17
10782.877954,0.116
10783.075804,0.176
10783.273954,0.12
10783.471953999999,0.094
10783.669804,0.108
10783.867954,0.015
10784.065954,0.083
10784.264003999999,0.091
10784.462003999999,0.06
10784.660154,0.029
10784.857954,0.067
10785.056203999999,0.066
10785.254004,0.019
10785.452003999999,0.098
10785.650153999999,0.109
10785.848004,0.139
10786.046253999999,0.149
10786.244254,0.067
10786.442003999999,0.16
10786.640003999999,0.159
10786.838154,0.186
10787.036154,0.177
10787.234253999999,0.181
10787.432904,0.256
10787.630254,0.101
10787.828254,0.11900000000000001
10788.026303999999,0.107
10788.224253999999,0.111
10788.422204,0.159
10788.620203999999,0.159
10788.818204,0.161
10789.016404,0.177
10789.214304,0.167
10789.412304,0.264
10789.610203999999,0.049
10789.808203999999,0.077
10790.006454,0.116
10790.206103999999,0.048
10790.402304,0.114
10790.600454,0.14200000000000002
10790.798304,0.274
10790.996454,0.192
10791.194454,0.157
10791.392254,0.088
10791.590504,0.151
10791.788504,0.133
10791.986503999999,0.17300000000000001
10792.184503999999,0.14200000000000002
10792.382504,0.09
10792.581554,0.098
10792.778504,0.18
10792.976654,0.037
10793.174503999999,0.151
10793.372554,0.212
10793.570554,0.23500000000000001
10793.768504,0.105
10793.966654,0.12
10794.164504,0.241
10794.559803999999,0.326
10794.757803999999,0.368
10794.955804,0.081
10795.154604,0.139
10795.351804,0.058
10795.549804,0.053
10795.748004,0.08700000000000001
10795.945803999999,0.099
10796.144054,0.059000000000000004
10796.341804,0.145
10796.539853999999,0.049
10796.738054,0.257
10796.935803999999,0.09
10797.134054,0.211
10797.332053999999,0.117
10797.529854,0.14
10797.728054,0.14400000000000002
10797.926054,0.19
10798.124804,0.164
10798.322103999999,0.17300000000000001
10798.520104,0.17200000000000001
10798.718104,0.392
10798.916104,0.311
10799.114054,0.243
10799.312054,0.338
10799.510103999999,0.34
10799.708104,0.333
10799.906104,0.445
10800.104254,0.525
10800.302104,0.506
10800.500103999999,0.484
10800.698754,0.36
10800.896104,0.324
10801.094304,0.305
10801.292104,0.401
10801.490154,0.446
10801.688304,0.47400000000000003
10801.886154,0.593
10802.084304,0.308
10802.282304,0.249
10802.480153999999,0.551
10802.678304,0.742
10802.876304,0.794
10803.074304,0.841
10803.273054,0.997
10803.470354,1.104
10803.668354,1.099
10803.867304,1.09
10804.064354,0.9520000000000001
10804.262604,0.855
10804.460353999999,0.727
10804.658354,0.5700000000000001
10804.857354,0.468
10805.054504,0.404
10805.252354,0.332
10805.451203999999,0.178
10805.648503999999,0.291
10805.846354,0.507
10806.044603999999,0.754
10806.242504,0.74
10806.442104,1.34
10806.638503999999,1.744
10806.836354,1.866
10807.034404,2.0380000000000003
10807.232554,2.294
10807.430403999999,2.588
10807.630304,3.055
10807.826554,3.326
10808.024653999999,3.608
10808.222654,4.065
10808.420554,4.33
10808.620304,4.774
10808.816553999999,4.9430000000000005
10809.014804,5.098
10809.212604,5.072
10809.410603999999,5.005
10809.608604,5.064
10809.806654,4.868
10810.004804,4.963
10810.202604,5.126
10810.400704,5.082
10810.598804,5.103
10810.798203999999,5.264
10810.994853999999,5.245
10811.588854,5.061
10811.786854,4.795
10811.986304,4.79
10812.182853999999,4.763
10812.382354,4.708
10812.578854,4.488
10812.776904,4.367
10812.975754,4.421
10813.172904,4.172
10813.371353999999,3.936
10813.568904,3.853
10813.766904,3.87
10813.965054,3.911
10814.360154,3.9570000000000003
10814.756153999999,3.391
10814.954154,3.3160000000000003
10815.152154,3.11
10815.351853999999,3.021
10815.548154,3.0540000000000003
10815.746154,3.086
10815.944904,2.922
10816.142404,2.65
10816.340204,2.56
10816.538204,2.177
10816.736404,2.048
10816.934204,1.868
10817.132404,1.819
10817.330654,1.684
10817.528454,1.6340000000000001
10817.726404,1.575
10817.924203999999,1.373
10818.122454,1.472
10818.320453999999,1.354
10818.518204,1.377
10818.716454,1.216
10818.914454,0.808
10819.112454,0.9450000000000001
10819.311603999999,0.716
10819.508504,0.609
10819.706454,0.536
10819.904504,0.055
10820.102654,0.19
10820.300503999999,0.28500000000000003
10820.498453999999,0.215
10823.468554,0.214
10823.666704,0.158
10823.864704,0.20700000000000002
10824.062704,0.089
10824.260704,0.221
10824.458703999999,0.044
10824.657954,0.14100000000000001
10824.854754,0.18
10825.052953999999,0.15
10825.250753999999,0.192
10825.449104,0.098
10825.646954,0.065
10825.844754,0.13
10826.042953999999,0.151
10826.240704,0.358
10826.438854,0.184
10826.636903999999,0.17400000000000002
10826.835404,0.229
10827.033003999999,0.108
10827.231004,0.088
10827.430553999999,0.073
10827.626903999999,0.166
10827.824904,0.221
10828.023003999999,0.046
10828.222054,0.08
10828.418904,0.095
10828.617004,0.078
10828.814903999999,0.109
10829.014353999999,0.10300000000000001
10829.211054,0.145
10829.409153999999,0.053
10829.607753999999,0.019
10829.805054,0.054
10830.003203999999,0.034
10830.201054,0.127
10830.399054,0.088
10830.597204,0.115
10830.794953999999,0.146
10830.993253999999,0.079
10831.191053999999,0.048
10831.389204,0.031
10831.587204,0.049
10831.785004,0.07
10831.983204,0.057
10832.181203999999,0.066
10832.379254,0.075
10832.577904,0.033
10832.775254,0.076
10832.973253999999,0.032
10833.171253999999,0.10400000000000001
10833.369254,0.113
10833.567254,0.078
10833.962504,0.075
10834.160504,0.049
10834.358504,0.04
10834.556504,0.042
10834.755104,0.106
10834.952503999999,0.061
10835.150554,0.076
10835.348554,0.131
10835.546753999999,0.05
10835.744553999999,0.051000000000000004
10835.942554,0.092
10836.141953999999,0.082
10836.338554,0.023
10836.536554,0.06
10836.734553999999,0.14
10836.932553999999,0.062
10837.130804,0.12
10837.328604,0.026000000000000002
10837.526804,0.037
10837.725704,0.053
10837.922604,0.154
10838.120804,0.052000000000000005
10838.318803999999,0.132
10838.516803999999,0.105
10838.714804,0.077
10838.913004,0.045
10839.110954,0.016
10839.308853999999,0.039
10839.506854,0.06
10839.704854,0.025
10839.904553999999,0.035
10840.100854,0.107
10840.298853999999,0.007
10840.497003999999,0.032
10840.694854,0.023
10840.893004,0.057
10841.091004,0.078
10841.290454,0.066
10841.487054,0.052000000000000005
10841.685054,0.08
10841.882854,0.016
10842.082354,0.069
10842.278903999999,0.046
10842.477053999999,0.024
10842.675054,0.08
10842.873054,0.022
10843.071103999999,0.098
10843.269054,0.038
10843.467053999999,0.07100000000000001
10843.665054,0.067
10843.863303999999,0.018000000000000002
10844.061054,0.012
10844.259054,0.03
10844.457354,0.081
10844.655754,0.016
10844.853104,0.034
10845.051104,0.043000000000000003
10845.249103999999,0.006
10845.447354,0.018000000000000002
10845.645104,0.074
10845.843254,0.06
10846.041254,0.068
10846.239104,0.08
10846.437354,0.093
10846.635354,0.026000000000000002
10846.833354,0.064
10847.031353999999,0.066
10847.230704,0.078
10847.427254,0.039
10847.625253999999,0.033
10847.823354,0.056
10848.021353999999,0.07
10848.219304,0.039
10848.417404,0.062
10848.615303999999,0.051000000000000004
10848.813554,0.047
10849.011304,0.025
10849.209404,0.07200000000000001
10849.407554,0.04
10849.605303999999,0.091
10849.803554,0.038
10850.001554,0.045
10850.199403999999,0.089
10850.397554,0.112
10850.595354,0.041
10850.793354,0.10400000000000001
10850.992304,0.105
10851.189403999999,0.073
10851.387553999999,0.023
10851.585554,0.026000000000000002
10851.783604,0.062
10851.981603999999,0.05
10852.179603999999,0.099
10852.377604,0.042
10852.577254,0.042
10852.773604,0.07200000000000001
10852.971604,0.034
10853.169603999999,0.045
10853.367604,0.037
10853.565604,0.033
10853.960904,0.041
10854.158854,0.057
10854.356854,0.079
10854.554903999999,0.051000000000000004
10854.752903999999,0.054
10854.951104,0.022
10855.148904,0.043000000000000003
10855.346904,0.042
10855.544904,0.057
10855.742903999999,0.032
10855.941154,0.032
10856.138904,0.036000000000000004
10856.336904,0.07100000000000001
10856.535154,0.054
10856.732954,0.045
10856.930954,0.059000000000000004
10857.129154,0.081
10857.326954,0.09
10857.525204,0.011
10857.723204,0.08700000000000001
10857.921154,0.076
10858.119154,0.013000000000000001
10858.316954,0.026000000000000002
10858.515153999999,0.024
10858.713154,0.088
10858.911204,0.059000000000000004
10859.109204,0.034
10859.307203999999,0.057
10859.505204,0.1
10859.703204,0.062
10859.901354,0.051000000000000004
10860.099204,0.064
10860.297203999999,0.057
10860.495353999999,0.10200000000000001
10860.694854,0.026000000000000002
10860.891404,0.009000000000000001
10861.090903999999,0.053
10861.287403999999,0.014
10861.485404,0.115
10861.683254,0.047
10861.882004,0.083
10862.079404,0.021
10862.277253999999,0.031
10862.475403999999,0.018000000000000002
10862.673404,0.09
10862.871404,0.07
10863.071004,0.053
10863.267453999999,0.078
10863.465403999999,0.025
10863.663403999999,0.031
10863.861454,0.085
10864.059454,0.049
10864.257604,0.096
10864.456554,0.067
10864.653454,0.023
10864.851703999999,0.079
10865.049454,0.094
10865.247454,0.064
10865.445603999999,0.03
10865.643454,0.039
10865.841454,0.052000000000000005
10866.039504,0.117
10866.237503999999,0.058
10866.435704,0.042
10866.633504,0.041
10866.831654,0.096
10867.029654,0.057
10867.227654,0.099
10867.425653999999,0.031
10867.623653999999,0.048
10867.821954,0.051000000000000004
10868.019654,0.061
10868.217853999999,0.024
10868.415654,0.07
10868.613704,0.034
10868.811904,0.043000000000000003
10869.009753999999,0.021
10869.207903999999,0.024
10869.405654,0.053
10869.603704,0.038
10869.801904,0.057
10869.999704,0.054
10870.197903999999,0.08700000000000001
10870.395954,0.041
10870.593804,0.035
10870.791954,0.042
10870.989953999999,0.016
10871.187704,0.011
10871.385954,0.05
10871.583703999999,0.027
10871.781954,0.054
10871.980004,0.019
10872.177953999999,0.031
10872.376004,0.011
10872.573954,0.016
10872.772353999999,0.015
10872.969954,0.019
10873.168104,0.075
10873.563253999999,0.06
10873.761254,0.046
10873.959254,0.033
10874.157254,0.08600000000000001
10874.355254,0.099
10874.553254,0.032
10874.751253999999,0.034
10874.949254,0.035
10875.147304,0.018000000000000002
10875.345503999999,0.019
10875.543254,0.024
10875.741253999999,0.012
10875.939504,0.036000000000000004
10876.137304,0.041
10876.335503999999,0.015
10876.533503999999,0.021
10876.731303999999,0.032
10876.929554,0.115
10877.127304,0.061
10877.325554,0.053
10877.523554,0.052000000000000005
10877.721303999999,0.017
10877.919554,0.058
10878.117504,0.037
10878.315553999999,0.062
10878.513554,0.063
10878.711554,0.034
10878.909554,0.02
10879.107554,0.053
10879.305553999999,0.026000000000000002
10879.503553999999,0.067
10879.701554,0.022
10879.899554,0.056
10880.097603999999,0.076
10880.295753999999,0.046
10880.493604,0.079
10880.691604,0.049
10880.891803999999,0.037
10881.087604,0.079
10881.285753999999,0.047
10881.483753999999,0.052000000000000005
10881.681604,0.073
10881.879754,0.052000000000000005
10882.077604,0.085
10882.275754,0.053
10882.473753999999,0.031
10882.671654,0.022
10882.869804,0.018000000000000002
10883.067804,0.021
10883.265803999999,0.027
10883.463803999999,0.067
10883.661954,0.033
10883.859804,0.049
10884.058454,0.031
10884.255954,0.04
10884.453854,0.02
10884.652054,0.022
10884.850053999999,0.091
10885.047804,0.017
10885.245954,0.051000000000000004
10885.444504,0.026000000000000002
10885.641854,0.02
10885.840054,0.074
10886.037854,0.04
10886.236004,0.053
10886.434003999999,0.047
10886.632004,0.089
10886.830103999999,0.012
10887.028103999999,0.062
10887.226004,0.062
10887.424003999999,0.045
10887.622104,0.036000000000000004
10887.820104,0.04
10888.018054,0.059000000000000004
10888.216053999999,0.06
10888.414053999999,0.044
10888.612904,0.10400000000000001
10888.810104,0.04
10889.008103999999,0.006
10889.206253999999,0.057
10889.404053999999,0.07200000000000001
10889.602254,0.042
10889.800304,0.006
10889.998054,0.019
10890.196304,0.021
10890.394054,0.078
10890.592304,0.053
10890.790304,0.043000000000000003
10890.988054,0.067
10891.186303999999,0.031
10891.384304,0.062
10891.582104,0.021
10891.780304,0.07100000000000001
10891.978353999999,0.036000000000000004
10892.176354,0.034
10892.374354,0.025
10892.572504,0.01
10892.770304,0.061
10893.165604,0.014
10893.561603999999,0.046
10893.759603999999,0.031
10893.957604,0.022
10894.155604,0.12
10894.353604,0.11900000000000001
10894.551653999999,0.085
10894.749654,0.039
10894.947654,0.075
10895.145654,0.037
10895.343853999999,0.041
10895.541653999999,0.013000000000000001
10895.739854,0.053
10895.937654,0.023
10896.135654,0.04
10896.333853999999,0.065
10896.531654,0.035
10896.729904,0.009000000000000001
10896.927904,0.03
10897.125654,0.049
10897.323903999999,0.028
10897.521904,0.033
10897.719704,0.024
10897.917904,0.019
10898.115904,0.049
10898.313903999999,0.027
10898.511954,0.04
10898.709954,0.013000000000000001
10898.907954,0.017
10899.105953999999,0.068
10899.303904,0.024
10899.501903999999,0.05
10899.700104,0.018000000000000002
10899.897954,0.031
10900.095954,0.045
10900.294103999999,0.02
10900.491954,0.031
10900.689954,0.015
10900.888104,0.039
10901.085954,0.035
10901.284754,0.044
10901.481953999999,0.048
10901.680154,0.01
10901.878154,0.041
10902.076104,0.031
10902.274153999999,0.049
10902.472154,0.043000000000000003
10902.670154,0.054
10902.868154,0.028
10903.067003999999,0.021
10903.264153999999,0.052000000000000005
10903.462153999999,0.029
10903.660404,0.044
10903.858204,0.007
10904.056403999999,0.027
10904.254203999999,0.048
10904.452204,0.037
10904.650404,0.046
10904.848204,0.006
10905.046354,0.045
10905.244354,0.028
10905.442203999999,0.035
10905.640454,0.036000000000000004
10905.838453999999,0.08600000000000001
10906.036454,0.012
10906.234454,0.003
10906.432353999999,0.069
10906.630353999999,0.039
10906.828453999999,0.056
10907.026453999999,0.037
10907.224354,0.054
10907.422403999999,0.03
10907.621104,0.031
10907.818404,0.048
10908.016604,0.027
10908.214404,0.039
10908.412403999999,0.027
10908.610654,0.08600000000000001
10908.808503999999,0.052000000000000005
10909.006653999999,0.033
10909.204654,0.053
10909.402404,0.036000000000000004
10909.600654,0.004
10909.798454,0.05
10909.996653999999,0.043000000000000003
10910.194653999999,0.022
10910.392453999999,0.06
10910.590654,0.07100000000000001
10910.789304,0.032
10910.986654,0.015
10911.184704,0.011
10911.382704,0.025
10911.580704,0.04
10911.778704,0.006
10911.976853999999,0.053
10912.175353999999,0.017
10912.372704,0.016
10912.570704,0.055
10912.768704,0.029
10913.163954,0.033
10913.559954,0.02
10913.757953999999,0.033
10913.956004,0.047
10914.154204,0.023
10914.352004,0.032
10914.550003999999,0.038
10914.748254,0.019
10914.946004,0.042
10915.144253999999,0.021
10915.342203999999,0.053
10915.540004,0.043000000000000003
10915.738254,0.02
10915.936004,0.015
10916.134253999999,0.01
10916.332253999999,0.058
10916.530053999999,0.062
10916.728254,0.04
10916.926254,0.016
10917.124254,0.026000000000000002
10917.322253999999,0.085
10917.520053999999,0.084
10917.718254,0.046
10917.916304,0.075
10918.114303999999,0.007
10918.312304,0.08600000000000001
10918.510304,0.07100000000000001
10918.708304,0.013000000000000001
10918.906304,0.031
10919.104454,0.035
10919.302303999999,0.022
10919.500304,0.057
10919.698454,0.052000000000000005
10919.896304,0.031
10920.094503999999,0.012
10920.292354,0.035
10920.490354,0.033
10920.688504,0.024
10920.886304,0.041
10921.084504,0.048
10921.282503999999,0.068
10921.480354,0.065
10921.678504,0.029
10921.876504,0.016
10922.075154,0.066
10922.272503999999,0.021
10922.470503999999,0.028
10922.668504,0.044
10922.866504,0.021
10923.064504,0.006
10923.262504,0.032
10923.461204,0.018000000000000002
10923.658554,0.034
10923.856554,0.042
10924.054704,0.041
10924.252553999999,0.04
10924.450554,0.032
10924.648754,0.01
10924.846554,0.035
10925.044804,0.018000000000000002
10925.242804,0.045
10925.440604,0.05
10925.638804,0.051000000000000004
10925.836604,0.014
10926.034704,0.048
10926.232753999999,0.014
10926.430604,0.034
10926.628804,0.013000000000000001
10926.826804,0.022
10927.024754,0.032
10927.222754,0.053
10927.420753999999,0.053
10927.618854,0.038
10927.816853999999,0.049
10928.015003999999,0.026000000000000002
10928.212754,0.029
10928.410753999999,0.023
10928.608854,0.04
10928.806854,0.06
10929.005003999999,0.041
10929.202803999999,0.024
10929.400803999999,0.036000000000000004
10929.599054,0.052000000000000005
10929.796903999999,0.043000000000000003
10929.995053999999,0.04
10930.193003999999,0.018000000000000002
10930.391004,0.017
10930.589054,0.005
10930.787054,0.017
10930.985053999999,0.033
10931.183054,0.053
10931.381054,0.021
10931.579953999999,0.006
10931.777054,0.045
10931.975053999999,0.028
10932.173053999999,0.024
10932.371204,0.022
10932.569104,0.07100000000000001
10932.964304,0.032
10933.162304,0.017
10933.360354,0.051000000000000004
10933.558554,0.018000000000000002
10933.756354,0.03
10933.954354,0.068
10934.152354,0.049
10934.350354,0.024
10934.548604,0.037
10934.746353999999,0.042
10934.944354,0.04
10935.142603999999,0.04
10935.340354,0.007
10935.538403999999,0.076
10935.736604,0.045
10935.934404,0.015
10936.132604,0.045
10936.330654,0.021
10936.528403999999,0.032
10936.726604,0.005
10936.924404,0.044
10937.122604,0.02
10937.320654,0.042
10937.518654,0.026000000000000002
10937.716654,0.028
10937.914654,0.02
10938.112653999999,0.033
10938.310653999999,0.014
10938.508654,0.016
10938.706654,0.045
10938.904654,0.005
10939.102654,0.025
10939.300653999999,0.039
10939.498854,0.038
10939.696704,0.036000000000000004
10939.894704,0.02
10940.092853999999,0.038
10940.290704,0.038
10940.488854,0.031
10940.686854,0.018000000000000002
10940.884704,0.065
10941.082854,0.031
10941.280853999999,0.031
10941.478904,0.026000000000000002
10941.676904,0.026000000000000002
10941.874754,0.051000000000000004
10942.072903999999,0.068
10942.270854,0.041
10942.468904,0.067
10942.666904,0.035
10942.864904,0.068
10943.062904,0.011
10943.260903999999,0.051000000000000004
10943.459154,0.042
10943.656904,0.013000000000000001
10943.854904,0.009000000000000001
10944.053804,0.041
10944.250903999999,0.005
10944.448903999999,0.025
10944.646904,0.049
10944.844954,0.018000000000000002
10945.043104,0.034
10945.240953999999,0.022
10945.439104,0.043000000000000003
10945.637203999999,0.035
10945.834954,0.047
10946.033153999999,0.016
10946.231104,0.025
10946.429154,0.049
10946.627204,0.029
10946.825104,0.04
10947.023104,0.026000000000000002
10947.221854,0.035
10947.419004,0.058
10947.617204,0.054
10947.815104,0.054
10948.013104,0.056
10948.211204,0.019
10948.409354,0.006
10948.607253999999,0.02
10948.805253999999,0.039
10949.004053999999,0.045
10949.201254,0.033
10949.399404,0.042
10949.597404,0.012
10949.795154,0.025
10949.993403999999,0.058
10950.191154,0.036000000000000004
10950.389904,0.036000000000000004
10950.587404,0.028
10950.785303999999,0.017
10950.983403999999,0.029
10951.181454,0.011
10951.379454,0.056
10951.577404,0.056
10951.775404,0.044
10951.973453999999,0.018000000000000002
10952.171454,0.036000000000000004
10952.369553999999,0.025
10952.567454,0.036000000000000004
10952.962704,0.008
10953.160704,0.037
10953.358704,0.003
10953.556703999999,0.024
10953.754754,0.04
10953.952954,0.03
10954.150754,0.032
10954.348704,0.043000000000000003
10954.546954,0.016
10954.744703999999,0.023
10954.942754,0.049
10955.140953999999,0.034
10955.338754,0.036000000000000004
10955.537004,0.027
10955.734754,0.024
10955.932754,0.01
10956.131003999999,0.088
10956.328754,0.032
10956.526753999999,0.015
10956.725004,0.042
10956.922754,0.013000000000000001
10957.121003999999,0.023
10957.319003999999,0.034
10957.517004,0.05
10957.715004,0.07
10957.913154,0.06
10958.111004,0.05
10958.309003999999,0.029
10958.507004,0.05
10958.705054,0.01
10958.903054,0.021
10959.101053999999,0.074
10959.299054,0.036000000000000004
10959.497204,0.021
10959.695054,0.038
10959.893054,0.034
10960.091204,0.024
10960.289053999999,0.044
10960.487204,0.013000000000000001
10960.685204,0.018000000000000002
10960.883254,0.041
10961.081253999999,0.015
10961.279104,0.009000000000000001
10961.477254,0.05
10961.675254,0.054
10961.873104,0.031
10962.071254,0.022
10962.269253999999,0.053
10962.467254,0.021
10962.665254,0.044
10962.864104,0.041
10963.061254,0.023
10963.259304,0.037
10963.457504,0.037
10963.655254,0.066
10963.853404,0.006
10964.051303999999,0.037
10964.249953999999,0.044
10964.447504,0.024
10964.645304,0.027
10964.843454,0.018000000000000002
10965.041404,0.014
10965.239303999999,0.018000000000000002
10965.437554,0.01
10965.635554,0.03
10965.833454,0.03
10966.032204,0.051000000000000004
10966.229304,0.019
10966.427554,0.004
10966.625504,0.03
10966.823504,0.038
10967.021504,0.023
10967.219503999999,0.021
10967.417554,0.02
10967.615554,0.035
10967.813704,0.024
10968.011454,0.052000000000000005
10968.209454,0.023
10968.407754,0.038
10968.605604,0.023
10968.803753999999,0.018000000000000002
10969.001604,0.045
10969.199504,0.022
10969.397754,0.015
10969.595503999999,0.041
10969.793754,0.033
10969.991753999999,0.061
10970.189654,0.056
10970.387804,0.013000000000000001
10970.585804,0.019
10970.783653999999,0.033
10970.982404,0.045
10971.179804,0.026000000000000002
10971.377804,0.026000000000000002
10971.575804,0.025
10971.773804,0.06
10971.971803999999,0.036000000000000004
10972.169804,0.032
10972.367804,0.036000000000000004
10972.763054,0.03
10972.961054,0.014
10973.159104,0.024
10973.357103999999,0.007
10973.555104,0.025
10973.753104,0.02
10973.951104,0.037
10974.149104,0.059000000000000004
10974.347104,0.058
10974.545103999999,0.042
10974.743104,0.019
10974.941304,0.024
10975.139104,0.022
10975.337153999999,0.061
10975.535354,0.05
10975.733103999999,0.017
10975.931354,0.058
10976.129353999999,0.029
10976.327104,0.014
10976.525354,0.025
10976.723354,0.022
10976.921154,0.039
10977.119404,0.069
10977.317404,0.056
10977.515404,0.042
10977.713404,0.005
10977.911404,0.026000000000000002
10978.109403999999,0.041
10978.307353999999,0.012
10978.505404,0.006
10978.703404,0.023
10978.902204,0.035
10979.099403999999,0.063
10979.297403999999,0.039
10979.495554,0.056
10979.693404,0.004
10979.891554,0.029
10980.089404,0.045
10980.288254,0.035
10980.485604,0.06
10980.683454,0.045
10980.881604,0.012
10981.079603999999,0.015
10981.277603999999,0.017
10981.475604,0.02
10981.673604,0.027
10981.871604,0.004
10982.069604,0.043000000000000003
10982.267603999999,0.035
10982.465603999999,0.02
10982.663654,0.041
10982.861503999999,0.027
10983.059653999999,0.017
10983.257803999999,0.02
10983.455654,0.005
10983.653654,0.032
10983.852404,0.018000000000000002
10984.049654,0.038
10984.247904,0.016
10984.445904,0.028
10984.643704,0.006
10984.841804,0.035
10985.039853999999,0.012
10985.238554,0.002
10985.435904,0.031
10985.633704,0.034
10985.831903999999,0.038
10986.029854,0.064
10986.227853999999,0.03
10986.425854,0.03
10986.623854,0.041
10986.821954,0.054
10987.020553999999,0.026000000000000002
10987.218104,0.034
10987.415954,0.047
10987.613854,0.029
10987.812103999999,0.024
10988.009854,0.024
10988.207954,0.016
10988.406503999999,0.035
10988.603954,0.029
10988.802104,0.011
10988.999904,0.026000000000000002
10989.198104,0.031
10989.396104,0.024
10989.593904,0.022
10989.792153999999,0.014
10989.990154,0.015
10990.188154,0.047
10990.386154,0.037
10990.584154,0.016
10990.782153999999,0.021
10990.980153999999,0.037
10991.178004,0.03
10991.376154,0.021
10991.574804,0.055
10991.772154,0.053
10992.167404,0.043000000000000003
10992.563454,0.029
10992.761454,0.014
10992.959454,0.003
10993.157454,0.064
10993.355453999999,0.016
10993.553453999999,0.02
10993.751454,0.007
10993.949454,0.057
10994.147454,0.045
10994.345454,0.024
10994.543453999999,0.035
10994.741504,0.034
10994.939704,0.013000000000000001
10995.137504,0.054
10995.335704,0.033
10995.533704,0.046
10995.731504,0.046
10995.929704,0.012
10996.127504,0.031
10996.325703999999,0.028
10996.523754,0.021
10996.721504,0.038
10996.919753999999,0.021
10997.117753999999,0.025
10997.315504,0.022
10997.513754,0.004
10997.711754,0.029
10997.909754,0.011
10998.107753999999,0.013000000000000001
10998.305903999999,0.011
10998.503754,0.024
10998.701804,0.017
10998.899803999999,0.019
10999.097803999999,0.052000000000000005
10999.295954,0.013000000000000001
10999.493754,0.042
10999.691804,0.019
10999.889954,0.047
11000.087803999999,0.014
11000.285953999999,0.029
11000.483954,0.047
11000.681804,0.038
11000.879954,0.017
11001.077954,0.043000000000000003
11001.275953999999,0.019
11001.473954,0.033
11001.671804,0.032
11001.870004,0.03
11002.068003999999,0.042
11002.266004,0.009000000000000001
11002.464004,0.028
11002.662004,0.024
11002.860004,0.036000000000000004
11003.058003999999,0.006
11003.256254,0.031
11003.454004,0.044
11003.652253999999,0.043000000000000003
11003.850804,0.036000000000000004
11004.048053999999,0.041
11004.246154,0.048
11004.444054,0.037
11004.642154,0.037
11004.840253999999,0.058
11005.038053999999,0.08
11005.236904,0.041
11005.434204,0.066
11005.632303999999,0.023
11005.830204,0.026000000000000002
11006.028204,0.028
11006.226203999999,0.04
11006.424304,0.038
11006.622454,0.004
11006.820303999999,0.011
11007.018854,0.045
11007.216304,0.066
11007.414304,0.02
11007.612454,0.023
11007.810254,0.029
11008.008354,0.05
11008.206504,0.013000000000000001
11008.404903999999,0.061
11008.602254,0.016
11008.800503999999,0.021
11008.998254,0.01
11009.196504,0.013000000000000001
11009.394504,0.021
11009.592454,0.03
11009.790503999999,0.02
11009.988303999999,0.023
11010.186504,0.021
11010.384504,0.03
11010.582504,0.02
11010.780504,0.031
11010.978503999999,0.056
11011.176504,0.076
11011.374504,0.011
11011.573154,0.016
11011.770553999999,0.006
11012.166003999999,0.018000000000000002
11012.363803999999,0.033
11012.561803999999,0.003
11012.759804,0.057
11012.957804,0.021
11013.156054,0.034
11013.353804,0.054
11013.551803999999,0.018000000000000002
11013.750054,0.023
11013.947804,0.039
11014.145854,0.039
11014.344054,0.048
11014.541854,0.023
11014.740054,0.058
11014.938054,0.014
11015.135854,0.043000000000000003
11015.334104,0.015
11015.531853999999,0.037
11015.730054,0.017
11015.928103999999,0.012
11016.126103999999,0.034
11016.324104,0.048
11016.522104,0.005
11016.720104,0.08
11016.918104,0.018000000000000002
11017.116103999999,0.01
11017.314104,0.016
11017.512104,0.038
11017.710104,0.003
11017.908104,0.05
11018.106953999999,0.029
11018.304154,0.031
11018.502154,0.047
11018.700304,0.044
11018.898153999999,0.024
11019.096303999999,0.055
11019.294304,0.015
11019.492154,0.061
11019.690304,0.044
11019.888304,0.024
11020.086153999999,0.016
11020.284354,0.032
11020.482204,0.059000000000000004
11020.680354,0.03
11020.878354,0.034
11021.076304,0.01
11021.274354,0.024
11021.472354,0.011
11021.670354,0.008
11021.868354,0.031
11022.066504,0.018000000000000002
11022.264353999999,0.014
11022.462354,0.032
11022.661154,0.043000000000000003
11022.858354,0.029
11023.056354,0.028
11023.254353999999,0.015
11023.452404,0.017
11023.650404,0.031
11023.848404,0.048
11024.046654,0.042
11024.244654,0.028
11024.442404,0.017
11024.640554,0.011
11024.838554,0.04
11025.036603999999,0.041
11025.234553999999,0.036000000000000004
11025.432553999999,0.021
11025.630554,0.049
11025.829204,0.019
11026.026654,0.044
11026.224654,0.027
11026.422654,0.008
11026.620554,0.033
11026.818554,0.028
11027.016803999999,0.008
11027.215304,0.047
11027.412704,0.051000000000000004
11027.610804,0.046
11027.808704,0.043000000000000003
11028.006854,0.021
11028.204854,0.064
11028.402603999999,0.037
11028.600854,0.029
11028.798604,0.012
11028.996704,0.044
11029.194854,0.019
11029.392753999999,0.023
11029.590854,0.024
11029.788854,0.04
11029.986904,0.032
11030.184904,0.026000000000000002
11030.382854,0.039
11030.580904,0.044
11030.779553999999,0.034
11030.977053999999,0.014
11031.174904,0.043000000000000003
11031.372904,0.068
11031.570904,0.041
11031.768903999999,0.035
11032.164154,0.025
11032.362154,0.038
11032.560204,0.022
11032.758204,0.023
11032.956204,0.008
11033.154403999999,0.051000000000000004
11033.352154,0.041
11033.550204,0.044
11033.748404,0.035
11033.946204,0.026000000000000002
11034.144403999999,0.023
11034.342203999999,0.01
11034.540203999999,0.04
11034.738454,0.035
11034.936204,0.028
11035.134454,0.044
11035.332454,0.03
11035.530203999999,0.049
11035.728454,0.065
11035.926454,0.004
11036.124453999999,0.013000000000000001
11036.322454,0.024
11036.520504,0.033
11036.718504,0.018000000000000002
11036.916454,0.037
11037.114453999999,0.008
11037.312453999999,0.027
11037.510504,0.024
11037.708454,0.024
11037.906503999999,0.081
11038.104653999999,0.064
11038.302504,0.017
11038.500504,0.023
11038.698654,0.027
11038.896504,0.018000000000000002
11039.094653999999,0.046
11039.292653999999,0.034
11039.490504,0.014
11039.688704,0.026000000000000002
11039.886553999999,0.011
11040.084703999999,0.049
11040.282704,0.018000000000000002
11040.480554,0.043000000000000003
11040.678704,0.026000000000000002
11040.876704,0.054
11041.074703999999,0.018000000000000002
11041.272703999999,0.035
11041.470704,0.025
11041.668704,0.017
11041.867354,0.032
11042.064753999999,0.027
11042.262754,0.028
11042.460704,0.04
11042.658704,0.017
11042.856754,0.015
11043.054954,0.028
11043.253404,0.014
11043.450754,0.029
11043.648904,0.035
11043.846754,0.008
11044.044904,0.041
11044.243004,0.01
11044.440754,0.048
11044.638904,0.055
11044.836754,0.034
11045.035654,0.037
11045.233004,0.07100000000000001
11045.430804,0.022
11045.628954,0.032
11045.826954,0.02
11046.025004,0.012
11046.223004,0.039
11046.421604,0.05
11046.618954,0.044
11046.816954,0.024
11047.015153999999,0.019
11047.213054,0.006
11047.411204,0.023
11047.609004,0.061
11047.807004,0.007
11048.005204,0.051000000000000004
11048.202954,0.009000000000000001
11048.401054,0.03
11048.599204,0.019
11048.797004,0.025
11048.995203999999,0.027
11049.193204,0.051000000000000004
11049.391004,0.024
11049.589854,0.006
11049.787253999999,0.017
11049.985254,0.021
11050.183254,0.038
11050.381254,0.017
11050.579254,0.003
11050.777253999999,0.017
11050.975253999999,0.015
11051.173254,0.025
11051.371404,0.069
11051.766504,0.06
11052.162553999999,0.037
11052.360553999999,0.035
11052.558554,0.021
11052.756554,0.003
11052.954554,0.016
11053.152554,0.013000000000000001
11053.350553999999,0.013000000000000001
11053.548754,0.053
11053.746554,0.027
11053.944554,0.043000000000000003
11054.142804,0.026000000000000002
11054.340603999999,0.045
11054.538804,0.056
11054.736804,0.021
11054.934554,0.019
11055.132803999999,0.024
11055.330603999999,0.012
11055.528804,0.031
11055.726804,0.015
11055.924604,0.015
11056.122854,0.026000000000000002
11056.320854,0.007
11056.518854,0.016
11056.716854,0.055
11056.914853999999,0.038
11057.112853999999,0.029
11057.310854,0.019
11057.509004,0.033
11057.706854,0.036000000000000004
11057.904854,0.101
11058.102853999999,0.018000000000000002
11058.300854,0.032
11058.498854,0.038
11058.696854,0.05
11058.894854,0.029
11059.093053999999,0.016
11059.290853999999,0.029
11059.489054,0.033
11059.687054,0.03
11059.884903999999,0.051000000000000004
11060.083053999999,0.033
11060.281054,0.042
11060.479054,0.008
11060.677054,0.012
11060.874904,0.042
11061.073053999999,0.024
11061.271104,0.009000000000000001
11061.468954,0.016
11061.667054,0.024
11061.865704,0.035
11062.063103999999,0.007
11062.261104,0.012
11062.459254,0.013000000000000001
11062.657104,0.016
11062.855054,0.022
11063.053354,0.029
11063.251753999999,0.021
11063.449254,0.04
11063.647254,0.038
11063.845104,0.039
11064.043354,0.07100000000000001
11064.241103999999,0.022
11064.439253999999,0.02
11064.637254,0.028
11064.835104,0.043000000000000003
11065.034004,0.042
11065.231303999999,0.025
11065.429403999999,0.032
11065.627403999999,0.009000000000000001
11065.825304,0.008
11066.023404,0.052000000000000005
11066.221303999999,0.011
11066.419554,0.029
11066.617304,0.017
11066.815403999999,0.009000000000000001
11067.013404,0.012
11067.211404,0.041
11067.409404,0.021
11067.607354,0.07200000000000001
11067.805354,0.032
11068.003553999999,0.01
11068.201454,0.028
11068.399554,0.06
11068.598253999999,0.06
11068.795354,0.021
11068.993604,0.018000000000000002
11069.191454,0.044
11069.389604,0.026000000000000002
11069.587604,0.04
11069.785453999999,0.043000000000000003
11069.983604,0.023
11070.181604,0.044
11070.379454,0.016
11070.577653999999,0.028
11070.775604,0.039
11070.973654,0.002
11071.171654,0.07200000000000001
11071.369804,0.028
11071.764904,0.033
11072.160904,0.029
11072.358903999999,0.01
11072.556904,0.024
11072.754904,0.013000000000000001
11072.952904,0.027
11073.150904,0.003
11073.348904,0.043000000000000003
11073.547154,0.008
11073.744954,0.026000000000000002
11073.943153999999,0.013000000000000001
11074.141153999999,0.014
11074.338953999999,0.052000000000000005
11074.537154,0.044
11074.734954,0.011
11074.933154,0.047
11075.131153999999,0.027
11075.328953999999,0.031
11075.527204,0.012
11075.725204,0.017
11075.922954,0.029
11076.121204,0.047
11076.319204,0.037
11076.517204,0.02
11076.715204,0.02
11076.913354,0.039
11077.111203999999,0.005
11077.309204,0.024
11077.507204,0.003
11077.705253999999,0.034
11077.903403999999,0.021
11078.101254,0.038
11078.299203999999,0.018000000000000002
11078.497404,0.036000000000000004
11078.695204,0.029
11078.893253999999,0.023
11079.091403999999,0.026000000000000002
11079.289254,0.036000000000000004
11079.488054,0.024
11079.685254,0.023
11079.883404,0.022
11080.081403999999,0.066
11080.279254,0.028
11080.477404,0.009000000000000001
11080.675454,0.023
11080.873453999999,0.005
11081.071453999999,0.05
11081.269403999999,0.032
11081.467454,0.01
11081.665454,0.044
11081.863454,0.023
11082.061453999999,0.029
11082.259454,0.021
11082.457454,0.033
11082.656154,0.018000000000000002
11082.853704,0.037
11083.051454,0.031
11083.249504,0.042
11083.447654,0.028
11083.645504,0.014
11083.843703999999,0.03
11084.041704,0.007
11084.239504,0.043000000000000003
11084.437753999999,0.01
11084.635654,0.018000000000000002
11084.833504,0.036000000000000004
11085.031654,0.028
11085.229503999999,0.025
11085.427754,0.052000000000000005
11085.625753999999,0.017
11085.824304,0.039
11086.021654,0.02
11086.219653999999,0.018000000000000002
11086.417704,0.034
11086.615704,0.046
11086.813954,0.052000000000000005
11087.011804,0.049
11087.210404,0.014
11087.407954,0.016
11087.605704,0.038
11087.803804,0.015
11088.001804,0.007
11088.199804,0.007
11088.397954,0.061
11088.595754,0.028
11088.793953999999,0.033
11088.992604,0.016
11089.189804,0.045
11089.387954,0.021
11089.585954,0.034
11089.783953999999,0.02
11089.981953999999,0.033
11090.179954,0.023
11090.378654,0.027
11090.576003999999,0.036000000000000004
11090.774003999999,0.028
11090.972004,0.056
11091.170004,0.008
11091.368004,0.032
11091.763254,0.022
11091.961254,0.017
11092.159254,0.032
11092.357253999999,0.041
11092.555253999999,0.022
11092.753254,0.03
11092.951503999999,0.006
11093.149303999999,0.03
11093.347303999999,0.039
11093.545304,0.035
11093.743304,0.043000000000000003
11093.941553999999,0.029
11094.139304,0.032
11094.337504,0.015
11094.535504,0.017
11094.733304,0.081
11094.931553999999,0.089
11095.129554,0.049
11095.327354,0.04
11095.525554,0.028
11095.723554,0.067
11095.921553999999,0.011
11096.119553999999,0.042
11096.317554,0.045
11096.515554,0.058
11096.713554,0.041
11096.911554,0.016
11097.109604,0.029
11097.307754,0.007
11097.505604,0.049
11097.703604,0.018000000000000002
11097.901753999999,0.037
11098.099603999999,0.049
11098.298404,0.023
11098.495754,0.066
11098.693604,0.033
11098.891754,0.037
11099.089753999999,0.027
11099.287654,0.048
11099.485804,0.042
11099.683604,0.016
11099.881754,0.036000000000000004
11100.080453999999,0.019
11100.277804,0.037
11100.475804,0.017
11100.673804,0.045
11100.871804,0.014
11101.069803999999,0.022
11101.267953999999,0.053
11101.466454,0.029
11101.663804,0.038
11101.861804,0.039
11102.059803999999,0.032
11102.257854,0.041
11102.455854,0.028
11102.653854,0.038
11102.852104,0.013000000000000001
11103.049853999999,0.028
11103.248653999999,0.031
11103.446004,0.054
11103.643854,0.018000000000000002
11103.842053999999,0.03
11104.040003999999,0.034
11104.238003999999,0.025
11104.436104,0.038
11104.633904,0.012
11104.832104,0.041
11105.030754,0.016
11105.228054,0.043000000000000003
11105.426054,0.03
11105.624004,0.007
11105.822103999999,0.052000000000000005
11106.020154,0.017
11106.218254,0.027
11106.416704,0.04
11106.614054,0.023
11106.812154,0.048
11107.010054,0.033
11107.208304,0.004
11107.406054,0.003
11107.604054,0.052000000000000005
11107.802303999999,0.01
11108.000154,0.017
11108.198304,0.035
11108.396304,0.026000000000000002
11108.594104,0.075
11108.792354,0.047
11108.990354,0.018000000000000002
11109.188304,0.023
11109.386354,0.028
11109.584754,0.025
11109.782353999999,0.028
11109.980354,0.01
11110.178354,0.049
11110.376354,0.022
11110.574354,0.011
11110.772353999999,0.012
11111.167604,0.073
11111.563654,0.03
11111.761654,0.045
11111.959654,0.035
11112.157604,0.019
11112.355653999999,0.038
11112.553654,0.021
11112.751654,0.024
11112.949654,0.061
11113.147654,0.016
11113.345904,0.024
11113.543654,0.053
11113.741654,0.043000000000000003
11113.939903999999,0.029
11114.137654,0.027
11114.335653999999,0.023
11114.533904,0.039
11114.731704,0.007
11114.929903999999,0.073
11115.127703999999,0.019
11115.325904,0.022
11115.523954,0.031
11115.721704,0.02
11115.919904,0.055
11116.117903999999,0.026000000000000002
11116.315904,0.019
11116.513904,0.028
11116.711954,0.048
11116.909953999999,0.018000000000000002
11117.107954,0.012
11117.306104,0.02
11117.503954,0.022
11117.701954,0.023
11117.899953999999,0.044
11118.097953999999,0.034
11118.296104,0.041
11118.494004,0.052000000000000005
11118.692003999999,0.04
11118.890153999999,0.039
11119.088004,0.047
11119.286154,0.026000000000000002
11119.484804,0.02
11119.682154,0.041
11119.880154,0.032
11120.078153999999,0.037
11120.276004,0.05
11120.474154,0.032
11120.672203999999,0.017
11120.870203999999,0.023
11121.068204,0.033
11121.266153999999,0.014
11121.464154,0.033
11121.662154,0.029
11121.860203999999,0.024
11122.058203999999,0.019
11122.256303999999,0.015
11122.454204,0.036000000000000004
11122.652454,0.064
11122.850454,0.022
11123.048853999999,0.069
11123.246353999999,0.028
11123.444204,0.028
11123.642453999999,0.046
11123.840454,0.033
11124.038254,0.04
11124.236404,0.032
11124.435104,0.017
11124.632504,0.026000000000000002
11124.830453999999,0.012
11125.028403999999,0.028
11125.226404,0.02
11125.424404,0.061
11125.622604,0.014
11125.820504,0.004
11126.018404,0.028
11126.216403999999,0.037
11126.414454,0.008
11126.612653999999,0.04
11126.810404,0.032
11127.008504,0.023
11127.206654,0.035
11127.404504,0.07100000000000001
11127.603304,0.016
11127.800653999999,0.015
11127.998453999999,0.007
11128.196704,0.034
11128.394704,0.049
11128.592553999999,0.013000000000000001
11128.790704,0.023
11128.988554,0.026000000000000002
11129.186704,0.038
11129.384704,0.009000000000000001
11129.582704,0.043000000000000003
11129.780703999999,0.025
11129.978704,0.023
11130.176704,0.04
11130.374754,0.032
11130.572854,0.003
11130.771353999999,0.029
11131.166003999999,0.022
11131.562004,0.03
11131.760004,0.054
11131.958004,0.07100000000000001
11132.156203999999,0.08
11132.354003999999,0.051000000000000004
11132.552004,0.011
11132.750253999999,0.039
11132.948053999999,0.016
11133.146254,0.021
11133.344254,0.035
11133.542003999999,0.092
11133.740254,0.026000000000000002
11133.938054,0.057
11134.136254,0.025
11134.334254,0.021
11134.532054,0.011
11134.730303999999,0.057
11134.928304,0.006
11135.126304,0.033
11135.324304,0.037
11135.522304,0.018000000000000002
11135.720304,0.024
11135.918254,0.018000000000000002
11136.116453999999,0.035
11136.314304,0.012
11136.512304,0.015
11136.710304,0.023
11136.908354,0.046
11137.106303999999,0.004
11137.304304,0.066
11137.502304,0.058
11137.700454,0.043000000000000003
11137.898353999999,0.027
11138.096504,0.028
11138.294504,0.053
11138.492354,0.048
11138.690504,0.01
11138.888503999999,0.003
11139.086503999999,0.048
11139.284504,0.032
11139.482354,0.008
11139.680504,0.042
11139.878504,0.019
11140.076554,0.039
11140.274503999999,0.017
11140.472504,0.032
11140.670403999999,0.019
11140.868553999999,0.017
11141.066703999999,0.028
11141.264554,0.042
11141.462554,0.041
11141.661454,0.024
11141.858554,0.07100000000000001
11142.056703999999,0.038
11142.254604,0.035
11142.452604,0.025
11142.650803999999,0.015
11142.848554,0.033
11143.046804,0.031
11143.244703999999,0.024
11143.442554,0.015
11143.640754,0.019
11143.838803999999,0.05
11144.036854,0.026000000000000002
11144.234854,0.08600000000000001
11144.432754,0.001
11144.630853999999,0.029
11144.829504,0.005
11145.026753999999,0.042
11145.224753999999,0.046
11145.422754,0.044
11145.620853999999,0.026000000000000002
11145.818854,0.029
11146.017004,0.022
11146.214753999999,0.021
11146.412804,0.035
11146.610804,0.028
11146.808804,0.06
11147.007004,0.069
11147.205054,0.023
11147.402753999999,0.034
11147.601004,0.049
11147.798904,0.056
11147.997704,0.029
11148.195054,0.028
11148.392804,0.027
11148.591053999999,0.032
11148.789053999999,0.006
11148.986904,0.003
11149.185054,0.039
11149.383753999999,0.018000000000000002
11149.581103999999,0.03
11149.779104,0.065
11149.977203999999,0.031
11150.175104,0.026000000000000002
11150.373104,0.015
11150.571103999999,0.029
11150.769103999999,0.057
11151.164353999999,0.026000000000000002
11151.362353999999,0.025
11151.560354,0.044
11151.758354,0.02
11151.956354,0.009000000000000001
11152.154604,0.057
11152.352404,0.039
11152.550404,0.041
11152.748604,0.026000000000000002
11152.946404,0.023
11153.144604,0.031
11153.342403999999,0.013000000000000001
11153.540404,0.021
11153.738604,0.021
11153.936404,0.026000000000000002
11154.134603999999,0.023
11154.332654,0.028
11154.530454,0.043000000000000003
11154.728653999999,0.041
11154.926653999999,0.091
11155.124654,0.014
11155.322654,0.034
11155.520654,0.037
11155.718654,0.039
11155.916653999999,0.055
11156.114653999999,0.008
11156.312704,0.03
11156.510704,0.039
11156.708703999999,0.017
11156.906703999999,0.045
11157.104854,0.021
11157.302654,0.04
11157.500654,0.047
11157.698854,0.057
11157.896703999999,0.066
11158.094853999999,0.034
11158.292854,0.035
11158.490704,0.021
11158.689504,0.081
11158.886703999999,0.059000000000000004
11159.084853999999,0.036000000000000004
11159.282854,0.057
11159.480704,0.024
11159.678904,0.062
11159.876854,0.023
11160.074853999999,0.034
11160.272904,0.02
11160.470904,0.014
11160.668904,0.02
11160.866903999999,0.025
11161.064903999999,0.019
11161.262904,0.022
11161.460904,0.046
11161.658953999999,0.064
11161.857554,0.047
11162.055104,0.003
11162.252954,0.014
11162.450954,0.039
11162.649153999999,0.036000000000000004
11162.846904,0.075
11163.045103999999,0.039
11163.243053999999,0.026000000000000002
11163.440954,0.031
11163.639854,0.011
11163.837003999999,0.015
11164.035103999999,0.04
11164.233103999999,0.007
11164.431203999999,0.043000000000000003
11164.629203999999,0.06
11164.827204,0.035
11165.025104,0.031
11165.223204,0.021
11165.421154,0.064
11165.619254,0.046
11165.817154,0.02
11166.015354,0.059000000000000004
11166.213154,0.033
11166.411204,0.019
11166.609253999999,0.034
11166.807904,0.046
11167.005404,0.014
11167.203153999999,0.073
11167.401204,0.006
11167.599403999999,0.027
11167.797254,0.033
11167.995404,0.018000000000000002
11168.194054,0.033
11168.391404,0.027
11168.589404,0.01
11168.787403999999,0.031
11168.985404,0.022
11169.183454,0.031
11169.381303999999,0.08600000000000001
11169.579453999999,0.037
11169.777454,0.047
11169.976053999999,0.025
11170.173454,0.002
11170.371454,0.031
11170.569453999999,0.034
11170.964704,0.053
11171.162704,0.044
11171.360703999999,0.023
11171.558954,0.049
11171.756754,0.027
11171.954754,0.029
11172.152954,0.026000000000000002
11172.350754,0.051000000000000004
11172.548754,0.065
11172.746754,0.036000000000000004
11172.944754,0.022
11173.142953999999,0.022
11173.340753999999,0.037
11173.539004,0.027
11173.737003999999,0.019
11173.934803999999,0.059000000000000004
11174.133004,0.024
11174.331004,0.011
11174.529004,0.044
11174.727004,0.01
11174.924754,0.062
11175.123004,0.053
11175.321004,0.073
11175.518804,0.047
11175.717004,0.05
11175.915054,0.137
11176.113054,0.036000000000000004
11176.311054,0.034
11176.509204,0.043000000000000003
11176.707053999999,0.012
11176.905053999999,0.048
11177.103204,0.032
11177.301054,0.04
11177.499204,0.038
11177.697054,0.018000000000000002
11177.895104,0.05
11178.093254,0.04
11178.291104,0.044
11178.489054,0.032
11178.687254,0.042
11178.885103999999,0.031
11179.083254,0.043000000000000003
11179.281203999999,0.021
11179.479254,0.031
11179.677254,0.021
11179.875253999999,0.02
11180.073253999999,0.053
11180.271254,0.05
11180.469254,0.018000000000000002
11180.667254,0.037
11180.865254,0.053
11181.063253999999,0.029
11181.261254,0.034
11181.459504,0.041
11181.657304,0.051000000000000004
11181.855303999999,0.011
11182.053453999999,0.076
11182.251304,0.006
11182.450154,0.011
11182.647503999999,0.014
11182.845304,0.027
11183.043554,0.025
11183.241354,0.023
11183.439553999999,0.025
11183.637553999999,0.046
11183.835353999999,0.05
11184.033503999999,0.059000000000000004
11184.231504,0.029
11184.429354,0.031
11184.627553999999,0.014
11184.825604,0.017
11185.023503999999,0.06
11185.221504,0.026000000000000002
11185.419603999999,0.007
11185.618253999999,0.037
11185.815604,0.03
11186.013503999999,0.012
11186.211604,0.017
11186.409754,0.033
11186.607603999999,0.003
11186.805553999999,0.005
11187.003754,0.008
11187.201554,0.021
11187.399554,0.024
11187.597803999999,0.033
11187.795804,0.041
11187.993754,0.025
11188.191553999999,0.042
11188.389754,0.01
11188.587803999999,0.018000000000000002
11188.786204,0.026000000000000002
11188.983804,0.025
11189.181804,0.065
11189.379804,0.067
11189.577803999999,0.04
11189.775803999999,0.034
11189.973804,0.052000000000000005
11190.172454,0.024
11190.369954,0.018000000000000002
11190.765104,0.025
11190.963054,0.017
11191.161103999999,0.014
11191.359104,0.046
11191.557104,0.019
11191.755104,0.02
11191.953303999999,0.034
11192.151103999999,0.044
11192.349103999999,0.022
11192.547354,0.031
11192.745104,0.062
11192.943104,0.008
11193.141354,0.027
11193.339154,0.027
11193.537354,0.059000000000000004
11193.735354,0.007
11193.933353999999,0.028
11194.131404,0.032
11194.329154,0.037
11194.527354,0.015
11194.725354,0.029
11194.923353999999,0.051000000000000004
11195.121353999999,0.022
11195.319354,0.03
11195.517404,0.044
11195.715403999999,0.033
11195.913403999999,0.05
11196.111404,0.009000000000000001
11196.309404,0.021
11196.507404,0.042
11196.705404,0.024
11196.903553999999,0.017
11197.101404,0.019
11197.299404,0.039
11197.497604,0.027
11197.695453999999,0.015
11197.893603999999,0.025
11198.091604,0.021
11198.289454,0.024
11198.487604,0.047
11198.685604,0.048
11198.883453999999,0.034
11199.081603999999,0.017
11199.279454,0.041
11199.477654,0.047
11199.675653999999,0.018000000000000002
11199.874254,0.011
11200.071603999999,0.048
11200.269604,0.017
11200.467654,0.059000000000000004
11200.665654,0.026000000000000002
11200.863803999999,0.004
11201.061603999999,0.059000000000000004
11201.260304,0.052000000000000005
11201.457903999999,0.059000000000000004
11201.655654,0.03
11201.853653999999,0.016
11202.051653999999,0.078
11202.249654,0.049
11202.447903999999,0.05
11202.645654,0.052000000000000005
11202.843904,0.047
11203.042504,0.002
11203.239704,0.022
11203.437953999999,0.028
11203.635954,0.021
11203.833853999999,0.051000000000000004
11204.031853999999,0.021
11204.229854,0.039
11204.427953999999,0.011
11204.625954,0.057
11204.823854,0.028
11205.021853999999,0.074
11205.219853999999,0.028
11205.417953999999,0.033
11205.615953999999,0.02
11205.814104,0.058
11206.011954,0.018000000000000002
11206.210503999999,0.026000000000000002
11206.408104,0.017
11206.606004,0.016
11206.804103999999,0.023
11207.002104,0.024
11207.200004,0.055
11207.398153999999,0.051000000000000004
11207.596003999999,0.017
11207.793904,0.046
11207.992753999999,0.02
11208.189903999999,0.038
11208.388154,0.028
11208.586153999999,0.043000000000000003
11208.784153999999,0.011
11208.982204,0.029
11209.180204,0.019
11209.378804,0.011
11209.576154,0.046
11209.774303999999,0.037
11210.169453999999,0.018000000000000002
11210.565454,0.041
11210.763454,0.052000000000000005
11210.961454,0.021
11211.159453999999,0.021
11211.357704,0.013000000000000001
11211.555454,0.032
11211.753504,0.019
11211.951704,0.056
11212.149503999999,0.047
11212.347453999999,0.065
11212.545454,0.037
11212.743504,0.009000000000000001
11212.941703999999,0.019
11213.139503999999,0.03
11213.337504,0.024
11213.535753999999,0.045
11213.733504,0.041
11213.931754,0.02
11214.129754,0.041
11214.327754,0.061
11214.525754,0.014
11214.723704,0.038
11214.921753999999,0.011
11215.119754,0.017
11215.317754,0.019
11215.515754,0.034
11215.713754,0.03
11215.911753999999,0.02
11216.109754,0.043000000000000003
11216.307754,0.048
11216.505754,0.025
11216.703803999999,0.026000000000000002
11216.901953999999,0.019
11217.099804,0.039
11217.297954,0.03
11217.495954,0.029
11217.693803999999,0.021
11217.891953999999,0.033
11218.089804,0.025
11218.287954,0.034
11218.485954,0.029
11218.683804,0.018000000000000002
11218.881953999999,0.032
11219.079953999999,0.011
11219.278004,0.018000000000000002
11219.476004,0.035
11219.674003999999,0.034
11219.871853999999,0.07
11220.070004,0.025
11220.268204,0.034
11220.466004,0.022
11220.664004,0.036000000000000004
11220.862003999999,0.009000000000000001
11221.060054,0.032
11221.258254,0.037
11221.456004,0.017
11221.654004,0.035
11221.852154,0.034
11222.050054,0.022
11222.248054,0.026000000000000002
11222.446204,0.002
11222.644054,0.019
11222.842304,0.026000000000000002
11223.040154,0.045
11223.238303999999,0.027
11223.436204,0.038
11223.634054,0.026000000000000002
11223.832204,0.003
11224.030203999999,0.091
11224.228304,0.039
11224.426303999999,0.011
11224.624303999999,0.023
11224.822954,0.046
11225.020254,0.015
11225.218254,0.049
11225.416304,0.03
11225.614303999999,0.009000000000000001
11225.812453999999,0.017
11226.010253999999,0.04
11226.209104,0.011
11226.406353999999,0.029
11226.604354,0.045
11226.802504,0.014
11227.000354,0.02
11227.198504,0.038
11227.396504,0.003
11227.594353999999,0.04
11227.792504,0.024
11227.991154,0.03
11228.188504,0.013000000000000001
11228.386504,0.019
11228.584554,0.042
11228.782554,0.034
11228.980554,0.033
11229.178554,0.03
11229.377154,0.024
11229.574553999999,0.008
11229.772554,0.029
11230.167803999999,0.042
11230.563804,0.042
11230.761804,0.027
11230.959804,0.041
11231.157854,0.057
11231.355854,0.024
11231.553854,0.021
11231.752053999999,0.015
11231.949853999999,0.07
11232.147853999999,0.03
11232.346054,0.022
11232.543854,0.008
11232.741854,0.01
11232.940053999999,0.005
11233.137853999999,0.018000000000000002
11233.336104,0.052000000000000005
11233.534104,0.034
11233.731854,0.038
11233.930104,0.032
11234.128104,0.042
11234.326104,0.033
11234.524104,0.025
11234.721904,0.058
11234.920103999999,0.049
11235.118104,0.029
11235.316154,0.057
11235.514153999999,0.028
11235.712303999999,0.025
11235.910154,0.009000000000000001
11236.108103999999,0.024
11236.306304,0.019
11236.504154,0.033
11236.702153999999,0.014
11236.900303999999,0.053
11237.098154,0.025
11237.296154,0.017
11237.494304,0.047
11237.692304,0.022
11237.890303999999,0.007
11238.088154,0.027
11238.286354,0.009000000000000001
11238.485004,0.044
11238.682203999999,0.017
11238.880353999999,0.039
11239.078354,0.034
11239.276354,0.014
11239.474354,0.024
11239.672203999999,0.027
11239.870353999999,0.018000000000000002
11240.068353999999,0.027
11240.266354,0.027
11240.464404,0.002
11240.662504,0.028
11240.860404,0.028
11241.058353999999,0.011
11241.256554,0.028
11241.454404,0.025
11241.652554,0.02
11241.850553999999,0.038
11242.048404,0.022
11242.246653999999,0.018000000000000002
11242.444404,0.042
11242.642453999999,0.033
11242.840554,0.033
11243.038403999999,0.022
11243.236654,0.017
11243.434653999999,0.026000000000000002
11243.632453999999,0.01
11243.830654,0.051000000000000004
11244.028604,0.036000000000000004
11244.226604,0.016
11244.424604,0.021
11244.622803999999,0.054
11244.821253999999,0.029
11245.018603999999,0.016
11245.216654,0.015
11245.414703999999,0.004
11245.612804,0.039
11245.810604,0.053
11246.008704,0.036000000000000004
11246.207504,0.016
11246.404703999999,0.035
11246.602853999999,0.025
11246.800854,0.002
11246.998653999999,0.052000000000000005
11247.196854,0.021
11247.394854,0.017
11247.592853999999,0.022
11247.790853999999,0.008
11247.989404,0.018000000000000002
11248.186904,0.023
11248.384903999999,0.043000000000000003
11248.582903999999,0.031
11248.780904,0.024
11248.978904,0.026000000000000002
11249.176904,0.024
11249.375554,0.033
11249.573053999999,0.039
11249.770903999999,0.019
11250.166153999999,0.026000000000000002
11250.364153999999,0.049
11250.562204,0.034
11250.760204,0.039
11250.958203999999,0.02
11251.156404,0.013000000000000001
11251.354204,0.068
11251.552204,0.036000000000000004
11251.750453999999,0.022
11251.948204,0.033
11252.146404,0.013000000000000001
11252.344454,0.04
11252.542204,0.069
11252.740453999999,0.03
11252.938454,0.019
11253.136454,0.035
11253.334454,0.035
11253.532254,0.025
11253.730453999999,0.012
11253.928453999999,0.014
11254.126454,0.029
11254.324454,0.01
11254.522503999999,0.033
11254.720254,0.048
11254.918504,0.023
11255.116654,0.02
11255.314504,0.011
11255.512504,0.049
11255.710503999999,0.023
11255.908503999999,0.022
11256.106654,0.031
11256.304504,0.038
11256.502504,0.038
11256.700654,0.015
11256.898554,0.018000000000000002
11257.096704,0.015
11257.294704,0.02
11257.492504,0.016
11257.690703999999,0.018000000000000002
11257.888654,0.018000000000000002
11258.086704,0.018000000000000002
11258.284704,0.021
11258.482554,0.009000000000000001
11258.681354,0.045
11258.878703999999,0.067
11259.076704,0.048
11259.274704,0.019
11259.472704,0.073
11259.670704,0.019
11259.868754,0.008
11260.066954,0.035
11260.264754,0.032
11260.462754,0.023
11260.660904,0.025
11260.858753999999,0.054
11261.057004,0.025
11261.254754,0.014
11261.452754,0.033
11261.651004,0.004
11261.848753999999,0.021
11262.047004,0.037
11262.244904,0.039
11262.442754,0.023
11262.640953999999,0.018000000000000002
11262.838953999999,0.046
11263.037004,0.019
11263.235654,0.013000000000000001
11263.433003999999,0.051000000000000004
11263.630954,0.028
11263.828953999999,0.021
11264.027054,0.038
11264.225053999999,0.042
11264.423053999999,0.019
11264.620954,0.027
11264.819054,0.038
11265.017804,0.031
11265.215054,0.022
11265.412954,0.01
11265.611203999999,0.048
11265.809003999999,0.015
11266.007204,0.027
11266.205204,0.038
11266.403103999999,0.057
11266.601254,0.024
11266.799654,0.038
11266.997204,0.02
11267.195204,0.029
11267.393103999999,0.018000000000000002
11267.591253999999,0.065
11267.789254,0.029
11267.987254,0.017
11268.185904,0.039
11268.383254,0.015
11268.581903999999,0.045
11268.779254,0.018000000000000002
11268.977404,0.022
11269.175254,0.062
11269.373303999999,0.039
11269.571253999999,0.055
11269.966553999999,0.035
11270.164553999999,0.009000000000000001
11270.362554,0.001
11270.560554,0.038
11270.758554,0.008
11270.956554,0.034
11271.154804,0.022
11271.352554,0.023
11271.550554,0.048
11271.748803999999,0.035
11271.946554,0.011
11272.144804,0.008
11272.342604,0.036000000000000004
11272.540604,0.028
11272.738803999999,0.042
11272.936603999999,0.049
11273.134854,0.038
11273.332804,0.029
11273.530604,0.01
11273.728804,0.006
11273.926803999999,0.005
11274.124854,0.043000000000000003
11274.322854,0.035
11274.520654,0.05
11274.718853999999,0.016
11274.916854,0.013000000000000001
11275.114854,0.052000000000000005
11275.312854,0.057
11275.510854,0.042
11275.708853999999,0.07
11275.906853999999,0.011
11276.105054,0.006
11276.302904,0.004
11276.500903999999,0.039
11276.699053999999,0.035
11276.896904,0.037
11277.095054,0.014
11277.292904,0.012
11277.490904,0.017
11277.689054,0.054
11277.886903999999,0.04
11278.085054,0.04
11278.283704,0.044
11278.480953999999,0.024
11278.679103999999,0.021
11278.877104,0.023
11279.075053999999,0.008
11279.273104,0.03
11279.471104,0.009000000000000001
11279.669103999999,0.067
11279.867103999999,0.024
11280.066004,0.013000000000000001
11280.263104,0.011
11280.461104,0.003
11280.659104,0.02
11280.857103999999,0.036000000000000004
11281.055253999999,0.016
11281.253104,0.023
11281.452003999999,0.052000000000000005
11281.649254,0.031
11281.847154,0.034
11282.045403999999,0.036000000000000004
11282.243403999999,0.018000000000000002
11282.441154,0.01
11282.639304,0.036000000000000004
11282.837303999999,0.02
11283.035354,0.018000000000000002
11283.233403999999,0.027
11283.431154,0.009000000000000001
11283.629304,0.026000000000000002
11283.827304,0.033
11284.025354,0.016
11284.223404,0.029
11284.421553999999,0.029
11284.619954,0.008
11284.817304,0.015
11285.015554,0.009000000000000001
11285.213404,0.047
11285.411454,0.009000000000000001
11285.609553999999,0.034
11285.807353999999,0.02
11286.005604,0.013000000000000001
11286.203453999999,0.023
11286.401453999999,0.026000000000000002
11286.599603999999,0.015
11286.797454,0.057
11286.995604,0.033
11287.193604,0.047
11287.391604,0.066
11287.589603999999,0.058
11287.788254,0.021
11287.985604,0.02
11288.183604,0.019
11288.381754,0.03
11288.579603999999,0.009000000000000001
11288.777603999999,0.058
11288.975654,0.033
11289.174304,0.031
11289.371653999999,0.006
11289.766904,0.007
11289.964904,0.006
11290.162903999999,0.024
11290.360904,0.032
11290.559153999999,0.037
11290.756953999999,0.035
11290.954953999999,0.016
11291.153154,0.035
11291.350903999999,0.024
11291.549154,0.014
11291.746954,0.023
11291.944953999999,0.029
11292.143154,0.023
11292.340954,0.028
11292.539203999999,0.025
11292.737204,0.016
11292.934954,0.032
11293.133204,0.013000000000000001
11293.331204,0.007
11293.529154,0.025
11293.727203999999,0.019
11293.925003999999,0.015
11294.123204,0.034
11294.321204,0.005
11294.519204,0.018000000000000002
11294.717203999999,0.026000000000000002
11294.915203999999,0.027
11295.113204,0.044
11295.311204,0.024
11295.509253999999,0.003
11295.707253999999,0.047
11295.905254,0.044
11296.103404,0.039
11296.301254,0.026000000000000002
11296.499453999999,0.031
11296.697253999999,0.036000000000000004
11296.895254,0.03
11297.093404,0.033
11297.291254,0.022
11297.489404,0.004
11297.687404,0.017
11297.885253999999,0.014
11298.083454,0.024
11298.281454,0.014
11298.480054,0.027
11298.677453999999,0.017
11298.875453999999,0.04
11299.073454,0.026000000000000002
11299.271454,0.045
11299.469454,0.032
11299.667454,0.049
11299.865453999999,0.002
11300.063504,0.007
11300.261454,0.006
11300.459604,0.023
11300.657454,0.023
11300.855504,0.026000000000000002
11301.053704,0.033
11301.251504,0.023
11301.449504,0.053
11301.648304,0.032
11301.845503999999,0.038
11302.043754,0.029
11302.241504,0.033
11302.439753999999,0.014
11302.637754,0.011
11302.835503999999,0.027
11303.033754,0.025
11303.231654,0.042
11303.429704,0.014
11303.627703999999,0.032
11303.825703999999,0.033
11304.023754,0.038
11304.221754,0.008
11304.419753999999,0.011
11304.617704,0.042
11304.816553999999,0.032
11305.013804,0.041
11305.211803999999,0.049
11305.409953999999,0.015
11305.607804,0.028
11305.805753999999,0.029
11306.003954,0.015
11306.201704,0.006
11306.399953999999,0.042
11306.598603999999,0.066
11306.795804,0.009000000000000001
11306.994004,0.021
11307.191954,0.04
11307.389754,0.073
11307.588004,0.092
11307.786004,0.058
11307.984004,0.047
11308.182004,0.033
11308.380003999999,0.05
11308.578003999999,0.049
11308.776004,0.037
11309.171253999999,0.019
11309.567254,0.027
11309.765254,0.033
11309.963303999999,0.068
11310.161304,0.053
11310.359304,0.017
11310.557304,0.02
11310.755304,0.018000000000000002
11310.953504,0.076
11311.151303999999,0.04
11311.349304,0.018000000000000002
11311.547504,0.026000000000000002
11311.745304,0.04
11311.943554,0.028
11312.141554,0.07
11312.339304,0.015
11312.537553999999,0.065
11312.735304,0.006
11312.933304,0.039
11313.131554,0.026000000000000002
11313.329354,0.008
11313.527354,0.037
11313.725553999999,0.015
11313.923604,0.03
11314.121604,0.053
11314.319604,0.049
11314.517603999999,0.042
11314.715603999999,0.039
11314.913754,0.015
11315.111604,0.024
11315.309604,0.01
11315.507604,0.004
11315.705603999999,0.013000000000000001
11315.903604,0.05
11316.101604,0.049
11316.299604,0.078
11316.497754,0.022
11316.695603999999,0.021
11316.893753999999,0.043000000000000003
11317.091754,0.045
11317.289654,0.016
11317.487804,0.047
11317.685803999999,0.021
11317.883804,0.035
11318.081804,0.036000000000000004
11318.279654,0.051000000000000004
11318.477804,0.046
11318.675803999999,0.032
11318.874453999999,0.025
11319.071804,0.03
11319.269854,0.015
11319.467853999999,0.055
11319.665853999999,0.05
11319.864004,0.038
11320.061854,0.029
11320.259854,0.008
11320.458004,0.055
11320.655853999999,0.064
11320.854054,0.069
11321.051854,0.042
11321.249854,0.09
11321.448104,0.031
11321.645854,0.024
11321.844104,0.036000000000000004
11322.042704,0.017
11322.239854,0.018000000000000002
11322.438004,0.055
11322.636004,0.038
11322.834104,0.029
11323.032153999999,0.036000000000000004
11323.230153999999,0.023
11323.428753999999,0.048
11323.626154,0.083
11323.824154,0.022
11324.022154,0.089
11324.220153999999,0.057
11324.418054,0.025
11324.616054,0.01
11324.814054,0.038
11325.012104,0.021
11325.210154,0.042
11325.408303999999,0.04
11325.606154,0.008
11325.804304,0.052000000000000005
11326.002304,0.114
11326.200104,0.039
11326.398304,0.053
11326.596754,0.048
11326.794354,0.01
11326.992354,0.083
11327.190203999999,0.10300000000000001
11327.388353999999,0.049
11327.586354,0.031
11327.784354,0.077
11327.982354,0.034
11328.180504,0.045
11328.378353999999,0.018000000000000002
11328.576353999999,0.075
11328.774354,0.033
11329.169603999999,0.034
11329.565654,0.034
11329.763654,0.025
11329.961653999999,0.047
11330.159654,0.048
11330.357654,0.01
11330.555654,0.014
11330.753654,0.04
11330.951853999999,0.021
11331.149653999999,0.034
11331.347854,0.045
11331.545704,0.019
11331.743703999999,0.038
11331.941904,0.023
11332.139704,0.005
11332.337904,0.041
11332.535904,0.046
11332.733704,0.028
11332.931904,0.028
11333.129904,0.042
11333.327954,0.056
11333.525904,0.046
11333.723954,0.027
11333.921704,0.029
11334.119954,0.012
11334.317954,0.026000000000000002
11334.515953999999,0.037
11334.713953999999,0.027
11334.911954,0.034
11335.109954,0.027
11335.308104,0.016
11335.505954,0.006
11335.704004,0.034
11335.902154,0.019
11336.100004,0.009000000000000001
11336.297954,0.029
11336.496154,0.048
11336.693954,0.03
11336.892103999999,0.004
11337.090154,0.01
11337.288154,0.018000000000000002
11337.486154,0.048
11337.684003999999,0.041
11337.882153999999,0.007
11338.080154,0.046
11338.278154,0.064
11338.476154,0.019
11338.674203999999,0.033
11338.872204,0.046
11339.070204,0.044
11339.268204,0.046
11339.466204,0.037
11339.664203999999,0.015
11339.862204,0.023
11340.060204,0.006
11340.259054,0.022
11340.456204,0.044
11340.654204,0.039
11340.852353999999,0.023
11341.050254,0.002
11341.248404,0.047
11341.446404,0.014
11341.644253999999,0.026000000000000002
11341.842454,0.041
11342.041003999999,0.013000000000000001
11342.238404,0.043000000000000003
11342.436404,0.026000000000000002
11342.634253999999,0.061
11342.832504,0.007
11343.030504,0.039
11343.228503999999,0.048
11343.427153999999,0.055
11343.624404,0.068
11343.822504,0.009000000000000001
11344.020403999999,0.046
11344.218654,0.061
11344.416404,0.026000000000000002
11344.614554,0.035
11344.812654,0.025
11345.010553999999,0.021
11345.208703999999,0.049
11345.406454,0.006
11345.604454,0.042
11345.802704,0.028
11346.000453999999,0.052000000000000005
11346.198704,0.022
11346.396703999999,0.013000000000000001
11346.595354,0.036000000000000004
11346.792704,0.024
11346.990704,0.016
11347.188704,0.045
11347.386703999999,0.024
11347.584703999999,0.011
11347.782704,0.01
11347.980704,0.017
11348.178603999999,0.035
11348.376753999999,0.013000000000000001
11348.574754,0.016
11348.970003999999,0.035
11349.168004,0.031
11349.366004,0.032
11349.564004,0.008
11349.762254,0.009000000000000001
11349.960003999999,0.037
11350.158003999999,0.034
11350.356254,0.021
11350.554004,0.022
11350.752004,0.048
11350.950053999999,0.031
11351.148054,0.056
11351.346254,0.021
11351.544054,0.026000000000000002
11351.742304,0.058
11351.940304,0.016
11352.138054,0.055
11352.336254,0.031
11352.534254,0.038
11352.732054,0.029
11352.930304,0.041
11353.128104,0.044
11353.326304,0.015
11353.524303999999,0.042
11353.722103999999,0.05
11353.920304,0.041
11354.118304,0.024
11354.316104,0.026000000000000002
11354.514304,0.012
11354.712453999999,0.036000000000000004
11354.910354,0.021
11355.108304,0.051000000000000004
11355.306504,0.059000000000000004
11355.504353999999,0.05
11355.702503999999,0.054
11355.900354,0.021
11356.098354,0.017
11356.296504,0.019
11356.494354,0.023
11356.692353999999,0.041
11356.890503999999,0.035
11357.088404,0.002
11357.286554,0.032
11357.484504,0.06
11357.682553999999,0.006
11357.880503999999,0.05
11358.078554,0.003
11358.276554,0.044
11358.474554,0.036000000000000004
11358.672553999999,0.022
11358.870554,0.046
11359.068554,0.035
11359.266554,0.033
11359.464554,0.05
11359.662553999999,0.019
11359.861203999999,0.005
11360.058554,0.021
11360.256803999999,0.009000000000000001
11360.454603999999,0.023
11360.652753999999,0.032
11360.850754,0.029
11361.048604,0.042
11361.247454,0.009000000000000001
11361.444604,0.024
11361.642804,0.01
11361.840753999999,0.041
11362.038604,0.011
11362.236754,0.05
11362.434754,0.023
11362.632654,0.035
11362.830854,0.007
11363.029504,0.009000000000000001
11363.226804,0.014
11363.424853999999,0.03
11363.623004,0.059000000000000004
11363.820854,0.046
11364.019004,0.027
11364.216804,0.003
11364.414904,0.007
11364.613054,0.064
11364.810904,0.029
11365.009054,0.022
11365.207053999999,0.014
11365.404903999999,0.025
11365.602804,0.012
11365.801054,0.027
11365.999054,0.056
11366.197054,0.021
11366.395053999999,0.003
11366.593053999999,0.06
11366.791104,0.025
11366.989054,0.008
11367.187054,0.031
11367.385054,0.022
11367.583703999999,0.018000000000000002
11367.781104,0.013000000000000001
11367.979254,0.005
11368.177104,0.012
11368.375103999999,0.015
11368.770354,0.033
11369.166604,0.019
11369.364404,0.019
11369.562404,0.021
11369.760403999999,0.007
11369.958354,0.048
11370.156604,0.029
11370.354404,0.034
11370.552404,0.034
11370.750603999999,0.028
11370.948403999999,0.029
11371.146654,0.074
11371.344653999999,0.005
11371.542404,0.028
11371.740404,0.024
11371.938654,0.008
11372.136654,0.017
11372.334654,0.013000000000000001
11372.532454,0.019
11372.730653999999,0.022
11372.928654,0.029
11373.126654,0.042
11373.324654,0.015
11373.522654,0.028
11373.720653999999,0.009000000000000001
11373.918654,0.018000000000000002
11374.116804,0.054
11374.314654,0.031
11374.512703999999,0.02
11374.710704,0.014
11374.908704,0.01
11375.106854,0.014
11375.304704,0.017
11375.502703999999,0.038
11375.700853999999,0.037
11375.898704,0.035
11376.096854,0.008
11376.294854,0.006
11376.492704,0.049
11376.690904,0.043000000000000003
11376.888904,0.023
11377.086904,0.032
11377.284904,0.065
11377.482903999999,0.043000000000000003
11377.680753999999,0.055
11377.878904,0.009000000000000001
11378.076904,0.029
11378.274904,0.018000000000000002
11378.473554,0.029
11378.670954,0.013000000000000001
11378.868954,0.031
11379.067054,0.053
11379.264904,0.022
11379.462904,0.034
11379.661154,0.02
11379.858954,0.023
11380.056954,0.04
11380.254954,0.009000000000000001
11380.452954,0.06
11380.651204,0.012
11380.848954,0.027
11381.047203999999,0.002
11381.245203999999,0.024
11381.442954,0.023
11381.641204,0.021
11381.839204,0.024
11382.037753999999,0.009000000000000001
11382.235154,0.009000000000000001
11382.433154,0.032
11382.631254,0.027
11382.829154,0.032
11383.027154,0.023
11383.225154,0.027
11383.423804,0.038
11383.621254,0.035
11383.819254,0.007
11384.017404,0.017
11384.215253999999,0.021
11384.413203999999,0.032
11384.611404,0.06
11384.809254,0.04
11385.007404,0.015
11385.205404,0.02
11385.403253999999,0.039
11385.601404,0.073
11385.799304,0.035
11385.997404,0.018000000000000002
11386.195453999999,0.004
11386.393204,0.03
11386.592053999999,0.062
11386.789454,0.037
11386.987454,0.042
11387.185454,0.062
11387.383404,0.01
11387.581454,0.044
11387.779454,0.007
11387.977604,0.039
11388.175503999999,0.008
11388.373453999999,0.022
11388.768753999999,0.037
11388.966754,0.012
11389.164754,0.017
11389.362754,0.042
11389.560754,0.048
11389.758753999999,0.017
11389.956753999999,0.022
11390.154954,0.018000000000000002
11390.352754,0.01
11390.550754,0.021
11390.749004,0.036000000000000004
11390.946804,0.022
11391.145004,0.017
11391.342754,0.026000000000000002
11391.540754,0.015
11391.739004,0.022
11391.936803999999,0.008
11392.135004,0.02
11392.333004,0.024
11392.530804,0.005
11392.729054,0.029
11392.927054,0.021
11393.125054,0.051000000000000004
11393.323053999999,0.034
11393.521203999999,0.022
11393.719054,0.07100000000000001
11393.917054,0.085
11394.115054,0.047
11394.313054,0.031
11394.511053999999,0.017
11394.709053999999,0.031
11394.907054,0.036000000000000004
11395.105204,0.025
11395.303054,0.006
11395.501054,0.017
11395.699203999999,0.039
11395.897054,0.014
11396.095254,0.006
11396.293904,0.01
11396.491103999999,0.034
11396.689253999999,0.033
11396.887104,0.067
11397.085254,0.024
11397.283254,0.064
11397.481103999999,0.022
11397.679253999999,0.029
11397.877253999999,0.077
11398.075954,0.018000000000000002
11398.273304,0.024
11398.471504,0.04
11398.669304,0.02
11398.867304,0.017
11399.065454,0.025
11399.263304,0.041
11399.461954,0.029
11399.659303999999,0.062
11399.857304,0.019
11400.055403999999,0.007
11400.253304,0.02
11400.451304,0.022
11400.649554,0.009000000000000001
11400.847303999999,0.043000000000000003
11401.045454,0.015
11401.243454,0.006
11401.441553999999,0.036000000000000004
11401.639554,0.021
11401.837504,0.038
11402.035603999999,0.032
11402.233604,0.019
11402.431354,0.02
11402.630204,0.043000000000000003
11402.827503999999,0.035
11403.025504,0.036000000000000004
11403.223504,0.013000000000000001
11403.421504,0.029
11403.619604,0.021
11403.817604,0.005
11404.015754,0.038
11404.213554,0.057
11404.412403999999,0.019
11404.609754,0.033
11404.807553999999,0.053
11405.005754,0.011
11405.203653999999,0.016
11405.401753999999,0.013000000000000001
11405.599804,0.028
11405.797553999999,0.055
11405.995804,0.019
11406.193803999999,0.056
11406.391803999999,0.049
11406.589804,0.036000000000000004
11406.787804,0.031
11406.985804,0.027
11407.183804,0.024
11407.381803999999,0.018000000000000002
11407.580453999999,0.028
11407.777854,0.049
11408.173104,0.032
11408.569104,0.024
11408.767103999999,0.025
11408.965103999999,0.026000000000000002
11409.163104,0.019
11409.361104,0.011
11409.559104,0.017
11409.757104,0.023
11409.955103999999,0.022
11410.153103999999,0.019
11410.351154,0.018000000000000002
11410.549353999999,0.017
11410.747153999999,0.023
11410.945154,0.011
11411.143354,0.006
11411.341154,0.012
11411.539353999999,0.03
11411.737353999999,0.03
11411.935153999999,0.022
11412.133354,0.045
11412.331403999999,0.043000000000000003
11412.529403999999,0.013000000000000001
11412.727404,0.042
11412.925153999999,0.045
11413.123404,0.021
11413.321404,0.005
11413.519403999999,0.041
11413.717403999999,0.022
11413.915404,0.009000000000000001
11414.113404,0.018000000000000002
11414.311404,0.043000000000000003
11414.509603999999,0.037
11414.707454,0.008
11414.905454,0.022
11415.103604,0.049
11415.301404,0.011
11415.499603999999,0.005
11415.697454,0.023
11415.895454,0.013000000000000001
11416.093604,0.027
11416.291454,0.042
11416.489604,0.057
11416.688253999999,0.019
11416.885454,0.008
11417.083604,0.006
11417.281604,0.025
11417.479653999999,0.016
11417.677654,0.017
11417.875654,0.048
11418.073654,0.037
11418.271654,0.013000000000000001
11418.469503999999,0.033
11418.667653999999,0.032
11418.865654,0.039
11419.063654,0.031
11419.261654,0.023
11419.459904,0.019
11419.657653999999,0.008
11419.856453999999,0.017
11420.053854,0.009000000000000001
11420.251704,0.046
11420.449904,0.02
11420.647904,0.009000000000000001
11420.845704,0.034
11421.043854,0.022
11421.242354,0.015
11421.439704,0.069
11421.637954,0.037
11421.835853999999,0.004
11422.033854,0.04
11422.231854,0.047
11422.429954,0.027
11422.627854,0.048
11422.826104,0.019
11423.024503999999,0.039
11423.221904,0.016
11423.420103999999,0.045
11423.618004,0.051000000000000004
11423.816004,0.01
11424.014003999999,0.011
11424.211904,0.019
11424.410554,0.025
11424.608004,0.048
11424.806104,0.015
11425.004154,0.046
11425.201904,0.013000000000000001
11425.400153999999,0.022
11425.598154,0.024
11425.796154,0.009000000000000001
11425.994154,0.022
11426.192154,0.029
11426.390153999999,0.02
11426.588154,0.015
11426.786054,0.063
11426.984204,0.04
11427.182203999999,0.017
11427.380204,0.014
11427.578854,0.054
11427.776354,0.032
11428.171454,0.034
11428.567454,0.035
11428.765454,0.079
11428.963704,0.031
11429.161454,0.041
11429.359454,0.032
11429.557454,0.022
11429.755503999999,0.045
11429.953504,0.025
11430.151504,0.029
11430.349504,0.043000000000000003
11430.547754,0.051000000000000004
11430.745503999999,0.04
11430.943754,0.036000000000000004
11431.141704,0.033
11431.339504,0.011
11431.537753999999,0.004
11431.735504,0.021
11431.933754,0.022
11432.131754,0.019
11432.329554,0.061
11432.527753999999,0.039
11432.725754,0.063
11432.923553999999,0.047
11433.121754,0.03
11433.319754,0.034
11433.517753999999,0.008
11433.715804,0.037
11433.914604,0.025
11434.111804,0.016
11434.309803999999,0.045
11434.507803999999,0.017
11434.705804,0.041
11434.903954,0.035
11435.101804,0.018000000000000002
11435.299804,0.02
11435.497954,0.015
11435.695803999999,0.053
11435.893854,0.012
11436.092004,0.032
11436.289853999999,0.014
11436.488003999999,0.017
11436.685953999999,0.031
11436.884004,0.026000000000000002
11437.082004,0.033
11437.279854,0.044
11437.478003999999,0.035
11437.676003999999,0.027
11437.874004,0.019
11438.072004,0.038
11438.270004,0.024
11438.468004,0.033
11438.666003999999,0.049
11438.864004,0.03
11439.062004,0.019
11439.260054,0.045
11439.458254,0.04
11439.656054,0.028
11439.854303999999,0.016
11440.052054,0.023
11440.250253999999,0.025
11440.448253999999,0.054
11440.646053999999,0.028
11440.844203999999,0.061
11441.042204,0.011
11441.240103999999,0.052000000000000005
11441.438304,0.027
11441.636854,0.009000000000000001
11441.834104,0.019
11442.032304,0.017
11442.230204,0.064
11442.428304,0.042
11442.626253999999,0.013000000000000001
11442.824354,0.011
11443.022353999999,0.007
11443.220204,0.033
11443.419004,0.008
11443.616253999999,0.022
11443.814504,0.014
11444.012254,0.068
11444.210254,0.046
11444.408503999999,0.009000000000000001
11444.606354,0.015
11444.804354,0.032
11445.002504,0.05
11445.200504,0.024
11445.398554,0.008
11445.596554,0.017
11445.794554,0.036000000000000004
11445.992504,0.048
11446.190504,0.079
11446.388503999999,0.034
11446.587204,0.034
11446.784654,0.033
11446.982554,0.031
11447.180553999999,0.006
11447.378553999999,0.05
11447.576554,0.017
11447.774554,0.014
11448.169854,0.075
11448.367854,0.017
11448.565853999999,0.03
11448.763804,0.024
11448.962054,0.05
11449.159854,0.009000000000000001
11449.358054,0.015
11449.555854,0.006
11449.753853999999,0.019
11449.952054,0.014
11450.149854,0.061
11450.347854,0.05
11450.546104,0.032
11450.743854,0.026000000000000002
11450.941853999999,0.018000000000000002
11451.140104,0.006
11451.338104,0.054
11451.536103999999,0.016
11451.733903999999,0.012
11451.932104,0.022
11452.130104,0.018000000000000002
11452.328153999999,0.018000000000000002
11452.526103999999,0.014
11452.724103999999,0.027
11452.922104,0.037
11453.120104,0.063
11453.318153999999,0.067
11453.516153999999,0.048
11453.714154,0.027
11453.911954,0.021
11454.110154,0.031
11454.308304,0.025
11454.506303999999,0.015
11454.704154,0.01
11454.902304,0.011
11455.100154,0.017
11455.298353999999,0.021
11455.496353999999,0.013000000000000001
11455.694204,0.021
11455.892953999999,0.027
11456.090354,0.043000000000000003
11456.288203999999,0.025
11456.486353999999,0.009000000000000001
11456.684353999999,0.012
11456.882354,0.056
11457.080354,0.015
11457.279004,0.014
11457.476354,0.023
11457.674404,0.047
11457.872404,0.023
11458.070354,0.037
11458.268603999999,0.035
11458.466403999999,0.022
11458.664404,0.012
11458.862554,0.037
11459.061054,0.021
11459.258404,0.009000000000000001
11459.456403999999,0.016
11459.654403999999,0.054
11459.852404,0.042
11460.050554,0.021
11460.248653999999,0.007
11460.447304,0.05
11460.644454,0.01
11460.842553999999,0.021
11461.040604,0.022
11461.238704,0.068
11461.436704,0.029
11461.634454,0.012
11461.832604,0.049
11462.030604,0.014
11462.228604,0.011
11462.426704,0.078
11462.624704,0.022
11462.822504,0.034
11463.020604,0.046
11463.218853999999,0.012
11463.416704,0.009000000000000001
11463.615354,0.044
11463.812854,0.016
11464.010604,0.058
11464.208853999999,0.007
11464.406853999999,0.023
11464.604754,0.044
11464.802904,0.023
11465.000654,0.042
11465.198903999999,0.019
11465.396904,0.023
11465.594904,0.027
11465.792754,0.021
11465.990904,0.021
11466.188903999999,0.036000000000000004
11466.386903999999,0.04
11466.584904,0.041
11466.783554,0.019
11466.980953999999,0.017
11467.178904,0.012
11467.376903999999,0.026000000000000002
11467.574904,0.032
11467.970204,0.01
11468.168204,0.017
11468.366204,0.037
11468.564204,0.027
11468.762203999999,0.017
11468.960203999999,0.026000000000000002
11469.158204,0.025
11469.356453999999,0.013000000000000001
11469.554253999999,0.013000000000000001
11469.752253999999,0.023
11469.950454,0.027
11470.148204,0.034
11470.346453999999,0.026000000000000002
11470.544204,0.038
11470.742253999999,0.038
11470.940454,0.035
11471.138454,0.024
11471.336503999999,0.043000000000000003
11471.534504,0.047
11471.732253999999,0.006
11471.930504,0.019
11472.128504,0.022
11472.326503999999,0.04
11472.524503999999,0.024
11472.722254,0.014
11472.920504,0.054
11473.118504,0.038
11473.316654,0.058
11473.514554,0.012
11473.712504,0.014
11473.910504,0.026000000000000002
11474.108504,0.047
11474.307353999999,0.032
11474.504503999999,0.02
11474.702554,0.051000000000000004
11474.900704,0.013000000000000001
11475.098554,0.048
11475.296704,0.039
11475.494703999999,0.022
11475.692554,0.026000000000000002
11475.890704,0.008
11476.088554,0.015
11476.286704,0.052000000000000005
11476.484703999999,0.002
11476.682754,0.032
11476.880754,0.026000000000000002
11477.078754,0.034
11477.276753999999,0.048
11477.475354,0.036000000000000004
11477.672754,0.049
11477.870754,0.044
11478.068754,0.019
11478.266754,0.066
11478.464753999999,0.028
11478.662753999999,0.036000000000000004
11478.860904,0.035
11479.058804,0.019
11479.256953999999,0.01
11479.454754,0.028
11479.652753999999,0.052000000000000005
11479.850903999999,0.02
11480.048804,0.053
11480.247003999999,0.03
11480.445004,0.034
11480.643454,0.021
11480.840954,0.045
11481.038954,0.039
11481.237054,0.019
11481.435054,0.032
11481.632803999999,0.037
11481.830954,0.019
11482.028954,0.011
11482.227053999999,0.056
11482.425054,0.028
11482.623054,0.042
11482.821004,0.025
11483.019004,0.026000000000000002
11483.217203999999,0.05
11483.415054,0.021
11483.613054,0.008
11483.811654,0.028
11484.009204,0.02
11484.207253999999,0.04
11484.405254,0.026000000000000002
11484.603104,0.014
11484.801254,0.013000000000000001
11484.999254,0.017
11485.197903999999,0.006
11485.395254,0.023
11485.593104,0.058
11485.791254,0.006
11485.989054,0.032
11486.187253999999,0.032
11486.385304,0.029
11486.583304,0.043000000000000003
11486.781304,0.044
11486.980054,0.024
11487.177303999999,0.057
11487.375253999999,0.044
11487.573304,0.023
11487.968554,0.007
11488.166554,0.039
11488.364554,0.036000000000000004
11488.562554,0.059000000000000004
11488.760553999999,0.006
11488.958553999999,0.02
11489.156804,0.014
11489.354604,0.007
11489.552603999999,0.011
11489.750603999999,0.045
11489.948804,0.044
11490.146804,0.005
11490.344804,0.013000000000000001
11490.542604,0.028
11490.740603999999,0.034
11490.938804,0.068
11491.136654,0.029
11491.334853999999,0.014
11491.532604,0.027
11491.730604,0.05
11491.928854,0.031
11492.127004,0.026000000000000002
11492.324853999999,0.035
11492.522853999999,0.027
11492.720854,0.037
11492.918854,0.056
11493.117704,0.022
11493.314903999999,0.043000000000000003
11493.512904,0.066
11493.711054,0.053
11493.908854,0.046
11494.107054,0.047
11494.305054,0.006
11494.502903999999,0.033
11494.700904,0.041
11494.898904,0.052000000000000005
11495.097103999999,0.016
11495.295054,0.029
11495.493053999999,0.022
11495.691053999999,0.017
11495.889054,0.05
11496.087104,0.014
11496.285103999999,0.04
11496.483103999999,0.017
11496.680954,0.031
11496.879104,0.044
11497.077104,0.018000000000000002
11497.275104,0.032
11497.473103999999,0.034
11497.671753999999,0.056
11497.869104,0.025
11498.067353999999,0.0
11498.265153999999,0.012
11498.463154,0.064
11498.661304,0.007
11498.859154,0.024
11499.057353999999,0.022
11499.255153999999,0.025
11499.453153999999,0.015
11499.651303999999,0.016
11499.849304,0.032
11500.047403999999,0.022
11500.245404,0.01
11500.443204,0.018000000000000002
11500.641153999999,0.025
11500.839954,0.026000000000000002
11501.037553999999,0.041
11501.235404,0.013000000000000001
11501.433404,0.03
11501.631303999999,0.027
11501.829303999999,0.05
11502.027554,0.038
11502.226053999999,0.022
11502.423454,0.047
11502.621353999999,0.041
11502.819354,0.008
11503.017603999999,0.026000000000000002
11503.215603999999,0.031
11503.413454,0.007
11503.611604,0.045
11503.809353999999,0.039
11504.008254,0.047
11504.205603999999,0.015
11504.403454,0.012
11504.601604,0.02
11504.799404,0.068
11504.997604,0.049
11505.195603999999,0.057
11505.394253999999,0.005
11505.591604,0.024
11505.789654,0.013000000000000001
11505.987653999999,0.044
11506.185653999999,0.02
11506.383654,0.014
11506.581504,0.027
11506.779654,0.06
11506.977804,0.032
11507.175653999999,0.015
11507.570904,0.06
11507.966903999999,0.015
11508.164904,0.038
11508.362904,0.043000000000000003
11508.560953999999,0.021
11508.759154,0.013000000000000001
11508.956954,0.048
11509.155203999999,0.009000000000000001
11509.352954,0.033
11509.550954,0.004
11509.748953999999,0.014
11509.946954,0.033
11510.145204,0.019
11510.342954,0.057
11510.541003999999,0.019
11510.739204,0.018000000000000002
11510.937204,0.022
11511.135204,0.023
11511.333203999999,0.025
11511.531003999999,0.02
11511.729204,0.016
11511.927204,0.026000000000000002
11512.125204,0.064
11512.323253999999,0.047
11512.521254,0.011
11512.719003999999,0.042
11512.917254,0.03
11513.116054,0.024
11513.313253999999,0.048
11513.511254,0.017
11513.709254,0.043000000000000003
11513.907254,0.019
11514.105404,0.013000000000000001
11514.303254,0.045
11514.501304,0.05
11514.699454,0.019
11514.897304,0.037
11515.095454,0.031
11515.293453999999,0.045
11515.491253999999,0.043000000000000003
11515.689454,0.055
11515.887304,0.014
11516.085454,0.02
11516.283454,0.031
11516.481453999999,0.044
11516.679454,0.036000000000000004
11516.877454,0.047
11517.075454,0.022
11517.273454,0.019
11517.471453999999,0.036000000000000004
11517.670154,0.017
11517.867504,0.023
11518.065703999999,0.034
11518.263503999999,0.039
11518.461503999999,0.024
11518.659654,0.006
11518.857504,0.02
11519.055753999999,0.015
11519.253504,0.024
11519.451503999999,0.019
11519.649653999999,0.011
11519.847554,0.054
11520.045753999999,0.047
11520.243754,0.041
11520.441553999999,0.055
11520.639704,0.021
11520.838303999999,0.012
11521.035753999999,0.035
11521.233753999999,0.036000000000000004
11521.431553999999,0.016
11521.629703999999,0.015
11521.827704,0.033
11522.025953999999,0.027
11522.224454,0.044
11522.421804,0.031
11522.619703999999,0.028
11522.817704,0.01
11523.015953999999,0.022
11523.213803999999,0.014
11523.411804,0.022
11523.609954,0.057
11523.807754,0.005
11524.006604,0.03
11524.204004,0.016
11524.401804,0.024
11524.600004,0.03
11524.797754,0.024
11524.995954,0.022
11525.194003999999,0.021
11525.392654,0.027
11525.590004,0.025
11525.788004,0.029
11525.986004,0.005
11526.184003999999,0.017
11526.382004,0.017
11526.580004,0.028
11526.778004,0.027
11527.173304,0.043000000000000003
11527.569254,0.057
11527.767254,0.011
11527.965304,0.065
11528.163304,0.03
11528.361304,0.025
11528.559304,0.036000000000000004
11528.757303999999,0.009000000000000001
11528.955304,0.005
11529.153553999999,0.018000000000000002
11529.351304,0.012
11529.549304,0.036000000000000004
11529.747554,0.013000000000000001
11529.945354,0.011
11530.143554,0.011
11530.341354,0.04
11530.539353999999,0.042
11530.737554,0.011
11530.935354,0.023
11531.133603999999,0.04
11531.331554,0.032
11531.529354,0.007
11531.727554,0.015
11531.925554,0.048
11532.123604,0.024
11532.321603999999,0.042
11532.519403999999,0.03
11532.717604,0.016
11532.915604,0.039
11533.114404,0.038
11533.311603999999,0.034
11533.509603999999,0.017
11533.707604,0.027
11533.905604,0.035
11534.103804,0.015
11534.301653999999,0.029
11534.500453999999,0.033
11534.697654,0.034
11534.895654,0.033
11535.093804,0.004
11535.291803999999,0.035
11535.489653999999,0.034
11535.687804,0.03
11535.885654,0.059000000000000004
11536.083853999999,0.022
11536.281853999999,0.038
11536.479704,0.054
11536.677854,0.023
11536.876054,0.04
11537.073854,0.039
11537.271853999999,0.024
11537.470003999999,0.017
11537.668504,0.021
11537.865854,0.036000000000000004
11538.063854,0.041
11538.261854,0.037
11538.459853999999,0.034
11538.658003999999,0.053
11538.855854,0.039
11539.054103999999,0.021
11539.251903999999,0.008
11539.450004,0.003
11539.648054,0.018000000000000002
11539.846153999999,0.027
11540.044154,0.043000000000000003
11540.241903999999,0.012
11540.440053999999,0.04
11540.638054,0.029
11540.836704,0.019
11541.034153999999,0.061
11541.232154,0.032
11541.429954,0.034
11541.628053999999,0.059000000000000004
11541.826304,0.029
11542.024153999999,0.047
11542.222803999999,0.045
11542.420304,0.074
11542.618053999999,0.046
11542.816104,0.019
11543.014304,0.047
11543.212204,0.012
11543.410204,0.04
11543.608103999999,0.044
11543.806104,0.016
11544.004954,0.009000000000000001
11544.202204,0.034
11544.400204,0.041
11544.598354,0.047
11544.796354,0.027
11544.994354,0.022
11545.192353999999,0.013000000000000001
11545.391004,0.006
11545.588404,0.025
11545.786403999999,0.054
11545.984403999999,0.045
11546.182353999999,0.025
11546.380503999999,0.038
11546.578354,0.03
11546.776404,0.003
11547.171654,0.045
11547.567653999999,0.013000000000000001
11547.765653999999,0.042
11547.963654,0.045
11548.161654,0.027
11548.359703999999,0.038
11548.557904,0.026000000000000002
11548.755704,0.063
11548.953904,0.028
11549.151654,0.069
11549.349704,0.032
11549.547904,0.039
11549.745703999999,0.036000000000000004
11549.943704,0.027
11550.141953999999,0.034
11550.339704,0.042
11550.537704,0.015
11550.735954,0.04
11550.933954,0.036000000000000004
11551.131953999999,0.015
11551.329704,0.017
11551.527954,0.039
11551.725954,0.051000000000000004
11551.924104,0.064
11552.121954,0.033
11552.320004,0.021
11552.517953999999,0.033
11552.715954,0.014
11552.914104,0.061
11553.111954,0.011
11553.310003999999,0.001
11553.507754,0.026000000000000002
11553.706004,0.043000000000000003
11553.904154,0.017
11554.102154,0.011
11554.300003999999,0.009000000000000001
11554.498803999999,0.054
11554.696004,0.033
11554.894154,0.014
11555.092154,0.014
11555.290003999999,0.033
11555.488204,0.038
11555.686204,0.022
11555.884054,0.038
11556.082204,0.032
11556.280203999999,0.04
11556.478054,0.045
11556.676204,0.03
11556.874204,0.005
11557.072354,0.051000000000000004
11557.270204,0.004
11557.468353999999,0.054
11557.666854,0.016
11557.864453999999,0.036000000000000004
11558.062253999999,0.057
11558.260204,0.02
11558.458354,0.017
11558.656254,0.032
11558.854254,0.004
11559.052453999999,0.038
11559.250253999999,0.008
11559.448253999999,0.024
11559.646404,0.036000000000000004
11559.844503999999,0.032
11560.042504,0.056
11560.240254,0.021
11560.438403999999,0.008
11560.636403999999,0.027
11560.835154,0.027
11561.032503999999,0.053
11561.230504,0.026000000000000002
11561.428453999999,0.009000000000000001
11561.626454,0.023
11561.824703999999,0.032
11562.022503999999,0.043000000000000003
11562.221153999999,0.029
11562.418303999999,0.006
11562.616453999999,0.038
11562.814654,0.014
11563.012703999999,0.025
11563.210554,0.049
11563.408704,0.033
11563.606504,0.053
11563.804704,0.038
11564.003353999999,0.043000000000000003
11564.200554,0.01
11564.398704,0.046
11564.596504,0.006
11564.794504,0.004
11564.992753999999,0.046
11565.190754,0.036000000000000004
11565.389204,0.046
11565.586754,0.019
11565.784754,0.043000000000000003
11565.982753999999,0.008
11566.180753999999,0.035
11566.378754,0.006
11566.576754,0.062
11566.972054,0.018000000000000002
11567.170004,0.027
11567.368004,0.021
11567.566004,0.04
11567.764054,0.028
11567.962054,0.012
11568.160054,0.003
11568.358054,0.044
11568.556254,0.046
11568.754053999999,0.025
11568.952254,0.032
11569.150054,0.039
11569.348054,0.006
11569.546253999999,0.009000000000000001
11569.744053999999,0.027
11569.942304,0.036000000000000004
11570.140104,0.022
11570.338054,0.03
11570.536304,0.047
11570.734304,0.014
11570.932304,0.035
11571.130304,0.047
11571.328104,0.068
11571.526303999999,0.009000000000000001
11571.724304,0.036000000000000004
11571.922354,0.042
11572.120353999999,0.033
11572.318104,0.01
11572.516354,0.054
11572.714304,0.028
11572.912504,0.018000000000000002
11573.110354,0.014
11573.308353999999,0.008
11573.506354,0.056
11573.704354,0.045
11573.902554,0.039
11574.100354,0.016
11574.298353999999,0.019
11574.496503999999,0.022
11574.694354,0.029
11574.892554,0.022
11575.090554,0.035
11575.288403999999,0.031
11575.486554,0.019
11575.684404,0.029
11575.882554,0.012
11576.080554,0.018000000000000002
11576.278553999999,0.034
11576.476553999999,0.02
11576.674554,0.043000000000000003
11576.872604,0.026000000000000002
11577.070603999999,0.053
11577.268603999999,0.035
11577.466604,0.017
11577.664604,0.023
11577.863204,0.029
11578.060604,0.012
11578.258603999999,0.037
11578.456753999999,0.009000000000000001
11578.654604,0.011
11578.852853999999,0.014
11579.050653999999,0.021
11579.249254,0.003
11579.446804,0.036000000000000004
11579.644854,0.015
11579.842853999999,0.022
11580.040853999999,0.021
11580.238653999999,0.062
11580.436754,0.039
11580.635004,0.032
11580.832903999999,0.037
11581.031503999999,0.042
11581.228653999999,0.023
11581.426803999999,0.012
11581.624804,0.038
11581.823053999999,0.047
11582.020903999999,0.043000000000000003
11582.218904,0.048
11582.417454,0.016
11582.614803999999,0.011
11582.813054,0.044
11583.010954,0.051000000000000004
11583.208904,0.046
11583.406853999999,0.022
11583.605054,0.045
11583.803054,0.014
11584.001054,0.022
11584.198954,0.021
11584.397054,0.074
11584.594853999999,0.034
11584.793104,0.018000000000000002
11584.991103999999,0.034
11585.188954,0.038
11585.387104,0.033
11585.585754,0.027
11585.783104,0.01
11585.981103999999,0.057
11586.179253999999,0.022
11586.377104,0.051000000000000004
11586.575304,0.022
11586.970354,0.034
11587.168404,0.013000000000000001
11587.366603999999,0.012
11587.564403999999,0.013000000000000001
11587.762404,0.016
11587.960404,0.035
11588.158404,0.005
11588.356654,0.068
11588.554403999999,0.028
11588.752654,0.032
11588.950404,0.028
11589.148404,0.047
11589.346653999999,0.045
11589.544654,0.028
11589.742654,0.033
11589.940654,0.025
11590.138454,0.039
11590.336653999999,0.032
11590.534654,0.005
11590.732453999999,0.009000000000000001
11590.930704,0.037
11591.128703999999,0.05
11591.326503999999,0.025
11591.524704,0.027
11591.723504,0.031
11591.920704,0.067
11592.118703999999,0.032
11592.316703999999,0.011
11592.514704,0.018000000000000002
11592.712854,0.01
11592.910704,0.027
11593.108753999999,0.026000000000000002
11593.306904,0.024
11593.504754,0.035
11593.702754,0.011
11593.900904,0.036000000000000004
11594.098704,0.045
11594.296753999999,0.019
11594.494754,0.035
11594.692904,0.022
11594.891554,0.025
11595.088904,0.061
11595.286954,0.054
11595.484903999999,0.019
11595.682904,0.01
11595.880904,0.026000000000000002
11596.078904,0.051000000000000004
11596.277603999999,0.022
11596.474954,0.032
11596.672804,0.053
11596.870954,0.032
11597.068954,0.004
11597.266953999999,0.03
11597.464954,0.005
11597.663203999999,0.03
11597.860954,0.027
11598.059604,0.043000000000000003
11598.257104,0.032
11598.455004,0.018000000000000002
11598.653204,0.007
11598.851203999999,0.034
11599.049003999999,0.053
11599.247153999999,0.029
11599.445754,0.02
11599.643004,0.028
11599.841204,0.023
11600.039004,0.019
11600.237003999999,0.022
11600.435153999999,0.053
11600.633404,0.058
11600.831253999999,0.011
11601.029254,0.036000000000000004
11601.227154,0.044
11601.425153999999,0.03
11601.623404,0.028
11601.821253999999,0.022
11602.019253999999,0.021
11602.217203999999,0.006
11602.415203999999,0.021
11602.613854,0.015
11602.811453999999,0.021
11603.009304,0.025
11603.207304,0.008
11603.405203999999,0.018000000000000002
11603.603404,0.017
11603.801454,0.029
11603.999303999999,0.014
11604.197454,0.028
11604.395454,0.02
11604.593454,0.025
11604.791454,0.022
11604.989453999999,0.028
11605.187453999999,0.043000000000000003
11605.385454,0.048
11605.583254,0.031
11605.782104,0.011
11605.979503999999,0.008
11606.177504,0.014
11606.375504,0.034
11606.770754,0.046
11606.968754,0.033
11607.166754,0.017
11607.364754,0.034
11607.562753999999,0.044
11607.760753999999,0.028
11607.958754,0.031
11608.156754,0.022
11608.355004,0.042
11608.552803999999,0.012
11608.750804,0.025
11608.948804,0.043000000000000003
11609.146804,0.044
11609.344804,0.013000000000000001
11609.542803999999,0.065
11609.741054,0.011
11609.939053999999,0.032
11610.136804,0.01
11610.335003999999,0.055
11610.533003999999,0.015
11610.731054,0.041
11610.929054,0.039
11611.126854,0.018000000000000002
11611.325053999999,0.04
11611.523054,0.044
11611.721204,0.029
11611.919054,0.034
11612.117054,0.048
11612.315053999999,0.042
11612.513054,0.028
11612.711254,0.052000000000000005
11612.909104,0.044
11613.107103999999,0.033
11613.305104,0.031
11613.503104,0.031
11613.701254,0.038
11613.899254,0.016
11614.097103999999,0.023
11614.295253999999,0.006
11614.493104,0.02
11614.691304,0.016
11614.889304,0.016
11615.087153999999,0.033
11615.285303999999,0.058
11615.483304,0.02
11615.681304,0.021
11615.879304,0.045
11616.077304,0.012
11616.275303999999,0.055
11616.473954,0.039
11616.671354,0.026000000000000002
11616.869304,0.018000000000000002
11617.067304,0.023
11617.265303999999,0.014
11617.463303999999,0.021
11617.661554,0.053
11617.859354,0.018000000000000002
11618.057353999999,0.039
11618.255503999999,0.027
11618.453354,0.062
11618.651603999999,0.033
11618.849354,0.051000000000000004
11619.047354,0.023
11619.245503999999,0.045
11619.443503999999,0.044
11619.642254,0.028
11619.839603999999,0.019
11620.037403999999,0.025
11620.235504,0.02
11620.433554,0.037
11620.631604,0.014
11620.829603999999,0.009000000000000001
11621.027603999999,0.023
11621.225504,0.045
11621.423553999999,0.022
11621.621754,0.022
11621.819653999999,0.043000000000000003
11622.017654,0.033
11622.215554,0.013000000000000001
11622.413553999999,0.021
11622.611804,0.06
11622.810303999999,0.059000000000000004
11623.007803999999,0.037
11623.205804,0.018000000000000002
11623.403553999999,0.069
11623.601804,0.035
11623.799804,0.097
11623.997803999999,0.054
11624.196453999999,0.026000000000000002
11624.393804,0.026000000000000002
11624.591854,0.009000000000000001
11624.789853999999,0.027
11624.988003999999,0.027
11625.185803999999,0.029
11625.383854,0.051000000000000004
11625.581854,0.014
11625.779854,0.023
11626.175104,0.037
11626.571103999999,0.019
11626.769103999999,0.057
11626.967154,0.019
11627.165353999999,0.01
11627.363153999999,0.015
11627.561354,0.029
11627.759103999999,0.048
11627.957154,0.023
11628.155353999999,0.057
11628.353154,0.016
11628.551153999999,0.023
11628.749404,0.04
11628.947154,0.056
11629.145403999999,0.036000000000000004
11629.343404,0.01
11629.541153999999,0.018000000000000002
11629.739404,0.026000000000000002
11629.937154,0.011
11630.135403999999,0.025
11630.333403999999,0.024
11630.531404,0.025
11630.729454,0.014
11630.927453999999,0.018000000000000002
11631.125453999999,0.05
11631.323454,0.052000000000000005
11631.521404,0.008
11631.719404,0.07100000000000001
11631.917454,0.069
11632.115453999999,0.032
11632.313454,0.052000000000000005
11632.511604,0.024
11632.709604,0.01
11632.907454,0.015
11633.105604,0.022
11633.303453999999,0.024
11633.501604,0.05
11633.699604,0.055
11633.897454,0.03
11634.095653999999,0.039
11634.293654,0.029
11634.491504,0.043000000000000003
11634.689654,0.023
11634.887654,0.022
11635.086304,0.031
11635.283653999999,0.046
11635.481654,0.053
11635.679654,0.016
11635.877654,0.019
11636.075804,0.004
11636.273704,0.025
11636.472303999999,0.027
11636.669704,0.011
11636.867704,0.027
11637.065853999999,0.025
11637.263703999999,0.022
11637.461704,0.048
11637.659704,0.029
11637.857704,0.049
11638.055854,0.045
11638.253853999999,0.005
11638.451954,0.024
11638.649953999999,0.009000000000000001
11638.847704,0.015
11639.045854,0.026000000000000002
11639.243854,0.023
11639.441954,0.034
11639.640604,0.011
11639.837953999999,0.034
11640.035904,0.007
11640.233903999999,0.029
11640.431904,0.023
11640.629954,0.025
11640.827954,0.057
11641.025904,0.018000000000000002
11641.223903999999,0.02
11641.422154,0.035
11641.620004,0.012
11641.818003999999,0.02
11642.016153999999,0.042
11642.213953999999,0.042
11642.412154,0.013000000000000001
11642.610154,0.013000000000000001
11642.808653999999,0.055
11643.006153999999,0.012
11643.203953999999,0.023
11643.401953999999,0.08700000000000001
11643.600204,0.041
11643.798203999999,0.023
11643.996204,0.033
11644.194803999999,0.04
11644.392204,0.031
11644.590204,0.03
11644.788203999999,0.017
11644.986203999999,0.016
11645.184204,0.025
11645.382354,0.024
11645.580204,0.051000000000000004
11645.778253999999,0.021
11646.173504,0.006
11646.569704,0.058
11646.767504,0.013000000000000001
11646.965504,0.026000000000000002
11647.163504,0.043000000000000003
11647.361503999999,0.008
11647.559704,0.019
11647.757504,0.036000000000000004
11647.955504,0.033
11648.153704,0.028
11648.351553999999,0.014
11648.549754,0.014
11648.747554,0.038
11648.945554,0.026000000000000002
11649.143753999999,0.016
11649.341754,0.031
11649.539754,0.032
11649.737754,0.036000000000000004
11649.935554,0.012
11650.133753999999,0.018000000000000002
11650.331804,0.034
11650.529804,0.041
11650.727804,0.017
11650.925554,0.012
11651.123803999999,0.031
11651.321804,0.061
11651.519954,0.036000000000000004
11651.717804,0.033
11651.915804,0.015
11652.113803999999,0.04
11652.311803999999,0.036000000000000004
11652.510004,0.03
11652.707804,0.017
11652.905804,0.014
11653.103954,0.015
11653.301803999999,0.035
11653.500004,0.031
11653.698004,0.019
11653.895854,0.006
11654.094003999999,0.017
11654.291854,0.028
11654.490004,0.022
11654.688004,0.033
11654.886004,0.017
11655.084654,0.027
11655.282003999999,0.027
11655.480054,0.057
11655.678054,0.08
11655.876054,0.013000000000000001
11656.074053999999,0.026000000000000002
11656.272054,0.045
11656.470704,0.017
11656.668054,0.04
11656.866054,0.03
11657.064204,0.041
11657.262053999999,0.023
11657.460304,0.065
11657.658104,0.023
11657.856103999999,0.003
11658.054253999999,0.017
11658.252104,0.04
11658.450053999999,0.007
11658.648304,0.031
11658.846104,0.02
11659.044254,0.045
11659.242253999999,0.055
11659.440354,0.01
11659.639003999999,0.037
11659.836104,0.012
11660.034254,0.028
11660.232253999999,0.033
11660.430504,0.024
11660.628353999999,0.005
11660.826353999999,0.006
11661.024254,0.024
11661.222303999999,0.056
11661.420504,0.041
11661.618403999999,0.018000000000000002
11661.816404,0.022
11662.014304,0.026000000000000002
11662.212303999999,0.014
11662.410504,0.009000000000000001
11662.608504,0.007
11662.807053999999,0.02
11663.004554,0.029
11663.202304,0.042
11663.400554,0.013000000000000001
11663.598554,0.01
11663.796403999999,0.019
11663.994553999999,0.014
11664.193204,0.036000000000000004
11664.390554,0.052000000000000005
11664.588554,0.025
11664.786554,0.027
11664.984553999999,0.034
11665.182604,0.011
11665.380604,0.027
11665.578604,0.019
11665.776603999999,0.04
11666.171854,0.02
11666.369853999999,0.055
11666.567853999999,0.022
11666.765854,0.005
11666.963854,0.063
11667.161854,0.042
11667.359854,0.039
11667.557853999999,0.03
11667.755904,0.024
11667.953904,0.059000000000000004
11668.152103999999,0.009000000000000001
11668.349903999999,0.034
11668.548154,0.031
11668.745904,0.046
11668.943904,0.011
11669.142103999999,0.033
11669.339903999999,0.054
11669.538154,0.014
11669.735904,0.03
11669.933954,0.015
11670.132153999999,0.048
11670.330154,0.012
11670.528154,0.034
11670.726154,0.038
11670.923954,0.033
11671.122153999999,0.027
11671.320154,0.07200000000000001
11671.518154,0.044
11671.716204,0.01
11671.914203999999,0.032
11672.112204,0.064
11672.310204,0.04
11672.508354,0.035
11672.706204,0.037
11672.904203999999,0.028
11673.102203999999,0.052000000000000005
11673.300204,0.016
11673.499004,0.041
11673.696404,0.026000000000000002
11673.894253999999,0.026000000000000002
11674.092403999999,0.013000000000000001
11674.290203999999,0.027
11674.488354,0.009000000000000001
11674.686404,0.045
11674.884253999999,0.034
11675.082403999999,0.033
11675.280254,0.046
11675.478404,0.014
11675.676404,0.024
11675.874404,0.016
11676.072403999999,0.036000000000000004
11676.270403999999,0.007
11676.468404,0.024
11676.667054,0.031
11676.864554,0.031
11677.062453999999,0.01
11677.260654,0.037
11677.458654,0.011
11677.656454,0.017
11677.854604,0.039
11678.052603999999,0.015
11678.250453999999,0.019
11678.448654,0.041
11678.646454,0.019
11678.844454,0.015
11679.042604,0.033
11679.240704,0.015
11679.438704,0.028
11679.636703999999,0.018000000000000002
11679.835104,0.008
11680.032604,0.002
11680.230604,0.019
11680.428704,0.021
11680.626704,0.061
11680.824654,0.033
11681.022654,0.021
11681.221303999999,0.032
11681.418904,0.036000000000000004
11681.616753999999,0.018000000000000002
11681.814753999999,0.011
11682.012654,0.052000000000000005
11682.210904,0.038
11682.408904,0.02
11682.606754,0.025
11682.804903999999,0.056
11683.003553999999,0.069
11683.200904,0.06
11683.398954,0.017
11683.596904,0.017
11683.794904,0.014
11683.992903999999,0.026000000000000002
11684.190703999999,0.022
11684.389604,0.01
11684.586954,0.034
11684.784953999999,0.02
11684.982954,0.076
11685.181104,0.078
11685.378954,0.039
11685.576954,0.03
11685.972254,0.007
11686.170253999999,0.008
11686.368253999999,0.05
11686.566203999999,0.018000000000000002
11686.764204,0.016
11686.962453999999,0.035
11687.160254,0.021
11687.358253999999,0.016
11687.556254,0.039
11687.754254,0.025
11687.952254,0.018000000000000002
11688.150254,0.01
11688.348504,0.009000000000000001
11688.546504,0.038
11688.744254,0.016
11688.942454,0.018000000000000002
11689.140503999999,0.027
11689.338504,0.013000000000000001
11689.536504,0.021
11689.734304,0.051000000000000004
11689.932504,0.038
11690.130503999999,0.02
11690.328653999999,0.031
11690.526504,0.024
11690.724504,0.016
11690.922304,0.033
11691.120503999999,0.005
11691.318754,0.037
11691.516554,0.047
11691.714554,0.066
11691.912553999999,0.017
11692.110553999999,0.008
11692.308704,0.02
11692.506704,0.039
11692.704554,0.02
11692.902704,0.043000000000000003
11693.100553999999,0.025
11693.298553999999,0.004
11693.496754,0.01
11693.694604,0.022
11693.892603999999,0.026000000000000002
11694.090603999999,0.027
11694.288754,0.024
11694.486754,0.023
11694.684754,0.009000000000000001
11694.882754,0.037
11695.080753999999,0.101
11695.278804,0.038
11695.476804,0.048
11695.674754,0.05
11695.872754,0.015
11696.070754,0.055
11696.269004,0.053
11696.466804,0.014
11696.664804,0.017
11696.863604,0.003
11697.060803999999,0.037
11697.259054,0.031
11697.456804,0.021
11697.654804,0.021
11697.852954,0.04
11698.050954,0.029
11698.249704,0.039
11698.447054,0.005
11698.644854,0.022
11698.843004,0.032
11699.041003999999,0.029
11699.238854,0.024
11699.437054,0.042
11699.634854,0.016
11699.832854,0.024
11700.031654,0.013000000000000001
11700.229204,0.052000000000000005
11700.427104,0.045
11700.625103999999,0.04
11700.823004,0.06
11701.021053999999,0.021
11701.219254,0.046
11701.417754,0.02
11701.615103999999,0.028
11701.813253999999,0.023
11702.011053999999,0.05
11702.209254,0.032
11702.407254,0.021
11702.605153999999,0.058
11702.803154,0.129
11703.001054,0.013000000000000001
11703.199304,0.04
11703.397304,0.049
11703.595153999999,0.026000000000000002
11703.793303999999,0.034
11703.991304,0.067
11704.189304,0.033
11704.387304,0.033
11704.585954,0.037
11704.783354,0.029
11704.981303999999,0.02
11705.179103999999,0.037
11705.377304,0.02
11705.772604,0.01
11705.970604,0.036000000000000004
11706.168603999999,0.039
11706.366603999999,0.027
11706.564604,0.021
11706.762604,0.013000000000000001
11706.960604,0.022
11707.158604,0.017
11707.356854,0.009000000000000001
11707.554654,0.025
11707.752604,0.036000000000000004
11707.950853999999,0.024
11708.148604,0.035
11708.346854,0.03
11708.544654,0.054
11708.742654,0.022
11708.940853999999,0.051000000000000004
11709.139054,0.062
11709.336904,0.02
11709.534904,0.026000000000000002
11709.732654,0.042
11709.930903999999,0.018000000000000002
11710.128904,0.014
11710.326904,0.013000000000000001
11710.524904,0.07100000000000001
11710.722704,0.013000000000000001
11710.920903999999,0.054
11711.118903999999,0.004
11711.316904,0.007
11711.514904,0.014
11711.712904,0.048
11711.910904,0.016
11712.108903999999,0.035
11712.307104,0.055
11712.504954,0.055
11712.702954,0.026000000000000002
11712.900953999999,0.046
11713.098954,0.017
11713.297104,0.025
11713.495104,0.011
11713.692954,0.033
11713.891754,0.033
11714.089103999999,0.018000000000000002
11714.287103999999,0.011
11714.485154,0.022
11714.683003999999,0.037
11714.881153999999,0.054
11715.079354,0.022
11715.277753999999,0.028
11715.475154,0.068
11715.673154,0.033
11715.871153999999,0.028
11716.069153999999,0.026000000000000002
11716.267154,0.012
11716.465154,0.037
11716.663203999999,0.044
11716.861304,0.032
11717.060054,0.022
11717.257404,0.032
11717.455154,0.053
11717.653204,0.022
11717.851304,0.036000000000000004
11718.049404,0.005
11718.247404,0.013000000000000001
11718.446103999999,0.043000000000000003
11718.643204,0.022
11718.841354,0.017
11719.039604,0.077
11719.237454,0.065
11719.435453999999,0.044
11719.633204,0.007
11719.831354,0.016
11720.029604,0.055
11720.227454,0.064
11720.425454,0.041
11720.623604,0.015
11720.821404,0.004
11721.019604,0.032
11721.217604,0.02
11721.415454,0.043000000000000003
11721.614254,0.026000000000000002
11721.811404,0.005
11722.009654,0.015
11722.207654,0.022
11722.405654,0.041
11722.603503999999,0.038
11722.801653999999,0.01
11722.999654,0.021
11723.197654,0.039
11723.395654,0.008
11723.593654,0.039
11723.791653999999,0.048
11723.989653999999,0.045
11724.187704,0.056
11724.385704,0.053
11724.583703999999,0.073
11724.782304,0.047
11724.979854,0.022
11725.177654,0.022
11725.572954,0.018000000000000002
11725.968954,0.032
11726.167204,0.03
11726.364953999999,0.023
11726.562953999999,0.005
11726.761204,0.037
11726.959004,0.025
11727.157204,0.041
11727.355004,0.044
11727.553004,0.039
11727.751004,0.04
11727.949203999999,0.038
11728.147203999999,0.067
11728.345204,0.023
11728.543004,0.015
11728.741004,0.021
11728.939253999999,0.012
11729.137254,0.033
11729.335254,0.041
11729.533003999999,0.013000000000000001
11729.731254,0.007
11729.929253999999,0.021
11730.127403999999,0.016
11730.325254,0.073
11730.523254,0.045
11730.721254,0.049
11730.919304,0.032
11731.117454,0.079
11731.315304,0.046
11731.513304,0.029
11731.711303999999,0.04
11731.909254,0.02
11732.107453999999,0.021
11732.305454,0.037
11732.503304,0.037
11732.701503999999,0.024
11732.899303999999,0.05
11733.097453999999,0.02
11733.295454,0.043000000000000003
11733.493454,0.032
11733.691454,0.011
11733.890153999999,0.019
11734.087504,0.046
11734.285504,0.019
11734.483504,0.009000000000000001
11734.681354,0.04
11734.879503999999,0.017
11735.077503999999,0.032
11735.275504,0.028
11735.473504,0.029
11735.671654,0.018000000000000002
11735.869504,0.051000000000000004
11736.067754,0.013000000000000001
11736.265554,0.017
11736.463554,0.021
11736.661704,0.021
11736.859553999999,0.069
11737.058154,0.024
11737.255554,0.04
11737.453554,0.028
11737.651554,0.053
11737.849704,0.049
11738.047804,0.004
11738.245804,0.037
11738.444204,0.026000000000000002
11738.641704,0.066
11738.839704,0.036000000000000004
11739.037954,0.018000000000000002
11739.235804,0.007
11739.433804,0.041
11739.631754,0.043000000000000003
11739.829754,0.041
11740.027954,0.003
11740.225854,0.032
11740.423853999999,0.06
11740.621754,0.069
11740.819754,0.07
11741.017953999999,0.053
11741.215954,0.034
11741.413854,0.019
11741.612653999999,0.017
11741.809803999999,0.053
11742.008004,0.021
11742.206004,0.044
11742.403854,0.08700000000000001
11742.602004,0.028
11742.799804,0.096
11742.998004,0.038
11743.196004,0.026000000000000002
11743.394004,0.032
11743.591903999999,0.053
11743.790054,0.016
11743.988054,0.027
11744.186054,0.022
11744.384054,0.037
11744.582053999999,0.039
11744.780703999999,0.047
11745.175304,0.055
11745.571304,0.018000000000000002
11745.769304,0.045
11745.967304,0.005
11746.165353999999,0.012
11746.363354,0.048
11746.561354,0.021
11746.759354,0.047
11746.957354,0.041
11747.155604,0.025
11747.353353999999,0.019
11747.551354,0.07100000000000001
11747.749554,0.036000000000000004
11747.947354,0.014
11748.145604,0.043000000000000003
11748.343404,0.011
11748.541404,0.004
11748.739604,0.013000000000000001
11748.937603999999,0.049
11749.135604,0.04
11749.333604,0.02
11749.531404,0.016
11749.729604,0.036000000000000004
11749.927603999999,0.003
11750.125654,0.023
11750.323654,0.046
11750.521654,0.011
11750.719653999999,0.019
11750.917653999999,0.033
11751.115804,0.025
11751.313654,0.023
11751.511654,0.017
11751.709654,0.035
11751.907653999999,0.033
11752.105854,0.029
11752.303704,0.017
11752.501704,0.045
11752.699703999999,0.061
11752.897654,0.039
11753.095854,0.021
11753.293854,0.026000000000000002
11753.491704,0.07
11753.689854,0.025
11753.887703999999,0.019
11754.085853999999,0.012
11754.283854,0.022
11754.481854,0.042
11754.679854,0.027
11754.877854,0.07100000000000001
11755.075853999999,0.027
11755.274554,0.046
11755.471904,0.033
11755.669904,0.022
11755.867903999999,0.037
11756.065904,0.015
11756.263904,0.027
11756.461904,0.01
11756.660054,0.029
11756.857903999999,0.017
11757.056754,0.006
11757.253904,0.023
11757.451954,0.032
11757.650054,0.018000000000000002
11757.847953999999,0.033
11758.046154,0.036000000000000004
11758.244154,0.017
11758.442554,0.043000000000000003
11758.640104,0.034
11758.838054,0.02
11759.036154,0.037
11759.234204,0.027
11759.431954,0.029
11759.630104,0.024
11759.828104,0.021
11760.026354,0.055
11760.224204,0.054
11760.422203999999,0.061
11760.620104,0.021
11760.818104,0.007
11761.016354,0.048
11761.214204,0.043000000000000003
11761.412253999999,0.02
11761.611004,0.034
11761.808154,0.035
11762.006404,0.054
11762.204404,0.036000000000000004
11762.402253999999,0.026000000000000002
11762.600354,0.016
11762.798154,0.055
11762.996404,0.014
11763.194404,0.04
11763.392254,0.024
11763.590403999999,0.047
11763.788403999999,0.028
11763.986404,0.073
11764.184404,0.054
11764.382404,0.01
11764.580404,0.004
11764.779053999999,0.046
11765.173703999999,0.027
11765.371704,0.023
11765.569704,0.015
11765.767704,0.048
11765.965704,0.038
11766.163703999999,0.058
11766.361703999999,0.035
11766.559704,0.029
11766.757704,0.025
11766.955704,0.067
11767.153704,0.024
11767.351703999999,0.057
11767.549754,0.04
11767.747953999999,0.055
11767.945754,0.045
11768.143954,0.054
11768.341754,0.014
11768.539754,0.039
11768.738003999999,0.046
11768.935754,0.003
11769.133953999999,0.09
11769.332004,0.094
11769.529754,0.053
11769.728003999999,0.066
11769.926003999999,0.014
11770.124004,0.047
11770.322004,0.04
11770.520004,0.012
11770.718004,0.031
11770.916003999999,0.042
11771.114153999999,0.027
11771.312004,0.045
11771.510204,0.088
11771.708053999999,0.009000000000000001
11771.906054,0.027
11772.104204,0.046
11772.302054,0.074
11772.500054,0.026000000000000002
11772.698053999999,0.038
11772.896203999999,0.052000000000000005
11773.094203999999,0.025
11773.292204,0.048
11773.490254,0.064
11773.688253999999,0.027
11773.886254,0.037
11774.084954,0.01
11774.282254,0.028
11774.480204,0.065
11774.678253999999,0.031
11774.876454,0.036000000000000004
11775.074254,0.011
11775.272254,0.034
11775.470904,0.017
11775.668254,0.056
11775.866504,0.038
11776.064253999999,0.033
11776.262254,0.042
11776.460404,0.065
11776.658254,0.035
11776.856504,0.006
11777.054504,0.031
11777.252304,0.035
11777.450454,0.033
11777.648454,0.016
11777.846303999999,0.019
11778.044554,0.034
11778.242304,0.046
11778.440454,0.015
11778.639104,0.014
11778.836704,0.055
11779.034554,0.051000000000000004
11779.232554,0.018000000000000002
11779.430504,0.023
11779.628504,0.032
11779.826704,0.034
11780.024554,0.049
11780.222554,0.039
11780.420504,0.075
11780.618504,0.054
11780.816504,0.033
11781.014754,0.04
11781.212604,0.028
11781.410603999999,0.052000000000000005
11781.608504,0.026000000000000002
11781.807353999999,0.016
11782.004754,0.024
11782.202604,0.008
11782.400754,0.042
11782.598753999999,0.036000000000000004
11782.796753999999,0.042
11782.994754,0.06
11783.193404,0.047
11783.390803999999,0.047
11783.588803999999,0.034
11783.786554,0.005
11783.984754,0.037
11784.182804,0.036000000000000004
11784.380904,0.034
11784.578803999999,0.047
11784.974054,0.02
11785.172053999999,0.036000000000000004
11785.370053999999,0.038
11785.568054,0.036000000000000004
11785.766104,0.028
11785.964103999999,0.01
11786.162103999999,0.018000000000000002
11786.360104,0.038
11786.558304,0.046
11786.756054,0.011
11786.954104,0.034
11787.152103999999,0.061
11787.350104,0.05
11787.548104,0.027
11787.746104,0.058
11787.944354,0.02
11788.142354,0.021
11788.340103999999,0.007
11788.538354,0.006
11788.736353999999,0.035
11788.934353999999,0.028
11789.132354,0.038
11789.330154,0.021
11789.528354,0.054
11789.726354,0.056
11789.924554,0.059000000000000004
11790.122404,0.038
11790.320354,0.024
11790.518154,0.022
11790.716354,0.027
11790.914553999999,0.053
11791.112404,0.02
11791.310404,0.036000000000000004
11791.508404,0.045
11791.706403999999,0.07
11791.904553999999,0.035
11792.102554,0.041
11792.300404,0.033
11792.499204,0.034
11792.696404,0.037
11792.894604,0.033
11793.092604,0.01
11793.290454,0.018000000000000002
11793.488604,0.004
11793.686603999999,0.028
11793.884603999999,0.022
11794.082604,0.053
11794.280604,0.027
11794.478604,0.075
11794.676604,0.057
11794.874603999999,0.036000000000000004
11795.072654,0.036000000000000004
11795.270654,0.044
11795.468804,0.009000000000000001
11795.667254,0.018000000000000002
11795.864604,0.025
11796.062654,0.035
11796.260654,0.006
11796.458654,0.012
11796.656654,0.047
11796.854904,0.042
11797.052654,0.028
11797.250654,0.033
11797.448804,0.048
11797.646804,0.027
11797.844904,0.028
11798.042904,0.022
11798.240704,0.014
11798.438804,0.01
11798.636854,0.051000000000000004
11798.835554,0.01
11799.032954,0.022
11799.230953999999,0.028
11799.428854,0.04
11799.626854,0.025
11799.825053999999,0.048
11800.022954,0.015
11800.221604,0.028
11800.418854,0.045
11800.616854,0.011
11800.815104,0.056
11801.012954,0.006
11801.210954,0.048
11801.409104,0.062
11801.606854,0.016
11801.805104,0.026000000000000002
11802.003754,0.03
11802.201003999999,0.053
11802.399153999999,0.018000000000000002
11802.596904,0.028
11802.795154,0.044
11802.993154,0.023
11803.191154,0.022
11803.389804,0.037
11803.587153999999,0.015
11803.785154,0.02
11803.983154,0.02
11804.181154,0.053
11804.379154,0.001
11804.774404,0.014
11804.972404,0.055
11805.170454,0.049
11805.368454,0.038
11805.566454,0.025
11805.764454,0.054
11805.962453999999,0.044
11806.160453999999,0.048
11806.358454,0.018000000000000002
11806.556454,0.011
11806.754454,0.031
11806.952704,0.027
11807.150504,0.02
11807.348504,0.032
11807.546704,0.017
11807.744504,0.064
11807.942704,0.041
11808.140454,0.061
11808.338504,0.035
11808.536704,0.05
11808.734703999999,0.078
11808.932754,0.022
11809.130754,0.027
11809.328504,0.036000000000000004
11809.526753999999,0.025
11809.724753999999,0.027
11809.922754,0.032
11810.120754,0.016
11810.318503999999,0.013000000000000001
11810.516754,0.031
11810.714753999999,0.026000000000000002
11810.912903999999,0.005
11811.110804,0.016
11811.308804,0.044
11811.506754,0.043000000000000003
11811.704754,0.028
11811.902903999999,0.016
11812.100804,0.064
11812.298954,0.005
11812.496954,0.042
11812.694803999999,0.023
11812.892953999999,0.026000000000000002
11813.090954,0.021
11813.288804,0.051000000000000004
11813.486954,0.022
11813.684803999999,0.03
11813.882953999999,0.039
11814.080954,0.018000000000000002
11814.279004,0.021
11814.477004,0.014
11814.675204,0.025
11814.873004,0.049
11815.071004,0.046
11815.269154,0.017
11815.467004,0.029
11815.665003999999,0.041
11815.863653999999,0.042
11816.061004,0.027
11816.259004,0.073
11816.457154,0.016
11816.655254,0.022
11816.853254,0.024
11817.051054,0.053
11817.249804,0.019
11817.447154,0.03
11817.645254,0.044
11817.843254,0.021
11818.041304,0.015
11818.239204,0.03
11818.437204,0.014
11818.635204,0.015
11818.833304,0.078
11819.031904,0.041
11819.229054,0.034
11819.427204,0.041
11819.625453999999,0.026000000000000002
11819.823454,0.006
11820.021304,0.037
11820.219454,0.022
11820.417904,0.061
11820.615504,0.061
11820.813504,0.028
11821.011304,0.045
11821.209454,0.04
11821.407254,0.042
11821.605254,0.022
11821.803504,0.058
11822.001504,0.019
11822.199354,0.057
11822.397503999999,0.047
11822.595503999999,0.023
11822.793504,0.016
11822.991504,0.101
11823.189504,0.06
11823.387504,0.021
11823.586303999999,0.028
11823.783503999999,0.021
11823.981554,0.024
11824.179654,0.029
11824.574804,0.026000000000000002
11824.772804,0.028
11824.970803999999,0.041
11825.168803999999,0.031
11825.366804,0.058
11825.564804,0.068
11825.763054,0.05
11825.960804,0.017
11826.158803999999,0.052000000000000005
11826.357054,0.067
11826.554854,0.02
11826.753053999999,0.007
11826.950853999999,0.062
11827.148854,0.016
11827.347054,0.009000000000000001
11827.545054,0.044
11827.743053999999,0.053
11827.941053999999,0.027
11828.138853999999,0.028
11828.336854,0.032
11828.535103999999,0.027
11828.733103999999,0.044
11828.931104,0.049
11829.128904,0.008
11829.327104,0.033
11829.525104,0.03
11829.723903999999,0.008
11829.921104,0.041
11830.119104,0.043000000000000003
11830.317104,0.065
11830.515104,0.047
11830.713154,0.031
11830.911154,0.037
11831.109154,0.01
11831.307304,0.018000000000000002
11831.505153999999,0.031
11831.703303999999,0.05
11831.901303999999,0.03
11832.099154,0.03
11832.297304,0.023
11832.495154,0.034
11832.693353999999,0.056
11832.891953999999,0.034
11833.089304,0.027
11833.287304,0.014
11833.485354,0.009000000000000001
11833.683353999999,0.025
11833.881354,0.053
11834.079354,0.007
11834.277204,0.031
11834.475354,0.037
11834.673353999999,0.034
11834.871353999999,0.025
11835.069354,0.047
11835.267504,0.051000000000000004
11835.465354,0.025
11835.663604,0.038
11835.861404,0.045
11836.060153999999,0.029
11836.257554,0.019
11836.455404,0.018000000000000002
11836.653403999999,0.024
11836.851604,0.063
11837.049404,0.011
11837.247404,0.012
11837.446204,0.026000000000000002
11837.643654,0.02
11837.841654,0.026000000000000002
11838.039454,0.052000000000000005
11838.237604,0.078
11838.435604,0.074
11838.633804,0.02
11838.831654,0.041
11839.029654,0.031
11839.227604,0.013000000000000001
11839.425604,0.021
11839.623604,0.043000000000000003
11839.821704,0.057
11840.019704,0.036000000000000004
11840.217604,0.045
11840.415604,0.023
11840.614453999999,0.08
11840.811854,0.048
11841.009704,0.029
11841.207854,0.025
11841.405654,0.047
11841.603853999999,0.019
11841.801854,0.035
11841.999753999999,0.01
11842.197903999999,0.052000000000000005
11842.395854,0.014
11842.593853999999,0.02
11842.791854,0.026000000000000002
11842.989854,0.005
11843.187753999999,0.037
11843.385903999999,0.025
11843.583904,0.031
11843.782554,0.031
11844.177153999999,0.029
11844.573154,0.048
11844.771203999999,0.011
11844.969203999999,0.025
11845.167204,0.021
11845.365154,0.015
11845.563154,0.014
11845.761204,0.038
11845.959203999999,0.008
11846.157204,0.016
11846.355404,0.048
11846.553204,0.012
11846.751454,0.038
11846.949203999999,0.037
11847.147203999999,0.025
11847.345454,0.021
11847.543204,0.012
11847.741453999999,0.018000000000000002
11847.939454,0.019
11848.137254,0.008
11848.335454,0.045
11848.533454,0.068
11848.731504,0.027
11848.929454,0.034
11849.127253999999,0.042
11849.325454,0.051000000000000004
11849.523454,0.05
11849.721504,0.024
11849.919504,0.016
11850.117504,0.045
11850.315504,0.025
11850.513503999999,0.014
11850.711653999999,0.011
11850.909504,0.057
11851.107504,0.011
11851.305504,0.025
11851.503504,0.02
11851.701704,0.061
11851.899704,0.012
11852.097554,0.007
11852.295704,0.035
11852.493553999999,0.054
11852.691703999999,0.042
11852.890354,0.032
11853.087704,0.019
11853.285704,0.01
11853.483554,0.018000000000000002
11853.681703999999,0.029
11853.879754,0.028
11854.077854,0.026000000000000002
11854.276354,0.029
11854.473704,0.033
11854.671704,0.034
11854.869754,0.016
11855.067853999999,0.03
11855.265754,0.009000000000000001
11855.463754,0.017
11855.662004,0.037
11855.859754,0.046
11856.058554,0.044
11856.255904,0.059000000000000004
11856.453754,0.018000000000000002
11856.652004,0.056
11856.849753999999,0.041
11857.047904,0.035
11857.246003999999,0.046
11857.444554,0.01
11857.642054,0.039
11857.840054,0.059000000000000004
11858.037954,0.037
11858.235954,0.043000000000000003
11858.434153999999,0.041
11858.632004,0.022
11858.830054,0.013000000000000001
11859.027954,0.005
11859.225954,0.058
11859.423954,0.022
11859.622204,0.037
11859.820054,0.057
11860.018204,0.064
11860.215954,0.019
11860.413954,0.046
11860.612853999999,0.037
11860.810054,0.013000000000000001
11861.008204,0.03
11861.206204,0.026000000000000002
11861.404254,0.048
11861.602254,0.015
11861.800254,0.032
11861.998254,0.08600000000000001
11862.196253999999,0.022
11862.394004,0.089
11862.592254,0.013000000000000001
11862.790254,0.024
11862.988404,0.051000000000000004
11863.186254,0.047
11863.384404,0.056
11863.582304,0.051000000000000004
11863.780904,0.012
11864.175554,0.012
11864.571554,0.05
11864.769553999999,0.017
11864.967553999999,0.025
11865.165754,0.02
11865.363554,0.069
11865.561554,0.061
11865.759554,0.019
11865.957553999999,0.028
11866.155804,0.039
11866.353604,0.016
11866.551803999999,0.012
11866.749804,0.022
11866.947554,0.032
11867.145804,0.053
11867.343804,0.026000000000000002
11867.541604,0.019
11867.739803999999,0.062
11867.937603999999,0.008
11868.135854,0.038
11868.333853999999,0.036000000000000004
11868.531853999999,0.057
11868.729854,0.038
11868.927854,0.042
11869.125854,0.032
11869.323854,0.03
11869.522003999999,0.036000000000000004
11869.719853999999,0.025
11869.917904,0.04
11870.115854,0.032
11870.313854,0.044
11870.512004,0.01
11870.710003999999,0.012
11870.907854,0.018000000000000002
11871.106054,0.038
11871.303904,0.047
11871.501903999999,0.038
11871.700053999999,0.014
11871.897904,0.051000000000000004
11872.096054,0.029
11872.294054,0.049
11872.492054,0.041
11872.690053999999,0.026000000000000002
11872.888703999999,0.022
11873.086104,0.02
11873.284104,0.011
11873.482103999999,0.021
11873.680104,0.022
11873.878104,0.028
11874.076104,0.036000000000000004
11874.274754,0.031
11874.472103999999,0.024
11874.670103999999,0.005
11874.868104,0.068
11875.066254,0.041
11875.264153999999,0.064
11875.462354,0.034
11875.660154,0.025
11875.858103999999,0.029
11876.056904,0.014
11876.254254,0.037
11876.452354,0.039
11876.650354,0.009000000000000001
11876.848154,0.034
11877.046304,0.017
11877.244304,0.02
11877.442804,0.067
11877.640404,0.064
11877.838154,0.03
11878.036304,0.03
11878.234304,0.028
11878.432553999999,0.05
11878.630404,0.067
11878.828404,0.043000000000000003
11879.026354,0.017
11879.224354,0.058
11879.422553999999,0.028
11879.620404,0.007
11879.818404,0.025
11880.016554,0.032
11880.214354,0.022
11880.412354,0.023
11880.611254,0.028
11880.808454,0.064
11881.006604,0.052000000000000005
11881.204404,0.06
11881.402603999999,0.04
11881.600604,0.06
11881.798604,0.011
11881.996604,0.034
11882.194604,0.014
11882.392603999999,0.04
11882.590654,0.047
11882.788654,0.052000000000000005
11882.986654,0.053
11883.184653999999,0.006
11883.382654,0.045
11883.580654,0.021
11883.779254,0.03
11884.173904,0.038
11884.371904,0.03
11884.569904,0.022
11884.767904,0.043000000000000003
11884.965903999999,0.049
11885.163904,0.064
11885.361954,0.008
11885.560153999999,0.035
11885.757953999999,0.053
11885.955954,0.028
11886.154154,0.023
11886.351954,0.034
11886.550153999999,0.042
11886.747953999999,0.023
11886.945953999999,0.015
11887.144154,0.031
11887.342203999999,0.011
11887.540203999999,0.046
11887.738204,0.028
11887.935953999999,0.016
11888.134204,0.027
11888.332204,0.003
11888.530203999999,0.026000000000000002
11888.728204,0.08
11888.926003999999,0.008
11889.124204,0.022
11889.322204,0.016
11889.520403999999,0.036000000000000004
11889.718254,0.023
11889.916254,0.037
11890.114254,0.047
11890.312253999999,0.016
11890.510403999999,0.044
11890.708254,0.03
11890.906254,0.055
11891.104404,0.081
11891.302254,0.033
11891.500453999999,0.048
11891.698454,0.052000000000000005
11891.896254,0.006
11892.094404,0.02
11892.292254,0.043000000000000003
11892.490453999999,0.057
11892.688454,0.055
11892.886454,0.063
11893.085104,0.047
11893.282454,0.038
11893.480453999999,0.028
11893.678453999999,0.024
11893.876454,0.059000000000000004
11894.074454,0.053
11894.272454,0.065
11894.471153999999,0.025
11894.668504,0.04
11894.866504,0.09
11895.064654,0.052000000000000005
11895.262504,0.029
11895.460704,0.045
11895.658503999999,0.017
11895.856504,0.02
11896.054654,0.038
11896.252504,0.03
11896.450754,0.042
11896.648754,0.042
11896.846554,0.032
11897.044704,0.019
11897.242704,0.01
11897.440754,0.03
11897.639404,0.03
11897.836554,0.014
11898.034704,0.026000000000000002
11898.232704,0.048
11898.430804,0.029
11898.628804,0.026000000000000002
11898.826804,0.034
11899.024704,0.041
11899.222704,0.017
11899.420954,0.033
11899.618804,0.033
11899.816804,0.079
11900.014704,0.008
11900.212754,0.015
11900.410953999999,0.035
11900.608954,0.023
11900.807454,0.048
11901.004954,0.046
11901.202754,0.013000000000000001
11901.400953999999,0.019
11901.598954,0.016
11901.796854,0.031
11901.995004,0.055
11902.193404,0.017
11902.391004,0.019
11902.589004,0.049
11902.787004,0.029
11902.985004,0.016
11903.183003999999,0.052000000000000005
11903.381003999999,0.026000000000000002
11903.579054,0.062
11903.974253999999,0.052000000000000005
11904.172254,0.093
11904.370503999999,0.014
11904.568304,0.077
11904.766303999999,0.029
11904.964504,0.022
11905.162304,0.003
11905.360553999999,0.02
11905.558304,0.016
11905.756303999999,0.029
11905.954554,0.021
11906.152554,0.04
11906.350304,0.017
11906.548553999999,0.023
11906.746353999999,0.019
11906.944354,0.027
11907.142554,0.033
11907.340603999999,0.029
11907.538553999999,0.012
11907.736353999999,0.034
11907.934353999999,0.021
11908.132554,0.031
11908.331403999999,0.046
11908.528604,0.046
11908.726604,0.05
11908.924404,0.083
11909.122604,0.017
11909.320603999999,0.039
11909.518603999999,0.027
11909.716604,0.053
11909.914604,0.069
11910.112604,0.059000000000000004
11910.310754,0.054
11910.508804,0.052000000000000005
11910.706654,0.045
11910.904804,0.055
11911.102654,0.028
11911.300803999999,0.082
11911.499453999999,0.012
11911.696804,0.033
11911.894804,0.034
11912.092804,0.034
11912.290654,0.013000000000000001
11912.488803999999,0.051000000000000004
11912.686854,0.055
11912.884654,0.035
11913.082804,0.061
11913.280804,0.066
11913.478804,0.028
11913.676854,0.044
11913.874953999999,0.007
11914.072854,0.044
11914.271053999999,0.007
11914.468853999999,0.028
11914.667504,0.045
11914.865004,0.034
11915.062854,0.026000000000000002
11915.261104,0.018000000000000002
11915.458853999999,0.054
11915.656853999999,0.046
11915.855004,0.037
11916.053004,0.037
11916.251103999999,0.033
11916.449154,0.003
11916.646904,0.006
11916.845054,0.016
11917.043054,0.05
11917.241103999999,0.022
11917.439053999999,0.03
11917.637154,0.032
11917.835704,0.025
11918.033054,0.019
11918.231054,0.032
11918.429154,0.055
11918.627154,0.005
11918.824904,0.049
11919.023054,0.029
11919.221953999999,0.044
11919.419304,0.006
11919.617204,0.021
11919.815304,0.007
11920.013203999999,0.009000000000000001
11920.211354,0.024
11920.409354,0.05
11920.607204,0.042
11920.805354,0.066
11921.003954,0.045
11921.201104,0.043000000000000003
11921.399354,0.015
11921.597354,0.06
11921.795253999999,0.046
11921.993354,0.044
11922.191353999999,0.029
11922.390003999999,0.028
11922.587354,0.049
11922.785354,0.046
11922.983354,0.013000000000000001
11923.181504,0.02
11923.379404,0.007
11923.774653999999,0.016
11923.972654,0.044
11924.170654,0.031
11924.368654,0.035
11924.566654,0.055
11924.764653999999,0.019
11924.962704,0.021
11925.160704,0.005
11925.358903999999,0.085
11925.556654,0.049
11925.754654,0.006
11925.952904,0.04
11926.150704,0.032
11926.348903999999,0.023
11926.546704,0.061
11926.744703999999,0.003
11926.942954,0.004
11927.140953999999,0.083
11927.338704,0.036000000000000004
11927.536954,0.023
11927.734703999999,0.034
11927.932703999999,0.04
11928.130954,0.032
11928.328953999999,0.029
11928.526953999999,0.018000000000000002
11928.725004,0.049
11928.922954,0.028
11929.120954,0.027
11929.319104,0.032
11929.516953999999,0.026000000000000002
11929.714954,0.06
11929.912954,0.031
11930.111004,0.014
11930.309003999999,0.055
11930.507153999999,0.075
11930.705004,0.028
11930.903004,0.042
11931.101004,0.024
11931.299154,0.03
11931.497153999999,0.048
11931.695004,0.025
11931.893204,0.018000000000000002
11932.091004,0.022
11932.289203999999,0.056
11932.487204,0.036000000000000004
11932.685204,0.028
11932.883204,0.04
11933.081204,0.044
11933.279053999999,0.002
11933.477203999999,0.03
11933.675204,0.036000000000000004
11933.873054,0.06
11934.071253999999,0.024
11934.269253999999,0.047
11934.467203999999,0.015
11934.665203999999,0.051000000000000004
11934.864004,0.012
11935.061254,0.018000000000000002
11935.259454,0.026000000000000002
11935.457253999999,0.041
11935.655254,0.039
11935.853404,0.025
11936.051254,0.033
11936.250103999999,0.007
11936.447504,0.041
11936.645254,0.06
11936.843404,0.023
11937.041404,0.07100000000000001
11937.239504,0.035
11937.437504,0.026000000000000002
11937.635304,0.027
11937.833454,0.049
11938.032054,0.015
11938.229704,0.01
11938.427504,0.044
11938.625504,0.02
11938.823454,0.074
11939.021454,0.04
11939.219454,0.054
11939.418204,0.032
11939.615554,0.059000000000000004
11939.813554,0.04
11940.011703999999,0.014
11940.209703999999,0.025
11940.407704,0.03
11940.605554,0.031
11940.803704,0.023
11941.001504,0.025
11941.199703999999,0.023
11941.397703999999,0.007
11941.595754,0.012
11941.793754,0.056
11941.991903999999,0.047
11942.189753999999,0.048
11942.387754,0.012
11942.586354,0.053
11942.783754,0.083
11943.179004,0.033
11943.575004,0.023
11943.773003999999,0.047
11943.971003999999,0.051000000000000004
11944.169054,0.024
11944.367054,0.023
11944.565053999999,0.022
11944.763054,0.027
11944.961054,0.075
11945.159254,0.022
11945.357253999999,0.019
11945.555053999999,0.035
11945.753053999999,0.017
11945.951254,0.052000000000000005
11946.149303999999,0.031
11946.347303999999,0.05
11946.545054,0.01
11946.743053999999,0.02
11946.941304,0.017
11947.139054,0.052000000000000005
11947.337303999999,0.044
11947.535303999999,0.073
11947.733103999999,0.02
11947.931304,0.051000000000000004
11948.129503999999,0.034
11948.327354,0.029
11948.525354,0.06
11948.723103999999,0.049
11948.921354,0.038
11949.119504,0.019
11949.317503999999,0.083
11949.515354,0.013000000000000001
11949.713504,0.047
11949.911354,0.041
11950.109553999999,0.042
11950.307553999999,0.048
11950.505353999999,0.018000000000000002
11950.703354,0.014
11950.901354,0.058
11951.099554,0.028
11951.297553999999,0.003
11951.495554,0.028
11951.693404,0.01
11951.891554,0.047
11952.089554,0.04
11952.287553999999,0.04
11952.485553999999,0.019
11952.683404,0.036000000000000004
11952.881554,0.011
11953.079803999999,0.033
11953.277603999999,0.021
11953.475604,0.019
11953.673604,0.004
11953.871604,0.032
11954.069803999999,0.021
11954.267603999999,0.003
11954.465603999999,0.022
11954.663754,0.021
11954.862404,0.08
11955.059854,0.053
11955.257854,0.085
11955.455654,0.028
11955.653654,0.011
11955.851804,0.008
11956.049853999999,0.038
11956.248504,0.051000000000000004
11956.445654,0.106
11956.643654,0.049
11956.841804,0.019
11957.040003999999,0.023
11957.237904,0.02
11957.435904,0.009000000000000001
11957.633804,0.025
11957.831804,0.04
11958.030654,0.022
11958.227904,0.03
11958.425904,0.08600000000000001
11958.624054,0.013000000000000001
11958.821804,0.003
11959.020053999999,0.034
11959.218053999999,0.016
11959.416554,0.049
11959.613904,0.037
11959.811854,0.03
11960.010054,0.03
11960.208053999999,0.049
11960.406054,0.03
11960.604104,0.049
11960.802104,0.048
11961.000103999999,0.032
11961.198104,0.015
11961.396104,0.016
11961.594104,0.048
11961.792104,0.047
11961.990103999999,0.021
11962.188103999999,0.043000000000000003
11962.386104,0.035
11962.584754,0.047
11962.782153999999,0.051000000000000004
11963.177354,0.025
11963.573403999999,0.017
11963.771404,0.029
11963.969404,0.017
11964.167404,0.024
11964.365404,0.035
11964.563403999999,0.019
11964.761654,0.024
11964.959404,0.017
11965.157653999999,0.034
11965.355404,0.039
11965.553453999999,0.011
11965.751454,0.044
11965.949454,0.032
11966.147654,0.07100000000000001
11966.345653999999,0.054
11966.543453999999,0.027
11966.741654,0.041
11966.939654,0.021
11967.137703999999,0.019
11967.335704,0.041
11967.533503999999,0.07200000000000001
11967.731704,0.011
11967.929704,0.022
11968.127854,0.015
11968.325703999999,0.01
11968.523704,0.021
11968.721504,0.026000000000000002
11968.919704,0.023
11969.117854,0.022
11969.315754,0.039
11969.513754,0.046
11969.711754,0.052000000000000005
11969.909754,0.045
11970.107903999999,0.04
11970.305903999999,0.028
11970.503754,0.032
11970.701904,0.034
11970.899754,0.037
11971.097904,0.014
11971.295954,0.019
11971.493754,0.052000000000000005
11971.691754,0.022
11971.889904,0.027
11972.087904,0.037
11972.285904,0.031
11972.483954,0.043000000000000003
11972.681954,0.038
11972.879954,0.008
11973.077954,0.03
11973.275953999999,0.039
11973.473954,0.034
11973.672104,0.025
11973.869954,0.023
11974.068204,0.022
11974.265953999999,0.036000000000000004
11974.463953999999,0.015
11974.662004,0.036000000000000004
11974.860654,0.029
11975.058203999999,0.024
11975.256003999999,0.039
11975.454004,0.026000000000000002
11975.652154,0.055
11975.850154,0.043000000000000003
11976.048203999999,0.063
11976.246904,0.017
11976.444003999999,0.02
11976.642154,0.032
11976.840154,0.02
11977.038254,0.048
11977.236254,0.051000000000000004
11977.434254,0.026000000000000002
11977.632004,0.053
11977.830154,0.046
11978.029053999999,0.043000000000000003
11978.226254,0.067
11978.424304,0.049
11978.622204,0.013000000000000001
11978.820204,0.029
11979.018454,0.032
11979.216304,0.05
11979.414904,0.033
11979.612454,0.029
11979.810204,0.037
11980.008453999999,0.054
11980.206454,0.035
11980.404304,0.011
11980.602454,0.028
11980.800254,0.037
11980.998453999999,0.08600000000000001
11981.196453999999,0.021
11981.394454,0.02
11981.592454,0.064
11981.790454,0.034
11981.988503999999,0.019
11982.186504,0.054
11982.384504,0.03
11982.583154,0.037
11982.780504,0.05
11983.175754,0.009000000000000001
11983.373754,0.02
11983.571804,0.03
11983.769804,0.019
11983.967754,0.054
11984.165754,0.034
11984.363754,0.025
11984.561803999999,0.054
11984.760004,0.055
11984.957804,0.035
11985.156003999999,0.08700000000000001
11985.353804,0.018000000000000002
11985.551803999999,0.043000000000000003
11985.750054,0.033
11985.947804,0.042
11986.146053999999,0.052000000000000005
11986.343804,0.056
11986.541803999999,0.035
11986.740054,0.075
11986.938054,0.008
11987.136053999999,0.044
11987.334053999999,0.048
11987.531853999999,0.036000000000000004
11987.730054,0.016
11987.928054,0.034
11988.126054,0.048
11988.324053999999,0.021
11988.521853999999,0.05
11988.720104,0.048
11988.918104,0.084
11989.116253999999,0.034
11989.314104,0.049
11989.512104,0.011
11989.710104,0.079
11989.908104,0.016
11990.106254,0.006
11990.304103999999,0.039
11990.502104,0.03
11990.700304,0.06
11990.898153999999,0.018000000000000002
11991.096303999999,0.064
11991.294304,0.034
11991.492154,0.037
11991.690304,0.083
11991.888104,0.078
11992.086303999999,0.036000000000000004
11992.284303999999,0.031
11992.482304,0.025
11992.680354,0.021
11992.878353999999,0.033
11993.076304,0.019
11993.274953999999,0.023
11993.472303999999,0.008
11993.670354,0.02
11993.868354,0.011
11994.066353999999,0.019
11994.264353999999,0.07200000000000001
11994.462354,0.036000000000000004
11994.660504,0.036000000000000004
11994.858354,0.116
11995.057203999999,0.014
11995.254353999999,0.044
11995.452354,0.055
11995.650504,0.041
11995.848603999999,0.012
11996.046604,0.082
11996.244604,0.047
11996.443204,0.017
11996.640554,0.02
11996.838554,0.082
11997.036603999999,0.057
11997.234604,0.018000000000000002
11997.432404,0.03
11997.630554,0.01
11997.828554,0.021
11998.026654,0.041
11998.224654,0.08600000000000001
11998.422654,0.038
11998.620554,0.062
11998.818554,0.035
11999.016803999999,0.026000000000000002
11999.214654,0.034
11999.412804,0.021
11999.611254,0.059000000000000004
11999.808604,0.011
12000.006803999999,0.013000000000000001
12000.204854,0.036000000000000004
12000.402704,0.053
12000.600854,0.045
12000.798853999999,0.061
12000.996853999999,0.041
12001.194854,0.013000000000000001
12001.392854,0.069
12001.590854,0.023
12001.789004,0.045
12001.986853999999,0.008
12002.184854,0.009000000000000001
12002.383004,0.023
12002.580854,0.026000000000000002
12002.779654,0.024
12003.174154,0.029
12003.372153999999,0.033
12003.570154,0.046
12003.768154,0.066
12003.966354,0.033
12004.164154,0.043000000000000003
12004.362153999999,0.042
12004.560354,0.049
12004.758154,0.023
12004.956403999999,0.051000000000000004
12005.154154,0.012
12005.352154,0.017
12005.550404,0.012
12005.748404,0.032
12005.946204,0.037
12006.144403999999,0.017
12006.342203999999,0.022
12006.540203999999,0.021
12006.738404,0.022
12006.936453999999,0.02
12007.134454,0.04
12007.332204,0.013000000000000001
12007.530454,0.028
12007.728404,0.063
12007.926604,0.03
12008.124453999999,0.044
12008.322454,0.017
12008.520454,0.041
12008.718454,0.015
12008.916454,0.027
12009.114453999999,0.038
12009.312453999999,0.029
12009.510454,0.031
12009.708454,0.042
12009.906654,0.075
12010.104653999999,0.057
12010.302504,0.078
12010.500654,0.029
12010.698504,0.039
12010.896654,0.019
12011.094653999999,0.008
12011.292653999999,0.036000000000000004
12011.490654,0.029
12011.688654,0.068
12011.886504,0.023
12012.085353999999,0.029
12012.282704,0.019
12012.480704,0.062
12012.678704,0.01
12012.876704,0.007
12013.074703999999,0.031
12013.272703999999,0.063
12013.471504,0.054
12013.668704,0.027
12013.866954,0.027
12014.064753999999,0.018000000000000002
12014.262754,0.024
12014.460904,0.029
12014.658704,0.032
12014.856953999999,0.045
12015.054954,0.009000000000000001
12015.252754,0.035
12015.450754,0.006
12015.648904,0.015
12015.847004,0.033
12016.045004,0.062
12016.242753999999,0.059000000000000004
12016.440904,0.021
12016.639554,0.035
12016.837153999999,0.026000000000000002
12017.035004,0.035
12017.233004,0.068
12017.430903999999,0.027
12017.628954,0.005
12017.827153999999,0.083
12018.025004,0.018000000000000002
12018.223004,0.027
12018.420954,0.036000000000000004
12018.618954,0.013000000000000001
12018.817154,0.013000000000000001
12019.015153999999,0.006
12019.213054,0.063
12019.411154,0.0
12019.608954,0.018000000000000002
12019.807853999999,0.026000000000000002
12020.005204,0.024
12020.203054,0.109
12020.401204,0.084
12020.599204,0.03
12020.797004,0.06
12020.995203999999,0.07200000000000001
12021.193854,0.044
12021.391104,0.037
12021.589253999999,0.038
12021.787253999999,0.088
12021.985254,0.034
12022.183254,0.014
12022.381254,0.019
12022.776504,0.055
12023.172504,0.012
12023.370503999999,0.019
12023.568503999999,0.026000000000000002
12023.766504,0.089
12023.964504,0.06
12024.162553999999,0.061
12024.360553999999,0.025
12024.558554,0.033
12024.756554,0.02
12024.954754,0.027
12025.152554,0.032
12025.350553999999,0.051000000000000004
12025.548754,0.085
12025.746554,0.053
12025.944803999999,0.018000000000000002
12026.142603999999,0.074
12026.340603999999,0.006
12026.538804,0.07100000000000001
12026.736804,0.036000000000000004
12026.934803999999,0.041
12027.132803999999,0.044
12027.330603999999,0.045
12027.528804,0.089
12027.726804,0.042
12027.924853999999,0.061
12028.122854,0.022
12028.320854,0.046
12028.518854,0.023
12028.716854,0.054
12028.915704,0.006
12029.112853999999,0.051000000000000004
12029.310854,0.006
12029.508854,0.03
12029.706854,0.036000000000000004
12029.905053999999,0.062
12030.103054,0.075
12030.300854,0.043000000000000003
12030.499004,0.022
12030.696854,0.027
12030.895004,0.015
12031.093053999999,0.013000000000000001
12031.290904,0.069
12031.489054,0.034
12031.686904,0.022
12031.885054,0.05
12032.083703999999,0.044
12032.281054,0.033
12032.479054,0.029
12032.677054,0.026000000000000002
12032.875054,0.042
12033.073104,0.024
12033.271104,0.023
12033.469754,0.016
12033.667104,0.035
12033.865354,0.029
12034.063103999999,0.046
12034.261104,0.064
12034.459254,0.046
12034.657104,0.04
12034.855354,0.051000000000000004
12035.053103999999,0.07
12035.251154,0.061
12035.449254,0.038
12035.647304,0.031
12035.845354,0.044
12036.043354,0.08600000000000001
12036.241103999999,0.018000000000000002
12036.439253999999,0.024
12036.637904,0.085
12036.835353999999,0.049
12037.033404,0.047
12037.231154,0.07100000000000001
12037.429304,0.046
12037.627304,0.021
12037.825554,0.029
12038.023404,0.029
12038.221404,0.045
12038.419304,0.075
12038.617304,0.017
12038.815553999999,0.042
12039.013404,0.012
12039.211454,0.024
12039.409554,0.056
12039.607554,0.024
12039.806203999999,0.011
12040.003553999999,0.077
12040.201554,0.037
12040.399554,0.044
12040.597354,0.031
12040.795603999999,0.04
12040.993604,0.038
12041.192254,0.027
12041.389604,0.022
12041.587754,0.006
12041.785603999999,0.07100000000000001
12041.983604,0.014
12042.181754,0.04
12042.379604,0.044
12042.774854,0.045
12042.972854,0.006
12043.170903999999,0.017
12043.369104,0.016
12043.566904,0.012
12043.765104,0.026000000000000002
12043.962904,0.014
12044.160904,0.048
12044.358903999999,0.046
12044.556904,0.011
12044.755153999999,0.023
12044.953153999999,0.04
12045.150904,0.068
12045.349154,0.085
12045.547154,0.029
12045.745154,0.052000000000000005
12045.943204,0.035
12046.140953999999,0.029
12046.338953999999,0.028
12046.537154,0.031
12046.734954,0.027
12046.933154,0.041
12047.131204,0.014
12047.328953999999,0.028
12047.527204,0.006
12047.725354,0.013000000000000001
12047.923203999999,0.023
12048.121204,0.04
12048.319204,0.005
12048.517204,0.028
12048.715354,0.013000000000000001
12048.913354,0.011
12049.111203999999,0.035
12049.309404,0.037
12049.507254,0.047
12049.705253999999,0.06
12049.903403999999,0.031
12050.101254,0.02
12050.299254,0.04
12050.497254,0.034
12050.695404,0.017
12050.893403999999,0.019
12051.091403999999,0.038
12051.289454,0.056
12051.487454,0.018000000000000002
12051.685404,0.027
12051.883404,0.028
12052.081403999999,0.062
12052.279454,0.034
12052.477454,0.012
12052.675454,0.028
12052.873453999999,0.019
12053.071453999999,0.059000000000000004
12053.269604,0.052000000000000005
12053.467454,0.031
12053.666304,0.021
12053.863454,0.028
12054.061453999999,0.067
12054.259603999999,0.055
12054.457604,0.065
12054.655703999999,0.083
12054.853704,0.07200000000000001
12055.051504,0.053
12055.249654,0.029
12055.447654,0.027
12055.645504,0.013000000000000001
12055.843703999999,0.028
12056.041503999999,0.053
12056.239653999999,0.013000000000000001
12056.437654,0.021
12056.635903999999,0.012
12056.834404,0.083
12057.031754,0.059000000000000004
12057.229704,0.042
12057.427654,0.051000000000000004
12057.625903999999,0.041
12057.823754,0.054
12058.021754,0.048
12058.220554,0.068
12058.417704,0.013000000000000001
12058.615704,0.077
12058.813954,0.069
12059.011804,0.04
12059.209804,0.038
12059.407704,0.051000000000000004
12059.605953999999,0.03
12059.803953999999,0.013000000000000001
12060.002604,0.026000000000000002
12060.199954,0.054
12060.397954,0.074
12060.595954,0.076
12060.794004,0.075
12060.991954,0.053
12061.189954,0.092
12061.388604,0.023
12061.585954,0.044
12061.784004,0.038
12062.179253999999,0.047
12062.575254,0.009000000000000001
12062.773254,0.08600000000000001
12062.971254,0.06
12063.169253999999,0.014
12063.367304,0.034
12063.565304,0.012
12063.763503999999,0.02
12063.961254,0.07100000000000001
12064.159254,0.017
12064.357504,0.03
12064.555304,0.063
12064.753304,0.033
12064.951304,0.029
12065.149303999999,0.046
12065.347303999999,0.01
12065.545554,0.022
12065.743553999999,0.061
12065.941553999999,0.053
12066.139304,0.053
12066.337504,0.036000000000000004
12066.535554,0.055
12066.733553999999,0.096
12066.931553999999,0.068
12067.129353999999,0.04
12067.327554,0.014
12067.525554,0.036000000000000004
12067.723704,0.019
12067.921553999999,0.029
12068.119553999999,0.009000000000000001
12068.317353999999,0.026000000000000002
12068.515554,0.019
12068.713754,0.017
12068.911603999999,0.017
12069.109604,0.017
12069.307754,0.021
12069.505604,0.016
12069.703754,0.064
12069.901753999999,0.034
12070.099603999999,0.061
12070.297754,0.11
12070.495604,0.053
12070.693803999999,0.018000000000000002
12070.891803999999,0.058
12071.089654,0.025
12071.287804,0.008
12071.485804,0.038
12071.683804,0.044
12071.881803999999,0.024
12072.079803999999,0.022
12072.277804,0.028
12072.475854,0.096
12072.673853999999,0.023
12072.871853999999,0.019
12073.069803999999,0.032
12073.267953999999,0.011
12073.465804,0.033
12073.664703999999,0.041
12073.861853999999,0.03
12074.060003999999,0.009000000000000001
12074.258103999999,0.012
12074.455854,0.019
12074.654104,0.016
12074.851853999999,0.017
12075.049853999999,0.019
12075.248004,0.051000000000000004
12075.446004,0.026000000000000002
12075.644103999999,0.028
12075.842104,0.046
12076.039904,0.013000000000000001
12076.238054,0.055
12076.436054,0.04
12076.634103999999,0.033
12076.832754,0.021
12077.030254,0.048
12077.228054,0.082
12077.426054,0.101
12077.624254,0.079
12077.822154,0.07100000000000001
12078.020304,0.082
12078.218703999999,0.202
12078.416104,0.067
12078.614303999999,0.12
12078.812304,0.031
12079.010304,0.056
12079.208304,0.009000000000000001
12079.406104,0.077
12079.604303999999,0.114
12079.802303999999,0.056
12080.000954,0.037
12080.198354,0.082
12080.396104,0.033
12080.594353999999,0.032
12080.792354,0.031
12080.990504,0.046
12081.188354,0.093
12081.387004,0.034
12081.584353999999,0.05
12081.782353999999,0.015
12082.177854,0.029
12082.573654,0.11900000000000001
12082.771654,0.028
12082.969653999999,0.016
12083.167854,0.044
12083.365654,0.054
12083.563654,0.052000000000000005
12083.761654,0.077
12083.959654,0.009000000000000001
12084.157854,0.022
12084.355854,0.065
12084.553654,0.017
12084.751903999999,0.049
12084.949703999999,0.051000000000000004
12085.147904,0.016
12085.345904,0.052000000000000005
12085.543654,0.074
12085.741903999999,0.045
12085.939704,0.029
12086.137904,0.013000000000000001
12086.335904,0.061
12086.534104,0.033
12086.731953999999,0.075
12086.929954,0.098
12087.127954,0.106
12087.325954,0.056
12087.523954,0.039
12087.721953999999,0.068
12087.919953999999,0.105
12088.118104,0.07
12088.315954,0.043000000000000003
12088.514153999999,0.061
12088.712153999999,0.056
12088.909953999999,0.06
12089.108753999999,0.069
12089.305954,0.04
12089.504154,0.074
12089.702153999999,0.04
12089.900004,0.057
12090.098154,0.056
12090.296154,0.057
12090.494004,0.016
12090.692154,0.06
12090.890153999999,0.015
12091.088154,0.064
12091.286154,0.054
12091.484154,0.066
12091.682203999999,0.056
12091.880204,0.01
12092.078354,0.01
12092.276204,0.044
12092.474454,0.015
12092.672203999999,0.012
12092.870203999999,0.028
12093.068353999999,0.032
12093.266204,0.042
12093.464204,0.022
12093.662854,0.066
12093.860254,0.052000000000000005
12094.058254,0.017
12094.256404,0.069
12094.454453999999,0.011
12094.652454,0.034
12094.850253999999,0.054
12095.048353999999,0.067
12095.246404,0.08
12095.444504,0.033
12095.642504,0.006
12095.840504,0.022
12096.038403999999,0.042
12096.236404,0.049
12096.434404,0.066
12096.632504,0.035
12096.831154,0.043000000000000003
12097.028403999999,0.04
12097.226404,0.042
12097.424653999999,0.04
12097.622653999999,0.027
12097.820554,0.006
12098.018704,0.019
12098.217053999999,0.025
12098.414654,0.032
12098.612653999999,0.068
12098.810554,0.018000000000000002
12099.008704,0.032
12099.206454,0.045
12099.404454,0.027
12099.602703999999,0.009000000000000001
12099.800704,0.014
12099.999354,0.026000000000000002
12100.196704,0.059000000000000004
12100.394704,0.05
12100.592703999999,0.02
12100.790704,0.04
12100.988754,0.01
12101.186754,0.031
12101.385553999999,0.077
12101.582754,0.021
12101.780754,0.038
12102.176003999999,0.039
12102.374004,0.089
12102.572004,0.028
12102.770004,0.035
12102.968004,0.018000000000000002
12103.166254,0.042
12103.364004,0.056
12103.562253999999,0.02
12103.760054,0.02
12103.958053999999,0.035
12104.156254,0.045
12104.354054,0.049
12104.552303999999,0.023
12104.750054,0.07
12104.948053999999,0.047
12105.146254,0.014
12105.344254,0.055
12105.542054,0.035
12105.740303999999,0.01
12105.938103999999,0.05
12106.136304,0.019
12106.334304,0.055
12106.532304,0.039
12106.730303999999,0.038
12106.928304,0.013000000000000001
12107.126304,0.032
12107.324304,0.006
12107.523153999999,0.017
12107.720354,0.017
12107.918354,0.049
12108.116354,0.031
12108.314354,0.021
12108.512504,0.025
12108.710503999999,0.006
12108.908354,0.012
12109.106504,0.033
12109.304354,0.043000000000000003
12109.502504,0.029
12109.700554,0.052000000000000005
12109.898404,0.049
12110.096554,0.03
12110.294354,0.07100000000000001
12110.492504,0.042
12110.691203999999,0.05
12110.888554,0.043000000000000003
12111.086554,0.057
12111.284554,0.054
12111.482404,0.039
12111.680553999999,0.031
12111.878553999999,0.013000000000000001
12112.076554,0.018000000000000002
12112.274554,0.055
12112.472803999999,0.014
12112.670554,0.016
12112.868604,0.045
12113.066703999999,0.031
12113.264604,0.028
12113.462854,0.051000000000000004
12113.660603999999,0.088
12113.859204,0.019
12114.056754,0.019
12114.254604,0.027
12114.452604,0.047
12114.650854,0.048
12114.848603999999,0.048
12115.046753999999,0.078
12115.245404,0.013000000000000001
12115.442853999999,0.058
12115.640854,0.078
12115.838603999999,0.013000000000000001
12116.036753999999,0.148
12116.234754,0.051000000000000004
12116.433003999999,0.076
12116.630904,0.089
12116.828904,0.041
12117.027454,0.058
12117.224804,0.021
12117.423053999999,0.026000000000000002
12117.620904,0.049
12117.818904,0.054
12118.016803999999,0.044
12118.214804,0.029
12118.413703999999,0.017
12118.611053999999,0.028
12118.808954,0.034
12119.007054,0.034
12119.204854,0.042
12119.403103999999,0.05
12119.601053999999,0.037
12119.798904,0.023
12119.997054,0.015
12120.195054,0.017
12120.393103999999,0.027
12120.591104,0.01
12120.789104,0.039
12120.987104,0.06
12121.185104,0.098
12121.383103999999,0.026000000000000002
12121.581753999999,0.021
12121.976404,0.023
12122.174404,0.04
12122.372404,0.018000000000000002
12122.570354,0.049
12122.768354,0.051000000000000004
12122.966403999999,0.059000000000000004
12123.164404,0.032
12123.362404,0.02
12123.560404,0.024
12123.758404,0.044
12123.956403999999,0.016
12124.154654,0.054
12124.352404,0.005
12124.550653999999,0.024
12124.748404,0.007
12124.946404,0.024
12125.144654,0.07100000000000001
12125.342454,0.012
12125.540654,0.05
12125.738454,0.062
12125.936453999999,0.054
12126.134654,0.005
12126.332654,0.054
12126.530654,0.031
12126.728704,0.038
12126.926453999999,0.056
12127.124704,0.066
12127.322704,0.06
12127.520703999999,0.001
12127.718703999999,0.07200000000000001
12127.916704,0.044
12128.114704,0.034
12128.312704,0.028
12128.510854,0.05
12128.708703999999,0.003
12128.906754,0.074
12129.104704,0.049
12129.302754,0.097
12129.500903999999,0.032
12129.698903999999,0.01
12129.896904,0.039
12130.094904,0.022
12130.292904,0.015
12130.490904,0.026000000000000002
12130.688903999999,0.017
12130.887553999999,0.044
12131.084954,0.028
12131.282803999999,0.056
12131.480953999999,0.026000000000000002
12131.678904,0.044
12131.876903999999,0.029
12132.074954,0.031
12132.273604,0.023
12132.470954,0.018000000000000002
12132.668953999999,0.026000000000000002
12132.866954,0.04
12133.064954,0.078
12133.263203999999,0.062
12133.461204,0.037
12133.658953999999,0.021
12133.857103999999,0.026000000000000002
12134.055753999999,0.068
12134.253004,0.029
12134.451203999999,0.042
12134.649003999999,0.008
12134.847004,0.03
12135.045154,0.024
12135.243154,0.033
12135.441853999999,0.053
12135.639204,0.042
12135.837153999999,0.017
12136.035154,0.038
12136.233403999999,0.057
12136.431254,0.013000000000000001
12136.629254,0.017
12136.827404,0.026000000000000002
12137.025204,0.02
12137.223204,0.046
12137.421403999999,0.056
12137.619254,0.01
12137.817404,0.029
12138.015204,0.05
12138.213404,0.012
12138.411454,0.004
12138.609903999999,0.047
12138.807454,0.035
12139.005454,0.013000000000000001
12139.203453999999,0.027
12139.401453999999,0.048
12139.599454,0.035
12139.797454,0.012
12139.995454,0.028
12140.193254,0.009000000000000001
12140.391453999999,0.016
12140.589504,0.011
12140.787504,0.075
12140.985454,0.029
12141.183604,0.014
12141.381454,0.014
12141.776753999999,0.047
12141.974753999999,0.03
12142.172754,0.052000000000000005
12142.370754,0.084
12142.568754,0.063
12142.766754,0.054
12142.965004,0.065
12143.162804,0.048
12143.360804,0.015
12143.558804,0.038
12143.756754,0.035
12143.954754,0.007
12144.152804,0.059000000000000004
12144.351004,0.023
12144.549003999999,0.014
12144.746804,0.003
12144.945004,0.02
12145.143054,0.061
12145.341053999999,0.025
12145.539053999999,0.024
12145.736804,0.026000000000000002
12145.935054,0.009000000000000001
12146.133054,0.028
12146.330854,0.034
12146.529053999999,0.038
12146.727053999999,0.028
12146.924853999999,0.032
12147.123054,0.028
12147.321253999999,0.044
12147.519054,0.027
12147.717053999999,0.025
12147.915054,0.051000000000000004
12148.113054,0.029
12148.311254,0.02
12148.509253999999,0.027
12148.707104,0.08
12148.905254,0.063
12149.103104,0.035
12149.301104,0.062
12149.499254,0.019
12149.697103999999,0.02
12149.895104,0.007
12150.093104,0.042
12150.291304,0.024
12150.489303999999,0.03
12150.687304,0.042
12150.885304,0.05
12151.083904,0.055
12151.281304,0.037
12151.479303999999,0.051000000000000004
12151.677303999999,0.053
12151.875304,0.038
12152.073304,0.049
12152.271553999999,0.05
12152.469954,0.005
12152.667354,0.004
12152.865354,0.034
12153.063304,0.058
12153.261553999999,0.052000000000000005
12153.459353999999,0.013000000000000001
12153.657353999999,0.043000000000000003
12153.855504,0.078
12154.053504,0.037
12154.251604,0.036000000000000004
12154.449604,0.055
12154.647353999999,0.025
12154.845503999999,0.08
12155.043504,0.029
12155.241603999999,0.096
12155.439604,0.013000000000000001
12155.638254,0.083
12155.835404,0.04
12156.033554,0.05
12156.231753999999,0.059000000000000004
12156.429654,0.037
12156.627604,0.07
12156.825554,0.029
12157.023554,0.042
12157.221754,0.009000000000000001
12157.419654,0.077
12157.617654,0.027
12157.815804,0.042
12158.013604,0.023
12158.211803999999,0.026000000000000002
12158.409803999999,0.061
12158.607654,0.037
12158.806304,0.049
12159.003604,0.015
12159.201804,0.036000000000000004
12159.399803999999,0.021
12159.597854,0.08
12159.795854,0.058
12159.993854,0.015
12160.192454,0.051000000000000004
12160.389854,0.027
12160.587854,0.033
12160.785854,0.04
12161.181104,0.03
12161.577104,0.006
12161.775104,0.036000000000000004
12161.973103999999,0.02
12162.171354,0.039
12162.369154,0.022
12162.567154,0.011
12162.765153999999,0.025
12162.963354,0.035
12163.161403999999,0.017
12163.359403999999,0.053
12163.557154,0.048
12163.755153999999,0.02
12163.953354,0.034
12164.151404,0.017
12164.349403999999,0.003
12164.547203999999,0.049
12164.745203999999,0.006
12164.943404,0.037
12165.141554,0.029
12165.339404,0.053
12165.537403999999,0.008
12165.735203999999,0.02
12165.933404,0.044
12166.131604,0.018000000000000002
12166.329453999999,0.01
12166.527454,0.023
12166.725204,0.024
12166.923454,0.034
12167.121604,0.009000000000000001
12167.319604,0.044
12167.517453999999,0.009000000000000001
12167.715454,0.032
12167.913454,0.014
12168.111654,0.012
12168.309653999999,0.019
12168.507504,0.003
12168.705453999999,0.07
12168.903654,0.041
12169.101454,0.037
12169.300304,0.046
12169.497653999999,0.039
12169.695504,0.01
12169.893654,0.003
12170.091654,0.036000000000000004
12170.289654,0.036000000000000004
12170.487653999999,0.019
12170.685653999999,0.032
12170.883654,0.035
12171.082553999999,0.027
12171.279703999999,0.062
12171.477703999999,0.046
12171.675704,0.035
12171.873704,0.04
12172.071954,0.028
12172.269704,0.014
12172.468353999999,0.073
12172.665704,0.041
12172.863854,0.029
12173.061953999999,0.03
12173.259954,0.028
12173.457754,0.019
12173.655754,0.038
12173.853904,0.013000000000000001
12174.051953999999,0.064
12174.249953999999,0.01
12174.447954,0.018000000000000002
12174.645854,0.036000000000000004
12174.843904,0.045
12175.042104,0.075
12175.240004,0.061
12175.438004,0.033
12175.636403999999,0.01
12175.833904,0.021
12176.032153999999,0.014
12176.230004,0.065
12176.428004,0.03
12176.626154,0.021
12176.823903999999,0.025
12177.022154,0.05
12177.220153999999,0.025
12177.418054,0.036000000000000004
12177.616204,0.006
12177.813954,0.033
12178.012203999999,0.031
12178.210154,0.006
12178.408153999999,0.003
12178.606054,0.021
12178.804854,0.025
12179.002204,0.007
12179.200203999999,0.05
12179.398204,0.037
12179.596204,0.046
12179.794204,0.031
12179.992204,0.04
12180.190853999999,0.012
12180.388203999999,0.037
12180.586354,0.063
12180.784254,0.046
12181.179454,0.066
12181.575503999999,0.012
12181.773503999999,0.033
12181.971504,0.046
12182.169753999999,0.032
12182.367504,0.066
12182.565504,0.084
12182.763754,0.002
12182.961503999999,0.019
12183.159754,0.078
12183.357554,0.032
12183.555553999999,0.041
12183.753754,0.025
12183.951754,0.044
12184.149803999999,0.022
12184.347803999999,0.032
12184.545554,0.01
12184.743754,0.041
12184.941754,0.043000000000000003
12185.139803999999,0.015
12185.337803999999,0.034
12185.535603999999,0.024
12185.733804,0.027
12185.931804,0.04
12186.129954,0.039
12186.327803999999,0.036000000000000004
12186.525803999999,0.031
12186.723804,0.07200000000000001
12186.921804,0.038
12187.120004,0.026000000000000002
12187.317853999999,0.021
12187.515854,0.045
12187.714004,0.027
12187.911854,0.033
12188.110004,0.01
12188.308003999999,0.009000000000000001
12188.505853999999,0.054
12188.704004,0.035
12188.901854,0.039
12189.100004,0.012
12189.298703999999,0.02
12189.495904,0.022
12189.694054,0.034
12189.892054,0.005
12190.090054,0.028
12190.288053999999,0.019
12190.486053999999,0.041
12190.683904,0.075
12190.882054,0.019
12191.080704,0.036000000000000004
12191.278054,0.061
12191.476053999999,0.025
12191.674203999999,0.017
12191.872054,0.023
12192.070303999999,0.042
12192.268054,0.019
12192.466754,0.042
12192.664203999999,0.01
12192.862104,0.037
12193.060354,0.027
12193.258103999999,0.039
12193.456103999999,0.023
12193.654104,0.003
12193.852254,0.034
12194.050304,0.039
12194.248354,0.036000000000000004
12194.446103999999,0.036000000000000004
12194.644253999999,0.027
12194.842254,0.024
12195.040353999999,0.056
12195.238354,0.02
12195.436354,0.021
12195.634903999999,0.061
12195.832304,0.021
12196.030504,0.02
12196.228404,0.009000000000000001
12196.426404,0.04
12196.624204,0.026000000000000002
12196.822304,0.047
12197.020553999999,0.054
12197.218554,0.027
12197.416404,0.024
12197.614554,0.041
12197.812304,0.025
12198.010553999999,0.048
12198.208553999999,0.037
12198.406454,0.004
12198.604554,0.02
12198.803204,0.035
12199.000603999999,0.062
12199.198604,0.025
12199.396604,0.01
12199.594554,0.008
12199.792604,0.005
12199.990603999999,0.012
12200.189253999999,0.019
12200.386604,0.065
12200.584604,0.042
12200.782604,0.064
12201.177854,0.045
12201.375903999999,0.025
12201.573903999999,0.031
12201.771904,0.019
12201.969904,0.041
12202.167904,0.013000000000000001
12202.365904,0.083
12202.563903999999,0.035
12202.761903999999,0.009000000000000001
12202.959904,0.038
12203.158153999999,0.038
12203.355904,0.027
12203.553904,0.021
12203.752154,0.036000000000000004
12203.949904,0.031
12204.148153999999,0.038
12204.345904,0.048
12204.543953999999,0.03
12204.742154,0.034
12204.940154,0.039
12205.138154,0.031
12205.336204,0.023
12205.533953999999,0.068
12205.732204,0.058
12205.930204,0.043000000000000003
12206.128154,0.017
12206.326203999999,0.023
12206.524204,0.025
12206.722204,0.03
12206.920204,0.058
12207.118354,0.014
12207.316203999999,0.054
12207.514204,0.053
12207.712204,0.017
12207.910204,0.013000000000000001
12208.109004,0.025
12208.306203999999,0.024
12208.504254,0.04
12208.702404,0.056
12208.900254,0.024
12209.098404,0.011
12209.296403999999,0.044
12209.494254,0.047
12209.692404,0.014
12209.890254,0.015
12210.088404,0.04
12210.286403999999,0.04
12210.484454,0.043000000000000003
12210.682454,0.024
12210.880454,0.026000000000000002
12211.078453999999,0.07200000000000001
12211.276453999999,0.037
12211.474454,0.021
12211.672454,0.036000000000000004
12211.870454,0.007
12212.068454,0.006
12212.266453999999,0.022
12212.464453999999,0.033
12212.663254,0.042
12212.860454,0.021
12213.058704,0.024
12213.256454,0.016
12213.454453999999,0.044
12213.652603999999,0.055
12213.850504,0.054
12214.048703999999,0.032
12214.246754,0.052000000000000005
12214.444504,0.046
12214.642654,0.04
12214.840654,0.028
12215.038754,0.07200000000000001
12215.236703999999,0.018000000000000002
12215.434503999999,0.033
12215.632654,0.04
12215.831304,0.066
12216.028903999999,0.008
12216.226754,0.066
12216.424754,0.05
12216.622754,0.073
12216.820904,0.037
12217.018903999999,0.019
12217.217403999999,0.061
12217.414804,0.036000000000000004
12217.612704,0.095
12217.810904,0.094
12218.008953999999,0.055
12218.206954,0.088
12218.404954,0.038
12218.602954,0.011
12218.800704,0.016
12218.999603999999,0.041
12219.196954,0.006
12219.394804,0.02
12219.592954,0.032
12219.790954,0.037
12219.989004,0.016
12220.187004,0.03
12220.385604,0.085
12220.780254,0.076
12221.176254,0.058
12221.374254,0.016
12221.572504,0.014
12221.770254,0.016
12221.968254,0.051000000000000004
12222.166254,0.049
12222.364254,0.03
12222.562504,0.007
12222.760304,0.027
12222.958304,0.032
12223.156304,0.035
12223.354303999999,0.02
12223.552504,0.035
12223.750504,0.039
12223.948504,0.055
12224.146504,0.037
12224.344304,0.005
12224.542554,0.009000000000000001
12224.740554,0.013000000000000001
12224.938304,0.018000000000000002
12225.136553999999,0.015
12225.334554,0.011
12225.532304,0.006
12225.730554,0.034
12225.928704,0.046
12226.126553999999,0.056
12226.324553999999,0.012
12226.522554,0.01
12226.720604,0.032
12226.918754,0.037
12227.116753999999,0.027
12227.314604,0.018000000000000002
12227.512754,0.021
12227.710604,0.029
12227.908604,0.02
12228.107404,0.042
12228.304603999999,0.025
12228.502604,0.009000000000000001
12228.700604,0.033
12228.898754,0.021
12229.096754,0.013000000000000001
12229.294753999999,0.039
12229.493454,0.023
12229.690804,0.037
12229.888804,0.029
12230.086803999999,0.019
12230.284803999999,0.013000000000000001
12230.482804,0.032
12230.680804,0.052000000000000005
12230.879053999999,0.03
12231.076804,0.045
12231.274803999999,0.016
12231.472953999999,0.022
12231.670854,0.006
12231.869053999999,0.024
12232.066853999999,0.057
12232.264854,0.047
12232.463004,0.037
12232.661454,0.023
12232.859053999999,0.028
12233.057053999999,0.021
12233.254853999999,0.054
12233.453003999999,0.043000000000000003
12233.651004,0.033
12233.848903999999,0.05
12234.047104,0.039
12234.244853999999,0.051000000000000004
12234.442853999999,0.031
12234.641004,0.026000000000000002
12234.839253999999,0.037
12235.037103999999,0.018000000000000002
12235.235104,0.058
12235.433054,0.048
12235.631054,0.048
12235.829953999999,0.058
12236.027154,0.02
12236.225154,0.032
12236.423053999999,0.031
12236.621054,0.017
12236.819254,0.024
12237.017303999999,0.07100000000000001
12237.215804,0.014
12237.413304,0.008
12237.611104,0.042
12237.809304,0.039
12238.007303999999,0.054
12238.205154,0.027
12238.403304,0.026000000000000002
12238.601304,0.01
12238.799304,0.045
12238.997953999999,0.044
12239.195354,0.043000000000000003
12239.393354,0.018000000000000002
12239.591354,0.046
12239.789104,0.095
12239.987353999999,0.07100000000000001
12240.185354,0.09
12240.384004,0.02
12240.778654,0.061
12240.976604,0.059000000000000004
12241.174604,0.031
12241.372604,0.065
12241.570654,0.021
12241.768654,0.003
12241.966654,0.016
12242.164654,0.043000000000000003
12242.362653999999,0.016
12242.560904,0.048
12242.758654,0.036000000000000004
12242.956903999999,0.006
12243.154654,0.019
12243.352654,0.019
12243.550904,0.042
12243.748704,0.039
12243.946903999999,0.023
12244.144903999999,0.036000000000000004
12244.342703999999,0.028
12244.540904,0.032
12244.738904,0.05
12244.936904,0.02
12245.134903999999,0.023
12245.332703999999,0.021
12245.530904,0.034
12245.728954,0.022
12245.927104,0.028
12246.124953999999,0.037
12246.322954,0.056
12246.520703999999,0.015
12246.718954,0.018000000000000002
12246.917104,0.044
12247.114953999999,0.022
12247.312953999999,0.033
12247.510954,0.045
12247.708954,0.026000000000000002
12247.907153999999,0.027
12248.105153999999,0.018000000000000002
12248.303004,0.05
12248.501154,0.036000000000000004
12248.698954,0.057
12248.897154,0.079
12249.095153999999,0.061
12249.293004,0.018000000000000002
12249.491154,0.019
12249.689804,0.039
12249.887203999999,0.03
12250.085154,0.015
12250.283153999999,0.026000000000000002
12250.481154,0.028
12250.679204,0.079
12250.877204,0.09
12251.075203999999,0.056
12251.273204,0.039
12251.471204,0.031
12251.669204,0.021
12251.867454,0.026000000000000002
12252.065203999999,0.075
12252.263203999999,0.091
12252.461354,0.022
12252.659204,0.006
12252.858103999999,0.024
12253.055253999999,0.011
12253.253254,0.052000000000000005
12253.451404,0.028
12253.649404,0.029
12253.847453999999,0.007
12254.045454,0.025
12254.243903999999,0.028
12254.441504,0.027
12254.639404,0.038
12254.837504,0.017
12255.035504,0.016
12255.233304,0.058
12255.431454,0.065
12255.629454,0.026000000000000002
12255.827653999999,0.002
12256.026154,0.011
12256.223504,0.017
12256.421454,0.04
12256.619454,0.08600000000000001
12256.817653999999,0.07
12257.015554,0.019
12257.213554,0.029
12257.412304,0.021
12257.609454,0.051000000000000004
12257.807703999999,0.001
12258.005704,0.014
12258.203554,0.038
12258.401704,0.024
12258.599704,0.03
12258.797703999999,0.041
12258.995703999999,0.044
12259.193854,0.04
12259.391704,0.017
12259.589704,0.022
12259.787704,0.06
12259.985703999999,0.041
12260.183754,0.032
12260.579004,0.021
12260.975004,0.013000000000000001
12261.173004,0.052000000000000005
12261.371003999999,0.023
12261.569003999999,0.014
12261.767254,0.031
12261.965054,0.023
12262.163004,0.02
12262.361254,0.019
12262.559003999999,0.011
12262.757054,0.023
12262.955253999999,0.036000000000000004
12263.153054,0.029
12263.351053999999,0.02
12263.549254,0.007
12263.747054,0.035
12263.945303999999,0.025
12264.143054,0.035
12264.341053999999,0.022
12264.539304,0.022
12264.737454,0.044
12264.935303999999,0.036000000000000004
12265.133303999999,0.026000000000000002
12265.331304,0.031
12265.529304,0.044
12265.727304,0.01
12265.925304,0.007
12266.123303999999,0.03
12266.321103999999,0.057
12266.519304,0.056
12266.717504,0.034
12266.915503999999,0.017
12267.113354,0.02
12267.311504,0.08
12267.509354,0.033
12267.707504,0.022
12267.905504,0.012
12268.103353999999,0.042
12268.301504,0.009000000000000001
12268.499504,0.054
12268.697354,0.031
12268.895553999999,0.045
12269.093554,0.038
12269.291404,0.026000000000000002
12269.489554,0.021
12269.688204,0.026000000000000002
12269.885553999999,0.05
12270.083553999999,0.051000000000000004
12270.281703999999,0.022
12270.479554,0.038
12270.677803999999,0.025
12270.875603999999,0.027
12271.073604,0.039
12271.271754,0.03
12271.469554,0.03
12271.667554,0.019
12271.865603999999,0.027
12272.063603999999,0.047
12272.261604,0.032
12272.459754,0.016
12272.657854,0.018000000000000002
12272.856504,0.029
12273.053603999999,0.034
12273.251753999999,0.028
12273.449754,0.027
12273.647853999999,0.009000000000000001
12273.845854,0.041
12274.043854,0.033
12274.242403999999,0.033
12274.439804,0.028
12274.637804,0.011
12274.835904,0.031
12275.033854,0.024
12275.231654,0.032
12275.429804,0.069
12275.628004,0.016
12275.825904,0.022
12276.024554,0.026000000000000002
12276.222054,0.041
12276.419854,0.013000000000000001
12276.618053999999,0.043000000000000003
12276.816053999999,0.027
12277.013904,0.034
12277.212054,0.04
12277.410504,0.028
12277.607854,0.003
12277.806053999999,0.03
12278.004053999999,0.034
12278.201954,0.016
12278.400104,0.022
12278.598103999999,0.053
12278.796104,0.075
12278.994104,0.038
12279.192104,0.029
12279.390104,0.023
12279.588103999999,0.022
12279.786103999999,0.02
12280.181354,0.044
12280.577354,0.044
12280.775404,0.051000000000000004
12280.973404,0.037
12281.171403999999,0.02
12281.369404,0.021
12281.567404,0.02
12281.765653999999,0.038
12281.963404,0.061
12282.161403999999,0.059000000000000004
12282.359604,0.028
12282.557404,0.021
12282.755653999999,0.036000000000000004
12282.953453999999,0.03
12283.151453999999,0.035
12283.349654,0.043000000000000003
12283.547654,0.081
12283.745654,0.05
12283.943653999999,0.03
12284.141453999999,0.024
12284.339654,0.032
12284.537654,0.009000000000000001
12284.735703999999,0.015
12284.933704,0.028
12285.131454,0.045
12285.329704,0.035
12285.527704,0.035
12285.725854,0.022
12285.923703999999,0.03
12286.121704,0.019
12286.319704,0.056
12286.517704,0.02
12286.715903999999,0.021
12286.913754,0.036000000000000004
12287.111703999999,0.01
12287.309704,0.017
12287.507704,0.02
12287.705903999999,0.036000000000000004
12287.903903999999,0.023
12288.101754,0.01
12288.299904,0.013000000000000001
12288.497754,0.044
12288.695904,0.058
12288.893903999999,0.02
12289.091903999999,0.015
12289.289904,0.048
12289.487904,0.033
12289.685754,0.021
12289.883953999999,0.029
12290.081954,0.061
12290.279804,0.074
12290.477954,0.064
12290.675954,0.025
12290.873953999999,0.053
12291.071954,0.052000000000000005
12291.270104,0.031
12291.467954,0.031
12291.666204,0.006
12291.864004,0.03
12292.062004,0.014
12292.260154,0.015
12292.458004,0.024
12292.656203999999,0.025
12292.854854,0.018000000000000002
12293.052004,0.036000000000000004
12293.250103999999,0.021
12293.448154,0.003
12293.646254,0.007
12293.844254,0.015
12294.042003999999,0.022
12294.240804,0.019
12294.438154,0.038
12294.636254,0.029
12294.834254,0.039
12295.032254,0.016
12295.230153999999,0.034
12295.428204,0.015
12295.626403999999,0.017
12295.824304,0.015
12296.023054,0.022
12296.220204,0.062
12296.418204,0.037
12296.616404,0.006
12296.814403999999,0.05
12297.012404,0.017
12297.210454,0.023
12297.408854,0.046
12297.606453999999,0.028
12297.804454,0.029
12298.002454,0.045
12298.200454,0.048
12298.398254,0.005
12298.596453999999,0.011
12298.794453999999,0.027
12298.992604,0.021
12299.190504,0.004
12299.388503999999,0.012
12299.586503999999,0.018000000000000002
12299.784504,0.049
12300.179954,0.019
12300.377754,0.035
12300.575754,0.015
12300.773754,0.022
12300.971754,0.017
12301.169753999999,0.027
12301.367753999999,0.03
12301.566004,0.011
12301.763754,0.032
12301.961803999999,0.012
12302.160004,0.054
12302.358004,0.027
12302.555804,0.037
12302.754053999999,0.026000000000000002
12302.951804,0.036000000000000004
12303.150004,0.014
12303.348004,0.027
12303.545804,0.023
12303.744053999999,0.038
12303.941853999999,0.026000000000000002
12304.140054,0.014
12304.338054,0.038
12304.536054,0.015
12304.734053999999,0.011
12304.932053999999,0.039
12305.130054,0.019
12305.328054,0.056
12305.526054,0.027
12305.724103999999,0.032
12305.922104,0.024
12306.120254,0.032
12306.318104,0.03
12306.516254,0.011
12306.714903999999,0.002
12306.912103999999,0.014
12307.110254,0.058
12307.308104,0.019
12307.506104,0.048
12307.704303999999,0.025
12307.902304,0.027
12308.100304,0.011
12308.298304,0.029
12308.496304,0.02
12308.694303999999,0.016
12308.892303999999,0.011
12309.090304,0.018000000000000002
12309.288304,0.014
12309.486154,0.026000000000000002
12309.684304,0.012
12309.882953999999,0.054
12310.080453999999,0.038
12310.278304,0.025
12310.476553999999,0.016
12310.674304,0.036000000000000004
12310.872354,0.029
12311.070453999999,0.008
12311.269004,0.02
12311.466604,0.023
12311.664604,0.032
12311.862353999999,0.061
12312.060504,0.03
12312.258504,0.031
12312.456354,0.017
12312.654604,0.009000000000000001
12312.852353999999,0.019
12313.051153999999,0.044
12313.248504,0.036000000000000004
12313.446603999999,0.04
12313.644604,0.022
12313.842604,0.033
12314.040554,0.035
12314.238554,0.011
12314.437404,0.052000000000000005
12314.634654,0.037
12314.832654,0.005
12315.030553999999,0.031
12315.228554,0.048
12315.426803999999,0.025
12315.624804,0.029
12315.822654,0.049
12316.020804,0.039
12316.218554,0.031
12316.416803999999,0.046
12316.614803999999,0.026000000000000002
12316.812704,0.03
12317.010804,0.062
12317.208853999999,0.013000000000000001
12317.406853999999,0.035
12317.605453999999,0.011
12317.802854,0.017
12318.000804,0.016
12318.198854,0.009000000000000001
12318.396604,0.024
12318.594853999999,0.018000000000000002
12318.792854,0.024
12318.990854,0.009000000000000001
12319.188854,0.035
12319.387004,0.045
12319.584853999999,0.029
12319.980153999999,0.021
12320.178154,0.018000000000000002
12320.376154,0.046
12320.574154,0.03
12320.772154,0.057
12320.970153999999,0.074
12321.168354,0.05
12321.366154,0.01
12321.564403999999,0.089
12321.762154,0.039
12321.960154,0.10300000000000001
12322.158404,0.038
12322.356154,0.065
12322.554403999999,0.08700000000000001
12322.752154,0.045
12322.950203999999,0.05
12323.148404,0.031
12323.346404,0.018000000000000002
12323.544453999999,0.031
12323.742454,0.05
12323.940203999999,0.011
12324.138454,0.13
12324.336454,0.328
12324.534204,0.266
12324.732453999999,0.073
12324.930454,0.136
12325.128454,0.139
12325.326454,0.14300000000000002
12325.524604,0.362
12325.722453999999,0.125
12325.920454,0.183
12326.118454,0.252
12326.316454,0.135
12326.514653999999,0.302
12326.712653999999,0.217
12326.910504,0.385
12327.108654,0.373
12327.306504,0.298
12327.504654,0.117
12327.702653999999,0.14200000000000002
12327.900504,0.132
12328.098654,0.062
12328.296504,0.083
12328.494654,0.042
12328.692704,0.067
12328.890704,0.081
12329.089154,0.036000000000000004
12329.286704,0.039
12329.484703999999,0.091
12329.682703999999,0.033
12329.880704,0.088
12330.078704,0.047
12330.276704,0.043000000000000003
12330.474704,0.023
12330.672703999999,0.101
12330.870754,0.055
12331.068854,0.10200000000000001
12331.266704,0.146
12331.464954,0.094
12331.662753999999,0.046
12331.860754,0.106
12332.058853999999,0.069
12332.256904,0.154
12332.455004,0.128
12332.653004,0.12
12332.850754,0.16
12333.048904,0.063
12333.246904,0.158
12333.444754,0.271
12333.643004,0.107
12333.842454,0.08600000000000001
12334.038904,0.138
12334.236904,0.181
12334.435153999999,0.096
12334.633054,0.097
12334.831004,0.106
12335.028954,0.078
12335.226954,0.042
12335.425153999999,0.127
12335.623054,0.121
12335.821054,0.061
12336.019204,0.078
12336.216954,0.031
12336.415203999999,0.034
12336.613204,0.026000000000000002
12336.811054,0.171
12337.009204,0.214
12337.206954,0.106
12337.405203999999,0.085
12337.603204,0.13
12337.801104,0.054
12337.999204,0.047
12338.197253999999,0.075
12338.395203999999,0.096
12338.593254,0.07
12338.791254,0.139
12338.989254,0.067
12339.187253999999,0.053
12339.385253999999,0.081
12339.583254,0.098
12339.980153999999,0.043000000000000003
12340.176504,0.113
12340.374504,0.157
12340.572504,0.005
12340.770504,0.065
12340.968554,0.048
12341.166554,0.14
12341.364554,0.094
12341.562554,0.116
12341.760553999999,0.049
12341.958553999999,0.026000000000000002
12342.156754,0.017
12342.354554,0.062
12342.552803999999,0.152
12342.750554,0.017
12342.948604,0.10200000000000001
12343.146804,0.057
12343.344554,0.047
12343.542803999999,0.035
12343.740804,0.212
12343.938603999999,0.28400000000000003
12344.136804,0.28300000000000003
12344.334804,0.343
12344.532803999999,0.07
12344.730854,0.137
12344.928603999999,0.122
12345.126854,0.122
12345.324853999999,0.17300000000000001
12345.523003999999,0.166
12345.722303999999,0.148
12345.918854,0.14300000000000002
12346.116854,0.291
12346.314854,0.193
12346.513003999999,0.091
12346.710904,0.088
12346.908854,0.016
12347.106854,0.125
12347.304854,0.217
12347.503053999999,0.337
12347.701054,0.20700000000000002
12347.898904,0.053
12348.097054,0.333
12348.294904,0.3
12348.493053999999,0.17300000000000001
12348.691053999999,0.24
12348.888904,0.158
12349.087054,0.128
12349.284904,0.082
12349.483054,0.067
12349.681053999999,0.114
12349.879104,0.065
12350.077104,0.044
12350.275104,0.07
12350.473103999999,0.22
12350.671104,0.299
12350.869104,0.312
12351.067254,0.26
12351.265104,0.261
12351.463354,0.153
12351.661103999999,0.387
12351.860504,0.481
12352.057304,0.444
12352.255153999999,0.365
12352.453354,0.258
12352.651154,0.35100000000000003
12352.849154,0.56
12353.047254,0.5670000000000001
12353.245254,0.62
12353.443353999999,0.6950000000000001
12353.641404,0.846
12353.839154,0.5760000000000001
12354.037304,0.434
12354.235304,0.367
12354.433404,0.35000000000000003
12354.631404,0.342
12354.830154,0.435
12355.027304,0.43
12355.226904,0.4
12355.423553999999,0.447
12355.621404,0.515
12355.819453999999,0.594
12356.017354,0.704
12356.216204,0.8220000000000001
12356.413553999999,0.8240000000000001
12356.611454,0.887
12356.811303999999,0.677
12357.007554,0.47900000000000004
12357.205354,0.503
12357.405254,0.554
12357.601604,0.894
12357.799454,0.871
12357.997604,0.841
12358.195603999999,0.927
12358.393603999999,0.968
12358.592454,1.083
12358.789754,1.042
12358.987604,1.1440000000000001
12359.185653999999,1.088
12359.383654,1.123
12359.582504,1.293
12359.779654,1.293
12360.174904,1.171
12360.372904,1.066
12360.571054,0.989
12360.768903999999,0.904
12360.966903999999,0.863
12361.164904,0.842
12361.363153999999,0.771
12361.560904,0.561
12361.758953999999,0.52
12361.956954,0.606
12362.154954,0.584
12362.352954,0.62
12362.551204,0.765
12362.748953999999,1.169
12362.946954,1.25
12363.145154,1.359
12363.343154,1.5290000000000001
12363.541204,1.832
12363.738953999999,2.176
12363.937204,2.265
12364.135204,2.349
12364.333203999999,2.274
12364.531203999999,2.379
12364.729204,2.833
12364.927204,3.076
12365.125204,3.349
12365.323354,3.27
12365.521203999999,3.218
12365.719254,3.531
12365.917204,3.555
12366.115254,3.722
12366.314903999999,4.018
12366.511403999999,4.437
12366.709254,4.4
12366.909054,4.492
12367.105254,4.299
12367.303404,4.688
12367.501403999999,4.743
12367.699254,4.805
12367.897454,5.287
12368.095303999999,5.729
12368.293254,5.683
12368.491404,5.678
12368.689454,5.721
12368.887454,5.97
12369.085454,6.151
12369.283454,6.224
12369.481453999999,6.332
12369.679454,6.329
12369.877604,6.328
12370.075454,6.264
12370.273704,6.226
12370.471453999999,6.223
12370.669453999999,6.093
12370.869304,5.958
12371.065504,5.889
12371.265104,5.782
12371.461503999999,5.448
12371.659504,5.338
12371.857504,5.4590000000000005
12372.055654,5.468
12372.253754,5.447
12372.451754,5.336
12372.650303999999,5.215
12372.847654,4.849
12373.047004,4.889
12373.243754,4.993
12373.443353999999,5.046
12373.639554,5.1160000000000005
12373.837704,4.8260000000000005
12374.035704,5.001
12374.233654,5.234
12374.431754,5.0840000000000005
12374.629804,5.069
12374.827554,5.172
12375.025704,5.3340000000000005
12375.223954,5.501
12375.421804,5.363
12375.619804,5.11
12375.817954,5.065
12376.015704,5.043
12376.213953999999,5.184
12376.411954,5.348
12376.609854,5.432
12376.808804,5.172
12377.005754,5.149
12377.205654,5.107
12377.402004,5.133
12377.600004,4.902
12377.797853999999,4.866
12377.996003999999,4.929
12378.194003999999,5.2410000000000005
12378.392004,5.166
12378.590004,4.973
12378.986004,5.1000000000000005
12380.173353999999,5.28
12380.371304,5.34
12380.569254,5.561
12380.767303999999,5.758
12380.965504,5.884
12381.163304,6.18
12381.361554,6.26
12381.757303999999,6.469
12381.955554,6.591
12382.153304,6.862
12382.351553999999,6.695
12382.549304,6.803
12382.747303999999,6.9030000000000005
12382.945554,7.006
12383.143554,7.096
12383.341553999999,7.368
12383.539553999999,7.22
12383.737353999999,7.208
12383.935604,7.119
12384.134603999999,7.269
12384.331554,7.454
12384.529604,7.256
12384.727454,7.04
12384.925604,7.178
12385.123904,7.343
12385.321753999999,7.658
12385.519604,7.652
12385.717604,7.715
12385.915604,7.622
12386.113604,7.721
12386.311754,7.642
12386.511254,7.5520000000000005
12386.707654,7.492
12386.905804,7.4110000000000005
12387.103653999999,7.463
12387.301803999999,7.266
12387.500504,7.013
12387.697654,6.94
12389.677854,7.054
12389.875854,7.351
12390.073854,7.369
12390.271853999999,7.2010000000000005
12390.469853999999,6.639
12390.667854,6.478
12390.866004,6.218
12391.063854,6.1080000000000005
12391.262104,5.9590000000000005
12391.459853999999,5.847
12391.657854,5.738
12391.856004,5.662
12392.053904,5.526
12392.252553999999,5.354
12392.449904,5.314
12392.647904,4.995
12392.846054,4.82
12393.044054,4.469
12393.243854,4.4
12393.440104,4.255
12393.637904,4.087
12393.836054,3.844
12394.034054,3.938
12394.232304,3.991
12394.430154,4.099
12394.628154,4.022
12394.826104,3.968
12395.024303999999,3.989
12395.222303999999,3.75
12395.420154,3.186
12395.618154,3.201
12395.816104,3.656
12396.014304,3.852
12396.212354,4.114
12396.410354,4.551
12396.608204,4.941
12396.806354,5.297
12397.004353999999,5.331
12397.202354,6.003
12397.401204,6.469
12397.598253999999,6.5760000000000005
12397.796354,6.997
12397.994504,7.140000000000001
12398.192404,7.481
12398.390404,7.781000000000001
12398.590103999999,7.986
12398.786403999999,7.9590000000000005
12398.984553999999,8.058
12399.182353999999,8.212
12399.577653999999,8.35
12399.973654,8.868
12400.171654,8.891
12400.369654,9.084
12400.567653999999,9.075000000000001
12400.765653999999,9.048
12400.963704,9.145
12401.161903999999,8.99
12401.359703999999,8.948
12401.557703999999,9.101
12401.755704,9.238
12401.953904,9.204
12402.151904,9.264
12402.349903999999,9.241
12402.547703999999,9.283
12402.745904,9.311
12402.943954,9.47
12403.141953999999,9.579
12403.339954,9.694
12403.537704,9.89
12403.735703999999,9.89
12403.933954,9.912
12404.132104,9.934000000000001
12404.329953999999,9.953
12404.527954,9.874
12404.725954,10.025
12404.924003999999,9.957
12405.122153999999,10.035
12405.320004,9.963000000000001
12405.518004,9.964
12405.716154,9.839
12405.913954,9.943
12406.112153999999,9.897
12406.310153999999,9.857
12406.508004,9.711
12406.706004,9.674
12406.905553999999,9.715
12407.102154,9.549
12407.300153999999,9.513
12407.498004,9.531
12407.696154,9.649000000000001
12407.894204,9.565
12408.092203999999,9.543000000000001
12408.290203999999,9.676
12408.488204,9.732
12408.686204,9.576
12408.884204,9.383000000000001
12409.082204,9.47
12409.280203999999,9.216000000000001
12409.478204,9.254
12409.676204,9.147
12409.874204,9.102
12410.072903999999,9.177
12410.270254,9.23
12410.468254,9.135
12410.666404,8.93
12410.864254,8.967
12411.062854,8.844
12411.260253999999,8.737
12411.458254,8.812
12411.656404,8.547
12411.854404,8.661
12412.052504,9.013
12412.251854,9.077
12412.448253999999,8.982
12412.646254,8.712
12412.845354,8.697000000000001
12413.042504,8.851
12413.240504,9.008000000000001
12413.438504,9.016
12413.636454,9.136000000000001
12413.834454,9.33
12414.032704,9.476
12414.231854,9.475
12414.428554,9.561
12414.626454,9.64
12414.824454,9.205
12415.022703999999,9.441
12415.220704,9.597
12415.418554,9.645
12415.616554,9.663
12415.814504,9.626
12416.012754,9.493
12416.211754,9.702
12416.408554,9.795
12416.606704,9.641
12416.804504,9.52
12417.002703999999,9.632
12417.202404,9.821
12417.398754,10.073
12417.596754,10.290000000000001
12417.796403999999,10.11
12417.992753999999,10.183
12418.190754,10.295
12418.388754,10.374
12418.586604,10.319
12418.784754,10.401
12418.982903999999,10.359
12419.180804,10.383000000000001
12419.576003999999,10.522
12419.774003999999,10.237
12419.972054,10.402000000000001
12420.170054,10.384
12420.368053999999,10.322000000000001
12420.566053999999,10.418000000000001
12420.764304,10.355
12420.962054,10.371
12421.160303999999,10.375
12421.358054,10.371
12421.556053999999,10.207
12421.754254,9.795
12421.952054,9.971
12422.150303999999,10.296
12422.348103999999,10.125
12422.546104,10.269
12422.744304,10.083
12422.942304,10.049
12423.140303999999,9.992
12423.338303999999,10.088000000000001
12423.536103999999,10.163
12423.734304,10.061
12423.932353999999,9.946
12424.130353999999,9.692
12424.330304,9.649000000000001
12424.526103999999,9.852
12424.724354,9.893
12424.922354,9.655
12425.120503999999,9.208
12425.318353999999,8.922
12425.516354,9.055
12425.714354,9.076
12425.912354,9.06
12426.110553999999,9.156
12426.308754,8.892
12426.506404,8.878
12426.704554,8.919
12426.902354,8.718
12427.100553999999,8.534
12427.298553999999,8.468
12427.496404,8.381
12427.694554,8.171
12427.894054,8.072000000000001
12428.090603999999,7.945
12428.288553999999,7.978
12428.486554,8.035
12428.684554,8.19
12428.882603999999,8.007
12429.081504,7.647
12429.278604,7.8790000000000004
12429.476604,7.891
12429.674604,7.9350000000000005
12429.872604,8.246
12430.070603999999,8.46
12430.268603999999,8.85
12430.466604,8.927
12430.664754,9.222
12430.862604,9.066
12431.060854,9.274000000000001
12431.258654,9.115
12431.456654,9.193
12431.654804,9.433
12431.852654,9.179
12432.050854,9.17
12432.248854,9.39
12432.446654,9.573
12432.644804,9.954
12432.842804,10.034
12433.040904,10.081
12433.238904,10.325000000000001
12433.438403999999,10.355
12433.634854,10.41
12433.832804,10.669
12434.031054,10.849
12434.228904,10.76
12434.428004,10.875
12434.624854,10.758000000000001
12434.822854,10.704
12435.021104,10.907
12435.218954,11.086
12435.418104,11.02
12435.614854,11.135
12435.812854,11.057
12436.011304,11.052
12436.209104,11.212
12436.407404,11.156
12436.605104,11.343
12436.802904,11.231
12437.001103999999,11.216000000000001
12437.199154,11.184000000000001
12437.396954,11.234
12437.595104,11.339
12437.793104,11.239
12437.991103999999,11.27
12438.189154,11.249
12438.387553999999,11.423
12438.585154,11.472
12438.783153999999,11.553
12439.178404,11.688
12439.574403999999,11.966000000000001
12439.772404,11.805
12439.970454,11.766
12440.168453999999,11.629
12440.366404,11.712
12440.564403999999,11.828
12440.764054,11.91
12440.960454,12.089
12441.158453999999,11.915000000000001
12441.356453999999,12.15
12441.554454,12.098
12441.752703999999,11.964
12441.950454,11.764000000000001
12442.148704,11.742
12442.346453999999,11.66
12442.544453999999,11.661
12442.742704,11.526
12442.940454,11.569
12443.138703999999,11.525
12443.336704,11.61
12443.534504,11.432
12443.732704,11.468
12443.930704,11.422
12444.128703999999,11.387
12444.326704,11.228
12444.524503999999,11.394
12444.722704,11.379
12445.514904,11.22
12445.712754,11.452
12445.911054,11.751
12446.108903999999,11.656
12446.306754,11.502
12446.504754,11.279
12446.702754,11.279
12446.902403999999,11.365
12447.098954,11.623000000000001
12447.296954,11.706
12447.494804,11.878
12447.692954,11.779
12447.890953999999,11.829
12448.088953999999,11.761000000000001
12448.286954,11.817
12448.486304,12.011000000000001
12448.683003999999,11.837
12448.880954,11.68
12449.079004,11.73
12449.277004,11.766
12449.475004,11.774000000000001
12449.672954,11.734
12449.871003999999,11.686
12450.069003999999,11.862
12450.267004,11.934000000000001
12450.465004,11.981
12450.663004,11.96
12450.861254,12.098
12451.059254,11.969
12451.257004,12.032
12451.455154,11.953
12451.653154,11.843
12451.851004,11.902000000000001
12452.050954,11.792
12452.247054,11.794
12452.445054,11.605
12452.643204,11.652000000000001
12452.841053999999,11.719
12453.039304,11.694
12453.237254,11.743
12453.435054,11.656
12453.633204,11.681000000000001
12453.831403999999,11.515
12454.425454,11.455
12454.624404,11.479000000000001
12454.821453999999,11.375
12455.019454,11.411
12455.217304,11.469
12456.603503999999,11.154
12456.801653999999,11.045
12456.999504,11.122
12457.197504,11.783
12457.395504,11.47
12457.593503999999,11.257
12457.791503999999,11.099
12457.989554,10.999
12458.187504,11.082
12458.385654,10.961
12458.583553999999,11.334
12458.782954,11.053
12459.176803999999,11.17
12459.374804,11.133000000000001
12459.572804,11.33
12459.770804,11.306000000000001
12459.968804,11.321
12460.166803999999,11.387
12460.365154,11.476
12460.563004,11.297
12460.760804,11.168000000000001
12460.959053999999,11.597
12461.156853999999,11.712
12461.354854,11.476
12461.553904,11.46
12461.750804,11.637
12461.949053999999,11.589
12462.147054,11.544
12462.344853999999,11.466000000000001
12462.543054,11.629
12462.741054,11.707
12462.939104,11.771
12463.137104,11.829
12463.334853999999,11.918000000000001
12463.533854,12.07
12463.731103999999,12.021
12463.929103999999,11.875
12464.127104,11.819
12464.325104,11.791
12464.523954,12.120000000000001
12464.721104,12.293000000000001
12464.919304,12.256
12465.117154,12.072000000000001
12465.315104,12.08
12465.513104,12.144
12465.711104,12.186
12465.909303999999,12.352
12466.107304,12.367
12466.305154,12.46
12466.504954,12.355
12466.701154,12.284
12466.899303999999,12.291
12467.097303999999,12.166
12467.295154,12.365
12467.493304,12.24
12467.692454,12.34
12467.889304,12.353
12468.087354,12.709
12468.285354,13.213000000000001
12468.483354,13.224
12468.682853999999,13.343
12470.067404,13.417
12470.265404,13.16
12470.463554,13.109
12470.661403999999,13.332
12470.859604,13.569
12471.057404,13.329
12471.255404,13.142
12471.453554,13.152000000000001
12471.651554,13.048
12471.851304,13.136000000000001
12472.047654,12.846
12472.245404,12.798
12472.443554,12.655000000000001
12472.641554,12.365
12472.839654,12.485
12473.037654,12.36
12473.235454,12.159
12473.433554,12.038
12473.631604,11.577
12473.829803999999,11.771
12474.027704,11.661
12474.225703999999,11.722
12474.423604,11.89
12474.621604,11.86
12474.819803999999,11.97
12475.017704,12.048
12475.215704,11.877
12475.414004,11.547
12475.611654,11.189
12475.809854,11.378
12476.007854,11.372
12476.205704,11.545
12476.403854,11.262
12476.601654,11.335
12476.799853999999,11.606
12476.997854,11.839
12477.195754,11.82
12477.393903999999,11.783
12477.591903999999,11.782
12477.789904,11.766
12477.987904,11.936
12478.185904,11.956
12478.383904,12.125
12478.581903999999,12.247
12478.779903999999,12.141
12479.175153999999,12.003
12479.373153999999,12.002
12479.571354,11.905
12479.769204,11.925
12479.967154,11.935
12480.165203999999,11.864
12480.363204,11.857000000000001
12480.562554,12.029
12480.759204,11.911
12480.957454,11.406
12481.155203999999,11.468
12481.353204,11.487
12481.552004,11.66
12481.749204,11.833
12481.947454,11.933
12482.145254,12.025
12482.343254,12.035
12482.542554,12.046
12482.739254,11.998000000000001
12482.937453999999,12.016
12483.135454,11.91
12483.333254,11.861
12483.531454,11.963000000000001
12483.729503999999,11.802
12483.927504,11.809000000000001
12484.125504,11.842
12484.323253999999,11.845
12484.523104,11.782
12484.719503999999,11.837
12484.917653999999,11.529
12485.116654,11.559000000000001
12485.313504,11.317
12485.511504,11.448
12485.709503999999,11.531
12485.907704,11.273
12486.105604,11.25
12486.303554,10.923
12486.501704,10.928
12486.699504,10.722
12486.897654,10.658
12487.095704,10.273
12487.293554,10.08
12487.491704,10.063
12487.689553999999,9.959
12487.887703999999,9.971
12488.085704,10.068
12488.283704,10.006
12488.481804,10.11
12488.679954,10.27
12488.877703999999,10.1
12489.075754,9.874
12489.273754,9.926
12489.471754,9.852
12489.867753999999,9.989
12490.065754,9.744
12490.265503999999,9.617
12490.461754,9.547
12490.659754,9.485
12490.858004,9.413
12491.055753999999,9.555
12491.255254,9.663
12491.451954,9.518
12491.649803999999,9.43
12491.848603999999,9.564
12492.045804,9.401
12492.243954,9.358
12492.441954,9.212
12492.639954,8.967
12492.838004,9.013
12493.036054,8.908
12493.233854,8.941
12493.431954,9.074
12493.631854,9.288
12493.828054,9.484
12494.026054,9.385
12494.224054,9.117
12494.421954,8.93
12494.621853999999,8.93
12494.818204,8.78
12495.016104,8.628
12495.214204,8.516
12495.412004,8.373
12495.611904,8.162
12495.808254,8.3
12496.006254,8.109
12496.204254,7.785
12496.402253999999,7.815
12496.601804,7.821
12496.798254,7.784
12496.996254,7.412
12497.194104,7.357
12497.392254,6.73
12497.590253999999,6.013
12497.788254,5.803
12497.986254,5.582
12498.186104,5.573
12498.382303999999,5.325
12498.777554,4.847
12499.173553999999,4.006
12499.371554,3.725
12499.569554,3.797
12499.767554,3.54
12499.965603999999,3.5580000000000003
12500.163553999999,3.443
12500.361554,3.628
12500.559554,3.964
12500.757803999999,4.165
12501.153604,4.146
12502.935854,6.691
12503.133654,7.207
12503.331654,7.533
12503.529854,7.984
12503.727853999999,8.229000000000001
12503.925854,8.364
12504.125554,8.301
12504.321854,8.316
12504.519854,8.283
12504.717853999999,8.209
12511.450304,8.948
12511.648153999999,9.015
12511.846303999999,9.207
12512.044304,9.318
12512.243604,9.352
12512.440403999999,9.36
12512.638304,9.477
12512.836404,9.540000000000001
12513.034354,9.464
12513.232404,9.294
12513.430354,9.458
12513.628404,9.65
12513.826804,9.56
12514.024354,9.733
12514.223704,10.202
12514.420454,10.338000000000001
12514.618454,10.512
12514.818204,10.761000000000001
12515.014454,10.821
12515.212604,10.719
12515.410453999999,10.918000000000001
12515.608604,11.006
12515.806604,11.108
12516.004404,11.134
12516.202604,11.179
12516.402004,11.423
12516.598603999999,11.472
12517.786654,11.091000000000001
12517.985904,11.189
12518.182654,11.297
12518.380704,11.517
12518.578803999999,11.474
12518.973903999999,11.621
12519.171954,11.666
12519.369954,11.711
12519.567954,11.753
12519.766153999999,12.001
12519.963953999999,11.757
12520.161954,11.89
12520.360604,12.168000000000001
12520.557954,12.215
12520.755954,12.117
12520.955554,12.109
12521.151953999999,12.11
12521.350204,12.254
12521.547954,12.290000000000001
12521.746204,12.227
12521.944204,12.006
12522.142004,11.773
12522.340204,11.837
12522.539104,12.022
12522.736203999999,12.101
12522.934204,12.07
12523.132004,12.166
12523.330253999999,12.342
12523.528253999999,12.367
12523.726004,12.462
12523.924203999999,12.335
12524.122204,12.367
12525.508254,12.15
12525.706403999999,12.223
12525.905904,12.336
12526.102254,12.148
12526.300454,12.334
12526.498303999999,12.226
12526.696304,12.214
12526.894454,12.183
12527.092804,12.147
12527.290454,12.128
12527.488454,12.151
12527.686453999999,12.11
12527.884454,12.365
12528.082703999999,12.075000000000001
12528.280504,12.299
12528.478454,12.242
12528.676453999999,12.41
12528.874504,12.307
12529.072704,12.284
12529.270504,12.271
12530.260753999999,12.421
12534.418754,11.789
12534.616954,12.114
12534.814753999999,12.132
12535.012954,12.14
12535.212704,12.129
12535.408854,12.135
12535.607004,12.231
12535.806654,12.172
12536.003004,12.372
12536.201003999999,12.294
12536.400504,12.463000000000001
12536.597004,12.481
12536.795004,12.437
12536.993004,12.276
12537.191053999999,12.055
12544.120804,10.848
12544.318653999999,10.704
12544.516654,10.625
12544.714654,10.607000000000001
12544.912654,10.547
12545.110804,10.584
12545.308653999999,10.612
12545.902654,10.672
12546.496653999999,10.413
12546.694803999999,10.365
12546.892804,10.527000000000001
12547.092304,10.71
12547.288853999999,10.942
12547.486703999999,10.962
12548.476853999999,10.81
12553.031203999999,11.004
12553.229204,11.636000000000001
12553.427204,11.514000000000001
12553.625204,11.462
12553.823104,11.422
12554.021353999999,11.57
12554.219104,11.634
12554.417204,11.574
12554.615354,11.553
12554.813103999999,11.594
12555.012904,11.496
12555.209254,11.491
12555.407254,11.494
12555.605404,11.5
12555.803154,11.494
12556.001354,11.494
12556.199403999999,11.503
12556.397353999999,11.465
12556.595404,11.8
12556.793404,11.524000000000001
12556.991404,11.306000000000001
12559.960704,11.195
12560.555304,11.247
12563.129904,10.137
12563.327003999999,9.674
12563.525004,9.344
12563.723004,8.868
12565.109204,8.398
12565.307053999999,7.997
12565.505204,8.057
12565.703204,7.8870000000000005
12565.902154,7.688
12566.099204,7.305
12566.297053999999,6.889
12566.495203999999,6.3740000000000006
12566.693204,6.48
12566.891054,6.43
12567.089204,6.159
12567.287253999999,6.23
12567.485254,6.222
12567.683254,6.252
12567.881254,6.213
12568.079204,6.188
12568.277204,6.204
12568.475354,6.28
12568.673254,6.4030000000000005
12568.871254,6.986
12569.070303999999,7.285
12569.267254,7.325
12569.465403999999,7.384
12569.663254,7.44
12569.861254,7.505
12570.059503999999,7.795
12570.257303999999,8.193
12570.455304,8.443
12570.655053999999,8.407
12570.851304,8.388
12571.049554,8.501
12571.247454,8.762
12571.445554,8.701
12571.643504,8.881
12571.841553999999,9.171
12572.039553999999,9.533
12572.237454,9.485
12572.435453999999,9.707
12572.633453999999,9.88
12572.831504,10.114
12573.029553999999,10.349
12573.227554,10.247
12573.427303999999,10.254
12573.623453999999,10.290000000000001
12573.821504,10.414
12574.019704,10.47
12574.217604,10.441
12574.415704,10.465
12574.613604,10.591000000000001
12574.811754,10.817
12575.009753999999,10.947000000000001
12575.207504,10.875
12575.405754,11.041
12575.603754,11.205
12575.801653999999,11.164
12575.999753999999,11.427
12576.197753999999,11.548
12576.395553999999,11.511000000000001
12576.593804,11.529
12576.791904,11.614
12576.989803999999,11.4
12577.187753999999,11.503
12577.385753999999,11.489
12577.583853999999,11.584
12577.781754,11.394
12578.177054,11.206
12578.573053999999,11.46
12578.771053999999,11.532
12578.969054,11.721
12579.167054,11.825000000000001
12579.365103999999,11.809000000000001
12579.563304,11.998000000000001
12579.762754,12.036
12579.959304,11.92
12580.157054,11.922
12580.355054,11.906
12580.553304,11.831
12580.751103999999,11.759
12580.950754,11.727
12581.147353999999,11.834
12581.345104,11.779
12581.543354,11.546
12581.741354,11.506
12581.939104,11.404
12582.137353999999,11.556000000000001
12582.335353999999,11.577
12582.533354,11.71
12582.731354,11.775
12583.325404,11.695
12583.523404,11.641
12583.721354,11.617
12583.919554,11.532
12584.117403999999,11.413
12584.315403999999,11.603
12584.513554,11.622
12584.711404,11.684000000000001
12584.909404,11.884
12585.108604,11.876
12586.295403999999,11.86
12586.493604,11.748000000000001
12586.691604,11.57
12586.889604,11.534
12587.087604,11.61
12587.286954,11.689
12587.483604,11.834
12587.681604,11.66
12587.879454,11.676
12588.077604,11.572000000000001
12588.275603999999,11.627
12588.473654,11.553
12588.671654,11.623000000000001
12588.869804,11.683
12589.067653999999,11.702
12589.265653999999,11.620000000000001
12589.464504,11.488
12589.661654,11.433
12589.859903999999,11.337
12590.059554,11.269
12590.255653999999,11.105
12590.453904,10.950000000000001
12590.652704,11.011000000000001
12596.394154,8.758000000000001
12599.958553999999,4.73
12600.155454,4.08
12600.355303999999,3.361
12600.551704,2.648
12601.145703999999,1.974
12601.343503999999,1.2610000000000001
12601.541704,0.862
12601.739504,0.9380000000000001
12601.937704,0.808
12602.135704,0.682
12602.333504,0.519
12602.531754,0.428
12602.729754,0.607
12602.927754,0.631
12603.125753999999,0.393
12603.323903999999,0.356
12603.521754,0.363
12603.721303999999,0.42
12603.917754,0.536
12604.115753999999,0.562
12604.313954,0.457
12604.511754,0.271
12604.710154,0.202
12604.907954,0.327
12605.105754,0.271
12605.303804,0.233
12605.501903999999,0.187
12605.699804,0.364
12605.897954,0.273
12606.095953999999,0.278
12606.294004,0.425
12606.491954,0.449
12606.689804,0.465
12606.887954,0.481
12607.085954,0.398
12607.283953999999,0.277
12607.481953999999,0.23500000000000001
12607.681454,0.272
12607.878004,0.28300000000000003
12608.076003999999,0.156
12608.274153999999,0.093
12608.472004,0.062
12608.670004,0.1
12608.868253999999,0.095
12609.066004,0.1
12609.264254,0.201
12609.463603999999,0.272
12609.660054,0.20700000000000002
12609.858253999999,0.20700000000000002
12610.056053999999,0.254
12610.254203999999,0.248
12610.452204,0.272
12610.651453999999,0.228
12610.848253999999,0.155
12611.046253999999,0.139
12611.641803999999,0.11900000000000001
12611.838303999999,0.057
12612.036304,0.061
12612.234204,0.059000000000000004
12612.432203999999,0.027
12612.630204,0.06
12614.808503999999,0.196
12615.006704,0.394
12615.204504,0.402
12615.402504,0.426
12615.602353999999,0.538
12615.798504,0.58
12615.996503999999,0.707
12616.194504,0.926
12616.392504,1.11
12616.592154,1.262
12616.788504,1.5310000000000001
12616.986554,1.717
12617.184704,1.962
12618.371853999999,2.213
12619.757854,2.379
12619.955854,2.435
12620.153854,2.626
12620.352104,2.7560000000000002
12620.549853999999,2.8810000000000002
12620.748104,2.884
12620.946103999999,2.817
12621.143854,2.8120000000000003
12621.342053999999,2.839
12621.540104,2.898
12621.738104,2.979
12621.936103999999,2.958
12622.134103999999,2.975
12622.332104,3.032
12622.530104,3.08
12622.926104,3.12
12624.114153999999,3.078
12624.312304,3.009
12624.510154,3.0460000000000003
12624.708304,3.059
12624.906304,3.004
12625.104204,2.902
12625.302354,2.867
12625.500204,2.882
12625.698154,2.8970000000000002
12625.896353999999,2.9210000000000003
12626.094203999999,2.872
12626.292354,2.859
12626.490354,2.814
12626.688354,2.733
12626.886354,2.688
12627.084353999999,2.6510000000000002
12627.282353999999,2.602
12627.480404,2.597
12627.678603999999,2.609
12627.876354,2.5300000000000002
12628.074354,2.471
12628.272353999999,2.328
12628.470354,2.282
12628.668603999999,2.119
12628.866404,1.987
12629.064403999999,1.921
12629.262654,1.778
12629.460404,1.731
12629.658554,1.62
12629.856654,1.482
12630.054403999999,1.44
12630.252654,1.33
12630.450554,1.233
12630.648653999999,1.1300000000000001
12630.846653999999,1.059
12632.628804,1.031
12632.826704,0.98
12633.024704,0.791
12633.222854,0.711
12636.588904,0.5740000000000001
12636.787704,0.52
12636.985053999999,0.418
12638.172403999999,0.466
12638.370203999999,0.464
12638.568204,0.535
12638.766404,0.47700000000000004
12639.162403999999,0.48
12639.360203999999,0.47900000000000004
12639.558203999999,0.40700000000000003
12639.756454,0.41400000000000003
12639.955854,0.421
12640.152454,0.368
12640.350454,0.291
12640.548203999999,0.292
12640.746454,0.263
12640.944453999999,0.194
12641.142453999999,0.197
12641.340504,0.23
12643.518504,0.299
12643.716654,0.799
12643.914504,0.739
12644.112653999999,0.7010000000000001
12644.310504,0.644
12644.510204,0.601
12644.706704,0.5670000000000001
12644.904553999999,0.512
12645.102703999999,0.481
12645.300704,0.432
12645.498554,0.461
12645.696704,0.393
12645.894704,0.358
12646.092553999999,0.312
12646.290704,0.275
12646.488704,0.219
12646.686754,0.181
12647.082754,0.168
12648.667003999999,0.17500000000000002
12648.864803999999,0.14300000000000002
12649.063854,0.082
12649.260954,0.095
12649.458754,0.092
12649.657003999999,0.077
12649.854803999999,0.056
12650.053004,0.068
12650.250954,0.06
12650.448804,0.10200000000000001
12650.647554,0.081
12650.844954,0.17300000000000001
12651.044054,0.126
12651.240953999999,0.081
12651.438954,0.10200000000000001
12651.637053999999,0.169
12651.835054,0.188
12652.033153999999,0.231
12652.627104,0.245
12652.825053999999,0.28200000000000003
12653.023204,0.245
12657.774554,0.228
12657.972554,0.37
12658.170554,0.46
12658.368553999999,0.589
12658.566553999999,0.519
12658.764604,0.456
12658.962604,0.40900000000000003
12659.160804,0.442
12659.359604,0.403
12659.556604,0.434
12659.754804,0.443
12659.952854,0.454
12660.150803999999,0.437
12660.348603999999,0.424
12660.546604,0.386
12660.744853999999,0.38
12660.942653999999,0.378
12661.140854,0.356
12661.338854,0.375
12661.536854,0.304
12661.734854,0.23
12661.932853999999,0.191
12662.130853999999,0.138
12662.328854,0.096
12662.526854,0.081
12662.724903999999,0.067
12662.922904,0.016
12663.120904,0.037
12663.318904,0.12
12663.516904,0.133
12663.714854,0.132
12663.912903999999,0.165
12664.110904,0.191
12664.309254,0.077
12664.507104,0.07
12664.705103999999,0.099
12664.902903999999,0.026000000000000002
12665.101053999999,0.064
12665.299054,0.094
12665.496904,0.199
12665.695103999999,0.254
12665.894704,0.195
12666.091104,0.182
12666.289053999999,0.116
12666.486954,0.11800000000000001
12666.685104,0.128
12666.884804,0.155
12667.081103999999,0.09
12667.279104,0.06
12667.675104,0.053
12667.874804,0.076
12668.071253999999,0.184
12668.269154,0.183
12668.467403999999,0.194
12668.665154,0.227
12668.864704,0.203
12669.061303999999,0.197
12669.853204,0.089
12670.051354,0.135
12670.249404,0.368
12670.447403999999,0.55
12670.645403999999,0.761
12670.843304,0.929
12671.041304,1.084
12671.239303999999,1.223
12671.437404,1.3960000000000001
12671.635454,1.5050000000000001
12671.833354,1.677
12672.031353999999,2.185
12672.230303999999,2.318
12672.427354,2.621
12672.625453999999,2.777
12672.824104,2.828
12673.021604,2.853
12673.219353999999,2.911
12673.417604,2.9130000000000003
12673.615603999999,2.9050000000000002
12673.813504,2.874
12674.011654,2.832
12674.209404,2.834
12674.407604,2.832
12674.605604,2.888
12674.803404,2.9210000000000003
12675.003104,2.986
12675.199654,3.02
12675.397503999999,2.999
12675.597354,2.926
12675.793654,2.944
12675.991654,3.1550000000000002
12676.189654,3.332
12676.387654,3.519
12676.585653999999,3.6430000000000002
12676.784303999999,3.853
12677.179753999999,4.075
12677.574904,4.602
12677.773503999999,4.904
12677.970953999999,5.142
12678.168953999999,5.333
12678.366954,5.803
12678.564954,6.1690000000000005
12678.762954,6.567
12678.962554,6.899
12679.158953999999,7.207
12679.356953999999,7.548
12679.555204,7.9270000000000005
12679.752954,8.3
12679.951003999999,8.523
12680.149204,8.755
12680.347004,9.005
12680.545204,9.247
12680.743253999999,9.467
12680.941004,9.703
12681.139204,9.91
12681.337204,10.103
12681.535204,10.278
12681.733253999999,10.411
12681.931053999999,10.447000000000001
12682.129254,10.533
12682.327653999999,10.657
12682.525254,10.699
12682.723253999999,10.764
12683.911304,10.996
12684.109454,11.14
12684.307304,11.231
12684.505454,11.346
12684.703303999999,11.419
12684.901453999999,11.537
12685.099454,11.671
12685.297304,11.842
12685.495454,11.973
12685.693503999999,12.037
12685.891354,12.089
12686.089504,12.101
12686.287504,12.164
12686.485454,12.280000000000001
12686.683454,12.354000000000001
12688.465753999999,12.36
12688.663504,12.274000000000001
12688.861503999999,12.266
12689.059653999999,12.272
12689.257554,12.428
12689.455753999999,12.49
12689.653804,12.5
12690.445754,12.657
12690.643704,12.665000000000001
12690.841703999999,12.622
12691.039804,12.619
12691.237804,12.624
12691.435704,12.592
12691.633804,12.553
12691.831954,12.530000000000001
12692.029804,12.416
12692.227703999999,12.365
12692.425954,12.43
12692.623803999999,12.568
12692.821854,12.613
12693.019753999999,12.718
12696.783904,12.812
12697.177303999999,12.919
12697.375304,13.234
12697.573304,13.251
12697.771304,13.186
12697.969353999999,13.206
12698.167354,13.253
12698.365354,13.369
12698.563304,13.417
12698.761304,13.461
12700.741354,13.572000000000001
12700.939604,13.591000000000001
12701.137604,13.618
12701.335404,13.732000000000001
12701.533854,13.712
12701.731603999999,13.739
12701.929403999999,13.68
12702.127604,13.742
12702.327254,13.682
12702.523604,13.682
12702.721604,13.767
12702.919804,13.812000000000001
12703.117654,13.871
12703.317304,13.959
12703.513654,13.827
12703.711653999999,13.844
12703.909803999999,13.825000000000001
12704.107654,13.766
12704.305654,13.714
12704.504454,13.739
12704.701653999999,13.756
12704.899803999999,13.728
12705.097904,13.714
12705.295854,13.728
12705.493854,13.664
12705.693153999999,13.662
12705.889854,13.631
12706.087854,13.532
12706.285854,13.474
12706.483854,13.427
12706.681853999999,13.278
12706.879853999999,13.196
12707.077904,13.122
12707.275904,12.926
12707.473903999999,12.769
12707.671903999999,12.647
12707.870053999999,12.527000000000001
12708.067853999999,12.450000000000001
12708.266054,12.254
12708.464103999999,12.004
12708.661903999999,11.822000000000001
12708.860053999999,11.638
12709.058054,11.431000000000001
12709.255904,11.255
12709.454154,11.03
12709.651904,10.82
12710.839954,10.0
12711.038104,9.411
12711.236353999999,9.129
12711.434153999999,8.935
12711.632153999999,8.609
12711.830103999999,8.285
12712.028103999999,7.899
12712.226353999999,7.447
12712.424353999999,7.174
12712.622204,6.9910000000000005
12712.820354,6.587
12713.019504,6.305
12713.216354,5.763
12713.414353999999,5.558
12714.998404,4.881
12726.086604,10.666
12726.284254,10.209
12726.483753999999,9.307
12726.680253999999,8.082
12726.878254,6.5840000000000005
12727.076254,5.9910000000000005
12727.274503999999,5.885
12727.473804,5.8660000000000005
12727.670253999999,5.971
12727.868403999999,6.136
12728.066304,6.382000000000001
12728.264503999999,6.476
12728.463303999999,6.607
12728.660303999999,6.86
12728.858454,6.897
12729.056454,7.257000000000001
12729.254503999999,7.487
12729.454204,7.571
12729.650303999999,7.722
12729.848453999999,7.885
12730.046454,7.942
12730.244454,8.144
12730.443653999999,8.255
12730.640303999999,8.345
12730.838453999999,8.519
12731.036454,8.652000000000001
12731.234703999999,8.782
12731.434254,8.838000000000001
12731.630554,8.874
12731.828453999999,8.959
12733.808754,9.055
12734.006554,9.24
12734.204754,9.46
12734.402753999999,9.584
12734.600754,9.711
12734.798754,9.795
12734.996754,9.928
12735.194754,9.971
12735.392753999999,10.065
12735.590804,10.174
12735.788754,10.209
12735.986804,10.228
12736.184803999999,10.232000000000001
12736.382803999999,10.3
12736.778053999999,10.399000000000001
12736.976053999999,10.493
12737.174304,10.497
12737.373153999999,10.533
12737.570054,10.567
12737.768054,10.603
12737.966053999999,10.605
12738.164053999999,10.612
12738.362104,10.651
12738.560104,10.685
12738.758103999999,10.751
12738.956304,10.81
12739.154104,10.871
12739.352353999999,10.883000000000001
12739.550104,10.965
12739.748104,11.071
12739.946304,11.136000000000001
12740.144103999999,11.241
12740.342353999999,11.279
12740.540353999999,11.316
12740.739303999999,11.402000000000001
12740.936354,11.426
12741.134354,11.492
12741.332354,11.583
12741.530353999999,11.583
12741.728404,11.591000000000001
12741.926354,11.648
12742.124354,11.64
12742.322554,11.621
12742.520403999999,11.676
12742.719653999999,11.757
12742.916404,11.822000000000001
12743.114404,11.823
12743.312554,11.921
12743.510403999999,11.994
12743.708403999999,12.015
12743.906404,12.051
12744.104554,12.066
12744.303603999999,12.105
12744.500603999999,12.138
12744.698454,12.169
12744.896604,12.212
12745.094554,12.316
12745.292554,12.339
12745.490654,12.355
12745.688454,12.38
12745.886604,12.368
12746.084604,12.387
12746.282954,12.418000000000001
12746.480604,12.432
12746.678603999999,12.444
12746.876604,12.472
12747.074853999999,12.468
12747.273054,12.458
12747.470604,12.421
12747.668654,12.42
12747.868454,12.399000000000001
12748.064854,12.411
12748.264604,12.405000000000001
12748.460804,12.387
12748.658653999999,12.369
12748.856804,12.427
12749.054854,12.466000000000001
12749.252903999999,12.453
12749.450654,12.459
12749.650254,12.452
12749.846803999999,12.48
12750.045054,12.450000000000001
12750.242903999999,12.445
12750.440904,12.49
12750.638804,12.529
12750.836803999999,12.541
12751.034803999999,12.528
12752.223103999999,12.436
12752.420954,12.422
12752.619104,12.408
12752.816853999999,12.34
12753.015104,12.319
12753.213103999999,12.329
12753.411554,12.365
12753.609004,12.357000000000001
12753.807154,12.331
12754.004904,12.307
12754.203153999999,12.31
12754.401103999999,12.273
12754.600654,12.271
12754.797154,12.212
12754.995104,12.157
12755.193153999999,12.131
12755.391153999999,12.136000000000001
12755.589304,12.191
12755.787154,12.201
12756.183754,12.156
12756.578453999999,12.206
12756.776453999999,12.181000000000001
12756.974454,12.204
12757.172403999999,12.274000000000001
12757.370404,12.322000000000001
12757.568404,12.4
12757.766453999999,12.517
12757.964453999999,12.611
12758.162704,12.594
12758.360454,12.59
12758.560204,12.678
12758.756704,12.754
12758.954453999999,12.77
12759.153604,12.808
12759.350703999999,12.802
12759.548454,12.822000000000001
12759.748303999999,12.878
12759.944704,12.88
12760.142704,12.945
12760.340704,12.977
12760.538504,13.066
12760.736503999999,13.035
12760.934704,13.107000000000001
12761.132854,13.245000000000001
12761.330704,13.259
12761.528753999999,13.227
12761.726754,13.277000000000001
12761.924754,13.265
12762.122904,13.277000000000001
12762.320754,13.236
12762.518753999999,13.194
12762.716754,13.243
12762.914754,13.181000000000001
12763.112904,13.151
12763.310904,13.118
12763.508804,13.105
12763.706804,13.118
12763.904804,13.053
12764.102954,13.093
12764.300954,13.14
12764.498803999999,13.121
12764.696954,13.072000000000001
12764.894954,13.068
12765.092954,13.154
12765.290954,13.078
12765.488953999999,13.021
12765.687004,13.092
12765.885004,13.178
12766.083304,13.242
12766.281003999999,13.251
12766.478954,13.191
12766.676953999999,13.114
12766.875004,13.055
12767.074053999999,12.984
12767.271004,13.006
12767.469003999999,13.061
12767.667153999999,13.08
12767.865004,13.044
12768.063804,13.052
12768.261004,12.989
12768.459053999999,13.118
12768.657153999999,13.120000000000001
12768.855153999999,13.062
12769.053253999999,13.061
12769.251304,12.956
12769.449053999999,12.949
12769.647203999999,12.961
12769.845204,12.950000000000001
12770.043254,12.895
12770.241253999999,12.926
12770.439053999999,12.957
12770.637203999999,12.927
12770.835203999999,12.886000000000001
12771.033453999999,12.816
12771.232554,12.82
12771.429304,12.838000000000001
12771.627253999999,12.905000000000001
12771.825254,12.939
12772.023454,13.072000000000001
12772.223103999999,13.104000000000001
12772.419304,13.117
12772.617454,13.087
12772.815254,13.017
12773.013503999999,13.028
12773.213154,12.954
12773.409354,12.869
12773.607504,12.862
12773.805253999999,12.875
12774.003504,12.88
12774.201503999999,12.847
12774.399503999999,12.848
12774.597504,12.852
12774.795504,12.913
12774.993504,12.932
12775.191553999999,12.951
12775.389554,12.954
12775.587504,12.928
12775.787154,12.916
12776.180804,12.925
12776.576804,13.005
12776.775354,12.958
12776.972803999999,12.948
12777.170804,13.030000000000001
12777.368804,12.996
12777.566804,13.048
12777.765054,13.082
12777.962854,13.152000000000001
12778.161054,13.081
12778.358854,13.111
12778.556804,13.13
12778.755054,13.186
12778.953303999999,13.251
12779.151054,13.21
12779.348854,13.219
12779.546854,13.248000000000001
12779.745053999999,13.251
12779.943503999999,13.158
12780.141104,13.106
12780.339103999999,13.062
12782.319104,13.084
12782.517103999999,13.06
12782.715103999999,12.962
12782.913104,12.952
12783.111304,12.837
12783.309153999999,12.854000000000001
12783.903154,12.705
12784.101304,12.709
12784.299304,12.674
12784.498554,12.64
12784.695303999999,12.564
12784.893154,12.558
12785.289353999999,12.642
12785.487353999999,12.756
12785.685354,12.789
12785.883354,12.863
12786.083004,12.966000000000001
12786.279354,13.045
12786.477353999999,13.024000000000001
12786.675353999999,13.067
12786.873354,12.934000000000001
12787.073053999999,12.715
12787.269403999999,12.611
12788.655553999999,12.234
12788.853954,11.991
12789.051653999999,11.957
12789.249654,11.653
12789.447403999999,11.508000000000001
12789.645553999999,11.446
12789.843554,11.447000000000001
12790.041653999999,11.361
12790.239653999999,11.359
12790.437453999999,11.374
12790.635604,11.349
12790.833604,11.404
12791.031853999999,11.48
12791.229604,11.466000000000001
12791.427854,11.376
12791.625603999999,11.309000000000001
12791.823604,11.332
12792.021853999999,11.358
12792.219704,11.343
12792.418603999999,11.325000000000001
12792.615654,11.337
12792.813654,11.367
12793.011854,11.41
12793.209853999999,11.444
12793.409104,11.43
12793.605854,11.399000000000001
12793.803603999999,11.38
12794.001903999999,11.466000000000001
12794.199853999999,11.459
12794.397754,11.435
12794.596803999999,11.447000000000001
12794.793904,11.432
12794.991903999999,11.399000000000001
12795.189903999999,11.361
12795.387904,11.288
12795.585904,11.288
12795.783904,11.27
12796.179154,11.28
12796.575404,11.257
12796.773153999999,11.294
12796.972654,11.238
12797.169204,11.174
12797.368304,11.101
12797.565203999999,11.108
12797.763203999999,11.062
12797.961204,11.017
12798.159204,11.015
12798.357204,10.993
12798.556304,10.947000000000001
12798.753404,10.894
12798.951454,10.906
12799.149453999999,10.812
12799.347254,10.667
12799.545454,10.595
12799.743454,10.517
12799.941203999999,10.396
12800.139454,10.136000000000001
12800.337453999999,10.003
12800.535253999999,9.772
12800.733753999999,9.595
12800.931454,9.472
12801.129503999999,9.404
12801.327503999999,9.275
12801.525254,9.204
12801.723504,9.101
12801.921654,8.956
12802.121254,8.815
12802.317503999999,8.733
12802.515653999999,8.543000000000001
12802.713504,8.334
12802.911704,8.093
12803.109703999999,7.923
12803.307553999999,7.635
12803.505704,7.4350000000000005
12803.703504,7.313
12803.901504,6.997
12804.099654,6.899
12804.298404,6.83
12804.495554,6.671
12804.693704,6.513
12804.892453999999,6.376
12805.089704,6.009
12805.287704,5.715
12805.485703999999,5.428
12805.683704,5.2010000000000005
12805.881953999999,4.894
12806.079704,4.698
12806.277753999999,4.617
12806.477554,4.7090000000000005
12806.673754,4.788
12806.871754,4.852
12807.069754,4.94
12807.267753999999,5.086
12807.465753999999,5.522
12807.663754,5.712
12807.862003999999,5.851
12808.061603999999,6.073
12808.257754,6.363
12808.455903999999,6.549
12808.654703999999,6.7490000000000006
12808.852004,7.103
12809.050003999999,7.275
12809.249354,7.402
12809.445904,7.468
12809.643903999999,7.614
12809.841954,7.738
12810.040054,7.841
12810.238054,7.954
12810.435803999999,7.971
12810.633953999999,7.986
12810.833904,8.048
12811.030053999999,8.06
12811.228054,8.099
12811.425954,8.2
12811.623953999999,8.328
12811.822204,8.552
12812.020203999999,8.589
12812.218104,8.722
12812.416304,8.813
12812.614004,8.935
12812.812004,8.954
12813.010204,9.093
12813.208104,9.122
12813.406203999999,9.135
12813.604454,9.157
12813.802254,9.225
12814.000354,9.296
12822.711904,9.598
12822.910054,9.729000000000001
12823.109703999999,9.853
12823.305903999999,9.823
12823.504053999999,9.749
12823.703604,9.757
12823.900054,9.758000000000001
12824.098054,9.813
12824.295954,9.764
12824.494104,9.704
12824.692104,9.718
12824.890104,9.665000000000001
12825.088054,9.608
12825.286054,9.582
12825.484053999999,9.458
12825.682104,9.455
12825.880104,9.416
12826.078104,9.416
12826.276103999999,9.454
12826.474103999999,9.489
12826.672104,9.473
12826.870353999999,9.41
12827.069153999999,9.361
12827.266104,9.445
12827.464253999999,9.406
12827.662154,9.404
12827.860353999999,9.431000000000001
12828.454303999999,9.454
12828.652304,9.441
12828.850354,9.453
12829.049054,9.437
12829.246153999999,9.438
12829.444303999999,9.476
12829.642303999999,9.499
12829.840403999999,9.586
12830.038403999999,9.691
12830.236203999999,9.742
12830.434353999999,9.839
12830.632303999999,9.858
12830.830554,9.892
12831.028403999999,9.875
12831.226404,9.989
12831.424353999999,9.982000000000001
12831.622754,9.917
12831.820554,9.928
12832.018454,9.899000000000001
12832.216454,9.821
12832.415003999999,9.824
12832.612353999999,9.776
12832.810604,9.774000000000001
12833.008603999999,9.751
12833.206454,9.686
12833.406304,9.702
12833.602404,9.612
12833.800604,9.508000000000001
12833.998653999999,9.521
12834.196603999999,9.46
12834.396254,9.513
12834.592604,9.501
12834.790604,9.524000000000001
12834.988604,9.504
12835.186654,9.493
12835.384654,9.557
12835.582654,9.561
12835.977904,9.491
12836.175904,9.492
12836.373904,9.416
12836.571954,9.413
12836.769954,9.419
12836.967954,9.426
12837.165904,9.432
12837.364704,9.409
12837.561953999999,9.481
12837.759954,9.517
12837.958154,9.624
12838.155954,9.672
12838.353954,9.72
12838.553854,9.656
12838.749953999999,9.688
12838.948204,9.785
12839.146203999999,9.863
12839.343954,9.874
12839.542204,9.951
12839.938204,9.902000000000001
12840.136203999999,9.822000000000001
12840.334004,9.758000000000001
12840.532204,9.665000000000001
12840.730204,9.613
12840.928204,9.642
12841.126204,9.72
12841.325104,9.691
12841.522203999999,9.695
12841.720254,9.777000000000001
12841.919304,9.845
12842.116253999999,9.988
12842.314253999999,10.194
12842.512254,10.31
12842.710404,10.399000000000001
12842.908404,10.563
12843.106254,10.795
12843.304454,10.906
12843.502253999999,11.004
12843.700404,11.168000000000001
12843.898454,11.325000000000001
12844.096453999999,11.453
12844.294453999999,11.529
12844.492454,11.595
12844.690304,11.683
12844.888454,11.747
12845.086454,11.814
12845.284453999999,11.86
12845.484204,11.903
12845.680703999999,11.954
12845.878454,11.995000000000001
12846.076554,12.047
12846.274653999999,12.066
12846.474154,12.074
12846.670704,12.048
12846.868454,11.997
12847.264653999999,12.015
12847.462653999999,12.057
12847.660504,12.09
12847.858753999999,12.127
12848.056504,12.116
12848.254654,12.145
12848.454303999999,12.108
12848.650754,12.146
12848.848753999999,12.021
12849.046753999999,12.057
12849.244654,11.913
12849.442653999999,11.86
12849.640904,11.721
12849.838803999999,11.648
12850.036753999999,11.617
12850.234703999999,11.572000000000001
12850.432703999999,11.536
12850.630904,11.484
12850.828803999999,11.469
12851.026804,11.516
12851.224804,11.429
12851.422754,11.401
12851.620954,11.459
12851.818954,11.442
12852.016803999999,11.446
12852.214954,11.586
12852.414604,11.623000000000001
12852.610954,11.594
12852.808954,11.591000000000001
12853.006953999999,11.59
12853.205004,11.572000000000001
12853.403004,11.584
12853.602404,11.648
12853.799003999999,11.729000000000001
12853.998653999999,11.829
12854.194854,11.891
12854.393004,11.943
12854.591004,11.954
12854.789004,12.039
12855.184254,12.095
12855.384504,12.16
12855.778253999999,12.147
12855.976254,12.176
12856.174304,12.258000000000001
12856.373854,12.326
12856.570303999999,12.377
12856.768504,12.524000000000001
12856.966304,12.636000000000001
12857.164304,12.689
12857.363754,12.744
12857.560303999999,12.809000000000001
12867.065454,12.17
12867.263054,11.628
12867.659104,11.104000000000001
12867.857103999999,11.040000000000001
12868.054854,10.966000000000001
12868.253004,10.902000000000001
12868.451003999999,10.884
12868.649104,10.846
12868.847103999999,10.787
12869.044904,10.726
12869.243053999999,10.541
12869.441053999999,10.435
12869.639304,10.324
12869.837153999999,10.204
12870.035154,10.037
12870.233654,9.778
12870.431053999999,9.398
12870.629304,9.165000000000001
12870.827153999999,8.947000000000001
12871.025153999999,8.542
12871.224804,7.75
12871.421104,7.236
12871.619304,6.391
12871.819054,6.002
12872.015303999999,5.694
12872.215054,5.729
12872.411103999999,5.775
12872.609304,5.7170000000000005
12872.807353999999,5.9
12873.005353999999,6.032
12873.203354,6.218
12873.401103999999,6.452
12873.599354,6.88
12873.797354,7.085
12873.995353999999,7.1160000000000005
12874.193353999999,7.128
12874.393154,7.21
12874.589354,7.215
12874.787354,7.283
12875.182853999999,7.2780000000000005
12875.578653999999,7.422000000000001
12875.776654,7.386
12875.974654,7.408
12876.172904,7.47
12876.370654,7.4430000000000005
12876.568653999999,7.438
12876.766654,7.389
12876.964654,7.236
12877.164203999999,7.2490000000000006
12877.360904,7.234
12877.558704,7.196
12877.756904,7.144
12877.954704,7.066
12878.154553999999,6.936
12878.350903999999,6.877
12878.548703999999,6.65
12878.746904,6.597
12878.944704,6.533
12879.142904,6.488
12879.340903999999,6.44
12879.538904,6.388
12879.736954,6.385
12879.934954,6.398000000000001
12880.132953999999,6.408
12880.330954,6.417
12880.528954,6.369
12880.726954,6.2940000000000005
12880.924954,6.296
12881.124854,6.267
12881.320953999999,6.289
12881.518954,6.3100000000000005
12881.717154,6.338
12881.915003999999,6.357
12882.113153999999,6.384
12882.310953999999,6.402
12882.508953999999,6.452
12882.707154,6.463
12882.905154,6.4990000000000006
12883.104704,6.518
12883.301153999999,6.525
12883.499004,6.611
12883.697154,6.676
12883.896053999999,6.727
12884.093004,6.855
12884.291153999999,6.957
12884.489004,6.92
12884.687204,6.9110000000000005
12884.885204,6.932
12885.083353999999,6.944
12885.677204,7.085
12885.875204,7.261
12886.074904,7.378
12886.271203999999,7.668
12886.469203999999,7.913
12886.667453999999,8.168000000000001
12886.865254,8.653
12887.063403999999,8.875
12887.261403999999,8.96
12887.459254,9.042
12887.657454,9.166
12887.855254,9.281
12888.053404,9.421
12888.251403999999,9.49
12888.449254,9.579
12888.647503999999,9.540000000000001
12888.846054,9.726
12889.043404,9.842
12889.241403999999,9.994
12889.439654,10.19
12889.637504,10.483
12889.835503999999,10.601
12890.033453999999,11.021
12890.231453999999,11.135
12890.429654,11.286
12890.627703999999,11.339
12890.827153999999,11.39
12891.023704,11.446
12891.221453999999,11.394
12891.420704,11.369
12891.617704,11.344
12891.815553999999,11.234
12892.015404,11.233
12892.211454,11.197000000000001
12892.409704,11.202
12892.608753999999,11.174
12892.805703999999,11.157
12893.003703999999,11.073
12893.203354,11.009
12893.399704,10.817
12893.597704,10.51
12893.796004,10.499
12893.993754,10.393
12894.191754,10.249
12894.389754,10.051
12894.587754,9.995000000000001
12894.785753999999,9.844
12895.181004,9.691
12895.379003999999,9.461
12895.577003999999,9.178
12895.775004,8.967
12895.974354,8.741
12896.171253999999,7.998
12896.369004,7.692
12896.567254,7.4270000000000005
12896.765003999999,6.558
12896.963054,6.369
12897.161253999999,6.063
12897.359053999999,6.011
12897.557053999999,5.9110000000000005
12897.755054,5.884
12897.953054,5.603
12898.151303999999,5.404
12898.349253999999,5.583
12898.547304,5.349
12898.745304,5.3420000000000005
12898.943104,5.389
12899.141303999999,5.492
12899.339304,5.5040000000000004
12899.537304,5.534
12899.735304,5.614
12899.933704,5.604
12900.131303999999,5.635
12900.330504,5.6850000000000005
12900.527304,5.744
12900.725304,5.764
12900.925003999999,5.747
12901.121353999999,5.7860000000000005
12901.320554,5.686
12901.517504,5.691
12901.715504,5.609
12901.913754,5.598
12902.111503999999,5.531
12902.309353999999,5.407
12902.507504,5.401
12902.705504,5.29
12902.903403999999,5.111
12903.101553999999,5.016
12903.299404,4.997
12903.497554,4.938
12903.695554,4.893
12903.893554,4.897
12904.091553999999,4.931
12904.289553999999,4.93
12904.487554,4.9590000000000005
12904.685554,5.029
12904.883603999999,5.158
12905.081554,5.252
12905.279903999999,5.322
12905.477804,5.437
12905.675554,5.587
12905.875253999999,5.719
12906.071704,5.83
12906.269604,6.085
12906.467853999999,6.2490000000000006
12906.665604,6.365
12906.863604,6.4910000000000005
12907.061754,6.59
12907.259603999999,6.638
12907.457804,6.66
12907.655804,6.696
12907.853604,6.731
12908.051754,6.746
12908.249753999999,6.718
12908.447854,6.612
12908.645853999999,6.5520000000000005
12908.843654,6.5040000000000004
12909.041803999999,6.381
12909.239803999999,6.242
12909.437753999999,6.151
12909.635854,6.085
12909.834754,6.048
12910.031804,5.95
12910.229803999999,5.898
12910.428054,5.869
12910.625903999999,5.7860000000000005
12910.823903999999,5.732
12911.022054,5.665
12911.219804,5.657
12911.418054,5.681
12911.617054,5.649
12911.813903999999,5.611
12912.012053999999,5.705
12912.211604,5.675
12912.408104,5.578
12912.606103999999,5.649
12912.805703999999,5.598
12913.002104,5.602
12913.200053999999,5.6610000000000005
12913.398104,5.714
12913.596054,5.816
12913.794103999999,5.837
12913.993304,5.854
12914.190104,5.8580000000000005
12914.388104,5.899
12914.586104,5.9350000000000005
12914.981354,5.855
12915.179403999999,5.829
12915.377403999999,5.79
12915.576353999999,5.748
12915.773404,5.6770000000000005
12915.971354,5.687
12916.169854,5.71
12916.367403999999,5.639
12916.565403999999,5.53
12916.764653999999,5.429
12916.961404,5.3740000000000006
12917.159654,5.253
12917.357404,5.245
12917.555654,5.118
12917.753404,5.069
12917.951404,4.944
12918.149653999999,4.892
12918.349054,4.872
12918.545654,4.804
12918.743654,4.755
12918.941454,4.61
12919.139653999999,4.501
12919.337704,4.424
12919.535704,4.333
12919.733654,4.223
12919.931454,4.096
12920.129654,4.03
12920.327704,3.869
12920.527154,3.8240000000000003
12920.723704,3.664
12920.921704,3.608
12921.119703999999,3.4410000000000003
12921.317704,3.378
12921.515854,3.309
12921.713704,3.144
12921.911704,3.109
12922.109703999999,3.116
12922.307703999999,2.957
12922.505904,2.875
12922.703904,2.961
12922.901753999999,3.368
12923.099903999999,3.2640000000000002
12923.297754,3.172
12923.495904,3.263
12923.693904,3.176
12923.891754,2.837
12924.089903999999,2.6750000000000003
12924.287954,2.757
12924.485954,2.692
12924.683954,2.654
12924.881953999999,2.583
12925.079953999999,2.524
12925.277903999999,2.283
12925.475903999999,2.301
12925.675153999999,2.358
12925.871954,2.21
12926.070103999999,1.957
12926.267953999999,2.049
12926.466204,2.043
12926.663954,1.975
12926.862954,2.136
12927.060104,2.153
12927.259854,2.234
12927.456204,2.245
12927.654004,2.237
12927.852004,2.209
12928.050153999999,2.206
12928.248354,2.406
12928.446253999999,2.428
12928.644253999999,2.654
12928.842154,2.606
12929.040154,2.656
12929.238153999999,2.9090000000000003
12929.436254,3.173
12929.634253999999,3.107
12929.832253999999,3.121
12930.030154,3.1
12930.228204,3.398
12930.426404,3.473
12930.624254,3.499
12930.822403999999,3.5540000000000003
12931.020154,3.686
12931.218203999999,3.743
12931.416404,3.694
12931.614453999999,3.692
12931.812453999999,3.741
12932.012004,3.896
12932.208203999999,3.903
12932.406454,3.856
12932.605604,3.75
12932.802303999999,3.677
12933.000453999999,3.5700000000000003
12933.198454,3.525
12933.396454,3.636
12933.596003999999,3.512
12933.792604,3.661
12933.990504,3.6830000000000003
12934.188603999999,3.618
12934.386454,3.596
12934.781754,3.3890000000000002
12934.979754,3.664
12935.177754,3.861
12935.375753999999,3.888
12935.573754,3.633
12935.771754,3.565
12935.969954,3.46
12936.167754,3.286
12936.365953999999,3.1430000000000002
12936.563753999999,3.247
12936.761754,3.2680000000000002
12936.960003999999,3.357
12937.157803999999,3.666
12937.356004,3.844
12937.554004,3.724
12937.751753999999,3.607
12937.950004,3.443
12938.148003999999,3.434
12938.345803999999,3.1990000000000003
12938.544054,2.9410000000000003
12938.741804,2.875
12938.939804,2.939
12939.138054,2.712
12939.336204,2.224
12939.534054,1.964
12939.732054,1.631
12939.930053999999,1.5230000000000001
12940.128053999999,1.672
12940.326203999999,1.647
12940.524054,1.706
12940.722103999999,1.524
12940.920054,1.591
12941.118053999999,1.6500000000000001
12941.316053999999,1.631
12941.514204,1.472
12941.712104,1.618
12941.910103999999,1.559
12942.108103999999,1.518
12942.306254,1.419
12942.504254,1.493
12942.702104,1.317
12942.900254,1.004
12943.098253999999,0.919
12943.296253999999,0.746
12943.494254,0.451
12943.692304,0.358
12943.890303999999,0.168
12944.088303999999,0.186
12944.286154,0.039
12944.484304,0.066
12944.682304,0.214
12944.880304,0.023
12945.078303999999,0.249
12945.276504,0.301
12945.474304,0.293
12945.672304,0.444
12945.870454,0.653
12946.068353999999,0.591
12946.266554,0.5670000000000001
12946.465103999999,0.656
12946.662304,0.678
12946.862204,0.66
12947.058454,0.64
12947.256554,0.605
12947.454554,0.513
12947.652354,0.628
12947.851154,0.647
12948.048504,0.615
12948.246604,0.514
12948.444604,0.498
12948.642603999999,0.481
12948.840504,0.481
12949.038504,0.452
12949.236754,0.42
12949.434604,0.714
12949.632654,0.799
12949.830554,0.861
12950.028553999999,0.8290000000000001
12950.226804,0.77
12950.424754,0.8200000000000001
12950.622604,0.599
12950.820603999999,0.397
12951.018554,0.581
12951.216754,0.322
12951.414804,0.271
12951.612653999999,0.307
12951.810803999999,0.20800000000000002
12952.008603999999,0.158
12952.206804,0.036000000000000004
12952.406353999999,0.065
12952.602804,0.094
12952.800854,0.08
12952.998803999999,0.09
12953.196804,0.28600000000000003
12953.395254,0.225
12953.592853999999,0.126
12953.790853999999,0.138
12953.988854,0.251
12954.187004,0.271
12954.385204,0.437
12954.780104,0.371
12954.978104,0.316
12955.176104,0.34500000000000003
12955.374103999999,0.4
12955.572103999999,0.315
12955.770104,0.317
12955.970054,0.562
12956.166104,0.40800000000000003
12956.364354,0.461
12956.563804,0.397
12956.760154,0.503
12956.958353999999,0.493
12957.156154,0.464
12963.294654,0.292
12965.670704,0.439
12965.870404,0.633
12966.066703999999,0.538
12966.264904,0.533
12966.464004,0.443
12966.660704,0.448
12967.254954,0.738
12967.454704,0.745
12967.848854,0.708
12968.048504,0.536
12968.244954,0.586
12968.442954,0.874
12968.640704,0.873
12968.838854,0.898
12969.037103999999,0.654
12969.234954,0.6910000000000001
12969.433003999999,0.979
12969.631003999999,1.116
12969.828904,1.065
12970.027154,1.286
12970.226504,1.2770000000000001
12970.422954,1.174
12970.621003999999,1.133
12970.818904,0.961
12971.016904,0.9590000000000001
12971.215354,0.886
12971.413154,0.838
12971.611004,0.9520000000000001
12971.810803999999,0.974
12972.007153999999,0.995
12972.205154,1.095
12972.403154,1.276
12972.601004,1.32
12972.800803999999,0.993
12972.997354,1.101
12973.195204,0.976
12973.393204,0.85
12973.591204,0.856
12973.789203999999,0.737
12973.987204,0.962
12974.185204,1.175
12974.580704,1.164
12974.778454,1.229
12974.976553999999,1.174
12975.174704,0.915
12975.372454,0.985
12975.570453999999,0.9490000000000001
12975.768504,1.033
12975.966504,1.093
12976.164804,1.094
12976.362503999999,1.029
12976.560504,1.085
12976.758504,1.186
12976.956753999999,1.348
12977.154504,1.391
12977.352754,1.216
12977.550503999999,1.27
12977.748504,1.093
12977.946753999999,1.217
12978.144753999999,1.237
12978.342754,1.323
12978.540754,1.233
12985.273054,0.9430000000000001
12985.471054,0.614
12985.669054,0.519
12985.868053999999,0.578
12986.065304,0.668
12986.263304,0.873
12986.461054,1.036
12986.659204,1.204
12986.857204,1.072
12987.055304,0.999
12987.253304,1.141
12987.847254,0.972
12988.045253999999,1.0010000000000001
12988.243304,1.361
12988.441304,1.167
12988.639204,1.123
12988.839004,1.078
12989.035453999999,1.057
12989.235004,0.999
12989.431354,1.032
12989.629254,1.084
12989.828904,1.049
12990.025504,1.236
12990.223504,1.32
12990.421354,1.493
12990.619504,1.299
12990.818904,1.294
12991.015503999999,1.323
12991.215154,1.167
12991.411403999999,1.226
12991.609403999999,1.215
12992.599504,1.099
12992.797553999999,1.108
12992.995554,1.18
12993.193554,1.231
12993.391554,1.2650000000000001
12993.589704,1.377
12993.787553999999,1.395
12994.182804,1.496
12994.578854,1.283
12994.776804,1.284
12994.974854,1.434
12995.172804,1.453
12995.370853999999,1.337
12996.757104,1.452
12996.954854,1.621
12997.154804,1.6580000000000001
12997.351104,1.711
12997.548904,1.818
12997.746904,1.793
12997.945103999999,1.731
12998.143154,1.58
12998.341154,1.483
12998.538904,1.446
12998.737104,1.395
12998.935104,1.317
12999.133303999999,1.686
12999.331154,2.009
12999.529154,1.874
12999.727154,1.477
12999.925153999999,1.778
13000.123303999999,1.819
13000.321154,2.072
13000.519154,2.036
13000.717154,1.928
13000.915154,1.943
13001.113303999999,1.94
13001.311354,1.899
13001.509204,1.839
13001.708454,1.647
13001.905203999999,1.44
13002.103353999999,0.9530000000000001
13002.301354,0.8240000000000001
13002.499204,0.725
13003.291353999999,0.278
13003.489404,0.096
13003.687603999999,0.196
13003.885403999999,0.251
13004.083353999999,0.244
13004.281353999999,0.27
13004.479354,0.278
13004.677953999999,0.503
13004.875403999999,0.75
13005.073654,0.729
13005.469404,0.631
13007.647604,0.91
13012.597904,0.65
13012.795903999999,0.834
13012.993954,0.34600000000000003
13013.191954,0.61
13013.389904,0.369
13013.587904,0.315
13013.786603999999,0.17200000000000001
13014.181203999999,0.264
13014.379203999999,0.13
13014.577204,0.313
13014.775204,0.229
13014.973204,0.294
13015.171204,0.28
13015.369203999999,0.308
13015.567203999999,0.034
13015.765254,0.502
13015.963254,0.545
13016.162654,0.513
13016.953204,0.07200000000000001
13017.151453999999,0.27
13017.349253999999,0.298
13017.547254,0.219
13017.747054,0.039
13017.943503999999,0.088
13018.141504,0.148
13018.339504,0.241
13018.933503999999,0.5680000000000001
13019.131503999999,0.43
13019.329504,0.318
13019.527304,0.201
13019.725504,0.18
13019.923503999999,0.20400000000000001
13020.121653999999,0.213
13020.319504,0.091
13020.517504,0.06
13020.715504,0.127
13020.913504,0.098
13021.111703999999,0.243
13021.309554,0.137
13021.507554,0.024
13021.707354,0.034
13021.903553999999,0.11900000000000001
13022.101703999999,0.069
13022.299704,0.12
13022.497554,0.14200000000000002
13022.695754,0.159
13022.893554,0.063
13023.091754,0.20700000000000002
13023.289754,0.158
13023.487604,0.042
13023.685754,0.167
13023.883753999999,0.112
13024.081753999999,0.067
13024.279754,0.305
13024.477754,0.14200000000000002
13024.675754,0.067
13024.874004,0.159
13025.071753999999,0.184
13025.269804,0.187
13025.467754,0.068
13025.665904,0.09
13025.863754,0.17300000000000001
13026.062004,0.126
13026.259753999999,0.08
13026.457804,0.127
13026.655954,0.192
13026.854054,0.23900000000000002
13027.052054,0.094
13027.250554,0.092
13027.447954,0.035
13027.645954,0.10300000000000001
13027.844203999999,0.092
13028.042054,0.079
13028.240054,0.224
13028.437953999999,0.147
13028.636454,0.154
13028.834004,0.107
13029.032204,0.06
13029.230054,0.026000000000000002
13029.428204,0.046
13029.626004,0.036000000000000004
13029.824203999999,0.066
13030.022203999999,0.036000000000000004
13030.220104,0.025
13030.418204,0.074
13030.616004,0.043000000000000003
13030.814253999999,0.027
13031.012254,0.124
13031.210254,0.027
13031.408254,0.061
13031.606254,0.032
13031.804054,0.037
13032.003904,0.006
13032.200254,0.049
13032.398153999999,0.039
13032.596254,0.026000000000000002
13032.794453999999,0.006
13032.992304,0.011
13033.190304,0.026000000000000002
