timestamps,Speed
s,m/s
2201.268204,0.138
2201.466204,0.054
2201.664304,0.031
2201.862254,0.078
2202.060004,0.091
2202.258254,0.117
2202.4562539999997,0.064
2202.654254,0.036000000000000004
2202.852254,0.017
2203.0502539999998,0.082
2203.248254,0.019
2203.446404,0.07200000000000001
2203.644404,0.032
2203.8422539999997,0.025
2204.040254,0.077
2204.238054,0.107
2204.436304,0.11
2204.634454,0.099
2204.833554,0.058
2205.030254,0.056
2205.2283039999998,0.051000000000000004
2205.426254,0.017
2205.624454,0.02
2205.822454,0.093
2206.020304,0.054
2206.218504,0.063
2206.416304,0.054
2206.614454,0.059000000000000004
2206.812454,0.11
2207.0104539999998,0.154
2207.208454,0.23800000000000002
2207.406454,0.121
2207.604504,0.107
2207.8025039999998,0.069
2208.000504,0.091
2208.198354,0.115
2208.396504,0.099
2208.5947539999997,0.012
2208.792504,0.153
2208.990504,0.11
2209.188654,0.137
2209.386504,0.169
2209.584754,0.068
2209.782554,0.083
2209.981954,0.279
2210.178654,0.109
2210.376554,0.20600000000000002
2210.5747539999998,0.14400000000000002
2210.773604,0.038
2210.970554,0.016
2211.168554,0.079
2211.366654,0.106
2211.564754,0.177
2211.762804,0.153
2211.960554,0.078
2212.159354,0.095
2212.356704,0.117
2212.5549539999997,0.078
2212.754454,0.038
2212.950804,0.084
2213.148554,0.088
2213.346704,0.10400000000000001
2213.544954,0.056
2213.742804,0.167
2213.940854,0.201
2214.138954,0.247
2214.336754,0.181
2214.5349539999997,0.181
2214.732954,0.134
2214.930804,0.193
2215.128954,0.148
2215.3267539999997,0.17200000000000001
2215.524954,0.127
2215.723004,0.125
2215.920854,0.259
2216.1190039999997,0.23700000000000002
2216.317004,0.139
2216.5158539999998,0.123
2216.7130039999997,0.121
2216.911004,0.191
2217.109004,0.22
2217.307004,0.191
2217.505004,0.122
2217.703004,0.246
2217.901054,0.073
2218.296254,0.101
2218.494304,0.098
2218.6923039999997,0.369
2218.890304,0.164
2219.088304,0.025
2219.2863039999997,0.166
2219.484304,0.18
2219.682554,0.078
2219.880304,0.17500000000000002
2220.078304,0.193
2220.276504,0.08600000000000001
2220.474304,0.099
2220.6725539999998,0.08700000000000001
2220.8703539999997,0.293
2221.068354,0.192
2221.266554,0.131
2221.464304,0.065
2221.662554,0.085
2221.860554,0.227
2222.058354,0.169
2222.257804,0.073
2222.454554,0.183
2222.652604,0.095
2222.8506039999997,0.054
2223.048354,0.248
2223.247654,0.396
2223.444604,0.265
2223.642754,0.255
2223.840604,0.10300000000000001
2224.038604,0.129
2224.237804,0.077
2224.434604,0.047
2224.6327539999997,0.106
2224.830654,0.083
2225.0286539999997,0.03
2225.226604,0.094
2225.424604,0.04
2225.622754,0.035
2225.820804,0.109
2226.018654,0.079
2226.2168039999997,0.191
2226.4146539999997,0.187
2226.612804,0.076
2226.8108039999997,0.042
2227.008804,0.098
2227.206804,0.17200000000000001
2227.404804,0.091
2227.6030539999997,0.022
2227.800804,0.023
2227.998804,0.076
2228.196854,0.034
2228.394854,0.024
2228.5931539999997,0.066
2228.790854,0.028
2228.9888539999997,0.088
2229.187004,0.038
2229.384854,0.02
2229.5830539999997,0.037
2229.781754,0.059000000000000004
2229.978854,0.041
2230.177004,0.084
2230.3748539999997,0.11
2230.573104,0.015
2230.770854,0.019
2230.9688539999997,0.007
2231.167004,0.036000000000000004
2231.3650039999998,0.08600000000000001
2231.563104,0.008
2231.7611039999997,0.041
2231.958904,0.06
2232.157054,0.082
2232.355054,0.106
2232.5531539999997,0.012
2232.751154,0.054
2232.949154,0.092
2233.147054,0.14300000000000002
2233.345054,0.152
2233.5432539999997,0.096
2233.741154,0.186
2233.9391539999997,0.246
2234.137054,0.042
2234.3350539999997,0.17200000000000001
2234.533304,0.149
2234.731304,0.088
2234.929154,0.074
2235.127304,0.122
2235.325054,0.124
2235.523304,0.138
2235.7213039999997,0.037
2235.919104,0.035
2236.117304,0.116
2236.315104,0.073
2236.5133539999997,0.077
2236.711354,0.036000000000000004
2236.909354,0.045
2237.1073539999998,0.097
2237.305354,0.039
2237.505404,0.082
2237.898604,0.094
2238.2946039999997,0.125
2238.492604,0.073
2238.690604,0.113
2238.8886039999998,0.052000000000000005
2239.0866539999997,0.185
2239.284654,0.10200000000000001
2239.482654,0.152
2239.680654,0.027
2239.878654,0.065
2240.076654,0.075
2240.274854,0.003
2240.4726539999997,0.131
2240.670854,0.124
2240.868654,0.091
2241.0666539999997,0.081
2241.264904,0.121
2241.462704,0.041
2241.660904,0.164
2241.8589039999997,0.166
2242.056654,0.116
2242.254904,0.078
2242.4529039999998,0.099
2242.650904,0.09
2242.848904,0.042
2243.046704,0.067
2243.2449039999997,0.088
2243.443104,0.226
2243.640954,0.271
2243.838954,0.168
2244.037104,0.159
2244.234904,0.126
2244.432904,0.08700000000000001
2244.631104,0.026000000000000002
2244.828954,0.107
2245.026954,0.036000000000000004
2245.224954,0.125
2245.422954,0.181
2245.621104,0.20700000000000002
2245.8191039999997,0.078
2246.0169539999997,0.056
2246.215104,0.081
2246.4131039999997,0.029
2246.6111539999997,0.041
2246.809154,0.055
2247.007154,0.091
2247.2051539999998,0.017
2247.403004,0.012
2247.6033039999998,0.022
2247.799154,0.07200000000000001
2247.9971539999997,0.062
2248.195154,0.12
2248.393154,0.057
2248.5911539999997,0.115
2248.789154,0.059000000000000004
2248.987204,0.132
2249.185204,0.17200000000000001
2249.3834039999997,0.098
2249.581404,0.11900000000000001
2249.779154,0.11900000000000001
2249.977354,0.044
2250.175304,0.066
2250.373204,0.165
2250.571404,0.045
2250.771354,0.034
2250.967204,0.037
2251.1653539999998,0.035
2251.363354,0.07100000000000001
2251.5614539999997,0.032
2251.759454,0.038
2251.957204,0.10200000000000001
2252.1574539999997,0.149
2252.353604,0.089
2252.551454,0.094
2252.749454,0.066
2252.947404,0.07
2253.145404,0.066
2253.3434039999997,0.12
2253.541654,0.114
2253.739454,0.056
2253.939704,0.019
2254.135404,0.062
2254.333404,0.043000000000000003
2254.531604,0.047
2254.729504,0.075
2254.9275039999998,0.114
2255.125454,0.051000000000000004
2255.325704,0.054
2255.5216539999997,0.036000000000000004
2255.719654,0.079
2255.917654,0.006
2256.1156539999997,0.08600000000000001
2256.313454,0.035
2256.511654,0.039
2256.709654,0.158
2256.907554,0.035
2257.105704,0.084
2257.303704,0.156
2257.698954,0.17500000000000002
2258.0949539999997,0.097
2258.292954,0.063
2258.490954,0.032
2258.6889539999997,0.069
2258.886954,0.013000000000000001
2259.085154,0.047
2259.282954,0.041
2259.480954,0.059000000000000004
2259.678954,0.066
2259.877004,0.03
2260.075004,0.07100000000000001
2260.2730039999997,0.053
2260.471004,0.046
2260.669204,0.033
2260.866954,0.02
2261.065204,0.013000000000000001
2261.263204,0.157
2261.4612039999997,0.08
2261.6592539999997,0.096
2261.857004,0.11
2262.055254,0.244
2262.2532539999997,0.219
2262.451404,0.20500000000000002
2262.649254,0.074
2262.847254,0.123
2263.045254,0.053
2263.243254,0.081
2263.441454,0.126
2263.6392539999997,0.177
2263.837254,0.19
2264.035254,0.06
2264.233304,0.065
2264.431454,0.214
2264.629454,0.276
2264.827254,0.153
2265.025454,0.111
2265.223254,0.046
2265.421454,0.084
2265.6194539999997,0.073
2265.8173039999997,0.096
2266.015304,0.111
2266.2134539999997,0.221
2266.4113039999997,0.221
2266.609454,0.084
2266.807454,0.047
2267.005304,0.115
2267.203454,0.017
2267.402154,0.042
2267.599504,0.105
2267.797504,0.099
2267.995654,0.115
2268.193504,0.08700000000000001
2268.3915039999997,0.032
2268.589504,0.067
2268.787504,0.08600000000000001
2268.9855039999998,0.067
2269.183504,0.11
2269.381754,0.065
2269.579554,0.053
2269.777554,0.066
2269.975504,0.08
2270.173704,0.067
2270.371754,0.057
2270.570404,0.114
2270.767554,0.019
2270.965754,0.193
2271.163654,0.028
2271.361554,0.10300000000000001
2271.559804,0.063
2271.757804,0.069
2271.955704,0.046
2272.153704,0.07200000000000001
2272.3519539999998,0.115
2272.549754,0.046
2272.747804,0.105
2272.9457039999998,0.029
2273.143704,0.183
2273.341954,0.077
2273.539804,0.1
2273.738454,0.111
2273.935954,0.024
2274.133754,0.064
2274.3319539999998,0.016
2274.529954,0.036000000000000004
2274.727804,0.034
2274.925954,0.034
2275.1244039999997,0.019
2275.321954,0.046
2275.520004,0.046
2275.718004,0.037
2275.9160039999997,0.057
2276.114004,0.032
2276.312004,0.079
2276.5100039999998,0.032
2276.708004,0.083
2276.906654,0.02
2277.104004,0.027
2277.302154,0.059000000000000004
2277.6972539999997,0.10400000000000001
2277.895254,0.042
2278.093254,0.045
2278.291304,0.039
2278.4893039999997,0.114
2278.687304,0.079
2278.885304,0.034
2279.0833039999998,0.026000000000000002
2279.281304,0.017
2279.479504,0.054
2279.677304,0.094
2279.8753039999997,0.009000000000000001
2280.073504,0.033
2280.271304,0.016
2280.469554,0.077
2280.6673539999997,0.085
2280.865354,0.045
2281.063554,0.015
2281.2615539999997,0.056
2281.459554,0.023
2281.657554,0.009000000000000001
2281.855354,0.073
2282.053554,0.099
2282.251554,0.188
2282.449604,0.177
2282.647604,0.131
2282.845604,0.117
2283.043604,0.056
2283.241604,0.076
2283.439754,0.131
2283.637604,0.04
2283.835604,0.059000000000000004
2284.0336039999997,0.013000000000000001
2284.231604,0.019
2284.4304039999997,0.073
2284.627604,0.022
2284.825604,0.034
2285.023754,0.005
2285.221604,0.028
2285.419754,0.068
2285.617754,0.035
2285.815654,0.079
2286.0138039999997,0.085
2286.2116539999997,0.059000000000000004
2286.409804,0.151
2286.6078039999998,0.021
2286.805804,0.05
2287.003804,0.14400000000000002
2287.201804,0.134
2287.3998039999997,0.068
2287.598454,0.021
2287.795804,0.07100000000000001
2287.9938039999997,0.048
2288.1918539999997,0.114
2288.389854,0.05
2288.587854,0.063
2288.7858539999997,0.07200000000000001
2288.984004,0.058
2289.181854,0.067
2289.3800539999997,0.077
2289.577854,0.052000000000000005
2289.775854,0.006
2289.9740039999997,0.12
2290.1718539999997,0.074
2290.370104,0.131
2290.568104,0.056
2290.7665039999997,0.078
2290.964004,0.07
2291.162004,0.07200000000000001
2291.360104,0.128
2291.5581039999997,0.025
2291.755904,0.047
2291.954054,0.10400000000000001
2292.152704,0.036000000000000004
2292.350254,0.013000000000000001
2292.548154,0.009000000000000001
2292.746104,0.048
2292.944054,0.026000000000000002
2293.142254,0.059000000000000004
2293.3402539999997,0.171
2293.538154,0.061
2293.7361539999997,0.11
2293.934704,0.097
2294.1320539999997,0.015
2294.330304,0.044
2294.528304,0.036000000000000004
2294.726154,0.027
2294.924304,0.069
2295.122054,0.006
2295.320954,0.055
2295.5183039999997,0.08600000000000001
2295.716204,0.028
2295.914304,0.052000000000000005
2296.112354,0.044
2296.3103539999997,0.038
2296.508354,0.035
2296.7065039999998,0.085
2296.904354,0.044
2297.102504,0.108
2297.4976039999997,0.034
2297.695604,0.09
2297.893604,0.061
2298.0916039999997,0.10200000000000001
2298.289604,0.042
2298.487604,0.029
2298.685604,0.068
2298.883604,0.017
2299.081654,0.074
2299.279654,0.059000000000000004
2299.477654,0.029
2299.675654,0.035
2299.873854,0.057
2300.071854,0.021
2300.2696539999997,0.076
2300.467854,0.062
2300.665654,0.091
2300.8636539999998,0.058
2301.061854,0.027
2301.259654,0.054
2301.457904,0.064
2301.6559039999997,0.022
2301.853904,0.063
2302.051904,0.055
2302.250054,0.027
2302.447904,0.046
2302.645904,0.109
2302.843904,0.054
2303.0419039999997,0.023
2303.239904,0.039
2303.438104,0.044
2303.635954,0.084
2303.833904,0.038
2304.031904,0.024
2304.229904,0.012
2304.428104,0.077
2304.625954,0.14300000000000002
2304.823954,0.056
2305.021954,0.11900000000000001
2305.220104,0.042
2305.418104,0.051000000000000004
2305.6161039999997,0.024
2305.814104,0.038
2306.012104,0.05
2306.209954,0.077
2306.408104,0.114
2306.606154,0.025
2306.804004,0.054
2307.002154,0.043000000000000003
2307.200154,0.066
2307.398154,0.101
2307.596154,0.056
2307.794804,0.008
2307.992154,0.03
2308.190354,0.053
2308.3881539999998,0.031
2308.586154,0.021
2308.784304,0.05
2308.982304,0.05
2309.180804,0.005
2309.378404,0.06
2309.576154,0.031
2309.7741539999997,0.1
2309.972304,0.045
2310.170204,0.034
2310.368404,0.034
2310.5662039999997,0.079
2310.764354,0.065
2310.9630039999997,0.068
2311.1606039999997,0.045
2311.3584539999997,0.043000000000000003
2311.556454,0.03
2311.7543539999997,0.055
2311.952354,0.079
2312.150354,0.041
2312.349104,0.081
2312.546454,0.041
2312.7444539999997,0.021
2312.942404,0.018000000000000002
2313.1404039999998,0.084
2313.338604,0.05
2313.536454,0.05
2313.734454,0.042
2313.9324039999997,0.078
2314.130604,0.017
2314.328604,0.039
2314.5266039999997,0.013000000000000001
2314.724654,0.036000000000000004
2314.922654,0.024
2315.120404,0.012
2315.3186539999997,0.045
2315.517254,0.03
2315.714654,0.027
2315.9126539999997,0.028
2316.110404,0.022
2316.308654,0.044
2316.506654,0.036000000000000004
2316.704654,0.048
2317.0999039999997,0.032
2317.495954,0.041
2317.693954,0.042
2317.8919539999997,0.027
2318.089954,0.045
2318.288204,0.022
2318.4859539999998,0.053
2318.683954,0.043000000000000003
2318.881954,0.0
2319.079954,0.054
2319.2779539999997,0.05
2319.475954,0.02
2319.673954,0.025
2319.872004,0.022
2320.070204,0.053
2320.268204,0.078
2320.466204,0.035
2320.663954,0.062
2320.862204,0.025
2321.060204,0.043000000000000003
2321.2582039999998,0.016
2321.456204,0.053
2321.654004,0.038
2321.852204,0.061
2322.0502539999998,0.013000000000000001
2322.248404,0.02
2322.446254,0.062
2322.644254,0.07
2322.842204,0.076
2323.040254,0.026000000000000002
2323.2384039999997,0.051000000000000004
2323.4362539999997,0.069
2323.634254,0.018000000000000002
2323.832454,0.037
2324.030254,0.069
2324.228254,0.055
2324.426404,0.073
2324.624254,0.031
2324.822404,0.015
2325.020254,0.048
2325.218454,0.022
2325.4164539999997,0.055
2325.614454,0.043000000000000003
2325.812304,0.035
2326.0104539999998,0.031
2326.208454,0.029
2326.406454,0.02
2326.604454,0.042
2326.8024539999997,0.013000000000000001
2327.000454,0.025
2327.198304,0.038
2327.396504,0.018000000000000002
2327.5945039999997,0.037
2327.7932539999997,0.013000000000000001
2327.990504,0.082
2328.1885039999997,0.081
2328.386454,0.024
2328.584504,0.009000000000000001
2328.782504,0.047
2328.980504,0.019
2329.179404,0.028
2329.376754,0.007
2329.5745039999997,0.097
2329.772654,0.012
2329.9706539999997,0.018000000000000002
2330.168754,0.027
2330.3667539999997,0.042
2330.564504,0.048
2330.762654,0.025
2330.961304,0.057
2331.158904,0.02
2331.356754,0.039
2331.554804,0.051000000000000004
2331.752704,0.043000000000000003
2331.950704,0.017
2332.148954,0.027
2332.347404,0.045
2332.544704,0.035
2332.742704,0.054
2332.940704,0.045
2333.138954,0.047
2333.336954,0.062
2333.534804,0.048
2333.732954,0.044
2333.930754,0.041
2334.128954,0.03
2334.326954,0.052000000000000005
2334.5248039999997,0.021
2334.722954,0.047
2334.9209539999997,0.052000000000000005
2335.118954,0.08
2335.316954,0.051000000000000004
2335.515654,0.063
2335.7130039999997,0.054
2335.911004,0.051000000000000004
2336.109004,0.084
2336.307004,0.054
2336.505004,0.01
2336.703154,0.056
2337.098254,0.046
2337.296254,0.015
2337.4942539999997,0.064
2337.692254,0.013000000000000001
2337.890254,0.048
2338.088254,0.015
2338.2863039999997,0.033
2338.484304,0.048
2338.682304,0.018000000000000002
2338.8805039999997,0.017
2339.078304,0.057
2339.276504,0.014
2339.474304,0.029
2339.6723039999997,0.073
2339.870504,0.019
2340.068304,0.011
2340.266554,0.018000000000000002
2340.4645539999997,0.04
2340.662304,0.031
2340.860554,0.03
2341.0585539999997,0.052000000000000005
2341.256554,0.031
2341.454554,0.043000000000000003
2341.6523039999997,0.045
2341.850554,0.052000000000000005
2342.048554,0.085
2342.246554,0.059000000000000004
2342.444604,0.016
2342.642604,0.021
2342.840604,0.02
2343.0385539999997,0.043000000000000003
2343.236704,0.045
2343.434554,0.047
2343.632604,0.075
2343.830554,0.095
2344.028604,0.084
2344.226754,0.055
2344.424754,0.006
2344.622754,0.07200000000000001
2344.821404,0.046
2345.018604,0.041
2345.216754,0.014
2345.414754,0.09
2345.612604,0.062
2345.8108039999997,0.023
2346.008804,0.007
2346.207454,0.014
2346.404804,0.07200000000000001
2346.602804,0.117
2346.800804,0.036000000000000004
2346.998804,0.039
2347.1968039999997,0.025
2347.394804,0.025
2347.592804,0.022
2347.7908039999998,0.034
2347.989454,0.045
2348.187054,0.06
2348.384854,0.054
2348.583004,0.009000000000000001
2348.781004,0.021
2348.978804,0.067
2349.1770539999998,0.042
2349.375504,0.034
2349.572854,0.008
2349.7710039999997,0.029
2349.969004,0.094
2350.167104,0.053
2350.365104,0.05
2350.563004,0.01
2350.761004,0.044
2350.959004,0.028
2351.157104,0.047
2351.3551039999998,0.095
2351.553104,0.054
2351.7510039999997,0.153
2351.949004,0.029
2352.147254,0.017
2352.345104,0.02
2352.543904,0.031
2352.741054,0.06
2352.939054,0.021
2353.1372539999998,0.076
2353.335104,0.083
2353.533254,0.06
2353.731254,0.089
2353.9290539999997,0.03
2354.127304,0.049
2354.325304,0.025
2354.523304,0.061
2354.7213039999997,0.08700000000000001
2354.919054,0.021
2355.117304,0.024
2355.3153039999997,0.023
2355.513454,0.059000000000000004
2355.711954,0.077
2355.909304,0.131
2356.107304,0.061
2356.305354,0.058
2356.700604,0.045
2357.096604,0.048
2357.2946039999997,0.073
2357.492604,0.023
2357.690804,0.057
2357.8886039999998,0.112
2358.086804,0.076
2358.284604,0.019
2358.482604,0.132
2358.680804,0.074
2358.878604,0.08600000000000001
2359.076654,0.046
2359.274854,0.136
2359.4726539999997,0.026000000000000002
2359.670854,0.048
2359.868854,0.062
2360.066604,0.023
2360.264854,0.014
2360.462654,0.073
2360.6608539999997,0.05
2360.858854,0.113
2361.057054,0.045
2361.254904,0.045
2361.4529039999998,0.092
2361.650904,0.048
2361.848904,0.065
2362.046904,0.122
2362.2449039999997,0.069
2362.442904,0.021
2362.640704,0.112
2362.8389039999997,0.041
2363.037054,0.024
2363.235104,0.053
2363.432904,0.062
2363.631054,0.056
2363.828904,0.06
2364.0270539999997,0.068
2364.225054,0.084
2364.422954,0.07
2364.621104,0.014
2364.8200039999997,0.028
2365.0169539999997,0.023
2365.215104,0.053
2365.4131039999997,0.082
2365.611104,0.053
2365.809104,0.021
2366.006954,0.05
2366.205754,0.065
2366.403104,0.014
2366.6012539999997,0.062
2366.799154,0.032
2366.997354,0.038
2367.195154,0.047
2367.393154,0.023
2367.591304,0.036000000000000004
2367.789154,0.025
2367.988004,0.032
2368.185154,0.101
2368.383154,0.066
2368.581304,0.07
2368.7793039999997,0.11800000000000001
2368.9771539999997,0.093
2369.175404,0.031
2369.373804,0.059000000000000004
2369.571304,0.049
2369.769304,0.048
2369.967404,0.018000000000000002
2370.165404,0.034
2370.3634039999997,0.033
2370.561354,0.082
2370.759354,0.003
2370.957554,0.098
2371.1554539999997,0.025
2371.353404,0.019
2371.5513539999997,0.069
2371.749354,0.011
2371.947354,0.042
2372.1455539999997,0.034
2372.343454,0.034
2372.542254,0.022
2372.739354,0.048
2372.9376039999997,0.062
2373.135604,0.015
2373.333454,0.021
2373.531604,0.061
2373.729354,0.026000000000000002
2373.927604,0.029
2374.125604,0.018000000000000002
2374.3236039999997,0.019
2374.521604,0.036000000000000004
2374.719654,0.053
2374.917404,0.048
2375.1156539999997,0.151
2375.313654,0.076
2375.511654,0.073
2375.710254,0.03
2375.907804,0.1
2376.105654,0.117
2376.303654,0.015
2376.698904,0.042
2376.8969039999997,0.10300000000000001
2377.094904,0.079
2377.292904,0.014
2377.490904,0.053
2377.6889539999997,0.014
2377.886954,0.05
2378.084954,0.084
2378.282954,0.057
2378.480954,0.043000000000000003
2378.679154,0.011
2378.876954,0.012
2379.075154,0.012
2379.272954,0.078
2379.470954,0.046
2379.6691539999997,0.06
2379.8672039999997,0.024
2380.064954,0.034
2380.263204,0.064
2380.4609539999997,0.016
2380.659204,0.016
2380.857204,0.064
2381.055004,0.018000000000000002
2381.253204,0.036000000000000004
2381.451204,0.051000000000000004
2381.649204,0.044
2381.8472039999997,0.034
2382.045404,0.042
2382.243254,0.074
2382.4412039999997,0.036000000000000004
2382.639204,0.013000000000000001
2382.837204,0.07200000000000001
2383.0354039999997,0.025
2383.234054,0.056
2383.431254,0.01
2383.629404,0.027
2383.827254,0.02
2384.0252539999997,0.006
2384.223404,0.038
2384.421254,0.032
2384.619404,0.047
2384.817254,0.111
2385.0160539999997,0.01
2385.2134539999997,0.03
2385.411454,0.047
2385.609454,0.034
2385.807454,0.037
2386.005304,0.052000000000000005
2386.203454,0.056
2386.402104,0.023
2386.5994539999997,0.03
2386.797454,0.10300000000000001
2386.995704,0.10300000000000001
2387.1934539999997,0.078
2387.391454,0.03
2387.589604,0.043000000000000003
2387.787504,0.053
2387.9857039999997,0.034
2388.183454,0.065
2388.381454,0.08700000000000001
2388.579604,0.037
2388.777604,0.068
2388.975504,0.053
2389.173704,0.015
2389.3715039999997,0.131
2389.570304,0.111
2389.7676539999998,0.093
2389.965754,0.127
2390.1637539999997,0.019
2390.361504,0.036000000000000004
2390.5596539999997,0.022
2390.757654,0.016
2390.955904,0.03
2391.153754,0.008
2391.351754,0.076
2391.549704,0.063
2391.747704,0.05
2391.9457039999998,0.029
2392.1437539999997,0.046
2392.341754,0.089
2392.539704,0.134
2392.738354,0.091
2392.935904,0.018000000000000002
2393.133904,0.023
2393.331804,0.04
2393.529954,0.07200000000000001
2393.727754,0.047
2393.925954,0.011
2394.124554,0.04
2394.3218039999997,0.101
2394.519954,0.096
2394.7179539999997,0.046
2394.915954,0.05
2395.113954,0.027
2395.311954,0.046
2395.5100039999998,0.052000000000000005
2395.708004,0.039
2395.906704,0.057
2396.1039539999997,0.089
2396.499254,0.031
2396.6972539999997,0.044
2396.895254,0.062
2397.093254,0.07
2397.2912539999998,0.006
2397.489254,0.085
2397.687254,0.105
2397.885254,0.07100000000000001
2398.0835039999997,0.036000000000000004
2398.281254,0.026000000000000002
2398.479304,0.032
2398.6775039999998,0.03
2398.875254,0.038
2399.073504,0.029
2399.2712539999998,0.07100000000000001
2399.469254,0.039
2399.667504,0.017
2399.865504,0.017
2400.0635039999997,0.047
2400.261504,0.027
2400.459304,0.039
2400.657554,0.011
2400.8555539999998,0.065
2401.053554,0.02
2401.251554,0.047
2401.4493039999998,0.054
2401.647504,0.054
2401.845554,0.059000000000000004
2402.044354,0.012
2402.2415539999997,0.07100000000000001
2402.439554,0.026000000000000002
2402.637554,0.076
2402.835554,0.08600000000000001
2403.033704,0.032
2403.231554,0.061
2403.429554,0.029
2403.6275539999997,0.088
2403.825554,0.033
2404.023754,0.028
2404.2217539999997,0.027
2404.4196039999997,0.041
2404.617754,0.074
2404.815604,0.044
2405.013754,0.126
2405.211754,0.031
2405.409754,0.026000000000000002
2405.607754,0.109
2405.805754,0.056
2406.003804,0.037
2406.201804,0.073
2406.3998039999997,0.05
2406.598404,0.043000000000000003
2406.795804,0.007
2406.993754,0.042
2407.191804,0.08
2407.389804,0.026000000000000002
2407.587954,0.082
2407.785804,0.053
2407.984054,0.08700000000000001
2408.181804,0.018000000000000002
2408.3798039999997,0.061
2408.577954,0.029
2408.775804,0.031
2408.974054,0.089
2409.171804,0.062
2409.369804,0.063
2409.567954,0.092
2409.766604,0.042
2409.964054,0.014
2410.162104,0.004
2410.359854,0.047
2410.558004,0.025
2410.756004,0.032
2410.954054,0.066
2411.152704,0.025
2411.350104,0.03
2411.5480039999998,0.05
2411.746004,0.042
2411.944254,0.07
2412.142104,0.059000000000000004
2412.340104,0.015
2412.538004,0.035
2412.736004,0.04
2412.9349039999997,0.046
2413.132254,0.034
2413.3301039999997,0.016
2413.528254,0.038
2413.7260539999997,0.058
2413.924254,0.083
2414.122304,0.083
2414.320754,0.021
2414.5183039999997,0.068
2414.716054,0.036000000000000004
2414.914304,0.058
2415.1122539999997,0.049
2415.310304,0.078
2415.508304,0.066
2415.706304,0.025
2415.9043039999997,0.021
2416.102304,0.025
2416.497554,0.054
2416.695554,0.061
2416.893804,0.095
2417.0916039999997,0.022
2417.289604,0.027
2417.487804,0.036000000000000004
2417.685604,0.038
2417.883604,0.009000000000000001
2418.081554,0.028
2418.279604,0.04
2418.4776039999997,0.05
2418.675804,0.012
2418.873604,0.031
2419.071854,0.027
2419.269604,0.027
2419.467604,0.037
2419.665854,0.07100000000000001
2419.8638539999997,0.013000000000000001
2420.061854,0.012
2420.259604,0.051000000000000004
2420.4578539999998,0.047
2420.655854,0.051000000000000004
2420.853854,0.037
2421.051854,0.02
2421.249904,0.033
2421.447654,0.055
2421.645854,0.026000000000000002
2421.8438539999997,0.018000000000000002
2422.041854,0.022
2422.239854,0.074
2422.437904,0.025
2422.6359039999998,0.023
2422.834054,0.03
2423.032054,0.023
2423.229904,0.028
2423.428054,0.034
2423.625904,0.107
2423.823904,0.042
2424.022054,0.033
2424.220054,0.07100000000000001
2424.417904,0.075
2424.6161039999997,0.049
2424.814104,0.018000000000000002
2425.012104,0.016
2425.210104,0.043000000000000003
2425.407954,0.025
2425.606104,0.077
2425.804104,0.061
2426.0021039999997,0.042
2426.200104,0.031
2426.3982539999997,0.02
2426.5961039999997,0.04
2426.7950539999997,0.039
2426.992154,0.03
2427.190104,0.056
2427.388104,0.044
2427.586104,0.039
2427.784104,0.03
2427.9823539999998,0.035
2428.180804,0.027
2428.378154,0.01
2428.5763039999997,0.077
2428.774404,0.036000000000000004
2428.972404,0.008
2429.170154,0.046
2429.368304,0.093
2429.566304,0.08700000000000001
2429.764554,0.042
2429.963054,0.022
2430.1604039999997,0.066
2430.358304,0.045
2430.5563039999997,0.033
2430.754554,0.066
2430.952404,0.051000000000000004
2431.150404,0.047
2431.348954,0.036000000000000004
2431.546354,0.107
2431.744554,0.092
2431.9425539999997,0.059000000000000004
2432.1404039999998,0.078
2432.338554,0.031
2432.536354,0.014
2432.7346039999998,0.026000000000000002
2432.932604,0.022
2433.130454,0.033
2433.328604,0.025
2433.5266039999997,0.091
2433.724604,0.08600000000000001
2433.922604,0.027
2434.1206039999997,0.063
2434.318604,0.058
2434.517254,0.038
2434.714604,0.026000000000000002
2434.912604,0.018000000000000002
2435.110654,0.045
2435.3087539999997,0.035
2435.703904,0.065
2436.0999039999997,0.039
2436.297904,0.042
2436.495904,0.02
2436.6939039999997,0.026000000000000002
2436.891904,0.059000000000000004
2437.089904,0.10300000000000001
2437.287904,0.075
2437.4859039999997,0.027
2437.683904,0.031
2437.882154,0.039
2438.079954,0.051000000000000004
2438.277904,0.045
2438.476154,0.022
2438.6739039999998,0.042
2438.871904,0.039
2439.070154,0.051000000000000004
2439.267954,0.057
2439.4661539999997,0.08600000000000001
2439.664154,0.039
2439.862204,0.016
2440.060204,0.028
2440.2579539999997,0.013000000000000001
2440.455954,0.047
2440.654154,0.027
2440.852204,0.06
2441.0502039999997,0.035
2441.248204,0.042
2441.446204,0.032
2441.6442039999997,0.099
2441.842354,0.029
2442.040204,0.053
2442.2382039999998,0.033
2442.435954,0.037
2442.634204,0.035
2442.832204,0.035
2443.030354,0.03
2443.228254,0.035
2443.426254,0.073
2443.624254,0.05
2443.822404,0.013000000000000001
2444.020404,0.046
2444.218254,0.026000000000000002
2444.416404,0.044
2444.614404,0.025
2444.812404,0.02
2445.010404,0.037
2445.208404,0.091
2445.406404,0.016
2445.604454,0.109
2445.8022539999997,0.035
2446.000454,0.013000000000000001
2446.198454,0.066
2446.396404,0.066
2446.594454,0.042
2446.793304,0.063
2446.9904539999998,0.09
2447.188454,0.13
2447.386604,0.02
2447.584454,0.014
2447.7827039999997,0.009000000000000001
2447.980454,0.028
2448.179104,0.009000000000000001
2448.376604,0.021
2448.574604,0.025
2448.772704,0.017
2448.970704,0.025
2449.1685039999998,0.023
2449.366654,0.021
2449.564654,0.042
2449.762754,0.033
2449.961354,0.041
2450.158704,0.022
2450.3566539999997,0.029
2450.554654,0.013000000000000001
2450.752854,0.11900000000000001
2450.950754,0.098
2451.148754,0.013000000000000001
2451.347304,0.035
2451.544654,0.055
2451.7429039999997,0.046
2451.940904,0.048
2452.138754,0.031
2452.336904,0.033
2452.534654,0.03
2452.732904,0.056
2452.930904,0.048
2453.128804,0.033
2453.326904,0.037
2453.524704,0.033
2453.722954,0.018000000000000002
2453.9209539999997,0.049
2454.118954,0.013000000000000001
2454.316954,0.053
2454.515554,0.033
2454.712954,0.016
2454.910954,0.034
2455.108954,0.045
2455.3069539999997,0.005
2455.7022039999997,0.065
2456.098204,0.006
2456.2962039999998,0.055
2456.4942539999997,0.023
2456.692254,0.033
2456.890254,0.111
2457.088254,0.029
2457.286204,0.045
2457.484204,0.016
2457.682254,0.009000000000000001
2457.880454,0.043000000000000003
2458.078254,0.013000000000000001
2458.276254,0.016
2458.4744539999997,0.052000000000000005
2458.672254,0.03
2458.870504,0.03
2459.068254,0.03
2459.2662539999997,0.029
2459.464504,0.018000000000000002
2459.662504,0.015
2459.8605039999998,0.05
2460.058504,0.073
2460.256304,0.055
2460.454504,0.039
2460.6525039999997,0.031
2460.850504,0.037
2461.048504,0.067
2461.246304,0.085
2461.444504,0.032
2461.642504,0.07200000000000001
2461.8407039999997,0.022
2462.0385539999997,0.013000000000000001
2462.236554,0.064
2462.434554,0.054
2462.632704,0.027
2462.830704,0.024
2463.028554,0.036000000000000004
2463.226554,0.013000000000000001
2463.424704,0.039
2463.622554,0.019
2463.8207039999998,0.008
2464.0187539999997,0.047
2464.2166039999997,0.09
2464.414754,0.045
2464.6127539999998,0.024
2464.810754,0.012
2465.008754,0.053
2465.206754,0.058
2465.4047539999997,0.076
2465.602954,0.043000000000000003
2465.800754,0.06
2465.9987539999997,0.032
2466.196754,0.074
2466.394804,0.041
2466.593004,0.014
2466.791404,0.039
2466.988754,0.019
2467.186754,0.057
2467.384904,0.019
2467.583004,0.037
2467.781004,0.007
2467.978804,0.066
2468.1774539999997,0.032
2468.374954,0.069
2468.573054,0.043000000000000003
2468.771054,0.025
2468.969004,0.014
2469.166804,0.021
2469.3649539999997,0.056
2469.563154,0.016
2469.761054,0.037
2469.959704,0.012
2470.156854,0.067
2470.355004,0.024
2470.553004,0.056
2470.7512039999997,0.07200000000000001
2470.9490539999997,0.05
2471.147204,0.067
2471.345604,0.024
2471.543204,0.057
2471.741254,0.011
2471.939104,0.037
2472.137104,0.054
2472.335004,0.034
2472.533254,0.028
2472.731254,0.042
2472.9292539999997,0.025
2473.127254,0.047
2473.325254,0.035
2473.5232539999997,0.019
2473.721254,0.037
2473.919254,0.031
2474.117154,0.037
2474.315254,0.028
2474.513904,0.027
2474.711254,0.041
2474.9092539999997,0.011
2475.107254,0.02
2475.305254,0.062
2475.700554,0.058
2475.898554,0.043000000000000003
2476.0965539999997,0.036000000000000004
2476.294754,0.007
2476.492554,0.036000000000000004
2476.690554,0.033
2476.888554,0.023
2477.086554,0.004
2477.284604,0.016
2477.4825539999997,0.04
2477.680554,0.028
2477.878554,0.029
2478.0765539999998,0.046
2478.274554,0.044
2478.472804,0.067
2478.670804,0.05
2478.8688039999997,0.081
2479.066604,0.039
2479.264804,0.036000000000000004
2479.462854,0.016
2479.6606039999997,0.003
2479.858854,0.059000000000000004
2480.056804,0.058
2480.2546039999997,0.051000000000000004
2480.452804,0.032
2480.650854,0.009000000000000001
2480.848854,0.004
2481.0468539999997,0.045
2481.244654,0.025
2481.442854,0.044
2481.641004,0.055
2481.839004,0.041
2482.036854,0.04
2482.2350039999997,0.035
2482.4328539999997,0.019
2482.630854,0.043000000000000003
2482.829054,0.052000000000000005
2483.026904,0.017
2483.2249039999997,0.03
2483.422904,0.033
2483.620904,0.024
2483.819704,0.014
2484.017054,0.039
2484.214904,0.069
2484.413054,0.052000000000000005
2484.611054,0.053
2484.809054,0.01
2485.007104,0.053
2485.205704,0.023
2485.403104,0.036000000000000004
2485.601304,0.01
2485.799054,0.018000000000000002
2485.997054,0.099
2486.195104,0.085
2486.3931039999998,0.018000000000000002
2486.591104,0.048
2486.789104,0.023
2486.9877539999998,0.029
2487.1851039999997,0.079
2487.383254,0.066
2487.581354,0.011
2487.779354,0.033
2487.977104,0.035
2488.1752539999998,0.046
2488.373904,0.03
2488.5713539999997,0.061
2488.769354,0.014
2488.967154,0.057
2489.165304,0.012
2489.363304,0.031
2489.561504,0.068
2489.759354,0.041
2489.9573539999997,0.021
2490.155154,0.053
2490.3533039999998,0.029
2490.551504,0.019
2490.7494039999997,0.026000000000000002
2490.947404,0.06
2491.1455539999997,0.01
2491.343304,0.07200000000000001
2491.542204,0.036000000000000004
2491.7395539999998,0.069
2491.937404,0.07100000000000001
2492.135554,0.012
2492.333354,0.058
2492.5315539999997,0.027
2492.729554,0.026000000000000002
2492.927554,0.025
2493.125454,0.084
2493.3236039999997,0.031
2493.521604,0.008
2493.719554,0.042
2493.917554,0.089
2494.115604,0.036000000000000004
2494.313604,0.066
2494.511604,0.019
2494.710254,0.016
2494.907604,0.031
2495.105604,0.042
2495.500854,0.044
2495.6988539999998,0.099
2495.8969039999997,0.028
2496.094904,0.02
2496.292904,0.065
2496.490904,0.068
2496.689104,0.042
2496.886854,0.031
2497.084904,0.012
2497.283104,0.018000000000000002
2497.480904,0.018000000000000002
2497.679104,0.08600000000000001
2497.8769039999997,0.036000000000000004
2498.074904,0.046
2498.272904,0.054
2498.471154,0.032
2498.6691539999997,0.053
2498.867154,0.064
2499.064904,0.05
2499.2631539999998,0.062
2499.461154,0.024
2499.659154,0.069
2499.857154,0.016
2500.0549539999997,0.085
2500.253154,0.021
2500.451154,0.014
2500.649304,0.024
2500.847154,0.035
2501.045154,0.08700000000000001
2501.242954,0.044
2501.441154,0.034
2501.639354,0.038
2501.837204,0.037
2502.035204,0.075
2502.2332039999997,0.079
2502.431204,0.026000000000000002
2502.6293539999997,0.042
2502.827354,0.025
2503.025204,0.047
2503.2233539999997,0.029
2503.4212039999998,0.014
2503.619404,0.041
2503.817404,0.097
2504.016004,0.032
2504.213254,0.03
2504.411404,0.03
2504.609404,0.001
2504.8074039999997,0.049
2505.005404,0.028
2505.203254,0.048
2505.4020539999997,0.048
2505.599404,0.044
2505.797404,0.067
2505.995404,0.015
2506.193554,0.057
2506.391404,0.031
2506.589654,0.068
2506.7874039999997,0.022
2506.9854539999997,0.017
2507.1835539999997,0.061
2507.381454,0.024
2507.5796539999997,0.016
2507.777704,0.033
2507.975454,0.016
2508.173604,0.031
2508.371604,0.034
2508.570304,0.033
2508.7676539999998,0.047
2508.9654539999997,0.042
2509.163604,0.027
2509.3616039999997,0.006
2509.559854,0.036000000000000004
2509.757704,0.034
2509.955704,0.043000000000000003
2510.1536539999997,0.008
2510.351604,0.051000000000000004
2510.549854,0.004
2510.747704,0.089
2510.9457039999998,0.062
2511.143654,0.032
2511.341654,0.023
2511.5399039999998,0.016
2511.738554,0.027
2511.935754,0.011
2512.133904,0.018000000000000002
2512.331654,0.056
2512.529904,0.025
2512.727904,0.012
2512.925754,0.053
2513.124554,0.07200000000000001
2513.321904,0.08600000000000001
2513.5199039999998,0.036000000000000004
2513.717904,0.056
2513.915904,0.021
2514.113904,0.021
2514.3119039999997,0.023
2514.509904,0.011
2514.707904,0.02
2514.9065539999997,0.019
2515.1039539999997,0.043000000000000003
2515.4992039999997,0.026000000000000002
2515.697204,0.011
2515.895204,0.07100000000000001
2516.093204,0.03
2516.291204,0.012
2516.489204,0.027
2516.687204,0.027
2516.8852039999997,0.063
2517.083204,0.015
2517.281454,0.037
2517.4792039999998,0.04
2517.6774539999997,0.057
2517.875254,0.011
2518.073254,0.022
2518.2714539999997,0.026000000000000002
2518.469254,0.04
2518.667504,0.033
2518.865504,0.011
2519.0632539999997,0.032
2519.261454,0.047
2519.459454,0.024
2519.6574539999997,0.047
2519.855504,0.004
2520.053254,0.043000000000000003
2520.251504,0.04
2520.4495039999997,0.016
2520.647504,0.007
2520.845504,0.043000000000000003
2521.0435039999998,0.058
2521.241504,0.048
2521.439504,0.014
2521.637654,0.045
2521.8355039999997,0.031
2522.033504,0.055
2522.231504,0.022
2522.429554,0.026000000000000002
2522.627704,0.022
2522.825704,0.03
2523.023554,0.026000000000000002
2523.221704,0.009000000000000001
2523.419554,0.035
2523.617704,0.023
2523.815704,0.031
2524.013554,0.039
2524.211704,0.056
2524.409754,0.047
2524.6077539999997,0.034
2524.805754,0.047
2525.0037039999997,0.061
2525.201704,0.034
2525.399704,0.034
2525.5983539999997,0.026000000000000002
2525.7957539999998,0.014
2525.993754,0.018000000000000002
2526.191754,0.03
2526.389754,0.04
2526.5880039999997,0.026000000000000002
2526.785754,0.018000000000000002
2526.983754,0.014
2527.181904,0.03
2527.379754,0.054
2527.578004,0.10400000000000001
2527.775754,0.02
2527.9738039999997,0.011
2528.171904,0.096
2528.369954,0.097
2528.5680039999997,0.046
2528.766654,0.016
2528.963804,0.039
2529.1619539999997,0.043000000000000003
2529.359904,0.005
2529.558004,0.10300000000000001
2529.756054,0.10200000000000001
2529.9538039999998,0.057
2530.152604,0.025
2530.349954,0.051000000000000004
2530.5482039999997,0.065
2530.7460539999997,0.024
2530.944054,0.089
2531.1419539999997,0.049
2531.339954,0.038
2531.538204,0.051000000000000004
2531.736054,0.028
2531.934704,0.055
2532.132204,0.034
2532.330004,0.032
2532.528254,0.028
2532.7262539999997,0.132
2532.924054,0.061
2533.122204,0.055
2533.320654,0.10300000000000001
2533.518204,0.079
2533.716254,0.024
2533.914254,0.079
2534.1122539999997,0.012
2534.310254,0.045
2534.508254,0.065
2534.7062539999997,0.042
2535.1015039999997,0.042
2535.497554,0.041
2535.695554,0.047
2535.8935039999997,0.031
2536.091504,0.013000000000000001
2536.289504,0.034
2536.487554,0.046
2536.6855539999997,0.009000000000000001
2536.883554,0.034
2537.081554,0.041
2537.2795539999997,0.016
2537.477804,0.026000000000000002
2537.675804,0.013000000000000001
2537.873554,0.03
2538.0718039999997,0.051000000000000004
2538.269804,0.033
2538.467804,0.029
2538.6658039999998,0.037
2538.8636039999997,0.029
2539.061804,0.043000000000000003
2539.259804,0.039
2539.4578039999997,0.058
2539.655804,0.053
2539.853804,0.07
2540.0516039999998,0.123
2540.249804,0.057
2540.4479539999998,0.085
2540.645854,0.033
2540.8438539999997,0.078
2541.041854,0.03
2541.239854,0.039
2541.438004,0.049
2541.636004,0.064
2541.833854,0.049
2542.031854,0.022
2542.2298539999997,0.029
2542.427854,0.156
2542.6260039999997,0.053
2542.8238539999998,0.053
2543.0219039999997,0.04
2543.220054,0.051000000000000004
2543.4180539999998,0.028
2543.616054,0.006
2543.814054,0.028
2544.0120039999997,0.025
2544.2100539999997,0.041
2544.408054,0.018000000000000002
2544.606054,0.009000000000000001
2544.8040539999997,0.058
2545.002054,0.031
2545.200054,0.014
2545.398054,0.07
2545.596704,0.008
2545.794054,0.03
2545.992054,0.032
2546.1900539999997,0.058
2546.388304,0.048
2546.586104,0.013000000000000001
2546.784104,0.012
2546.982254,0.032
2547.180254,0.047
2547.378104,0.077
2547.5763039999997,0.034
2547.774104,0.031
2547.972254,0.04
2548.1702539999997,0.051000000000000004
2548.3681039999997,0.083
2548.566354,0.04
2548.765004,0.061
2548.962154,0.065
2549.160304,0.021
2549.358504,0.059000000000000004
2549.556354,0.049
2549.7543539999997,0.023
2549.952254,0.008
2550.150904,0.097
2550.348504,0.043000000000000003
2550.546504,0.058
2550.744404,0.094
2550.942404,0.045
2551.140304,0.069
2551.338304,0.038
2551.536554,0.049
2551.734404,0.03
2551.933054,0.023
2552.130304,0.058
2552.3285539999997,0.115
2552.526554,0.031
2552.724554,0.097
2552.9225539999998,0.063
2553.120554,0.05
2553.318954,0.022
2553.516554,0.067
2553.7145539999997,0.018000000000000002
2553.9124039999997,0.044
2554.110554,0.025
2554.3085539999997,0.027
2554.703854,0.022
2555.099854,0.055
2555.297854,0.089
2555.495854,0.046
2555.693854,0.03
2555.891854,0.017
2556.090104,0.038
2556.2878539999997,0.028
2556.485854,0.039
2556.683854,0.041
2556.8818539999997,0.009000000000000001
2557.079854,0.025
2557.277854,0.018000000000000002
2557.475904,0.013000000000000001
2557.6739039999998,0.04
2557.871904,0.10200000000000001
2558.069904,0.084
2558.2681039999998,0.035
2558.4661539999997,0.049
2558.664104,0.005
2558.861904,0.075
2559.0601039999997,0.089
2559.258104,0.064
2559.456154,0.003
2559.654154,0.06
2559.8521539999997,0.044
2560.049954,0.019
2560.248154,0.052000000000000005
2560.4461539999998,0.006
2560.644154,0.044
2560.842154,0.019
2561.039954,0.022
2561.2381539999997,0.07100000000000001
2561.436304,0.062
2561.634354,0.042
2561.832204,0.005
2562.030354,0.031
2562.228204,0.063
2562.426204,0.024
2562.624354,0.027
2562.822204,0.037
2563.020204,0.03
2563.218204,0.015
2563.416204,0.064
2563.614354,0.023
2563.812404,0.063
2564.0102039999997,0.081
2564.208354,0.018000000000000002
2564.4063539999997,0.108
2564.604354,0.065
2564.802354,0.03
2565.000404,0.079
2565.1984039999998,0.061
2565.3962539999998,0.043000000000000003
2565.595054,0.036000000000000004
2565.792404,0.068
2565.990554,0.051000000000000004
2566.188404,0.042
2566.386654,0.021
2566.5844039999997,0.063
2566.782404,0.02
2566.9805539999998,0.02
2567.178404,0.025
2567.3766539999997,0.028
2567.574654,0.035
2567.772454,0.039
2567.970604,0.054
2568.168604,0.075
2568.366654,0.038
2568.564654,0.022
2568.7631039999997,0.029
2568.960604,0.031
2569.1586039999997,0.019
2569.356804,0.036000000000000004
2569.5547039999997,0.066
2569.752704,0.039
2569.9506039999997,0.034
2570.149254,0.056
2570.346854,0.047
2570.544704,0.01
2570.742704,0.067
2570.940854,0.032
2571.1386039999998,0.055
2571.3368539999997,0.021
2571.534854,0.063
2571.7327539999997,0.034
2571.9315039999997,0.055
2572.128654,0.013000000000000001
2572.326854,0.026000000000000002
2572.524854,0.078
2572.722854,0.061
2572.920854,0.056
2573.118904,0.025
2573.3175539999997,0.039
2573.5149039999997,0.013000000000000001
2573.712904,0.039
2573.910904,0.033
2574.1089039999997,0.03
2574.306904,0.047
2574.702154,0.02
2575.098204,0.07100000000000001
2575.2961539999997,0.059000000000000004
2575.494154,0.075
2575.692154,0.03
2575.890204,0.052000000000000005
2576.0882039999997,0.012
2576.286204,0.058
2576.484404,0.069
2576.6822039999997,0.059000000000000004
2576.880204,0.026000000000000002
2577.078454,0.041
2577.276204,0.04
2577.4744539999997,0.046
2577.672204,0.027
2577.870204,0.029
2578.068404,0.078
2578.2662539999997,0.073
2578.464454,0.07100000000000001
2578.662454,0.04
2578.8602539999997,0.054
2579.058454,0.035
2579.256454,0.011
2579.4544539999997,0.034
2579.652454,0.077
2579.850254,0.031
2580.0484539999998,0.058
2580.246454,0.047
2580.444654,0.015
2580.642504,0.058
2580.840504,0.018000000000000002
2581.038504,0.075
2581.236504,0.031
2581.4346539999997,0.048
2581.6325039999997,0.041
2581.830504,0.011
2582.0286539999997,0.10400000000000001
2582.2265039999997,0.04
2582.424654,0.02
2582.622704,0.035
2582.820554,0.036000000000000004
2583.018704,0.019
2583.216504,0.029
2583.4146539999997,0.063
2583.6127039999997,0.094
2583.8105539999997,0.019
2584.008704,0.037
2584.2067039999997,0.125
2584.404704,0.025
2584.602704,0.066
2584.8007039999998,0.025
2584.998704,0.048
2585.196704,0.007
2585.394704,0.059000000000000004
2585.593354,0.038
2585.790704,0.029
2585.9888539999997,0.049
2586.186754,0.018000000000000002
2586.384954,0.045
2586.582754,0.029
2586.780754,0.052000000000000005
2586.978904,0.092
2587.176954,0.061
2587.374954,0.031
2587.5729539999998,0.033
2587.770904,0.059000000000000004
2587.968904,0.05
2588.167004,0.011
2588.3650039999998,0.054
2588.563004,0.015
2588.761404,0.031
2588.958904,0.061
2589.156904,0.034
2589.355004,0.026000000000000002
2589.553004,0.112
2589.7510039999997,0.05
2589.948954,0.045
2590.147604,0.057
2590.345154,0.028
2590.5430539999998,0.025
2590.741204,0.056
2590.9389539999997,0.026000000000000002
2591.136954,0.053
2591.335154,0.07100000000000001
2591.5331539999997,0.061
2591.731054,0.022
2591.929854,0.044
2592.127004,0.047
2592.3252039999998,0.021
2592.523204,0.011
2592.721054,0.019
2592.919204,0.043000000000000003
2593.1172039999997,0.043000000000000003
2593.315854,0.022
2593.513204,0.069
2593.711354,0.033
2593.909204,0.047
2594.107254,0.005
2594.502504,0.011
2594.700504,0.019
2594.898504,0.057
2595.096504,0.029
2595.294754,0.024
2595.492504,0.019
2595.6905039999997,0.024
2595.888504,0.031
2596.086504,0.065
2596.284754,0.036000000000000004
2596.482504,0.007
2596.680504,0.015
2596.878754,0.007
2597.0767539999997,0.081
2597.274554,0.051000000000000004
2597.472754,0.025
2597.670554,0.036000000000000004
2597.8685539999997,0.008
2598.066754,0.025
2598.264554,0.002
2598.4627539999997,0.02
2598.660554,0.025
2598.858554,0.054
2599.056804,0.067
2599.254954,0.012
2599.452804,0.044
2599.650804,0.006
2599.8488039999997,0.05
2600.046804,0.027
2600.244804,0.027
2600.442804,0.007
2600.6408039999997,0.004
2600.838804,0.032
2601.036804,0.061
2601.2348039999997,0.016
2601.433004,0.053
2601.630854,0.095
2601.828854,0.051000000000000004
2602.0268539999997,0.039
2602.225004,0.04
2602.4230039999998,0.009000000000000001
2602.621654,0.10400000000000001
2602.819004,0.041
2603.017004,0.018000000000000002
2603.215054,0.055
2603.413004,0.023
2603.611004,0.018000000000000002
2603.808854,0.046
2604.007004,0.049
2604.204854,0.062
2604.403054,0.043000000000000003
2604.6010539999997,0.016
2604.799054,0.009000000000000001
2604.997054,0.008
2605.195304,0.015
2605.3930539999997,0.05
2605.591054,0.036000000000000004
2605.789854,0.007
2605.9870539999997,0.009000000000000001
2606.185054,0.026000000000000002
2606.383304,0.029
2606.5810539999998,0.058
2606.7791039999997,0.007
2606.977204,0.034
2607.1757039999998,0.065
2607.3733039999997,0.061
2607.571104,0.015
2607.769254,0.037
2607.967204,0.045
2608.165454,0.082
2608.363304,0.10200000000000001
2608.561304,0.037
2608.759254,0.012
2608.957904,0.078
2609.155254,0.061
2609.353354,0.057
2609.5513539999997,0.026000000000000002
2609.749254,0.015
2609.9472539999997,0.029
2610.145254,0.043000000000000003
2610.344154,0.046
2610.541354,0.059000000000000004
2610.739354,0.07200000000000001
2610.937304,0.06
2611.135504,0.039
2611.3335039999997,0.084
2611.5313539999997,0.067
2611.729504,0.037
2611.9275039999998,0.035
2612.1253039999997,0.047
2612.323504,0.01
2612.521554,0.051000000000000004
2612.719554,0.038
2612.9175539999997,0.064
2613.115554,0.081
2613.313554,0.059000000000000004
2613.5122039999997,0.007
2613.709554,0.047
2613.907554,0.046
2614.105704,0.017
2614.500804,0.07200000000000001
2614.6988039999997,0.005
2614.896804,0.019
2615.094804,0.054
2615.2928039999997,0.012
2615.4908539999997,0.054
2615.688854,0.045
2615.887054,0.037
2616.0848539999997,0.06
2616.283104,0.016
2616.480854,0.021
2616.678854,0.038
2616.876854,0.006
2617.074854,0.028
2617.273104,0.007
2617.4711039999997,0.033
2617.668854,0.02
2617.867104,0.029
2618.065104,0.053
2618.2631039999997,0.019
2618.461104,0.006
2618.658854,0.04
2618.8569039999998,0.073
2619.055104,0.07200000000000001
2619.253104,0.027
2619.4511039999998,0.069
2619.6491539999997,0.023
2619.846904,0.055
2620.045154,0.07100000000000001
2620.243304,0.094
2620.441154,0.134
2620.639154,0.084
2620.837154,0.034
2621.0351539999997,0.063
2621.233154,0.024
2621.4313039999997,0.052000000000000005
2621.6291539999997,0.016
2621.827354,0.063
2622.025154,0.08700000000000001
2622.223204,0.039
2622.421354,0.04
2622.619154,0.02
2622.817154,0.02
2623.0153539999997,0.075
2623.213354,0.01
2623.411354,0.068
2623.6093539999997,0.027
2623.807354,0.038
2624.005354,0.003
2624.203204,0.073
2624.401354,0.019
2624.599354,0.031
2624.797354,0.018000000000000002
2624.9953539999997,0.044
2625.193354,0.04
2625.391404,0.022
2625.589404,0.024
2625.787554,0.061
2625.986004,0.055
2626.183604,0.011
2626.3814039999997,0.033
2626.579404,0.035
2626.777554,0.04
2626.975554,0.036000000000000004
2627.1736539999997,0.027
2627.372304,0.039
2627.569404,0.011
2627.767554,0.035
2627.965554,0.04
2628.163654,0.032
2628.361654,0.018000000000000002
2628.559404,0.038
2628.757554,0.04
2628.9555539999997,0.062
2629.153804,0.083
2629.351654,0.026000000000000002
2629.549704,0.028
2629.7476039999997,0.029
2629.945604,0.033
2630.143854,0.044
2630.341654,0.093
2630.540304,0.007
2630.737804,0.054
2630.935604,0.022
2631.1338539999997,0.016
2631.331854,0.049
2631.529704,0.025
2631.7278539999998,0.049
2631.9256539999997,0.044
2632.123854,0.01
2632.321854,0.021
2632.5198539999997,0.012
2632.717854,0.031
2632.915854,0.039
2633.1138539999997,0.043000000000000003
2633.311854,0.041
2633.509904,0.085
2633.708554,0.016
2633.9059039999997,0.043000000000000003
2634.3011539999998,0.047
2634.499154,0.028
2634.697354,0.045
2634.895154,0.034
2635.0931539999997,0.003
2635.291154,0.023
2635.489154,0.041
2635.6871539999997,0.042
2635.885404,0.06
2636.083154,0.029
2636.281404,0.024
2636.4792039999998,0.047
2636.677204,0.022
2636.875404,0.023
2637.073204,0.013000000000000001
2637.271404,0.039
2637.469204,0.005
2637.667204,0.038
2637.8654039999997,0.03
2638.063404,0.035
2638.261454,0.035
2638.459454,0.035
2638.6572539999997,0.027
2638.855454,0.032
2639.053454,0.046
2639.2514539999997,0.073
2639.449454,0.041
2639.647204,0.015
2639.845454,0.069
2640.0434539999997,0.03
2640.241604,0.068
2640.439504,0.049
2640.637504,0.046
2640.8355039999997,0.043000000000000003
2641.033504,0.045
2641.2323039999997,0.041
2641.429654,0.059000000000000004
2641.627504,0.024
2641.8256539999998,0.031
2642.023504,0.046
2642.221654,0.035
2642.419654,0.074
2642.6176539999997,0.066
2642.815654,0.031
2643.013504,0.08700000000000001
2643.2116539999997,0.042
2643.409654,0.014
2643.6078039999998,0.081
2643.805654,0.088
2644.0037039999997,0.018000000000000002
2644.201704,0.03
2644.400354,0.05
2644.597704,0.093
2644.7957039999997,0.059000000000000004
2644.993704,0.055
2645.191704,0.067
2645.3897039999997,0.03
2645.587854,0.036000000000000004
2645.7858539999997,0.07100000000000001
2645.9837039999998,0.07200000000000001
2646.1819539999997,0.012
2646.379754,0.05
2646.5779039999998,0.101
2646.775904,0.01
2646.973704,0.046
2647.171954,0.016
2647.369954,0.02
2647.568404,0.066
2647.765904,0.02
2647.9639039999997,0.079
2648.162004,0.064
2648.3600039999997,0.051000000000000004
2648.557904,0.018000000000000002
2648.755904,0.046
2648.953904,0.064
2649.152154,0.016
2649.350004,0.04
2649.548154,0.042
2649.745904,0.038
2649.9439039999997,0.035
2650.1421539999997,0.074
2650.340054,0.07
2650.538154,0.03
2650.7368039999997,0.035
2650.933954,0.015
2651.132154,0.038
2651.3301539999998,0.052000000000000005
2651.528154,0.053
2651.726154,0.015
2651.923954,0.011
2652.1228539999997,0.021
2652.320204,0.008
2652.518204,0.038
2652.716204,0.036000000000000004
2652.9142039999997,0.022
2653.112204,0.028
2653.310204,0.029
2653.508354,0.022
2653.706204,0.012
2653.9050039999997,0.079
2654.2995539999997,0.036000000000000004
2654.497454,0.032
2654.6954539999997,0.037
2654.8935039999997,0.055
2655.091704,0.033
2655.289504,0.057
2655.4875039999997,0.038
2655.685704,0.085
2655.883504,0.035
2656.0815039999998,0.09
2656.279504,0.058
2656.477504,0.098
2656.675504,0.03
2656.873704,0.069
2657.071504,0.085
2657.269754,0.046
2657.467554,0.029
2657.665754,0.056
2657.863754,0.05
2658.061754,0.009000000000000001
2658.2597539999997,0.035
2658.457754,0.004
2658.655754,0.051000000000000004
2658.8537539999998,0.07100000000000001
2659.051754,0.012
2659.249804,0.074
2659.447804,0.061
2659.6455539999997,0.069
2659.843804,0.041
2660.041804,0.023
2660.2399539999997,0.022
2660.4378039999997,0.034
2660.635954,0.07200000000000001
2660.833804,0.027
2661.031954,0.05
2661.230004,0.008
2661.427854,0.07
2661.6260039999997,0.036000000000000004
2661.8238039999997,0.047
2662.021804,0.07
2662.2199539999997,0.026000000000000002
2662.4180039999997,0.044
2662.616004,0.05
2662.814004,0.041
2663.011854,0.061
2663.210004,0.033
2663.408004,0.041
2663.6060039999998,0.039
2663.804004,0.045
2664.002254,0.021
2664.200004,0.031
2664.3980039999997,0.035
2664.596804,0.06
2664.794054,0.046
2664.992054,0.025
2665.1900539999997,0.044
2665.388054,0.028
2665.5862039999997,0.019
2665.784204,0.035
2665.982054,0.017
2666.180254,0.028
2666.378054,0.05
2666.576204,0.025
2666.774204,0.01
2666.972304,0.016
2667.1703039999998,0.097
2667.368054,0.064
2667.5662039999997,0.07100000000000001
2667.764854,0.045
2667.962204,0.042
2668.160304,0.019
2668.358304,0.016
2668.556204,0.005
2668.754254,0.054
2668.952254,0.039
2669.1509539999997,0.041
2669.3483539999997,0.026000000000000002
2669.546504,0.032
2669.7442539999997,0.07200000000000001
2669.942454,0.036000000000000004
2670.140454,0.033
2670.338354,0.07
2670.5365039999997,0.038
2670.734254,0.023
2670.932904,0.041
2671.1305039999997,0.025
2671.328504,0.019
2671.526504,0.032
2671.724504,0.051000000000000004
2671.922254,0.08600000000000001
2672.120504,0.02
2672.319154,0.031
2672.5165039999997,0.013000000000000001
2672.714504,0.022
2672.912554,0.02
2673.110554,0.044
2673.3085539999997,0.021
2673.7038039999998,0.062
2674.099804,0.015
2674.297804,0.026000000000000002
2674.4958039999997,0.042
2674.693804,0.067
2674.891804,0.096
2675.090054,0.03
2675.287804,0.025
2675.485804,0.024
2675.684054,0.057
2675.8818539999997,0.029
2676.080054,0.045
2676.277854,0.005
2676.475854,0.016
2676.674054,0.059000000000000004
2676.872054,0.062
2677.070054,0.014
2677.2680539999997,0.035
2677.465854,0.066
2677.664054,0.032
2677.862104,0.027
2678.0601039999997,0.006
2678.258104,0.017
2678.455854,0.02
2678.6541039999997,0.03
2678.852104,0.065
2679.0502539999998,0.031
2679.248104,0.024
2679.446104,0.05
2679.644104,0.053
2679.842104,0.049
2680.040904,0.043000000000000003
2680.2381539999997,0.057
2680.436154,0.09
2680.6343039999997,0.08700000000000001
2680.832104,0.078
2681.030104,0.051000000000000004
2681.2283039999998,0.065
2681.4261539999998,0.035
2681.624304,0.062
2681.822154,0.042
2682.0203039999997,0.038
2682.218304,0.064
2682.416154,0.009000000000000001
2682.6143039999997,0.05
2682.812304,0.081
2683.010154,0.015
2683.2083039999998,0.07
2683.4063539999997,0.085
2683.604354,0.07
2683.802354,0.013000000000000001
2684.000204,0.021
2684.1983539999997,0.039
2684.396354,0.008
2684.595104,0.04
2684.7923539999997,0.084
2684.990554,0.018000000000000002
2685.188354,0.022
2685.3863539999998,0.054
2685.584504,0.008
2685.782404,0.045
2685.980604,0.032
2686.1786039999997,0.037
2686.376354,0.042
2686.5745039999997,0.036000000000000004
2686.772504,0.009000000000000001
2686.970604,0.012
2687.168604,0.014
2687.366404,0.025
2687.564554,0.05
2687.763204,0.069
2687.960654,0.051000000000000004
2688.158654,0.052000000000000005
2688.3566539999997,0.1
2688.554554,0.013000000000000001
2688.7525539999997,0.051000000000000004
2688.950804,0.056
2689.149304,0.048
2689.346654,0.047
2689.5446039999997,0.052000000000000005
2689.742604,0.065
2689.940804,0.045
2690.1388039999997,0.03
2690.3366539999997,0.039
2690.534804,0.068
2690.732604,0.022
2690.931454,0.025
2691.128804,0.035
2691.326704,0.024
2691.524854,0.063
2691.722604,0.03
2691.920604,0.013000000000000001
2692.118854,0.039
2692.317454,0.051000000000000004
2692.514854,0.03
2692.712854,0.035
2692.9108539999997,0.066
2693.108854,0.041
2693.306854,0.015
2693.702104,0.048
2694.0981039999997,0.017
2694.2961539999997,0.048
2694.494154,0.022
2694.692154,0.068
2694.8901539999997,0.02
2695.088354,0.009000000000000001
2695.286154,0.056
2695.4841539999998,0.088
2695.682354,0.054
2695.880154,0.033
2696.078404,0.007
2696.2761539999997,0.065
2696.474154,0.038
2696.672404,0.012
2696.870204,0.058
2697.068404,0.066
2697.266154,0.113
2697.464154,0.101
2697.6624039999997,0.068
2697.860404,0.069
2698.058404,0.019
2698.2564039999997,0.042
2698.4542039999997,0.036000000000000004
2698.652404,0.051000000000000004
2698.850454,0.053
2699.0484539999998,0.058
2699.246454,0.051000000000000004
2699.444454,0.046
2699.642454,0.021
2699.840404,0.067
2700.039254,0.089
2700.236454,0.026000000000000002
2700.4344539999997,0.04
2700.632454,0.028
2700.830454,0.04
2701.0286539999997,0.047
2701.226604,0.07100000000000001
2701.424454,0.042
2701.6226039999997,0.026000000000000002
2701.8204539999997,0.025
2702.018654,0.024
2702.216654,0.029
2702.414504,0.019
2702.612654,0.058
2702.810504,0.067
2703.0086539999998,0.038
2703.206654,0.026000000000000002
2703.404654,0.028
2703.602654,0.043000000000000003
2703.8006539999997,0.042
2703.998654,0.045
2704.196704,0.068
2704.394704,0.048
2704.593304,0.019
2704.790704,0.028
2704.988904,0.028
2705.1867039999997,0.021
2705.384704,0.043000000000000003
2705.5828039999997,0.038
2705.780704,0.038
2705.9789539999997,0.027
2706.176704,0.062
2706.374704,0.088
2706.572854,0.048
2706.770854,0.028
2706.968954,0.041
2707.166954,0.056
2707.364704,0.054
2707.562854,0.027
2707.761504,0.018000000000000002
2707.9589539999997,0.04
2708.156954,0.034
2708.354754,0.06
2708.5529039999997,0.007
2708.750904,0.017
2708.949154,0.052000000000000005
2709.147604,0.059000000000000004
2709.3449539999997,0.04
2709.542904,0.088
2709.740904,0.088
2709.9391539999997,0.055
2710.1370039999997,0.069
2710.335004,0.025
2710.5331539999997,0.023
2710.7309539999997,0.096
2710.929804,0.051000000000000004
2711.127154,0.025
2711.325004,0.004
2711.523154,0.042
2711.720954,0.017
2711.9191539999997,0.041
2712.117154,0.053
2712.315854,0.064
2712.513204,0.027
2712.7112039999997,0.047
2712.909204,0.043000000000000003
2713.107204,0.083
2713.305204,0.041
2713.700454,0.023
2713.8984539999997,0.042
2714.096454,0.06
2714.294454,0.021
2714.492704,0.065
2714.690454,0.012
2714.888454,0.017
2715.086504,0.062
2715.2845039999997,0.045
2715.482504,0.025
2715.680504,0.046
2715.878504,0.029
2716.076704,0.053
2716.274504,0.011
2716.472504,0.058
2716.6707039999997,0.041
2716.868704,0.043000000000000003
2717.066754,0.051000000000000004
2717.2645039999998,0.028
2717.4627539999997,0.065
2717.660754,0.073
2717.858754,0.009000000000000001
2718.0567539999997,0.092
2718.254754,0.033
2718.452754,0.018000000000000002
2718.650754,0.07200000000000001
2718.848754,0.046
2719.046754,0.037
2719.244804,0.08
2719.4427539999997,0.015
2719.6408039999997,0.04
2719.838954,0.056
2720.0369539999997,0.019
2720.234754,0.052000000000000005
2720.432954,0.024
2720.630754,0.041
2720.8288039999998,0.045
2721.026954,0.023
2721.224804,0.032
2721.4229539999997,0.043000000000000003
2721.621604,0.078
2721.818954,0.02
2722.0169539999997,0.032
2722.214954,0.043000000000000003
2722.412804,0.081
2722.6109539999998,0.061
2722.8090039999997,0.051000000000000004
2723.007004,0.033
2723.205004,0.027
2723.403154,0.096
2723.601004,0.042
2723.799004,0.047
2723.997004,0.079
2724.1950039999997,0.029
2724.393004,0.03
2724.591004,0.049
2724.7899039999998,0.115
2724.9870539999997,0.112
2725.185054,0.12
2725.383254,0.14200000000000002
2725.581204,0.097
2725.779254,0.07100000000000001
2725.977254,0.014
2726.177204,0.253
2726.373154,0.107
2726.571204,0.12
2726.769304,0.10200000000000001
2726.967304,0.145
2727.1653039999997,0.14
2727.363104,0.054
2727.561204,0.131
2727.759204,0.154
2727.957304,0.106
2728.155304,0.108
2728.353104,0.056
2728.551204,0.226
2728.749454,0.10300000000000001
2728.949104,0.149
2729.1453039999997,0.14
2729.343454,0.199
2729.5412539999998,0.049
2729.739254,0.089
2729.937454,0.085
2730.135354,0.115
2730.333354,0.061
2730.531254,0.062
2730.729254,0.089
2730.928854,0.164
2731.125504,0.146
2731.3233539999997,0.13
2731.521504,0.18
2731.7195039999997,0.069
2731.917504,0.017
2732.115954,0.043000000000000003
2732.313554,0.035
2732.511504,0.068
2732.709654,0.078
2732.907554,0.084
2733.1055539999998,0.051000000000000004
2733.5007539999997,0.08
2733.6988039999997,0.12
2733.896804,0.064
2734.094804,0.051000000000000004
2734.2928039999997,0.055
2734.490804,0.031
2734.688804,0.166
2734.8870039999997,0.148
2735.084804,0.042
2735.282804,0.028
2735.4810039999998,0.041
2735.6788039999997,0.07
2735.877054,0.042
2736.074854,0.062
2736.272854,0.083
2736.4708539999997,0.021
2736.669054,0.075
2736.866804,0.036000000000000004
2737.0650539999997,0.095
2737.262854,0.08700000000000001
2737.460854,0.048
2737.6590539999997,0.05
2737.8571039999997,0.045
2738.055104,0.14400000000000002
2738.252854,0.10200000000000001
2738.4511039999998,0.155
2738.649104,0.064
2738.847254,0.077
2739.045104,0.078
2739.2431039999997,0.093
2739.440904,0.07100000000000001
2739.639104,0.081
2739.8371039999997,0.124
2740.035304,0.07
2740.233104,0.06
2740.431104,0.065
2740.629104,0.078
2740.827254,0.125
2741.0252539999997,0.154
2741.223154,0.08700000000000001
2741.421304,0.15
2741.619154,0.08700000000000001
2741.817154,0.10300000000000001
2742.015304,0.246
2742.213304,0.194
2742.411154,0.22
2742.6114039999998,0.048
2742.807304,0.025
2743.005304,0.05
2743.2033039999997,0.10200000000000001
2743.401304,0.021
2743.599354,0.056
2743.797354,0.10300000000000001
2743.9953539999997,0.021
2744.193354,0.083
2744.3915039999997,0.256
2744.589304,0.03
2744.787554,0.105
2744.985354,0.064
2745.183354,0.052000000000000005
2745.381354,0.23500000000000001
2745.579354,0.092
2745.779704,0.082
2745.9756039999997,0.08
2746.173354,0.089
2746.3715039999997,0.045
2746.569504,0.163
2746.7676039999997,0.158
2746.965604,0.084
2747.165504,0.078
2747.361554,0.126
2747.559554,0.116
2747.7577539999997,0.04
2747.955654,0.008
2748.1536539999997,0.098
2748.351554,0.051000000000000004
2748.5495539999997,0.123
2748.747754,0.123
2748.9477039999997,0.107
2749.143654,0.11900000000000001
2749.341554,0.133
2749.539554,0.039
2749.737804,0.097
2749.9358039999997,0.059000000000000004
2750.1336539999998,0.14400000000000002
2750.331804,0.022
2750.5295539999997,0.089
2750.7278039999997,0.129
2750.925804,0.082
2751.123704,0.114
2751.322104,0.124
2751.5198539999997,0.122
2751.717854,0.044
2751.915854,0.058
2752.1138539999997,0.092
2752.311854,0.138
2752.509854,0.095
2752.708904,0.148
2752.905854,0.244
2753.3011039999997,0.10200000000000001
2753.697104,0.23500000000000001
2753.8951039999997,0.187
2754.093304,0.14300000000000002
2754.291154,0.176
2754.489154,0.136
2754.6871539999997,0.195
2754.885154,0.134
2755.083154,0.377
2755.281154,0.654
2755.479354,0.336
2755.677154,0.052000000000000005
2755.875354,0.079
2756.0731539999997,0.054
2756.271154,0.255
2756.469404,0.061
2756.667204,0.047
2756.8654039999997,0.042
2757.063404,0.223
2757.261154,0.19
2757.4594039999997,0.07
2757.657404,0.149
2757.855404,0.107
2758.053404,0.053
2758.2512039999997,0.075
2758.449404,0.112
2758.647404,0.14
2758.845904,0.017
2759.0434539999997,0.055
2759.241404,0.043000000000000003
2759.4394039999997,0.073
2759.637404,0.016
2759.835604,0.056
2760.033454,0.066
2760.2314539999998,0.159
2760.429454,0.041
2760.627454,0.048
2760.8256039999997,0.02
2761.023604,0.048
2761.221454,0.025
2761.4196039999997,0.026000000000000002
2761.6174539999997,0.013000000000000001
2761.815654,0.032
2762.013654,0.062
2762.211504,0.11
2762.409654,0.065
2762.607904,0.093
2762.805654,0.042
2763.003654,0.047
2763.201654,0.049
2763.399654,0.167
2763.597854,0.192
2763.795654,0.10400000000000001
2763.993654,0.124
2764.191704,0.075
2764.389804,0.083
2764.587904,0.053
2764.785904,0.067
2764.9836539999997,0.093
2765.181704,0.092
2765.3798039999997,0.083
2765.577704,0.031
2765.777554,0.048
2765.973704,0.11
2766.171704,0.052000000000000005
2766.369854,0.018000000000000002
2766.5684539999997,0.052000000000000005
2766.765954,0.077
2766.963954,0.014
2767.161704,0.151
2767.361554,0.067
2767.558054,0.121
2767.7559539999997,0.044
2767.953954,0.085
2768.151954,0.063
2768.3499039999997,0.057
2768.548104,0.043000000000000003
2768.746104,0.028
2768.943954,0.097
2769.1419539999997,0.137
2769.339904,0.097
2769.5381039999997,0.085
2769.737804,0.137
2769.9340039999997,0.023
2770.1336539999998,0.091
2770.3301539999998,0.065
2770.528154,0.11
2770.726154,0.021
2770.924154,0.049
2771.122004,0.109
2771.320154,0.035
2771.518154,0.032
2771.7161539999997,0.017
2771.914154,0.055
2772.112154,0.076
2772.310154,0.043000000000000003
2772.508354,0.044
2772.706204,0.03
2772.904154,0.063
2773.299454,0.028
2773.497454,0.05
2773.6954539999997,0.028
2773.893454,0.048
2774.091454,0.075
2774.2894539999998,0.085
2774.487454,0.055
2774.685654,0.024
2774.883454,0.14400000000000002
2775.0814539999997,0.07
2775.279704,0.112
2775.477704,0.069
2775.6757039999998,0.085
2775.873704,0.081
2776.071454,0.046
2776.269704,0.066
2776.4677039999997,0.012
2776.665704,0.064
2776.863754,0.247
2777.061504,0.222
2777.2595039999997,0.1
2777.457754,0.069
2777.6559039999997,0.042
2777.8537539999998,0.014
2778.051754,0.13
2778.249504,0.031
2778.4477039999997,0.079
2778.645904,0.082
2778.843754,0.079
2779.041754,0.062
2779.239904,0.017
2779.437754,0.08700000000000001
2779.635954,0.13
2779.833904,0.079
2780.031754,0.073
2780.229904,0.058
2780.427754,0.08600000000000001
2780.625954,0.063
2780.823954,0.089
2781.021804,0.105
2781.219804,0.084
2781.417954,0.006
2781.615954,0.08
2781.8139539999997,0.138
2782.011954,0.059000000000000004
2782.209954,0.064
2782.407954,0.10200000000000001
2782.608054,0.122
2782.804004,0.07
2783.002004,0.01
2783.200004,0.056
2783.3980039999997,0.081
2783.596204,0.068
2783.794004,0.036000000000000004
2783.9920039999997,0.005
2784.190004,0.176
2784.388004,0.03
2784.586254,0.045
2784.784004,0.037
2784.982004,0.036000000000000004
2785.1801539999997,0.039
2785.378154,0.029
2785.576254,0.06
2785.776354,0.113
2785.9720039999997,0.15
2786.170004,0.295
2786.368154,0.289
2786.566254,0.17500000000000002
2786.764304,0.051000000000000004
2786.9623039999997,0.037
2787.162154,0.007
2787.3582039999997,0.109
2787.556454,0.076
2787.754254,0.093
2787.952254,0.11800000000000001
2788.150204,0.07200000000000001
2788.348204,0.034
2788.546454,0.011
2788.7444539999997,0.11900000000000001
2788.9443539999997,0.136
2789.140304,0.097
2789.338254,0.094
2789.536454,0.14400000000000002
2789.734454,0.122
2789.932304,0.135
2790.130304,0.005
2790.330654,0.019
2790.526504,0.082
2790.7244539999997,0.048
2790.9225039999997,0.1
2791.120504,0.131
2791.318504,0.096
2791.5165039999997,0.08
2791.714504,0.031
2791.912504,0.027
2792.1105039999998,0.035
2792.308504,0.042
2792.7037539999997,0.076
2793.099754,0.021
2793.2977539999997,0.013000000000000001
2793.495754,0.022
2793.693804,0.052000000000000005
2793.891804,0.114
2794.0898039999997,0.07
2794.288004,0.04
2794.485804,0.031
2794.6840039999997,0.108
2794.8818039999996,0.084
2795.079804,0.024
2795.277804,0.066
2795.4758039999997,0.01
2795.674054,0.063
2795.871804,0.058
2796.0698039999997,0.084
2796.267804,0.022
2796.466054,0.122
2796.664054,0.046
2796.8620539999997,0.006
2797.059854,0.045
2797.258054,0.025
2797.4560539999998,0.07200000000000001
2797.654054,0.017
2797.852104,0.075
2798.050104,0.064
2798.2478539999997,0.191
2798.4461039999997,0.052000000000000005
2798.644254,0.019
2798.8420539999997,0.028
2799.0401039999997,0.06
2799.237854,0.053
2799.436104,0.045
2799.634254,0.009000000000000001
2799.832254,0.049
2800.030104,0.062
2800.2282539999997,0.014
2800.4261039999997,0.024
2800.624254,0.018000000000000002
2800.8222539999997,0.055
2801.0201039999997,0.043000000000000003
2801.218304,0.043000000000000003
2801.416104,0.078
2801.6143039999997,0.032
2801.812304,0.034
2802.010304,0.044
2802.2083039999998,0.041
2802.408454,0.10200000000000001
2802.604304,0.039
2802.802304,0.011
2803.0003039999997,0.07
2803.198304,0.075
2803.396304,0.012
2803.594554,0.109
2803.7923539999997,0.036000000000000004
2803.990354,0.064
2804.1885039999997,0.063
2804.3863039999997,0.036000000000000004
2804.584554,0.031
2804.782354,0.082
2804.980354,0.048
2805.178504,0.08
2805.376504,0.029
2805.576654,0.051000000000000004
2805.772604,0.055
2805.970354,0.068
2806.1685039999998,0.036000000000000004
2806.366504,0.091
2806.5646039999997,0.084
2806.762604,0.034
2806.960604,0.017
2807.158504,0.097
2807.356554,0.083
2807.554754,0.04
2807.752604,0.075
2807.9506039999997,0.088
2808.148554,0.081
2808.3465539999997,0.07
2808.544754,0.014
2808.7447039999997,0.116
2808.940654,0.059000000000000004
2809.138754,0.045
2809.336554,0.063
2809.534804,0.068
2809.7328039999998,0.091
2809.930654,0.049
2810.130454,0.073
2810.3265539999998,0.026000000000000002
2810.5248039999997,0.064
2810.722804,0.08700000000000001
2810.920804,0.008
2811.1188039999997,0.015
2811.316804,0.031
2811.514854,0.07200000000000001
2811.712854,0.048
2811.911454,0.131
2812.108854,0.073
2812.306804,0.07200000000000001
2812.702104,0.154
2812.900104,0.08
2813.0981039999997,0.037
2813.296104,0.12
2813.494104,0.051000000000000004
2813.6921039999997,0.035
2813.890104,0.053
2814.088104,0.024
2814.286104,0.156
2814.4841539999998,0.122
2814.682354,0.031
2814.880154,0.003
2815.078154,0.068
2815.276354,0.068
2815.474104,0.032
2815.672354,0.057
2815.8701539999997,0.084
2816.068154,0.016
2816.266354,0.01
2816.4643539999997,0.101
2816.6624039999997,0.048
2816.860404,0.025
2817.058154,0.046
2817.2564039999997,0.043000000000000003
2817.454404,0.054
2817.652404,0.016
2817.850404,0.073
2818.0482039999997,0.042
2818.246404,0.042
2818.444404,0.091
2818.6426039999997,0.05
2818.840404,0.035
2819.038404,0.07100000000000001
2819.2364039999998,0.04
2819.434404,0.019
2819.632604,0.049
2819.830454,0.057
2820.028454,0.022
2820.226604,0.038
2820.424454,0.056
2820.6226039999997,0.014
2820.820604,0.133
2821.018454,0.063
2821.2166039999997,0.034
2821.4144539999998,0.041
2821.612604,0.125
2821.810604,0.014
2822.0086539999998,0.08600000000000001
2822.206654,0.02
2822.404654,0.05
2822.6032539999997,0.035
2822.8006539999997,0.044
2822.998654,0.106
2823.196654,0.073
2823.3946539999997,0.059000000000000004
2823.592654,0.123
2823.790654,0.07
2823.9886539999998,0.013000000000000001
2824.186804,0.055
2824.384654,0.111
2824.582904,0.131
2824.7806539999997,0.058
2824.978654,0.047
2825.1768039999997,0.03
2825.374704,0.058
2825.5729039999997,0.013000000000000001
2825.771554,0.064
2825.968704,0.165
2826.166854,0.15
2826.364854,0.029
2826.562954,0.062
2826.760954,0.057
2826.9587039999997,0.089
2827.157504,0.043000000000000003
2827.3548539999997,0.038
2827.5529539999998,0.08700000000000001
2827.750954,0.08
2827.948954,0.04
2828.1469039999997,0.02
2828.344904,0.038
2828.543104,0.027
2828.740954,0.05
2828.939754,0.067
2829.136854,0.059000000000000004
2829.334904,0.096
2829.533104,0.094
2829.731104,0.059000000000000004
2829.929004,0.024
2830.127154,0.052000000000000005
2830.325554,0.04
2830.523154,0.043000000000000003
2830.721154,0.021
2830.919004,0.022
2831.117154,0.027
2831.3153039999997,0.079
2831.5131539999998,0.074
2831.711154,0.203
2831.909304,0.11800000000000001
2832.107154,0.039
2832.502404,0.07100000000000001
2832.7004039999997,0.085
2832.8984539999997,0.079
2833.096454,0.044
2833.294454,0.129
2833.4924539999997,0.069
2833.690454,0.056
2833.888454,0.053
2834.086454,0.016
2834.284454,0.058
2834.482654,0.037
2834.680454,0.045
2834.8784539999997,0.074
2835.076704,0.089
2835.274704,0.10300000000000001
2835.4724539999997,0.042
2835.6707039999997,0.044
2835.868454,0.077
2836.066454,0.067
2836.2647039999997,0.053
2836.462504,0.051000000000000004
2836.660704,0.056
2836.8587039999998,0.075
2837.0565039999997,0.084
2837.254754,0.004
2837.4529039999998,0.005
2837.650754,0.091
2837.848704,0.036000000000000004
2838.046704,0.035
2838.2447039999997,0.064
2838.4427539999997,0.028
2838.640904,0.03
2838.838754,0.028
2839.0367539999997,0.109
2839.234754,0.07
2839.432754,0.058
2839.631554,0.006
2839.8287539999997,0.028
2840.026754,0.013000000000000001
2840.224754,0.077
2840.4229539999997,0.02
2840.620954,0.037
2840.818954,0.054
2841.0169539999997,0.025
2841.214954,0.024
2841.412954,0.019
2841.6109539999998,0.053
2841.808954,0.049
2842.0068039999996,0.047
2842.204954,0.033
2842.4029539999997,0.039
2842.6010039999996,0.015
2842.799604,0.044
2842.9971539999997,0.043000000000000003
2843.1950039999997,0.026000000000000002
2843.393204,0.031
2843.590954,0.025
2843.7890039999997,0.048
2843.987104,0.023
2844.185654,0.034
2844.383004,0.013000000000000001
2844.5812539999997,0.021
2844.779004,0.029
2844.977004,0.011
2845.175154,0.023
2845.373004,0.037
2845.571254,0.007
2845.7690039999998,0.032
2845.967654,0.051000000000000004
2846.165154,0.042
2846.3634039999997,0.037
2846.5612539999997,0.052000000000000005
2846.7593039999997,0.011
2846.957204,0.053
2847.1552039999997,0.069
2847.353804,0.052000000000000005
2847.551254,0.03
2847.749254,0.08
2847.947304,0.051000000000000004
2848.145204,0.026000000000000002
2848.343204,0.06
2848.5414539999997,0.043000000000000003
2848.7393039999997,0.022
2848.937304,0.084
2849.1352039999997,0.024
2849.333454,0.027
2849.531454,0.047
2849.729454,0.036000000000000004
2849.9274539999997,0.036000000000000004
2850.125454,0.043000000000000003
2850.323254,0.015
2850.5221039999997,0.043000000000000003
2850.7195039999997,0.009000000000000001
2850.9173539999997,0.047
2851.115504,0.051000000000000004
2851.3132539999997,0.032
2851.511454,0.041
2851.709504,0.034
2851.907604,0.019
2852.302754,0.009000000000000001
2852.5007539999997,0.022
2852.698754,0.077
2852.896754,0.035
2853.0947539999997,0.029
2853.292754,0.077
2853.491004,0.024
2853.688804,0.018000000000000002
2853.8868039999998,0.038
2854.085004,0.07100000000000001
2854.282804,0.021
2854.4807539999997,0.054
2854.6788039999997,0.025
2854.876804,0.012
2855.074804,0.035
2855.2728039999997,0.065
2855.471054,0.068
2855.669054,0.093
2855.866804,0.026000000000000002
2856.0650539999997,0.019
2856.263054,0.028
2856.460804,0.037
2856.6590539999997,0.049
2856.8568539999997,0.019
2857.055054,0.06
2857.253054,0.03
2857.451254,0.061
2857.649104,0.04
2857.847104,0.049
2858.0450539999997,0.051000000000000004
2858.243054,0.056
2858.4412039999997,0.042
2858.6390539999998,0.069
2858.8371039999997,0.038
2859.035254,0.029
2859.233104,0.044
2859.431254,0.07100000000000001
2859.629254,0.045
2859.827104,0.055
2860.0252539999997,0.013000000000000001
2860.2231039999997,0.03
2860.421254,0.066
2860.6192539999997,0.052000000000000005
2860.8171039999997,0.012
2861.015304,0.022
2861.213954,0.036000000000000004
2861.4113039999997,0.047
2861.609304,0.01
2861.807304,0.043000000000000003
2862.005304,0.023
2862.2033039999997,0.028
2862.401304,0.043000000000000003
2862.599304,0.04
2862.7973039999997,0.036000000000000004
2862.996104,0.068
2863.193354,0.015
2863.391554,0.057
2863.589304,0.026000000000000002
2863.787304,0.041
2863.9854539999997,0.045
2864.1833039999997,0.018000000000000002
2864.382204,0.044
2864.579354,0.016
2864.777354,0.03
2864.975504,0.034
2865.173504,0.059000000000000004
2865.371604,0.032
2865.569604,0.021
2865.767354,0.028
2865.965504,0.041
2866.1635039999996,0.046
2866.3616039999997,0.035
2866.559604,0.017
2866.757604,0.013000000000000001
2866.955504,0.05
2867.153554,0.035
2867.351754,0.024
2867.5502539999998,0.028
2867.7476039999997,0.024
2867.945554,0.035
2868.1435039999997,0.037
2868.341754,0.047
2868.539754,0.03
2868.737654,0.022
2868.9358039999997,0.029
2869.133554,0.015
2869.331804,0.044
2869.529804,0.053
2869.727654,0.063
2869.925804,0.032
2870.123554,0.016
2870.3218039999997,0.032
2870.519804,0.019
2870.718454,0.044
2870.9158039999998,0.024
2871.113804,0.058
2871.311854,0.042
2871.707104,0.037
2872.103104,0.07
2872.3011039999997,0.04
2872.499104,0.044
2872.697104,0.02
2872.8951039999997,0.018000000000000002
2873.093104,0.039
2873.291104,0.046
2873.4891039999998,0.02
2873.687104,0.039
2873.885104,0.016
2874.083354,0.023
2874.281154,0.021
2874.479354,0.009000000000000001
2874.677104,0.056
2874.8751039999997,0.046
2875.0733539999997,0.023
2875.271154,0.054
2875.469354,0.055
2875.6671539999998,0.046
2875.865354,0.024
2876.063354,0.033
2876.261404,0.024
2876.4594039999997,0.048
2876.657404,0.03
2876.855154,0.04
2877.053404,0.01
2877.251354,0.038
2877.449404,0.022
2877.647404,0.025
2877.8454039999997,0.09
2878.043404,0.052000000000000005
2878.241604,0.036000000000000004
2878.4396039999997,0.034
2878.637404,0.002
2878.835404,0.084
2879.033404,0.008
2879.2314039999997,0.088
2879.429604,0.02
2879.627604,0.026000000000000002
2879.825454,0.03
2880.023604,0.004
2880.221454,0.03
2880.4196039999997,0.035
2880.617604,0.043000000000000003
2880.815454,0.066
2881.0136039999998,0.032
2881.212254,0.033
2881.409604,0.022
2881.607654,0.023
2881.805754,0.05
2882.003654,0.007
2882.201654,0.04
2882.399654,0.016
2882.5976539999997,0.012
2882.795804,0.046
2882.994304,0.004
2883.1916539999997,0.013000000000000001
2883.3899039999997,0.047
2883.587654,0.034
2883.7858039999996,0.029
2883.983804,0.011
2884.181904,0.047
2884.3805039999997,0.041
2884.5776539999997,0.044
2884.775804,0.061
2884.9738039999997,0.031
2885.171704,0.079
2885.3699039999997,0.037
2885.567904,0.015
2885.765704,0.013000000000000001
2885.963854,0.043000000000000003
2886.161854,0.027
2886.359904,0.022
2886.557904,0.033
2886.7557039999997,0.011
2886.953854,0.036000000000000004
2887.1520539999997,0.027
2887.3501039999996,0.031
2887.548604,0.014
2887.746104,0.033
2887.9439039999997,0.07100000000000001
2888.141904,0.051000000000000004
2888.340104,0.041
2888.537954,0.015
2888.7359539999998,0.034
2888.934104,0.022
2889.131904,0.031
2889.3301039999997,0.033
2889.528154,0.01
2889.7260039999996,0.056
2889.924154,0.018000000000000002
2890.1221539999997,0.043000000000000003
2890.320154,0.019
2890.518154,0.044
2890.7168039999997,0.078
2890.914154,0.047
2891.112154,0.043000000000000003
2891.310154,0.024
2891.705404,0.031
2892.101404,0.039
2892.299454,0.014
2892.497454,0.025
2892.6954539999997,0.048
2892.893654,0.035
2893.091454,0.018000000000000002
2893.2896539999997,0.032
2893.487454,0.001
2893.685454,0.059000000000000004
2893.8836539999998,0.051000000000000004
2894.0814539999997,0.022
2894.279454,0.015
2894.477454,0.013000000000000001
2894.675504,0.028
2894.873454,0.01
2895.071704,0.034
2895.2694539999998,0.037
2895.4677039999997,0.01
2895.665454,0.026000000000000002
2895.863504,0.049
2896.0617039999997,0.067
2896.259704,0.017
2896.457754,0.055
2896.655754,0.051000000000000004
2896.8537539999998,0.061
2897.051754,0.047
2897.249754,0.016
2897.4477039999997,0.05
2897.6457539999997,0.026000000000000002
2897.843504,0.06
2898.041754,0.026000000000000002
2898.2397539999997,0.044
2898.437904,0.031
2898.635754,0.048
2898.8337539999998,0.037
2899.031754,0.032
2899.229904,0.051000000000000004
2899.4279039999997,0.034
2899.6257539999997,0.058
2899.824604,0.039
2900.021754,0.036000000000000004
2900.2199539999997,0.04
2900.417954,0.06
2900.615954,0.08
2900.8139539999997,0.026000000000000002
2901.011954,0.008
2901.209804,0.027
2901.407954,0.047
2901.6059539999997,0.026000000000000002
2901.8038039999997,0.06
2902.001954,0.004
2902.2002039999998,0.09
2902.3980039999997,0.006
2902.596004,0.011
2902.7941539999997,0.024
2902.992604,0.023
2903.190204,0.008
2903.388004,0.058
2903.586004,0.041
2903.784154,0.081
2903.982154,0.013000000000000001
2904.180254,0.036000000000000004
2904.3789039999997,0.036000000000000004
2904.576004,0.082
2904.774004,0.051000000000000004
2904.972154,0.066
2905.1702539999997,0.009000000000000001
2905.368254,0.007
2905.566054,0.068
2905.764154,0.029
2905.962204,0.057
2906.160204,0.034
2906.358304,0.074
2906.556254,0.029
2906.754204,0.035
2906.9522039999997,0.049
2907.150404,0.004
2907.3483039999996,0.049
2907.546954,0.04
2907.744304,0.052000000000000005
2907.942204,0.028
2908.140454,0.014
2908.3384539999997,0.031
2908.5363039999997,0.034
2908.734454,0.075
2908.9322039999997,0.009000000000000001
2909.130204,0.075
2909.328454,0.017
2909.526454,0.006
2909.724354,0.036000000000000004
2909.922454,0.028
2910.120254,0.028
2910.318504,0.053
2910.5165039999997,0.07100000000000001
2910.715104,0.032
2910.912504,0.076
2911.1105039999998,0.05
2911.308504,0.057
2911.7037539999997,0.022
2911.901754,0.033
2912.099754,0.039
2912.2977539999997,0.046
2912.495754,0.039
2912.693754,0.051000000000000004
2912.892004,0.015
2913.0898039999997,0.019
2913.288004,0.025
2913.485804,0.032
2913.683804,0.029
2913.882004,0.07100000000000001
2914.079804,0.021
2914.278004,0.042
2914.4758039999997,0.06
2914.673804,0.034
2914.872004,0.065
2915.070054,0.029
2915.2680539999997,0.017
2915.466054,0.028
2915.663804,0.035
2915.8620539999997,0.029
2916.060054,0.057
2916.258054,0.022
2916.4560539999998,0.029
2916.6538539999997,0.08600000000000001
2916.852054,0.062
2917.050054,0.044
2917.248254,0.056
2917.4461039999997,0.028
2917.644054,0.031
2917.8420539999997,0.037
2918.040054,0.042
2918.238904,0.037
2918.436104,0.038
2918.6341039999998,0.028
2918.832104,0.039
2919.030104,0.047
2919.2282539999997,0.095
2919.426254,0.038
2919.624104,0.065
2919.8222539999997,0.027
2920.0201039999997,0.083
2920.218254,0.057
2920.416304,0.064
2920.6143039999997,0.022
2920.812304,0.01
2921.010304,0.027
2921.2083039999998,0.032
2921.406904,0.033
2921.604304,0.048
2921.802304,0.03
2922.0003039999997,0.037
2922.198304,0.031
2922.396304,0.03
2922.594354,0.007
2922.792454,0.012
2922.990354,0.009000000000000001
2923.188554,0.032
2923.3863039999997,0.058
2923.584454,0.025
2923.7824539999997,0.015
2923.980354,0.041
2924.178554,0.035
2924.376604,0.041
2924.5751539999997,0.005
2924.772504,0.014
2924.970504,0.074
2925.168604,0.076
2925.366604,0.074
2925.564354,0.045
2925.762504,0.022
2925.9605039999997,0.028
2926.158754,0.034
2926.356604,0.059000000000000004
2926.554604,0.052000000000000005
2926.7525539999997,0.037
2926.950554,0.074
2927.148754,0.023
2927.346604,0.01
2927.5446039999997,0.044
2927.743204,0.053
2927.940554,0.029
2928.138754,0.051000000000000004
2928.336804,0.037
2928.534804,0.076
2928.7328039999998,0.129
2928.930554,0.088
2929.129454,0.016
2929.326804,0.038
2929.524654,0.052000000000000005
2929.722804,0.028
2929.920804,0.005
2930.1188039999997,0.053
2930.316804,0.024
2930.5149539999998,0.018000000000000002
2930.712854,0.015
2930.911454,0.075
2931.108854,0.021
2931.5041039999996,0.011
2931.702104,0.046
2931.900104,0.049
2932.0981039999997,0.063
2932.296104,0.005
2932.494104,0.048
2932.6923039999997,0.06
2932.890104,0.041
2933.088104,0.011
2933.286104,0.042
2933.4841539999998,0.017
2933.682354,0.016
2933.880354,0.032
2934.0783539999998,0.054
2934.276354,0.043000000000000003
2934.474154,0.024
2934.672354,0.034
2934.8703539999997,0.015
2935.068154,0.02
2935.266404,0.038
2935.464404,0.021
2935.6621539999996,0.022
2935.860404,0.044
2936.058404,0.031
2936.2564039999997,0.04
2936.454404,0.027
2936.652154,0.015
2936.850404,0.022
2937.0484039999997,0.059000000000000004
2937.246404,0.009000000000000001
2937.444454,0.088
2937.6426039999997,0.029
2937.840404,0.046
2938.0385539999997,0.017
2938.236554,0.055
2938.434404,0.04
2938.632454,0.062
2938.830404,0.069
2939.028454,0.026000000000000002
2939.226604,0.015
2939.424604,0.033
2939.6226039999997,0.10400000000000001
2939.820604,0.06
2940.018604,0.03
2940.2166039999997,0.007
2940.414604,0.038
2940.612604,0.055
2940.810654,0.057
2941.008454,0.07100000000000001
2941.206654,0.01
2941.404654,0.044
2941.603404,0.036000000000000004
2941.8006539999997,0.045
2941.998854,0.036000000000000004
2942.196654,0.022
2942.3946539999997,0.038
2942.592804,0.021
2942.790654,0.013000000000000001
2942.988904,0.043000000000000003
2943.1869039999997,0.026000000000000002
2943.384654,0.049
2943.5828039999997,0.034
2943.780804,0.014
2943.978654,0.027
2944.176904,0.034
2944.374704,0.014
2944.572804,0.016
2944.771504,0.079
2944.9688539999997,0.092
2945.166954,0.055
2945.3649539999997,0.027
2945.562854,0.056
2945.7608539999997,0.1
2945.959104,0.036000000000000004
2946.157604,0.042
2946.354954,0.029
2946.552854,0.036000000000000004
2946.750854,0.077
2946.948904,0.035
2947.1471039999997,0.013000000000000001
2947.3449539999997,0.068
2947.543104,0.082
2947.740904,0.009000000000000001
2947.939504,0.034
2948.137104,0.018000000000000002
2948.335004,0.034
2948.5331039999996,0.022
2948.731154,0.012
2948.929154,0.036000000000000004
2949.127154,0.035
2949.325804,0.025
2949.523154,0.018000000000000002
2949.721154,0.078
2949.9189039999997,0.044
2950.117154,0.066
2950.315154,0.033
2950.513304,0.056
2950.711154,0.054
2950.909154,0.036000000000000004
2951.304404,0.04
2951.502454,0.013000000000000001
2951.700454,0.012
2951.8984539999997,0.022
2952.096454,0.028
2952.294454,0.012
2952.4924539999997,0.037
2952.690654,0.016
2952.888454,0.011
2953.086454,0.035
2953.2844539999996,0.068
2953.482454,0.057
2953.680704,0.029
2953.878504,0.016
2954.0765039999997,0.016
2954.274704,0.061
2954.4724539999997,0.023
2954.6707039999997,0.082
2954.868704,0.018000000000000002
2955.066704,0.021
2955.2647039999997,0.078
2955.462504,0.024
2955.660704,0.033
2955.8587039999998,0.031
2956.0567539999997,0.01
2956.254754,0.028
2956.452754,0.024
2956.650754,0.022
2956.848704,0.039
2957.046754,0.075
2957.244754,0.047
2957.4427539999997,0.091
2957.640754,0.07
2957.838754,0.025
2958.0369539999997,0.015
2958.234904,0.084
2958.432754,0.059000000000000004
2958.631554,0.109
2958.8287539999997,0.043000000000000003
2959.026954,0.059000000000000004
2959.224954,0.034
2959.422804,0.053
2959.620954,0.028
2959.818954,0.051000000000000004
2960.016804,0.019
2960.214954,0.054
2960.412954,0.009000000000000001
2960.6109539999998,0.04
2960.808954,0.042
2961.006954,0.007
2961.204954,0.05
2961.403004,0.125
2961.601104,0.097
2961.799604,0.004
2961.997004,0.019
2962.1950039999997,0.021
2962.393004,0.038
2962.5911539999997,0.019
2962.7890039999997,0.031
2962.987004,0.014
2963.185654,0.024
2963.383004,0.012
2963.581154,0.061
2963.779154,0.098
2963.977254,0.035
2964.1752539999998,0.08700000000000001
2964.373004,0.013000000000000001
2964.5711539999998,0.027
2964.769154,0.105
2964.9677039999997,0.042
2965.165254,0.056
2965.363304,0.039
2965.561204,0.065
2965.759204,0.012
2965.957454,0.038
2966.155254,0.025
2966.353904,0.047
2966.551204,0.007
2966.7492039999997,0.019
2966.9474539999997,0.033
2967.145454,0.031
2967.343304,0.021
2967.5414539999997,0.053
2967.739254,0.032
2967.937454,0.065
2968.1354539999998,0.02
2968.3333039999998,0.048
2968.531454,0.036000000000000004
2968.729254,0.012
2968.9274539999997,0.085
2969.125454,0.055
2969.323504,0.019
2969.522154,0.039
2969.7195039999997,0.039
2969.917504,0.061
2970.115504,0.1
2970.3135039999997,0.025
2970.511504,0.029
2970.709504,0.044
2971.104754,0.096
2971.5007539999997,0.028
2971.698754,0.054
2971.896754,0.02
2972.094804,0.066
2972.2928039999997,0.079
2972.490804,0.029
2972.689004,0.079
2972.8868039999998,0.041
2973.085004,0.08
2973.282804,0.039
2973.480804,0.054
2973.679004,0.07200000000000001
2973.876804,0.019
2974.075054,0.012
2974.272854,0.053
2974.4708539999997,0.012
2974.669054,0.025
2974.867054,0.01
2975.0650539999997,0.067
2975.263054,0.029
2975.460854,0.019
2975.6590539999997,0.14
2975.857054,0.109
2976.055104,0.058
2976.253104,0.048
2976.4511039999998,0.027
2976.649104,0.056
2976.847104,0.025
2977.0452539999997,0.012
2977.2431039999997,0.027
2977.441104,0.07200000000000001
2977.639104,0.042
2977.8371039999997,0.029
2978.035254,0.036000000000000004
2978.233304,0.037
2978.431104,0.014
2978.629904,0.031
2978.827104,0.045
2979.0252539999997,0.031
2979.223254,0.057
2979.421104,0.083
2979.619304,0.037
2979.817154,0.031
2980.015304,0.025
2980.213304,0.05
2980.4113039999997,0.099
2980.609304,0.034
2980.807304,0.047
2981.0055039999997,0.011
2981.2033039999997,0.08700000000000001
2981.401304,0.034
2981.599304,0.053
2981.7979539999997,0.044
2981.995554,0.049
2982.193354,0.058
2982.391354,0.082
2982.589504,0.047
2982.787354,0.004
2982.985554,0.046
2983.1840039999997,0.023
2983.3813539999996,0.031
2983.579504,0.033
2983.777354,0.033
2983.9756039999997,0.014
2984.173604,0.044
2984.371354,0.098
2984.569504,0.077
2984.767504,0.035
2984.966254,0.034
2985.163604,0.03
2985.3614039999998,0.062
2985.559554,0.043000000000000003
2985.757554,0.054
2985.955754,0.014
2986.1536539999997,0.045
2986.352254,0.05
2986.5495539999997,0.026000000000000002
2986.747754,0.051000000000000004
2986.945754,0.021
2987.143654,0.044
2987.3418039999997,0.006
2987.539554,0.034
2987.737554,0.025
2987.9358039999997,0.055
2988.133804,0.067
2988.331554,0.05
2988.529804,0.038
2988.727554,0.052000000000000005
2988.925804,0.006
2989.123804,0.012
2989.321704,0.033
2989.520454,0.046
2989.718004,0.012
2989.915854,0.04
2990.1138539999997,0.033
2990.312004,0.049
2990.707104,0.015
2991.103104,0.034
2991.3011039999997,0.058
2991.499104,0.032
2991.697104,0.019
2991.8951039999997,0.063
2992.093104,0.062
2992.291104,0.078
2992.489154,0.009000000000000001
2992.6871539999997,0.054
2992.885154,0.033
2993.083154,0.075
2993.281154,0.066
2993.4791539999997,0.041
2993.677354,0.007
2993.875154,0.041
2994.0733539999997,0.062
2994.271154,0.023
2994.469154,0.098
2994.667404,0.036000000000000004
2994.865154,0.031
2995.063404,0.04
2995.261404,0.041
2995.4591539999997,0.024
2995.657404,0.05
2995.8555539999998,0.057
2996.053404,0.054
2996.2514039999996,0.07
2996.449554,0.029
2996.647404,0.048
2996.845454,0.033
2997.043604,0.007
2997.241404,0.063
2997.4394039999997,0.08600000000000001
2997.637404,0.028
2997.835404,0.063
2998.0336039999997,0.034
2998.2314539999998,0.051000000000000004
2998.429454,0.06
2998.627454,0.082
2998.8256039999997,0.062
2999.023604,0.037
2999.221604,0.032
2999.4196039999997,0.026000000000000002
2999.617604,0.045
2999.815454,0.073
3000.013654,0.094
3000.2116539999997,0.033
3000.4095039999997,0.074
3000.607654,0.01
3000.805654,0.043000000000000003
3001.0036539999996,0.095
3001.201654,0.062
3001.399654,0.01
3001.5976539999997,0.014
3001.796554,0.07200000000000001
3001.993654,0.073
3002.191704,0.033
3002.389804,0.047
3002.587854,0.029
3002.785704,0.025
3002.9839039999997,0.04
3003.182304,0.039
3003.379704,0.034
3003.577804,0.038
3003.7757039999997,0.056
3003.973954,0.033
3004.171704,0.08700000000000001
3004.3697039999997,0.007
3004.567854,0.024
3004.766104,0.061
3004.964604,0.018000000000000002
3005.1619539999997,0.088
3005.359854,0.054
3005.5578539999997,0.039
3005.755854,0.028
3005.953954,0.042
3006.152004,0.015
3006.3506039999997,0.05
3006.547904,0.009000000000000001
3006.745904,0.02
3006.9441039999997,0.038
3007.1419539999997,0.031
3007.3400039999997,0.045
3007.537904,0.07200000000000001
3007.7361539999997,0.038
3007.934154,0.066
3008.132154,0.041
3008.3301539999998,0.045
3008.528154,0.032
3008.725904,0.07200000000000001
3008.924154,0.031
3009.1221539999997,0.051000000000000004
3009.3200039999997,0.035
3009.518804,0.044
3009.7161539999997,0.021
3009.914154,0.051000000000000004
3010.112204,0.03
3010.310204,0.038
3010.705454,0.08
3011.1014539999996,0.047
3011.299454,0.049
3011.497454,0.036000000000000004
3011.6954539999997,0.03
3011.893704,0.048
3012.091454,0.033
3012.2894539999998,0.047
3012.487654,0.06
3012.685454,0.026000000000000002
3012.883504,0.021
3013.0815039999998,0.058
3013.279504,0.046
3013.477704,0.065
3013.6757039999998,0.069
3013.873704,0.006
3014.071704,0.074
3014.269504,0.036000000000000004
3014.4677039999997,0.014
3014.665704,0.054
3014.863504,0.063
3015.061754,0.01
3015.2595039999997,0.013000000000000001
3015.457504,0.018000000000000002
3015.655754,0.061
3015.853904,0.035
3016.051754,0.029
3016.249754,0.057
3016.447554,0.016
3016.6457539999997,0.088
3016.843954,0.011
3017.041804,0.046
3017.239804,0.073
3017.437954,0.041
3017.635754,0.029
3017.833904,0.077
3018.031954,0.021
3018.229804,0.012
3018.427804,0.062
3018.625804,0.039
3018.8238039999997,0.023
3019.021954,0.021
3019.2199539999997,0.126
3019.4178039999997,0.026000000000000002
3019.615954,0.021
3019.8139539999997,0.075
3020.011954,0.068
3020.210004,0.04
3020.408004,0.05
3020.6060039999998,0.048
3020.803854,0.038
3021.002004,0.043000000000000003
3021.200004,0.022
3021.3980039999997,0.074
3021.596004,0.051000000000000004
3021.7948539999998,0.059000000000000004
3021.9920039999997,0.038
3022.190004,0.058
3022.3881539999998,0.058
3022.586054,0.02
3022.7842539999997,0.041
3022.982054,0.007
3023.180654,0.035
3023.378154,0.047
3023.576154,0.011
3023.774254,0.075
3023.972254,0.083
3024.1700539999997,0.027
3024.368204,0.037
3024.5662039999997,0.048
3024.764304,0.039
3024.962904,0.015
3025.160304,0.015
3025.3582039999997,0.034
3025.556204,0.066
3025.754454,0.01
3025.952304,0.022
3026.150304,0.129
3026.348904,0.133
3026.546254,0.051000000000000004
3026.7444539999997,0.024
3026.942454,0.048
3027.140304,0.036000000000000004
3027.3384539999997,0.008
3027.5362539999996,0.036000000000000004
3027.734454,0.022
3027.932454,0.055
3028.130354,0.077
3028.328504,0.064
3028.526304,0.014
3028.724504,0.038
3028.9225039999997,0.013000000000000001
3029.120504,0.035
3029.318504,0.052000000000000005
3029.5171539999997,0.051000000000000004
3029.714504,0.017
3029.912504,0.044
3030.1105039999998,0.031
3030.308504,0.028
3030.7037539999997,0.006
3030.901804,0.041
3031.099804,0.069
3031.297804,0.026000000000000002
3031.4958039999997,0.069
3031.694054,0.01
3031.891804,0.063
3032.0898039999997,0.017
3032.287804,0.056
3032.486004,0.054
3032.683804,0.082
3032.8820539999997,0.02
3033.079804,0.042
3033.277854,0.045
3033.4760539999997,0.046
3033.6738539999997,0.031
3033.872054,0.052000000000000005
3034.0698039999997,0.053
3034.2678539999997,0.033
3034.466054,0.065
3034.664054,0.029
3034.8620539999997,0.006
3035.0601039999997,0.073
3035.257854,0.042
3035.456104,0.014
3035.6541039999997,0.054
3035.852104,0.106
3036.050104,0.123
3036.248104,0.025
3036.4461039999997,0.069
3036.644104,0.019
3036.8422539999997,0.033
3037.0401039999997,0.021
3037.2381539999997,0.025
3037.436104,0.025
3037.6341039999998,0.047
3037.832304,0.079
3038.030254,0.053
3038.228104,0.043000000000000003
3038.426304,0.073
3038.624104,0.054
3038.8229539999998,0.038
3039.0203039999997,0.023
3039.2181539999997,0.004
3039.416304,0.039
3039.6143039999997,0.036000000000000004
3039.812304,0.063
3040.010304,0.041
3040.2089539999997,0.076
3040.4063039999996,0.025
3040.604354,0.034
3040.802354,0.08
3041.000354,0.019
3041.1983539999997,0.082
3041.396354,0.031
3041.594354,0.075
3041.7925539999997,0.048
3041.991004,0.053
3042.188354,0.017
3042.386504,0.042
3042.5846039999997,0.058
3042.782604,0.009000000000000001
3042.980404,0.062
3043.178404,0.017
3043.377154,0.016
3043.574604,0.025
3043.772604,0.081
3043.9706039999996,0.015
3044.168404,0.048
3044.3665539999997,0.061
3044.564754,0.063
3044.7626539999997,0.065
3044.960654,0.097
3045.158404,0.044
3045.356554,0.059000000000000004
3045.554804,0.002
3045.7528039999997,0.014
3045.9506539999998,0.065
3046.148654,0.041
3046.3465539999997,0.06
3046.545454,0.048
3046.742804,0.037
3046.940654,0.051000000000000004
3047.138654,0.014
3047.336804,0.058
3047.534604,0.039
3047.7328039999998,0.015
3047.930804,0.092
3048.1287039999997,0.055
3048.326804,0.02
3048.524854,0.044
3048.7228539999996,0.042
3048.920854,0.038
3049.118854,0.034
3049.3168539999997,0.05
3049.515004,0.004
3049.713504,0.043000000000000003
3049.9108539999997,0.025
3050.108854,0.054
3050.5041039999996,0.067
3050.702104,0.052000000000000005
3050.900104,0.076
3051.0981039999997,0.028
3051.2961539999997,0.017
3051.494154,0.062
3051.692354,0.047
3051.8901539999997,0.065
3052.088154,0.032
3052.286404,0.018000000000000002
3052.4841539999998,0.032
3052.682354,0.084
3052.880154,0.014
3053.078154,0.053
3053.2761539999997,0.084
3053.474404,0.037
3053.672404,0.038
3053.870404,0.047
3054.0682039999997,0.093
3054.266154,0.038
3054.464404,0.029
3054.662554,0.054
3054.860404,0.05
3055.058404,0.053
3055.2564039999997,0.01
3055.454404,0.025
3055.652604,0.039
3055.850454,0.059000000000000004
3056.0484539999998,0.012
3056.246204,0.027
3056.444454,0.055
3056.6426039999997,0.053
3056.840604,0.049
3057.038454,0.041
3057.236454,0.022
3057.4344539999997,0.046
3057.632654,0.048
3057.830654,0.012
3058.028454,0.063
3058.226604,0.082
3058.424454,0.063
3058.622654,0.014
3058.8206539999996,0.03
3059.019304,0.031
3059.216654,0.026000000000000002
3059.4146539999997,0.017
3059.612654,0.027
3059.810654,0.012
3060.0086539999998,0.052000000000000005
3060.206654,0.036000000000000004
3060.405304,0.025
3060.602904,0.027
3060.8006539999997,0.053
3060.998704,0.052000000000000005
3061.1968039999997,0.038
3061.394704,0.06
3061.5929539999997,0.038
3061.790704,0.017
3061.988704,0.028
3062.1867039999997,0.011
3062.384854,0.041
3062.582904,0.037
3062.780954,0.074
3062.9787039999997,0.032
3063.176754,0.048
3063.3748539999997,0.016
3063.5736039999997,0.046
3063.770954,0.023
3063.968954,0.048
3064.166854,0.058
3064.3649539999997,0.07100000000000001
3064.563104,0.032
3064.760954,0.084
3064.959004,0.01
3065.1567539999996,0.061
3065.354904,0.039
3065.5531539999997,0.039
3065.7510039999997,0.021
3065.948954,0.027
3066.147004,0.051000000000000004
3066.344904,0.04
3066.543154,0.024
3066.741804,0.03
3066.939004,0.007
3067.137154,0.07
3067.334954,0.076
3067.5331539999997,0.045
3067.731154,0.037
3067.929154,0.026000000000000002
3068.127654,0.037
3068.3251539999997,0.022
3068.523154,0.011
3068.721154,0.021
3068.919204,0.039
3069.117054,0.019
3069.315204,0.081
3069.513204,0.041
3069.7112039999997,0.044
3069.909854,0.027
3070.304454,0.018000000000000002
3070.502454,0.036000000000000004
3070.700454,0.037
3070.8984539999997,0.074
3071.096454,0.083
3071.294454,0.02
3071.4924539999997,0.062
3071.6907039999996,0.055
3071.888504,0.034
3072.086504,0.049
3072.2845039999997,0.067
3072.482504,0.027
3072.680754,0.009000000000000001
3072.878504,0.051000000000000004
3073.0765039999997,0.125
3073.274704,0.009000000000000001
3073.472704,0.015
3073.6707539999998,0.057
3073.868754,0.019
3074.066554,0.03
3074.264554,0.083
3074.4627539999997,0.068
3074.660754,0.033
3074.858754,0.046
3075.056554,0.056
3075.2545539999996,0.07200000000000001
3075.452754,0.03
3075.6509539999997,0.036000000000000004
3075.8488039999997,0.042
3076.046804,0.051000000000000004
3076.244804,0.062
3076.442804,0.04
3076.640954,0.031
3076.838804,0.042
3077.036804,0.068
3077.234954,0.042
3077.432804,0.009000000000000001
3077.6309539999997,0.048
3077.8290039999997,0.053
3078.026804,0.017
3078.225004,0.062
3078.422804,0.077
3078.620954,0.047
3078.818954,0.033
3079.017004,0.017
3079.2150039999997,0.055
3079.413004,0.037
3079.611004,0.03
3079.8090039999997,0.01
3080.007004,0.035
3080.205004,0.02
3080.403004,0.055
3080.601754,0.028
3080.799004,0.016
3080.997004,0.04
3081.195154,0.034
3081.3930539999997,0.027
3081.591254,0.059000000000000004
3081.789054,0.044
3081.9870539999997,0.009000000000000001
3082.185204,0.039
3082.383054,0.04
3082.5812539999997,0.017
3082.779254,0.047
3082.977054,0.046
3083.1752039999997,0.028
3083.373204,0.03
3083.571304,0.039
3083.769954,0.038
3083.9670539999997,0.021
3084.165204,0.033
3084.3632039999998,0.033
3084.5614539999997,0.055
3084.7593039999997,0.046
3084.957304,0.067
3085.1559039999997,0.032
3085.3532539999997,0.035
3085.551454,0.053
3085.749354,0.06
3085.947354,0.036000000000000004
3086.145254,0.048
3086.343254,0.026000000000000002
3086.5414539999997,0.07200000000000001
3086.739454,0.083
3086.9380039999996,0.026000000000000002
3087.135504,0.058
3087.3333039999998,0.079
3087.531504,0.031
3087.729504,0.04
3087.927354,0.039
3088.1255039999996,0.049
3088.324154,0.043000000000000003
3088.521504,0.022
3088.7195039999997,0.021
3088.917504,0.033
3089.115554,0.062
3089.313554,0.024
3089.708804,0.055
3090.104804,0.014
3090.302804,0.003
3090.500804,0.039
3090.6988039999997,0.079
3090.896804,0.06
3091.094804,0.024
3091.2928039999997,0.044
3091.490804,0.027
3091.689054,0.025
3091.886854,0.059000000000000004
3092.0848539999997,0.027
3092.283054,0.063
3092.480854,0.013000000000000001
3092.679104,0.03
3092.8768539999996,0.029
3093.074854,0.033
3093.273054,0.066
3093.4708539999997,0.047
3093.669104,0.042
3093.866854,0.041
3094.0648539999997,0.029
3094.2631039999997,0.028
3094.461104,0.07100000000000001
3094.659104,0.023
3094.8571039999997,0.066
3095.054854,0.065
3095.253104,0.026000000000000002
3095.4511039999998,0.057
3095.649104,0.012
3095.847104,0.042
3096.045154,0.061
3096.243154,0.002
3096.4411539999996,0.034
3096.639304,0.097
3096.837154,0.021
3097.035304,0.031
3097.233104,0.059000000000000004
3097.431154,0.079
3097.629304,0.063
3097.827304,0.044
3098.025304,0.052000000000000005
3098.2233539999997,0.054
3098.421354,0.033
3098.619304,0.034
3098.8173039999997,0.038
3099.015304,0.009000000000000001
3099.213304,0.055
3099.411154,0.026000000000000002
3099.6093539999997,0.021
3099.807354,0.046
3100.005354,0.035
3100.2033539999998,0.045
3100.401354,0.038
3100.600004,0.04
3100.797354,0.057
3100.9953539999997,0.052000000000000005
3101.193354,0.037
3101.391604,0.021
3101.589604,0.015
3101.7874039999997,0.024
3101.985554,0.041
3102.1835539999997,0.017
3102.3814039999997,0.027
3102.579604,0.024
3102.777404,0.035
3102.975504,0.014
3103.173554,0.068
3103.371554,0.031
3103.569654,0.042
3103.7683039999997,0.035
3103.965404,0.073
3104.1635539999997,0.048
3104.3618039999997,0.031
3104.5596539999997,0.045
3104.757654,0.028
3104.9555539999997,0.035
3105.154204,0.008
3105.351604,0.054
3105.5498039999998,0.024
3105.747704,0.067
3105.9457039999998,0.038
3106.143604,0.011
3106.3416039999997,0.015
3106.5398539999997,0.02
3106.7377039999997,0.035
3106.936354,0.048
3107.1338539999997,0.001
3107.331854,0.07200000000000001
3107.529854,0.024
3107.7278539999998,0.091
3107.925854,0.036000000000000004
3108.123854,0.052000000000000005
3108.3222539999997,0.012
3108.5198539999997,0.046
3108.717854,0.11800000000000001
3108.9160039999997,0.10400000000000001
3109.1138539999997,0.10400000000000001
3109.311854,0.064
3109.707104,0.04
3110.103154,0.05
3110.3011539999998,0.029
3110.4991539999996,0.04
3110.697154,0.11900000000000001
3110.895154,0.009000000000000001
3111.0934039999997,0.052000000000000005
3111.291154,0.08
3111.489154,0.115
3111.6871539999997,0.06
3111.885154,0.234
3112.083154,0.594
3112.281204,0.515
3112.4792039999998,0.562
3112.677204,0.393
3112.875204,0.254
3113.073204,0.215
3113.2714539999997,0.085
3113.469404,0.017
3113.667404,0.054
3113.8652039999997,0.03
3114.063404,0.034
3114.261454,0.057
3114.459254,0.163
3114.6574539999997,0.097
3114.855454,0.023
3115.053204,0.067
3115.2514539999997,0.064
3115.449604,0.117
3115.647454,0.169
3115.845454,0.079
3116.0432539999997,0.117
3116.241454,0.094
3116.439654,0.094
3116.6376539999997,0.066
3116.8355039999997,0.01
3117.033654,0.07
3117.231504,0.082
3117.429454,0.048
3117.627654,0.029
3117.825504,0.089
3118.023504,0.063
3118.2215039999996,0.064
3118.419504,0.013000000000000001
3118.617704,0.011
3118.815654,0.054
3119.013654,0.056
3119.2116539999997,0.091
3119.409654,0.085
3119.607704,0.07
3119.805704,0.091
3120.0037039999997,0.11
3120.201704,0.155
3120.399954,0.041
3120.599954,0.181
3120.7957039999997,0.181
3120.993704,0.09
3121.191704,0.04
3121.3897039999997,0.07100000000000001
3121.587704,0.011
3121.785754,0.038
3121.983754,0.054
3122.181904,0.124
3122.379954,0.10200000000000001
3122.577954,0.04
3122.775754,0.074
3122.973904,0.076
3123.171904,0.067
3123.369954,0.017
3123.5680039999997,0.099
3123.7681039999998,0.026000000000000002
3123.963754,0.081
3124.161904,0.077
3124.359904,0.074
3124.558004,0.061
3124.756004,0.054
3124.9537539999997,0.054
3125.153954,0.08
3125.3501539999997,0.097
3125.548154,0.069
3125.746004,0.067
3125.944154,0.111
3126.1419539999997,0.069
3126.340204,0.07
3126.538204,0.114
3126.736004,0.077
3126.936104,0.031
3127.131954,0.08600000000000001
3127.329954,0.052000000000000005
3127.5282039999997,0.065
3127.726204,0.035
3127.924054,0.052000000000000005
3128.122204,0.083
3128.322304,0.034
3128.518204,0.014
3128.716204,0.049
3128.9142039999997,0.081
3129.112204,0.088
3129.310204,0.043000000000000003
3129.705454,0.075
3130.1014539999996,0.043000000000000003
3130.299504,0.061
3130.497504,0.054
3130.695504,0.076
3130.8935039999997,0.025
3131.091704,0.042
3131.289504,0.073
3131.4877539999998,0.082
3131.685504,0.012
3131.883504,0.096
3132.081754,0.019
3132.2795039999996,0.049
3132.477754,0.069
3132.675554,0.065
3132.873554,0.04
3133.071754,0.075
3133.269754,0.066
3133.467754,0.014
3133.6657539999997,0.076
3133.863554,0.117
3134.061754,0.022
3134.2597539999997,0.067
3134.4578039999997,0.061
3134.655804,0.064
3134.853804,0.052000000000000005
3135.0518039999997,0.055
3135.249804,0.041
3135.4479539999998,0.026000000000000002
3135.6458039999998,0.032
3135.8438039999996,0.047
3136.041804,0.025
3136.239804,0.059000000000000004
3136.4380039999996,0.089
3136.6358539999997,0.078
3136.833854,0.113
3137.0320039999997,0.022
3137.2298539999997,0.039
3137.428004,0.026000000000000002
3137.6260039999997,0.041
3137.8238539999998,0.127
3138.024104,0.062
3138.219854,0.047
3138.4180039999997,0.066
3138.616054,0.055
3138.814054,0.078
3139.0120039999997,0.054
3139.210004,0.006
3139.4101539999997,0.057
3139.606054,0.046
3139.8040539999997,0.005
3140.002054,0.013000000000000001
3140.200054,0.064
3140.398054,0.046
3140.5960539999996,0.025
3140.794054,0.05
3140.9922039999997,0.058
3141.1900539999997,0.04
3141.388304,0.021
3141.586054,0.029
3141.7840539999997,0.02
3141.982204,0.048
3142.180104,0.049
3142.378304,0.053
3142.578454,0.10300000000000001
3142.774104,0.133
3142.972304,0.083
3143.1702539999997,0.035
3143.368304,0.05
3143.566304,0.07200000000000001
3143.764104,0.03
3143.962254,0.04
3144.160254,0.041
3144.358504,0.02
3144.556354,0.018000000000000002
3144.7543539999997,0.009000000000000001
3144.952254,0.061
3145.1502539999997,0.042
3145.348504,0.026000000000000002
3145.546354,0.019
3145.7465039999997,0.051000000000000004
3145.9423039999997,0.04
3146.140304,0.08
3146.338504,0.099
3146.536554,0.054
3146.734404,0.069
3146.932554,0.023
3147.132354,0.057
3147.328504,0.038
3147.526504,0.065
3147.724404,0.058
3147.9225539999998,0.012
3148.120554,0.044
3148.318554,0.046
3148.516554,0.029
3148.7145539999997,0.051000000000000004
3148.914604,0.022
3149.110554,0.055
3149.505854,0.045
3149.703854,0.084
3149.901804,0.074
3150.099804,0.009000000000000001
3150.297804,0.018000000000000002
3150.495854,0.059000000000000004
3150.6938539999996,0.07200000000000001
3150.891854,0.019
3151.089854,0.026000000000000002
3151.2878539999997,0.04
3151.485854,0.05
3151.683854,0.013000000000000001
3151.8818539999997,0.059000000000000004
3152.0801039999997,0.045
3152.277854,0.053
3152.476104,0.053
3152.6739039999998,0.022
3152.8719039999996,0.048
3153.070104,0.044
3153.267904,0.065
3153.4661539999997,0.096
3153.663904,0.096
3153.861904,0.096
3154.0601039999997,0.046
3154.258104,0.017
3154.456154,0.03
3154.654154,0.057
3154.8519039999996,0.107
3155.050154,0.035
3155.248154,0.047
3155.4461539999998,0.112
3155.644154,0.105
3155.842304,0.042
3156.040154,0.035
3156.2381539999997,0.018000000000000002
3156.436304,0.051000000000000004
3156.634154,0.048
3156.832204,0.07200000000000001
3157.0302039999997,0.037
3157.228354,0.08600000000000001
3157.4263539999997,0.027
3157.624354,0.069
3157.822354,0.064
3158.0203539999998,0.042
3158.218204,0.021
3158.416354,0.04
3158.614354,0.06
3158.812204,0.048
3159.0104039999997,0.029
3159.208204,0.022
3159.4063539999997,0.094
3159.604354,0.029
3159.802354,0.035
3160.000404,0.001
3160.200704,0.089
3160.396404,0.062
3160.594404,0.08
3160.7925539999997,0.019
3160.9904039999997,0.031
3161.188404,0.044
3161.386654,0.099
3161.5844039999997,0.048
3161.782404,0.051000000000000004
3161.9812039999997,0.08
3162.178404,0.081
3162.3766539999997,0.012
3162.574454,0.039
3162.772454,0.138
3162.9706039999996,0.117
3163.168804,0.088
3163.367304,0.1
3163.564654,0.042
3163.762604,0.018000000000000002
3163.960604,0.045
3164.1588039999997,0.041
3164.356704,0.065
3164.5547039999997,0.073
3164.752704,0.007
3164.9506039999997,0.039
3165.148604,0.065
3165.346854,0.12
3165.544704,0.073
3165.742704,0.07200000000000001
3165.940604,0.064
3166.138854,0.033
3166.3368539999997,0.047
3166.535504,0.082
3166.732904,0.08
3166.930904,0.107
3167.1286539999996,0.062
3167.326854,0.028
3167.524854,0.049
3167.722754,0.05
3167.920904,0.054
3168.118654,0.058
3168.316904,0.053
3168.5149039999997,0.009000000000000001
3168.712904,0.068
3168.910904,0.028
3169.306154,0.023
3169.7022039999997,0.111
3169.900204,0.097
3170.098204,0.081
3170.2964039999997,0.038
3170.494154,0.049
3170.692204,0.043000000000000003
3170.890204,0.099
3171.0882039999997,0.015
3171.286204,0.032
3171.484204,0.038
3171.6822039999997,0.021
3171.880204,0.019
3172.078204,0.079
3172.276454,0.054
3172.4744539999997,0.06
3172.672204,0.077
3172.870454,0.07200000000000001
3173.0684539999997,0.053
3173.2662539999997,0.08
3173.464454,0.016
3173.662254,0.07200000000000001
3173.8602539999997,0.055
3174.058454,0.069
3174.256454,0.06
3174.4544539999997,0.079
3174.6525039999997,0.04
3174.850454,0.041
3175.048504,0.058
3175.246654,0.08
3175.444504,0.058
3175.642504,0.098
3175.8406539999996,0.039
3176.0385039999996,0.065
3176.236654,0.077
3176.4346539999997,0.047
3176.6325039999997,0.08700000000000001
3176.830654,0.128
3177.028504,0.037
3177.2267039999997,0.045
3177.424704,0.113
3177.622554,0.10200000000000001
3177.8207039999998,0.041
3178.018704,0.07
3178.216704,0.042
3178.414704,0.051000000000000004
3178.6127039999997,0.051000000000000004
3178.811354,0.015
3179.008704,0.033
3179.206754,0.065
3179.404704,0.066
3179.602704,0.016
3179.8007039999998,0.037
3179.9987039999996,0.02
3180.197404,0.033
3180.394754,0.108
3180.592754,0.077
3180.7907539999997,0.06
3180.988754,0.073
3181.187004,0.051000000000000004
3181.3847539999997,0.051000000000000004
3181.582754,0.062
3181.7809039999997,0.018000000000000002
3181.979554,0.022
3182.176754,0.028
3182.375004,0.036000000000000004
3182.572804,0.031
3182.7708039999998,0.02
3182.968954,0.048
3183.167004,0.034
3183.3656539999997,0.034
3183.5630039999996,0.10200000000000001
3183.760954,0.114
3183.958904,0.116
3184.157154,0.03
3184.3550539999997,0.038
3184.553054,0.065
3184.7509539999996,0.044
3184.948954,0.048
3185.147204,0.044
3185.3452039999997,0.069
3185.5430539999998,0.073
3185.741054,0.032
3185.9389539999997,0.055
3186.1372039999997,0.007
3186.335204,0.035
3186.533704,0.106
3186.7312039999997,0.043000000000000003
3186.929004,0.1
3187.127254,0.09
3187.325254,0.054
3187.523204,0.08600000000000001
3187.721204,0.09
3187.919204,0.024
3188.117254,0.078
3188.3152539999996,0.021
3188.513254,0.01
3188.711254,0.02
3188.9092539999997,0.063
3189.3045039999997,0.123
3189.502504,0.015
3189.700554,0.052000000000000005
3189.898554,0.034
3190.0965539999997,0.04
3190.294554,0.13
3190.492504,0.10200000000000001
3190.6905039999997,0.012
3190.888754,0.025
3191.086554,0.051000000000000004
3191.284754,0.036000000000000004
3191.4825539999997,0.088
3191.680554,0.031
3191.878804,0.018000000000000002
3192.0765539999998,0.057
3192.2748039999997,0.045
3192.472554,0.054
3192.670554,0.023
3192.868754,0.041
3193.066804,0.058
3193.264804,0.016
3193.462804,0.054
3193.6606039999997,0.025
3193.858804,0.099
3194.056804,0.061
3194.2548039999997,0.048
3194.452804,0.026000000000000002
3194.650804,0.005
3194.8488039999997,0.055
3195.046804,0.016
3195.245004,0.034
3195.442854,0.016
3195.6408539999998,0.014
3195.8388539999996,0.025
3196.036854,0.024
3196.2350039999997,0.035
3196.433004,0.021
3196.631004,0.014
3196.8290039999997,0.004
3197.0268539999997,0.082
3197.225704,0.034
3197.423054,0.015
3197.6210539999997,0.067
3197.819054,0.067
3198.016904,0.045
3198.215054,0.031
3198.4130539999996,0.005
3198.611054,0.054
3198.809054,0.059000000000000004
3199.0077039999996,0.07
3199.205054,0.036000000000000004
3199.403104,0.07100000000000001
3199.601204,0.031
3199.799054,0.031
3199.997054,0.035
3200.195304,0.024
3200.3937539999997,0.037
3200.591204,0.063
3200.7892039999997,0.027
3200.987104,0.014
3201.1853539999997,0.063
3201.383104,0.006
3201.5812539999997,0.067
3201.779254,0.015
3201.977254,0.033
3202.175354,0.028
3202.373354,0.061
3202.5711039999997,0.047
3202.769254,0.015
3202.9675039999997,0.05
3203.1653539999998,0.038
3203.363354,0.035
3203.5619039999997,0.028
3203.7593039999997,0.028
3203.957304,0.058
3204.155504,0.044
3204.353354,0.075
3204.551504,0.042
3204.749304,0.042
3204.947304,0.041
3205.1455539999997,0.038
3205.3434039999997,0.036000000000000004
3205.541554,0.059000000000000004
3205.7395539999998,0.025
3205.937304,0.052000000000000005
3206.135554,0.078
3206.333554,0.025
3206.5315539999997,0.013000000000000001
3206.730204,0.036000000000000004
3206.927354,0.07
3207.125604,0.079
3207.3236039999997,0.059000000000000004
3207.521604,0.04
3207.719554,0.066
3207.9175539999997,0.033
3208.116404,0.046
3208.313604,0.033
3208.708854,0.016
3209.1048539999997,0.045
3209.302854,0.045
3209.500854,0.024
3209.6990539999997,0.045
3209.8969039999997,0.061
3210.095104,0.122
3210.292904,0.031
3210.490904,0.08600000000000001
3210.689104,0.011
3210.886854,0.036000000000000004
3211.084904,0.03
3211.2831039999996,0.046
3211.480904,0.008
3211.679104,0.027
3211.8771039999997,0.057
3212.074904,0.051000000000000004
3212.273154,0.044
3212.470904,0.028
3212.6691539999997,0.024
3212.867154,0.008
3213.065154,0.093
3213.2631539999998,0.025
3213.461154,0.006
3213.659154,0.046
3213.857154,0.031
3214.0551539999997,0.043000000000000003
3214.253154,0.048
3214.451154,0.028
3214.6491539999997,0.05
3214.847154,0.043000000000000003
3215.045354,0.008
3215.2433539999997,0.004
3215.4412039999997,0.06
3215.639354,0.037
3215.837204,0.042
3216.0353539999996,0.028
3216.233354,0.116
3216.431204,0.02
3216.6293539999997,0.041
3216.8272039999997,0.057
3217.025204,0.058
3217.224054,0.066
3217.4214039999997,0.034
3217.619404,0.03
3217.817404,0.028
3218.015254,0.052000000000000005
3218.2134039999996,0.065
3218.411404,0.015
3218.609404,0.078
3218.8074039999997,0.056
3219.006254,0.068
3219.203404,0.032
3219.4014039999997,0.057
3219.599554,0.05
3219.797404,0.078
3219.995404,0.053
3220.1934039999996,0.082
3220.392054,0.07
3220.5895539999997,0.034
3220.787554,0.07
3220.9854539999997,0.057
3221.183654,0.047
3221.381454,0.07100000000000001
3221.579604,0.044
3221.777604,0.018000000000000002
3221.975704,0.023
3222.173704,0.034
3222.3714539999996,0.031
3222.569604,0.022
3222.7676039999997,0.019
3222.965604,0.004
3223.163704,0.042
3223.361704,0.033
3223.560254,0.05
3223.757654,0.032
3223.955654,0.032
3224.153704,0.068
3224.3517039999997,0.035
3224.549854,0.035
3224.747654,0.08
3224.945854,0.117
3225.143904,0.065
3225.341754,0.042
3225.5399039999998,0.019
3225.737654,0.044
3225.935654,0.043000000000000003
3226.133904,0.05
3226.3319039999997,0.057
3226.529904,0.052000000000000005
3226.728554,0.011
3226.9257039999998,0.031
3227.123904,0.048
3227.321954,0.046
3227.519954,0.022
3227.7179539999997,0.036000000000000004
3227.915904,0.014
3228.1145539999998,0.048
3228.3119039999997,0.022
3228.707204,0.031
3229.103204,0.028
3229.301204,0.067
3229.4992039999997,0.047
3229.697204,0.029
3229.895204,0.06
3230.093254,0.028
3230.2912539999998,0.058
3230.489254,0.026000000000000002
3230.687454,0.058
3230.8852039999997,0.038
3231.083454,0.051000000000000004
3231.281254,0.038
3231.479254,0.024
3231.6774539999997,0.022
3231.875454,0.059000000000000004
3232.073504,0.034
3232.271504,0.096
3232.4692539999996,0.043000000000000003
3232.667504,0.047
3232.865504,0.015
3233.0635039999997,0.02
3233.261504,0.018000000000000002
3233.459304,0.046
3233.657504,0.053
3233.8555039999997,0.077
3234.053704,0.066
3234.251554,0.033
3234.4495039999997,0.017
3234.647504,0.031
3234.845504,0.046
3235.043654,0.042
3235.2415539999997,0.02
3235.439554,0.042
3235.637554,0.044
3235.835554,0.03
3236.0335539999996,0.042
3236.231704,0.023
3236.429554,0.024
3236.627704,0.043000000000000003
3236.825554,0.048
3237.0237039999997,0.028
3237.2224039999996,0.069
3237.4196039999997,0.025
3237.617754,0.015
3237.8157539999997,0.013000000000000001
3238.013754,0.037
3238.211754,0.055
3238.409754,0.02
3238.6077539999997,0.01
3238.805754,0.015
3239.004404,0.021
3239.2017539999997,0.033
3239.399754,0.024
3239.5979039999997,0.041
3239.795804,0.026000000000000002
3239.9940039999997,0.026000000000000002
3240.191754,0.048
3240.3904039999998,0.038
3240.587904,0.042
3240.7858039999996,0.026000000000000002
3240.984004,0.013000000000000001
3241.181804,0.041
3241.3798039999997,0.037
3241.577954,0.03
3241.7759539999997,0.033
3241.974054,0.04
3242.1720539999997,0.026000000000000002
3242.369804,0.015
3242.5680039999997,0.046
3242.765954,0.013000000000000001
3242.964054,0.019
3243.162054,0.013000000000000001
3243.3600539999998,0.034
3243.558604,0.011
3243.756004,0.013000000000000001
3243.9542039999997,0.013000000000000001
3244.1520539999997,0.034
3244.350054,0.053
3244.5482039999997,0.076
3244.7460039999996,0.023
3244.944204,0.025
3245.1422039999998,0.0
3245.340104,0.037
3245.538254,0.03
3245.736004,0.033
3245.934254,0.029
3246.1322539999996,0.052000000000000005
3246.3301039999997,0.024
3246.528254,0.026000000000000002
3246.7269039999996,0.018000000000000002
3246.924254,0.025
3247.122254,0.031
3247.3202539999997,0.033
3247.5183039999997,0.038
3247.716304,0.046
3247.914304,0.085
3248.112904,0.10400000000000001
3248.310254,0.082
3248.7055539999997,0.05
3248.903554,0.032
3249.101554,0.032
3249.2995539999997,0.029
3249.497554,0.029
3249.695554,0.005
3249.8935539999998,0.011
3250.0915539999996,0.024
3250.289604,0.058
3250.487604,0.113
3250.6858039999997,0.008
3250.8836039999997,0.043000000000000003
3251.081804,0.067
3251.279604,0.02
3251.4776039999997,0.034
3251.675804,0.011
3251.873604,0.038
3252.071854,0.054
3252.269604,0.08
3252.467604,0.041
3252.665854,0.017
3252.8638539999997,0.047
3253.061854,0.024
3253.259854,0.07100000000000001
3253.4576039999997,0.021
3253.6558539999996,0.014
3253.853854,0.013000000000000001
3254.051854,0.041
3254.249904,0.016
3254.4479039999997,0.032
3254.645854,0.069
3254.8438539999997,0.028
3255.042004,0.005
3255.239854,0.044
3255.437904,0.057
3255.6359039999998,0.096
3255.833904,0.07200000000000001
3256.0327039999997,0.012
3256.2300539999997,0.059000000000000004
3256.4279039999997,0.043000000000000003
3256.626054,0.026000000000000002
3256.823904,0.031
3257.022054,0.056
3257.220054,0.027
3257.417904,0.023
3257.6161039999997,0.028
3257.8139039999996,0.046
3258.012104,0.048
3258.210104,0.03
3258.4081039999996,0.029
3258.606104,0.036000000000000004
3258.804104,0.038
3259.0021039999997,0.032
3259.200104,0.068
3259.398104,0.013000000000000001
3259.5961039999997,0.042
3259.7941539999997,0.022
3259.992354,0.021
3260.190104,0.009000000000000001
3260.3881039999997,0.036000000000000004
3260.586904,0.013000000000000001
3260.784104,0.051000000000000004
3260.9823539999998,0.033
3261.1801539999997,0.016
3261.378154,0.011
3261.5763039999997,0.048
3261.774304,0.044
3261.9724039999996,0.043000000000000003
3262.170404,0.051000000000000004
3262.3683039999996,0.02
3262.566304,0.044
3262.764554,0.076
3262.962404,0.017
3263.1604039999997,0.06
3263.358304,0.03
3263.556354,0.057
3263.754954,0.037
3263.952554,0.018000000000000002
3264.150404,0.048
3264.348404,0.008
3264.546354,0.016
3264.744554,0.043000000000000003
3264.9425539999997,0.054
3265.141104,0.056
3265.3384539999997,0.012
3265.536604,0.078
3265.7346039999998,0.058
3265.9326039999996,0.032
3266.130604,0.066
3266.328604,0.024
3266.5266039999997,0.023
3266.724354,0.031
3266.923254,0.048
3267.1206039999997,0.034
3267.318504,0.03
3267.516654,0.025
3267.714654,0.013000000000000001
3267.9126539999997,0.019
3268.110654,0.06
3268.5059039999996,0.026000000000000002
3268.703904,0.028
3268.901904,0.04
3269.0999039999997,0.008
3269.297904,0.039
3269.496104,0.03
3269.6939039999997,0.049
3269.891904,0.021
3270.089904,0.026000000000000002
3270.287954,0.048
3270.4861539999997,0.033
3270.6839539999996,0.011
3270.881954,0.024
3271.079954,0.041
3271.277904,0.064
3271.475954,0.037
3271.674154,0.049
3271.8721539999997,0.037
3272.0702039999996,0.029
3272.267954,0.031
3272.466204,0.031
3272.6642039999997,0.039
3272.861954,0.01
3273.060204,0.062
3273.2582039999998,0.028
3273.456204,0.023
3273.654204,0.08700000000000001
3273.852204,0.045
3274.0502039999997,0.07200000000000001
3274.248204,0.016
3274.446204,0.005
3274.644254,0.015
3274.842404,0.029
3275.0403539999998,0.042
3275.2382039999998,0.032
3275.436404,0.013000000000000001
3275.634204,0.029
3275.832254,0.037
3276.0304039999996,0.032
3276.2282539999997,0.037
3276.426254,0.05
3276.624254,0.006
3276.822404,0.029
3277.020404,0.052000000000000005
3277.2184039999997,0.053
3277.4162539999998,0.015
3277.615054,0.009000000000000001
3277.812454,0.056
3278.0104539999998,0.041
3278.208454,0.067
3278.406454,0.014
3278.604454,0.021
3278.8024539999997,0.027
3279.000454,0.008
3279.198454,0.051000000000000004
3279.3964539999997,0.049
3279.594454,0.035
3279.792454,0.013000000000000001
3279.990504,0.03
3280.1885039999997,0.058
3280.386454,0.029
3280.584704,0.034
3280.7833539999997,0.009000000000000001
3280.980704,0.016
3281.178504,0.041
3281.3766539999997,0.028
3281.574654,0.057
3281.772504,0.043000000000000003
3281.970754,0.059000000000000004
3282.1691539999997,0.014
3282.366504,0.013000000000000001
3282.564654,0.044
3282.7629039999997,0.062
3282.9607539999997,0.061
3283.158754,0.05
3283.3566539999997,0.013000000000000001
3283.554654,0.05
3283.752904,0.019
3283.9515539999998,0.061
3284.148754,0.067
3284.346904,0.021
3284.544704,0.028
3284.742704,0.008
3284.940904,0.09
3285.1388039999997,0.013000000000000001
3285.337454,0.021
3285.5347039999997,0.029
3285.732704,0.038
3285.930954,0.012
3286.128954,0.011
3286.3269539999997,0.06
3286.524954,0.09
3286.722954,0.05
3286.9209539999997,0.03
3287.118954,0.062
3287.316954,0.059000000000000004
3287.5149539999998,0.092
3287.713154,0.027
3287.911004,0.055
3288.3062539999996,0.046
3288.702254,0.044
3288.9002539999997,0.014
3289.098254,0.065
3289.296254,0.06
3289.494504,0.011
3289.692254,0.069
3289.890454,0.061
3290.088254,0.033
3290.2862539999996,0.057
3290.484504,0.012
3290.682304,0.028
3290.8805039999997,0.049
3291.0783039999997,0.034
3291.276304,0.022
3291.474504,0.028
3291.6725039999997,0.023
3291.870504,0.075
3292.068504,0.057
3292.2663039999998,0.045
3292.4645539999997,0.029
3292.662554,0.01
3292.860554,0.057
3293.0585539999997,0.03
3293.256304,0.039
3293.454554,0.07
3293.652554,0.058
3293.8505539999996,0.024
3294.048554,0.06
3294.246554,0.083
3294.4445539999997,0.049
3294.642554,0.025
3294.840754,0.02
3295.0385539999997,0.017
3295.236554,0.006
3295.434754,0.027
3295.632554,0.068
3295.830754,0.051000000000000004
3296.028754,0.018000000000000002
3296.226604,0.007
3296.4247539999997,0.036000000000000004
3296.6226039999997,0.016
3296.820754,0.022
3297.0187539999997,0.062
3297.216754,0.019
3297.414754,0.065
3297.6134039999997,0.041
3297.8108039999997,0.021
3298.008804,0.04
3298.206804,0.043000000000000003
3298.404804,0.021
3298.6028039999997,0.02
3298.800804,0.039
3298.998804,0.018000000000000002
3299.1968039999997,0.037
3299.394954,0.04
3299.592804,0.026000000000000002
3299.791054,0.047
3299.9888539999997,0.019
3300.186854,0.016
3300.3850039999998,0.066
3300.5828039999997,0.023
3300.781704,0.016
3300.979054,0.045
3301.176854,0.039
3301.374954,0.066
3301.573204,0.009000000000000001
3301.771104,0.011
3301.969104,0.005
3302.167504,0.028
3302.3650039999998,0.054
3302.5630039999996,0.031
3302.7611039999997,0.054
3302.959104,0.002
3303.157104,0.07100000000000001
3303.355004,0.04
3303.553004,0.007
3303.751254,0.076
3303.9497539999998,0.055
3304.147154,0.013000000000000001
3304.345054,0.057
3304.5430539999998,0.038
3304.741254,0.063
3304.939254,0.042
3305.137154,0.08700000000000001
3305.335904,0.036000000000000004
3305.533304,0.025
3305.731304,0.078
3305.929304,0.035
3306.127154,0.031
3306.325304,0.018000000000000002
3306.523304,0.049
3306.7213039999997,0.038
3306.919304,0.05
3307.117304,0.036000000000000004
3307.3153039999997,0.026000000000000002
3307.513454,0.015
3307.711354,0.07200000000000001
3307.909354,0.059000000000000004
3308.304604,0.013000000000000001
3308.502604,0.033
3308.7006039999997,0.038
3308.898604,0.011
3309.096604,0.015
3309.2946039999997,0.031
3309.492604,0.014
3309.690854,0.045
3309.8886039999998,0.021
3310.0866039999996,0.041
3310.284604,0.042
3310.482854,0.069
3310.6808539999997,0.07
3310.878854,0.029
3311.076654,0.042
3311.274654,0.036000000000000004
3311.4728539999996,0.037
3311.670854,0.064
3311.868854,0.055
3312.0666539999997,0.023
3312.264654,0.012
3312.462854,0.109
3312.6610539999997,0.017
3312.8589039999997,0.018000000000000002
3313.056904,0.02
3313.254654,0.067
3313.4529039999998,0.089
3313.651054,0.033
3313.848904,0.037
3314.046904,0.035
3314.2449039999997,0.014
3314.442904,0.043000000000000003
3314.6417039999997,0.022
3314.8391039999997,0.058
3315.0369539999997,0.07200000000000001
3315.234904,0.064
3315.432904,0.027
3315.6311539999997,0.019
3315.829104,0.017
3316.027104,0.091
3316.2251039999996,0.059000000000000004
3316.423104,0.055
3316.621104,0.001
3316.8191039999997,0.068
3317.017104,0.044
3317.214954,0.039
3317.4131039999997,0.074
3317.611104,0.063
3317.809754,0.045
3318.007154,0.079
3318.2051539999998,0.03
3318.4031539999996,0.05
3318.601404,0.056
3318.799154,0.045
3318.9971539999997,0.048
3319.1959039999997,0.059000000000000004
3319.393154,0.04
3319.591404,0.058
3319.7894039999996,0.023
3319.987204,0.046
3320.185204,0.024
3320.383354,0.056
3320.581404,0.017
3320.779404,0.05
3320.9778039999997,0.042
3321.1752039999997,0.052000000000000005
3321.3733039999997,0.033
3321.5715539999997,0.029
3321.7694539999998,0.03
3321.9674539999996,0.097
3322.1653539999998,0.048
3322.364004,0.08600000000000001
3322.561604,0.049
3322.759454,0.024
3322.957454,0.08
3323.1552039999997,0.047
3323.353354,0.056
3323.5516039999998,0.088
3323.7496039999996,0.028
3323.9475039999998,0.018000000000000002
3324.145504,0.018000000000000002
3324.3434039999997,0.04
3324.5416539999997,0.068
3324.739604,0.07200000000000001
3324.937454,0.065
3325.135604,0.051000000000000004
3325.333604,0.081
3325.5322539999997,0.098
3325.7296539999998,0.066
3325.927654,0.088
3326.125654,0.016
3326.323654,0.018000000000000002
3326.5216539999997,0.035
3326.719654,0.031
3326.918304,0.19
3327.115804,0.58
3327.313654,0.493
3327.5118039999998,0.922
3327.709704,0.626
3328.106554,0.277
3328.3029539999998,0.162
3328.5009539999996,0.168
3328.698954,0.15
3328.896954,0.065
3329.0965539999997,0.023
3329.292954,0.162
3329.490954,0.09
3329.689204,0.10300000000000001
3329.886954,0.07100000000000001
3330.085554,0.058
3330.283004,0.069
3330.4810039999998,0.075
3330.679204,0.116
3330.877204,0.08600000000000001
3331.075004,0.219
3331.2748039999997,0.08700000000000001
3331.471204,0.074
3331.669204,0.039
3331.8672039999997,0.08600000000000001
3332.065004,0.08
3332.264604,0.146
3332.4612039999997,0.028
3332.659404,0.024
3332.857254,0.099
3333.055254,0.106
3333.2530039999997,0.158
3333.451254,0.037
3333.649404,0.203
3333.847254,0.036000000000000004
3334.0452539999997,0.134
3334.243254,0.097
3334.441254,0.23500000000000001
3334.6394539999997,0.188
3334.8395539999997,0.068
3335.035304,0.082
3335.2334539999997,0.107
3335.4312539999996,0.097
3335.629454,0.1
3335.8274539999998,0.052000000000000005
3336.025304,0.055
3336.2255539999996,0.155
3336.421304,0.183
3336.619504,0.23600000000000002
3336.817454,0.157
3337.015454,0.20600000000000002
3337.2134539999997,0.176
3337.411454,0.057
3337.609454,0.037
3337.807504,0.227
3338.007654,0.095
3338.203504,0.181
3338.401504,0.233
3338.599754,0.097
3338.7975039999997,0.048
3338.995504,0.274
3339.193504,0.189
3339.3935539999998,0.252
3339.5897539999996,0.04
3339.787504,0.049
3339.985554,0.085
3340.183654,0.117
3340.381654,0.21
3340.579754,0.258
3340.7777539999997,0.061
3340.9755539999996,0.053
3341.173704,0.17200000000000001
3341.371654,0.107
3341.5697539999996,0.029
3341.767804,0.093
3341.965554,0.108
3342.163704,0.107
3342.361704,0.158
3342.562004,0.036000000000000004
3342.757804,0.044
3342.9558039999997,0.05
3343.153704,0.061
3343.3517039999997,0.134
3343.549954,0.092
3343.7478039999996,0.048
3343.945804,0.076
3344.1439539999997,0.099
3344.341754,0.054
3344.540004,0.177
3344.738004,0.04
3344.9358039999997,0.10400000000000001
3345.133954,0.203
3345.331754,0.292
3345.5300039999997,0.116
3345.7300539999997,0.06
3345.926004,0.045
3346.124004,0.131
3346.3220039999997,0.196
3346.520004,0.036000000000000004
3346.718004,0.036000000000000004
3346.9160039999997,0.132
3347.1161039999997,0.077
3347.312004,0.08700000000000001
3347.707304,0.017
3348.1032539999997,0.129
3348.301304,0.158
3348.499304,0.11900000000000001
3348.697304,0.201
3348.8953039999997,0.169
3349.093304,0.079
3349.291304,0.112
3349.4893039999997,0.098
3349.6875539999996,0.16
3349.885304,0.28600000000000003
3350.0833039999998,0.035
3350.2820039999997,0.161
3350.479354,0.11900000000000001
3350.677554,0.117
3350.875354,0.092
3351.0733539999997,0.033
3351.271554,0.057
3351.469554,0.199
3351.6675539999997,0.219
3351.865554,0.387
3352.063354,0.313
3352.2615539999997,0.41000000000000003
3352.459554,0.314
3352.657604,0.17300000000000001
3352.855604,0.167
3353.055004,0.361
3353.251604,0.551
3353.449604,0.51
3353.6477539999996,0.34600000000000003
3353.8456039999996,0.192
3354.043604,0.161
3354.241604,0.153
3354.439654,0.107
3354.637804,0.088
3354.835654,0.125
3355.033654,0.073
3355.231804,0.14300000000000002
3355.429654,0.091
3355.6278039999997,0.145
3355.825804,0.211
3356.0236539999996,0.405
3356.221804,0.191
3356.419654,0.212
3356.6178539999996,0.231
3356.815854,0.052000000000000005
3357.0144539999997,0.23500000000000001
3357.211804,0.186
3357.409804,0.244
3357.607854,0.256
3357.8058539999997,0.384
3358.003854,0.399
3358.201854,0.28600000000000003
3358.399854,0.39
3358.5978539999996,0.449
3358.795854,0.748
3358.993854,0.876
3359.192004,0.8200000000000001
3359.389854,0.639
3359.588104,0.705
3359.785904,0.534
3359.9839039999997,0.495
3360.182004,0.391
3360.379904,0.258
3360.578154,0.14400000000000002
3360.776104,0.042
3360.973904,0.17300000000000001
3361.1720539999997,0.211
3361.370054,0.167
3361.568104,0.216
3361.766854,0.197
3361.9639039999997,0.076
3362.162054,0.089
3362.3600539999998,0.085
3362.5583039999997,0.219
3362.7561539999997,0.295
3362.954154,0.17
3363.1520539999997,0.17500000000000002
3363.350054,0.31
3363.549904,0.246
3363.746154,0.073
3363.9459039999997,0.10400000000000001
3364.142104,0.109
3364.340104,0.28300000000000003
3364.539954,0.22
3364.7363539999997,0.309
3364.9342039999997,0.214
3365.1323039999997,0.406
3365.3301039999997,0.261
3365.528354,0.17500000000000002
3365.726354,0.034
3365.926004,0.13
3366.1223539999996,0.059000000000000004
3366.320354,0.156
3366.518354,0.111
3366.7163539999997,0.14100000000000001
3366.9144539999998,0.157
3367.112354,0.161
3367.312054,0.077
3367.705654,0.23
3368.101604,0.31
3368.301304,0.372
3368.4978539999997,0.32
3368.6956539999996,0.17
3368.893654,0.121
3369.091654,0.22
3369.2896539999997,0.307
3369.487654,0.339
3369.685654,0.445
3369.8836539999998,0.47600000000000003
3370.0819039999997,0.14100000000000001
3370.279904,0.184
3370.477704,0.139
3370.6759039999997,0.079
3370.875254,0.216
3371.071704,0.24
3371.270954,0.24
3371.4679539999997,0.176
3371.665904,0.066
3371.863904,0.115
3372.0619039999997,0.114
3372.259904,0.077
3372.459654,0.125
3372.655954,0.20800000000000002
3372.8539539999997,0.179
3373.051954,0.073
3373.249954,0.217
3373.4479539999998,0.20800000000000002
3373.645954,0.169
3373.843954,0.113
3374.0423539999997,0.1
3374.2399539999997,0.153
3374.438154,0.095
3374.636154,0.135
3374.834004,0.10200000000000001
3375.032154,0.162
3375.230004,0.09
3375.428004,0.094
3375.626154,0.105
3375.824154,0.063
3376.022004,0.07200000000000001
3376.2202039999997,0.101
3376.4180039999997,0.156
3376.616204,0.229
3376.814204,0.059000000000000004
3377.013654,0.114
3377.210154,0.013000000000000001
3377.408204,0.107
3377.606154,0.033
3377.804204,0.036000000000000004
3378.0023039999996,0.03
3378.2002039999998,0.008
3378.3982039999996,0.053
3378.597104,0.024
3378.794204,0.116
3378.9922039999997,0.12
3379.190204,0.089
3379.388204,0.075
3379.586454,0.092
3379.784204,0.116
3379.9823539999998,0.015
3380.182104,0.111
3380.3784539999997,0.099
3380.576454,0.113
3380.774704,0.153
3380.9724039999996,0.17500000000000002
3381.170404,0.008
3381.368404,0.034
3381.566454,0.122
3381.7645039999998,0.073
3381.9623039999997,0.055
3382.162054,0.08
3382.3586539999997,0.121
3382.5565039999997,0.134
3382.754504,0.052000000000000005
3382.952254,0.006
3383.150404,0.074
3383.348654,0.242
3383.5466539999998,0.009000000000000001
3383.744504,0.078
3383.942654,0.092
3384.142004,0.10300000000000001
3384.338704,0.017
3384.5367039999996,0.178
3384.7345539999997,0.055
3384.932554,0.10400000000000001
3385.1307039999997,0.127
3385.328454,0.037
3385.526704,0.064
3385.7247039999997,0.029
3385.9225539999998,0.023
3386.122304,0.051000000000000004
3386.318704,0.014
3386.5167039999997,0.045
3386.714704,0.115
3386.9128539999997,0.078
3387.112154,0.124
3387.308854,0.044
3387.7040039999997,0.17
3387.902004,0.105
3388.101604,0.12
3388.2980039999998,0.037
3388.4960039999996,0.055
3388.694004,0.132
3388.892004,0.041
3389.0911539999997,0.078
3389.288004,0.093
3389.486254,0.061
3389.6840039999997,0.029
3389.882004,0.149
3390.080854,0.132
3390.278004,0.131
3390.476404,0.23700000000000002
3390.674254,0.14300000000000002
3390.872054,0.098
3391.0702539999997,0.089
3391.268254,0.148
3391.466304,0.23900000000000002
3391.664304,0.266
3391.8636539999998,0.163
3392.060254,0.22
3392.258254,0.111
3392.456304,0.113
3392.6543039999997,0.069
3392.852304,0.148
3393.050304,0.149
3393.2483039999997,0.094
3393.446454,0.11800000000000001
3393.644304,0.082
3393.844004,0.047
3394.0403039999997,0.11
3394.238304,0.10400000000000001
3394.436504,0.032
3394.6345039999997,0.115
3394.8323539999997,0.13
3395.030504,0.186
3395.228354,0.135
3395.426504,0.12
3395.624504,0.017
3395.822354,0.07200000000000001
3396.020504,0.223
3396.218504,0.36
3396.416354,0.317
3396.614804,0.198
3396.8125539999996,0.223
3397.010554,0.11800000000000001
3397.208554,0.113
3397.406504,0.19
3397.604504,0.078
3397.802554,0.092
3398.000704,0.077
3398.198554,0.09
3398.396754,0.158
3398.594554,0.057
3398.7925539999997,0.027
3398.990704,0.091
3399.188554,0.063
3399.3868039999998,0.096
3399.584554,0.083
3399.784154,0.121
3399.980704,0.145
3400.1804039999997,0.04
3400.376804,0.025
3400.574854,0.114
3400.772604,0.019
3400.970754,0.184
3401.168754,0.058
3401.366804,0.06
3401.5648039999996,0.083
3401.762604,0.025
3401.9607539999997,0.107
3402.159354,0.03
3402.357004,0.093
3402.554854,0.23
3402.752854,0.221
3402.950804,0.067
3403.1505039999997,0.149
3403.3470039999997,0.281
3403.5448539999998,0.263
3403.744554,0.184
3403.941004,0.179
3404.1388039999997,0.249
3404.3370539999996,0.169
3404.535054,0.114
3404.732904,0.14400000000000002
3404.9310539999997,0.147
3405.128804,0.032
3405.327054,0.109
3405.5250539999997,0.209
3405.723054,0.169
3405.921054,0.228
3406.119054,0.123
3406.3170539999996,0.168
3406.515054,0.167
3406.713054,0.135
3406.9110539999997,0.126
3407.109054,0.125
3407.5043539999997,0.082
3407.702354,0.039
3407.900354,0.109
3408.0983539999997,0.155
3408.296354,0.116
3408.494354,0.056
3408.692354,0.146
3408.891104,0.247
3409.088354,0.294
3409.286354,0.139
3409.4846039999998,0.1
3409.682354,0.218
3409.880354,0.11800000000000001
3410.078604,0.066
3410.2763539999996,0.079
3410.474604,0.124
3410.672404,0.223
3410.870404,0.115
3411.068604,0.17400000000000002
3411.266604,0.171
3411.465504,0.197
3411.662704,0.159
3411.860404,0.307
3412.0603039999996,0.059000000000000004
3412.2566039999997,0.042
3412.4546539999997,0.17500000000000002
3412.654254,0.122
3412.850454,0.20700000000000002
3413.0486539999997,0.198
3413.246654,0.159
3413.4448039999997,0.199
3413.6426539999998,0.052000000000000005
3413.8406539999996,0.151
3414.038654,0.106
3414.236654,0.136
3414.4348539999996,0.149
3414.6343039999997,0.125
3414.830704,0.14100000000000001
3415.0288539999997,0.106
3415.2267039999997,0.137
3415.424854,0.17
3415.6228539999997,0.08
3415.8207039999998,0.10400000000000001
3416.018854,0.193
3416.216704,0.129
3416.4148539999997,0.198
3416.612854,0.233
3416.8126039999997,0.292
3417.008904,0.51
3417.2069039999997,0.556
3417.404904,0.444
3417.6028539999998,0.171
3417.8009039999997,0.129
3417.998904,0.068
3418.197104,0.196
3418.3955039999996,0.183
3418.5929039999996,0.421
3418.791054,0.454
3418.9890539999997,0.40900000000000003
3419.1869039999997,0.24
3419.385154,0.161
3419.582904,0.587
3419.7809039999997,0.197
3419.9807539999997,0.425
3420.176954,0.488
3420.375204,0.764
3420.573204,0.767
3420.7709539999996,0.883
3420.969104,1.043
3421.167304,0.994
3421.3651539999996,0.608
3421.564904,0.91
3421.7611039999997,0.987
3421.959104,1.103
3422.157104,1.19
3422.355204,1.333
3422.553204,1.637
3422.7530039999997,1.79
3422.949154,1.728
3423.147154,1.486
3423.345354,1.538
3423.543204,1.56
3423.741204,1.542
3423.9391539999997,1.605
3424.137354,2.025
3424.335354,1.87
3424.533404,1.744
3424.7314039999997,1.496
3424.931154,1.502
3425.127404,1.617
3425.3254039999997,1.6400000000000001
3425.523404,1.325
3425.721254,1.348
3425.9194039999998,1.3760000000000001
3426.1174039999996,1.22
3426.315404,1.047
3426.5151539999997,1.124
3426.711454,1.122
3427.1066539999997,1.45
3427.502704,1.782
3427.701804,1.633
3427.8987039999997,1.2730000000000001
3428.096704,1.09
3428.294904,1.104
3428.492704,0.798
3428.6907039999996,0.718
3428.8904039999998,0.745
3429.086704,0.771
3429.2847039999997,0.865
3429.4827539999997,1.191
3429.680754,1.347
3429.8787039999997,1.591
3430.0769539999997,1.822
3430.274954,1.872
3430.472954,2.0140000000000002
3430.6707539999998,2.229
3430.868954,2.295
3431.066954,2.462
3431.264754,2.595
3431.4630039999997,2.818
3431.661004,2.961
3431.858754,3.0380000000000003
3432.057004,3.265
3432.254954,3.505
3432.453004,3.607
3432.651004,3.963
3432.8488039999997,4.029
3433.047004,4.035
3433.2451539999997,4.106
3433.4432039999997,4.251
3433.641004,4.385
3433.839154,4.284
3434.037004,4.402
3434.2350039999997,4.473
3434.433204,4.542
3434.631054,4.626
3434.829054,4.704
3435.0270539999997,4.808
3435.225054,4.804
3435.4232039999997,4.79
3435.621204,4.744
3435.819054,4.8870000000000005
3436.0172039999998,4.89
3436.2152039999996,4.99
3436.413204,4.996
3436.611254,5.125
3436.810254,5.013
3437.0072539999996,4.944
3437.205254,5.037
3437.403254,5.033
3437.6012539999997,5.124
3437.799254,5.406
3437.997254,5.457
3438.1952539999997,5.611
3438.393254,5.673
3438.591254,6.013
3438.791104,5.98
3438.9872539999997,5.9910000000000005
3439.185504,6.289
3439.383504,6.498
3439.5812539999997,6.613
3439.779404,6.633
3439.977454,6.65
3440.175304,6.873
3440.3735039999997,6.926
3440.571304,7.131
3440.769304,7.511
3440.9674539999996,7.591
3441.165704,7.686
3441.363554,7.484
3441.561504,7.758
3441.759454,7.7780000000000005
3441.959104,7.763
3442.155704,7.774
3442.353554,7.824
3442.5515539999997,7.95
3442.749704,7.811
3442.9475039999998,7.59
3443.145704,7.603
3443.343704,7.634
3443.542754,7.626
3443.7397039999996,7.698
3443.937504,7.941
3444.135704,7.964
3444.3337539999998,7.761
3444.532154,7.779
3444.729754,7.7170000000000005
3444.929304,7.758
3445.1257539999997,7.561
3445.323754,7.538
3445.521754,7.45
3445.7197539999997,7.34
3445.917754,7.389
3446.115754,7.377
3446.3139039999996,7.1530000000000005
3446.5118039999998,6.93
3446.709954,6.864
3446.9095039999997,6.75
3447.303054,6.688
3447.501054,6.63
3447.6990539999997,6.587
3447.897054,6.516
3448.095054,6.329
3448.2930539999998,6.343
3448.491604,6.0200000000000005
3448.689054,5.558
3448.8872539999998,5.867
3449.0850539999997,5.813
3449.283304,6.008
3449.481104,6.078
3449.679104,5.915
3449.8773039999996,5.712
3450.075704,5.6610000000000005
3450.273304,5.752
3450.4713039999997,5.942
3450.669104,6.031
3450.867304,5.799
3451.0657539999997,5.831
3451.2633539999997,5.764
3451.461354,5.742
3451.660004,5.811
3451.8573539999998,5.779
3452.0553539999996,5.721
3452.253354,5.8260000000000005
3452.451354,5.873
3452.649754,6.025
3452.847354,5.898
3453.045354,5.869
3453.2435539999997,6.015000000000001
3453.441354,6.064
3453.639354,6.159
3453.837354,6.242
3454.0353539999996,6.357
3454.233504,6.452
3454.431554,6.66
3454.629404,6.82
3454.827554,6.972
3455.025404,6.937
3455.2235539999997,7.167
3455.421554,7.072
3455.619404,7.183
3455.819204,7.336
3456.0154039999998,7.508
3456.213554,7.6290000000000004
3456.4119539999997,7.694
3456.6096039999998,7.784
3456.8076039999996,7.877
3457.005604,7.9670000000000005
3457.203604,8.131
3457.4016039999997,8.275
3457.599754,8.458
3457.7977539999997,8.36
3457.995954,8.382
3458.193804,8.214
3458.391604,8.292
3458.590604,8.273
3458.7878539999997,8.501
3458.985654,8.35
3459.183854,8.519
3459.3816039999997,8.73
3459.580954,8.693
3459.7777539999997,8.652000000000001
3459.975754,8.746
3460.1738539999997,8.919
3460.371854,8.935
3460.569654,8.861
3460.767804,8.962
3460.965804,9.159
3461.163904,9.145
3461.361904,9.059000000000001
3461.5599039999997,9.138
3461.757804,8.915000000000001
3461.9558039999997,8.988
3462.154254,9.0
3462.3519039999996,8.932
3462.549904,9.018
3462.7489539999997,8.995000000000001
3462.945854,9.203
3463.145854,8.957
3463.341904,8.915000000000001
3463.540054,8.894
3463.738704,8.929
3463.935854,8.978
3464.135754,8.791
3464.3321039999996,8.837
3464.530104,8.911
3464.728104,8.686
3464.9258539999996,8.77
3465.124104,8.551
3465.322104,8.584
3465.520254,8.742
3465.719854,8.719
3465.916104,8.649000000000001
3466.1141039999998,8.717
3466.3121039999996,8.749
3466.7073539999997,8.685
3467.103354,8.573
3467.301404,8.669
3467.4994039999997,8.476
3467.697404,8.509
3467.895404,8.539
3468.093654,8.467
3468.291404,8.379
3468.489404,8.395
3468.6876039999997,8.501
3468.8854039999997,8.48
3469.083654,8.429
3469.281654,8.442
3469.479454,8.429
3469.6776539999996,8.403
3469.875654,8.424
3470.073454,8.359
3470.2716539999997,8.435
3470.469454,8.223
3470.667654,8.214
3470.8656539999997,8.206
3471.063804,7.923
3471.263304,7.839
3471.459704,7.74
3471.6577039999997,7.7250000000000005
3471.855704,7.726
3472.053704,7.522
3472.251704,7.639
3472.451404,7.673
3472.647704,7.707
3472.845704,7.662
3473.043854,7.674
3473.241854,7.764
3473.439754,7.783
3473.6379039999997,7.896
3473.8357039999996,7.8950000000000005
3474.033854,7.94
3474.2318539999997,8.182
3474.429754,8.191
3474.6296039999997,8.191
3474.825904,8.278
3475.023754,8.394
3475.221904,8.696
3475.419904,8.593
3475.6179039999997,8.654
3475.815904,8.618
3476.013754,8.732
3476.211904,8.673
3476.411554,8.805
3476.6091539999998,8.81
3476.805954,8.88
3477.0052539999997,9.022
3477.2019539999997,9.09
3477.399954,9.134
3477.599804,9.234
3477.7959539999997,9.157
3477.993954,9.167
3478.191954,9.212
3478.3899539999998,9.241
3478.588104,9.308
3478.786104,9.377
3478.984004,9.429
3479.1822039999997,9.256
3479.379954,9.284
3479.578154,9.218
3479.776104,9.147
3479.9751539999997,9.217
3480.172204,9.443
3480.370204,9.461
3480.568154,9.457
3480.766154,9.438
3480.964154,9.463000000000001
3481.162254,9.5
3481.3602539999997,9.56
3481.558154,9.611
3481.7561539999997,9.656
3481.954154,9.658
3482.152354,9.517
3482.350254,9.465
3482.5484039999997,9.65
3482.746204,9.65
3482.944454,9.524000000000001
3483.1424039999997,9.481
3483.3402539999997,9.593
3483.540204,9.529
3483.736204,9.433
3483.9342039999997,9.399000000000001
3484.132404,9.398
3484.330454,9.385
3484.528454,9.342
3484.7264539999996,9.3
3484.924454,9.413
3485.122454,9.266
3485.3204539999997,9.464
3485.518454,9.337
3485.716454,9.211
3485.914604,9.304
3486.1124539999996,9.42
3486.310904,9.217
3486.705704,9.341000000000001
3486.903704,9.149000000000001
3487.1017039999997,9.165000000000001
3487.2997539999997,9.189
3487.497754,9.192
3487.695954,9.019
3487.8937539999997,8.929
3488.091754,8.894
3488.289754,8.983
3488.4877539999998,8.922
3488.685954,8.648
3488.883754,8.486
3489.082204,8.452
3489.279804,7.96
3489.4778039999997,7.8100000000000005
3489.676004,7.813
3489.874004,7.8790000000000004
3490.0718039999997,7.877
3490.270004,7.771
3490.467804,7.83
3490.6660039999997,7.635
3490.864004,7.531000000000001
3491.0637039999997,7.223
3491.260054,7.082
3491.4580539999997,7.131
3491.656054,6.974
3491.854054,6.851
3492.0522039999996,6.9110000000000005
3492.250654,6.558
3492.448054,6.319
3492.646054,6.082
3492.8445039999997,6.075
3493.042204,5.961
3493.241704,5.72
3493.4380539999997,5.507
3493.636254,5.329
3493.834104,5.238
3494.0322539999997,4.896
3494.230204,4.7250000000000005
3494.4281039999996,4.359
3494.626254,4.12
3494.8240539999997,3.861
3495.022254,3.551
3495.220254,3.3120000000000003
3495.4182539999997,2.986
3495.616254,2.7720000000000002
3495.814254,2.693
3496.0122539999998,2.452
3496.2102539999996,2.218
3496.408304,1.965
3496.606254,1.547
3496.804304,1.27
3497.003104,1.123
3497.200304,0.556
3497.398304,0.302
3497.596454,0.168
3497.794304,0.14100000000000001
3497.992504,0.04
3498.1903039999997,0.08
3498.388304,0.045
3498.5866539999997,0.052000000000000005
3498.784354,0.099
3498.9825539999997,0.075
3499.180554,0.064
3499.378354,0.08700000000000001
3499.5765539999998,0.056
3499.774504,0.083
3499.972554,0.09
3500.170554,0.114
3500.3683539999997,0.096
3500.566504,0.065
3500.7645039999998,0.039
3500.9627539999997,0.085
3501.162254,0.081
3501.358604,0.075
3501.5565039999997,0.024
3501.754504,0.018000000000000002
3501.952754,0.047
3502.150604,0.025
3502.348604,0.035
3502.546754,0.121
3502.744554,0.056
3502.9427539999997,0.088
3503.1408039999997,0.041
3503.340304,0.019
3503.5367539999997,0.073
3503.7345539999997,0.006
3503.932754,0.112
3504.130804,0.10400000000000001
3504.3294539999997,0.078
3504.5268039999996,0.039
3504.724804,0.012
3504.922804,0.095
3505.1208039999997,0.08700000000000001
3505.318804,0.069
3505.516804,0.025
3505.7148039999997,0.10400000000000001
3505.914504,0.089
3506.110804,0.037
3506.506754,0.034
3506.704054,0.053
3506.9020539999997,0.051000000000000004
3507.1001039999996,0.08600000000000001
3507.298104,0.06
3507.496104,0.085
3507.6941039999997,0.047
3507.892104,0.078
3508.090104,0.065
3508.2881039999997,0.135
3508.486104,0.08
3508.684354,0.036000000000000004
3508.882104,0.036000000000000004
3509.0803539999997,0.014
3509.278104,0.13
3509.476154,0.09
3509.6743539999998,0.165
3509.8721539999997,0.051000000000000004
3510.070804,0.004
3510.268354,0.084
3510.4661539999997,0.093
3510.664354,0.08
3510.862354,0.022
3511.0603539999997,0.07200000000000001
3511.2584039999997,0.14400000000000002
3511.456154,0.074
3511.656004,0.041
3511.8524039999998,0.128
3512.0504039999996,0.066
3512.248404,0.069
3512.446404,0.028
3512.6444039999997,0.006
3512.842404,0.05
3513.0405539999997,0.01
3513.2384039999997,0.066
3513.4364539999997,0.049
3513.634404,0.105
3513.832454,0.048
3514.030604,0.076
3514.228604,0.18
3514.4266039999998,0.34900000000000003
3514.6246039999996,0.426
3514.822404,0.492
3515.020604,0.676
3515.219604,0.728
3515.4164539999997,0.841
3515.614604,1.087
3515.812454,1.299
3516.010604,1.3900000000000001
3516.208604,1.843
3516.406654,1.728
3516.6046039999997,1.96
3516.8026539999996,2.173
3517.000654,2.345
3517.198654,2.615
3517.396804,2.737
3517.594654,2.634
3517.792904,2.8890000000000002
3517.991404,2.946
3518.188654,2.959
3518.3868039999998,3.0460000000000003
3518.5848039999996,3.12
3518.7827039999997,3.102
3518.982054,3.015
3519.178704,2.9410000000000003
3519.376704,2.928
3519.574854,3.105
3519.772854,2.974
3519.970904,2.864
3520.1689039999997,2.974
3520.366704,2.99
3520.5648539999997,2.84
3520.763054,2.732
3520.9609539999997,2.736
3521.160704,2.678
3521.3568539999997,2.6750000000000003
3521.554854,2.666
3521.752854,2.753
3521.9511039999998,2.778
3522.148954,2.782
3522.3469539999996,2.7520000000000002
3522.544904,2.556
3522.7431039999997,2.642
3522.941104,2.3810000000000002
3523.1390039999997,2.494
3523.338604,2.482
3523.5351539999997,2.442
3523.733104,2.6670000000000003
3523.9328539999997,2.632
3524.1291539999997,2.848
3524.327154,3.091
3524.525154,3.095
3524.722954,3.18
3524.9211539999997,3.106
3525.119154,3.148
3525.317154,3.137
3525.515254,3.099
3525.713154,3.103
3525.911154,3.016
3526.306454,3.035
3526.504454,3.057
3526.703454,2.989
3526.900404,2.971
3527.098404,3.008
3527.296454,3.065
3527.4946539999996,3.1550000000000002
3527.692454,3.221
3527.891554,3.497
3528.0884539999997,3.483
3528.286854,3.572
3528.484454,3.664
3528.682454,3.774
3528.8804539999996,3.676
3529.078454,3.644
3529.276504,3.61
3529.474504,3.592
3529.672704,3.5620000000000003
3529.870704,3.684
3530.068754,3.721
3530.2665039999997,3.8040000000000003
3530.464704,3.748
3530.662704,3.851
3530.860854,3.8360000000000003
3531.0587539999997,3.751
3531.256754,3.791
3531.454504,4.018
3531.653704,3.743
3531.850754,3.859
3532.048754,3.831
3532.246754,3.747
3532.444504,3.629
3532.642754,3.628
3532.842154,3.742
3533.038904,3.719
3533.2368039999997,3.743
3533.434954,3.638
3533.632804,3.6
3533.830954,3.6350000000000002
3534.028954,3.555
3534.226804,3.395
3534.4247539999997,3.322
3534.622954,3.3850000000000002
3534.820804,3.293
3535.0189539999997,3.4010000000000002
3535.2170039999996,3.301
3535.4148539999997,3.104
3535.613004,3.2800000000000002
3535.810954,3.319
3536.010704,3.2880000000000003
3536.2069539999998,3.118
3536.405104,3.247
3536.603004,3.091
3536.801204,3.012
3537.0005039999996,2.823
3537.1970039999997,2.9290000000000003
3537.3966539999997,2.848
3537.593004,2.802
3537.7912539999998,2.7
3537.989004,2.711
3538.187004,2.516
3538.385154,2.543
3538.583154,2.509
3538.781254,2.43
3538.979254,2.394
3539.1770539999998,2.4050000000000002
3539.375604,2.247
3539.573204,2.2600000000000002
3539.7712539999998,1.9120000000000001
3539.9692539999996,1.7710000000000001
3540.167254,1.9140000000000001
3540.3652039999997,1.816
3540.563204,1.917
3540.761404,1.711
3540.959304,1.676
3541.157304,1.846
3541.355204,1.742
3541.553204,1.731
3541.7514539999997,1.444
3541.9493039999998,1.467
3542.1473039999996,1.363
3542.347104,1.417
3542.5432539999997,1.231
3542.741454,1.323
3542.939504,1.333
3543.137354,1.2550000000000001
3543.3355039999997,1.101
3543.533254,1.098
3543.731504,1.0030000000000001
3543.9294539999996,0.9570000000000001
3544.127454,0.907
3544.325504,0.9560000000000001
3544.523504,0.922
3544.723254,0.668
3544.919504,0.499
3545.117504,0.517
3545.3155039999997,0.379
3545.513504,0.226
3545.711704,0.14
3546.106804,0.1
3546.5028039999997,0.032
3546.702354,0.058
3546.898804,0.096
3547.096804,0.078
3547.2948039999997,0.082
3547.492804,0.131
3547.690804,0.051000000000000004
3547.8890539999998,0.105
3548.086804,0.073
3548.284804,0.07
3548.483054,0.073
3548.6808039999996,0.032
3548.879054,0.075
3549.076804,0.022
3549.274854,0.011
3549.473054,0.049
3549.671054,0.047
3549.870704,0.029
3550.0671039999997,0.105
3550.266004,0.157
3550.463054,0.063
3550.6610539999997,0.09
3550.8591039999997,0.026000000000000002
3551.057104,0.014
3551.254854,0.066
3551.4531039999997,0.08
3551.651104,0.083
3551.8492539999997,0.12
3552.0471039999998,0.068
3552.2451039999996,0.136
3552.443104,0.10200000000000001
3552.641104,0.11800000000000001
3552.839254,0.054
3553.037104,0.134
3553.235104,0.052000000000000005
3553.4333039999997,0.066
3553.6311539999997,0.075
3553.829304,0.041
3554.0273039999997,0.256
3554.2251539999997,0.088
3554.423304,0.183
3554.621304,0.057
3554.8193039999996,0.043000000000000003
3555.017304,0.08
3555.215304,0.028
3555.413354,0.066
3555.6113539999997,0.10300000000000001
3555.809354,0.062
3556.008804,0.064
3556.2053039999996,0.079
3556.403304,0.039
3556.6032539999997,0.114
3556.7993539999998,0.137
3556.9973539999996,0.163
3557.195354,0.212
3557.3935039999997,0.429
3557.5916039999997,0.396
3557.7912539999998,0.41400000000000003
3557.987354,0.6980000000000001
3558.1853539999997,0.577
3558.383504,0.581
3558.581604,1.0070000000000001
3558.779604,1.2
3558.9776039999997,1.391
3559.1754039999996,1.9140000000000001
3559.373554,2.013
3559.5715539999997,2.356
3559.7696039999996,2.553
3559.967604,2.959
3560.165404,3.1710000000000003
3560.363554,3.399
3560.561754,3.583
3560.761454,3.7720000000000002
3560.957654,3.833
3561.1556539999997,4.018
3561.353604,3.9210000000000003
3561.5518039999997,4.009
3561.749804,4.079
3561.947654,4.271
3562.145654,4.438
3562.343554,4.362
3562.542454,4.457
3562.739854,4.434
3562.9378039999997,4.497
3563.1370039999997,4.691
3563.333854,4.697
3563.531854,4.682
3563.7298539999997,4.588
3563.927854,4.739
3564.125704,4.822
3564.3238539999998,4.948
3564.5218539999996,4.7860000000000005
3564.719854,4.8
3564.917854,4.772
3565.116004,4.848
3565.313854,5.002
3565.7103039999997,4.9590000000000005
3566.105154,4.882
3566.3031539999997,4.8950000000000005
3566.501154,4.9190000000000005
3566.699154,4.945
3566.897154,5.0440000000000005
3567.0951539999996,5.182
3567.293154,5.164
3567.492804,5.462
3567.6894039999997,5.319
3567.887154,5.6000000000000005
3568.085154,5.619
3568.283404,5.861
3568.4814039999997,6.0920000000000005
3568.679404,6.184
3568.877404,6.336
3569.0752039999998,6.501
3569.2732039999996,6.559
3569.471404,6.635
3569.669454,6.883
3569.8674539999997,6.932
3570.065204,6.971
3570.263204,7.01
3570.462154,7.093
3570.659604,7.2
3570.857404,7.149
3571.055454,7.29
3571.2534539999997,7.311
3571.451454,7.339
3571.649654,7.353
3571.8474539999997,7.458
3572.045454,7.674
3572.243604,7.712
3572.441454,7.814
3572.6394539999997,7.965
3572.837604,8.191
3573.035504,8.194
3573.233504,8.31
3573.431454,8.185
3573.629654,8.142
3573.8276539999997,8.204
3574.025654,8.249
3574.223654,8.032
3574.4216539999998,8.066
3574.6196539999996,8.551
3574.818104,8.576
3575.015654,8.573
3575.609704,8.494
3575.807704,8.521
3576.0057039999997,8.689
3576.203654,8.736
3576.403054,8.662
3576.5999039999997,8.793000000000001
3576.7977039999996,8.853
3576.9974039999997,8.807
3577.1938539999996,8.537
3577.3917039999997,8.245000000000001
3577.787954,8.268
3577.987404,8.228
3578.183704,8.324
3578.3818539999997,8.145
3578.579954,8.259
3578.7779539999997,8.174
3578.975754,8.147
3579.173754,8.165000000000001
3579.3719039999996,8.025
3579.571704,8.057
3579.767954,8.157
3579.965954,8.246
3580.758004,8.023
3580.9560039999997,8.159
3581.153804,7.603
3581.3519539999998,7.462
3581.5515539999997,7.263
3581.748154,7.162
3581.946004,7.349
3582.1440039999998,7.306
3582.341954,7.397
3582.540154,7.406000000000001
3582.7381539999997,7.361
3582.936054,7.44
3583.134204,7.236
3583.332204,7.309
3583.5302039999997,7.248
3583.728204,7.179
3583.926204,7.252
3584.125804,7.2780000000000005
3584.322204,7.043
3584.520204,7.083
3584.718204,7.0120000000000005
3584.9162039999997,7.19
3585.114354,7.139
3585.312254,7.078
3585.707454,7.058
3585.905504,7.191
3586.1035039999997,7.102
3586.301504,7.202
3586.499504,7.332
3586.698104,7.534
3586.8955039999996,7.8260000000000005
3587.093504,7.609
3589.865804,7.694
3590.063554,7.744
3590.2618039999998,7.902
3591.251804,8.108
3596.994054,9.938
3597.192204,9.915000000000001
3597.3901039999996,9.745000000000001
3597.588304,9.847
3597.7860539999997,9.964
3597.984054,9.824
3600.954354,9.543000000000001
3602.736504,9.473
3604.520254,8.495000000000001
3604.914554,8.198
3605.113054,8.0
3605.507854,7.648000000000001
3605.705854,7.482
3606.101854,6.891
3606.299854,6.827
3606.4978539999997,6.474
3606.893854,6.323
3607.091854,6.2330000000000005
3607.290954,6.043
3608.0819039999997,5.985
3608.6761039999997,5.79
3608.873854,5.628
3609.271154,5.433
3609.4679039999996,5.014
3609.666154,4.732
3609.864154,4.328
3610.0619039999997,4.055
3610.260154,3.927
3610.458154,3.628
3610.656154,3.617
3610.8541539999997,3.638
3611.052854,3.745
3611.4481539999997,3.668
3611.646304,3.604
3611.844204,3.5220000000000002
3612.042204,3.505
3612.2401539999996,3.581
3614.221254,4.366
3614.418354,4.585
3614.616354,4.8020000000000005
3614.8143539999996,4.831
3615.012504,4.7780000000000005
3615.210404,4.805
3615.408404,4.712
3615.6064039999997,4.804
3615.804404,4.7090000000000005
3616.002404,4.781
3616.2004039999997,4.768
3616.398404,4.833
3616.596404,4.814
3616.7944039999998,4.851
3616.9924039999996,4.865
3617.192004,4.881
3617.388654,4.838
3617.5866539999997,4.763
3617.784404,4.808
3617.9825539999997,4.821
3620.754704,4.369
3620.9528539999997,4.212
3621.150654,4.138
3621.348654,3.967
3621.5468539999997,3.9090000000000003
3621.7447039999997,3.754
3621.942704,3.673
3622.1415039999997,3.564
3622.3386539999997,3.478
3622.536854,3.478
3622.734904,3.4210000000000003
3622.932754,3.326
3623.1309039999996,3.221
3623.328904,3.1710000000000003
3623.526904,3.087
3623.7249039999997,2.997
3623.922904,2.944
3624.120904,2.943
3624.319054,2.919
3624.5169039999996,2.9
3624.714954,2.716
3624.912954,2.5500000000000003
3625.112604,2.503
3625.506204,2.449
3625.7042039999997,2.435
3625.902204,2.3810000000000002
3626.694204,2.503
3626.8922039999998,2.499
3627.090404,2.611
3627.288204,2.661
3627.486204,2.773
3627.684254,2.815
3627.8822539999996,2.942
3628.0808039999997,3.106
3628.278454,3.3280000000000003
3628.4762539999997,3.5620000000000003
3628.674454,3.765
3628.872254,3.956
3629.071504,4.041
3629.268454,4.164
3629.466504,4.2540000000000004
3629.664504,4.3020000000000005
3629.8625039999997,4.3420000000000005
3630.060504,4.381
3630.258504,4.5520000000000005
3630.4566539999996,4.632
3630.6545039999996,4.857
3630.852504,5.009
3631.051954,5.069
3631.2485039999997,5.212
3631.446654,5.357
3631.644554,5.578
3631.8425039999997,5.8340000000000005
3632.040704,6.0920000000000005
3632.238554,6.33
3632.4367039999997,6.5680000000000005
3632.634704,6.756
3637.782804,8.539
3637.9809539999997,8.578
3638.178904,8.569
3638.377004,8.507
3638.575004,8.569
3638.7728039999997,8.55
3638.970954,8.564
3639.1689539999998,8.454
3639.367754,8.46
3639.5650539999997,8.312
3639.763054,8.333
3639.962654,8.386000000000001
3640.158954,8.357
3640.357204,8.341
3640.555054,8.307
3641.149004,8.285
3641.3472039999997,8.27
3641.5452539999997,8.238
3644.317254,8.071
3644.515304,8.17
3644.713304,8.067
3644.911404,8.025
3645.3065039999997,8.2
3645.5045539999996,8.290000000000001
3645.702554,8.291
3645.902204,8.314
3646.0985539999997,8.329
3646.296554,8.353
3646.494554,8.354000000000001
3646.6925539999997,8.431000000000001
3646.8905539999996,8.48
3647.286554,8.578
3647.880604,8.777000000000001
3655.0091039999998,8.769
3655.2071039999996,8.471
3655.405104,8.43
3655.603104,8.306000000000001
3655.8011039999997,8.354000000000001
3655.999554,8.134
3656.197104,7.881
3656.3953039999997,7.931
3656.5931539999997,7.921
3656.791104,8.083
3656.9892539999996,7.957
3657.1871539999997,8.009
3657.385354,8.14
3657.583154,8.14
3657.7813039999996,8.172
3657.979304,8.099
3658.177304,8.059000000000001
3658.375354,8.112
3658.5733539999997,8.246
3658.7712039999997,8.290000000000001
3658.9693039999997,8.322000000000001
3659.167304,8.321
3659.3654039999997,8.256
3659.563404,8.262
3659.761404,8.279
3659.959304,8.25
3660.157304,8.281
3660.3555539999998,8.267
3660.553404,8.225
3663.127404,7.641
3663.3256039999997,7.04
3663.523604,6.811
3663.7217539999997,6.562
3663.9196039999997,6.376
3664.119404,6.192
3664.315604,6.077
3664.7111539999996,5.805
3665.1069039999998,5.159
3665.3049039999996,4.912
3665.502904,4.672
3665.700904,4.5040000000000004
3665.8989039999997,4.437
3666.096904,4.359
3666.294904,4.293
3666.4929039999997,4.22
3666.690904,4.223
3666.889154,4.097
3667.086904,4.063
3667.2851539999997,3.9530000000000003
3667.483154,3.9090000000000003
3667.680954,3.892
3667.8791539999997,3.806
3668.0771539999996,3.678
3668.274954,3.984
3668.473204,4.235
3668.6709539999997,4.4270000000000005
3668.868954,4.482
3669.067154,4.4510000000000005
3669.2651539999997,4.55
3669.464854,4.704
3669.661204,4.931
3669.859004,5.2410000000000005
3670.0572039999997,5.585
3670.255354,5.918
3670.453204,6.094
3670.651204,6.18
3670.8492039999996,6.312
3671.047204,6.437
3671.245204,6.505
3671.4434039999996,6.57
3671.6412539999997,6.6240000000000006
3671.839254,6.692
3672.037254,6.727
3672.2352539999997,6.659
3672.433404,6.692
3672.631254,6.702
3672.8292539999998,6.771
3673.027404,6.7490000000000006
3673.225404,6.797
3673.4234539999998,6.75
3673.622204,6.713
3673.819454,6.666
3674.017454,6.6530000000000005
3674.215404,6.644
3674.413404,6.602
3674.611454,6.589
3674.8112039999996,6.537
3675.007454,6.445
3675.205654,6.354
3675.403454,6.2410000000000005
3675.6014539999996,6.16
3675.799604,6.033
3675.997454,5.884
3676.1957039999998,5.783
3676.393454,5.639
3676.5916039999997,5.5680000000000005
3676.789604,5.448
3676.987604,5.285
3677.185504,5.038
3677.383704,4.822
3677.5815039999998,4.606
3677.781204,4.5
3677.977654,4.298
3678.175504,4.1530000000000005
3678.3737039999996,4.023
3678.571754,3.908
3678.7696539999997,3.8160000000000003
3678.967654,3.63
3679.165904,3.491
3679.365804,3.322
3679.561754,3.1510000000000002
3679.759654,3.0220000000000002
3679.957654,2.956
3680.1559039999997,2.842
3680.353904,2.735
3680.552754,2.699
3680.749904,2.57
3680.9477039999997,2.583
3681.1459539999996,2.481
3681.343954,2.462
3681.541804,2.365
3681.741604,2.2720000000000002
3681.937704,2.225
3682.135954,2.101
3682.3339039999996,2.02
3682.531954,1.969
3682.729954,1.936
3682.9279539999998,1.857
3683.1257539999997,1.7750000000000001
3683.323954,1.735
3683.521954,1.688
3683.7199539999997,1.733
3683.917954,1.7590000000000001
3684.116254,1.87
3684.314004,1.935
3684.709254,1.992
3685.105204,2.358
3685.3049539999997,2.469
3685.501254,2.62
3685.6992539999997,2.789
3685.897254,2.951
3686.095304,3.102
3686.2935039999998,3.238
3686.491254,3.356
3686.689254,3.5
3686.887504,3.616
3687.086904,3.669
3687.283504,3.682
3687.481304,3.769
3687.679304,3.845
3687.877504,4.061
3688.075504,4.1530000000000005
3688.274454,4.276
3688.4715539999997,4.458
3688.669304,4.564
3688.867504,4.697
3689.065554,4.851
3689.2635539999997,5.074
3689.461554,5.29
3689.659354,5.62
3689.8575539999997,5.773
3690.055554,5.62
3690.2541539999997,5.59
3690.4515539999998,5.5360000000000005
3690.6495539999996,5.691
3690.847554,5.825
3691.0457039999997,6.033
3691.2437539999996,6.23
3691.4416039999996,6.392
3691.641104,6.6080000000000005
3691.8377539999997,6.742
3692.0356039999997,6.825
3692.233754,6.978
3692.4317539999997,7.088
3692.6296039999997,7.268
3692.827754,7.447
3693.025604,7.623
3693.2238039999997,7.739
3693.421754,7.8870000000000005
3698.569904,8.571
3698.768004,8.765
3698.966004,9.078
3699.164104,9.28
3699.362104,9.567
3699.5601039999997,9.714
3699.758054,9.82
3699.9560039999997,9.853
3700.154254,10.053
3700.352104,10.076
3700.551854,10.05
3700.7480539999997,10.092
3700.946054,10.040000000000001
3701.144704,10.011000000000001
3701.342304,9.898
3701.5403039999997,9.812
3701.738304,9.734
3701.936054,9.645
3702.1343039999997,9.525
3702.332754,9.415000000000001
3702.530304,9.326
3702.7283039999998,9.201
3703.5203039999997,8.877
3705.3016039999998,8.142
3705.4996039999996,8.019
3705.697804,7.8950000000000005
3705.895604,7.773000000000001
3706.093654,7.577
3706.292954,7.396
3706.489604,7.3420000000000005
3706.6876039999997,7.21
3706.8858539999997,6.99
3707.083604,6.8180000000000005
3707.281854,6.6530000000000005
3707.480654,6.44
3707.677854,6.279
3707.875854,6.11
3708.073654,5.933
3708.2719039999997,5.638
3708.469904,5.4110000000000005
3708.667904,5.168
3708.865904,4.96
3709.0639039999996,4.719
3709.261904,4.575
3709.459904,4.494
3709.6579039999997,4.336
3709.855904,4.256
3710.053904,4.144
3710.2519039999997,4.013
3710.4513039999997,3.8240000000000003
3710.648054,3.59
3710.845904,3.2840000000000003
3711.0439039999997,2.912
3711.242104,2.662
3711.439954,2.399
3711.6381039999997,2.008
3711.8359539999997,1.841
3712.033954,1.579
3712.2321039999997,1.365
3712.430104,1.178
3712.628104,1.079
3712.8261039999998,0.9460000000000001
3713.0241039999996,0.853
3713.222104,0.773
3713.420154,0.733
3713.618154,0.676
3713.8161539999996,0.622
3714.014154,0.577
3714.212154,0.488
3714.4101539999997,0.424
3714.608304,0.391
3714.806154,0.381
3715.0041539999997,0.343
3715.2021539999996,0.314
3715.400204,0.28200000000000003
3715.5983039999996,0.296
3715.7961539999997,0.265
3715.994404,0.275
3716.192404,0.20700000000000002
3716.390204,0.197
3716.588304,0.20600000000000002
3716.7863039999997,0.193
3716.984404,0.23700000000000002
3717.1824039999997,0.252
3717.381304,0.197
3717.5783539999998,0.213
3717.7763539999996,0.227
3717.974604,0.188
3718.172404,0.178
3718.370454,0.12
3718.568354,0.085
3718.766354,0.063
3718.966054,0.068
3719.162454,0.14400000000000002
3719.3604539999997,0.14
3719.558454,0.10400000000000001
3719.7564039999997,0.025
3719.954604,0.051000000000000004
3720.153804,0.007
3720.350454,0.051000000000000004
3720.5486039999996,0.063
3720.746404,0.107
3720.944404,0.10300000000000001
3721.1426539999998,0.045
3721.342204,0.052000000000000005
3721.538654,0.097
3721.736654,0.097
3721.9344039999996,0.098
3722.132654,0.079
3722.3319039999997,0.081
3722.5286539999997,0.038
3722.726654,0.034
3722.924654,0.028
3723.122704,0.035
3723.320754,0.033
3723.518804,0.011
3723.716654,0.019
3723.9148539999997,0.048
3724.3116539999996,0.042
3724.705954,0.091
3724.903954,0.03
3725.1019539999998,0.025
3725.3002039999997,0.032
3725.497954,0.048
3725.696204,0.062
3725.8939539999997,0.059000000000000004
3726.092204,0.069
3726.291354,0.053
3726.488004,0.051000000000000004
3726.6862039999996,0.037
3726.884404,0.004
3727.082004,0.033
3727.2813039999996,0.047
3727.478004,0.054
3727.676204,0.046
3727.8742039999997,0.041
3728.0720039999997,0.046
3728.270254,0.021
3728.468004,0.04
3728.6662539999998,0.06
3728.8642539999996,0.11800000000000001
3729.062254,0.062
3729.260254,0.063
3729.4582539999997,0.031
3729.656254,0.063
3729.855004,0.068
3730.0524539999997,0.04
3730.250254,0.037
3730.448254,0.038
3730.6462539999998,0.043000000000000003
3730.8442539999996,0.033
3731.042454,0.049
3731.2404539999998,0.043000000000000003
3731.438304,0.038
3731.636454,0.08700000000000001
3731.834304,0.047
3732.0324539999997,0.032
3732.230454,0.131
3732.428304,0.076
3732.6264539999997,0.06
3732.8243039999998,0.131
3733.022454,0.049
3733.220504,0.049
3733.4185039999998,0.1
3733.6165039999996,0.055
3733.814504,0.02
3734.012504,0.008
3734.2105039999997,0.037
3734.408504,0.031
3734.606504,0.041
3734.805004,0.019
3735.0027539999996,0.02
3735.202254,0.031
3735.398554,0.05
3735.596704,0.038
3735.7945539999996,0.015
3735.992754,0.026000000000000002
3736.191754,0.03
3736.388504,0.042
3736.5866539999997,0.045
3736.784654,0.02
3736.9827539999997,0.077
3737.1808039999996,0.078
3737.378554,0.048
3737.5767039999996,0.095
3737.774704,0.093
3737.972804,0.089
3738.170804,0.076
3738.3685539999997,0.03
3738.566754,0.019
3738.7647039999997,0.028
3738.9645539999997,0.013000000000000001
3739.1608539999997,0.014
3739.358804,0.028
3739.5567539999997,0.004
3739.754754,0.009000000000000001
3739.9546539999997,0.028
3740.150804,0.015
3740.3488039999997,0.059000000000000004
3740.546954,0.022
3740.744754,0.035
3740.943154,0.044
3741.1410039999996,0.035
3741.3388539999996,0.03
3741.537004,0.037
3741.7347539999996,0.028
3741.933004,0.03
3742.131004,0.036000000000000004
3742.3290039999997,0.036000000000000004
3742.527004,0.019
3742.725004,0.021
3742.9230039999998,0.036000000000000004
3743.1210539999997,0.03
3743.319054,0.014
3743.517054,0.048
3743.715054,0.008
3743.913004,0.009000000000000001
3744.3083039999997,0.019
3744.506304,0.065
3744.704304,0.049
3744.9023039999997,0.064
3745.100304,0.093
3745.298304,0.075
3745.498004,0.024
3745.6943039999996,0.056
3745.8923539999996,0.022
3746.090554,0.027
3746.288354,0.04
3746.4863539999997,0.03
3746.684554,0.012
3746.882354,0.011
3747.082204,0.031
3747.278354,0.049
3747.476354,0.016
3747.6745539999997,0.03
3747.872554,0.025
3748.070604,0.013000000000000001
3748.268604,0.052000000000000005
3748.4663539999997,0.034
3748.664604,0.033
3748.862604,0.017
3749.060604,0.018000000000000002
3749.2586039999997,0.015
3749.456404,0.054
3749.654604,0.043000000000000003
3749.8526039999997,0.014
3750.050804,0.035
3750.248654,0.054
3750.4466039999998,0.004
3750.6446039999996,0.009000000000000001
3750.842604,0.017
3751.0408039999998,0.055
3751.2386539999998,0.031
3751.4366539999996,0.042
3751.634804,0.043000000000000003
3751.832654,0.053
3752.030804,0.036000000000000004
3752.228804,0.012
3752.4268039999997,0.02
3752.624804,0.076
3752.822654,0.048
3753.020854,0.013000000000000001
3753.2188539999997,0.031
3753.4168539999996,0.026000000000000002
3753.616404,0.014
3753.812854,0.112
3754.0108539999997,0.116
3754.208854,0.219
3754.406854,0.231
3754.6048539999997,0.31
3754.8031039999996,0.428
3755.000904,0.486
3755.198904,0.6880000000000001
3755.3969039999997,0.927
3755.595004,1.247
3755.792904,1.434
3755.9911039999997,1.623
3756.188854,1.865
3756.386904,2.149
3756.585004,2.445
3756.7831539999997,2.657
3756.9811539999996,2.922
3757.179154,3.125
3757.3769039999997,3.362
3757.575054,3.593
3757.773304,3.8850000000000002
3757.971154,4.081
3758.1691539999997,4.24
3758.367054,4.34
3758.5650539999997,4.492
3758.763054,4.6850000000000005
3758.9612039999997,4.891
3759.159204,5.111
3759.357204,5.319
3759.555104,5.538
3759.753104,5.743
3759.9513039999997,5.894
3760.149204,6.256
3760.348704,6.359
3760.545104,6.442
3760.7433539999997,6.505
3760.941354,6.627
3761.139354,6.752
3761.337354,6.88
3761.5353539999996,6.995
3761.733104,7.106
3761.931354,7.196
3762.1293539999997,7.2860000000000005
3762.3272039999997,7.329
3762.525354,7.344
3762.723154,7.412
3763.317404,7.66
3764.306654,8.437
3764.504654,8.676
3764.7026539999997,8.782
3764.900654,8.954
3765.098654,9.106
3765.2966539999998,9.197000000000001
3765.4946539999996,9.366
3765.692654,9.443
3765.890704,9.556000000000001
3766.088704,9.601
3766.2867039999996,9.652000000000001
3766.484704,9.649000000000001
3766.682904,9.721
3766.8816039999997,9.817
3767.078904,9.842
3767.276704,9.911
3767.4749039999997,9.973
3767.672904,10.026
3767.8719539999997,10.114
3768.068954,10.218
3768.2667039999997,10.262
3768.464704,10.284
3768.662954,10.301
3768.861954,10.3
3769.0589539999996,10.327
3769.257004,10.288
3769.454754,10.252
3769.6529539999997,10.293000000000001
3769.8519539999998,10.274000000000001
3770.049004,10.3
3770.247004,10.386000000000001
3770.445154,10.450000000000001
3770.642954,10.508000000000001
3770.841704,10.705
3771.039154,10.865
3771.2370039999996,10.869
3771.435004,11.033
3771.633004,11.069
3771.8310039999997,11.187
3772.029154,11.231
3772.2271539999997,11.297
3772.425154,11.306000000000001
3772.623554,11.374
3772.8211539999998,11.381
3773.0192039999997,11.397
3773.217404,11.346
3773.415204,11.384
3773.6132039999998,11.422
3773.812754,11.484
3774.009204,11.487
3774.207204,11.473
3774.4052039999997,11.458
3774.603204,11.422
3774.801454,11.438
3774.9992039999997,11.469
3775.1972539999997,11.450000000000001
3775.3953539999998,11.519
3775.593254,11.495000000000001
3775.7914539999997,11.443
3775.989454,11.467
3776.187254,11.488
3776.3854039999997,11.416
3776.583354,11.437
3776.781454,11.451
3776.9811539999996,11.394
3777.1772539999997,11.431000000000001
3777.375404,11.359
3777.5734039999998,11.41
3777.7716539999997,11.36
3777.9695039999997,11.349
3778.167504,11.322000000000001
3778.3654039999997,11.337
3778.563404,11.299
3778.761654,11.36
3778.959504,11.348
3779.157954,11.265
3779.355454,11.234
3779.553454,11.224
3779.752954,11.272
3779.9497039999997,11.316
3780.147504,11.344
3780.345704,11.385
3780.5434539999997,11.454
3780.743404,11.46
3780.939704,11.468
3781.137554,11.503
3781.3357039999996,11.571
3781.533704,11.625
3781.7332539999998,11.698
3781.9297039999997,11.736
3782.127704,11.811
3782.325704,11.825000000000001
3782.5237039999997,11.897
3782.7217539999997,11.918000000000001
3782.919754,12.024000000000001
3783.117754,12.061
3783.315904,12.079
3783.711004,12.096
3784.107454,12.184000000000001
3784.305004,12.205
3784.5030039999997,12.26
3784.701004,12.294
3784.899004,12.324
3785.097804,12.325000000000001
3785.2950039999996,12.355
3785.493954,12.356
3785.691054,12.398
3785.8892539999997,12.452
3786.0888539999996,12.468
3786.285054,12.493
3786.4832539999998,12.552
3786.682354,12.511000000000001
3786.879254,12.522
3787.077254,12.519
3787.2750539999997,12.504
3787.473254,12.509
3787.671304,12.367
3787.869304,12.405000000000001
3788.0673039999997,12.33
3788.2651039999996,12.314
3788.463304,12.245000000000001
3788.6613039999997,12.178
3788.8593039999996,12.239
3789.057304,12.21
3789.255304,12.221
3789.4533039999997,12.24
3789.651304,12.229000000000001
3789.849504,12.215
3790.047354,12.298
3790.2453539999997,12.303
3790.443354,12.339
3790.641354,12.369
3790.839504,12.375
3791.037504,12.392
3791.235354,12.471
3791.4335039999996,12.462
3791.6313539999996,12.505
3791.829554,12.576
3792.027554,12.656
3792.2262539999997,12.683
3792.423504,12.681000000000001
3792.621354,12.73
3792.819504,12.774000000000001
3793.017554,12.817
3793.215554,12.869
3793.414754,12.889000000000001
3793.611754,12.966000000000001
3793.809554,12.984
3794.007554,13.028
3794.2055539999997,13.074
3794.403554,13.108
3794.6033039999998,13.125
3794.7998039999998,13.137
3794.997554,13.221
3795.195554,13.335
3795.3937039999996,13.361
3795.5916039999997,13.396
3795.7898539999997,13.4
3795.987604,13.425
3796.185604,13.445
3796.383954,13.471
3796.581754,13.493
3796.779804,13.482000000000001
3796.979504,13.438
3797.175604,13.498000000000001
3797.3737539999997,13.512
3797.573754,13.527000000000001
3797.7698539999997,13.547
3797.967854,13.555
3798.167054,13.554
3798.363754,13.57
3798.561804,13.572000000000001
3798.7600039999998,13.538
3798.9578539999998,13.540000000000001
3799.1558539999996,13.506
3799.3542039999998,13.472
3799.5520539999998,13.465
3799.7500539999996,13.441
3799.9495039999997,13.424
3800.145854,13.435
3800.344004,13.426
3800.543804,13.387
3800.740054,13.378
3800.9380539999997,13.345
3801.1359039999998,13.297
3801.334054,13.273
3801.532054,13.232000000000001
3801.7300539999997,13.208
3801.928054,13.198
3802.126054,13.136000000000001
3802.3240539999997,13.047
3802.522204,12.994
3802.720054,12.939
3802.919704,12.861
3803.1161039999997,12.84
3803.314104,12.81
3803.7093539999996,12.780000000000001
3803.907354,12.744
3804.105354,12.686
3804.3033539999997,12.583
3804.501354,12.528
3804.699604,12.446
3804.8973539999997,12.316
3805.095354,12.268
3805.293354,12.212
3805.491354,12.144
3805.6896039999997,12.120000000000001
3805.8883539999997,12.065
3806.085404,11.986
3806.283404,11.922
3806.4816539999997,11.895
3806.679654,11.89
3806.879304,11.833
3807.0754039999997,11.823
3807.273404,11.84
3807.471704,11.811
3807.6698039999997,11.791
3807.8676539999997,11.755
3808.065654,11.755
3808.263454,11.693
3808.463154,11.683
3808.659654,11.621
3808.857654,11.559000000000001
3809.055654,11.566
3809.2534539999997,11.503
3809.451654,11.449
3809.649854,11.444
3809.8478539999996,11.436
3810.0457039999997,11.414
3810.243854,11.378
3810.441704,11.4
3810.639854,11.358
3810.837854,11.322000000000001
3811.035704,11.336
3811.2338539999996,11.31
3811.431854,11.295
3811.631554,11.289
3811.8278539999997,11.307
3812.0259039999996,11.285
3812.223704,11.272
3812.421904,11.239
3812.619854,11.186
3812.817904,11.157
3813.015904,11.085
3813.213754,11.058
3813.411904,11.0
3813.610154,10.872
3813.807904,10.897
3814.0059039999996,10.817
3814.204304,10.769
3814.401904,10.673
3814.6001539999997,10.671
3814.7979539999997,10.728
3814.995904,10.637
3815.1947539999996,10.698
3815.392054,10.715
3815.590154,10.722
3815.788804,10.698
3815.9859539999998,10.724
3816.1839539999996,10.673
3816.382104,10.698
3816.5801539999998,10.699
3816.779804,10.687
3816.975954,10.749
3817.1741039999997,10.745000000000001
3817.372104,10.78
3817.570354,10.773
3817.768204,10.765
3817.966204,10.797
3818.1639539999996,10.819
3818.363304,10.892
3818.5603539999997,10.988
3818.7582039999998,10.948
3818.9562039999996,11.021
3819.154204,11.044
3819.353804,11.036
3819.5504039999996,11.128
3819.748404,11.152000000000001
3819.946254,11.186
3820.1444039999997,11.108
3820.342154,11.174
3820.540154,11.146
3820.7384039999997,11.172
3820.936404,11.147
3821.1342539999996,11.21
3821.3324039999998,11.222
3821.5304039999996,11.252
3821.728404,11.315
3821.9281539999997,11.265
3822.124254,11.151
3822.322404,11.202
3822.520404,11.149000000000001
3822.7184039999997,11.13
3822.9164039999996,11.107000000000001
3823.1145539999998,11.116
3823.312454,11.059000000000001
3823.707704,11.086
3823.905704,11.048
3824.1037039999997,11.066
3824.301704,11.017
3824.499754,11.022
3824.6977039999997,11.015
3824.895704,11.058
3825.093754,11.07
3825.2917039999998,11.045
3825.4897039999996,11.071
3825.688554,11.07
3826.281954,11.162
3826.479954,11.207
3826.677754,11.296
3827.073754,11.387
3827.271954,11.469
3827.4699539999997,11.578
3827.6680039999997,11.676
3827.866004,12.154
3828.063804,12.271
3828.2620039999997,12.301
3828.460004,12.456
3828.6581539999997,12.571
3828.8560039999998,12.736
3829.0540039999996,12.579
3829.253154,12.897
3829.450004,12.983
3829.648154,12.935
3829.8460539999996,13.114
3830.044054,13.198
3830.2422039999997,13.328
3830.4400539999997,13.288
3830.638204,13.336
3830.8362039999997,13.475
3831.0340539999997,13.493
3831.232204,13.544
3831.430054,13.64
3831.6282039999996,13.614
3831.8262539999996,13.619
3832.024254,13.634
3832.222254,13.579
3832.4202539999997,13.545
3832.618254,13.599
3832.8162039999997,13.571
3833.0142539999997,13.69
3833.212254,13.554
3833.411404,13.44
3833.6082539999998,13.331
3833.8062539999996,13.265
3834.004254,13.254
3834.2024039999997,13.068
3834.4002539999997,13.073
3834.598504,12.896
3834.796254,12.943
3834.994304,12.718
3835.192404,12.602
3835.3919039999996,12.196
3835.588504,12.124
3835.786554,11.831
3835.9843039999996,11.552
3836.182454,11.313
3836.3804539999996,10.832
3836.5785039999996,10.618
3836.776554,10.378
3836.974304,10.144
3837.172454,9.813
3837.370454,9.525
3837.568554,9.194
3837.766554,9.038
3837.9645539999997,8.851
3838.162504,8.785
3838.3604539999997,8.44
3838.558704,8.456
3838.756554,8.423
3838.954554,8.231
3839.154154,8.216
3839.350504,8.057
3839.548704,8.083
3839.746754,7.946
3839.944604,7.957
3840.1442039999997,8.004
3840.340504,8.095
3840.5387539999997,8.131
3840.736904,8.25
3840.934604,8.43
3841.134404,8.457
3841.3305539999997,8.497
3841.528754,8.622
3841.726754,8.74
3841.9247539999997,8.825000000000001
3842.1244039999997,8.985
3842.320754,9.126
3842.5187539999997,9.269
3842.7174539999996,9.394
3842.914804,9.469
3843.1129539999997,9.617
3843.508054,9.789
3843.7060539999998,9.982000000000001
3843.9040539999996,10.120000000000001
3844.102054,10.31
3844.301654,10.381
3844.4980539999997,10.594
3844.6961039999997,10.547
3844.894054,10.703
3845.0920539999997,10.83
3845.2903039999997,10.908
3845.488054,10.935
3845.686304,10.991
3845.8841039999998,11.199
3846.0821039999996,11.263
3846.280304,11.263
3846.478604,11.273
3846.6763539999997,11.31
3846.874354,11.452
3847.072104,11.5
3847.2703039999997,11.636000000000001
3847.468304,11.64
3847.666354,11.672
3847.864354,11.781
3848.062854,11.929
3848.260354,12.047
3848.458354,12.155000000000001
3848.6563539999997,12.179
3848.8543539999996,12.298
3849.052354,12.327
3849.252004,12.434000000000001
3849.4483539999997,12.646
3849.646554,12.734
3849.844404,12.732000000000001
3850.042404,12.878
3850.240554,12.861
3850.438404,12.892
3850.636604,12.863
3850.834554,12.984
3851.032404,12.944
3851.2305539999998,13.123000000000001
3851.428404,13.121
3851.626554,13.313
3851.824604,13.287
3852.023954,13.329
3852.2206039999996,13.349
3852.418604,13.36
3852.618154,13.426
3852.8146039999997,13.479000000000001
3853.012604,13.619
3853.210604,13.499
3853.4086039999997,13.638
3853.6066039999996,13.687000000000001
3853.804604,13.686
3854.002604,13.788
3854.2006039999997,13.748000000000001
3854.398604,13.73
3854.596854,13.661
3854.7946039999997,13.774000000000001
3854.992604,13.711
3855.1907539999997,13.654
3855.388654,13.597
3855.588254,13.601
3855.784654,13.526
3855.982654,13.385
3856.1808039999996,13.339
3856.378804,13.357000000000001
3856.576854,13.296000000000001
3856.774854,13.188
3856.9726539999997,13.227
3857.170804,13.115
3857.3688039999997,13.058
3857.566904,13.003
3857.7649039999997,12.941
3857.962704,12.855
3858.1608539999997,12.974
3858.3588539999996,12.794
3858.557054,12.803
3858.754904,12.728
3858.9529039999998,12.657
3859.150854,12.659
3859.348854,12.701
3859.5471039999998,12.657
3859.744954,12.655000000000001
3859.943704,12.519
3860.141104,12.475
3860.3388539999996,12.512
3860.5385039999996,12.447000000000001
3860.735104,12.527000000000001
3860.9331039999997,12.494
3861.1325039999997,12.528
3861.329104,12.496
3861.527104,12.58
3861.7251039999996,12.694
3861.923254,12.465
3862.121104,12.626
3862.3191039999997,12.683
3862.5171539999997,12.642
3862.715104,12.674
3863.110404,12.77
3863.5066039999997,12.957
3863.7044039999996,12.911
3863.902404,12.85
3864.100654,12.884
3864.2984039999997,13.074
3864.496404,13.001
3864.694404,13.027000000000001
3864.892454,13.103
3865.090404,13.132
3865.288604,13.008000000000001
3865.486454,13.071
3865.6846539999997,13.056000000000001
3865.8824539999996,13.089
3866.081304,13.176
3866.2786539999997,13.176
3866.4767039999997,13.39
3866.674704,13.322000000000001
3866.872454,13.427
3867.0707039999998,13.372
3867.2687039999996,13.429
3867.466654,13.346
3867.664704,13.438
3867.8627039999997,13.482000000000001
3868.060504,13.388
3868.258704,13.531
3868.4567039999997,13.361
3868.654704,13.413
3868.8544039999997,13.488
3869.050504,13.526
3869.2487039999996,13.638
3869.446904,13.592
3869.6448539999997,13.421000000000001
3869.842754,13.358
3870.040904,13.229000000000001
3870.238754,13.475
3870.438354,13.523
3870.634904,13.542
3870.832754,13.508000000000001
3871.030754,13.526
3871.2287539999998,13.601
3871.4267539999996,13.576
3871.624904,13.417
3871.8229039999997,13.521
3872.0208039999998,13.486
3872.218954,13.591000000000001
3872.416954,13.57
3872.6149539999997,13.596
3872.814654,13.588000000000001
3873.010954,13.673
3873.2089539999997,13.662
3873.406954,13.727
3873.604954,13.803
3873.8029539999998,13.719
3874.001104,13.704
3874.198954,13.777000000000001
3874.396954,13.779
3874.5949539999997,13.892
3874.792954,13.827
3874.990954,13.798
3875.189104,13.874
3875.3872039999997,13.881
3875.585204,13.916
3875.783004,13.929
3875.9811539999996,13.81
3876.179654,13.954
3876.377254,13.906
3876.575254,14.009
3876.774904,14.015
3876.971154,14.084
3877.1691539999997,14.0
3877.368404,14.01
3877.5652539999996,14.126
3877.763254,14.087
3877.962904,14.07
3878.159204,14.103
3878.357404,13.848
3878.5554039999997,13.919
3878.7532539999997,13.978
3878.951404,14.037
3879.149204,14.015
3879.3474039999996,13.926
3879.545404,13.952
3879.7433039999996,13.931000000000001
3879.941454,13.999
3880.1392039999996,14.054
3880.337454,14.034
3880.535454,13.839
3880.733504,13.819
3880.931454,13.978
3881.129454,13.869
3881.3274539999998,13.935
3881.5254539999996,14.042
3881.723454,14.132
3881.921504,14.078000000000001
3882.119504,13.891
3882.317454,14.030000000000001
3882.7127539999997,14.038
3883.108754,13.951
3883.3067539999997,14.056000000000001
3883.504754,14.131
3883.702754,14.288
3883.900754,14.25
3884.0987539999996,14.271
3884.298354,14.234
3884.495004,14.255
3884.6927539999997,14.172
3884.8924039999997,14.206
3885.089004,14.164
3885.2867539999997,14.274000000000001
3885.4850039999997,14.200000000000001
3885.682754,14.26
3885.882204,14.208
3886.0790039999997,14.275
3886.277004,14.342
3886.475054,14.264000000000001
3886.673054,14.293000000000001
3886.872204,14.336
3887.069054,14.327
3887.267554,14.317
3887.465054,14.206
3887.6630539999996,14.263
3887.860804,14.186
3888.059054,14.107000000000001
3888.2570539999997,14.115
3888.456854,14.014000000000001
3888.653104,14.054
3888.8510539999997,13.964
3889.0490539999996,14.038
3889.247054,14.06
3889.4452039999996,14.186
3889.6430539999997,14.163
3889.841054,14.118
3890.040454,14.148
3890.237104,14.171000000000001
3890.435254,14.189
3890.633254,14.173
3890.831104,14.128
3891.029254,14.088000000000001
3891.2271039999996,14.124
3891.4252539999998,14.14
3891.6232539999996,14.142
3891.821254,14.02
3892.019254,13.973
3892.217304,14.018
3892.4153039999997,13.903
3892.613304,13.828
3892.811304,13.833
3893.010704,13.884
3893.207304,13.887
3893.405304,13.778
3893.6033039999998,13.789
3893.8013039999996,13.848
3893.999454,13.833
3894.197354,13.937000000000001
3894.3955539999997,13.813
3894.593304,13.887
3894.791304,13.876
3894.989454,13.915000000000001
3895.1873539999997,13.733
3895.3872039999997,13.85
3895.583554,13.789
3895.7813539999997,13.857000000000001
3895.979504,13.864
3896.1775039999998,13.851
3896.375604,13.818
3896.5736039999997,13.709
3896.7727539999996,13.763
3896.9695039999997,13.88
3897.167504,13.839
3897.3656039999996,13.837
3897.563604,13.785
3897.761604,13.848
3897.959554,13.861
3898.157554,13.856
3898.3557539999997,13.807
3898.5536039999997,13.819
3898.751604,13.73
3898.9495039999997,13.733
3899.1475539999997,13.759
3899.345754,13.604000000000001
3899.543754,13.56
3899.7433039999996,13.535
3899.9398039999996,13.485
3900.137554,13.584
3900.335804,13.48
3900.5338039999997,13.528
3900.7316539999997,13.41
3900.929804,13.456
3901.1278039999997,13.476
3901.3258039999996,13.501
3901.523804,13.436
3901.721804,13.486
3901.9198539999998,13.609
3902.1185539999997,13.602
3902.315854,13.551
3902.711104,13.689
3903.1071039999997,13.665000000000001
3903.305104,13.679
3903.503104,13.866
3903.7011039999998,13.861
3903.8991039999996,13.849
3904.097104,13.812000000000001
3904.2953039999998,13.98
3904.4931039999997,13.974
3904.691104,14.109
3904.889154,14.118
3905.087354,14.092
3905.2851539999997,14.311
3905.483354,14.345
3905.6813039999997,14.423
3905.8791539999997,14.46
3906.077354,14.454
3906.275154,14.597
3906.4733539999997,14.665000000000001
3906.6716539999998,14.754
3906.869154,14.84
3907.067404,14.806000000000001
3907.2654039999998,14.975
3907.4634039999996,14.956
3907.661404,14.974
3907.8591539999998,15.040000000000001
3908.057354,14.858
3908.255404,15.092
3908.4535539999997,15.082
3908.6514039999997,15.173
3908.851104,15.237
3909.047404,15.089
3909.245404,15.207
3909.443554,15.352
3909.641404,15.247
3909.839404,15.166
3910.0374039999997,15.223
3910.235404,15.221
3910.433604,15.106
3910.6316039999997,15.238
3910.8294539999997,15.086
3911.027604,15.199
3911.225454,15.098
3911.4236039999996,15.156
3911.622054,15.082
3911.819454,15.139000000000001
3912.0176039999997,15.065
3912.2156539999996,15.040000000000001
3912.413654,15.15
3912.611654,15.114
3912.811404,14.909
3913.007654,14.975
3913.205854,14.983
3913.4036539999997,14.876
3913.6016539999996,14.823
3913.7998039999998,14.813
3913.997654,14.799
3914.1956539999996,14.804
3914.393904,14.804
3914.591654,14.746
3914.7896539999997,14.780000000000001
3914.989454,14.729000000000001
3915.185654,14.735
3915.383904,14.738
3915.5817039999997,14.712
3915.779704,14.773
3915.9784539999996,14.479000000000001
3916.176054,14.507
3916.374704,14.346
3916.571954,14.285
3916.7698539999997,14.27
3916.967854,14.293000000000001
3917.165854,14.126
3917.363954,14.071
3917.5637039999997,14.042
3917.7597539999997,13.952
3917.9578539999998,13.736
3918.1559039999997,13.671000000000001
3918.354104,13.694
3918.551954,13.59
3918.749954,13.464
3918.9479039999997,13.456
3919.146104,13.506
3919.344104,13.429
3919.542004,13.342
3919.740104,13.326
3919.938104,13.445
3920.1359039999998,13.246
3920.3341539999997,13.222
3920.532154,13.154
3920.730154,13.243
3920.9281539999997,13.079
3921.125904,13.028
3921.324154,13.138
3921.522154,13.112
3921.720304,13.165000000000001
3921.918154,13.123000000000001
3922.116354,13.053
3922.3148039999996,13.028
3922.7094039999997,13.002
3922.9074539999997,12.979000000000001
3923.105454,13.030000000000001
3923.303454,13.087
3923.5014539999997,13.083
3923.6994539999996,13.216000000000001
3923.898854,13.146
3924.095454,13.182
3924.294904,13.102
3924.491454,13.091000000000001
3924.689454,13.057
3924.8874539999997,12.999
3925.0855039999997,13.063
3925.283704,12.85
3925.481704,13.068
3925.6794539999996,13.224
3925.877704,13.19
3926.075704,13.042
3926.2737039999997,13.042
3926.473204,13.104000000000001
3926.669504,13.012
3926.867504,13.092
3927.067404,13.122
3927.263504,13.166
3927.461754,13.15
3927.659754,13.105
3927.8575039999996,12.97
3928.055754,12.966000000000001
3928.2539039999997,13.135
3928.4517539999997,13.162
3928.6498039999997,13.19
3928.847754,13.196
3929.0457539999998,13.277000000000001
3929.243954,13.109
3929.441954,12.982000000000001
3929.6404039999998,13.134
3929.837904,13.154
3930.035754,13.055
3930.233954,13.289
3930.4319539999997,13.353
3930.6298039999997,13.25
3930.827954,13.152000000000001
3931.0259539999997,12.958
3931.223954,13.0
3931.421954,12.931000000000001
3931.619954,13.239
3931.8179539999996,13.227
3932.015954,13.394
3932.213954,13.078
3932.412004,13.281
3932.6100039999997,13.14
3932.808004,13.246
3933.006004,13.177
3933.2042039999997,13.089
3933.402004,13.125
3933.600004,12.919
3933.7981539999996,12.701
3933.9960039999996,12.32
3934.194904,12.05
3934.392004,12.083
3934.590054,12.269
3934.788154,12.322000000000001
3934.986204,12.42
3935.184254,12.422
3935.3822539999996,12.371
3935.580054,12.584
3935.7781539999996,12.596
3935.976154,12.774000000000001
3936.174254,12.766
3936.372304,12.914
3936.570054,12.817
3936.768204,12.822000000000001
3936.966204,12.924
3937.1644539999998,12.847
3937.3623039999998,12.973
3937.5603039999996,13.203
3937.7582039999998,13.208
3937.9562039999996,13.179
3938.154454,13.46
3938.352454,13.638
3938.550304,13.445
3938.748454,13.431000000000001
3938.946254,13.257
3939.1444539999998,13.262
3939.3424539999996,13.197000000000001
3939.5403039999997,13.261000000000001
3939.738454,13.251
3939.9362539999997,13.065
3940.134454,13.087
3940.332504,13.13
3940.530504,13.158
3940.7285039999997,13.031
3940.926504,13.298
3941.124504,13.352
3941.3225039999998,13.256
3941.5205039999996,13.506
3941.718654,13.577
3941.916504,13.484
3942.114654,13.32
3942.5097539999997,13.356
3942.707754,13.503
3942.905754,13.639000000000001
3943.103804,13.372
3943.303504,12.651
3943.499804,12.152000000000001
3943.697804,12.271
3943.8958039999998,11.881
3944.0938039999996,12.032
3944.292004,12.479000000000001
3944.489804,12.642
3944.6878039999997,12.951
3944.886004,13.211
3945.083854,13.678
3945.283304,13.936
3945.4798539999997,14.066
3945.677854,14.305
3945.876054,14.391
3946.0738039999997,14.561
3946.272054,14.61
3946.470054,14.877
3946.667854,15.082
3946.8660539999996,15.14
3947.0648039999996,15.278
3947.262104,15.081
3947.460104,14.997
3947.6581039999996,14.736
3947.856104,14.711
3948.054104,14.872
3948.252254,14.747
3948.450104,14.562000000000001
3948.6482539999997,14.469
3948.8461039999997,14.288
3949.0441039999996,14.200000000000001
3949.242304,14.266
3949.440104,14.158
3949.6383039999996,13.808
3949.836254,13.574
3950.034104,13.801
3950.2323039999997,13.65
3950.430304,13.569
3950.628154,13.472
3950.8263039999997,13.483
3951.0241539999997,13.461
3951.222304,13.511000000000001
3951.4203039999998,13.309000000000001
3951.618454,13.346
3951.816304,13.228
3952.014304,13.169
3952.212354,13.015
3952.4103539999996,13.075000000000001
3952.6084539999997,13.007
3952.806354,12.870000000000001
3953.0043539999997,12.674
3953.202354,12.743
3953.400354,12.644
3953.598504,12.72
3953.796504,12.459
3953.994354,12.42
3954.192604,12.364
3954.3903539999997,12.448
3954.589854,12.453
3954.7865039999997,12.41
3954.9852539999997,12.451
3955.1826039999996,12.26
3955.380604,12.255
3955.5783539999998,12.072000000000001
3955.776504,12.106
3955.974504,11.908
3956.172654,11.974
3956.370654,12.013
3956.568554,11.913
3956.766554,11.874
3956.9661539999997,11.834
3957.1628039999996,11.577
3957.3606539999996,11.574
3957.560054,11.774000000000001
3957.7565539999996,11.685
3957.954554,11.714
3958.152804,11.669
3958.350654,11.673
3958.5486539999997,11.46
3958.746604,11.309000000000001
3958.944604,11.139
3959.1428039999996,11.32
3959.340804,11.427
3959.538804,11.491
3959.7368039999997,11.516
3959.935254,11.404
3960.132854,11.365
3960.330854,11.242
3960.5288539999997,11.094
3960.726854,11.208
3960.926254,11.207
3961.1228539999997,11.24
3961.3208539999996,11.051
3961.518854,11.043000000000001
3961.716854,10.835
3961.9148539999997,10.442
3962.3101039999997,10.276
3962.508104,10.185
3962.706104,10.232000000000001
3962.9041039999997,10.115
3963.104054,9.77
3963.300154,9.772
3963.498154,9.729000000000001
3963.6963539999997,9.506
3963.8941539999996,9.371
3964.092404,9.348
3964.290154,9.185
3964.4881539999997,9.095
3964.686154,8.918000000000001
3964.884354,9.092
3965.0821539999997,8.817
3965.2804039999996,8.634
3965.478204,8.307
3965.676404,8.352
3965.8744039999997,8.184000000000001
3966.072404,8.111
3966.270404,8.156
3966.4684039999997,8.066
3966.6664039999996,7.859
3966.865804,7.698
3967.062404,7.251
3967.2604539999998,7.329
3967.4584539999996,7.015000000000001
3967.656204,6.744
3967.854454,6.542
3968.0524539999997,6.644
3968.250454,6.553
3968.448454,6.479
3968.646604,6.2250000000000005
3968.844454,6.338
3969.0426039999998,6.4990000000000006
3969.2406039999996,6.557
3969.440104,6.1690000000000005
3969.636654,6.12
3970.428654,6.1370000000000005
3970.6266539999997,6.03
3970.826204,5.928
3971.022504,6.017
3971.2206539999997,6.1000000000000005
3971.4186539999996,6.039
3971.616654,5.95
3971.814654,5.902
3972.0126539999997,5.993
3972.210654,6.054
3972.408654,6.093
3972.606804,6.098
3972.8047039999997,5.921
3973.004004,6.069
3973.200704,6.122
3973.3987039999997,6.0680000000000005
3973.596854,6.1290000000000004
3973.794704,6.2
3973.992704,6.134
3974.190904,6.097
3974.388704,6.05
3974.586704,5.9430000000000005
3974.784854,5.891
3974.9829539999996,5.846
3975.180954,5.785
3975.3787039999997,5.694
3975.576854,5.492
3975.774854,5.413
3975.974554,5.268
3976.1709539999997,5.183
3976.368954,4.874
3976.566904,4.769
3976.7649039999997,4.5520000000000005
3976.962904,4.4190000000000005
3977.1610039999996,4.433
3977.359004,4.289
3977.5567539999997,4.132
3977.754904,4.3420000000000005
3977.9548539999996,3.9570000000000003
3978.1511539999997,3.801
3978.3490039999997,3.892
3978.547154,3.9330000000000003
3978.7449039999997,3.729
3978.9429539999996,3.5820000000000003
3979.141154,3.285
3980.527154,2.779
3980.725654,2.273
3981.319204,2.24
3981.5173539999996,1.99
3981.715754,1.977
3982.308454,1.98
3982.506454,1.692
3982.7044539999997,1.224
3982.902454,0.793
3983.100704,0.745
3983.2984539999998,0.8270000000000001
3983.4965039999997,0.7020000000000001
3983.694704,0.59
3983.892504,0.451
3984.092304,0.556
3984.2885039999996,0.636
3984.486504,0.455
3984.684704,0.151
3984.8825039999997,0.106
3985.080504,0.121
3985.278504,0.169
3985.4765039999997,0.147
3985.6747539999997,0.25
3985.872754,0.133
3986.070754,0.329
3986.2687539999997,0.203
3986.466904,0.307
3986.664754,0.184
3986.8627539999998,0.321
3987.060904,0.20600000000000002
3987.258754,0.079
3987.456754,0.094
3987.6547539999997,0.168
3987.8528039999997,0.199
3988.050954,0.267
3988.248804,0.421
3988.4468039999997,0.427
3988.644804,0.186
3988.842804,0.092
3989.0409539999996,0.14
3989.238954,0.251
3989.436804,0.278
3989.6350039999998,0.403
3989.8328039999997,0.052000000000000005
3990.031004,0.213
3990.2289539999997,0.196
3990.4268039999997,0.17200000000000001
3990.624954,0.1
3990.823004,0.147
3991.0210039999997,0.151
3991.219004,0.092
3991.417004,0.068
3991.6150039999998,0.167
3991.8130039999996,0.158
3992.0126539999997,0.234
3992.209004,0.154
3992.4070039999997,0.256
3992.605154,0.137
3992.803054,0.388
3993.001254,0.339
3993.1990539999997,0.233
3993.397054,0.23900000000000002
3993.5952039999997,0.11
3993.7930539999998,0.063
3993.991254,0.112
3994.189054,0.123
3994.387054,0.28300000000000003
3994.585204,0.318
3994.783204,0.181
3994.981304,0.272
3995.179304,0.20700000000000002
3995.3771039999997,0.197
3995.5762539999996,0.152
3995.7732039999996,0.115
3995.9713039999997,0.063
3996.169304,0.117
3996.367104,0.367
3996.5652539999996,0.199
3996.763254,0.269
3996.961454,0.17500000000000002
3997.159354,0.256
3997.3573539999998,0.338
3997.555254,0.191
3997.7532539999997,0.23700000000000002
3997.9515039999997,0.185
3998.149504,0.269
3998.347354,0.364
3998.5454539999996,0.45
3998.743254,0.447
3998.941504,0.109
3999.1395039999998,0.136
3999.337354,0.078
3999.535504,0.067
3999.733304,0.169
3999.9315039999997,0.262
4000.129504,0.17500000000000002
4000.327504,0.21
4000.526054,0.135
4000.7235039999996,0.156
4000.921554,0.095
4001.119554,0.28200000000000003
4001.3175539999997,0.181
4001.712804,0.153
4002.108804,0.051000000000000004
4002.306804,0.093
4002.5048039999997,0.055
4002.7035539999997,0.131
4002.900804,0.159
4003.0988039999997,0.166
4003.2968039999996,0.058
4003.494804,0.026000000000000002
4003.692854,0.127
4003.8908539999998,0.17
4004.089054,0.22
4004.286854,0.17400000000000002
4004.484854,0.099
4004.684704,0.178
4004.880854,0.17200000000000001
4005.079054,0.20800000000000002
4005.2768539999997,0.251
4005.4748539999996,0.33
4005.673054,0.246
4005.871104,0.397
4006.0691039999997,0.456
4006.267104,0.54
4006.464854,0.313
4006.6631039999997,0.151
4006.862804,0.15
4007.059104,0.153
4007.2586039999997,0.17
4007.4549039999997,0.149
4007.653104,0.036000000000000004
4007.852754,0.298
4008.0493039999997,0.34600000000000003
4008.2471539999997,0.335
4008.445154,0.34500000000000003
4008.643154,0.482
4008.8411539999997,0.427
4009.039304,0.14300000000000002
4009.237154,0.044
4009.435154,0.12
4009.633304,0.164
4009.831154,0.289
4010.029354,0.249
4010.2273539999997,0.068
4010.425154,0.28400000000000003
4010.6233039999997,0.14100000000000001
4010.822604,0.202
4011.019304,0.539
4011.2190539999997,0.561
4011.4153539999998,0.589
4011.6133539999996,0.5650000000000001
4011.811354,0.5680000000000001
4012.009354,0.366
4012.2073539999997,0.431
4012.405354,0.401
4012.603354,0.383
4012.8013539999997,0.402
4012.999354,0.417
4013.197354,0.461
4013.3955039999996,0.587
4013.593504,0.741
4013.7914039999996,0.756
4013.989604,0.661
4014.187404,0.589
4014.3854039999997,0.667
4014.583554,0.535
4014.781404,0.448
4014.9796039999997,0.596
4015.1776539999996,0.648
4015.375404,0.47300000000000003
4015.5735539999996,0.23500000000000001
4015.771804,0.261
4015.970004,0.305
4016.167654,0.122
4016.365554,0.023
4016.5639539999997,0.124
4016.7615539999997,0.154
4016.9598039999996,0.01
4017.1576539999996,0.004
4017.355654,0.188
4017.5536039999997,0.07200000000000001
4017.751604,0.074
4017.949854,0.043000000000000003
4018.147654,0.23800000000000002
4018.3456539999997,0.261
4018.5448039999997,0.17
4018.741804,0.128
4018.9398039999996,0.085
4019.1378539999996,0.027
4019.335854,0.099
4019.535504,0.07100000000000001
4019.7316539999997,0.043000000000000003
4019.929854,0.083
4020.127854,0.1
4020.325704,0.17200000000000001
4020.523854,0.263
4020.721854,0.08
4020.9198539999998,0.14400000000000002
4021.1196539999996,0.105
4021.3159039999996,0.117
4022.1079539999996,0.07200000000000001
4022.5034039999996,0.14200000000000002
4022.701154,0.197
4022.899404,0.215
4023.0971539999996,0.073
4023.295154,0.079
4023.493154,0.06
4023.6911539999996,0.159
4023.889154,0.215
4024.087204,0.33
4024.285204,0.366
4024.4832039999997,0.444
4024.681404,0.457
4024.879454,0.365
4025.0774039999997,0.298
4025.275204,0.40900000000000003
4025.473404,0.251
4025.6714039999997,0.402
4025.8692039999996,0.447
4026.067454,0.29
4026.265454,0.23700000000000002
4026.4634539999997,0.40900000000000003
4026.6614539999996,0.493
4026.8596039999998,0.513
4027.057454,0.638
4027.2554539999996,0.837
4027.454154,0.932
4027.651454,1.367
4027.849604,1.627
4028.0475039999997,2.328
4028.245504,2.698
4028.4452039999996,2.692
4028.6415039999997,2.77
4028.839504,2.883
4029.0376539999997,3.025
4029.2354539999997,3.307
4029.4335039999996,3.811
4029.631504,4.088
4029.829504,4.005
4030.0277039999996,4.376
4030.225654,4.712
4030.423504,4.996
4030.621654,5.599
4030.819654,5.509
4031.017704,5.472
4031.2156539999996,5.585
4031.4137039999996,5.767
4031.611704,5.811
4031.809704,6.136
4032.0077039999996,6.299
4032.205704,6.626
4032.403704,6.705
4032.6017039999997,6.429
4032.7999539999996,6.526
4032.997704,6.246
4033.1957039999998,6.597
4033.3944539999998,6.598
4033.591904,6.482
4033.789954,6.597
4033.9879539999997,6.61
4034.1857539999996,6.473
4034.3842539999996,6.679
4034.5819039999997,6.896
4034.7799539999996,7.1850000000000005
4034.977954,7.477
4035.175754,7.976
4035.373904,8.512
4035.573254,8.314
4035.7701039999997,8.452
4035.968004,8.665000000000001
4036.1660039999997,8.734
4036.363904,8.963000000000001
4036.5619039999997,9.184000000000001
4036.761854,9.299
4036.9580039999996,9.465
4037.156004,9.477
4037.3541539999997,9.616
4037.551954,9.462
4037.750154,9.446
4037.9481539999997,9.453
4038.146054,9.424
4038.344204,9.624
4038.541954,9.758000000000001
4038.7401539999996,9.573
4038.938154,9.445
4039.136154,9.595
4039.335204,9.423
4039.5322039999996,9.195
4039.730204,9.222
4039.928204,9.187
4040.1262039999997,9.148
4040.324204,9.212
4040.523954,9.412
4040.7202039999997,9.541
4040.9182039999996,9.411
4041.117954,9.521
4041.511454,9.35
4041.710104,9.801
4041.9074539999997,9.823
4042.1057039999996,9.790000000000001
4042.303504,9.489
4042.501504,9.747
4042.6995039999997,9.74
4042.8977539999996,9.446
4043.095504,9.805
4043.2935039999998,9.766
4043.4917539999997,9.892
4043.689504,10.127
4043.887754,9.943
4044.085854,9.912
4044.2835539999996,9.799
4044.481754,9.871
4044.679554,9.86
4044.8777539999996,9.82
4045.075754,9.832
4045.273554,9.904
4045.4717539999997,10.193
4045.6703039999998,10.199
4045.867804,10.086
4046.0657539999997,10.386000000000001
4046.2635539999997,10.581
4046.461804,10.494
4046.659804,10.683
4046.8579539999996,10.713000000000001
4047.0558039999996,11.106
4047.253804,11.014
4047.451804,11.027000000000001
4047.6498039999997,11.179
4047.847954,11.374
4048.045854,11.471
4048.2438039999997,11.386000000000001
4048.442004,11.38
4048.639804,11.127
4048.8380039999997,11.317
4049.0360039999996,11.274000000000001
4049.2338539999996,11.175
4049.432004,11.139
4049.6298039999997,11.109
4049.828004,11.069
4050.026004,10.991
4050.223854,11.115
4050.423754,10.871
4050.620004,10.743
4050.8180039999997,10.548
4051.0160039999996,10.544
4051.214004,10.322000000000001
4051.412004,10.15
4051.6100039999997,10.3
4051.808004,10.331
4052.0068539999997,10.578
4052.204054,10.421
4052.402204,10.706
4052.6016539999996,10.197000000000001
4052.798304,9.825000000000001
4052.9960539999997,9.595
4053.1940539999996,9.477
4053.3922039999998,9.56
4053.590304,9.6
4053.7883039999997,9.359
4053.986954,9.225
4054.184104,9.217
4054.3822539999996,9.152000000000001
4054.580454,8.978
4054.778304,9.001
4054.976304,8.785
4055.1741039999997,8.961
4055.372254,8.951
4055.5704539999997,8.81
4055.7683039999997,8.831
4055.9663539999997,8.63
4056.164354,8.433
4056.3622539999997,8.454
4056.560504,8.354000000000001
4056.7601539999996,8.452
4056.956354,8.302
4057.154354,8.315
4057.352254,7.87
4057.550504,7.632000000000001
4057.7500539999996,7.922000000000001
4057.9463539999997,8.666
4058.144354,8.669
4058.342554,8.686
4058.5405539999997,8.441
4058.738554,8.449
4058.936504,8.342
4059.134354,8.268
4059.332504,8.492
4059.530504,8.523
4059.7285039999997,8.48
4059.9265539999997,8.449
4060.124554,8.338000000000001
4060.322554,8.857
4060.5208039999998,8.634
4060.718554,8.626
4060.916554,8.409
4061.311804,8.705
4061.511454,8.902000000000001
4061.7078039999997,9.026
4061.905804,9.003
4062.103804,9.132
4062.301854,9.192
4062.4998539999997,9.241
4062.698054,9.477
4062.895854,9.514
4063.0938539999997,9.505
4063.2918539999996,9.568
4063.489854,8.971
4063.688104,8.465
4063.8861039999997,8.274000000000001
4064.083854,8.428
4064.281854,8.192
4064.4800539999997,7.876
4064.6781039999996,7.798
4064.876104,7.573
4065.073904,7.593
4065.2723539999997,7.3870000000000005
4065.470104,7.594
4065.6682539999997,8.224
4065.8661039999997,8.462
4066.064104,8.382
4066.2622539999998,8.537
4066.460104,8.681000000000001
4066.6583039999996,8.946
4066.8561539999996,9.188
4067.054154,9.664
4067.252154,9.837
4067.4501539999997,9.933
4067.648304,9.847
4067.8463039999997,9.772
4068.0441539999997,10.117
4068.2438039999997,10.059000000000001
4068.440154,9.909
4068.6383039999996,9.779
4068.836354,9.674
4069.034354,9.627
4069.2323539999998,9.553
4069.4303539999996,9.506
4069.628354,9.734
4069.8263039999997,9.738
4070.0243539999997,9.667
4070.2222039999997,9.556000000000001
4070.4207039999997,9.152000000000001
4070.618404,8.952
4070.8163539999996,8.51
4071.014354,8.265
4071.212354,7.966
4071.4103539999996,7.987
4071.608604,7.7940000000000005
4071.806354,7.695
4072.0043539999997,7.5600000000000005
4072.203454,7.549
4072.400404,7.46
4072.598604,7.375
4072.7966039999997,7.21
4072.994404,6.99
4073.192404,6.7860000000000005
4073.3905539999996,6.774
4073.5884039999996,6.703
4073.786604,6.555
4073.984404,6.526
4074.1824039999997,6.257000000000001
4074.380554,6.0920000000000005
4074.5788039999998,5.894
4074.776654,5.68
4074.9746539999996,5.389
4075.172604,5.289
4075.371354,5.094
4075.568804,4.8020000000000005
4075.766654,4.7170000000000005
4075.965754,4.468
4076.1626039999996,4.0440000000000005
4076.360604,3.763
4076.558804,3.536
4076.7568539999997,3.334
4076.9547039999998,3.1990000000000003
4077.153804,3.025
4077.3506039999997,2.833
4077.5488539999997,2.601
4077.746854,2.547
4077.944704,2.338
4078.1428539999997,2.426
4078.340854,2.267
4078.538854,2.246
4078.7368539999998,2.1630000000000003
4078.9348539999996,2.074
4079.1327039999996,1.919
4079.330854,1.727
4079.5288539999997,1.408
4079.726854,1.431
4079.924904,1.695
4080.1228539999997,1.288
4080.3209039999997,0.913
4080.7161539999997,0.921
4081.112154,0.589
4081.310154,0.558
4081.5081539999996,0.643
4081.706154,0.6
4081.904154,0.419
4082.102454,0.454
4082.300154,0.519
4082.498154,0.369
4082.696404,0.615
4082.8941539999996,0.684
4083.092204,0.559
4083.290204,0.45
4083.4882039999998,0.406
4083.687854,0.279
4083.884204,0.23
4084.082204,0.184
4084.2804539999997,0.223
4084.478404,0.18
4084.676404,0.182
4084.8744039999997,0.156
4085.0722039999996,0.273
4085.270204,0.245
4085.468454,0.395
4085.6664539999997,0.561
4085.864454,0.92
4086.062454,1.077
4086.2604539999998,1.066
4086.459004,1.542
4086.656604,1.433
4086.854504,1.586
4087.053454,1.487
4087.250454,1.609
4087.448504,1.403
4087.6466539999997,1.5070000000000001
4087.844654,1.609
4088.042504,1.594
4088.2406539999997,1.475
4088.4385039999997,1.308
4088.636654,1.367
4088.834654,1.3880000000000001
4089.032504,1.211
4089.2307039999996,1.042
4089.428704,0.918
4089.626704,0.883
4089.8247039999997,0.996
4090.022654,0.835
4090.220904,0.704
4090.4187039999997,0.681
4090.616704,0.5750000000000001
4090.814704,0.545
4091.012954,0.489
4091.2107039999996,0.41200000000000003
4091.408704,0.074
4091.606954,0.09
4091.8047039999997,0.073
4092.002704,0.083
4092.2008539999997,0.088
4092.3987039999997,0.023
4092.5969539999996,0.159
4092.794704,0.16
4092.994354,0.163
4093.1909039999996,0.28300000000000003
4093.388904,0.465
4093.587004,0.615
4093.7849539999997,1.186
4093.9827539999997,1.213
4094.180904,1.52
4094.3789039999997,2.104
4094.578004,2.044
4094.7750039999996,2.2
4094.972804,2.563
4095.172654,2.69
4095.368954,3.027
4095.567154,3.351
4095.765004,3.456
4095.9632039999997,3.934
4096.160903999999,3.962
4096.358904,4.339
4096.557154,4.496
4096.755004,4.556
4096.954054,4.683
4097.151204,4.737
4097.348954,4.865
4097.5472039999995,4.719
4097.745204,4.622
4097.943404,4.6290000000000004
4098.141154,4.742
4098.338954,4.878
4098.537204,5.13
4098.735204,5.269
4098.933204,5.404
4099.131204,5.242
4099.329204,5.002
4099.527204,5.154
4099.725203999999,5.41
4099.923204,5.535
4100.121204,5.8020000000000005
4100.319203999999,6.0200000000000005
4100.714504,6.245
4100.912504,6.175
4101.110504,6.304
4101.308504,6.261
4101.506504,6.406
4101.704503999999,6.296
4101.902504,6.299
4102.102204,6.256
4102.298503999999,6.245
4102.496504,6.537
4102.694754,6.618
4102.8925039999995,6.586
4103.090504,6.417
4103.288754,6.365
4103.4865039999995,5.382
4103.684754,5.514
4103.882554,5.657
4104.080554,6.078
4104.278754,6.307
4104.476554,6.5920000000000005
4104.674754,6.513
4104.872754,6.581
4105.070554,6.418
4105.268754,6.285
4105.466754,6.275
4105.664804,6.1080000000000005
4105.862803999999,6.011
4106.062204,5.572
4106.258804,5.301
4106.4568039999995,5.054
4106.654954,4.798
4106.852804,4.59
4107.0508039999995,4.363
4107.248804,4.237
4107.446804,4.064
4107.645404,4.1450000000000005
4107.8428539999995,4.139
4108.040854,4.406
4108.239004,4.412
4108.436854,4.3950000000000005
4108.635004,4.634
4108.833004,4.656
4109.030854,4.797
4109.229004,4.947
4109.426853999999,4.853
4109.626354,4.912
4109.8230539999995,4.756
4110.021054,4.772
4110.219004,4.728
4110.417004,4.752
4110.616153999999,4.466
4110.813004,4.3340000000000005
4111.011054,4.042
4111.209054,3.815
4111.407054,3.6790000000000003
4111.606704,3.724
4111.803054,3.523
4112.001053999999,3.503
4112.200404,3.454
4112.397304,3.497
4112.5953039999995,3.482
4112.793054,3.492
4112.991054,3.315
4113.189204,3.346
4113.387103999999,3.343
4113.585304,3.293
4113.783304,3.275
4113.9811039999995,3.319
4114.179254,3.456
4114.3774539999995,3.688
4114.575304,3.9210000000000003
4114.773303999999,4.208
4114.971104,4.585
4115.171004,4.657
4115.367454,4.883
4115.565504,5.055
4115.7650539999995,5.457
4115.961354,5.667
4116.159254,5.811
4116.357254,5.95
4116.555504,6.324
4116.7533539999995,6.4110000000000005
4116.951504,6.559
4117.149304,6.6850000000000005
4117.347304,6.854
4117.545504,7.016
4117.743504,6.958
4117.941404,6.873
4118.139553999999,6.972
4118.337504,6.96
4118.5355039999995,7.0200000000000005
4118.7335539999995,6.98
4118.931404,7.121
4119.129554,7.468
4119.3275539999995,7.564
4119.525554,7.713
4119.723554,7.777
4119.921554,7.8020000000000005
4120.119554,7.978
4120.5148039999995,8.079
4120.712853999999,8.179
4120.911153999999,8.207
4121.108854,8.424
4121.306804,8.326
4121.505054,8.328
4121.702804,8.302
4121.9008539999995,8.195
4122.098854,8.006
4122.296854,8.256
4122.494854,8.158
4122.692854,8.209
4122.890854,8.296
4123.088854,8.438
4123.287104,8.443
4123.484853999999,8.523
4123.683054,8.461
4123.880904,8.4
4124.078853999999,8.669
4124.277104,8.749
4124.476754,8.846
4124.6731039999995,8.935
4124.871104,9.094
4125.070753999999,9.309000000000001
4125.267104,9.396
4125.465104,9.452
4125.663104,9.786
4125.861154,9.808
4126.0589039999995,9.755
4126.257104,9.921
4126.455154,9.965
4126.6533039999995,10.0
4126.851154,9.969
4127.049153999999,9.877
4127.247154,9.852
4127.445304,9.741
4127.643304,9.911
4127.841904,9.775
4128.039304,9.815
4128.2371539999995,9.723
4128.435154,9.839
4128.633354,9.941
4128.832104,9.723
4129.029154,9.626
4129.227354,9.585
4129.425154,9.700000000000001
4129.623353999999,9.675
4129.821354,9.569
4130.019204,9.48
4130.217353999999,9.465
4130.417054,9.395
4130.613354,9.466000000000001
4130.8113539999995,9.422
4131.009504,9.309000000000001
4131.207354,9.207
4131.4053539999995,9.168000000000001
4131.603354,9.35
4131.801404,9.22
4131.999404,9.15
4132.197404,9.188
4132.395404,9.309000000000001
4132.5937539999995,9.297
4132.791404,9.208
4132.989554,9.418000000000001
4133.187554,9.192
4133.385654,9.35
4133.583654,9.6
4133.781403999999,9.668000000000001
4133.981304,9.25
4134.177554,9.231
4134.375604,9.328
4134.573654,9.356
4134.771654,9.622
4134.969554,9.681000000000001
4135.167554,9.567
4135.365604,9.501
4135.563654,9.58
4135.761704,9.606
4135.961354,9.782
4136.157604,9.701
4136.355853999999,9.803
4136.553854,9.884
4136.751704,9.776
4136.9498539999995,9.686
4137.147604,9.673
4137.345654,9.613
4137.543854,9.685
4137.742154,9.598
4137.939854,9.519
4138.137854,9.31
4138.335904,9.219
4138.533854,9.037
4138.732254,8.795
4138.929704,8.53
4139.127853999999,8.293000000000001
4139.325854,8.415000000000001
4139.523854,8.344
4139.721904,8.32
4139.920054,8.33
4140.117904,8.205
4140.315904,7.83
4140.711154,7.744
4140.909154,7.54
4141.1076539999995,7.3870000000000005
4141.305204,7.257000000000001
4141.503404,7.039000000000001
4141.701153999999,7.042
4141.899154,6.791
4142.097404,6.51
4142.295204,6.606
4142.4934539999995,6.457
4142.691204,6.5840000000000005
4142.889204,6.43
4143.087404,6.077
4143.285204,5.95
4143.483454,5.699
4143.681454,5.414
4143.879204,5.314
4144.077404,5.113
4144.275404,5.115
4144.473454,4.9270000000000005
4144.671454,4.849
4144.869254,4.541
4145.067454,4.495
4145.265453999999,4.471
4145.464403999999,4.367
4145.661454,4.41
4145.8594539999995,4.484
4146.057454,4.328
4146.255454,4.198
4146.453754,4.102
4146.6515039999995,4.058
4146.849504,4.061
4147.047904,4.021
4147.2455039999995,3.767
4147.444404,3.586
4147.641654,3.33
4147.839504,3.172
4148.037654,3.24
4148.235504,3.972
4148.4336539999995,3.539
4148.631703999999,3.434
4148.829503999999,3.394
4149.027704,3.473
4149.2257039999995,3.363
4149.423704,3.322
4149.621704,3.354
4149.821404,3.251
4150.017704,3.354
4150.216504,3.266
4150.413704,3.117
4150.611704,3.1510000000000002
4150.809704,2.813
4151.0078539999995,2.872
4151.205704,3.223
4151.405554,3.277
4151.601704,3.285
4151.799754,3.246
4151.998353999999,3.767
4152.195753999999,3.735
4152.393954,3.7
4152.591754,3.826
4152.789753999999,3.875
4152.987904,4.392
4153.185904,4.378
4153.3846539999995,4.638
4153.581954,4.914
4153.779754,5.186
4153.977903999999,5.758
4154.175904,6.023
4154.374004,6.232
4154.572004,6.5600000000000005
4154.770004,6.658
4154.967954,6.96
4155.1659039999995,7.142
4155.364154,7.333
4155.562003999999,7.487
4155.760004,7.4270000000000005
4155.9579539999995,7.4
4156.155954,7.508
4156.354204,7.274
4156.552204,7.477
4156.750054,7.555
4156.948204,7.848
4157.145954,7.855
4157.344204,7.896
4157.542203999999,8.64
4157.741754,8.548
4157.938204,8.606
4158.136804,8.578
4158.334204,8.291
4158.532204,8.404
4158.7302039999995,8.36
4158.928204,8.415000000000001
4159.126754,8.445
4159.324204,8.473
4159.522204,8.466
4159.720204,8.671
4159.918204,8.819
4160.117104,8.728
4160.5114539999995,8.65
4160.7095039999995,8.583
4160.907504,8.38
4161.105504,8.363
4161.3035039999995,8.422
4161.501504,8.298
4161.699504,7.91
4161.897504,8.156
4162.096654,8.422
4162.293504,8.581
4162.689504,8.795
4162.887504,8.899000000000001
4163.481804,8.969
4163.679553999999,8.847
4163.877554,9.234
4164.0757539999995,9.322000000000001
4164.275353999999,9.422
4164.471754,9.558
4164.669804,9.459
4164.8675539999995,9.518
4165.065754,9.567
4165.263804,9.762
4165.463304,9.628
4165.659804,9.475
4165.857554,9.503
4166.055804,9.548
4166.253804,9.414
4166.451954,9.276
4166.649804,9.052
4166.847804,8.846
4167.045803999999,8.868
4167.243804,8.746
4167.4420039999995,8.614
4167.639854,8.567
4167.837853999999,8.637
4168.036004,8.557
4168.233854,8.424
4168.432004,8.482
4172.788104,8.61
4172.986204,8.636000000000001
4173.184104,8.464
4173.382304,8.436
4173.580304,8.514
4173.778104,8.48
4174.174204,8.156
4174.372453999999,8.233
4175.362504,7.985
4175.560354,7.74
4177.1443039999995,7.192
4177.342554,6.683
4177.540554,6.3020000000000005
4177.738354,6.119
4177.937204,6.213
4178.134304,6.309
4178.332504,6.331
4178.530503999999,6.261
4178.7284039999995,6.119
4178.926554,5.795
4179.124554,5.293
4179.324204,5.305
4179.520554,5.107
4179.718554,5.455
4179.918254,5.323
4180.311804,5.047
4180.510804,4.831
4180.707804,4.4030000000000005
4180.906054,3.978
4181.103803999999,3.494
4181.301804,2.87
4181.499854,2.315
4181.697854,2.112
4181.895853999999,1.7830000000000001
4182.093854,1.343
4182.291854,1.105
4182.4898539999995,0.767
4182.687854,0.492
4182.885854,0.495
4183.084104,0.338
4183.282104,0.449
4183.481204,0.335
4183.677854,0.164
4183.876104,0.388
4184.074104,0.376
4184.271904,0.202
4184.471304,0.224
4184.668103999999,0.458
4184.865904,0.788
4185.064104,0.9390000000000001
4185.262103999999,1.239
4185.460104,1.599
4185.658154,1.766
4185.855904,1.837
4186.0541539999995,2.169
4186.252304,2.215
4186.450154,2.644
4186.6481539999995,2.825
4186.846304,2.926
4187.044154,3.084
4187.242154,3.112
4187.440304,3.3240000000000003
4187.638154,3.515
4187.836154,3.577
4188.034504,3.681
4188.232204,3.737
4188.430354,3.9570000000000003
4188.6283539999995,3.9170000000000003
4188.826153999999,4.159
4189.024354,4.1
4189.2223539999995,4.199
4189.422054,4.165
4189.618354,4.409
4189.816354,4.458
4190.016054,4.5120000000000005
4190.2122039999995,4.891
4190.410354,4.952
4190.608354,5.147
4190.806353999999,5.3020000000000005
4191.004404,5.53
4191.202404,5.513
4191.400404,5.486
4191.598403999999,5.613
4191.796404,5.675
4191.994554,5.68
4192.1926539999995,5.638
4192.390654,5.473
4192.588854,5.371
4192.786554,5.147
4192.984554,5.115
4193.182404,4.918
4193.380654,4.628
4193.5784539999995,4.572
4193.776554,4.5
4193.974604,4.515
4194.174254,4.3790000000000004
4194.370653999999,4.414
4194.5685539999995,4.275
4194.767003999999,4.215
4194.964604,4.1930000000000005
4195.164554,4.3020000000000005
4195.360654,4.376
4195.558704,4.422
4195.756604,4.508
4195.954604,4.618
4196.152604,4.658
4196.350854,4.843
4196.548704,5.041
4196.746854,5.18
4196.944604,5.6000000000000005
4197.142854,5.5120000000000005
4197.340854,5.478
4197.538853999999,5.9350000000000005
4197.736854,6.067
4197.934904,6.477
4198.1328539999995,6.758
4198.330854,6.735
4198.528854,6.908
4198.726854,7.096
4198.924854,7.042
4199.122854,7.067
4199.320904,7.099
4199.716154,7.078
4200.1121539999995,7.724
4200.311753999999,7.776
4200.508154,7.924
4200.7061539999995,8.014
4200.905204,8.07
4201.102154,8.187
4201.302004,8.266
4201.498154,8.263
4201.696154,8.406
4201.894404,8.255
4202.092154,8.258000000000001
4202.290403999999,8.272
4202.488204,8.256
4202.686204,8.375
4202.884403999999,8.448
4203.082203999999,8.592
4203.280454,8.587
4203.4784039999995,8.599
4203.676203999999,8.813
4203.874404,8.723
4204.072404,8.881
4204.2704539999995,8.869
4204.468454,8.877
4204.666254,8.815
4204.864454,8.827
4205.062454,9.06
4205.260604,9.23
4205.458454,9.21
4205.656704,9.369
4205.854454,9.485
4206.052454,9.428
4206.2506539999995,9.552
4206.448504,9.525
4206.646503999999,9.288
4206.8446539999995,9.374
4207.042504,9.522
4207.240654,9.675
4207.438654,9.553
4207.636504,10.146
4207.836254,10.063
4208.032504,10.028
4208.230504,9.969
4208.428653999999,10.143
4208.626504,10.327
4208.824704,10.286
4209.022653999999,10.494
4209.220654,10.526
4209.418654,10.569
4209.6166539999995,10.494
4209.814703999999,10.059000000000001
4210.012704,10.208
4210.210704,10.151
4210.4087039999995,10.195
4210.606704,10.259
4210.805804,10.43
4211.0027039999995,10.188
4211.200954,10.555
4211.398704,10.753
4211.596704,10.691
4211.794854,10.588000000000001
4211.992754,10.546
4212.190954,10.336
4212.388754,10.244
4212.588054,10.368
4212.784904,10.434000000000001
4212.9829039999995,10.345
4213.1809539999995,10.05
4213.378954,10.028
4213.576754,10.015
4213.774904,10.101
4213.974054,9.886000000000001
4214.171004,9.794
4214.369004,9.854000000000001
4214.5670039999995,9.588000000000001
4214.764904,9.675
4214.962904,9.94
4215.161153999999,9.889
4215.359004,9.875
4215.557004,9.733
4215.754903999999,9.892
4215.952953999999,9.999
4216.151154,10.156
4216.350504,10.207
4216.547154,10.414
4216.745204,10.332
4216.942954,10.317
4217.141154,10.408
4217.339154,10.273
4217.537154,10.352
4217.735204,10.355
4217.9330039999995,10.398
4218.131204,10.519
4218.329204,10.547
4218.527704,10.609
4218.725203999999,10.493
4218.9249039999995,10.509
4219.121204,10.532
4219.319203999999,10.533
4219.714504,10.562
4220.110454,10.639
4220.308454,10.726
4220.506504,10.786
4220.704704,10.761000000000001
4220.902504,10.69
4221.100504,10.729000000000001
4221.298503999999,10.699
4221.496504,10.58
4221.694504,10.557
4221.8927539999995,10.644
4222.090504,10.601
4222.288754,10.735
4222.4865039999995,10.73
4222.684704,10.684000000000001
4222.882754,10.619
4223.080554,10.582
4223.279954,10.625
4223.476554,10.675
4223.674754,10.629
4223.872754,10.666
4224.070753999999,10.817
4224.268754,10.857000000000001
4224.466754,10.906
4224.664753999999,10.678
4224.863604,10.669
4225.060804,10.936
4225.258804,10.634
4225.4568039999995,10.791
4225.654954,10.67
4225.852804,10.616
4226.0508039999995,10.513
4226.248954,10.5
4226.446804,10.505
4226.644953999999,10.479000000000001
4226.843154,10.385
4227.040804,10.097
4227.239004,10.023
4227.437003999999,9.926
4227.635004,9.823
4227.833754,9.801
4228.030804,9.735
4228.229204,9.72
4228.427004,9.727
4228.6250039999995,9.717
4228.823004,9.691
4229.020853999999,9.671
4229.219954,9.786
4229.417004,9.766
4229.615154,9.799
4229.814703999999,9.739
4230.011254,9.691
4230.209954,9.948
4230.407004,10.179
4230.605154,10.487
4230.803054,10.378
4231.001053999999,10.532
4231.199304,10.369
4231.397054,10.39
4231.595053999999,10.368
4231.794304,10.342
4231.991054,10.405
4232.189254,10.187
4232.387054,10.132
4232.585204,10.045
4232.784804,10.09
4232.981304,10.142
4233.179304,10.207
4233.377304,10.155
4233.575253999999,10.054
4233.7749539999995,9.876
4233.9712039999995,9.755
4234.169304,9.909
4234.369004,10.112
4234.565254,10.266
4234.7632539999995,10.612
4234.961254,10.613
4235.159504,10.782
4235.357354,10.734
4235.555504,10.77
4235.753254,10.722
4235.951504,10.792
4236.149504,10.795
4236.3473539999995,10.847
4236.547104,11.036
4236.743304,11.092
4236.941304,11.173
4237.139504,11.198
4237.337504,11.120000000000001
4237.536104,11.127
4237.733504,11.28
4237.931304,11.099
4238.1295039999995,10.981
4238.327504,10.871
4238.525654,10.878
4238.723554,10.654
4238.921703999999,10.684000000000001
4239.119554,10.620000000000001
4239.317554,10.572000000000001
4239.712804,10.642
4239.910804,10.611
4240.1088039999995,10.411
4240.306804,10.443
4240.504804,10.573
4240.704254,10.662
4240.900804,10.647
4241.098804,10.697000000000001
4241.296804,10.893
4241.494854,11.007
4241.692854,11.014
4241.890854,11.077
4242.089054,11.01
4242.287104,10.798
4242.484853999999,10.867
4242.683054,10.878
4242.8810539999995,10.929
4243.078853999999,10.928
4243.277054,10.919
4243.474854,10.82
4243.6728539999995,10.722
4243.871104,10.763
4244.068904,11.027000000000001
4244.267104,10.997
4244.465104,11.096
4244.662854,11.06
4244.861104,11.075000000000001
4245.059254,11.096
4245.2587539999995,11.116
4245.455104,11.08
4245.653104,11.074
4245.851103999999,11.104000000000001
4246.049153999999,11.179
4246.2473039999995,11.124
4246.445154,11.037
4246.643153999999,10.995000000000001
4246.841154,11.157
4247.0391039999995,11.088000000000001
4247.237304,11.279
4247.435154,11.31
4247.633154,11.314
4247.831303999999,11.359
4248.029354,11.349
4248.227354,11.258000000000001
4248.425303999999,11.391
4248.623304,11.458
4248.822954,11.487
4249.019154,11.147
4249.218854,11.077
4249.415354,11.094
4249.613504,11.009
4249.8113539999995,10.973
4250.009354,10.775
4250.207354,10.719
4250.4053539999995,10.790000000000001
4250.603504,10.654
4250.801354,10.42
4250.999604,10.626
4251.197354,10.658
4251.395354,10.803
4251.5935039999995,10.917
4251.791553999999,10.731
4251.989404,10.476
4252.187604,10.18
4252.386104,10.202
4252.583554,9.889
4252.781504,9.823
4252.979404,9.921
4253.1776039999995,10.032
4253.376053999999,10.246
4253.573554,10.589
4253.771554,10.76
4253.9712039999995,10.691
4254.167654,10.74
4254.365654,10.464
4254.563553999999,10.318
4254.761554,10.36
4254.959804,10.5
4255.1578039999995,10.432
4255.356253999999,10.484
4255.553804,10.484
4255.751604,10.507
4255.950054,10.567
4256.147854,10.877
4256.345654,11.135
4256.543804,10.874
4256.741604,10.896
4256.939804,11.014
4257.137804,11.023
4257.335854,10.756
4257.533854,10.883000000000001
4257.731854,10.752
4257.929654,10.897
4258.127853999999,10.77
4258.325854,11.128
4258.523854,11.161
4258.721853999999,10.965
4258.920004,10.948
4259.117854,10.853
4259.513104,10.93
4259.711104,11.079
4259.909154,11.13
4260.107153999999,11.036
4260.305154,11.081
4260.503154,11.085
4260.701153999999,10.956
4260.899154,10.828
4261.097404,10.832
4261.2951539999995,10.843
4261.493154,10.632
4261.691404,10.549
4261.8891539999995,10.483
4262.087404,10.511000000000001
4262.285204,10.779
4262.483204,10.557
4262.681404,10.471
4262.879404,10.324
4263.077404,10.334
4263.275404,10.408
4263.473204,10.24
4263.673054,10.040000000000001
4263.869404,10.074
4264.067403999999,9.964
4264.265453999999,9.664
4264.463454,9.693
4264.661454,9.649000000000001
4264.8594539999995,9.601
4265.057604,9.594
4265.255454,9.566
4265.4534539999995,9.46
4265.651454,9.454
4265.851154,9.335
4266.047603999999,9.193
4266.246054,9.041
4266.443454,8.819
4266.641654,8.406
4266.839454,8.09
4267.037654,8.015
4267.236354,7.7700000000000005
4267.433454,7.407
4267.631654,7.371
4267.829503999999,7.204
4268.0276539999995,6.825
4268.225654,6.393
4268.423654,6.126
4268.621654,5.805
4268.819654,5.604
4269.017654,5.738
4269.216754,5.955
4269.413654,6.033
4269.611653999999,6.428
4269.809654,6.646
4270.007904,6.783
4270.205704,7.096
4270.404954,7.0360000000000005
4270.601854,7.0440000000000005
4270.799704,7.381
4270.997904,7.298
4271.195704,7.654
4271.394254,7.906000000000001
4271.591854,8.018
4271.789704,8.389
4271.987954,8.582
4272.185954,8.768
4272.385404,9.089
4272.581854,9.298
4272.779904,9.418000000000001
4272.979053999999,9.65
4273.175953999999,9.766
4273.375454,9.847
4273.571903999999,9.543000000000001
4273.769904,9.898
4273.968104,9.75
4274.165954,9.71
4274.365654,9.708
4274.561904,9.651
4274.759904,9.648
4274.958154,9.722
4275.1560039999995,9.527000000000001
4275.355454,9.491
4275.551904,9.569
4275.749954,9.521
4275.949054,9.453
4276.146154,9.391
4276.344004,9.334
4276.542154,9.261000000000001
4276.739954,9.182
4276.9390539999995,9.141
4277.136154,9.076
4277.334154,9.029
4277.5321539999995,8.893
4277.730154,8.892
4277.928154,8.899000000000001
4278.126204,8.733
4278.324204,8.952
4278.522854,8.923
4278.720204,8.995000000000001
4279.115454,9.001
4279.313454,9.093
4279.5114539999995,9.154
4279.709454,9.055
4279.907704,9.247
4280.105454,9.268
4280.303454,9.271
4280.501704,9.344
4280.699454,9.387
4280.898303999999,9.407
4281.095504,9.567
4281.295104,9.76
4281.491504,9.805
4281.689703999999,9.984
4281.887753999999,10.026
4282.085704,10.043000000000001
4282.283504,10.101
4282.481503999999,10.138
4282.679704,10.189
4282.877504,10.271
4283.0757539999995,10.459
4283.274154,10.531
4283.471554,10.572000000000001
4283.669754,10.617
4283.869504,10.706
4284.065754,10.827
4284.263754,10.822000000000001
4284.4615539999995,10.933
4284.659754,11.033
4284.858104,11.155
4285.0559539999995,11.111
4285.253804,11.262
4285.451803999999,11.423
4285.649804,11.562
4285.847804,11.59
4286.045954,11.859
4286.243754,11.905
4286.443254,11.998000000000001
4286.639754,12.008000000000001
4286.837804,12.018
4287.035954,12.222
4287.233953999999,12.21
4287.433204,12.325000000000001
4287.629954,12.246
4287.827804,12.214
4288.025954,12.368
4288.223954,12.422
4288.421804,12.395
4288.619954,12.467
4288.818204,12.401
4289.016704,12.447000000000001
4289.2140039999995,12.486
4289.412154,12.433
4289.610004,12.530000000000001
4289.8080039999995,12.374
4290.006004,12.442
4290.204004,12.492
4290.402004,12.531
4290.600154,12.348
4290.798004,12.389000000000001
4290.996254,12.255
4291.194054,12.424
4291.392054,12.541
4291.590204,12.559000000000001
4291.788004,12.46
4291.9862539999995,12.641
4292.184004,12.418000000000001
4292.382054,12.506
4292.580154,12.524000000000001
4292.778204,12.629
4292.976304,12.566
4293.174304,12.429
4293.373754,12.46
4293.570204,12.57
4293.768204,12.438
4293.966304,12.457
4294.164304,12.322000000000001
4294.362304,12.263
4294.560203999999,12.148
4294.758454,12.298
4294.956454,12.178
4295.154354,12.333
4295.3525039999995,12.259
4295.550254,12.395
4295.748454,12.414
4295.946454,12.279
4296.144454,12.243
4296.342304,12.288
4296.540454,12.178
4296.738453999999,12.002
4296.936504,11.982000000000001
4297.134504,11.889000000000001
4297.332354,11.969
4297.530503999999,11.854000000000001
4297.728504,11.839
4297.926504,11.899000000000001
4298.124503999999,11.955
4298.324154,11.995000000000001
4298.717754,11.89
4299.113754,11.82
4299.311804,11.761000000000001
4299.509754,11.625
4299.707754,11.726
4299.905804,11.624
4300.103904,11.642
4300.301804,11.638
4300.499804,11.503
4300.697803999999,11.432
4300.896054,11.331
4301.094153999999,11.48
4301.2918039999995,11.42
4301.490004,11.213000000000001
4301.6884039999995,11.238
4301.885804,11.328
4302.084054,11.13
4302.281854,11.088000000000001
4302.479854,10.987
4302.678054,10.936
4302.875804,11.091000000000001
4303.074054,11.008000000000001
4303.271854,11.292
4303.469854,11.002
4303.668054,11.097
4303.866254,11.008000000000001
4304.064104,10.886000000000001
4304.262103999999,11.029
4304.460104,11.031
4304.658104,11.075000000000001
4304.857304,11.146
4305.054104,11.107000000000001
4305.253704,11.024000000000001
4305.450104,11.103
4305.648104,11.128
4305.846254,11.131
4306.0442539999995,11.069
4306.242154,11.123000000000001
4306.440304,11.051
4306.638104,11.139
4306.836254,11.101
4307.034254,10.985
4307.232254,11.067
4307.4303039999995,11.022
4307.628304,10.953
4307.826153999999,11.029
4308.024304,11.107000000000001
4308.222304,11.074
4308.4201539999995,11.013
4308.618304,11.09
4308.816304,10.959
4309.0150539999995,10.975
4309.212304,10.989
4309.410304,11.067
4309.608404,11.139
4309.806554,11.115
4310.004354,11.103
4310.202354,11.262
4310.400504,11.047
4310.599254,10.906
4310.796354,11.021
4310.994554,10.958
4311.192354,10.932
4311.390453999999,10.972
4311.588503999999,10.914
4311.786604,11.009
4311.984604,11.012
4312.182354,11.05
4312.380504,10.967
4312.578504,10.903
4312.7767539999995,10.927
4312.975054,10.851
4313.172603999999,10.84
4313.3705039999995,10.839
4313.568504,10.814
4313.766754,10.72
4313.964653999999,10.763
4314.162654,10.636000000000001
4314.360554,10.557
4314.558554,10.448
4314.756754,10.425
4314.955403999999,10.348
4315.1526539999995,10.3
4315.350804,10.134
4315.548554,10.063
4315.746803999999,9.909
4315.945854,9.952
4316.142654,9.704
4316.3408039999995,9.526
4316.538554,9.521
4316.736554,9.262
4316.9348039999995,8.821
4317.132804,8.708
4317.330854,8.342
4317.528804,8.17
4317.726804,7.816
4317.924804,7.573
4318.122854,7.487
4318.321003999999,7.274
4318.716104,6.6770000000000005
4318.9141039999995,6.554
4319.112104,6.391
4319.310104,6.323
4319.508104,5.9670000000000005
4319.706104,6.082
4319.904104,6.095
4320.102104,5.9910000000000005
4320.300104,6.003
4320.498304,5.97
4320.697354,5.9110000000000005
4320.894354,6.01
4321.092154,6.259
4321.290154,6.317
4321.488354,6.178
4321.686154,6.331
4321.884354,6.2620000000000005
4322.082354,6.417
4322.280154,6.586
4322.478354,6.428
4322.676354,6.640000000000001
4322.874404,6.8
4323.073804,6.202
4323.270154,6.207
4323.468404,6.301
4323.666404,6.517
4323.864554,6.716
4324.063954,7.047
4324.260404,7.268
4324.458404,7.227
4324.656403999999,7.266
4324.854554,7.78
4325.052454,8.165000000000001
4325.250454,8.385
4325.448554,8.51
4325.646404,8.724
4325.844554,8.94
4326.042554,9.09
4326.240454,9.286
4326.4402039999995,9.555
4326.636404,9.665000000000001
4326.834604,9.871
4327.032604,9.81
4327.232104,10.051
4327.428604,10.316
4327.626604,10.318
4327.825154,10.397
4328.022604,10.547
4328.221853999999,10.747
4328.418654,10.979000000000001
4328.616604,10.971
4328.816204,11.185
4329.012654,11.17
4329.212304,11.239
4329.408654,11.231
4329.606654,11.273
4329.805554,11.356
4330.002654,11.436
4330.202404,11.506
4330.3988039999995,11.568
4330.596654,11.696
4330.795304,11.467
4330.992704,11.629
4331.190654,11.789
4331.388804,11.815
4331.586804,11.742
4331.784904,11.815
4331.9829039999995,11.921
4332.1818539999995,12.014000000000001
4332.378804,12.012
4332.576904,11.978
4332.7749539999995,11.915000000000001
4332.972954,11.997
4333.170704,11.965
4333.368853999999,12.005
4333.568504,12.158
4333.765104,12.155000000000001
4333.962904,12.143
4334.160954,12.074
4334.358854,12.033
4334.557354,11.944
4334.755104,12.034
4334.954654,12.163
4335.150954,12.007
4335.349104,12.003
4335.546904,12.05
4335.745104,12.257
4335.944804,12.1
4336.1409539999995,12.064
4336.339104,12.049
4336.537104,12.038
4336.735154,12.187
4336.933153999999,12.122
4337.131154,12.104000000000001
4337.329154,12.044
4337.527153999999,12.101
4337.725154,12.262
4337.923154,12.191
4338.1211539999995,12.264000000000001
4338.320554,12.368
4338.714403999999,12.194
4338.912404,12.433
4339.110404,12.554
4339.308604,12.596
4339.506404,12.097
4339.704654,12.083
4339.902454,12.315
4340.100453999999,12.427
4340.298454,12.513
4340.496454,12.518
4340.694654,12.473
4340.892654,12.453
4341.090454,12.488
4341.288454,12.446
4341.486653999999,12.348
4341.684704,12.328
4341.882704,12.503
4342.080454,12.478
4342.278454,12.319
4342.476704,12.165000000000001
4342.674854,12.135
4342.874354,12.198
4343.070704,12.3
4343.268454,12.215
4343.4667039999995,12.078
4343.664904,12.167
4343.862754,12.095
4344.060754,11.999
4344.2587539999995,11.9
4344.456754,11.803
4344.654904,11.763
4344.852854,11.807
4345.052054,11.76
4345.248754,11.595
4345.446704,11.438
4345.644904,11.456
4345.842904,11.34
4346.040754,11.365
4346.238754,11.459
4346.436904,11.234
4346.634904,11.309000000000001
4346.832904,11.304
4347.030904,11.188
4347.228754,11.182
4347.426904,11.028
4347.624954,10.974
4347.824554,10.921
4348.020954,10.946
4348.219104,10.863
4348.418054,10.729000000000001
4348.615154,10.812
4348.812954,10.752
4349.012304,10.671
4349.208954,10.639
4349.406954,10.568
4349.6052039999995,10.658
4349.803003999999,10.422
4350.0018039999995,10.154
4350.1989539999995,10.271
4350.397154,10.469
4350.596904,10.375
4350.793204,10.295
4350.9910039999995,10.253
4351.189104,10.255
4351.387154,10.243
4351.585254,10.159
4351.784454,10.006
4351.981253999999,9.92
4352.179004,9.93
4352.377154,9.946
4352.575404,9.926
4352.773254,9.886000000000001
4352.972404,9.898
4353.169003999999,9.746
4353.367154,9.754
4353.565654,9.743
4353.763403999999,9.657
4353.961254,9.801
4354.159404,9.798
4354.357204,9.792
4354.555404,9.426
4354.753404,9.540000000000001
4354.951254,9.318
4355.1497039999995,9.247
4355.347204,9.125
4355.545454,8.879
4355.7434539999995,8.867
4355.941454,8.795
4356.139303999999,8.71
4356.3374539999995,8.481
4356.535454,8.239
4356.733454,7.885
4356.931454,7.476
4357.129454,7.378
4357.327454,7.192
4357.5256039999995,6.861
4357.723504,6.4510000000000005
4357.921453999999,5.976
4358.121054,5.65
4358.514754,5.4190000000000005
4358.712754,5.32
4358.9107539999995,4.882
4359.108754,4.988
4359.306954,4.499
4359.504754,4.49
4359.702953999999,4.444
4359.900754,4.507
4360.098754,4.371
4360.2969539999995,4.258
4360.494753999999,4.23
4360.694604,4.093
4360.890804,4.402
4361.088804,4.591
4361.286754,4.847
4361.485004,5.003
4361.683054,4.978
4361.881004,5.304
4362.078754,5.563
4362.276804,5.792
4362.475004,6.332
4362.673054,6.529
4362.871054,6.668
4363.069054,6.845
4363.267054,7.394
4363.465054,7.57
4363.6632039999995,7.5760000000000005
4363.861003999999,8.116
4364.059053999999,8.331
4364.256804,8.508000000000001
4364.456104,8.305
4364.653204,8.402000000000001
4364.851254,8.574
4365.049054,8.8
4365.2470539999995,8.986
4365.446404,9.052
4365.643204,9.002
4365.841203999999,9.039
4366.039054,9.064
4366.237204,9.273
4366.435054,9.274000000000001
4366.633054,9.314
4366.832904,9.379
4367.029254,9.518
4367.228254,9.652000000000001
4367.425254,9.745000000000001
4367.623104,9.693
4367.8212539999995,9.819
4368.019254,9.765
4368.217103999999,9.765
4368.416654,9.973
4368.613504,9.855
4368.811304,9.897
4369.009304,10.079
4369.207453999999,10.136000000000001
4369.405503999999,10.252
4369.603504,10.168000000000001
4369.801254,10.228
4369.999304,10.329
4370.197454,10.423
4370.3954539999995,10.504
4370.593554,10.451
4370.793204,10.386000000000001
4370.989304,10.527000000000001
4371.187304,10.378
4371.385454,10.684000000000001
4371.583554,10.67
4371.781554,10.68
4371.9793039999995,10.485
4372.177454,10.538
4372.375454,10.489
4372.575003999999,10.575000000000001
4372.771554,10.643
4372.969554,10.741
4373.167354,10.763
4373.365503999999,10.73
4373.563704,10.747
4373.761554,10.815
4373.959554,10.832
4374.157754,10.667
4374.355504,10.746
4374.554004,10.743
4374.751754,10.685
4374.949603999999,10.782
4375.147754,10.986
4375.345504,10.852
4375.5454039999995,10.925
4375.741754,10.783
4375.939604,10.729000000000001
4376.137753999999,10.756
4376.335754,10.67
4376.533754,10.707
4376.731804,10.545
4376.931054,10.625
4377.127804,10.525
4377.325804,10.666
4377.523754,10.642
4377.721754,10.747
4377.921504,10.739
4378.315054,10.701
4378.711053999999,10.762
4378.910704,10.823
4379.107054,10.837
4379.3050539999995,10.753
4379.503054,10.77
4379.701304,10.778
4379.899104,10.776
4380.0971039999995,10.787
4380.295304,10.988
4380.494004,11.242
4380.691304,11.397
4380.889054,11.465
4381.087104,11.437
4381.285304,11.44
4381.483104,11.352
4381.681304,11.532
4381.879354,11.556000000000001
4382.077104,11.557
4382.275353999999,11.499
4382.473354,11.587
4382.671354,11.575000000000001
4382.869304,11.777000000000001
4383.067104,11.649000000000001
4383.2668539999995,11.602
4383.4633539999995,11.601
4383.661504,11.542
4383.859354,11.605
4384.057354,11.678
4384.255354,11.654
4384.454204,11.897
4384.6515039999995,12.089
4384.849354,12.101
4385.047353999999,12.118
4385.245354,12.055
4385.445004,11.813
4385.641554,11.512
4385.839554,11.505
4386.037404,11.715
4386.235554,12.018
4386.434704,11.929
4386.631554,11.959
4386.829554,12.006
4387.0274039999995,11.974
4387.225554,11.94
4387.425303999999,12.048
4387.621553999999,12.072000000000001
4387.819604,12.25
4388.017604,12.286
4388.215604,12.334
4388.413554,12.328
4388.611554,12.025
4388.8095539999995,11.874
4389.007603999999,11.972
4389.205704,12.058
4389.403604,12.142
4389.601854,12.268
4389.800154,12.23
4389.997604,12.208
4390.195753999999,12.172
4390.393604,12.266
4390.591854,12.368
4390.789604,12.352
4390.987604,12.472
4391.185754,12.354000000000001
4391.385504,12.296
4391.581854,12.222
4391.779904,12.248000000000001
4391.977653999999,12.234
4392.1758039999995,12.199
4392.373804,12.248000000000001
4392.573254,12.187
4392.769854,12.249
4392.9678539999995,12.155000000000001
4393.167354,12.052
4393.363804,12.065
4393.562054,12.083
4393.759904,12.031
4393.957904,12.156
4394.155804,12.183
4394.353803999999,12.052
4394.552054,12.077
4394.750054,12.061
4394.947904,11.988
4395.146054,12.032
4395.343854,11.932
4395.542054,11.811
4395.740054,11.796
4395.937954,11.936
4396.136104,11.9
4396.334104,11.853
4396.532054,12.046
4396.730054,12.152000000000001
4396.928054,12.019
4397.126053999999,12.096
4397.324103999999,12.254
4397.522104,12.448
4397.720104,12.141
4398.115354,11.99
4398.511354,11.877
4398.709354,11.803
4398.907404,11.861
4399.105404,11.634
4399.303404,11.601
4399.501354,11.869
4399.699603999999,11.843
4399.897354,11.899000000000001
4400.095404,11.748000000000001
4400.2936039999995,11.77
4400.491403999999,11.61
4400.690454,11.5
4400.887404,11.352
4401.0854039999995,11.532
4401.283654,11.388
4401.481404,11.381
4401.679654,11.263
4401.877404,11.323
4402.075404,11.361
4402.273654,11.32
4402.471654,11.408
4402.669653999999,11.247
4402.867654,11.239
4403.065454,11.256
4403.263653999999,11.308
4403.461804,11.375
4403.659654,11.496
4403.8576539999995,11.375
4404.055654,11.423
4404.253654,11.709
4404.452254,11.677
4404.649854,11.641
4404.847704,11.652000000000001
4405.045704,11.543000000000001
4405.2437039999995,11.473
4405.441704,11.229000000000001
4405.639854,11.538
4405.837853999999,11.619
4406.035704,11.784
4406.233854,11.797
4406.431704,11.789
4406.629854,11.887
4406.827904,11.846
4407.025754,11.856
4407.2239039999995,12.094
4407.421703999999,11.975
4407.619854,11.922
4407.817854,11.96
4408.016704,12.215
4408.213904,12.191
4408.411904,11.98
4408.609904,12.115
4408.807904,11.989
4409.005904,11.939
4409.203904,11.790000000000001
4409.401903999999,11.971
4409.600154,12.003
4409.797904,12.276
4409.995903999999,12.36
4410.194804,11.822000000000001
4410.391954,12.107000000000001
4410.5901539999995,11.994
4410.787953999999,12.085
4410.985954,12.013
4411.184104,12.167
4411.382104,12.125
4411.580154,12.256
4411.778154,12.358
4411.975954,12.334
4412.1746539999995,12.369
4412.372354,12.246
4412.570204,12.221
4412.769854,12.069
4412.966104,12.128
4413.1641039999995,12.119
4413.362104,11.701
4413.560354,11.862
4413.7596539999995,11.777000000000001
4413.956204,11.877
4414.154154,11.893
4414.352154,11.832
4414.550354,11.737
4414.748254,11.569
4414.9462539999995,11.556000000000001
4415.144404,11.505
4415.344054,11.435
4415.540354,11.56
4415.738354,11.434000000000001
4415.936404,11.644
4416.134403999999,11.424
4416.332154,11.486
4416.530404,11.343
4416.7284039999995,11.201
4416.926404,11.099
4417.124404,11.356
4417.322854,11.5
4417.717654,11.284
4417.917804,11.217
4418.311704,10.97
4418.5096539999995,11.186
4418.707654,11.217
4418.905654,11.19
4419.103904,11.086
4419.3017039999995,11.027000000000001
4419.499704,10.855
4419.697704,10.794
4419.895704,10.752
4420.095104,10.729000000000001
4420.291704,10.812
4420.489704,10.78
4420.687954,10.695
4420.885703999999,10.53
4421.085204,10.319
4421.281954,10.277000000000001
4421.481554,10.316
4421.677954,10.231
4421.875754,10.05
4422.074603999999,9.82
4422.271954,9.821
4422.470104,9.654
4422.668504,9.428
4422.865954,9.226
4423.063754,8.948
4423.261954,8.49
4423.459954,8.203
4423.658203999999,7.869
4423.856004,7.782
4424.054004,7.3660000000000005
4424.252004,7.13
4424.450154,6.915
4424.649554,6.965
4424.846004,6.779
4425.044154,6.6930000000000005
4425.242004,6.902
4425.440004,7.121
4425.638754,7.357
4425.836004,7.142
4426.034054,6.805
4426.232204,6.777
4426.430004,6.798
4426.628954,6.707
4426.826204,6.54
4427.0240539999995,6.54
4427.222204,6.914
4427.420204,7.16
4427.618203999999,7.2170000000000005
4427.816204,7.364
4428.014354,7.595
4428.2122039999995,7.44
4428.410204,8.053
4428.608204,8.154
4428.8062039999995,8.281
4429.004354,8.671
4429.202204,8.789
4429.400254,8.82
4429.5982539999995,9.154
4429.796254,9.381
4429.994254,9.763
4430.192954,9.695
4430.390453999999,9.853
4430.588454,9.984
4430.786254,9.974
4430.984404,10.025
4431.182404,10.082
4431.380254,10.108
4431.578504,10.052
4431.776704,10.086
4431.974254,10.209
4432.172404,10.137
4432.370404,10.076
4432.568504,10.105
4432.766504,10.144
4432.964304,10.191
4433.162454,10.249
4433.360654,10.377
4433.5586539999995,10.221
4433.758204,10.221
4433.954654,10.181000000000001
4434.152454,10.21
4434.3507039999995,10.263
4434.548704,10.058
4434.748154,10.034
4434.944654,10.069
4435.142454,10.083
4435.340704,9.978
4435.538704,10.048
4435.736704,10.003
4435.934704,9.918000000000001
4436.133454,9.987
4436.330704,9.918000000000001
4436.528703999999,9.96
4436.726704,9.85
4436.924704,9.813
4437.124404,9.677
4437.320704,9.662
4437.715954,9.673
4437.913954,9.698
4438.111954,9.845
4438.310004,9.676
4438.508003999999,9.762
4438.706004,9.726
4438.904004,9.823
4439.102204,9.742
4439.300004,9.628
4439.498254,9.673
4439.696003999999,9.743
4439.894004,9.699
4440.092204,9.542
4440.2900039999995,9.607
4440.488004,9.693
4440.686054,9.623
4440.884054,9.604000000000001
4441.082254,9.516
4441.280254,9.396
4441.478254,9.412
4441.676254,9.329
4441.874054,9.184000000000001
4442.072254,9.167
4442.270254,9.173
4442.468253999999,9.091
4442.667904,8.988
4442.864054,9.108
4443.062304,8.904
4443.260303999999,8.78
4443.458454,8.71
4443.656354,8.588000000000001
4443.8543039999995,8.532
4444.052304,8.499
4444.250304,8.312
4444.448453999999,8.34
4444.646503999999,8.369
4444.844304,8.116
4445.042504,8.187
4445.240304,8.055
4445.438504,7.922000000000001
4445.6364539999995,7.775
4445.834304,7.551
4446.032454,7.53
4446.230304,7.502
4446.4285039999995,7.288
4446.627604,7.316
4446.824603999999,7.289000000000001
4447.022504,7.146
4447.220504,6.934
4447.418504,6.673
4447.617904,6.4670000000000005
4447.814504,6.327
4448.012503999999,6.194
4448.210504,5.994
4448.408754,5.684
4448.606554,5.541
4448.804704,5.452
4449.0027039999995,5.283
4449.201704,5.237
4449.398754,5.1530000000000005
4449.596554,5.055
4449.794554,4.939
4449.992704,4.765
4450.190704,4.783
4450.388754,4.795
4450.586804,4.816
4450.784554,4.861
4450.984304,4.809
4451.180703999999,4.727
4451.378804,4.898
4451.576803999999,4.908
4451.774554,4.905
4451.972704,4.877
4452.170704,4.796
4452.368954,4.857
4452.566854,4.822
4452.765154,4.813
4452.962754,4.782
4453.1607539999995,5.015
4453.359004,5.0120000000000005
4453.556804,4.896
4453.754804,4.884
4453.953304,4.937
4454.150754,4.938
4454.348954,5.016
4454.547004,4.939
4454.744854,4.9670000000000005
4454.943004,4.9110000000000005
4455.140804,5.016
4455.3390039999995,4.932
4455.537004,4.851
4455.735004,4.95
4455.9330039999995,4.833
4456.131004,4.8950000000000005
4456.329004,4.809
4456.528754,4.624
4456.725004,4.434
4456.923054,4.349
4457.122204,4.134
4457.516304,4.2540000000000004
4457.714354,4.11
4457.9123039999995,4.15
4458.110304,4.322
4458.308304,4.034
4458.506304,4.252
4458.704304,4.2
4458.902304,4.218
4459.100304,4.333
4459.298304,4.293
4459.496553999999,4.3180000000000005
4459.694354,4.027
4459.892354,4.231
4460.090553999999,4.172
4460.288353999999,4.2090000000000005
4460.486554,4.189
4460.684354,4.061
4460.883253999999,4.057
4461.080554,4.009
4461.2785539999995,4.148
4461.476554,4.069
4461.674554,3.959
4461.872354,4.105
4462.070604,4.086
4462.268604,3.7110000000000003
4462.466604,4.007
4462.664604,3.8160000000000003
4462.862354,3.9650000000000003
4463.060604,3.854
4463.258604,3.999
4463.456754,3.873
4463.654603999999,3.749
4463.852604,3.841
4464.050604,3.689
4464.248904,3.665
4464.446804,3.98
4464.644604,3.966
4464.8437539999995,4.035
4465.040604,4.18
4465.239154,4.171
4465.436804,4.414
4465.634803999999,4.166
4465.832654,4.178
4466.030804,4.152
4466.230004,4.312
4466.426804,4.291
4466.624804,4.287
4466.822803999999,3.983
4467.020804,4.024
4467.218804,3.879
4467.4168039999995,3.8200000000000003
4467.6148539999995,3.718
4467.812854,3.7110000000000003
4468.010854,3.879
4468.210354,3.536
4468.406854,3.754
4468.604854,3.576
4468.802854,3.382
4469.001004,3.302
4469.198854,3.2960000000000003
4469.397104,3.465
4469.594854,3.464
4469.793753999999,3.483
4469.9910039999995,3.501
4470.188854,3.483
4470.387103999999,3.591
4470.585104,3.717
4470.782854,3.692
4470.981004,3.706
4471.179304,3.7800000000000002
4471.377104,3.779
4471.576754,3.958
4471.7729039999995,4.001
4471.971054,3.962
4472.170504,3.934
4472.367154,4.081
4472.565104,4.07
4472.763104,4.123
4472.961053999999,4.271
4473.1607539999995,4.339
4473.357254,4.4110000000000005
4473.555904,4.371
4473.753154,4.297
4473.951104,4.226
4474.1490539999995,3.96
4474.347304,3.848
4474.5463039999995,3.6670000000000003
4474.743154,3.5100000000000002
4474.941304,3.337
4475.139054,3.293
4475.337304,3.2720000000000002
4475.536954,3.165
4475.733204,3.184
4475.931304,2.997
4476.129354,2.891
4476.327354,2.674
4476.525353999999,2.596
4476.723354,2.432
4476.921354,2.324
4477.119504,2.004
4477.514604,1.731
4477.712603999999,1.561
4477.910604,1.432
4478.108604,1.246
4478.306603999999,1.0010000000000001
4478.504604,0.602
4478.702604,0.769
4478.9006039999995,0.513
4479.098653999999,0.325
4479.296654,0.328
4479.494654,0.20600000000000002
4479.6926539999995,0.227
4479.890654,0.149
4480.088854,0.048
4480.286854,0.109
4480.484853999999,0.08
4480.682654,0.10300000000000001
4480.881254,0.07200000000000001
4481.078853999999,0.127
4481.2783039999995,0.065
4481.474904,0.026000000000000002
4481.672904,0.171
4481.870653999999,0.165
4482.068904,0.05
4482.266904,0.063
4482.4649039999995,0.123
4482.662904,0.14200000000000002
4482.860904,0.043000000000000003
4483.0589039999995,0.134
4483.257103999999,0.07
4483.455104,0.034
4483.652904,0.041
4483.851054,0.14100000000000001
4484.048904,0.115
4484.246904,0.139
4484.445054,0.115
4484.642903999999,0.154
4484.840954,0.17500000000000002
4485.038954,0.123
4485.236954,0.133
4485.435104,0.167
4485.633104,0.248
4485.831104,0.486
4486.029354,0.521
4486.227104,0.501
4486.426554,0.318
4486.623104,0.5
4486.821104,0.782
4487.019154,1.0110000000000001
4487.217154,1.276
4487.415153999999,1.325
4487.613154,1.489
4487.811154,1.553
4488.009304,1.715
4488.207104,1.872
4488.405154,1.8960000000000001
4488.603153999999,1.943
4488.801154,2.085
4488.999304,2.306
4489.197404,2.359
4489.395404,2.477
4489.593204,2.613
4489.791303999999,2.531
4489.989304,2.532
4490.187154,2.619
4490.385404,2.681
4490.583204,2.629
4490.781204,2.633
4490.979354,2.571
4491.1773539999995,2.52
4491.377054,2.475
4491.573453999999,2.509
4491.771204,2.286
4491.969454,2.366
4492.167554,2.472
4492.367053999999,2.325
4492.563454,2.148
4492.761603999999,2.069
4492.959354,1.869
4493.157354,1.929
4493.355603999999,1.818
4493.553454,1.674
4493.751454,1.539
4493.949353999999,1.318
4494.147354,1.2730000000000001
4494.345604,1.117
4494.5436039999995,0.891
4494.741454,0.843
4494.939604,0.445
4495.137604,0.127
4495.3356539999995,0.1
4495.533654,0.085
4495.731654,0.145
4495.931353999999,0.11900000000000001
4496.127404,0.189
4496.3273039999995,0.1
4496.523654,0.057
4496.721654,0.12
4497.1169039999995,0.05
4497.314904,0.14100000000000001
4497.512904,0.073
4497.710904,0.049
4497.908904,0.085
4498.106904,0.015
4498.305154,0.04
4498.502954,0.096
4498.700954,0.096
4498.899154,0.085
4499.096904,0.069
4499.2951539999995,0.09
4499.492953999999,0.197
4499.690954,0.107
4499.8891539999995,0.218
4500.087603999999,0.14200000000000002
4500.285204,0.018000000000000002
4500.483204,0.117
4500.6809539999995,0.059000000000000004
4500.879204,0.042
4501.077404,0.019
4501.275204,0.07
4501.473204,0.14300000000000002
4501.670954,0.073
4501.869154,0.061
4502.067204,0.097
4502.265354,0.108
4502.463204,0.068
4502.661204,0.20600000000000002
4502.859203999999,0.156
4503.057204,0.14100000000000001
4503.255354,0.20400000000000001
4503.4532039999995,0.084
4503.651253999999,0.10200000000000001
4503.849404,0.145
4504.0472039999995,0.063
4504.245404,0.10200000000000001
4504.444804,0.035
4504.641254,0.046
4504.839403999999,0.127
4505.037254,0.11900000000000001
4505.235254,0.11900000000000001
4505.433403999999,0.115
4505.631254,0.162
4505.829404,0.109
4506.0274039999995,0.07
4506.225404,0.077
4506.423454,0.063
4506.621454,0.11
4506.8194539999995,0.057
4507.018054,0.183
4507.215404,0.098
4507.413454,0.045
4507.612754,0.035
4507.8095539999995,0.099
4508.007454,0.083
4508.205704,0.079
4508.403454,0.026000000000000002
4508.601454,0.1
4508.799604,0.156
4508.997453999999,0.074
4509.195704,0.106
4509.393704,0.075
4509.591453999999,0.107
4509.789604,0.14100000000000001
4509.987604,0.085
4510.1857039999995,0.09
4510.383704,0.08
4510.581504,0.082
4510.779904,0.054
4510.977653999999,0.055
4511.176954,0.029
4511.373704,0.055
4511.571704,0.088
4511.771404,0.091
4511.967654,0.044
4512.167604,0.088
4512.363754,0.11
4512.561753999999,0.035
4512.7596539999995,0.091
4512.957654,0.026000000000000002
4513.155904,0.027
4513.353904,0.017
4513.551754,0.022
4513.749904,0.009000000000000001
4513.947654,0.028
4514.145904,0.09
4514.345104,0.045
4514.5418039999995,0.05
4514.739904,0.096
4514.937954,0.054
4515.135953999999,0.128
4515.333904,0.038
4515.5319039999995,0.074
4515.729904,0.033
4515.927954,0.097
4516.125954,0.03
4516.3239539999995,0.034
4516.523604,0.044
4516.917203999999,0.013000000000000001
4517.115204,0.063
4517.313204,0.083
4517.512854,0.08700000000000001
4517.709204,0.056
4517.907254,0.136
4518.105404,0.07200000000000001
4518.303204,0.05
4518.502804,0.092
4518.699204,0.084
4518.897454,0.028
4519.095254,0.041
4519.293454,0.044
4519.491254,0.076
4519.689254,0.083
4519.887454,0.081
4520.085254,0.021
4520.285154,0.122
4520.481253999999,0.034
4520.679254,0.081
4520.8774539999995,0.049
4521.075454,0.07
4521.273654,0.061
4521.471504,0.093
4521.669304,0.033
4521.867504,0.021
4522.065504,0.037
4522.263504,0.092
4522.461504,0.034
4522.659654,0.055
4522.857504,0.01
4523.055504,0.04
4523.253704,0.101
4523.451554,0.091
4523.6497039999995,0.05
4523.847554,0.081
4524.045553999999,0.074
4524.2437039999995,0.093
4524.441704,0.017
4524.639553999999,0.051000000000000004
4524.837704,0.053
4525.035554,0.027
4525.233704,0.048
4525.431704,0.082
4525.629754,0.051000000000000004
4525.827754,0.09
4526.025754,0.096
4526.223704,0.034
4526.421703999999,0.094
4526.619854,0.031
4526.817754,0.028
4527.015754,0.064
4527.213753999999,0.057
4527.411754,0.075
4527.609904,0.047
4527.8077539999995,0.08600000000000001
4528.005754,0.127
4528.204004,0.048
4528.4017539999995,0.068
4528.599904,0.048
4528.797904,0.029
4528.995754,0.017
4529.194004,0.083
4529.391804,0.121
4529.589804,0.09
4529.787953999999,0.115
4529.985954,0.015
4530.184004,0.129
4530.382004,0.052000000000000005
4530.579804,0.026000000000000002
4530.777904,0.07100000000000001
4530.975904,0.08700000000000001
4531.175104,0.074
4531.3720539999995,0.035
4531.570204,0.083
4531.767954,0.139
4531.965954,0.047
4532.164304,0.066
4532.362054,0.022
4532.560203999999,0.049
4532.757954,0.081
4532.955954,0.1
4533.155804,0.01
4533.352054,0.091
4533.550204,0.085
4533.7482039999995,0.044
4533.946003999999,0.096
4534.144604,0.016
4534.342204,0.033
4534.540204,0.022
4534.7398539999995,0.014
4534.936054,0.20600000000000002
4535.134204,0.076
4535.332254,0.074
4535.5303539999995,0.108
4535.728254,0.031
4535.926254,0.019
4536.125954,0.053
4536.322254,0.049
4536.717504,0.05
4537.113504,0.054
4537.311504,0.046
4537.509504,0.04
4537.707754,0.113
4537.905503999999,0.057
4538.103553999999,0.055
4538.301654,0.018000000000000002
4538.499554,0.073
4538.699404,0.023
4538.895554,0.076
4539.093554,0.032
4539.2918039999995,0.14200000000000002
4539.489554,0.045
4539.687754,0.077
4539.885754,0.065
4540.083554,0.047
4540.281754,0.039
4540.479554,0.109
4540.677804,0.042
4540.875804,0.085
4541.073804,0.09
4541.271804,0.013000000000000001
4541.469803999999,0.105
4541.667804,0.108
4541.865804,0.084
4542.063954,0.09
4542.261804,0.043000000000000003
4542.459804,0.039
4542.658004,0.061
4542.855804,0.053
4543.053854,0.168
4543.253103999999,0.14300000000000002
4543.4498539999995,0.099
4543.648004,0.061
4543.845854,0.078
4544.043804,0.08
4544.242004,0.11900000000000001
4544.439854,0.027
4544.6380039999995,0.053
4544.836004,0.069
4545.033854,0.167
4545.232054,0.048
4545.430004,0.114
4545.628004,0.05
4545.826004,0.215
4546.024304,0.109
4546.222004,0.133
4546.420054,0.028
4546.618154,0.027
4546.816054,0.094
4547.014054,0.04
4547.212054,0.07200000000000001
4547.410054,0.025
4547.609754,0.035
4547.806054,0.035
4548.004304,0.05
4548.202254,0.093
4548.400054,0.075
4548.598204,0.088
4548.796204,0.046
4548.995704,0.068
4549.192304,0.059000000000000004
4549.390104,0.067
4549.588054,0.099
4549.786204,0.053
4549.984853999999,0.054
4550.182304,0.046
4550.380303999999,0.089
4550.578104,0.029
4550.776253999999,0.025
4550.976154,0.064
4551.172353999999,0.034
4551.370354,0.127
4551.568254,0.023
4551.766254,0.05
4551.9642539999995,0.065
4552.162504,0.064
4552.3603539999995,0.076
4552.558504,0.034
4552.756304,0.093
4552.954503999999,0.079
4553.152504,0.065
4553.350354,0.114
4553.548503999999,0.006
4553.746504,0.035
4553.944504,0.06
4554.1425039999995,0.093
4554.3417039999995,0.036000000000000004
4554.538504,0.10200000000000001
4554.7365039999995,0.126
4554.934303999999,0.056
4555.132554,0.149
4555.330554,0.098
4555.5285539999995,0.20700000000000002
4555.726554,0.451
4555.924554,0.363
4556.319804,0.41500000000000004
4556.7158039999995,0.515
4556.913804,0.522
4557.111804,0.6
4557.3098039999995,0.436
4557.507804,0.47300000000000003
4557.706054,0.374
4557.903854,0.34
4558.101854,0.194
4558.299854,0.097
4558.497854,0.129
4558.696054,0.133
4558.893854,0.275
4559.091854,0.338
4559.290054,0.618
4559.487854,1.096
4559.686054,1.3900000000000001
4559.884054,1.792
4560.082104,2.1550000000000002
4560.2801039999995,2.573
4560.477854,2.9410000000000003
4560.676104,3.361
4560.875754,3.484
4561.071854,3.797
4561.270104,4.2
4561.468104,4.432
4561.666104,4.538
4561.864104,4.37
4562.062104,4.627
4562.260154,4.781
4562.458454,5.111
4562.656154,5.194
4562.854154,5.484
4563.052304,5.682
4563.250254,5.921
4563.448104,6.147
4563.646304,6.354
4563.844153999999,6.61
4564.042154,6.978
4564.240304,7.075
4564.4381539999995,7.118
4564.636304,7.199
4564.834304,7.405
4565.0321539999995,7.376
4565.230304,7.382000000000001
4565.428304,7.2540000000000004
4565.626303999999,7.1530000000000005
4565.824904,7.198
4566.022354,7.055
4566.220354,6.997
4566.418353999999,6.8950000000000005
4566.616354,6.808
4566.814354,6.671
4567.012554,6.893
4567.211953999999,6.8740000000000006
4567.408354,6.961
4567.606503999999,7.156000000000001
4567.805904,7.3180000000000005
4568.002604,7.112
4568.200404,7.259
4568.398404,7.25
4568.596504,7.317
4568.794554,7.333
4568.992604,7.2620000000000005
4569.190603999999,7.381
4569.389904,7.715
4569.586504,7.8100000000000005
4569.784504,7.899
4569.982604,8.443
4570.180604,8.870000000000001
4570.378654,8.999
4570.577654,9.373
4570.774554,9.529
4570.972804,9.656
4571.170654,9.845
4571.368554,9.950000000000001
4571.566554,10.199
4571.764553999999,10.204
4571.962804,10.365
4572.160653999999,10.523
4572.358654,10.795
4572.556804,10.949
4572.754604,11.052
4572.952604,11.287
4573.150804,11.515
4573.348653999999,11.672
4573.546804,11.657
4573.7446039999995,11.777000000000001
4573.942803999999,12.02
4574.140804,12.146
4574.338854,12.287
4574.537854,12.327
4574.734853999999,12.356
4574.932854,12.587
4575.130854,12.76
4575.328853999999,12.783
4575.528454,12.905000000000001
4575.724854,13.118
4575.923004,13.144
4576.1211539999995,12.99
4576.517704,13.021
4576.714104,13.031
4576.912104,12.962
4577.110154,13.028
4577.308153999999,13.057
4577.507404,13.369
4577.704154,13.588000000000001
4577.902153999999,13.700000000000001
4578.100354,13.91
4578.298154,13.942
4578.496504,13.808
4578.694354,13.664
4578.892154,13.622
4579.091354,13.495000000000001
4579.288154,13.194
4579.487354,13.141
4579.684354,12.981
4579.882404,12.874
4580.081204,12.691
4580.278404,12.521
4580.477903999999,12.485
4580.674403999999,12.370000000000001
4580.872404,12.342
4581.071954,12.290000000000001
4581.2684039999995,12.118
4581.466404,12.033
4581.664404,12.135
4581.8624039999995,12.021
4582.060604,11.993
4582.258404,12.002
4582.456404,11.898
4582.656104,11.939
4582.852404,12.076
4583.050604,11.945
4583.248454,11.899000000000001
4583.446454,11.85
4583.644604,11.863
4583.842454,11.782
4584.040604,11.667
4584.238604,11.786
4584.436454,11.761000000000001
4584.635404,11.778
4584.832453999999,11.813
4585.030604,11.851
4585.228604,11.89
4585.426654,11.678
4585.624654,11.837
4585.822654,11.941
4586.020654,11.763
4586.218654,11.796
4586.416654,11.772
4586.615154,11.807
4586.812653999999,11.791
4587.010703999999,11.86
4587.208654,11.821
4587.406653999999,11.706
4587.606503999999,11.712
4587.802654,11.761000000000001
4588.0009039999995,11.782
4588.198654,11.852
4588.396654,11.833
4588.5964539999995,11.927
4588.792654,11.866
4588.990904,11.902000000000001
4589.188704,12.104000000000001
4589.386704,12.184000000000001
4589.584804,12.125
4589.782854,12.167
4589.980954,11.854000000000001
4590.178903999999,11.934000000000001
4590.376704,11.979000000000001
4590.576104,11.950000000000001
4590.772854,11.991
4590.971054,12.017
4591.168954,12.074
4591.366954,12.085
4591.564854,12.213000000000001
4591.762904,12.14
4591.961104,12.186
4592.1589539999995,12.273
4592.356954,12.329
4592.554854,12.321
4592.752853999999,12.347
4592.951104,12.372
4593.149154,12.415000000000001
4593.347004,12.338000000000001
4593.545104,12.398
4593.742904,12.406
4593.941154,12.609
4594.1391539999995,12.813
4594.337004,12.903
4594.536754,12.656
4594.733104,12.567
4594.931104,12.695
4595.129304,12.831
4595.327154,12.841000000000001
4595.525154,12.726
4595.723954,13.005
4595.921154,13.068
4596.120454,13.3
4596.514404,13.352
4596.712404,13.058
4596.910404,13.131
4597.108454,13.186
4597.306454,13.317
4597.504454,13.201
4597.702404,13.067
4597.900404,12.946
4598.098454,12.979000000000001
4598.296453999999,12.778
4598.494454,12.629
4598.6926539999995,12.735
4598.890453999999,12.71
4599.088704,12.462
4599.286454,12.293000000000001
4599.4844539999995,12.16
4599.682704,12.046
4599.880454,11.869
4600.078704,11.798
4600.276704,11.814
4600.474454,11.498000000000001
4600.674153999999,11.357000000000001
4600.870854,11.055
4601.068703999999,10.804
4601.266704,10.673
4601.464704,10.483
4601.662703999999,10.572000000000001
4601.860704,10.271
4602.058854,9.921
4602.256703999999,9.68
4602.454753999999,9.372
4602.652704,9.125
4602.8507039999995,8.967
4603.048904,8.644
4603.246754,8.391
4603.444754,8.179
4603.6427539999995,8.064
4603.840904,7.851
4604.038904,7.716
4604.236903999999,7.3660000000000005
4604.434904,7.126
4604.632904,6.764
4604.830754,6.405
4605.028904,5.825
4605.2275039999995,5.573
4605.424754,5.362
4605.622904,5.065
4605.822803999999,4.774
4606.018904,4.554
4606.216904,4.306
4606.414954,4.134
4606.612954,3.705
4606.811154,3.277
4607.008954,3.091
4607.206954,2.763
4607.405154,2.494
4607.603104,2.263
4607.800953999999,2.007
4607.999204,1.803
4608.196954,1.455
4608.394953999999,1.12
4608.593154,0.9420000000000001
4608.791004,0.785
4608.9892039999995,0.5740000000000001
4609.187003999999,0.487
4609.385004,0.221
4609.583154,0.399
4609.781354,0.436
4609.979204,0.398
4610.177204,0.338
4610.376754,0.398
4610.573404,0.336
4610.771154,0.303
4610.970604,0.382
4611.167254,0.362
4611.365253999999,0.377
4611.564804,0.397
4611.761154,0.221
4611.959404,0.10300000000000001
4612.157254,0.18
4612.355254,0.192
4612.553204,0.109
4612.751404,0.116
4612.949404,0.137
4613.147403999999,0.079
4613.345404,0.16
4613.543454,0.078
4613.741204,0.2
4613.939804,0.257
4614.137404,0.112
4614.335304,0.138
4614.533453999999,0.099
4614.731204,0.047
4614.929454,0.101
4615.1274539999995,0.483
4615.325454,0.782
4615.524254,0.671
4615.721603999999,0.395
4615.919454,0.28200000000000003
4616.314703999999,0.397
4616.512704,0.365
4616.710704,0.12
4616.9087039999995,0.07100000000000001
4617.106704,0.116
4617.304704,0.149
4617.5027039999995,0.121
4617.700704,0.12
4617.898954,0.094
4618.096754,0.081
4618.294754,0.139
4618.492754,0.11900000000000001
4618.889704,0.212
4619.087004,0.243
4619.284954,0.33
4619.482954,0.31
4619.6809539999995,0.426
4619.880303999999,0.546
4620.077004,0.643
4620.274754,0.87
4620.474104,0.782
4620.671004,0.8250000000000001
4620.869004,1.409
4621.0670039999995,1.682
4621.265004,2.099
4621.462804,2.474
4621.661004,2.867
4621.859154,3.4010000000000002
4622.057004,3.604
4622.255054,3.844
4622.4532039999995,4.014
4622.6526539999995,4.1
4622.849204,4.545
4623.0472039999995,4.863
4623.245054,4.855
4623.443053999999,5.058
4623.641004,5.255
4623.8390039999995,5.349
4624.037204,5.48
4624.235204,5.772
4624.433054,6.033
4624.631203999999,6.268
4624.830403999999,6.68
4625.027204,6.93
4625.225203999999,7.248
4625.424304,7.641
4625.621204,8.011000000000001
4625.819203999999,8.171
4626.017253999999,8.286
4626.215254,8.661
4626.413254,8.404
4626.6112539999995,8.665000000000001
4626.809254,9.004
4627.007254,9.162
4627.2052539999995,9.221
4627.403254,9.179
4627.601254,9.284
4627.799504,9.385
4627.997504,9.528
4628.195254,9.681000000000001
4628.3934039999995,9.75
4628.591404,9.923
4628.789503999999,9.951
4628.987504,10.273
4629.185254,10.331
4629.383253999999,10.42
4629.581404,10.573
4629.779404,10.619
4629.9775039999995,10.657
4630.1755539999995,10.805
4630.373804,10.975
4630.571454,11.193
4630.769703999999,11.359
4630.967554,11.531
4631.165554,11.487
4631.363453999999,11.507
4631.561454,11.753
4631.759454,11.705
4631.9577039999995,11.672
4632.155554,11.554
4632.353553999999,11.691
4632.551504,11.932
4632.749503999999,11.903
4632.947704,11.759
4633.146254,11.637
4633.343554,11.9
4633.541704,11.9
4633.739704,11.774000000000001
4633.937754,11.683
4634.136654,11.337
4634.333754,11.242
4634.531704,11.425
4634.729504,11.844
4634.927753999999,11.894
4635.126654,11.764000000000001
4635.323904,11.895
4635.523454,11.827
4635.719904,11.838000000000001
4636.115004,11.867
4636.511004,12.182
4636.709003999999,12.762
4636.907004,12.958
4637.106503999999,12.558
4637.303003999999,12.754
4637.501254,12.802
4637.699054,12.94
4637.897304,12.620000000000001
4638.096603999999,12.588000000000001
4638.293054,12.38
4638.491254,12.317
4638.6890539999995,12.206
4638.887254,12.181000000000001
4639.086104,12.496
4639.2830539999995,12.540000000000001
4639.481253999999,12.451
4639.679304,12.638
4639.877304,12.748000000000001
4640.075304,12.97
4640.273054,13.077
4640.471304,13.287
4640.669304,13.224
4640.867454,13.112
4641.0661039999995,12.982000000000001
4641.263304,13.125
4641.4613039999995,13.124
4641.659304,13.205
4641.857504,13.078
4642.055354,13.305
4642.2533539999995,13.212
4642.451304,13.335
4642.649304,13.493
4642.847454,13.322000000000001
4643.045454,13.394
4643.243304,13.263
4643.441503999999,13.163
4643.639354,13.743
4643.837504,13.530000000000001
4644.0355039999995,13.488
4644.233354,13.641
4644.431504,13.562000000000001
4644.629354,13.587
4644.827504,13.392
4645.026054,13.204
4645.223504,13.234
4645.421554,13.1
4645.619554,12.877
4645.817554,12.918000000000001
4646.017253999999,12.811
4646.213554,12.755
4646.411704,12.634
4646.609554,12.741
4646.8077539999995,12.794
4647.005553999999,12.685
4647.203554,12.572000000000001
4647.401704,12.4
4647.599553999999,12.273
4647.797804,12.094
4647.995554,12.426
4648.1935539999995,12.301
4648.391704,12.234
4648.589704,12.115
4648.787804,11.997
4648.985804,12.155000000000001
4649.183554,12.167
4649.382704,12.15
4649.579704,12.164
4649.777803999999,12.106
4649.977454,12.066
4650.173604,11.945
4650.371854,11.967
4650.570554,12.046
4650.767954,11.728
4650.965854,11.276
4651.163804,11.169
4651.361754,11.515
4651.559754,11.603
4651.758003999999,11.602
4651.956004,11.811
4652.153854,11.652000000000001
4652.352003999999,11.879
4652.549754,11.91
4652.748004,12.099
4652.946003999999,12.158
4653.143854,12.209
4653.342004,12.288
4653.539753999999,12.469
4653.738004,12.366
4653.936004,12.204
4654.134054,12.229000000000001
4654.3320539999995,12.109
4654.530054,12.252
4654.728054,12.120000000000001
4654.926054,11.991
4655.124004,12.035
4655.322054,12.017
4655.717304,11.953
4655.915304,12.214
4656.1133039999995,11.954
4656.311304,12.025
4656.509304,12.291
4656.707504,12.251
4656.905304,12.481
4657.103304,12.595
4657.301354,12.586
4657.499554,12.522
4657.697803999999,12.313
4657.895554,12.477
4658.093304,12.489
4658.291303999999,12.489
4658.489554,12.656
4658.687354,12.63
4658.8855539999995,12.34
4659.083353999999,12.438
4659.281354,12.252
4659.479554,12.448
4659.677554,12.337
4659.875604,12.356
4660.073604,12.461
4660.273004,12.394
4660.469554,12.572000000000001
4660.667754,12.619
4660.865604,12.746
4661.063604,12.89
4661.261603999999,12.622
4661.459604,12.751
4661.657754,12.522
4661.855754,12.536
4662.053604,12.48
4662.251604,12.516
4662.450253999999,12.333
4662.647604,12.356
4662.845804,12.504
4663.043804,12.497
4663.2416539999995,12.521
4663.439804,12.577
4663.637804,12.74
4663.835803999999,12.455
4664.033804,12.540000000000001
4664.231654,12.484
4664.429803999999,12.545
4664.627804,12.504
4664.825804,12.59
4665.025103999999,12.649000000000001
4665.221804,12.698
4665.419804,12.683
4665.618054,12.721
4665.8158539999995,12.742
4666.013804,12.607000000000001
4666.211804,12.794
4666.409804,12.773
4666.6085539999995,12.625
4666.806104,12.555
4667.003854,12.485
4667.201854,12.609
4667.400004,12.507
4667.598104,12.558
4667.796104,12.57
4667.993853999999,12.43
4668.191854,12.591000000000001
4668.390004,12.464
4668.588254,12.331
4668.786104,12.409
4668.985753999999,12.481
4669.181904,12.571
4669.380004,12.736
4669.579004,13.083
4669.776104,13.069
4669.974104,12.909
4670.171904,12.663
4670.370054,12.551
4670.568254,12.446
4670.766254,12.321
4670.964104,12.450000000000001
4671.163804,12.718
4671.360054,12.642
4671.559953999999,12.477
4671.756304,12.682
4671.954154,12.64
4672.153854,12.616
4672.350054,12.625
4672.549954,12.582
4672.746304,12.791
4672.944304,12.809000000000001
4673.142154,12.596
4673.340303999999,12.67
4673.538304,12.666
4673.736304,12.762
4673.934303999999,12.652000000000001
4674.132154,12.747
4674.330304,12.805
4674.528454,12.725
4674.726304,12.736
4674.926054,12.848
4675.122354,12.77
4675.3203539999995,12.599
4675.715604,12.506
4675.913554,12.617
4676.111604,12.546
4676.3098039999995,12.713000000000001
4676.508804,12.72
4676.705854,12.767
4676.903604,12.788
4677.1016039999995,13.012
4677.299604,12.741
4677.497604,12.748000000000001
4677.695854,12.878
4677.893854,12.812
4678.091604,12.889000000000001
4678.289854,12.818
4678.487854,12.757
4678.685853999999,12.775
4678.883903999999,12.802
4679.081654,12.793000000000001
4679.279654,12.851
4679.477854,12.844
4679.676054,12.941
4679.8738539999995,12.732000000000001
4680.071854,12.775
4680.269654,12.625
4680.4678539999995,12.817
4680.666053999999,12.824
4680.864504,12.863
4681.061904,13.111
4681.259904,13.462
4681.457904,13.646
4681.656054,13.322000000000001
4681.854604,12.67
4682.051904,12.674
4682.249904,12.698
4682.447904,12.727
4682.647704,12.648
4682.844104,12.787
4683.041953999999,12.726
4683.239954,12.537
4683.438104,12.679
4683.637654,12.961
4683.834104,12.989
4684.032104,12.653
4684.230104,12.51
4684.428104,12.497
4684.626354,12.442
4684.824103999999,12.465
4685.022104,12.634
4685.219954,12.703
4685.418103999999,12.704
4685.616354,12.519
4685.814104,12.57
4686.012103999999,12.652000000000001
4686.210104,12.781
4686.408154,12.704
4686.606354,12.698
4686.8041539999995,12.757
4687.002154,12.378
4687.200304,12.486
4687.398303999999,12.405000000000001
4687.596353999999,12.491
4687.794354,12.404
4687.993554,12.378
4688.190154,12.308
4688.388304,12.223
4688.586404,12.307
4688.784404,12.265
4688.982403999999,12.248000000000001
4689.180204,12.114
4689.380004,12.154
4689.576554,12.037
4689.774404,11.965
4689.972404,12.079
4690.170304,12.015
4690.368304,12.030000000000001
4690.566554,11.799
4690.764553999999,11.868
4690.962404,11.687
4691.160454,11.623000000000001
4691.358354,11.674
4691.556353999999,11.55
4691.754604,11.568
4691.952404,11.568
4692.150404,11.464
4692.348354,11.55
4692.546554,11.456
4692.744554,11.473
4692.942604,11.334
4693.140604,11.311
4693.338604,11.201
4693.536604,11.149000000000001
4693.734604,11.196
4693.932604,11.051
4694.130454,11.035
4694.328603999999,10.86
4694.5267539999995,10.879
4694.724604,10.77
4694.922654,10.724
4695.120604,10.609
4695.515854,10.71
4695.715254,10.625
4695.911904,10.374
4696.109904,10.26
4696.308104,10.124
4696.505904,9.762
4696.704154,9.697000000000001
4696.901903999999,9.435
4697.099904,9.426
4697.297904,9.154
4697.495903999999,9.002
4697.694154,8.861
4697.891904,8.645
4698.0899039999995,8.67
4698.287904,8.609
4698.486154,8.192
4698.684154,8.037
4698.882154,8.013
4699.079954,7.679
4699.2794539999995,7.394
4699.476154,7.2170000000000005
4699.674153999999,6.954
4699.872154,6.5680000000000005
4700.069954,6.424
4700.267954,6.166
4700.466203999999,6.099
4700.664354,5.95
4700.862204,5.659
4701.060203999999,5.554
4701.257954,5.2780000000000005
4701.456303999999,5.308
4701.654354,5.033
4701.852354,4.808
4702.0505539999995,4.425
4702.248353999999,4.218
4702.446403999999,3.951
4702.644404,4.314
4702.842404,4.748
4703.041004,5.297
4703.238204,5.25
4703.436204,5.514
4703.634354,5.779
4703.832354,5.697
4704.0303539999995,5.729
4704.2284039999995,6.032
4704.427154,6.081
4704.624404,6.097
4704.822404,6.24
4705.0220039999995,6.595
4705.218404,6.476
4705.416404,6.6450000000000005
4705.616403999999,6.705
4705.812403999999,6.609
4706.010404,6.617
4706.208404,6.619
4706.406454,6.724
4706.604654,6.856
4706.802454,6.743
4707.000454,6.806
4707.198453999999,6.916
4707.396604,6.916
4707.5946539999995,6.929
4707.792654,6.823
4707.990454,7.1080000000000005
4708.190304,7.4350000000000005
4708.386603999999,7.639
4708.584704,7.88
4708.782704,8.169
4708.980454,8.273
4709.178604,8.452
4709.376604,8.5
4709.5748539999995,8.607
4709.774404,8.633000000000001
4709.970703999999,8.717
4710.1686039999995,8.862
4710.366604,9.091
4710.564854,9.163
4710.762704,9.074
4710.960704,9.245000000000001
4711.158853999999,9.46
4711.358354,9.609
4711.554854,9.531
4711.752853999999,9.809000000000001
4711.950704,9.832
4712.148854,9.825000000000001
4712.346654,9.81
4712.544854,9.727
4712.742904,9.921
4712.940904,9.909
4713.139654,9.868
4713.336904,9.731
4713.534904,9.541
4713.7329039999995,9.569
4713.930904,9.388
4714.128904,9.254
4714.326904,9.32
4714.524904,9.144
4714.722904,9.032
4714.920904,9.06
4715.316154,9.134
4715.712154,9.126
4715.910204,9.148
4716.108204,9.146
4716.3062039999995,9.161
4716.504204,9.146
4716.702404,9.128
4716.900204,9.113
4717.098204,9.065
4717.296404,9.232
4717.494654,9.124
4717.692403999999,9.07
4717.890203999999,9.284
4718.088204,9.285
4718.286454,9.365
4718.4844539999995,9.431000000000001
4718.682454,9.472
4718.880454,9.571
4719.0782039999995,9.559000000000001
4719.276454,9.573
4719.474454,9.794
4719.672454,9.921
4719.870454,9.875
4720.068254,9.892
4720.266454,9.89
4720.464454,9.972
4720.662604,10.051
4720.860454,10.151
4721.058454,10.221
4721.257254,10.187
4721.454454,10.105
4721.6526539999995,10.054
4721.850504,10.11
4722.048503999999,10.047
4722.246654,9.949
4722.444504,9.885
4722.642654,9.675
4722.841453999999,9.714
4723.038504,9.475
4723.237604,9.386000000000001
4723.434504,9.321
4723.632654,9.137
4723.830653999999,9.052
4724.028703999999,9.19
4724.226704,8.946
4724.424704,8.602
4724.622703999999,8.576
4724.822404,8.574
4725.018704,8.416
4725.2178539999995,8.399000000000001
4725.414704,8.274000000000001
4725.612704,7.929
4725.812354,7.775
4726.008704,7.882000000000001
4726.206904,8.152000000000001
4726.404704,8.153
4726.602954,7.989
4726.800704,7.995
4726.998704,7.765000000000001
4727.196854,7.587
4727.394754,7.562
4727.592954,7.604
4727.790754,7.469
4727.988754,7.855
4728.186854,7.752
4728.384904,7.841
4728.583004,7.9990000000000006
4728.7810039999995,8.068
4728.978754,8.299
4729.176904,8.514
4729.374903999999,8.562
4729.573104,8.716
4729.771004,8.771
4729.969004,8.827
4730.166904,8.991
4730.364904,9.078
4730.5631539999995,9.105
4730.761004,9.146
4730.959003999999,9.057
4731.1569039999995,9.081
4731.354904,9.205
4731.554104,9.373
4731.751154,9.481
4731.949004,9.584
4732.147154,9.525
4732.344954,9.416
4732.543204,9.489
4732.741204,9.485
4732.9390539999995,9.501
4733.137204,9.593
4733.335153999999,9.521
4733.533154,9.533
4733.731154,9.438
4733.929204,9.334
4734.127203999999,9.233
4734.325204,9.345
4734.523553999999,9.242
4734.7212039999995,9.004
4734.920904,9.040000000000001
4735.314453999999,9.041
4735.512454,8.985
4735.710504,8.776
4735.908504,8.821
4736.106503999999,8.797
4736.304454,8.633000000000001
4736.5024539999995,8.709
4736.700454,8.652000000000001
4736.898454,8.679
4737.096504,8.657
4737.294704,8.581
4737.492504,8.562
4737.690754,8.688
4737.888504,8.59
4738.086504,8.599
4738.284753999999,8.329
4738.482504,8.375
4738.680754,8.539
4738.878704,8.25
4739.076504,8.077
4739.2747039999995,7.726
4739.472753999999,7.6690000000000005
4739.670803999999,7.562
4739.868754,7.378
4740.066554,7.3020000000000005
4740.264754,7.554
4740.462754,7.694
4740.660903999999,7.705
4740.858754,7.907
4741.056754,8.014
4741.256504,8.036
4741.452754,8.165000000000001
4741.650954,8.313
4741.848804,8.289
4742.046804,8.322000000000001
4742.244804,8.228
4742.444404,8.126
4742.6409539999995,7.993
4742.838954,7.9430000000000005
4743.036803999999,7.9270000000000005
4743.234954,7.812
4743.432804,7.563
4743.630954,7.5120000000000005
4743.829004,7.347
4744.027754,7.165
4744.225004,7.203
4744.422954,7.156000000000001
4744.620954,7.146
4744.818953999999,7.328
4745.017003999999,7.149
4745.215904,7.192
4745.413004,7.3580000000000005
4745.611003999999,7.535
4745.809004,7.272
4746.007004,7.314
4746.205154,7.42
4746.403004,7.57
4746.601254,7.722
4746.7990039999995,7.697
4746.997004,7.716
4747.195154,7.966
4747.393004,8.023
4747.591254,8.125
4747.789054,8.163
4747.987054,8.292
4748.185154,8.459
4748.383204,8.546
4748.581254,8.342
4748.779254,8.44
4748.977054,8.623
4749.176203999999,8.673
4749.3732039999995,8.789
4749.571304,8.738
4749.7693039999995,8.961
4749.967304,8.993
4750.165204,8.987
4750.363204,9.047
4750.561454,9.227
4750.759304,9.063
4750.957304,8.987
4751.155204,8.802
4751.3543039999995,9.025
4751.5514539999995,9.104000000000001
4751.749454,9.327
4751.947303999999,9.51
4752.1454539999995,9.528
4752.343253999999,9.576
4752.541454,9.839
4752.739454,9.77
4752.937304,10.098
4753.135454,9.99
4753.333654,10.122
4753.531454,10.219
4753.729453999999,10.225
4753.927504,10.228
4754.125504,10.317
4754.325204,10.531
4754.7187539999995,10.371
4755.114954,9.872
4755.312754,9.91
4755.511004,9.663
4755.708754,9.73
4755.906754,9.798
4756.105004,9.833
4756.302753999999,9.912
4756.501004,9.814
4756.698754,10.182
4756.896753999999,10.056000000000001
4757.094803999999,9.98
4757.293004,9.868
4757.4910039999995,9.809000000000001
4757.689004,9.685
4757.886804,9.802
4758.085004,9.942
4758.284654,9.803
4758.480804,9.802
4758.679004,9.982000000000001
4758.8768039999995,10.025
4759.074804,10.136000000000001
4759.273054,9.982000000000001
4759.471054,9.936
4759.669054,10.054
4759.867053999999,9.853
4760.064804,9.775
4760.263054,10.029
4760.461204,10.161
4760.659054,10.171
4760.857054,10.414
4761.055204,10.336
4761.253054,10.22
4761.451054,10.211
4761.649254,10.164
4761.8471039999995,10.038
4762.045054,9.884
4762.243054,9.947000000000001
4762.442704,9.85
4762.639204,9.742
4762.837254,9.625
4763.035204,9.637
4763.233254,9.629
4763.431254,9.566
4763.6292539999995,9.44
4763.827254,9.367
4764.025254,9.27
4764.2232539999995,9.026
4764.421104,9.021
4764.619254,8.833
4764.817254,8.703
4765.015254,8.292
4765.214954,8.276
4765.411504,8.178
4765.609304,8.264
4765.807304,7.953
4766.005504,8.035
4766.203304,7.829
4766.4015039999995,7.724
4766.599504,7.628
4766.797304,7.562
4766.996504,7.518
4767.193454,7.513
4767.391304,7.588
4767.589554,7.6690000000000005
4767.7873039999995,7.836
4767.9865039999995,7.8500000000000005
4768.183454,8.039
4768.381453999999,8.115
4768.580804,8.445
4768.777554,8.503
4768.975354,8.533
4769.175154,8.586
4769.371704,8.613
4769.569554,8.723
4769.767554,8.904
4769.965504,9.281
4770.163504,9.381
4770.3615039999995,9.538
4770.559704,9.589
4770.757554,9.659
4770.955554,9.848
4771.153504,9.943
4771.351504,10.154
4771.549704,10.415000000000001
4771.747604,10.528
4771.946704,10.561
4772.143754,10.733
4772.341754,10.897
4772.539753999999,10.914
4772.737754,10.892
4772.935754,10.803
4773.1337539999995,10.882
4773.331754,10.724
4773.529754,10.83
4773.727754,10.751
4773.925904,10.701
4774.125504,10.734
4774.321804,10.659
4774.717004,10.545
4775.1130539999995,10.323
4775.311054,10.135
4775.509054,9.989
4775.7070539999995,9.943
4775.905054,9.798
4776.103254,9.573
4776.301054,9.620000000000001
4776.499253999999,9.451
4776.697054,9.403
4776.895054,9.312
4777.093304,9.202
4777.291104,9.153
4777.489054,8.911
4777.687304,8.809000000000001
4777.885053999999,8.454
4778.083054,8.053
4778.281304,7.88
4778.4793039999995,7.72
4778.677304,7.63
4778.875104,7.632000000000001
4779.073304,7.097
4779.271304,6.929
4779.469504,6.756
4779.667354,6.6370000000000005
4779.865354,6.196
4780.063303999999,5.872
4780.261304,6.054
4780.459304,6.175
4780.657354,5.583
4780.855353999999,5.44
4781.053704,4.947
4781.251354,4.971
4781.449504,4.933
4781.647504,4.796
4781.845354,4.886
4782.045104,5.164
4782.241354,5.319
4782.439504,5.268
4782.637503999999,5.599
4782.835354,5.8260000000000005
4783.033554,5.8580000000000005
4783.231554,5.97
4783.429553999999,6.202
4783.627554,6.526
4783.825554,6.526
4784.023553999999,7.096
4784.221554,7.279
4784.419554,7.428
4784.618853999999,7.613
4784.815554,7.705
4785.013704,7.823
4785.2115539999995,7.789000000000001
4785.409804,7.817
4785.608204,7.722
4785.805554,7.667
4786.003704,7.567
4786.201554,7.747
4786.399804,7.824
4786.597554,7.724
4786.795604,7.646
4786.993754,7.548
4787.191704,7.478
4787.389854,7.295
4787.587853999999,7.256
4787.785604,7.337
4787.983754,7.0
4788.182004,6.821
4788.379804,6.917
4788.577804,6.9350000000000005
4788.7758539999995,6.843
4788.973754,6.921
4789.171754,6.888
4789.370003999999,6.934
4789.567854,7.128
4789.765854,7.11
4789.963804,7.047
4790.161754,6.8660000000000005
4790.360004,6.9750000000000005
4790.5580039999995,7.3
4790.755854,7.3790000000000004
4790.954004,7.618
4791.151804,7.509
4791.351804,7.292
4791.548004,7.527
4791.745903999999,7.61
4791.944054,7.787
4792.141804,8.129
4792.341754,8.325
4792.538004,8.383000000000001
4792.736003999999,8.266
4792.934053999999,8.132
4793.132054,8.295
4793.331754,8.48
4793.528053999999,8.513
4793.726054,9.005
4793.925754,9.198
4794.1220539999995,9.639
4794.517304,9.535
4794.715303999999,9.540000000000001
4794.914954,9.678
4795.111354,10.224
4795.309354,10.503
4795.507304,10.289
4795.705304,10.374
4795.9033039999995,10.457
4796.101554,10.504
4796.299354,10.356
4796.497804,10.42
4796.6953539999995,10.662
4796.893354,10.804
4797.091554,10.775
4797.289354,11.049
4797.487604,10.962
4797.685354,10.916
4797.883354,10.863
4798.081553999999,10.816
4798.279603999999,10.981
4798.477604,11.111
4798.675604,11.091000000000001
4798.873404,11.591000000000001
4799.071604,11.479000000000001
4799.269604,11.369
4799.468653999999,11.338000000000001
4799.665604,11.232000000000001
4799.863604,11.236
4800.0616039999995,11.246
4800.259604,11.309000000000001
4800.457754,11.021
4800.655654,11.15
4800.8552039999995,11.131
4801.051654,10.714
4801.249654,10.851
4801.447803999999,10.873000000000001
4801.645804,10.697000000000001
4801.843653999999,10.703
4802.0418039999995,10.479000000000001
4802.239654,10.264
4802.437804,10.092
4802.635804,9.973
4802.833654,9.602
4803.031804,8.719
4803.229654,8.43
4803.427854,8.118
4803.625803999999,7.886
4803.823804,7.633
4804.021804,7.285
4804.219803999999,6.98
4804.417804,6.41
4804.615854,6.307
4804.813854,6.056
4805.011853999999,5.781
4805.209854,5.402
4805.408104,5.3500000000000005
4805.605853999999,5.146
4805.803854,4.824
4806.002004,4.531
4806.1998539999995,4.598
4806.398054,4.516
4806.595854,4.394
4806.793904,4.4110000000000005
4806.992053999999,4.5920000000000005
4807.190004,4.6530000000000005
4807.388104,4.595
4807.586104,5.066
4807.785604,5.134
4807.982054,5.344
4808.180004,5.213
4808.378103999999,5.331
4808.576104,5.257
4808.775654,5.069
4808.972054,5.275
4809.170054,5.471
4809.368254,5.541
4809.566154,5.682
4809.7641539999995,5.634
4809.962054,5.437
4810.160704,5.474
4810.358303999999,5.489
4810.556154,5.219
4810.754154,5.112
4810.9523039999995,5.09
4811.150054,5.357
4811.348304,4.949
4811.5463039999995,4.702
4811.744154,4.698
4811.942304,4.412
4812.140104,4.423
4812.338304,4.657
4812.536304,5.0040000000000004
4812.734304,5.094
4812.932304,5.428
4813.130303999999,5.4830000000000005
4813.330104,5.974
4813.526354,5.98
4813.724354,6.198
4813.923854,6.611
4814.317604,6.5200000000000005
4814.713604,6.632000000000001
4814.913004,6.969
4815.109604,6.801
4815.307604,6.6930000000000005
4815.505604,6.646
4815.703603999999,6.583
4815.901604,6.615
4816.099604,6.5520000000000005
4816.298154,6.4590000000000005
4816.495854,6.522
4816.693654,6.479
4816.891654,6.392
4817.089854,6.4670000000000005
4817.287654,6.3020000000000005
4817.485854,6.2940000000000005
4817.683604,6.439
4817.883204,6.402
4818.079854,6.162
4818.277854,6.175
4818.475853999999,6.1850000000000005
4818.673904,6.135
4818.871654,5.952
4819.069904,5.8260000000000005
4819.267903999999,5.7170000000000005
4819.465904,5.867
4819.663904,5.845
4819.861903999999,5.676
4820.059904,5.58
4820.257904,5.602
4820.456054,5.852
4820.655454,6.05
4820.852104,6.607
4821.0499039999995,6.854
4821.247904,7.011
4821.446104,7.313
4821.645554,7.468
4821.841904,7.478
4822.040054,7.722
4822.237904,7.823
4822.436103999999,7.931
4822.634104,7.923
4822.831954,7.937
4823.0301039999995,8.025
4823.227954,7.771
4823.426104,7.849
4823.6241039999995,7.821
4823.824054,7.845
4824.020104,7.789000000000001
4824.219104,7.672000000000001
4824.416104,7.636
4824.614154,7.567
4824.812154,7.593
4825.010154,7.719
4825.208154,7.527
4825.406153999999,7.74
4825.604154,7.533
4825.802103999999,7.586
4826.000254,7.7
4826.198154,7.678
4826.3963539999995,7.571
4826.594153999999,7.3870000000000005
4826.792154,7.4430000000000005
4826.990304,7.2410000000000005
4827.1881539999995,7.2540000000000004
4827.386404,7.054
4827.584404,7.189
4827.7821539999995,6.908
4827.980304,6.851
4828.178304,6.775
4828.376404,6.785
4828.574404,6.6000000000000005
4828.772204,6.6690000000000005
4828.9703039999995,6.634
4829.168353999999,6.495
4829.366554,6.3340000000000005
4829.564404,6.142
4829.7641539999995,5.877
4829.960354,5.939
4830.158354,5.97
4830.356554,5.782
4830.5544039999995,5.735
4830.7524539999995,5.532
4830.950354,5.6240000000000006
4831.148604,5.236
4831.346603999999,5.134
4831.544604,5.087
4831.743504,5.047
4831.940603999999,4.827
4832.138354,4.953
4832.336604,4.969
4832.5346039999995,5.12
4832.734203999999,4.853
4832.930604,4.936
4833.1286039999995,4.76
4833.326604,4.788
4833.524654,4.768
4833.724354,4.582
4834.117854,4.556
4834.315904,4.483
4834.5139039999995,4.301
4834.712754,4.166
4834.910104,4.304
4835.1079039999995,4.156
4835.305904,4.037
4835.503904,3.7960000000000003
4835.701904,3.715
4835.899904,3.712
4836.097904,3.452
4836.295904,3.3280000000000003
4836.493904,3.123
4836.691954,2.983
4836.889904,2.91
4837.088154,2.854
4837.286153999999,2.6750000000000003
4837.4847039999995,2.616
4837.681904,2.4010000000000002
4837.8801539999995,2.029
4838.078154,1.866
4838.275954,1.972
4838.4748039999995,2.036
4838.672154,1.941
4838.869954,1.686
4839.068154,1.446
4839.266154,1.288
4839.464154,1.323
4839.662154,1.114
4839.859954,1.137
4840.058153999999,1.168
4840.256354,1.073
4840.4543539999995,1.016
4840.652204,1.182
4840.850354,1.116
4841.048204,1.0150000000000001
4841.246204,0.996
4841.444354,0.9390000000000001
4841.642204,0.6930000000000001
4841.841504,0.512
4842.0382039999995,0.375
4842.237803999999,0.387
4842.434404,0.261
4842.632404,0.169
4842.830403999999,0.168
4843.028404,0.079
4843.226404,0.105
4843.424403999999,0.188
4843.622404,0.07
4843.820404,0.1
4844.0184039999995,0.114
4844.216404,0.12
4844.414404,0.122
4844.6124039999995,0.314
4844.810404,0.53
4845.008404,0.494
4845.206404,0.8230000000000001
4845.404404,0.6880000000000001
4845.602404,0.687
4845.800404,0.522
4845.998554,0.54
4846.196653999999,0.47900000000000004
4846.394654,0.276
4846.594054,0.533
4846.790604,0.54
4846.988604,0.672
4847.186454,0.722
4847.3846539999995,0.739
4847.582453999999,0.614
4847.780454,0.629
4847.9802039999995,0.521
4848.176604,0.448
4848.374604,0.335
4848.5730539999995,0.338
4848.7704539999995,0.299
4848.969454,0.05
4849.166854,0.221
4849.366403999999,0.395
4849.562704,0.27
4849.760854,0.5760000000000001
4849.9586039999995,0.515
4850.156854,0.58
4850.356253999999,0.65
4850.552704,0.672
4850.750854,0.712
4850.948654,0.533
4851.146654,0.458
4851.346554,0.312
4851.5427039999995,0.259
4851.740704,0.366
4851.938854,0.404
4852.136853999999,0.3
4852.334903999999,0.559
4852.532854,0.452
4852.732554,0.53
4852.928903999999,0.627
4853.126904,0.555
4853.324904,0.624
4853.5229039999995,0.646
4853.720904,0.43
4854.116153999999,0.312
4854.314154,0.132
4854.512154,0.016
4854.710554,0.046
4854.908154,0.038
4855.106154,0.011
4855.3044039999995,0.033
4855.502154,0.039
4855.701254,0.043000000000000003
4855.898404,0.013000000000000001
4856.0962039999995,0.098
4856.294204,0.135
4856.492204,0.17500000000000002
4856.691354,0.279
4856.888204,0.325
4857.086454,0.583
4857.284204,0.768
4857.482403999999,0.615
4857.680204,0.434
4857.878404,0.622
4858.076454,0.303
4858.274453999999,0.305
4858.472454,0.055
4858.670254,0.044
4858.8684539999995,0.145
4859.066454,0.11900000000000001
4859.264604,0.039
4859.4624539999995,0.128
4859.660454,0.157
4859.858454,0.096
4860.056454,0.10200000000000001
4860.254653999999,0.186
4860.452504,0.406
4860.650504,0.34700000000000003
4860.848653999999,0.47400000000000003
4861.046504,0.385
4861.244654,0.316
4861.4426539999995,0.485
4861.640504,0.436
4861.838654,0.40900000000000003
4862.036454,0.451
4862.236354,0.59
4862.432654,0.395
4862.630654,0.464
4862.828654,0.339
4863.026653999999,0.621
4863.224654,0.653
4863.423854,0.542
4863.620653999999,0.675
4863.818654,0.543
4864.017404,0.362
4864.214704,0.509
4864.412703999999,0.452
4864.610704,0.421
4864.808854,0.4
4865.006703999999,0.608
4865.204954,0.612
4865.402704,0.547
4865.6016039999995,0.58
4865.798854,0.552
4865.996704,0.47200000000000003
4866.195004,0.504
4866.392954,0.47900000000000004
4866.590754,0.461
4866.788853999999,0.392
4866.986854,0.317
4867.186704,0.433
4867.382954,0.41200000000000003
4867.580704,0.233
4867.778854,0.387
4867.976854,0.1
4868.175104,0.20400000000000001
4868.3729539999995,0.094
4868.570954,0.052000000000000005
4868.768904,0.248
4868.968604,0.17
4869.165153999999,0.083
4869.363004,0.14200000000000002
4869.560954,0.10300000000000001
4869.758903999999,0.058
4869.956904,0.098
4870.156854,0.201
4870.353153999999,0.145
4870.551004,0.132
4870.749554,0.23700000000000002
4870.946903999999,0.279
4871.145154,0.41000000000000003
4871.343154,0.42
4871.541004,0.433
4871.739154,0.515
4871.937154,0.492
4872.135154,0.465
4872.333154,0.421
4872.531153999999,0.431
4872.729154,0.298
4872.927154,0.302
4873.125204,0.40800000000000003
4873.323203999999,0.47000000000000003
4873.718454,0.497
4873.916454,0.34700000000000003
4874.114454,0.29
4874.312454,0.273
4874.510454,0.398
4874.708454,0.41300000000000003
4874.906454,0.392
4875.104453999999,0.401
4875.302454,0.459
4875.500454,0.5650000000000001
4875.698453999999,0.5730000000000001
4875.896654,0.611
4876.094454,0.642
4876.2927039999995,0.596
4876.490503999999,0.61
4876.688504,0.578
4876.886704,0.5650000000000001
4877.084454,0.789
4877.282704,0.715
4877.480704,0.73
4877.6785039999995,0.552
4877.876703999999,0.849
4878.074704,0.752
4878.272704,0.866
4878.470754,0.8140000000000001
4878.668504,0.808
4878.867654,0.719
4879.064754,0.595
4879.262904,0.635
4879.460704,0.741
4879.658754,0.6970000000000001
4879.856704,0.749
4880.054754,0.774
4880.252904,0.908
4880.4507539999995,1.032
4880.648754,1.008
4880.846754,1.0
4881.044754,0.971
4881.242904,0.8290000000000001
4881.440904,1.141
4881.638754,0.862
4881.836904,0.992
4882.034753999999,0.9460000000000001
4882.232954,0.856
4882.431954,0.974
4882.628804,0.969
4882.826954,1.048
4883.0249539999995,1.17
4883.222954,1.187
4883.420954,1.2670000000000001
4883.618954,1.243
4883.816954,1.293
4884.015654,1.2610000000000001
4884.212954,1.317
4884.411004,1.354
4884.608953999999,1.184
4884.8071039999995,0.972
4885.004954,1.087
4885.2032039999995,0.9400000000000001
4885.400954,0.6920000000000001
4885.598954,0.9460000000000001
4885.797104,1.182
4885.995003999999,1.117
4886.193204,1.079
4886.391904,1.014
4886.5890039999995,1.004
4886.787154,0.889
4886.985154,0.8210000000000001
4887.183254,0.931
4887.381754,0.917
4887.579004,0.973
4887.777153999999,0.9480000000000001
4887.975154,0.767
4888.173253999999,0.765
4888.371254,0.8
4888.569404,0.862
4888.767154,0.738
4888.966754,0.982
4889.163404,0.8170000000000001
4889.3612539999995,1.115
4889.559254,1.295
4889.757154,1.209
4889.956704,1.161
4890.153404,1.207
4890.351404,1.217
4890.550953999999,1.22
4890.747404,1.196
4890.945204,1.362
4891.143454,1.158
4891.341453999999,1.088
4891.539454,1.02
4891.737454,1.058
4891.935404,1.044
4892.133454,1.183
4892.331454,1.308
4892.531354,1.522
4892.727454,1.339
4892.925454,1.194
4893.123454,1.187
4893.321454,1.117
4893.7169539999995,1.133
4893.914704,1.307
4894.113154,1.341
4894.310754,1.012
4894.5087539999995,1.038
4894.706954,1.2610000000000001
4894.904704,1.348
4895.103704,1.297
4895.300704,1.2570000000000001
4895.498754,1.381
4895.696954,1.373
4895.894953999999,1.3960000000000001
4896.093003999999,1.145
4896.291004,0.977
4896.488754,1.062
4896.688654,1.167
4896.885004,1.234
4897.082754,1.113
4897.2810039999995,1.239
4897.479004,1.375
4897.676804,1.435
4897.8750039999995,1.544
4898.073004,1.2710000000000001
4898.271004,1.046
4898.469004,0.932
4898.667004,1.049
4898.865004,1.227
4899.063004,1.3880000000000001
4899.261004,1.5190000000000001
4899.459003999999,1.693
4899.657204,1.647
4899.855004,1.492
4900.053003999999,1.54
4900.251404,1.409
4900.449054,1.294
4900.647204,1.256
4900.846603999999,1.434
4901.043054,1.487
4901.241204,1.46
4901.439203999999,1.524
4901.637204,1.487
4901.835204,1.223
4902.0330539999995,1.097
4902.231204,0.936
4902.429254,0.807
4902.627254,0.836
4902.825253999999,0.8140000000000001
4903.023204,0.764
4903.2212039999995,0.718
4903.419204,0.708
4903.617504,0.652
4903.815254,0.549
4904.0132539999995,0.533
4904.211254,0.459
4904.409254,0.455
4904.607254,0.275
4904.805404,0.229
4905.003503999999,0.384
4905.201504,0.359
4905.399254,0.23500000000000001
4905.597404,0.234
4905.7954039999995,0.132
4905.993254,0.075
4906.191503999999,0.26
4906.389303999999,0.091
4906.5874539999995,0.059000000000000004
4906.785604,0.066
4906.983454,0.187
4907.181504,0.386
4907.3795039999995,0.371
4907.577404,0.606
4907.776604,0.622
4907.973653999999,0.8200000000000001
4908.171504,0.977
4908.369554,0.915
4908.5676539999995,0.778
4908.767154,0.751
4908.963454,0.5680000000000001
4909.161704,0.386
4909.359554,0.356
4909.557704,0.42
4909.756703999999,0.266
4909.9534539999995,0.126
4910.151653999999,0.341
4910.349704,0.276
4910.547704,0.245
4910.745704,0.275
4910.943703999999,0.481
4911.141704,0.559
4911.340354,0.332
4911.537703999999,0.337
4911.735704,0.399
4911.933504,0.524
4912.131703999999,0.466
4912.331404,0.401
4912.527854,0.311
4912.725754,0.20600000000000002
4912.925404,0.20800000000000002
4913.121754,0.303
4913.517003999999,0.161
4913.715004,0.218
4913.913004,0.227
4914.111003999999,0.278
4914.309004,0.253
4914.507004,0.233
4914.7052539999995,0.189
4914.903004,0.151
4915.101004,0.201
4915.2990039999995,0.147
4915.497004,0.157
4915.695254,0.29
4915.893254,0.331
4916.0910539999995,0.419
4916.289253999999,0.224
4916.487054,0.069
4916.685254,0.306
4916.883253999999,0.052000000000000005
4917.081254,0.14400000000000002
4917.279254,0.074
4917.477253999999,0.169
4917.675254,0.324
4917.873254,0.36
4918.0712539999995,0.299
4918.2693039999995,0.23700000000000002
4918.467304,0.123
4918.665354,0.332
4918.8633039999995,0.361
4919.061304,0.531
4919.259304,0.48
4919.457304,0.434
4919.655454,0.445
4919.854204,0.454
4920.0532539999995,0.36
4920.250754,0.234
4920.447303999999,0.307
4920.645504,0.429
4920.843304,0.218
4921.041303999999,0.112
4921.239454,0.028
4921.437454,0.11
4921.635454,0.137
4921.833504,0.15
4922.031304,0.16
4922.230704,0.039
4922.427504,0.063
4922.625504,0.009000000000000001
4922.823504,0.166
4923.021503999999,0.022
4923.219504,0.125
4923.417504,0.11
4923.615654,0.146
4923.813504,0.138
4924.011504,0.151
4924.2095039999995,0.261
4924.407553999999,0.196
4924.605654,0.11900000000000001
4924.803554,0.11
4925.0015539999995,0.11
4925.199754,0.11
4925.397504,0.027
4925.595654,0.106
4925.793654,0.05
4925.991754,0.017
4926.189754,0.032
4926.387554,0.062
4926.585704,0.04
4926.7837039999995,0.081
4926.981704,0.029
4927.179803999999,0.099
4927.377804,0.037
4927.575704,0.055
4927.773704,0.033
4927.971704,0.063
4928.169804,0.403
4928.3678039999995,0.304
4928.565704,0.216
4928.763754,0.047
4928.961953999999,0.127
4929.159954,0.053
4929.357804,0.121
4929.5559539999995,0.10400000000000001
4929.754704,0.031
4929.951754,0.125
4930.1499539999995,0.074
4930.348854,0.099
4930.545954,0.111
4930.744004,0.078
4930.9417539999995,0.165
4931.140453999999,0.185
4931.338004,0.114
4931.536004,0.025
4931.734004,0.082
4931.932003999999,0.109
4932.129954,0.113
4932.328004,0.046
4932.526104,0.054
4932.724004,0.132
4933.119254,0.17
4933.318703999999,0.076
4933.515254,0.048
4933.713304,0.152
4933.911254,0.048
4934.109304,0.06
4934.307304,0.084
4934.505303999999,0.094
4934.705104,0.138
4934.901304,0.218
4935.099504,0.07100000000000001
4935.297304,0.05
4935.495304,0.07200000000000001
4935.693504,0.041
4935.891304,0.018000000000000002
4936.089304,0.021
4936.287554,0.08700000000000001
4936.485304,0.013000000000000001
4936.683554,0.081
4936.883154,0.114
4937.079554,0.075
4937.277553999999,0.059000000000000004
4937.475304,0.077
4937.673503999999,0.041
4937.871553999999,0.019
4938.069704,0.048
4938.267554,0.028
4938.465553999999,0.097
4938.663554,0.031
4938.861554,0.044
4939.059703999999,0.044
4939.257554,0.115
4939.455554,0.179
4939.6535539999995,0.049
4939.851554,0.049
4940.049754,0.049
4940.247754,0.067
4940.445604,0.045
4940.643754,0.105
4940.841604,0.061
4941.039753999999,0.088
4941.237754,0.076
4941.435603999999,0.031
4941.6337539999995,0.197
4941.831754,0.17200000000000001
4942.029754,0.043000000000000003
4942.227754,0.035
4942.4258039999995,0.032
4942.623804,0.067
4942.821804,0.04
4943.019804,0.02
4943.217753999999,0.065
4943.415754,0.028
4943.614954,0.115
4943.811804,0.044
4944.010004,0.075
4944.207804,0.055
4944.405804,0.036000000000000004
4944.603954,0.055
4944.801804,0.06
4945.000054,0.069
4945.197803999999,0.044
4945.395804,0.06
4945.593954,0.058
4945.793704,0.023
4945.990054,0.08
4946.188054,0.06
4946.385854,0.039
4946.584003999999,0.022
4946.782004,0.114
4946.980054,0.109
4947.178054,0.216
4947.376053999999,0.109
4947.574004,0.053
4947.771954,0.029
4947.970204,0.04
4948.168054,0.053
4948.366104,0.10200000000000001
4948.564004,0.029
4948.762004,0.078
4948.960254,0.025
4949.1598539999995,0.077
4949.3561039999995,0.095
4949.554254,0.081
4949.752004,0.062
4949.950253999999,0.065
4950.148254,0.045
4950.346104,0.015
4950.5442539999995,0.041
4950.742053999999,0.062
4950.940254,0.06
4951.1382539999995,0.021
4951.336254,0.055
4951.534254,0.127
4951.732254,0.044
4951.930254,0.07100000000000001
4952.128254,0.092
4952.326254,0.124
4952.721554,0.023
4953.117504,0.027
4953.315554,0.056
4953.513554,0.018000000000000002
4953.7115539999995,0.082
4953.909554,0.013000000000000001
4954.107554,0.081
4954.305554,0.129
4954.503554,0.258
4954.701803999999,0.164
4954.899554,0.094
4955.097804,0.121
4955.295553999999,0.08
4955.493554,0.13
4955.691804,0.063
4955.889604,0.031
4956.087804,0.048
4956.285604,0.058
4956.483604,0.02
4956.681804,0.024
4956.879804,0.067
4957.077804,0.032
4957.275804,0.015
4957.473604,0.07100000000000001
4957.671804,0.06
4957.869804,0.145
4958.067854,0.124
4958.265854,0.058
4958.463854,0.052000000000000005
4958.663504,0.023
4958.859853999999,0.099
4959.0580039999995,0.04
4959.255854,0.116
4959.454304,0.084
4959.651854,0.095
4959.849854,0.116
4960.048004,0.066
4960.246504,0.101
4960.443904,0.054
4960.642054,0.026000000000000002
4960.839854,0.10200000000000001
4961.0382039999995,0.066
4961.236003999999,0.076
4961.433854,0.022
4961.6337539999995,0.059000000000000004
4961.829854,0.047
4962.028053999999,0.027
4962.227704,0.049
4962.424054,0.026000000000000002
4962.6220539999995,0.023
4962.820054,0.062
4963.019404,0.043000000000000003
4963.2160539999995,0.039
4963.414054,0.053
4963.612054,0.04
4963.810054,0.044
4964.008304,0.027
4964.206104,0.035
4964.404104,0.047
4964.602253999999,0.06
4964.800104,0.034
4964.998304,0.065
4965.196454,0.028
4965.394104,0.073
4965.593554,0.042
4965.790204,0.031
4965.9883039999995,0.038
4966.1863539999995,0.042
4966.384204,0.049
4966.582254,0.062
4966.780253999999,0.041
4966.978354,0.028
4967.176354,0.014
4967.375704,0.028
4967.572254,0.04
4967.770254,0.042
4967.9685039999995,0.028
4968.166354,0.105
4968.3660039999995,0.013000000000000001
4968.562304,0.017
4968.760303999999,0.028
4968.958504,0.039
4969.156354,0.042
4969.354354,0.001
4969.552504,0.045
4969.750254,0.062
4969.948504,0.021
4970.146503999999,0.035
4970.3444039999995,0.022
4970.542554,0.05
4970.740304,0.033
4970.939203999999,0.016
4971.136554,0.018000000000000002
4971.334554,0.067
4971.532553999999,0.018000000000000002
4971.730554,0.016
4971.928554,0.084
4972.1265539999995,0.075
4972.324554,0.029
4972.719803999999,0.018000000000000002
4972.918054,0.036000000000000004
4973.115804,0.045
4973.315154,0.035
4973.512004,0.026000000000000002
4973.709804,0.061
4973.907854,0.044
4974.105853999999,0.068
4974.303854,0.021
4974.501854,0.024
4974.6998539999995,0.017
4974.897854,0.056
4975.096054,0.093
4975.293854,0.016
4975.491854,0.028
4975.690054,0.028
4975.888104,0.052000000000000005
4976.086104,0.031
4976.283853999999,0.063
4976.482104,0.1
4976.680104,0.049
4976.878103999999,0.11900000000000001
4977.076104,0.027
4977.274104,0.067
4977.471853999999,0.016
4977.670104,0.014
4977.868104,0.096
4978.0661039999995,0.082
4978.264104,0.064
4978.461904,0.048
4978.660104,0.052000000000000005
4978.858303999999,0.017
4979.056254,0.046
4979.254104,0.07200000000000001
4979.452254,0.1
4979.650103999999,0.105
4979.848153999999,0.017
4980.0463039999995,0.024
4980.244154,0.04
4980.442304,0.105
4980.640304,0.14300000000000002
4980.838154,0.048
4981.038504,0.073
4981.234304,0.049
4981.432154,0.101
4981.630303999999,0.038
4981.828304,0.04
4982.026304,0.043000000000000003
4982.224354,0.065
4982.422454,0.015
4982.620354,0.04
4982.8185539999995,0.046
4983.016353999999,0.017
4983.214304,0.041
4983.412504,0.018000000000000002
4983.6103539999995,0.026000000000000002
4983.808354,0.034
4984.006554,0.10400000000000001
4984.2043539999995,0.098
4984.402504,0.063
4984.600504,0.032
4984.798604,0.056
4984.996604,0.234
4985.194354,0.074
4985.3925039999995,0.016
4985.590504,0.032
4985.790454,0.065
4985.986604,0.027
4986.184604,0.069
4986.382404,0.042
4986.580554,0.044
4986.778754,0.041
4986.9766039999995,0.057
4987.176754,0.025
4987.372404,0.01
4987.570554,0.11900000000000001
4987.768754,0.045
4987.966754,0.041
4988.164654,0.081
4988.362754,0.048
4988.560554,0.064
4988.758554,0.14400000000000002
4988.9588539999995,0.115
4989.154654,0.082
4989.352653999999,0.065
4989.5508039999995,0.043000000000000003
4989.748554,0.059000000000000004
4989.946804,0.004
4990.144804,0.068
4990.344754,0.05
4990.540804,0.065
4990.738804,0.043000000000000003
4990.936804,0.033
4991.134803999999,0.043000000000000003
4991.3329539999995,0.029
4991.530804,0.154
4991.728803999999,0.085
4991.926804,0.055
4992.124804,0.031
4992.520104,0.052000000000000005
4992.718104,0.013000000000000001
4992.916104,0.049
4993.114104,0.101
4993.312104,0.025
4993.510104,0.037
4993.708103999999,0.014
4993.906354,0.125
4994.104104,0.035
4994.302103999999,0.029
4994.500354,0.1
4994.698104,0.052000000000000005
4994.8961039999995,0.096
4995.094104,0.106
4995.292104,0.057
4995.4901039999995,0.137
4995.688354,0.069
4995.886154,0.048
4996.084354,0.017
4996.2821539999995,0.044
4996.480353999999,0.042
4996.678354,0.068
4996.876354,0.076
4997.074353999999,0.019
4997.272354,0.023
4997.470354,0.025
4997.668353999999,0.049
4997.866354,0.022
4998.064404,0.061
4998.262404,0.013000000000000001
4998.460153999999,0.052000000000000005
4998.658404,0.048
4998.856404,0.111
4999.054553999999,0.057
4999.252404,0.116
4999.450404,0.097
4999.648404,0.016
4999.846554,0.046
5000.044554,0.093
5000.242454,0.062
5000.440603999999,0.051000000000000004
5000.638454,0.049
5000.836604,0.05
5001.0346039999995,0.036000000000000004
5001.232554,0.042
5001.430404,0.059000000000000004
5001.630654,0.039
5001.8264039999995,0.045
5002.024604,0.033
5002.222604,0.031
5002.420454,0.062
5002.618603999999,0.066
5002.816854,0.059000000000000004
5003.014604,0.069
5003.212603999999,0.012
5003.4107539999995,0.029
5003.608604,0.041
5003.8068539999995,0.027
5004.004653999999,0.021
5004.202654,0.08600000000000001
5004.400654,0.075
5004.598653999999,0.02
5004.798154,0.035
5004.994854,0.057
5005.1926539999995,0.006
5005.390654,0.014
5005.588804,0.049
5005.786854,0.092
5005.984853999999,0.101
5006.184754,0.029
5006.380803999999,0.03
5006.578804,0.04
5006.776804,0.053
5006.974904,0.032
5007.172904,0.054
5007.370653999999,0.033
5007.568804,0.009000000000000001
5007.766804,0.039
5007.967054,0.04
5008.162904,0.096
5008.360904,0.048
5008.558854,0.056
5008.757054,0.053
5008.955054,0.07
5009.152904,0.10300000000000001
5009.353153999999,0.02
5009.548854,0.014
5009.746854,0.077
5009.945054,0.042
5010.143054,0.06
5010.340953999999,0.036000000000000004
5010.5391039999995,0.024
5010.737104,0.039
5010.935104,0.062
5011.133104,0.093
5011.330954,0.07
5011.529104,0.023
5011.727253999999,0.07
5011.925104,0.064
5012.3203539999995,0.05
5012.518354,0.1
5012.716354,0.039
5012.914354,0.03
5013.112354,0.064
5013.310354,0.031
5013.508354,0.035
5013.706404,0.015
5013.904603999999,0.048
5014.102404,0.033
5014.300404,0.021
5014.498404,0.07100000000000001
5014.696403999999,0.033
5014.894604,0.053
5015.092404,0.049
5015.290403999999,0.051000000000000004
5015.488604,0.018000000000000002
5015.6866039999995,0.032
5015.884403999999,0.022
5016.082654,0.047
5016.280454,0.063
5016.4784039999995,0.03
5016.676654,0.015
5016.874404,0.116
5017.072654,0.014
5017.270404,0.028
5017.468454,0.112
5017.666654,0.115
5017.864804,0.059000000000000004
5018.062653999999,0.012
5018.260703999999,0.061
5018.458654,0.025
5018.656704,0.042
5018.854854,0.045
5019.052654,0.044
5019.2506539999995,0.009000000000000001
5019.448854,0.022
5019.646654,0.01
5019.844854,0.08600000000000001
5020.043504,0.045
5020.240704,0.015
5020.438854,0.017
5020.636704,0.064
5020.834854,0.068
5021.032854,0.051000000000000004
5021.230853999999,0.068
5021.429504,0.106
5021.626854,0.045
5021.8248539999995,0.012
5022.0229039999995,0.04
5022.220904,0.04
5022.418904,0.067
5022.6169039999995,0.027
5022.814904,0.039
5023.012904,0.018000000000000002
5023.210904,0.018000000000000002
5023.409054,0.085
5023.606904,0.037
5023.805104,0.058
5024.002904,0.025
5024.200903999999,0.014
5024.3990539999995,0.07200000000000001
5024.597554,0.034
5024.7951539999995,0.08
5024.993154,0.058
5025.190904,0.05
5025.389054,0.056
5025.587054,0.057
5025.785154,0.041
5025.983154,0.026000000000000002
5026.1809539999995,0.027
5026.379104,0.031
5026.577104,0.039
5026.775304,0.084
5026.973204,0.063
5027.171154,0.042
5027.369103999999,0.034
5027.567104,0.023
5027.7659539999995,0.032
5027.963204,0.041
5028.161204,0.031
5028.359354,0.034
5028.5571039999995,0.005
5028.755354,0.053
5028.953354,0.073
5029.151854,0.063
5029.349354,0.068
5029.547104,0.029
5029.745354,0.083
5029.943354,0.046
5030.141204,0.038
5030.339354,0.004
5030.537354,0.055
5030.7353539999995,0.07
5030.934004,0.045
5031.131404,0.031
5031.329404,0.042
5031.527354,0.031
5031.725354,0.051000000000000004
5031.923354,0.056
5032.318654,0.015
5032.516654,0.024
5032.714653999999,0.061
5032.912654,0.076
5033.110654,0.032
5033.3086539999995,0.048
5033.506654,0.042
5033.704654,0.021
5033.902904,0.052000000000000005
5034.1007039999995,0.033
5034.298704,0.066
5034.496904,0.011
5034.694654,0.047
5034.892903999999,0.028
5035.090654,0.044
5035.288654,0.025
5035.486903999999,0.078
5035.684703999999,0.109
5035.882904,0.036000000000000004
5036.0809039999995,0.011
5036.278703999999,0.05
5036.476954,0.018000000000000002
5036.674954,0.027
5036.872904,0.015
5037.070904,0.048
5037.268704,0.026000000000000002
5037.466904,0.029
5037.665104,0.033
5037.863104,0.034
5038.060954,0.046
5038.258954,0.026000000000000002
5038.456954,0.017
5038.654954,0.029
5038.853104,0.022
5039.050953999999,0.019
5039.248954,0.058
5039.447104,0.033
5039.644953999999,0.048
5039.843104,0.06
5040.041154,0.038
5040.239004,0.022
5040.437154,0.044
5040.635154,0.045
5040.833154,0.062
5041.031153999999,0.035
5041.228954,0.064
5041.427154,0.024
5041.626004,0.043000000000000003
5041.823154,0.018000000000000002
5042.021154,0.044
5042.219153999999,0.057
5042.417154,0.032
5042.615154,0.021
5042.8131539999995,0.024
5043.011154,0.08
5043.209154,0.03
5043.407303999999,0.037
5043.605404,0.027
5043.803403999999,0.031
5044.001204,0.062
5044.199204,0.037
5044.397354,0.02
5044.595204,0.03
5044.794054,0.109
5044.991403999999,0.036000000000000004
5045.189203999999,0.048
5045.3873539999995,0.02
5045.585553999999,0.039
5045.783453999999,0.061
5045.981454,0.058
5046.179854,0.069
5046.377354,0.062
5046.575604,0.028
5046.773604,0.042
5046.9714539999995,0.03
5047.169454,0.018000000000000002
5047.367354,0.036000000000000004
5047.565603999999,0.055
5047.763604,0.019
5047.962104,0.02
5048.159454,0.008
5048.357403999999,0.063
5048.555604,0.054
5048.7536039999995,0.034
5048.9516539999995,0.047
5049.149504,0.025
5049.3482539999995,0.026000000000000002
5049.545604,0.026000000000000002
5049.743603999999,0.07200000000000001
5049.941604,0.039
5050.139654,0.091
5050.337654,0.08600000000000001
5050.535804,0.049
5050.733654,0.033
5050.931654,0.034
5051.129653999999,0.05
5051.327654,0.035
5051.722904,0.026000000000000002
5052.118954,0.031
5052.316954,0.027
5052.514904,0.035
5052.713154,0.031
5052.910903999999,0.058
5053.108904,0.034
5053.307154,0.029
5053.504954,0.021
5053.703154,0.046
5053.900954,0.027
5054.098954,0.023
5054.2969539999995,0.023
5054.495204,0.054
5054.693204,0.06
5054.891154,0.026000000000000002
5055.088954,0.052000000000000005
5055.286954,0.009000000000000001
5055.485154,0.011
5055.683204,0.039
5055.881203999999,0.043000000000000003
5056.079204,0.035
5056.277204,0.092
5056.475203999999,0.081
5056.673354,0.027
5056.871204,0.044
5057.069203999999,0.04
5057.267003999999,0.082
5057.465204,0.078
5057.663353999999,0.029
5057.861404,0.06
5058.059254,0.041
5058.257254,0.004
5058.4552539999995,0.059000000000000004
5058.653404,0.026000000000000002
5058.851404,0.04
5059.049204,0.062
5059.247404,0.032
5059.445204,0.033
5059.6434039999995,0.037
5059.841404,0.045
5060.039404,0.033
5060.237254,0.016
5060.435404,0.016
5060.633404,0.035
5060.831404,0.014
5061.029404,0.05
5061.227253999999,0.016
5061.425404,0.03
5061.624304,0.082
5061.821454,0.016
5062.019454,0.007
5062.2176039999995,0.014
5062.415454,0.08600000000000001
5062.613703999999,0.048
5062.811454,0.062
5063.009454,0.035
5063.207453999999,0.016
5063.405604,0.051000000000000004
5063.603654,0.091
5063.8017039999995,0.064
5063.999454,0.014
5064.197504,0.025
5064.395603999999,0.012
5064.593704,0.058
5064.792354,0.018000000000000002
5064.989454,0.028
5065.187604,0.032
5065.385604,0.025
5065.5838539999995,0.057
5065.781704,0.02
5065.979703999999,0.02
5066.178154,0.024
5066.3756539999995,0.083
5066.573654,0.035
5066.771753999999,0.026000000000000002
5066.969754,0.075
5067.1677039999995,0.029
5067.365654,0.028
5067.563854,0.042
5067.761853999999,0.051000000000000004
5067.9604039999995,0.012
5068.157904,0.034
5068.355654,0.033
5068.553903999999,0.012
5068.751904,0.054
5068.949904,0.045
5069.147754,0.047
5069.346554,0.008
5069.543904,0.045
5069.7419039999995,0.048
5069.939904,0.029
5070.137804,0.017
5070.335904,0.024
5070.533904,0.037
5070.731954,0.025
5070.929954,0.068
5071.127954,0.061
5071.325954,0.045
5071.7212039999995,0.018000000000000002
5072.117204,0.045
5072.3152039999995,0.055
5072.513204,0.037
5072.711204,0.052000000000000005
5072.909204,0.017
5073.107204,0.078
5073.305404,0.083
5073.503204,0.041
5073.701454,0.041
5073.899254,0.019
5074.097253999999,0.038
5074.295454,0.054
5074.4934539999995,0.059000000000000004
5074.691454,0.058
5074.889454,0.06
5075.087254,0.046
5075.285253999999,0.027
5075.483454,0.035
5075.681454,0.05
5075.8795039999995,0.024
5076.077254,0.025
5076.275504,0.04
5076.473504,0.046
5076.671654,0.051000000000000004
5076.869503999999,0.041
5077.067504,0.047
5077.265453999999,0.018000000000000002
5077.463503999999,0.031
5077.6616539999995,0.034
5077.859504,0.02
5078.057503999999,0.044
5078.255504,0.011
5078.453504,0.029
5078.651653999999,0.036000000000000004
5078.849654,0.038
5079.047504,0.04
5079.2455039999995,0.07
5079.443504,0.008
5079.641704,0.043000000000000003
5079.839704,0.01
5080.037703999999,0.069
5080.235704,0.107
5080.433704,0.052000000000000005
5080.631703999999,0.04
5080.829704,0.022
5081.027704,0.016
5081.2257039999995,0.018000000000000002
5081.423704,0.063
5081.622354,0.053
5081.819704,0.085
5082.017704,0.08600000000000001
5082.215754,0.019
5082.413754,0.058
5082.611954,0.089
5082.809703999999,0.038
5083.007704,0.044
5083.205854,0.059000000000000004
5083.403754,0.055
5083.601954,0.013000000000000001
5083.799954,0.064
5083.997754,0.038
5084.195904,0.038
5084.393904,0.026000000000000002
5084.592004,0.068
5084.790604,0.012
5084.987754,0.027
5085.185904,0.041
5085.383903999999,0.03
5085.582104,0.094
5085.780004,0.05
5085.978004,0.061
5086.176554,0.031
5086.373904,0.025
5086.5721539999995,0.031
5086.770004,0.031
5086.968003999999,0.025
5087.165754,0.028
5087.363904,0.07200000000000001
5087.562154,0.014
5087.760154,0.021
5087.958654,0.054
5088.156054,0.101
5088.353954,0.075
5088.552204,0.018000000000000002
5088.750204,0.053
5088.9480539999995,0.066
5089.146204,0.03
5089.344803999999,0.038
5089.542203999999,0.125
5089.740204,0.089
5089.938204,0.023
5090.136054,0.036000000000000004
5090.334204,0.01
5090.532204,0.027
5090.7302039999995,0.04
5090.928204,0.041
5091.126204,0.026000000000000002
5091.324204,0.013000000000000001
5091.719504,0.01
5091.917504,0.031
5092.115503999999,0.033
5092.313504,0.014
5092.5114539999995,0.085
5092.709454,0.088
5092.907454,0.031
5093.105504,0.051000000000000004
5093.3035039999995,0.078
5093.501504,0.044
5093.699704,0.03
5093.897504,0.009000000000000001
5094.095504,0.063
5094.293753999999,0.077
5094.491504,0.059000000000000004
5094.689754,0.06
5094.887753999999,0.036000000000000004
5095.085504,0.06
5095.2837039999995,0.061
5095.4817539999995,0.064
5095.679754,0.041
5095.877754,0.058
5096.075554,0.012
5096.273553999999,0.045
5096.471754,0.034
5096.669903999999,0.021
5096.867754,0.058
5097.065754,0.015
5097.263754,0.018000000000000002
5097.461754,0.059000000000000004
5097.659954,0.041
5097.857804,0.068
5098.055804,0.039
5098.253804,0.033
5098.451803999999,0.033
5098.6506039999995,0.013000000000000001
5098.847954,0.095
5099.045803999999,0.028
5099.243954,0.011
5099.441804,0.047
5099.639954,0.028
5099.837954,0.04
5100.035804,0.055
5100.234004,0.113
5100.432003999999,0.049
5100.629954,0.038
5100.827953999999,0.036000000000000004
5101.025954,0.026000000000000002
5101.223954,0.021
5101.422004,0.095
5101.620003999999,0.02
5101.818654,0.032
5102.016004,0.054
5102.2142539999995,0.093
5102.412004,0.044
5102.610254,0.038
5102.8080039999995,0.07200000000000001
5103.006004,0.055
5103.204804,0.015
5103.402004,0.038
5103.600254,0.016
5103.798004,0.098
5103.996054,0.045
5104.194154,0.068
5104.392204,0.07100000000000001
5104.590254,0.021
5104.788254,0.055
5104.986653999999,0.011
5105.184154,0.043000000000000003
5105.382154,0.013000000000000001
5105.5802539999995,0.076
5105.778254,0.024
5105.976304,0.049
5106.174204,0.056
5106.372854,0.098
5106.570454,0.07100000000000001
5106.768304,0.126
5106.966304,0.11900000000000001
5107.164204,0.048
5107.362204,0.04
5107.560404,0.037
5107.758454,0.053
5107.956303999999,0.041
5108.1544539999995,0.045
5108.352253999999,0.013000000000000001
5108.550454,0.063
5108.748454,0.051000000000000004
5108.946304,0.015
5109.144454,0.03
5109.342204,0.047
5109.541104,0.054
5109.738453999999,0.096
5109.936454,0.054
5110.134604,0.065
5110.332504,0.011
5110.530503999999,0.003
5110.728504,0.03
5110.926504,0.046
5111.124503999999,0.068
5111.519754,0.11
5111.717753999999,0.034
5111.915754,0.041
5112.113754,0.067
5112.311753999999,0.06
5112.509754,0.07
5112.707754,0.036000000000000004
5112.905753999999,0.038
5113.103754,0.032
5113.302004,0.043000000000000003
5113.499804,0.013000000000000001
5113.698004,0.076
5113.895804,0.093
5114.093804,0.036000000000000004
5114.292004,0.058
5114.489804,0.089
5114.688004,0.015
5114.885804,0.082
5115.083804,0.03
5115.282004,0.036000000000000004
5115.480004,0.047
5115.678054,0.022
5115.876053999999,0.079
5116.073804,0.066
5116.272054,0.084
5116.470053999999,0.023
5116.668054,0.061
5116.866054,0.044
5117.0640539999995,0.001
5117.262054,0.017
5117.460054,0.041
5117.658203999999,0.073
5117.856054,0.046
5118.054104,0.059000000000000004
5118.252054,0.031
5118.450054,0.004
5118.648204,0.01
5118.846853999999,0.037
5119.044054,0.064
5119.242254,0.019
5119.440054,0.023
5119.6382539999995,0.055
5119.836254,0.019
5120.034103999999,0.057
5120.2329039999995,0.024
5120.430254,0.046
5120.628254,0.056
5120.826254,0.088
5121.024254,0.023
5121.222253999999,0.007
5121.420254,0.022
5121.618254,0.014
5121.816304,0.051000000000000004
5122.014904,0.095
5122.212304,0.079
5122.410304,0.033
5122.608504,0.064
5122.806254,0.042
5123.004304,0.063
5123.202404,0.014
5123.400954,0.005
5123.598504,0.03
5123.7963039999995,0.034
5123.994304,0.042
5124.192454,0.022
5124.390453999999,0.061
5124.588554,0.023
5124.786553999999,0.036000000000000004
5124.984304,0.041
5125.182454,0.029
5125.380454,0.098
5125.578554,0.025
5125.776554,0.08700000000000001
5125.974553999999,0.08600000000000001
5126.172504,0.129
5126.3705039999995,0.095
5126.569354,0.043000000000000003
5126.766554,0.056
5126.964554,0.026000000000000002
5127.162504,0.043000000000000003
5127.360504,0.022
5127.558704,0.055
5127.756604,0.034
5127.954604,0.014
5128.152754,0.027
5128.350504,0.047
5128.5487539999995,0.003
5128.746754,0.046
5128.944603999999,0.024
5129.1427539999995,0.013000000000000001
5129.340504,0.063
5129.538754,0.10400000000000001
5129.7374039999995,0.04
5129.934904,0.05
5130.132754,0.02
5130.330754,0.035
5130.528754,0.016
5130.726804,0.052000000000000005
5130.924754,0.073
5131.123404,0.047
5131.518054,0.045
5131.7160539999995,0.018000000000000002
5131.914054,0.023
5132.112054,0.042
5132.310054,0.026000000000000002
5132.508253999999,0.015
5132.706054,0.045
5132.904054,0.06
5133.102253999999,0.019
5133.300053999999,0.03
5133.498054,0.019
5133.696304,0.039
5133.894053999999,0.005
5134.092054,0.034
5134.290304,0.094
5134.4880539999995,0.046
5134.686304,0.041
5134.884054,0.073
5135.082104,0.074
5135.280304,0.066
5135.478454,0.067
5135.676304,0.007
5135.874354,0.083
5136.072303999999,0.034
5136.270304,0.09
5136.4685039999995,0.016
5136.666303999999,0.029
5136.864304,0.003
5137.062104,0.059000000000000004
5137.260303999999,0.025
5137.458304,0.039
5137.656504,0.021
5137.854354,0.008
5138.0523539999995,0.016
5138.250354,0.022
5138.448504,0.068
5138.646503999999,0.004
5138.844354,0.014
5139.043154,0.06
5139.240503999999,0.044
5139.438354,0.039
5139.636554,0.078
5139.834554,0.11800000000000001
5140.032404,0.073
5140.230554,0.042
5140.428403999999,0.068
5140.6265539999995,0.042
5140.824504,0.057
5141.022554,0.08600000000000001
5141.2205539999995,0.039
5141.418753999999,0.016
5141.616554,0.099
5141.814554,0.033
5142.012704,0.024
5142.210553999999,0.041
5142.408554,0.052000000000000005
5142.606554,0.005
5142.804553999999,0.028
5143.002554,0.048
5143.200704,0.034
5143.398553999999,0.09
5143.597454,0.031
5143.794604,0.023
5143.992604,0.033
5144.190754,0.021
5144.388804,0.016
5144.586804,0.016
5144.784804,0.043000000000000003
5144.982754,0.098
5145.180754,0.1
5145.378753999999,0.064
5145.576854,0.016
5145.774853999999,0.082
5145.972604,0.134
5146.170754,0.082
5146.369004,0.005
5146.5670039999995,0.076
5146.765453999999,0.028
5146.962853999999,0.034
5147.1607539999995,0.047
5147.359004,0.061
5147.557003999999,0.014
5147.754854,0.04
5147.952854,0.021
5148.151653999999,0.058
5148.348804,0.011
5148.547054,0.025
5148.745054,0.035
5148.942854,0.08700000000000001
5149.141004,0.044
5149.338804,0.007
5149.537004,0.036000000000000004
5149.735004,0.075
5149.933704,0.021
5150.1310539999995,0.078
5150.329204,0.051000000000000004
5150.724303999999,0.02
5151.120304,0.081
5151.318303999999,0.019
5151.516304,0.055
5151.714304,0.014
5151.9123039999995,0.06
5152.110304,0.04
5152.308304,0.048
5152.506304,0.054
5152.704304,0.032
5152.902354,0.006
5153.100354,0.058
5153.298354,0.063
5153.496553999999,0.067
5153.694554,0.025
5153.892354,0.021
5154.090604,0.089
5154.288554,0.12
5154.486354,0.10400000000000001
5154.6845539999995,0.066
5154.882353999999,0.013000000000000001
5155.080354,0.038
5155.2785539999995,0.069
5155.4766039999995,0.047
5155.674604,0.014
5155.872604,0.059000000000000004
5156.0703539999995,0.041
5156.268604,0.092
5156.466754,0.01
5156.664604,0.019
5156.862604,0.049
5157.060603999999,0.045
5157.258604,0.05
5157.456604,0.023
5157.654804,0.039
5157.852653999999,0.032
5158.050654,0.025
5158.248654,0.023
5158.446604,0.073
5158.644804,0.14100000000000001
5158.842654,0.084
5159.040653999999,0.028
5159.238654,0.041
5159.436804,0.01
5159.634803999999,0.039
5159.832804,0.019
5160.030804,0.02
5160.228803999999,0.002
5160.427454,0.021
5160.624804,0.013000000000000001
5160.822803999999,0.008
5161.020804,0.05
5161.218804,0.005
5161.417054,0.05
5161.6148539999995,0.038
5161.812854,0.022
5162.010854,0.006
5162.2088539999995,0.008
5162.407053999999,0.053
5162.604854,0.007
5162.802854,0.079
5163.001004,0.063
5163.199004,0.031
5163.396854,0.021
5163.595754,0.064
5163.792853999999,0.075
5163.990903999999,0.053
5164.189004,0.025
5164.386853999999,0.046
5164.585104,0.006
5164.782854,0.044
5164.980853999999,0.047
5165.179004,0.045
5165.377254,0.019
5165.575104,0.031
5165.773104,0.026000000000000002
5165.971054,0.024
5166.169054,0.097
5166.367254,0.061
5166.565103999999,0.026000000000000002
5166.763754,0.043000000000000003
5166.961254,0.057
5167.159054,0.058
5167.357254,0.018000000000000002
5167.555254,0.036000000000000004
5167.753154,0.009000000000000001
5167.951153999999,0.033
5168.1497039999995,0.009000000000000001
5168.347304,0.01
5168.545304,0.068
5168.743304,0.058
5168.941304,0.008
5169.139303999999,0.025
5169.337054,0.039
5169.535304,0.005
5169.733303999999,0.025
5169.931954,0.045
5170.129304,0.088
5170.327104,0.01
5170.722554,0.026000000000000002
5171.118603999999,0.062
5171.316604,0.049
5171.514604,0.02
5171.712603999999,0.015
5171.910604,0.029
5172.108604,0.015
5172.306603999999,0.026000000000000002
5172.504604,0.018000000000000002
5172.702604,0.039
5172.9006039999995,0.057
5173.098604,0.025
5173.296604,0.034
5173.494854,0.027
5173.6926539999995,0.023
5173.890654,0.065
5174.088604,0.048
5174.286854,0.002
5174.484853999999,0.047
5174.682854,0.004
5174.880654,0.046
5175.078853999999,0.066
5175.276854,0.045
5175.474654,0.02
5175.672904,0.023
5175.870903999999,0.018000000000000002
5176.068654,0.02
5176.266904,0.045
5176.465053999999,0.036000000000000004
5176.662904,0.037
5176.860904,0.013000000000000001
5177.0586539999995,0.07
5177.256904,0.026000000000000002
5177.455054,0.046
5177.652904,0.022
5177.850904,0.024
5178.049054,0.029
5178.246904,0.018000000000000002
5178.445054,0.033
5178.643054,0.047
5178.840904,0.025
5179.039704,0.024
5179.236903999999,0.023
5179.435104,0.024
5179.633104,0.011
5179.831053999999,0.022
5180.029104,0.024
5180.227104,0.029
5180.425754,0.009000000000000001
5180.623103999999,0.065
5180.821104,0.047
5181.019104,0.053
5181.217103999999,0.05
5181.415354,0.034
5181.613104,0.061
5181.811154,0.045
5182.009254,0.009000000000000001
5182.207104,0.045
5182.4053539999995,0.045
5182.603104,0.039
5182.801104,0.039
5182.999253999999,0.05
5183.197254,0.053
5183.395353999999,0.043000000000000003
5183.594004,0.014
5183.791154,0.007
5183.989304,0.036000000000000004
5184.187304,0.023
5184.385404,0.035
5184.583353999999,0.054
5184.781153999999,0.028
5184.979404,0.033
5185.177304,0.023
5185.375504,0.054
5185.573404,0.074
5185.771404,0.073
5185.969304,0.051000000000000004
5186.167354,0.03
5186.365554,0.012
5186.5634039999995,0.04
5186.762054,0.011
5186.959554,0.005
5187.157303999999,0.04
5187.355554,0.047
5187.553554,0.07100000000000001
5187.751454,0.026000000000000002
5187.949554,0.07200000000000001
5188.148004,0.015
5188.345604,0.054
5188.5436039999995,0.057
5188.741604,0.031
5188.939604,0.04
5189.137554,0.044
5189.335604,0.02
5189.533604,0.037
5189.731604,0.048
5189.930254,0.037
5190.127603999999,0.028
5190.325604,0.024
5190.720854,0.062
5190.918854,0.032
5191.116854,0.06
5191.314904,0.044
5191.512904,0.03
5191.710904,0.058
5191.908853999999,0.021
5192.106854,0.007
5192.304854,0.021
5192.503103999999,0.025
5192.700903999999,0.025
5192.898904,0.045
5193.0971039999995,0.031
5193.294903999999,0.028
5193.493154,0.026000000000000002
5193.690904,0.016
5193.8889039999995,0.029
5194.087154,0.051000000000000004
5194.284904,0.023
5194.483154,0.019
5194.681154,0.026000000000000002
5194.878904,0.032
5195.077154,0.048
5195.275154,0.031
5195.473153999999,0.038
5195.671154,0.042
5195.868954,0.009000000000000001
5196.067153999999,0.012
5196.265304,0.032
5196.463304,0.042
5196.661153999999,0.035
5196.859154,0.049
5197.057154,0.023
5197.2551539999995,0.017
5197.454004,0.008
5197.651204,0.055
5197.849204,0.03
5198.047353999999,0.024
5198.245204,0.056
5198.443354,0.02
5198.641353999999,0.042
5198.839204,0.027
5199.037354,0.052000000000000005
5199.235204,0.031
5199.433354,0.038
5199.631404,0.02
5199.829404,0.045
5200.027354,0.036000000000000004
5200.225354,0.038
5200.423354,0.042
5200.622004,0.032
5200.819404,0.05
5201.017404,0.025
5201.215404,0.028
5201.413404,0.032
5201.611403999999,0.039
5201.809404,0.02
5202.007554,0.016
5202.205403999999,0.073
5202.403654,0.047
5202.601404,0.064
5202.799403999999,0.022
5202.997554,0.015
5203.195404,0.055
5203.3936539999995,0.009000000000000001
5203.591654,0.005
5203.790054,0.017
5203.987604,0.032
5204.185603999999,0.013000000000000001
5204.383654,0.008
5204.581654,0.027
5204.7794539999995,0.022
5204.977554,0.014
5205.176254,0.021
5205.373804,0.026000000000000002
5205.571704,0.034
5205.769703999999,0.056
5205.9676039999995,0.036000000000000004
5206.165604,0.043000000000000003
5206.363854,0.043000000000000003
5206.561704,0.058
5206.759704,0.045
5206.958254,0.046
5207.155604,0.041
5207.353854,0.033
5207.551853999999,0.045
5207.749704,0.021
5207.947854,0.031
5208.145654,0.009000000000000001
5208.344504,0.029
5208.541854,0.09
5208.739704,0.024
5208.937854,0.059000000000000004
5209.135854,0.036000000000000004
5209.3338539999995,0.032
5209.531854,0.047
5209.729904,0.026000000000000002
5209.927904,0.033
5210.1259039999995,0.043000000000000003
5210.521154,0.069
5210.719153999999,0.013000000000000001
5210.917154,0.022
5211.115154,0.028
5211.3131539999995,0.023
5211.511154,0.024
5211.709154,0.019
5211.9071539999995,0.015
5212.105154,0.05
5212.303154,0.018000000000000002
5212.501154,0.075
5212.699154,0.083
5212.897403999999,0.026000000000000002
5213.095404,0.033
5213.293204,0.058
5213.491403999999,0.011
5213.689203999999,0.064
5213.887204,0.028
5214.0854039999995,0.048
5214.283404,0.021
5214.481404,0.09
5214.6794039999995,0.091
5214.877203999999,0.044
5215.075404,0.014
5215.273604,0.024
5215.4714539999995,0.031
5215.669454,0.04
5215.867454,0.018000000000000002
5216.065454,0.068
5216.263454,0.018000000000000002
5216.461604,0.031
5216.659454,0.011
5216.857454,0.019
5217.055453999999,0.03
5217.253454,0.048
5217.4516539999995,0.029
5217.649504,0.068
5217.847454,0.026000000000000002
5218.045454,0.023
5218.243603999999,0.023
5218.441604,0.062
5218.639654,0.035
5218.837654,0.067
5219.035653999999,0.043000000000000003
5219.233504,0.04
5219.431654,0.042
5219.629653999999,0.044
5219.827504,0.022
5220.025654,0.088
5220.223653999999,0.018000000000000002
5220.421654,0.084
5220.619654,0.014
5220.818303999999,0.046
5221.015654,0.07200000000000001
5221.213904,0.093
5221.411704,0.061
5221.6097039999995,0.016
5221.807854,0.038
5222.005854,0.048
5222.204304,0.079
5222.401903999999,0.03
5222.599704,0.024
5222.797704,0.065
5222.995854,0.035
5223.193703999999,0.053
5223.391954,0.039
5223.589704,0.037
5223.787703999999,0.023
5223.9865039999995,0.063
5224.184104,0.061
5224.3819539999995,0.035
5224.579954,0.044
5224.777854,0.01
5224.975853999999,0.028
5225.173854,0.046
5225.371954,0.022
5225.569954,0.025
5225.767954,0.027
5225.965904,0.011
5226.163904,0.003
5226.362104,0.007
5226.559953999999,0.033
5226.757954,0.047
5226.9559039999995,0.068
5227.154104,0.02
5227.352104,0.013000000000000001
5227.550154,0.017
5227.748154,0.041
5227.946154,0.085
5228.143904,0.04
5228.342154,0.04
5228.540754,0.023
5228.738004,0.03
5228.936154,0.036000000000000004
5229.133903999999,0.031
5229.332154,0.043000000000000003
5229.530154,0.083
5229.728153999999,0.085
5229.926154,0.023
5230.321403999999,0.056
5230.717454,0.031
5230.915454,0.012
5231.113453999999,0.008
5231.311454,0.078
5231.509454,0.066
5231.707453999999,0.051000000000000004
5231.905654,0.032
5232.103454,0.098
5232.3014539999995,0.13
5232.499454,0.017
5232.697454,0.055
5232.895654,0.031
5233.093704,0.043000000000000003
5233.291704,0.047
5233.489704,0.008
5233.687454,0.042
5233.885703999999,0.033
5234.083704,0.05
5234.281454,0.016
5234.479703999999,0.018000000000000002
5234.677503999999,0.005
5234.875504,0.038
5235.073703999999,0.038
5235.271704,0.038
5235.469754,0.039
5235.6677039999995,0.027
5235.865503999999,0.059000000000000004
5236.063704,0.047
5236.261853999999,0.057
5236.4597539999995,0.039
5236.657754,0.028
5236.855904,0.002
5237.053754,0.041
5237.251754,0.004
5237.449904,0.03
5237.647754,0.019
5237.845904,0.082
5238.043753999999,0.028
5238.2419039999995,0.038
5238.439904,0.042
5238.637904,0.041
5238.835904,0.045
5239.0339539999995,0.021
5239.231954,0.054
5239.429954,0.05
5239.627954,0.063
5239.825954,0.015
5240.023953999999,0.025
5240.221754,0.046
5240.419954,0.05
5240.617953999999,0.013000000000000001
5240.816604,0.034
5241.013954,0.053
5241.211953999999,0.08
5241.409954,0.07
5241.607954,0.038
5241.8059539999995,0.06
5242.003954,0.083
5242.202854,0.111
5242.400204,0.008
5242.597954,0.078
5242.796104,0.079
5242.994103999999,0.043000000000000003
5243.1920039999995,0.017
5243.390203999999,0.09
5243.588004,0.01
5243.786004,0.079
5243.984754,0.047
5244.182154,0.092
5244.380204,0.051000000000000004
5244.5782039999995,0.045
5244.776154,0.061
5244.9741539999995,0.089
5245.172353999999,0.034
5245.370903999999,0.058
5245.568254,0.059000000000000004
5245.766154,0.093
5245.964153999999,0.035
5246.162154,0.059000000000000004
5246.360404,0.017
5246.558254,0.026000000000000002
5246.756254,0.07100000000000001
5246.954154,0.066
5247.152204,0.044
5247.350404,0.022
5247.548304,0.014
5247.746303999999,0.015
5247.9444539999995,0.042
5248.142454,0.021
5248.340404,0.033
5248.539054,0.051000000000000004
5248.736403999999,0.029
5248.934404,0.079
5249.132204,0.018000000000000002
5249.330454,0.052000000000000005
5249.528453999999,0.038
5249.7266039999995,0.063
5250.121704,0.041
5250.319704,0.062
5250.517704,0.068
5250.715704,0.028
5250.913754,0.032
5251.111704,0.049
5251.309703999999,0.031
5251.507704,0.014
5251.705704,0.016
5251.903953999999,0.052000000000000005
5252.101704,0.045
5252.299954,0.076
5252.497754,0.066
5252.695753999999,0.047
5252.893754,0.02
5253.091754,0.061
5253.289753999999,0.042
5253.488004,0.016
5253.685754,0.012
5253.883954,0.029
5254.081953999999,0.062
5254.280004,0.042
5254.478004,0.061
5254.675754,0.084
5254.874003999999,0.08
5255.072004,0.069
5255.270154,0.014
5255.468003999999,0.06
5255.666004,0.044
5255.864004,0.049
5256.062003999999,0.007
5256.260154,0.043000000000000003
5256.458004,0.034
5256.6560039999995,0.05
5256.854004,0.021
5257.052004,0.009000000000000001
5257.250204,0.038
5257.448203999999,0.006
5257.646054,0.058
5257.844803999999,0.075
5258.042004,0.06
5258.240204,0.032
5258.438204,0.027
5258.636054,0.08
5258.834204,0.032
5259.032204,0.049
5259.230904,0.094
5259.428204,0.061
5259.626204,0.058
5259.824204,0.047
5260.022204,0.028
5260.220204,0.024
5260.418204,0.025
5260.616254,0.02
5260.814354,0.024
5261.012904,0.011
5261.210454,0.022
5261.408254,0.047
5261.606253999999,0.033
5261.804454,0.041
5262.002254,0.048
5262.200454,0.035
5262.398904,0.047
5262.596254,0.01
5262.794404,0.008
5262.992404,0.038
5263.190504,0.058
5263.388504,0.079
5263.586254,0.012
5263.784404,0.015
5263.982403999999,0.008
5264.180504,0.034
5264.378503999999,0.014
5264.576504,0.047
5264.774453999999,0.032
5264.972454,0.032
5265.170654,0.036000000000000004
5265.368554,0.029
5265.567153999999,0.04
5265.764454,0.052000000000000005
5265.9624539999995,0.08
5266.160704,0.03
5266.358654,0.035
5266.556554,0.096
5266.754653999999,0.016
5266.952454,0.034
5267.150704,0.055
5267.348704,0.025
5267.546554,0.061
5267.744704,0.022
5267.942454,0.03
5268.1407039999995,0.009000000000000001
5268.338704,0.042
5268.536704,0.042
5268.7353539999995,0.046
5268.932704,0.04
5269.130704,0.036000000000000004
5269.328704,0.054
5269.723954,0.025
5270.120003999999,0.036000000000000004
5270.318004,0.022
5270.516004,0.067
5270.7140039999995,0.052000000000000005
5270.912004,0.007
5271.110004,0.031
5271.3080039999995,0.038
5271.506004,0.029
5271.704204,0.023
5271.902204,0.051000000000000004
5272.100004,0.016
5272.298253999999,0.044
5272.496054,0.047
5272.694054,0.038
5272.892253999999,0.032
5273.090053999999,0.014
5273.288254,0.025
5273.486003999999,0.008
5273.684254,0.044
5273.882254,0.014
5274.0802539999995,0.022
5274.278254,0.019
5274.476254,0.069
5274.674254,0.012
5274.8723039999995,0.02
5275.070304,0.07100000000000001
5275.268304,0.027
5275.466304,0.064
5275.664454,0.008
5275.862254,0.077
5276.060254,0.02
5276.258454,0.081
5276.456303999999,0.034
5276.654304,0.036000000000000004
5276.852304,0.015
5277.050303999999,0.05
5277.248454,0.033
5277.446454,0.015
5277.644453999999,0.016
5277.843104,0.05
5278.040304,0.07200000000000001
5278.238504,0.006
5278.436503999999,0.02
5278.634504,0.024
5278.832504,0.047
5279.0303539999995,0.04
5279.229154,0.045
5279.426504,0.014
5279.624654,0.079
5279.822504,0.052000000000000005
5280.020504,0.04
5280.2185039999995,0.037
5280.416504,0.04
5280.614654,0.057
5280.812554,0.057
5281.011154,0.042
5281.208753999999,0.041
5281.406504,0.053
5281.604703999999,0.055
5281.802654,0.079
5282.000554,0.013000000000000001
5282.198754,0.046
5282.397204,0.016
5282.594704,0.038
5282.7927039999995,0.018000000000000002
5282.990704,0.069
5283.188803999999,0.023
5283.386804,0.04
5283.584704,0.011
5283.782704,0.014
5283.980704,0.025
5284.178804,0.009000000000000001
5284.3768039999995,0.058
5284.574704,0.041
5284.772704,0.051000000000000004
5284.970703999999,0.025
5285.168954,0.019
5285.366803999999,0.032
5285.565603999999,0.027
5285.762753999999,0.059000000000000004
5285.960704,0.056
5286.1589539999995,0.042
5286.356804,0.041
5286.554954,0.02
5286.752954,0.127
5286.9507539999995,0.05
5287.149004,0.053
5287.347004,0.058
5287.545004,0.019
5287.743004,0.073
5287.940754,0.1
5288.139004,0.066
5288.337004,0.038
5288.535154,0.084
5288.733654,0.021
5288.931004,0.048
5289.129003999999,0.081
5289.327004,0.014
5289.722454,0.024
5289.920254,0.047
5290.118504,0.018000000000000002
5290.316304,0.111
5290.514303999999,0.03
5290.712304,0.034
5290.910304,0.026000000000000002
5291.108303999999,0.052000000000000005
5291.306254,0.023
5291.504304,0.07
5291.702504,0.051000000000000004
5291.900304,0.029
5292.098504,0.057
5292.296554,0.057
5292.494304,0.016
5292.692554,0.029
5292.890554,0.012
5293.088304,0.018000000000000002
5293.286553999999,0.07200000000000001
5293.484304,0.059000000000000004
5293.682554,0.056
5293.880553999999,0.069
5294.078554,0.028
5294.276554,0.05
5294.474553999999,0.043000000000000003
5294.672554,0.045
5294.870554,0.05
5295.068754,0.068
5295.266554,0.064
5295.464554,0.04
5295.662703999999,0.08
5295.860554,0.053
5296.058554,0.023
5296.257404,0.076
5296.454604,0.058
5296.652604,0.044
5296.850604,0.011
5297.0487539999995,0.018000000000000002
5297.246754,0.03
5297.444603999999,0.024
5297.6427539999995,0.021
5297.840754,0.033
5298.039404,0.046
5298.236754,0.058
5298.434754,0.08
5298.632804,0.018000000000000002
5298.830804,0.047
5299.028654,0.028
5299.226804,0.014
5299.425404,0.029
5299.622904,0.061
5299.820804,0.047
5300.018803999999,0.044
5300.216804,0.04
5300.414804,0.031
5300.612954,0.056
5300.810804,0.016
5301.009054,0.069
5301.2070539999995,0.08
5301.404804,0.08600000000000001
5301.602954,0.082
5301.800953999999,0.017
5301.998804,0.059000000000000004
5302.197054,0.03
5302.394854,0.051000000000000004
5302.593604,0.047
5302.791004,0.038
5302.988854,0.026000000000000002
5303.187054,0.032
5303.385053999999,0.029
5303.583004,0.055
5303.7810039999995,0.069
5303.979204,0.022
5304.177054,0.06
5304.375104,0.025
5304.572954,0.047
5304.771004,0.027
5304.969004,0.035
5305.167254,0.068
5305.3651039999995,0.031
5305.563254,0.076
5305.761654,0.044
5305.959003999999,0.041
5306.157254,0.037
5306.355104,0.013000000000000001
5306.5532539999995,0.068
5306.751254,0.009000000000000001
5306.949254,0.022
5307.1479039999995,0.033
5307.3453039999995,0.021
5307.543254,0.043000000000000003
5307.741254,0.076
5307.9390539999995,0.03
5308.137254,0.043000000000000003
5308.335254,0.018000000000000002
5308.533254,0.042
5308.731304,0.067
5308.930104,0.032
5309.127304,0.016
5309.522554,0.063
5309.7205539999995,0.07200000000000001
5309.918554,0.03
5310.116554,0.045
5310.314554,0.053
5310.512554,0.013000000000000001
5310.710803999999,0.04
5310.908554,0.035
5311.106804,0.053
5311.304553999999,0.031
5311.502554,0.04
5311.700804,0.131
5311.898604,0.032
5312.096603999999,0.04
5312.294804,0.019
5312.492604,0.036000000000000004
5312.690804,0.019
5312.888804,0.06
5313.086804,0.031
5313.284804,0.121
5313.482604,0.045
5313.680804,0.027
5313.878804,0.015
5314.077004,0.044
5314.274853999999,0.032
5314.472854,0.022
5314.670854,0.013000000000000001
5314.868853999999,0.052000000000000005
5315.0676539999995,0.041
5315.264854,0.05
5315.462853999999,0.07
5315.660854,0.035
5315.858854,0.043000000000000003
5316.057003999999,0.028
5316.255054,0.029
5316.452904,0.031
5316.651054,0.038
5316.8489039999995,0.015
5317.046904,0.03
5317.245054,0.046
5317.442854,0.039
5317.641054,0.031
5317.839054,0.01
5318.036904,0.025
5318.235054,0.02
5318.433054,0.082
5318.6310539999995,0.038
5318.829054,0.034
5319.027054,0.057
5319.225054,0.043000000000000003
5319.423054,0.038
5319.621854,0.045
5319.819054,0.018000000000000002
5320.017304,0.027
5320.215104,0.053
5320.413104,0.01
5320.6112539999995,0.056
5320.809104,0.07
5321.007103999999,0.019
5321.205104,0.045
5321.403104,0.024
5321.601254,0.033
5321.799254,0.08
5321.997354,0.021
5322.1953539999995,0.025
5322.393104,0.025
5322.591254,0.061
5322.789904,0.021
5322.987354,0.078
5323.185354,0.085
5323.383354,0.052000000000000005
5323.581254,0.046
5323.779254,0.015
5323.977253999999,0.033
5324.176004,0.034
5324.373353999999,0.08600000000000001
5324.571304,0.044
5324.7693039999995,0.051000000000000004
5324.967504,0.008
5325.165554,0.019
5325.363354,0.023
5325.561503999999,0.051000000000000004
5325.759304,0.007
5325.9579539999995,0.039
5326.155503999999,0.024
5326.3534039999995,0.077
5326.551554,0.023
5326.749304,0.068
5326.947553999999,0.082
5327.145554,0.043000000000000003
5327.344204,0.06
5327.541553999999,0.03
5327.739554,0.07100000000000001
5327.937554,0.043000000000000003
5328.1355539999995,0.027
5328.333554,0.041
5328.531554,0.03
5328.729554,0.046
5328.927753999999,0.048
5329.322803999999,0.03
5329.520853999999,0.035
5329.718854,0.028
5329.916854,0.014
5330.1148539999995,0.059000000000000004
5330.312854,0.008
5330.510854,0.032
5330.709104,0.074
5330.906854,0.047
5331.105054,0.042
5331.302854,0.016
5331.500854,0.042
5331.699054,0.046
5331.896854,0.043000000000000003
5332.094904,0.062
5332.292904,0.037
5332.490903999999,0.061
5332.689104,0.006
5332.887103999999,0.065
5333.085104,0.033
5333.283104,0.057
5333.480904,0.058
5333.679104,0.033
5333.877104,0.065
5334.075154,0.024
5334.2731539999995,0.073
5334.471154,0.04
5334.669154,0.051000000000000004
5334.867154,0.061
5335.065304,0.039
5335.263154,0.066
5335.461154,0.022
5335.659154,0.047
5335.857153999999,0.068
5336.0553039999995,0.039
5336.253304,0.07100000000000001
5336.451153999999,0.051000000000000004
5336.6499539999995,0.012
5336.847154,0.03
5337.045303999999,0.059000000000000004
5337.243304,0.052000000000000005
5337.441154,0.085
5337.639303999999,0.04
5337.837154,0.055
5338.035354,0.032
5338.233354,0.037
5338.431353999999,0.044
5338.629354,0.006
5338.827354,0.036000000000000004
5339.025353999999,0.054
5339.223354,0.059000000000000004
5339.421354,0.044
5339.6193539999995,0.055
5339.818004,0.048
5340.015354,0.013000000000000001
5340.213404,0.034
5340.4114039999995,0.009000000000000001
5340.609504,0.027
5340.807354,0.016
5341.005604,0.018000000000000002
5341.204004,0.038
5341.401404,0.025
5341.599504,0.053
5341.797504,0.045
5341.995604,0.023
5342.193654,0.083
5342.391404,0.008
5342.589554,0.052000000000000005
5342.787554,0.038
5342.9862539999995,0.08700000000000001
5343.183604,0.073
5343.381404,0.024
5343.579554,0.038
5343.777553999999,0.024
5343.975804,0.06
5344.173654,0.109
5344.3723039999995,0.062
5344.569603999999,0.033
5344.767604,0.083
5344.9658039999995,0.07200000000000001
5345.163654,0.033
5345.361653999999,0.056
5345.5595539999995,0.03
5345.757603999999,0.02
5345.955804,0.047
5346.153804,0.051000000000000004
5346.351704,0.107
5346.549854,0.1
5346.747604,0.047
5346.945854,0.049
5347.143854,0.016
5347.341853999999,0.042
5347.540454,0.019
5347.737854,0.013000000000000001
5347.935853999999,0.015
5348.133854,0.017
5348.331854,0.011
5348.529853999999,0.036000000000000004
5348.727854,0.065
5348.925854,0.092
5349.321104,0.048
5349.519104,0.033
5349.717154,0.075
5349.915153999999,0.084
5350.113154,0.025
5350.311154,0.033
5350.509104,0.006
5350.707104,0.044
5350.905154,0.02
5351.103354,0.052000000000000005
5351.301154,0.023
5351.499154,0.076
5351.697354,0.097
5351.895154,0.057
5352.093404,0.028
5352.291154,0.026000000000000002
5352.489154,0.017
5352.687403999999,0.023
5352.885404,0.029
5353.083353999999,0.003
5353.281403999999,0.008
5353.479204,0.059000000000000004
5353.677404,0.007
5353.875403999999,0.036000000000000004
5354.073453999999,0.049
5354.271404,0.035
5354.469204,0.07200000000000001
5354.667404,0.012
5354.865404,0.053
5355.063553999999,0.014
5355.261404,0.057
5355.459454,0.066
5355.657404,0.07200000000000001
5355.855454,0.11800000000000001
5356.053604,0.062
5356.251454,0.037
5356.449454,0.048
5356.647454,0.02
5356.845453999999,0.019
5357.0436039999995,0.034
5357.241604,0.035
5357.439453999999,0.032
5357.637604,0.06
5357.835454,0.015
5358.033654,0.013000000000000001
5358.232254,0.014
5358.429654,0.07
5358.627603999999,0.081
5358.825604,0.044
5359.023604,0.024
5359.221654,0.025
5359.419653999999,0.015
5359.617654,0.046
5359.815654,0.015
5360.014303999999,0.012
5360.211654,0.013000000000000001
5360.409654,0.025
5360.607803999999,0.05
5360.805654,0.019
5361.003904,0.054
5361.2016539999995,0.043000000000000003
5361.400304,0.024
5361.597804,0.045
5361.795704,0.026000000000000002
5361.993904,0.054
5362.191704,0.074
5362.389704,0.043000000000000003
5362.587853999999,0.026000000000000002
5362.785854,0.028
5362.983904,0.059000000000000004
5363.181904,0.058
5363.379704,0.07100000000000001
5363.577854,0.051000000000000004
5363.7758539999995,0.03
5363.973954,0.038
5364.1719539999995,0.046
5364.369954,0.066
5364.568504,0.041
5364.766103999999,0.073
5364.964104,0.065
5365.161954,0.028
5365.359954,0.082
5365.557854,0.016
5365.755854,0.038
5365.9541039999995,0.04
5366.152104,0.033
5366.350004,0.082
5366.5481039999995,0.064
5366.746104,0.011
5366.944104,0.082
5367.142104,0.089
5367.339954,0.03
5367.538104,0.031
5367.736754,0.022
5367.934154,0.024
5368.132154,0.074
5368.330153999999,0.018000000000000002
5368.725404,0.062
5369.1214039999995,0.02
5369.319404,0.03
5369.517404,0.011
5369.715404,0.005
5369.913404,0.031
5370.111403999999,0.024
5370.309404,0.03
5370.507404,0.064
5370.705403999999,0.032
5370.903404,0.006
5371.101454,0.061
5371.299454,0.024
5371.497453999999,0.066
5371.695654,0.042
5371.893704,0.027
5372.091654,0.038
5372.289454,0.023
5372.487654,0.026000000000000002
5372.685654,0.079
5372.883654,0.016
5373.081704,0.061
5373.279704,0.009000000000000001
5373.477454,0.026000000000000002
5373.675703999999,0.041
5373.8738539999995,0.033
5374.071704,0.058
5374.269703999999,0.034
5374.467454,0.052000000000000005
5374.665704,0.056
5374.863854,0.052000000000000005
5375.061854,0.009000000000000001
5375.259704,0.015
5375.457904,0.01
5375.655704,0.045
5375.853704,0.013000000000000001
5376.051904,0.07200000000000001
5376.2497539999995,0.069
5376.447704,0.039
5376.645704,0.029
5376.844553999999,0.017
5377.041904,0.01
5377.239904,0.07200000000000001
5377.437754,0.034
5377.635904,0.041
5377.833904,0.032
5378.0319039999995,0.029
5378.230554,0.042
5378.427904,0.074
5378.6259039999995,0.029
5378.823904,0.015
5379.021904,0.048
5379.219954,0.073
5379.417954,0.05
5379.615954,0.012
5379.814154,0.031
5380.012554,0.056
5380.209954,0.03
5380.408104,0.035
5380.6061039999995,0.044
5380.8041539999995,0.022
5381.002154,0.031
5381.199954,0.037
5381.398754,0.04
5381.596104,0.03
5381.794003999999,0.033
5381.992204,0.053
5382.1899539999995,0.07200000000000001
5382.387954,0.018000000000000002
5382.586104,0.028
5382.784103999999,0.045
5382.982204,0.047
5383.180203999999,0.038
5383.378004,0.024
5383.576153999999,0.015
5383.774354,0.054
5383.972253999999,0.028
5384.170254,0.014
5384.368404,0.043000000000000003
5384.5667539999995,0.055
5384.7641539999995,0.023
5384.962353999999,0.049
5385.160253999999,0.039
5385.358354,0.02
5385.556154,0.026000000000000002
5385.754154,0.035
5385.952404,0.011
5386.150254,0.057
5386.3482539999995,0.055
5386.546404,0.063
5386.744404,0.019
5386.942403999999,0.015
5387.140404,0.043000000000000003
5387.338404,0.074
5387.5364039999995,0.029
5387.734853999999,0.022
5387.932404,0.004
5388.130454,0.024
5388.328554,0.029
5388.723704,0.008
5389.119704,0.048
5389.317704,0.046
5389.5157039999995,0.002
5389.713704,0.032
5389.911954,0.043000000000000003
5390.1097039999995,0.028
5390.307704,0.026000000000000002
5390.505904,0.017
5390.703704,0.012
5390.901954,0.012
5391.099754,0.061
5391.297754,0.033
5391.495754,0.051000000000000004
5391.693754,0.07200000000000001
5391.891704,0.08
5392.089954,0.025
5392.287703999999,0.059000000000000004
5392.485753999999,0.047
5392.683954,0.079
5392.8819539999995,0.037
5393.079954,0.019
5393.277754,0.064
5393.476004,0.038
5393.6740039999995,0.02
5393.872004,0.084
5394.070004,0.018000000000000002
5394.267954,0.021
5394.465754,0.041
5394.663954,0.039
5394.862004,0.028
5395.060004,0.036000000000000004
5395.258003999999,0.055
5395.456004,0.01
5395.654004,0.039
5395.852154,0.018000000000000002
5396.050154,0.047
5396.248004,0.035
5396.446154,0.075
5396.644004,0.046
5396.842804,0.01
5397.040204,0.081
5397.2380539999995,0.025
5397.436054,0.005
5397.634204,0.044
5397.8320539999995,0.025
5398.030204,0.033
5398.228854,0.017
5398.426054,0.023
5398.624204,0.019
5398.822204,0.021
5399.0202039999995,0.02
5399.218204,0.047
5399.416354,0.012
5399.614254,0.015
5399.8122539999995,0.017
5400.010854,0.047
5400.208204,0.011
5400.406204,0.074
5400.604254,0.037
5400.802254,0.025
5401.000454,0.029
5401.198254,0.018000000000000002
5401.396904,0.046
5401.5944039999995,0.008
5401.792504,0.051000000000000004
5401.990503999999,0.03
5402.188254,0.042
5402.386404,0.037
5402.584404,0.026000000000000002
5402.782404,0.017
5402.980504,0.017
5403.1785039999995,0.029
5403.376303999999,0.039
5403.574454,0.085
5403.772653999999,0.036000000000000004
5403.970504,0.047
5404.168503999999,0.07200000000000001
5404.366403999999,0.049
5404.565054,0.047
5404.762654,0.07200000000000001
5404.9606539999995,0.024
5405.158554,0.062
5405.356654,0.029
5405.554454,0.108
5405.7524539999995,0.14200000000000002
5405.950704,0.034
5406.148553999999,0.052000000000000005
5406.346704,0.045
5406.544704,0.055
5406.742703999999,0.034
5406.940704,0.056
5407.138704,0.033
5407.336703999999,0.055
5407.534704,0.036000000000000004
5407.733354,0.02
5407.930703999999,0.058
5408.128704,0.026000000000000002
5408.326854,0.013000000000000001
5408.722004,0.025
5408.920004,0.039
5409.118004,0.024
5409.316003999999,0.047
5409.514004,0.029
5409.712004,0.023
5409.910204,0.077
5410.108004,0.023
5410.306004,0.041
5410.504204,0.013000000000000001
5410.702004,0.041
5410.900254,0.03
5411.0980039999995,0.068
5411.296004,0.025
5411.494254,0.044
5411.6920039999995,0.027
5411.890254,0.023
5412.088253999999,0.013000000000000001
5412.286004,0.033
5412.484254,0.024
5412.682253999999,0.022
5412.880254,0.033
5413.078254,0.013000000000000001
5413.276054,0.08700000000000001
5413.474254,0.048
5413.672254,0.04
5413.871054,0.04
5414.068254,0.026000000000000002
5414.266254,0.031
5414.4642539999995,0.037
5414.662254,0.05
5414.860454,0.007
5415.058304,0.028
5415.256304,0.031
5415.454304,0.017
5415.652304,0.004
5415.850453999999,0.048
5416.048454,0.048
5416.246303999999,0.029
5416.4444539999995,0.03
5416.642304,0.014
5416.840454,0.021
5417.0391039999995,0.014
5417.236354,0.021
5417.434504,0.058
5417.632504,0.021
5417.830454,0.021
5418.028453999999,0.011
5418.226504,0.028
5418.424504,0.057
5418.622504,0.037
5418.820654,0.028
5419.018504,0.023
5419.216504,0.029
5419.414654,0.056
5419.612504,0.105
5419.810754,0.06
5420.008503999999,0.058
5420.206504,0.027
5420.404654,0.034
5420.6025039999995,0.035
5420.800654,0.044
5420.998554,0.045
5421.196554,0.037
5421.394703999999,0.081
5421.593304,0.06
5421.790754,0.016
5421.988754,0.042
5422.186554,0.033
5422.3846539999995,0.021
5422.5827039999995,0.031
5422.780804,0.063
5422.978803999999,0.025
5423.176804,0.026000000000000002
5423.374704,0.012
5423.572704,0.033
5423.770954,0.05
5423.968804,0.026000000000000002
5424.1668039999995,0.005
5424.364704,0.11800000000000001
5424.562954,0.005
5424.761603999999,0.049
5424.958954,0.033
5425.156804,0.009000000000000001
5425.354953999999,0.031
5425.552954,0.057
5425.751004,0.057
5425.9489539999995,0.016
5426.147454,0.017
5426.344954,0.033
5426.542954,0.013000000000000001
5426.740954,0.042
5426.939004,0.004
5427.137004,0.008
5427.335004,0.032
5427.533154,0.07200000000000001
5427.731003999999,0.003
5427.929654,0.025
5428.127004,0.044
5428.5222539999995,0.017
5428.720504,0.023
5428.918254,0.024
5429.116254,0.012
5429.314254,0.033
5429.512253999999,0.023
5429.710504,0.016
5429.908254,0.023
5430.106304,0.031
5430.304303999999,0.059000000000000004
5430.502504,0.013000000000000001
5430.7005039999995,0.089
5430.898553999999,0.059000000000000004
5431.096304,0.012
5431.294304,0.021
5431.492504,0.029
5431.690504,0.005
5431.888504,0.106
5432.0863039999995,0.069
5432.284304,0.042
5432.482554,0.029
5432.680703999999,0.042
5432.878554,0.068
5433.076553999999,0.046
5433.274304,0.011
5433.472554,0.06
5433.670704,0.033
5433.868554,0.024
5434.066554,0.068
5434.264553999999,0.016
5434.462554,0.029
5434.6607539999995,0.042
5434.858754,0.073
5435.056603999999,0.067
5435.254604,0.074
5435.452604,0.057
5435.650753999999,0.048
5435.848754,0.048
5436.046754,0.048
5436.2446039999995,0.019
5436.442754,0.048
5436.640754,0.049
5436.838753999999,0.02
5437.036754,0.037
5437.234603999999,0.035
5437.4327539999995,0.046
5437.630754,0.023
5437.828904,0.08600000000000001
5438.0267539999995,0.021
5438.2248039999995,0.025
5438.422804,0.049
5438.621654,0.012
5438.818804,0.054
5439.016804,0.033
5439.214804,0.05
5439.412804,0.045
5439.611003999999,0.008
5439.809004,0.014
5440.006804,0.01
5440.204954,0.028
5440.402954,0.03
5440.601054,0.038
5440.799054,0.021
5440.996854,0.053
5441.194804,0.042
5441.392954,0.044
5441.591203999999,0.049
5441.789704,0.041
5441.987054,0.038
5442.184854,0.033
5442.382954,0.053
5442.581204,0.017
5442.779104,0.041
5442.977104,0.005
5443.175654,0.048
5443.373004,0.022
5443.5712539999995,0.082
5443.769254,0.056
5443.967103999999,0.036000000000000004
5444.165104,0.01
5444.363004,0.041
5444.561254,0.028
5444.759254,0.022
5444.957754,0.025
5445.1551039999995,0.015
5445.353254,0.023
5445.551254,0.081
5445.749253999999,0.025
5445.947254,0.03
5446.145254,0.032
5446.343903999999,0.033
5446.541254,0.015
5446.739254,0.067
5446.9372539999995,0.058
5447.135303999999,0.02
5447.333304,0.016
5447.531454,0.042
5447.7293039999995,0.059000000000000004
5447.927304,0.019
5448.322553999999,0.037
5448.520554,0.062
5448.718554,0.021
5448.916553999999,0.049
5449.114554,0.032
5449.312754,0.017
5449.5105539999995,0.058
5449.708804,0.012
5449.906554,0.011
5450.104604,0.031
5450.3026039999995,0.037
5450.500604,0.026000000000000002
5450.698804,0.057
5450.896804,0.055
5451.094553999999,0.009000000000000001
5451.292804,0.05
5451.490804,0.061
5451.688803999999,0.066
5451.886804,0.027
5452.084604,0.07200000000000001
5452.2828039999995,0.025
5452.480853999999,0.016
5452.679004,0.037
5452.876854,0.067
5453.0748539999995,0.04
5453.272604,0.034
5453.470854,0.065
5453.669003999999,0.004
5453.866854,0.015
5454.064854,0.036000000000000004
5454.262654,0.058
5454.460854,0.03
5454.659054,0.035
5454.857054,0.07
5455.054854,0.05
5455.252853999999,0.025
5455.450854,0.016
5455.6497039999995,0.022
5455.847054,0.042
5456.044903999999,0.007
5456.242904,0.01
5456.441054,0.047
5456.639053999999,0.067
5456.837054,0.065
5457.035054,0.014
5457.2329039999995,0.011
5457.431054,0.018000000000000002
5457.629054,0.051000000000000004
5457.827053999999,0.055
5458.025054,0.043000000000000003
5458.223204,0.033
5458.421104,0.093
5458.619304,0.021
5458.817704,0.07
5459.015104,0.004
5459.213054,0.064
5459.411054,0.007
5459.609304,0.017
5459.8071039999995,0.042
5460.005104,0.042
5460.204004,0.07
5460.401253999999,0.035
5460.599354,0.041
5460.797353999999,0.06
5460.995104,0.028
5461.193254,0.048
5461.391254,0.026000000000000002
5461.589354,0.021
5461.787354,0.019
5461.986003999999,0.058
5462.183153999999,0.048
5462.381254,0.08
5462.579503999999,0.074
5462.777354,0.061
5462.975354,0.063
5463.173154,0.047
5463.371904,0.02
5463.569504,0.017
5463.7675039999995,0.029
5463.965354,0.034
5464.163504,0.041
5464.361304,0.064
5464.5595539999995,0.016
5464.757554,0.033
5464.955403999999,0.092
5465.153404,0.015
5465.351304,0.054
5465.549554,0.045
5465.747554,0.022
5465.945554,0.025
5466.143553999999,0.059000000000000004
5466.341554,0.068
5466.540204,0.01
5466.737553999999,0.005
5466.935554,0.043000000000000003
5467.133604,0.033
5467.331553999999,0.019
5467.529704,0.028
5467.727554,0.034
5468.122854,0.025
5468.320854,0.025
5468.518854,0.029
5468.716853999999,0.036000000000000004
5468.914854,0.04
5469.112854,0.053
5469.310853999999,0.034
5469.508854,0.017
5469.707104,0.025
5469.904853999999,0.063
5470.102854,0.045
5470.301104,0.017
5470.4988539999995,0.041
5470.697104,0.042
5470.894854,0.066
5471.0928539999995,0.052000000000000005
5471.290854,0.063
5471.489103999999,0.051000000000000004
5471.687104,0.091
5471.885104,0.035
5472.082904,0.013000000000000001
5472.280904,0.056
5472.479154,0.041
5472.677103999999,0.019
5472.875104,0.042
5473.073104,0.058
5473.2711039999995,0.041
5473.469104,0.022
5473.667304,0.07200000000000001
5473.865154,0.024
5474.0631539999995,0.029
5474.260953999999,0.036000000000000004
5474.459154,0.161
5474.657303999999,0.112
5474.855304,0.022
5475.053154,0.061
5475.251154,0.042
5475.449154,0.11900000000000001
5475.647304,0.037
5475.846004,0.064
5476.043204,0.064
5476.241354,0.036000000000000004
5476.439203999999,0.033
5476.6373539999995,0.038
5476.835354,0.057
5477.033354,0.036000000000000004
5477.231204,0.091
5477.429354,0.081
5477.627354,0.05
5477.825354,0.07
5478.023354,0.034
5478.2212039999995,0.044
5478.419354,0.057
5478.617604,0.047
5478.815353999999,0.034
5479.014004,0.043000000000000003
5479.211504,0.055
5479.409404,0.027
5479.607604,0.037
5479.805404,0.116
5480.003404,0.028
5480.2014039999995,0.044
5480.400204,0.036000000000000004
5480.597654,0.033
5480.795604,0.054
5480.993404,0.005
5481.191554,0.019
5481.389553999999,0.017
5481.587654,0.034
5481.785653999999,0.088
5481.983454,0.042
5482.181554,0.034
5482.379554,0.132
5482.577804,0.039
5482.775654,0.079
5482.973653999999,0.045
5483.171554,0.051000000000000004
5483.369554,0.039
5483.568454,0.022
5483.765654,0.075
5483.963654,0.009000000000000001
5484.161803999999,0.061
5484.3597039999995,0.065
5484.557854,0.064
5484.755854,0.059000000000000004
5484.953654,0.057
5485.151804,0.056
5485.349604,0.094
5485.547804,0.058
5485.745854,0.042
5485.943854,0.064
5486.1418539999995,0.029
5486.339854,0.135
5486.537854,0.006
5486.7365039999995,0.075
5486.933854,0.066
5487.131854,0.039
5487.329854,0.013000000000000001
5487.725154,0.014
5488.121104,0.073
5488.319104,0.112
5488.517104,0.077
5488.715104,0.108
5488.913154,0.024
5489.111154,0.022
5489.309354,0.061
5489.507154,0.019
5489.705403999999,0.018000000000000002
5489.903154,0.007
5490.101154,0.034
5490.299403999999,0.067
5490.497154,0.033
5490.6953539999995,0.046
5490.893153999999,0.01
5491.091154,0.022
5491.289404,0.003
5491.4874039999995,0.036000000000000004
5491.685404,0.018000000000000002
5491.883404,0.052000000000000005
5492.081204,0.023
5492.279404,0.042
5492.477404,0.089
5492.675404,0.05
5492.873404,0.02
5493.071204,0.02
5493.269404,0.032
5493.467404,0.013000000000000001
5493.665604,0.043000000000000003
5493.863453999999,0.047
5494.061454,0.081
5494.259454,0.038
5494.457453999999,0.062
5494.655604,0.115
5494.853454,0.04
5495.0514539999995,0.091
5495.249604,0.035
5495.447454,0.031
5495.645603999999,0.049
5495.844254,0.015
5496.041454,0.023
5496.239603999999,0.04
5496.437454,0.081
5496.635604,0.035
5496.8336039999995,0.022
5497.031653999999,0.02
5497.230304,0.037
5497.427654,0.099
5497.6256539999995,0.02
5497.823654,0.01
5498.021654,0.033
5498.2196539999995,0.034
5498.417654,0.055
5498.615654,0.101
5498.813654,0.07
5499.012304,0.018000000000000002
5499.209804,0.028
5499.407654,0.078
5499.605904,0.08600000000000001
5499.803704,0.029
5500.001703999999,0.098
5500.1998539999995,0.085
5500.398303999999,0.009000000000000001
5500.595904,0.049
5500.793904,0.065
5500.991704,0.062
5501.189854,0.027
5501.387854,0.019
5501.585954,0.026000000000000002
5501.7839539999995,0.038
5501.981704,0.048
5502.179854,0.068
5502.377853999999,0.017
5502.576104,0.007
5502.773953999999,0.004
5502.971954,0.019
5503.169854,0.023
5503.367854,0.028
5503.5667539999995,0.037
5503.763954,0.06
5503.962004,0.005
5504.159904,0.057
5504.3579039999995,0.034
5504.556103999999,0.059000000000000004
5504.754104,0.047
5504.951954,0.025
5505.150103999999,0.067
5505.347904,0.065
5505.546104,0.074
5505.744154,0.007
5505.9420039999995,0.04
5506.140154,0.067
5506.338154,0.017
5506.536153999999,0.057
5506.734754,0.047
5506.932154,0.014
5507.1301539999995,0.006
5507.328154,0.032
5507.723403999999,0.063
5508.119404,0.015
5508.317403999999,0.022
5508.515654,0.027
5508.713404,0.089
5508.911454,0.034
5509.1094539999995,0.039
5509.307454,0.055
5509.505454,0.019
5509.7034539999995,0.001
5509.901454,0.02
5510.099454,0.053
5510.297654,0.058
5510.495454,0.012
5510.693654,0.041
5510.891454,0.032
5511.089454,0.01
5511.287703999999,0.033
5511.485454,0.025
5511.683704,0.026000000000000002
5511.881703999999,0.021
5512.079454,0.039
5512.277704,0.028
5512.4757039999995,0.066
5512.673704,0.029
5512.871704,0.08700000000000001
5513.069504,0.01
5513.267704,0.012
5513.465904,0.027
5513.663904,0.044
5513.861704,0.025
5514.059703999999,0.092
5514.257704,0.033
5514.455704,0.026000000000000002
5514.653904,0.016
5514.851753999999,0.025
5515.049754,0.028
5515.247754,0.07200000000000001
5515.445753999999,0.024
5515.643904,0.015
5515.842554,0.057
5516.039753999999,0.048
5516.237904,0.08
5516.435904,0.05
5516.633903999999,0.028
5516.831904,0.054
5517.029954,0.032
5517.228604,0.041
5517.425953999999,0.047
5517.623954,0.03
5517.821954,0.029
5518.019953999999,0.085
5518.217954,0.066
5518.415954,0.067
5518.6139539999995,0.028
5518.811954,0.036000000000000004
5519.010604,0.078
5519.208103999999,0.029
5519.406204,0.014
5519.604203999999,0.042
5519.801954,0.014
5520.000104,0.035
5520.198104,0.027
5520.396604,0.034
5520.594204,0.059000000000000004
5520.792004,0.062
5520.990003999999,0.08600000000000001
5521.1881539999995,0.043000000000000003
5521.386154,0.013000000000000001
5521.584253999999,0.044
5521.782254,0.032
5521.980004,0.049
5522.178154,0.10200000000000001
5522.376354,0.03
5522.574204,0.032
5522.7722539999995,0.078
5522.970354,0.028
5523.168154,0.04
5523.366153999999,0.061
5523.565054,0.007
5523.762253999999,0.031
5523.960254,0.012
5524.158154,0.038
5524.356154,0.046
5524.5544039999995,0.03
5524.752404,0.015
5524.950253999999,0.025
5525.148404,0.03
5525.346404,0.025
5525.544403999999,0.111
5525.742454,0.101
5525.940454,0.01
5526.138454,0.004
5526.336204,0.039
5526.534404,0.015
5526.733053999999,0.02
5526.930453999999,0.07100000000000001
5527.128454,0.043000000000000003
5527.326454,0.033
5527.721704,0.031
5527.919704,0.033
5528.117703999999,0.029
5528.315704,0.055
5528.513954,0.018000000000000002
5528.711754,0.047
5528.909753999999,0.056
5529.107954,0.041
5529.305754,0.015
5529.503704,0.062
5529.701704,0.009000000000000001
5529.899754,0.031
5530.097753999999,0.036000000000000004
5530.295954,0.076
5530.493754,0.04
5530.6920039999995,0.031
5530.889754,0.019
5531.087754,0.013000000000000001
5531.286004,0.052000000000000005
5531.484004,0.019
5531.682003999999,0.013000000000000001
5531.879754,0.025
5532.077953999999,0.08600000000000001
5532.276003999999,0.084
5532.4741539999995,0.002
5532.672004,0.058
5532.870003999999,0.003
5533.068004,0.021
5533.266004,0.033
5533.4640039999995,0.025
5533.662004,0.012
5533.860004,0.033
5534.0580039999995,0.039
5534.256004,0.024
5534.454204,0.026000000000000002
5534.652204,0.017
5534.850054,0.014
5535.048204,0.034
5535.246054,0.039
5535.444203999999,0.012
5535.642204,0.07200000000000001
5535.840204,0.062
5536.038054,0.07200000000000001
5536.236204,0.028
5536.434053999999,0.007
5536.632204,0.023
5536.8302539999995,0.021
5537.028104,0.06
5537.226254,0.085
5537.424854,0.063
5537.622203999999,0.011
5537.820204,0.082
5538.018354,0.07
5538.216254,0.008
5538.414253999999,0.029
5538.612254,0.042
5538.810254,0.07200000000000001
5539.008253999999,0.023
5539.206254,0.046
5539.404504,0.059000000000000004
5539.6025039999995,0.031
5539.800254,0.025
5539.998254,0.013000000000000001
5540.196403999999,0.014
5540.394504,0.10300000000000001
5540.593154,0.07
5540.790304,0.017
5540.988453999999,0.046
5541.186454,0.035
5541.384454,0.032
5541.582504,0.026000000000000002
5541.780503999999,0.034
5541.9784039999995,0.049
5542.176404,0.037
5542.374454,0.011
5542.572553999999,0.042
5542.770554,0.036000000000000004
5542.968304,0.047
5543.166454,0.002
5543.364704,0.036000000000000004
5543.562704,0.007
5543.761154,0.036000000000000004
5543.958704,0.029
5544.156454,0.068
5544.354453999999,0.044
5544.552704,0.073
5544.750554,0.005
5544.948703999999,0.057
5545.147354,0.045
5545.344504,0.032
5545.5427039999995,0.01
5545.740704,0.059000000000000004
5545.938553999999,0.047
5546.136704,0.058
5546.334704,0.074
5546.532704,0.041
5546.730754,0.014
5546.929504,0.038
5547.126754,0.011
5547.5220039999995,0.017
5547.720004,0.057
5547.918004,0.02
5548.1160039999995,0.008
5548.314004,0.018000000000000002
5548.512004,0.01
5548.710004,0.009000000000000001
5548.908004,0.003
5549.106253999999,0.034
5549.304004,0.059000000000000004
5549.502254,0.026000000000000002
5549.700003999999,0.003
5549.898053999999,0.003
5550.096254,0.037
5550.294054,0.091
5550.492053999999,0.051000000000000004
5550.690304,0.07100000000000001
5550.888054,0.057
5551.086254,0.07100000000000001
5551.284254,0.023
5551.482054,0.014
5551.680254,0.019
5551.878054,0.057
5552.076054,0.05
5552.274304,0.04
5552.472454,0.045
5552.670303999999,0.074
5552.868304,0.052000000000000005
5553.066304,0.033
5553.264303999999,0.08
5553.462304,0.046
5553.660304,0.023
5553.858303999999,0.025
5554.056103999999,0.055
5554.254304,0.042
5554.4523039999995,0.064
5554.650504,0.037
5554.848354,0.017
5555.046354,0.008
5555.244304,0.047
5555.442504,0.045
5555.640504,0.03
5555.8383539999995,0.045
5556.036504,0.052000000000000005
5556.234504,0.05
5556.432503999999,0.009000000000000001
5556.630504,0.014
5556.828504,0.069
5557.0265039999995,0.064
5557.224504,0.051000000000000004
5557.422504,0.017
5557.6211539999995,0.011
5557.818504,0.047
5558.016654,0.035
5558.214554,0.043000000000000003
5558.412754,0.064
5558.610554,0.021
5558.808554,0.04
5559.006703999999,0.023
5559.204554,0.034
5559.402754,0.024
5559.600754,0.023
5559.798554,0.057
5559.996704,0.038
5560.194704,0.036000000000000004
5560.392804,0.024
5560.5908039999995,0.032
5560.789204,0.019
5560.986704,0.044
5561.184703999999,0.059000000000000004
5561.382804,0.007
5561.580804,0.043000000000000003
5561.778804,0.043000000000000003
5561.976704,0.032
5562.175354,0.004
5562.3729539999995,0.03
5562.570854,0.037
5562.768854,0.06
5562.966754,0.064
5563.164753999999,0.01
5563.363004,0.029
5563.560954,0.016
5563.758854,0.053
5563.957604,0.043000000000000003
5564.154754,0.035
5564.353004,0.037
5564.551004,0.048
5564.7488539999995,0.006
5564.947004,0.023
5565.144804,0.027
5565.343653999999,0.037
5565.541004,0.125
5565.739004,0.094
5565.937003999999,0.06
5566.135004,0.021
5566.333004,0.038
5566.531054,0.037
5566.729053999999,0.01
5566.927054,0.005
5567.322303999999,0.062
5567.520304,0.05
5567.718304,0.017
5567.916303999999,0.014
5568.114304,0.035
5568.312304,0.056
5568.510303999999,0.059000000000000004
5568.708304,0.052000000000000005
5568.906304,0.019
5569.104504,0.034
5569.302304,0.034
5569.500554,0.092
5569.698354,0.037
5569.8963539999995,0.032
5570.094553999999,0.04
5570.292354,0.042
5570.490554,0.028
5570.688553999999,0.009000000000000001
5570.886353999999,0.039
5571.084554,0.012
5571.282553999999,0.032
5571.480554,0.039
5571.678604,0.04
5571.876354,0.025
5572.074603999999,0.006
5572.272604,0.046
5572.470604,0.014
5572.6686039999995,0.041
5572.866604,0.026000000000000002
5573.064604,0.023
5573.262604,0.037
5573.460754,0.032
5573.658604,0.031
5573.856604,0.024
5574.054604,0.038
5574.252603999999,0.004
5574.450804,0.023
5574.649404,0.03
5574.846603999999,0.075
5575.044754,0.05
5575.242604,0.034
5575.440804,0.03
5575.638804,0.005
5575.836654,0.157
5576.034804,0.105
5576.2326539999995,0.047
5576.430804,0.052000000000000005
5576.628804,0.183
5576.828104,0.031
5577.024804,0.048
5577.222804,0.063
5577.420803999999,0.069
5577.618804,0.074
5577.816854,0.024
5578.014854,0.041
5578.212853999999,0.049
5578.411054,0.056
5578.608854,0.03
5578.806804,0.046
5579.006604,0.047
5579.202854,0.092
5579.401054,0.076
5579.598854,0.131
5579.796904,0.019
5579.995003999999,0.153
5580.193004,0.028
5580.391103999999,0.17
5580.589104,0.083
5580.786854,0.042
5580.985004,0.045
5581.1830039999995,0.048
5581.381104,0.14100000000000001
5581.580054,0.004
5581.776903999999,0.032
5581.975054,0.083
5582.173054,0.166
5582.371254,0.074
5582.569104,0.11800000000000001
5582.767104,0.25
5582.965053999999,0.048
5583.163054,0.202
5583.3612539999995,0.186
5583.559154,0.218
5583.759254,0.385
5583.955304,0.456
5584.153053999999,0.456
5584.351304,0.327
5584.549304,0.196
5584.7473039999995,0.09
5584.945304,0.018000000000000002
5585.145154,0.219
5585.341304,0.171
5585.539304,0.048
5585.737303999999,0.116
5585.935304,0.158
5586.133304,0.055
5586.331354,0.068
5586.529353999999,0.084
5586.727354,0.146
5586.927454,0.083
5587.320604,0.106
5587.716604,0.07
5587.914804,0.049
5588.112604,0.061
5588.310603999999,0.069
5588.508604,0.034
5588.706604,0.013000000000000001
5588.904603999999,0.16
5589.102604,0.11900000000000001
5589.300604,0.049
5589.4988539999995,0.019
5589.696604,0.059000000000000004
5589.894604,0.091
5590.0928539999995,0.116
5590.290604,0.11900000000000001
5590.488854,0.051000000000000004
5590.686654,0.039
5590.8846539999995,0.079
5591.082853999999,0.091
5591.280854,0.023
5591.478904,0.062
5591.676904,0.149
5591.874654,0.17
5592.072904,0.20800000000000002
5592.271054,0.192
5592.468854,0.432
5592.666904,0.231
5592.864654,0.158
5593.062903999999,0.059000000000000004
5593.260904,0.069
5593.459104,0.054
5593.6569039999995,0.155
5593.854904,0.14
5594.052904,0.105
5594.2509039999995,0.028
5594.449103999999,0.028
5594.646904,0.088
5594.844904,0.147
5595.043103999999,0.159
5595.240954,0.026000000000000002
5595.439203999999,0.045
5595.637103999999,0.05
5595.836254,0.048
5596.033104,0.089
5596.230954,0.07100000000000001
5596.429104,0.036000000000000004
5596.627104,0.007
5596.826803999999,0.009000000000000001
5597.023104,0.264
5597.221154,0.467
5597.420854,0.604
5597.617154,0.87
5597.815103999999,1.113
5598.013104,1.463
5598.211104,1.744
5598.411054,2.0060000000000002
5598.607153999999,2.0060000000000002
5598.805154,2.206
5599.003304,2.8770000000000002
5599.201153999999,2.896
5599.401104,3.1310000000000002
5599.597154,3.225
5599.7951539999995,3.208
5599.993304,3.356
5600.191154,3.595
5600.389404,3.532
5600.587404,3.594
5600.785154,3.8360000000000003
5600.983303999999,3.708
5601.181304,3.9
5601.379403999999,3.624
5601.577404,3.62
5601.775204,3.938
5601.973354,3.924
5602.171554,4.247
5602.369554,4.23
5602.567403999999,4.085
5602.765554,4.258
5602.9633539999995,4.226
5603.161604,4.434
5603.359603999999,4.623
5603.557454,4.563
5603.755454,4.5200000000000005
5603.953603999999,4.514
5604.151354,4.643
5604.349604,4.562
5604.547603999999,4.4430000000000005
5604.745454,4.483
5604.943604,4.295
5605.1416039999995,4.3870000000000005
5605.339604,4.113
5605.537604,4.303
5605.7356039999995,4.0200000000000005
5605.933604,4.065
5606.131604,3.956
5606.329604,3.814
5606.527604,3.521
5606.725603999999,3.4130000000000003
5607.120903999999,3.2
5607.318904,2.791
5607.516904,2.86
5607.7149039999995,2.568
5607.912904,2.609
5608.110904,2.5420000000000003
5608.310754,1.984
5608.506904,2.141
5608.704904,1.124
5608.903154,0.671
5609.100904,0.378
5609.298903999999,1.154
5609.496904,1.1480000000000001
5609.694904,1.369
5609.892903999999,1.6360000000000001
5610.091754,1.545
5610.288954,1.539
5610.487254,1.7
5610.684953999999,2.049
5610.884504,1.947
5611.0811539999995,2.484
5611.279154,2.416
5611.477154,2.479
5611.675154,3.033
5611.8747539999995,3.657
5612.071153999999,3.544
5612.269154,3.646
5612.467204,3.992
5612.665204,4.033
5612.864754,4.0280000000000005
5613.061204,4.458
5613.259204,4.698
5613.457354,4.886
5613.655204,5.039
5613.853454,5.058
5614.051203999999,5.196
5614.251053999999,5.287
5614.447354,5.204
5614.645254,5.189
5614.843404,5.229
5615.041204,5.245
5615.239254,5.245
5615.437403999999,5.402
5615.635404,5.2250000000000005
5615.833204,5.139
5616.031403999999,5.1370000000000005
5616.229203999999,5.046
5616.427404,5.149
5616.626654,5.283
5616.823254,5.439
5617.023104,5.553
5617.2194039999995,5.566
5617.417404,5.5280000000000005
5617.615404,5.434
5617.813553999999,5.277
5618.011404,5.277
5618.209653999999,5.17
5618.407454,5.215
5618.605454,5.174
5618.803554,5.016
5619.001604,5.07
5619.199454,5.09
5619.397653999999,5.015
5619.596154,5.01
5619.793454,5.025
5619.993254,5.0600000000000005
5620.189703999999,4.968
5620.387704,4.981
5620.585454,4.953
5620.783604,5.062
5620.981604,5.05
5621.179654,5.11
5621.3777039999995,5.202
5621.575704,5.165
5621.773454,5.2010000000000005
5621.971603999999,5.215
5622.169854,5.16
5622.367703999999,5.033
5622.565704,5.176
5622.763854,5.235
5622.961654,5.398
5623.159904,5.3
5623.357854,5.109
5623.555754,5.229
5623.753904,5.187
5623.9516539999995,5.221
5624.149654,5.214
5624.347854,5.202
5624.545904,5.199
5624.743754,5.234
5624.941903999999,5.242
5625.139704,5.36
5625.337904,5.507
5625.535903999999,5.396
5625.733754,5.412
5625.931904,5.524
5626.129903999999,5.533
5626.327904,5.469
5626.723204,5.603
5627.120754,5.837
5627.317153999999,5.615
5627.515154,5.791
5627.713204,5.8180000000000005
5627.911204,5.817
5628.109203999999,5.835
5628.307404,5.658
5628.505204,5.905
5628.7032039999995,5.824
5628.901454,5.752
5629.099204,5.7410000000000005
5629.297404,5.679
5629.495204,5.638
5629.693204,5.607
5629.891454,5.788
5630.089454,5.572
5630.287453999999,5.578
5630.485454,5.6850000000000005
5630.683254,5.66
5630.881453999999,5.952
5631.079454,5.769
5631.277454,6.362
5631.475453999999,6.511
5631.673253999999,6.311
5631.871454,6.321
5632.070854,6.319
5632.267653999999,6.417
5632.465504,6.679
5632.663504,6.464
5632.8615039999995,6.558
5633.059504,6.634
5633.257654,6.827
5633.455504,6.708
5633.653504,6.891
5633.851503999999,6.914
5634.049504,6.8420000000000005
5634.247654,6.947
5634.445654,7.023000000000001
5634.643504,6.998
5634.841654,6.784
5635.039503999999,6.76
5635.237654,6.769
5635.435654,6.848
5635.633653999999,6.7700000000000005
5635.833404,6.7700000000000005
5636.029704,6.869
5636.227704,7.038
5636.426554,6.957
5636.623704,7.046
5636.821704,7.048
5637.019703999999,6.962
5637.217704,7.025
5637.415704,7.064
5637.613703999999,6.979
5637.811854,7.103
5638.009704,7.056
5638.2079539999995,6.934
5638.405753999999,7.008
5638.603754,6.855
5638.801904,6.664
5638.9997539999995,6.707
5639.197953999999,6.658
5639.395954,6.6000000000000005
5639.5937539999995,6.494
5639.791854,6.301
5639.989904,6.2860000000000005
5640.188004,6.176
5640.387654,5.791
5640.583753999999,5.9750000000000005
5640.7819039999995,5.926
5640.979904,5.782
5641.178154,5.5840000000000005
5641.376404,5.564
5641.574004,5.354
5641.771904,5.44
5641.969904,5.397
5642.168154,4.8870000000000005
5642.3660039999995,5.0680000000000005
5642.564004,4.974
5642.761954,5.236
5642.959954,5.312
5643.158154,5.246
5643.356854,5.123
5643.554004,5.08
5643.752154,5.305
5643.949954,5.136
5644.1481539999995,4.963
5644.347604,5.697
5644.544054,6.196
5644.742204,6.141
5644.9402039999995,6.158
5645.138204,6.348
5645.336204,6.656000000000001
5645.534204,6.827
5645.732204,6.99
5645.930203999999,7.067
5646.128204,7.0680000000000005
5646.327354,7.015000000000001
5646.7214539999995,7.237
5647.117454,7.861
5647.315504,7.829
5647.513504,7.934
5647.711504,7.995
5647.909504,7.988
5648.107504,8.204
5648.305804,8.242
5648.503503999999,8.387
5648.701504,8.653
5648.8997039999995,8.736
5649.097503999999,8.513
5649.295754,8.686
5649.493504,8.674
5649.691503999999,8.921
5649.889754,8.959
5650.087504,9.125
5650.286153999999,9.058
5650.483754,9.282
5650.681504,9.577
5650.879754,9.775
5651.077754,9.732
5651.276204,9.941
5651.473754,10.045
5651.671554,10.19
5651.869753999999,10.352
5652.067754,10.515
5652.265804,10.654
5652.463804,10.771
5652.662554,10.811
5652.860304,10.638
5653.0577539999995,11.041
5653.255953999999,11.165000000000001
5653.453804,11.1
5653.651804,11.028
5653.8498039999995,11.194
5654.047804,11.232000000000001
5654.245954,11.213000000000001
5654.443953999999,11.018
5654.641954,11.064
5654.839954,10.878
5655.037804,10.875
5655.235954,10.852
5655.434004,10.63
5655.631853999999,10.527000000000001
5655.8300039999995,10.473
5656.027854,10.732000000000001
5656.226004,10.744
5656.4240039999995,10.648
5656.622004,10.502
5656.820004,10.616
5657.018004,10.489
5657.216004,10.646
5657.414003999999,10.517
5657.6121539999995,10.49
5657.810154,10.203
5658.008054,10.012
5658.206254,10.138
5658.404004,9.906
5658.602154,9.875
5658.800154,9.775
5658.998004,9.677
5659.1962539999995,9.813
5659.394053999999,9.921
5659.592154,9.524000000000001
5659.790204,9.394
5659.988354,9.222
5660.186304,9.311
5660.384304,9.306000000000001
5660.582203999999,9.120000000000001
5660.780204,8.870000000000001
5660.978204,8.667
5661.176754,8.669
5661.374304,8.512
5661.572404,8.559000000000001
5661.7702039999995,8.409
5661.968204,8.378
5662.166454,8.203
5662.364304,8.422
5662.562454,8.434000000000001
5662.760204,8.381
5662.958204,8.311
5663.156454,8.081
5663.354453999999,7.815
5663.552454,7.743
5663.750454,7.636
5663.948453999999,7.8020000000000005
5664.146904,7.634
5664.344504,7.514
5664.542504,7.43
5664.741803999999,7.051
5664.938254,6.933
5665.137954,6.745
5665.3345039999995,6.5120000000000005
5665.532604,6.43
5665.730504,5.905
5665.9285039999995,5.604
5666.1265539999995,5.378
5666.326304,5.003
5666.719754,5.138
5666.917754,4.936
5667.1157539999995,4.901
5667.313803999999,4.607
5667.511804,4.518
5667.710004,4.522
5667.9078039999995,4.437
5668.105754,4.329
5668.303804,3.678
5668.502804,3.612
5668.700003999999,3.676
5668.898004,3.8080000000000003
5669.095804,4.0200000000000005
5669.294054,4.3260000000000005
5669.491803999999,4.3260000000000005
5669.690054,4.546
5669.888054,4.664
5670.086053999999,4.904
5670.284054,5.058
5670.481804,5.21
5670.681603999999,5.279
5670.878054,5.436
5671.076054,5.809
5671.2740539999995,5.807
5671.472054,5.907
5671.670054,6.022
5671.868054,6.147
5672.066054,6.477
5672.2657039999995,6.82
5672.462054,7.093
5672.660253999999,7.542
5672.858053999999,7.867
5673.056054,7.772
5673.2542539999995,7.716
5673.452504,7.846
5673.650254,7.948
5673.848104,8.307
5674.046104,8.719
5674.244254,8.989
5674.442254,9.556000000000001
5674.640254,10.021
5674.838253999999,10.271
5675.036254,10.374
5675.234254,10.383000000000001
5675.432304,10.463000000000001
5675.630303999999,10.456
5675.828304,10.429
5676.026304,10.299
5676.224303999999,10.282
5676.422254,10.002
5676.622004,9.862
5676.818303999999,9.716000000000001
5677.016304,9.623
5677.214304,9.416
5677.4123039999995,9.345
5677.610454,9.079
5677.808304,8.915000000000001
5678.006304,8.71
5678.204554,8.63
5678.403604,8.279
5678.600453999999,7.873
5678.798454,7.477
5678.996553999999,7.1930000000000005
5679.194554,6.658
5679.392354,6.319
5679.590504,5.757000000000001
5679.788504,5.6450000000000005
5679.9865039999995,5.787
5680.1845539999995,5.899
5680.382554,5.702
5680.580504,5.346
5680.778504,5.404
5680.976954,5.438
5681.174604,5.1370000000000005
5681.372604,5.272
5681.570503999999,5.399
5681.768504,5.668
5681.966754,5.744
5682.164753999999,6.008
5682.362604,6.3260000000000005
5682.560754,6.422
5682.758503999999,6.566
5682.956754,6.539
5683.154754,6.69
5683.352604,6.7700000000000005
5683.5508039999995,6.994
5683.748754,7.204
5683.946604,7.489
5684.144804,7.676
5684.342753999999,7.783
5684.540754,7.767
5684.738754,7.83
5684.938504,7.797000000000001
5685.134754,7.65
5685.332804,7.611
5685.532303999999,7.575
5685.728803999999,7.32
5685.926954,7.155
5686.322053999999,7.021
5686.718154,6.864
5686.916104,6.535
5687.114054,6.36
5687.312054,6.381
5687.510053999999,6.228
5687.708304,6.127
5687.906054,5.859
5688.1043039999995,5.8260000000000005
5688.302103999999,5.739
5688.500104,5.343
5688.698304,5.148
5688.8961039999995,4.865
5689.094104,4.448
5689.292354,4.029
5689.4901039999995,3.6870000000000003
5689.688303999999,3.517
5689.886304,3.443
5690.084104,3.395
5690.282354,3.386
5690.480154,3.083
5690.678354,2.902
5690.876354,2.837
5691.076254,2.39
5691.272354,2.204
5691.470354,1.852
5691.668353999999,1.948
5691.866354,1.909
5692.064354,1.674
5692.2623539999995,1.329
5692.4604039999995,0.974
5692.658354,0.669
5692.856354,0.397
5693.0544039999995,0.161
5693.252554,0.11800000000000001
5693.450404,0.051000000000000004
5693.648553999999,0.12
5693.846353999999,0.226
5694.044554,0.317
5694.2425539999995,0.13
5694.440404,0.279
5694.638554,0.28300000000000003
5694.836604,0.115
5695.0346039999995,0.041
5695.232554,0.149
5695.430554,0.15
5695.628554,0.11900000000000001
5695.828304,0.058
5696.024404,0.132
5696.222604,0.154
5696.422254,0.23
5696.618603999999,0.128
5696.816604,0.08
5697.014854,0.14200000000000002
5697.212603999999,0.099
5697.410604,0.03
5697.608754,0.042
5697.806603999999,0.096
5698.004804,0.051000000000000004
5698.202604,0.058
5698.4006039999995,0.157
5698.598754,0.291
5698.798454,0.027
5698.994854,0.257
5699.192854,0.314
5699.392253999999,0.039
5699.588804,0.061
5699.786754,0.14100000000000001
5699.984853999999,0.127
5700.182854,0.037
5700.380854,0.132
5700.578804,0.076
5700.776804,0.059000000000000004
5700.975004,0.032
5701.172904,0.013000000000000001
5701.370903999999,0.101
5701.568804,0.095
5701.766804,0.067
5701.965053999999,0.07200000000000001
5702.163004,0.006
5702.360904,0.215
5702.559053999999,0.07100000000000001
5702.756853999999,0.24
5702.955054,0.07200000000000001
5703.153053999999,0.085
5703.350904,0.063
5703.549054,0.089
5703.746854,0.126
5703.945054,0.075
5704.144754,0.089
5704.3410539999995,0.20500000000000002
5704.5391039999995,0.049
5704.737104,0.289
5704.935104,0.549
5705.133104,0.9490000000000001
5705.331104,0.422
5705.529104,0.211
5705.727104,0.10200000000000001
5706.122354,0.066
5706.518354,0.036000000000000004
5706.716354,0.036000000000000004
5706.914354,0.025
5707.112354,0.031
5707.310354,0.031
5707.508354,0.054
5707.706553999999,0.054
5707.904404,0.038
5708.102604,0.067
5708.300404,0.07200000000000001
5708.498404,0.039
5708.696604,0.042
5708.894404,0.011
5709.0926039999995,0.079
5709.290403999999,0.035
5709.488404,0.064
5709.6866039999995,0.042
5709.884604,0.048
5710.082654,0.121
5710.280654,0.016
5710.4784039999995,0.07
5710.676654,0.036000000000000004
5710.874654,0.063
5711.072654,0.032
5711.270654,0.084
5711.468653999999,0.061
5711.666654,0.092
5711.864654,0.06
5712.062804,0.031
5712.260703999999,0.111
5712.458704,0.079
5712.656653999999,0.019
5712.856304,0.043000000000000003
5713.052854,0.009000000000000001
5713.250803999999,0.115
5713.448654,0.034
5713.646854,0.046
5713.8446539999995,0.065
5714.042853999999,0.036000000000000004
5714.240854,0.034
5714.438704,0.057
5714.636853999999,0.067
5714.8363039999995,0.027
5715.034554,0.093
5715.230853999999,0.037
5715.428854,0.099
5715.626854,0.063
5715.826553999999,0.068
5716.0229039999995,0.027
5716.220904,0.027
5716.418904,0.024
5716.6169039999995,0.068
5716.814904,0.052000000000000005
5717.013104,0.10300000000000001
5717.210904,0.029
5717.408904,0.048
5717.607054,0.017
5717.804904,0.04
5718.003154,0.055
5718.200903999999,0.07100000000000001
5718.398953999999,0.1
5718.597054,0.11800000000000001
5718.795054,0.061
5718.993054,0.135
5719.191154,0.044
5719.3889039999995,0.134
5719.587054,0.042
5719.785054,0.046
5719.983154,0.053
5720.181154,0.068
5720.378954,0.02
5720.577104,0.051000000000000004
5720.7765039999995,0.043000000000000003
5720.973354,0.083
5721.171154,0.025
5721.369204,0.076
5721.567104,0.098
5721.765104,0.158
5721.9633539999995,0.105
5722.161204,0.015
5722.359203999999,0.03
5722.557354,0.007
5722.7551539999995,0.063
5722.953353999999,0.025
5723.151354,0.057
5723.349204,0.117
5723.547353999999,0.062
5723.745104,0.054
5723.943354,0.03
5724.141353999999,0.11900000000000001
5724.339354,0.09
5724.537354,0.021
5724.735404,0.081
5724.933403999999,0.023
5725.133003999999,0.012
5725.329404,0.024
5725.724654,0.112
5726.122154,0.05
5726.318654,0.023
5726.516904,0.031
5726.714653999999,0.065
5726.912654,0.023
5727.112104,0.031
5727.3086539999995,0.049
5727.506654,0.055
5727.704704,0.033
5727.902704,0.06
5728.101353999999,0.10300000000000001
5728.298704,0.077
5728.496654,0.054
5728.696104,0.067
5728.892704,0.061
5729.091354,0.041
5729.288704,0.05
5729.486704,0.032
5729.684904,0.018000000000000002
5729.882904,0.076
5730.082354,0.024
5730.278953999999,0.025
5730.476704,0.061
5730.674954,0.07100000000000001
5730.872904,0.028
5731.072504,0.029
5731.268954,0.065
5731.466754,0.048
5731.666553999999,0.017
5731.862954,0.028
5732.062754,0.05
5732.258954,0.054
5732.456953999999,0.039
5732.654954,0.037
5732.852954,0.026000000000000002
5733.051104,0.095
5733.249003999999,0.003
5733.447004,0.105
5733.645154,0.064
5733.843003999999,0.008
5734.041154,0.007
5734.239154,0.056
5734.437003999999,0.02
5734.635154,0.035
5734.833004,0.01
5735.031153999999,0.025
5735.229154,0.042
5735.427304,0.076
5735.625204,0.068
5735.823203999999,0.016
5736.021204,0.10200000000000001
5736.219204,0.06
5736.417203999999,0.07100000000000001
5736.615154,0.074
5736.8131539999995,0.077
5737.011203999999,0.028
5737.209204,0.052000000000000005
5737.407204,0.012
5737.605353999999,0.003
5737.803204,0.034
5738.001454,0.035
5738.199204,0.033
5738.397204,0.026000000000000002
5738.595354,0.05
5738.793204,0.038
5738.991454,0.10400000000000001
5739.189453999999,0.038
5739.387253999999,0.084
5739.5854039999995,0.074
5739.783354,0.051000000000000004
5739.981454,0.03
5740.179454,0.061
5740.377254,0.046
5740.575404,0.011
5740.773404,0.01
5740.971603999999,0.07
5741.1695039999995,0.056
5741.367504,0.046
5741.565404,0.078
5741.763653999999,0.032
5741.962754,0.082
5742.159503999999,0.031
5742.3576539999995,0.093
5742.555404,0.07200000000000001
5742.753404,0.035
5742.9516539999995,0.077
5743.149654,0.096
5743.347503999999,0.025
5743.545654,0.024
5743.7434539999995,0.023
5743.942704,0.044
5744.139704,0.023
5744.337704,0.026000000000000002
5744.535704,0.012
5744.733654,0.106
5744.931654,0.05
5745.131404,0.018000000000000002
5745.327654,0.038
5745.722954,0.047
5746.118954,0.034
5746.316954,0.082
5746.514953999999,0.033
5746.712954,0.033
5746.911204,0.016
5747.109004,0.051000000000000004
5747.307154,0.089
5747.505204,0.061
5747.702953999999,0.066
5747.900954,0.046
5748.098954,0.057
5748.2969539999995,0.01
5748.495403999999,0.034
5748.693204,0.048
5748.891004,0.023
5749.089204,0.035
5749.287004,0.023
5749.485004,0.043000000000000003
5749.683254,0.052000000000000005
5749.881254,0.046
5750.079204,0.043000000000000003
5750.277204,0.046
5750.475203999999,0.079
5750.673204,0.064
5750.871254,0.048
5751.069254,0.043000000000000003
5751.267253999999,0.027
5751.465053999999,0.029
5751.663254,0.095
5751.861403999999,0.069
5752.059254,0.048
5752.257254,0.106
5752.4552539999995,0.041
5752.653254,0.021
5752.851454,0.078
5753.049454,0.024
5753.2473039999995,0.055
5753.445454,0.027
5753.643304,0.049
5753.841304,0.032
5754.039454,0.067
5754.237454,0.051000000000000004
5754.4354539999995,0.041
5754.633454,0.021
5754.831303999999,0.021
5755.0294539999995,0.059000000000000004
5755.227454,0.064
5755.425303999999,0.017
5755.623454,0.081
5755.821704,0.051000000000000004
5756.019453999999,0.039
5756.219553999999,0.084
5756.415604,0.043000000000000003
5756.613504,0.043000000000000003
5756.811503999999,0.084
5757.009504,0.023
5757.207504,0.049
5757.405503999999,0.049
5757.603654,0.053
5757.801754,0.08600000000000001
5758.001904,0.028
5758.197504,0.015
5758.395654,0.092
5758.593653999999,0.073
5758.791754,0.061
5758.989754,0.039
5759.187554,0.029
5759.387753999999,0.08600000000000001
5759.583704,0.056
5759.781704,0.009000000000000001
5759.979754,0.067
5760.177753999999,0.082
5760.3756539999995,0.038
5760.573654,0.081
5760.771704,0.04
5760.969803999999,0.073
5761.167804,0.034
5761.365804,0.007
5761.563704,0.063
5761.761954,0.029
5761.959954,0.047
5762.1578039999995,0.07200000000000001
5762.355954,0.138
5762.555804,0.032
5762.751703999999,0.07200000000000001
5762.949954,0.02
5763.147954,0.042
5763.345854,0.039
5763.543954,0.038
5763.741754,0.055
5763.9399539999995,0.054
5764.137954,0.012
5764.335803999999,0.044
5764.5339539999995,0.04
5764.732104,0.038
5764.929954,0.08600000000000001
5765.128004,0.034
5765.326104,0.051000000000000004
5765.721254,0.048
5765.9192539999995,0.03
5766.117254,0.018000000000000002
5766.315254,0.078
5766.5132539999995,0.028
5766.711254,0.028
5766.909254,0.034
5767.107254,0.056
5767.305254,0.035
5767.503503999999,0.048
5767.701254,0.026000000000000002
5767.899504,0.044
5768.097304,0.036000000000000004
5768.295303999999,0.063
5768.493504,0.024
5768.691503999999,0.048
5768.889553999999,0.04
5769.087504,0.046
5769.285304,0.058
5769.483504,0.017
5769.681504,0.061
5769.8795039999995,0.034
5770.0775539999995,0.051000000000000004
5770.275304,0.05
5770.473554,0.049
5770.671554,0.042
5770.869704,0.057
5771.067553999999,0.038
5771.265554,0.044
5771.463554,0.09
5771.661553999999,0.057
5771.8603539999995,0.046
5772.057554,0.034
5772.255553999999,0.01
5772.453754,0.038
5772.651554,0.033
5772.849754,0.066
5773.047754,0.03
5773.245554,0.042
5773.443754,0.092
5773.641554,0.056
5773.839754,0.054
5774.037754,0.06
5774.235753999999,0.053
5774.433754,0.013000000000000001
5774.631754,0.036000000000000004
5774.829753999999,0.024
5775.028404,0.064
5775.225754,0.069
5775.4237539999995,0.004
5775.621754,0.038
5775.819754,0.065
5776.0177539999995,0.046
5776.2158039999995,0.03
5776.414554,0.011
5776.611804,0.01
5776.810004,0.048
5777.007804,0.084
5777.205804,0.051000000000000004
5777.403953999999,0.033
5777.601804,0.036000000000000004
5777.800004,0.064
5777.998004,0.07200000000000001
5778.195804,0.048
5778.393954,0.068
5778.5919539999995,0.017
5778.789954,0.045
5778.9880539999995,0.09
5779.185804,0.042
5779.383954,0.039
5779.582604,0.028
5779.780054,0.006
5779.978054,0.041
5780.176054,0.112
5780.374003999999,0.034
5780.572004,0.085
5780.7702039999995,0.166
5780.968104,0.10300000000000001
5781.166104,0.037
5781.364004,0.042
5781.562003999999,0.114
5781.760204,0.108
5781.958204,0.059000000000000004
5782.156104,0.014
5782.354254,0.002
5782.552004,0.012
5782.751154,0.051000000000000004
5782.948254,0.039
5783.1461039999995,0.021
5783.344254,0.034
5783.542254,0.10300000000000001
5783.740253999999,0.064
5783.938254,0.024
5784.136904,0.019
5784.334253999999,0.008
5784.532254,0.037
5784.730304,0.043000000000000003
5784.928304,0.085
5785.126303999999,0.019
5785.521554,0.01
5785.719553999999,0.034
5785.917554,0.034
5786.115554,0.06
5786.313553999999,0.028
5786.511554,0.052000000000000005
5786.709554,0.035
5786.907553999999,0.05
5787.105554,0.036000000000000004
5787.303554,0.025
5787.501754,0.014
5787.699603999999,0.007
5787.897804,0.014
5788.095604,0.083
5788.2936039999995,0.018000000000000002
5788.491803999999,0.047
5788.689604,0.022
5788.887804,0.032
5789.085803999999,0.036000000000000004
5789.283603999999,0.075
5789.481804,0.094
5789.680004,0.077
5789.877853999999,0.047
5790.075854,0.098
5790.273604,0.07100000000000001
5790.471853999999,0.026000000000000002
5790.670004,0.054
5790.868004,0.025
5791.0658539999995,0.029
5791.263854,0.048
5791.461854,0.076
5791.660003999999,0.012
5791.858004,0.008
5792.055854,0.044
5792.253904,0.033
5792.451854,0.081
5792.650004,0.02
5792.8480039999995,0.06
5793.046004,0.05
5793.243853999999,0.025
5793.442704,0.008
5793.639854,0.058
5793.838054,0.054
5794.036054,0.037
5794.233904,0.042
5794.432054,0.026000000000000002
5794.630053999999,0.025
5794.828054,0.046
5795.026054,0.032
5795.224053999999,0.034
5795.422054,0.026000000000000002
5795.620304,0.056
5795.818104,0.063
5796.016103999999,0.005
5796.214104,0.04
5796.412104,0.034
5796.610954,0.046
5796.808304,0.005
5797.006104,0.018000000000000002
5797.2041039999995,0.045
5797.402254,0.024
5797.600304,0.044
5797.798354,0.043000000000000003
5797.996104,0.048
5798.194104,0.04
5798.392253999999,0.051000000000000004
5798.590504,0.02
5798.788353999999,0.025
5798.986354,0.088
5799.184104,0.019
5799.382254,0.025
5799.580504,0.018000000000000002
5799.779004,0.024
5799.976353999999,0.01
5800.174403999999,0.013000000000000001
5800.3723039999995,0.022
5800.570554,0.028
5800.768504,0.069
5800.966354,0.062
5801.1650039999995,0.055
5801.362303999999,0.005
5801.560504,0.029
5801.758503999999,0.037
5801.956404,0.046
5802.154404,0.012
5802.352554,0.037
5802.5505539999995,0.038
5802.748554,0.042
5802.9471539999995,0.022
5803.1445539999995,0.012
5803.342554,0.033
5803.540554,0.013000000000000001
5803.738554,0.024
5803.936554,0.05
5804.134704,0.011
5804.333204,0.026000000000000002
5804.530753999999,0.059000000000000004
5804.728604,0.018000000000000002
5805.1238539999995,0.043000000000000003
5805.519854,0.096
5805.718104,0.031
5805.915854,0.022
5806.113854,0.046
5806.312054,0.041
5806.509854,0.022
5806.708054,0.054
5806.905854,0.045
5807.103854,0.052000000000000005
5807.302103999999,0.006
5807.499903999999,0.05
5807.698104,0.031
5807.8961039999995,0.043000000000000003
5808.093854,0.035
5808.291854,0.008
5808.4901039999995,0.027
5808.688104,0.057
5808.886104,0.017
5809.083904,0.045
5809.282104,0.067
5809.480103999999,0.052000000000000005
5809.678304,0.059000000000000004
5809.876154,0.032
5810.074154,0.044
5810.271904,0.028
5810.470104,0.043000000000000003
5810.668304,0.032
5810.866153999999,0.032
5811.064154,0.045
5811.262154,0.057
5811.460153999999,0.009000000000000001
5811.658354,0.036000000000000004
5811.856304,0.052000000000000005
5812.0541539999995,0.057
5812.252304,0.053
5812.450154,0.027
5812.648303999999,0.015
5812.846353999999,0.024
5813.044354,0.013000000000000001
5813.242204,0.045
5813.441003999999,0.026000000000000002
5813.638354,0.006
5813.836354,0.06
5814.034353999999,0.028
5814.232204,0.02
5814.430354,0.014
5814.6283539999995,0.014
5814.826354,0.031
5815.024354,0.025
5815.222503999999,0.062
5815.4204039999995,0.019
5815.618603999999,0.022
5815.816404,0.03
5816.014354,0.029
5816.212353999999,0.035
5816.410354,0.042
5816.609254,0.03
5816.806603999999,0.008
5817.004403999999,0.019
5817.2025539999995,0.041
5817.400554,0.052000000000000005
5817.598653999999,0.045
5817.796654,0.04
5817.994404,0.036000000000000004
5818.192553999999,0.051000000000000004
5818.390554,0.018000000000000002
5818.588654,0.057
5818.7866539999995,0.04
5818.984654,0.064
5819.182454,0.041
5819.380604,0.027
5819.578804,0.054
5819.777304,0.032
5819.974654,0.013000000000000001
5820.172603999999,0.06
5820.370554,0.028
5820.568804,0.029
5820.766804,0.044
5820.964704,0.017
5821.163454,0.004
5821.3606039999995,0.015
5821.558854,0.032
5821.756853999999,0.024
5821.954704,0.026000000000000002
5822.152854,0.042
5822.350853999999,0.048
5822.548854,0.015
5822.746854,0.034
5822.945503999999,0.046
5823.142854,0.004
5823.340854,0.014
5823.538853999999,0.061
5823.736854,0.012
5823.934904,0.026000000000000002
5824.1328539999995,0.032
5824.331504,0.023
5824.726353999999,0.023
5825.122154,0.028
5825.320154,0.043000000000000003
5825.518153999999,0.014
5825.716154,0.032
5825.914154,0.041
5826.1121539999995,0.061
5826.310154,0.08
5826.508154,0.03
5826.706404,0.051000000000000004
5826.904154,0.014
5827.102154,0.033
5827.300404,0.046
5827.498154,0.014
5827.696403999999,0.046
5827.894404,0.013000000000000001
5828.092204,0.029
5828.290403999999,0.017
5828.488404,0.018000000000000002
5828.686404,0.056
5828.884454,0.032
5829.082203999999,0.03
5829.280454,0.027
5829.4784039999995,0.026000000000000002
5829.676404,0.056
5829.874404,0.02
5830.072454,0.035
5830.270404,0.08600000000000001
5830.468454,0.037
5830.666604,0.042
5830.864454,0.043000000000000003
5831.062454,0.029
5831.260204,0.012
5831.458454,0.024
5831.656604,0.049
5831.854604,0.026000000000000002
5832.052454,0.031
5832.250454,0.081
5832.448453999999,0.043000000000000003
5832.646654,0.05
5832.8446539999995,0.058
5833.042504,0.028
5833.240654,0.029
5833.4393039999995,0.019
5833.636654,0.022
5833.834653999999,0.03
5834.032654,0.009000000000000001
5834.230654,0.026000000000000002
5834.428653999999,0.018000000000000002
5834.626654,0.027
5834.824704,0.027
5835.022653999999,0.016
5835.220504,0.031
5835.418654,0.02
5835.6169039999995,0.019
5835.814654,0.021
5836.012654,0.032
5836.210803999999,0.056
5836.4087039999995,0.056
5836.607554,0.001
5836.804704,0.043000000000000003
5837.0027039999995,0.058
5837.200704,0.039
5837.398854,0.068
5837.596904,0.054
5837.794903999999,0.018000000000000002
5837.992703999999,0.008
5838.190704,0.051000000000000004
5838.388854,0.08600000000000001
5838.586953999999,0.095
5838.784954,0.039
5838.982954,0.027
5839.180904,0.047
5839.378904,0.098
5839.577104,0.013000000000000001
5839.7756039999995,0.074
5839.972954,0.05
5840.170904,0.04
5840.368904,0.053
5840.567104,0.045
5840.765104,0.04
5840.963004,0.045
5841.161754,0.045
5841.358904,0.021
5841.557154,0.062
5841.7551539999995,0.012
5841.953004,0.147
5842.151154,0.179
5842.3489039999995,0.108
5842.5472039999995,0.116
5842.745154,0.052000000000000005
5842.945253999999,0.24
5843.141154,0.08600000000000001
5843.339153999999,0.109
5843.537154,0.058
5843.735154,0.04
5843.933153999999,0.027
5844.131154,0.095
5844.331254,0.08600000000000001
5844.724454,0.193
5845.120403999999,0.013000000000000001
5845.318453999999,0.085
5845.516454,0.075
5845.714454,0.062
5845.912453999999,0.121
5846.110454,0.061
5846.308704,0.124
5846.506453999999,0.092
5846.704704,0.14
5846.902454,0.058
5847.100453999999,0.129
5847.298704,0.165
5847.496454,0.17
5847.694704,0.186
5847.8925039999995,0.111
5848.091904,0.095
5848.288704,0.074
5848.486704,0.05
5848.686054,0.115
5848.882704,0.07
5849.080504,0.096
5849.278703999999,0.148
5849.476704,0.098
5849.674754,0.10200000000000001
5849.872754,0.039
5850.070753999999,0.092
5850.268754,0.064
5850.466754,0.11800000000000001
5850.664903999999,0.061
5850.862754,0.078
5851.060754,0.082
5851.2587539999995,0.243
5851.456754,0.558
5851.654904,0.751
5851.852903999999,0.557
5852.052404,0.869
5852.248954,1.6520000000000001
5852.446804,2.1550000000000002
5852.644953999999,2.2960000000000003
5852.842954,2.419
5853.0418039999995,2.817
5853.2389539999995,2.762
5853.436753999999,3.0460000000000003
5853.634954,3.129
5853.8329539999995,3.286
5854.030954,3.7
5854.228954,3.984
5854.426954,4.0120000000000005
5854.624954,4.192
5854.822953999999,4.388
5855.020954,4.3020000000000005
5855.220604,4.412
5855.416953999999,4.441
5855.6166539999995,4.533
5855.813004,5.0600000000000005
5856.011004,5.269
5856.209154,5.415
5856.407004,5.5120000000000005
5856.6052039999995,5.638
5856.803003999999,5.606
5857.001004,5.829
5857.199154,6.018
5857.397153999999,5.976
5857.596754,6.237
5857.793254,6.309
5857.991054,6.489
5858.189203999999,6.497
5858.387154,6.646
5858.585254,6.864
5858.783254,6.979
5858.981054,7.094
5859.1791539999995,7.034
5859.377154,7.1450000000000005
5859.575404,7.34
5859.773254,7.472
5859.971304,7.6850000000000005
5860.169204,7.729
5860.367204,7.888
5860.565454,7.954
5860.764303999999,8.091
5860.9613039999995,8.213000000000001
5861.159404,8.266
5861.357204,8.263
5861.555404,8.104000000000001
5861.753454,8.234
5861.952004,8.221
5862.149453999999,8.213000000000001
5862.347253999999,8.026
5862.545454,8.065
5862.7434539999995,8.117
5862.9420039999995,8.022
5863.139454,7.815
5863.3374539999995,7.775
5863.5355039999995,7.566
5863.733454,7.777
5863.933204,7.803
5864.1295039999995,7.801
5864.327504,7.71
5864.722753999999,7.664000000000001
5864.922404,7.642
5865.118754,8.015
5865.3167539999995,8.042
5865.514754,8.074
5865.712754,8.051
5865.9107539999995,8.02
5866.108754,8.118
5866.306754,8.149000000000001
5866.504754,8.158
5866.703004,8.037
5866.900753999999,8.026
5867.098803999999,7.9030000000000005
5867.297004,7.715
5867.494804,7.503
5867.693004,7.537
5867.890804,7.363
5868.088804,7.224
5868.287004,7.208
5868.485004,6.933
5868.6830039999995,6.432
5868.8810539999995,6.408
5869.078804,6.2090000000000005
5869.277004,6.015000000000001
5869.475054,5.993
5869.673054,5.864
5869.871054,5.688
5870.068804,5.371
5870.267054,5.207
5870.465053999999,5.114
5870.664854,5.0
5870.861054,4.944
5871.059053999999,4.801
5871.257353999999,4.846
5871.455054,4.942
5871.653254,5.089
5871.851704,4.976
5872.049054,4.543
5872.2488539999995,4.656
5872.445054,4.596
5872.644453999999,4.83
5872.841254,4.933
5873.0391039999995,4.831
5873.237254,5.05
5873.435254,5.1080000000000005
5873.633253999999,5.314
5873.8329539999995,5.095
5874.029104,4.647
5874.227253999999,4.682
5874.425254,4.8
5874.623254,5.16
5874.8212539999995,5.266
5875.0193039999995,5.194
5875.217304,5.314
5875.416053999999,5.1610000000000005
5875.6133039999995,5.173
5875.813053999999,5.146
5876.009304,5.077
5876.207453999999,4.732
5876.405304,4.676
5876.603504,4.1450000000000005
5876.801304,3.827
5876.999304,3.694
5877.197454,3.5
5877.395554,4.063
5877.593554,4.412
5877.791553999999,4.465
5877.989304,4.5360000000000005
5878.187454,4.886
5878.385453999999,4.759
5878.583554,4.819
5878.781554,4.724
5878.979354,4.813
5879.177503999999,4.788
5879.375704,4.71
5879.573703999999,4.405
5879.771604,4.4430000000000005
5879.971353999999,4.3180000000000005
5880.167504,4.122
5880.365503999999,3.795
5880.563704,4.042
5880.761603999999,3.994
5880.959604,4.283
5881.157504,4.446
5881.355504,4.59
5881.553754,4.75
5881.751754,4.695
5881.949753999999,4.829
5882.147754,4.839
5882.345504,4.995
5882.543753999999,5.124
5882.741754,5.249
5882.939654,5.41
5883.137753999999,5.587
5883.335553999999,5.633
5883.533754,5.593
5883.731804,5.791
5883.929803999999,6.455
5884.127804,6.545
5884.523053999999,6.679
5884.721054,6.707
5884.919054,6.781000000000001
5885.117053999999,7.021
5885.315054,6.803
5885.513304,6.5120000000000005
5885.7115539999995,6.666
5885.909054,6.816
5886.107254,6.73
5886.3050539999995,6.797
5886.503054,6.759
5886.701504,6.91
5886.899104,6.7620000000000005
5887.0971039999995,6.787
5887.295303999999,6.851
5887.493054,6.953
5887.692153999999,6.7
5887.889104,6.714
5888.087104,6.839
5888.285304,7.062
5888.483354,7.093
5888.681353999999,6.929
5888.879104,7.056
5889.077354,7.051
5889.275353999999,6.932
5889.473354,6.814
5889.671354,6.878
5889.869304,6.897
5890.067104,6.868
5890.265354,6.776
5890.465004,6.923
5890.661354,6.849
5890.859354,6.833
5891.057354,6.9830000000000005
5891.255354,6.968
5891.453504,6.726
5891.6515039999995,6.933
5891.849354,6.83
5892.047554,7.025
5892.245354,7.073
5892.443354,7.075
5892.641554,6.979
5892.839554,6.961
5893.037554,6.855
5893.2356039999995,6.681
5893.433403999999,6.4830000000000005
5893.633204,6.455
5893.829554,6.308
5894.0274039999995,6.001
5894.225554,5.916
5894.423804,5.805
5894.623304,5.7010000000000005
5894.819603999999,5.368
5895.017704,5.2620000000000005
5895.215604,5.255
5895.413554,4.945
5895.611554,5.251
5895.809604,5.134
5896.007603999999,5.103
5896.205704,5.2540000000000004
5896.403754,5.1690000000000005
5896.602253999999,5.279
5896.799604,5.423
5896.997604,5.857
5897.195753999999,6.078
5897.393854,6.378
5897.592254,6.5840000000000005
5897.789604,6.595
5897.987754,6.638
5898.185804,7.03
5898.3837539999995,7.279
5898.581854,7.594
5898.779853999999,7.824
5898.977804,8.167
5899.1758039999995,8.352
5899.373804,8.491
5899.571854,8.638
5899.771204,8.86
5899.967654,9.105
5900.165803999999,9.112
5900.365253999999,9.062
5900.562054,9.079
5900.759904,9.039
5900.958054,9.236
5901.155804,9.0
5901.353803999999,9.068
5901.552054,9.082
5901.750054,8.794
5901.947904,8.305
5902.146604,8.675
5902.343804,8.576
5902.542603999999,8.289
5902.7401039999995,8.700000000000001
5902.938104,8.527000000000001
5903.137753999999,8.701
5903.334104,8.92
5903.532053999999,8.91
5903.730054,9.097
5903.928204,8.83
5904.126053999999,8.699
5904.5213539999995,8.613
5904.720953999999,8.505
5904.917354,8.671
5905.115354,8.461
5905.313354,8.57
5905.511353999999,8.764
5905.709354,8.634
5905.907354,8.637
5906.105353999999,8.347
5906.303403999999,8.357
5906.501604,8.471
5906.699353999999,8.303
5906.897354,8.213000000000001
5907.095604,8.084
5907.2936039999995,7.885
5907.491604,8.253
5907.689604,7.997
5907.887404,7.924
5908.0854039999995,7.978
5908.283603999999,7.801
5908.482254,7.745
5908.679654,7.71
5908.877404,7.487
5909.076553999999,7.578
5909.273604,7.5200000000000005
5909.471804,7.371
5909.669653999999,7.473
5909.867654,7.577
5910.065654,7.4430000000000005
5910.263653999999,7.676
5910.461804,7.615
5910.659654,7.688
5910.8576539999995,7.745
5911.055804,8.052
5911.253654,7.886
5911.451803999999,7.8420000000000005
5911.649853999999,8.02
5911.847704,7.885
5912.045854,7.968
5912.2437039999995,8.082
5912.441854,8.135
5912.639854,7.99
5912.837704,8.242
5913.035854,8.113
5913.233854,8.087
5913.4318539999995,8.051
5913.629854,8.354000000000001
5913.827854,8.204
5914.0258539999995,8.468
5914.223854,8.549
5914.421904,8.508000000000001
5914.619854,8.489
5914.817854,8.311
5915.017454,8.521
5915.213854,8.619
5915.412104,8.782
5915.609904,9.338000000000001
5915.807903999999,9.463000000000001
5916.006004,9.206
5916.203904,9.218
5916.402153999999,9.233
5916.600154,8.847
5916.797904,9.174
5916.996054,9.32
5917.194054,9.217
5917.392354,9.174
5917.5901539999995,9.252
5917.787904,9.237
5917.987654,9.241
5918.184053999999,9.263
5918.382304,9.248
5918.580153999999,9.428
5918.778154,9.207
5918.976054,9.3
5919.174054,9.082
5919.3723039999995,9.158
5919.570204,8.957
5919.768153999999,9.205
5919.966104,9.198
5920.1641039999995,9.285
5920.362904,8.935
5920.560353999999,9.157
5920.758204,9.409
5920.956354,9.243
5921.154103999999,9.231
5921.352354,9.147
5921.550354,9.257
5921.7482039999995,9.494
5921.946354,9.540000000000001
5922.144354,9.408
5922.342353999999,9.375
5922.540354,9.392
5922.738354,9.483
5922.938053999999,9.343
5923.134354,9.079
5923.332354,9.053
5923.5303539999995,9.113
5923.728354,9.094
5923.926504,9.132
5924.321653999999,9.426
5924.520704,9.312
5924.717654,9.290000000000001
5924.915653999999,9.24
5925.113654,9.040000000000001
5925.311654,8.973
5925.5096539999995,8.69
5925.707654,8.831
5925.905654,9.208
5926.103904,9.236
5926.301654,9.076
5926.499903999999,9.176
5926.697654,9.236
5926.895654,9.299
5927.093903999999,9.359
5927.291703999999,9.22
5927.489904,9.448
5927.688053999999,9.458
5927.885703999999,9.515
5928.083904,9.42
5928.2819039999995,9.449
5928.479904,9.353
5928.677904,9.33
5928.877304,9.15
5929.073904,9.169
5929.271954,9.052
5929.471904,9.05
5929.667954,9.134
5929.865954,9.116
5930.063953999999,9.006
5930.261954,9.061
5930.460104,9.059000000000001
5930.657953999999,8.964
5930.855954,9.016
5931.054104,8.839
5931.251953999999,8.791
5931.450154,8.871
5931.6481539999995,8.765
5931.846004,8.672
5932.044154,8.622
5932.241954,8.583
5932.440154,8.315
5932.638504,8.19
5932.836004,8.024000000000001
5933.034154,7.731
5933.232153999999,7.6240000000000006
5933.430154,7.549
5933.628154,7.339
5933.826153999999,7.297
5934.024154,7.245
5934.222154,7.246
5934.4201539999995,7.059
5934.618154,7.074
5934.816154,7.057
5935.014303999999,6.805
5935.2122039999995,6.746
5935.410403999999,6.631
5935.608204,6.667
5935.8062039999995,6.591
5936.004354,6.563
5936.202204,6.523000000000001
5936.400404,6.34
5936.598354,6.336
5936.796203999999,6.353
5936.9943539999995,6.4030000000000005
5937.192354,6.359
5937.3907039999995,6.4350000000000005
5937.588454,6.429
5937.787904,6.66
5937.984354,6.726
5938.182354,7.0360000000000005
5938.382204,7.0200000000000005
5938.5784539999995,7.231
5938.776454,7.371
5938.974404,7.553
5939.172404,7.639
5939.370653999999,7.7860000000000005
5939.568504,8.012
5939.766504,8.24
5939.965004,8.693
5940.162404,8.848
5940.360654,8.932
5940.558604,9.025
5940.756504,9.069
5940.954604,9.214
5941.154103999999,9.256
5941.350654,9.262
5941.550303999999,9.327
5941.746504,9.336
5941.944654,9.405
5942.142454,9.417
5942.342404,9.421
5942.538654,9.482
5942.736653999999,9.513
5942.934654,9.61
5943.132654,9.629
5943.330653999999,9.608
5943.725904,9.632
5944.121953999999,9.726
5944.320154,9.678
5944.517954,9.749
5944.715953999999,9.74
5944.914154,9.81
5945.111954,9.88
5945.309953999999,9.969
5945.507954,10.013
5945.705954,10.155
5945.903953999999,10.09
5946.102154,10.155
5946.299954,10.281
5946.4982039999995,10.369
5946.696003999999,10.321
5946.894004,10.356
5947.092204,10.4
5947.2900039999995,10.482000000000001
5947.488203999999,10.515
5947.685954,10.467
5947.884304,10.666
5948.082203999999,10.681000000000001
5948.280204,10.742
5948.478204,10.801
5948.676203999999,10.713000000000001
5948.874704,10.595
5949.072553999999,10.694
5949.270254,10.739
5949.468253999999,10.858
5949.666254,10.916
5949.864254,10.821
5950.0622539999995,10.835
5950.260254,10.815
5950.458404,10.758000000000001
5950.6562539999995,10.755
5950.854254,10.706
5951.052254,10.629
5951.250254,10.626
5951.448453999999,10.529
5951.646404,10.576
5951.844254,10.646
5952.042404,10.555
5952.240253999999,10.434000000000001
5952.438454,10.392
5952.6364539999995,10.224
5952.834304,10.042
5953.034204,10.03
5953.230304,9.934000000000001
5953.428454,9.902000000000001
5953.626453999999,10.112
5953.824603999999,9.808
5954.022454,9.713000000000001
5954.222204,9.853
5954.418454,9.691
5954.616504,9.597
5954.814504,9.479000000000001
5955.012503999999,9.489
5955.210504,9.423
5955.4087039999995,9.432
5955.606503999999,9.339
5955.804454,9.248
5956.002603999999,9.252
5956.200704,9.200000000000001
5956.398704,8.901
5956.596504,8.757
5956.794653999999,8.515
5956.993054,8.381
5957.190654,8.285
5957.388754,7.994
5957.586754,7.732
5957.784503999999,7.3790000000000004
5957.9826539999995,7.34
5958.182404,7.027
5958.378753999999,6.646
5958.576754,6.409
5958.774554,6.204
5958.972704,5.892
5959.170954,5.367
5959.368904,5.229
5959.5667539999995,4.913
5959.764904,4.955
5959.963404,4.305
5960.160704,4.366
5960.358904,4.183
5960.556804,4.125
5960.754804,3.91
5960.954253999999,4.059
5961.150704,3.9210000000000003
5961.348954,3.7920000000000003
5961.5469539999995,3.7640000000000002
5961.744804,3.98
5961.942954,4.212
5962.142653999999,4.384
5962.338954,4.7090000000000005
5962.538404,4.906
5962.734954,5.093
5962.932954,5.163
5963.131004,5.322
5963.329004,5.523
5963.724204,5.772
5963.922254,6.058
5964.1202539999995,6.365
5964.318254,6.587
5964.516254,6.744
5964.7142539999995,6.947
5964.913254,7.189
5965.110254,7.4590000000000005
5965.308454,7.5680000000000005
5965.506254,7.78
5965.704253999999,7.925
5965.902454,8.024000000000001
5966.100304,8.365
5966.298503999999,8.527000000000001
5966.496504,8.722
5966.694254,8.738
5966.892253999999,8.843
5967.090504,9.134
5967.288254,9.329
5967.4865039999995,9.487
5967.684303999999,9.559000000000001
5967.882304,9.747
5968.080554,10.174
5968.278703999999,10.164
5968.476554,10.175
5968.674554,10.307
5968.874204,10.339
5969.0721539999995,10.644
5969.268504,10.642
5969.466554,10.511000000000001
5969.664554,10.496
5969.862354,10.552
5970.060554,10.834
5970.258704,10.759
5970.456704,11.002
5970.654554,10.932
5970.852554,10.91
5971.0505539999995,11.002
5971.248704,10.913
5971.446704,11.048
5971.6445539999995,11.094
5971.842753999999,11.175
5972.040754,11.38
5972.238554,11.301
5972.436753999999,11.306000000000001
5972.634754,11.303
5972.834204,11.309000000000001
5973.030753999999,11.368
5973.228604,11.369
5973.426754,11.316
5973.6247539999995,11.398
5973.822754,11.450000000000001
5974.022454,11.519
5974.219004,11.692
5974.4168039999995,11.555
5974.614804,11.736
5974.812954,11.901
5975.010754,11.826
5975.209404,11.836
5975.406754,11.75
5975.606354,11.82
5975.802904,11.852
5976.000954,11.853
5976.198804,11.894
5976.397054,11.903
5976.594803999999,11.929
5976.794554,11.769
5976.992303999999,12.088000000000001
5977.1890539999995,12.096
5977.387004,12.022
5977.585054,11.991
5977.782953999999,11.815
5977.981003999999,11.746
5978.179604,11.909
5978.377054,11.989
5978.575054,11.859
5978.773004,11.992
5978.971004,12.046
5979.169204,11.82
5979.367204,12.359
5979.565054,12.182
5979.763204,11.934000000000001
5979.961004,11.878
5980.159204,11.924
5980.357204,11.788
5980.555104,12.197000000000001
5980.753253999999,12.294
5980.951004,12.027000000000001
5981.149254,11.985
5981.347253999999,12.216000000000001
5981.545254,12.297
5981.743254,12.125
5981.941253999999,12.292
5982.139254,12.122
5982.338054,12.35
5982.535253999999,12.128
5982.733404,12.264000000000001
5982.931254,12.098
5983.129454,12.464
5983.327254,12.272
5983.722554,12.227
5983.920553999999,12.541
5984.118554,12.477
5984.316554,12.403
5984.5148039999995,12.544
5984.712554,12.422
5984.9107539999995,12.309000000000001
5985.1085539999995,12.077
5985.306754,12.168000000000001
5985.504554,12.41
5985.7025539999995,12.309000000000001
5985.900804,12.342
5986.098554,12.321
5986.296804,12.462
5986.494554,12.370000000000001
5986.692553999999,12.393
5986.890804,12.301
5987.088804,12.503
5987.287404,12.712
5987.484804,12.565
5987.682604,12.451
5987.881254,12.49
5988.078804,12.349
5988.276804,12.401
5988.4748039999995,12.384
5988.672804,12.353
5988.870804,12.372
5989.068804,12.35
5989.267003999999,12.306000000000001
5989.464854,12.506
5989.662854,12.466000000000001
5989.860854,12.537
5990.058854,12.433
5990.257004,12.686
5990.4550039999995,12.397
5990.652854,12.145
5990.851004,12.120000000000001
5991.048854,11.946
5991.247853999999,11.86
5991.445004,11.558
5991.642903999999,11.659
5991.8426039999995,11.538
5992.038904,11.334
5992.237054,11.287
5992.436854,11.232000000000001
5992.633054,11.226
5992.831053999999,11.178
5993.029054,11.14
5993.227054,11.085
5993.425053999999,11.203
5993.623054,11.278
5993.821104,11.265
5994.019053999999,11.099
5994.217054,11.026
5994.415054,10.99
5994.6130539999995,10.972
5994.812903999999,10.99
5995.009054,11.012
5995.207304,10.832
5995.4051039999995,10.725
5995.603104,10.572000000000001
5995.801254,10.496
5995.999253999999,10.511000000000001
5996.197354,10.923
5996.395304,11.076
5996.594004,10.768
5996.791254,10.627
5996.989254,10.691
5997.187354,10.741
5997.385354,10.954
5997.583254,10.837
5997.781304,10.741
5997.979254,10.533
5998.177503999999,10.353
5998.375354,10.107000000000001
5998.573354,10.155
5998.771304,10.364
5998.969254,10.163
5999.167504,9.875
5999.365354,9.914
5999.564104,9.92
5999.761304,10.036
5999.959304,9.643
6000.157553999999,9.722
6000.355554,9.589
6000.553403999999,9.559000000000001
6000.7515539999995,9.562
6000.949304,9.426
6001.147504,9.71
6001.3455539999995,9.756
6001.543654,9.847
6001.743304,9.812
6001.941304,9.713000000000001
6002.137554,9.675
6002.335553999999,9.583
6002.5337039999995,9.701
6002.731554,9.783
6002.929553999999,9.537
6003.127554,9.701
6003.524254,9.626
6003.721054,9.807
6003.918804,10.108
6004.116803999999,10.223
6004.3158539999995,10.036
6004.512854,9.991
6004.711053999999,10.099
6004.908853999999,10.124
6005.106854,10.09
6005.305104,10.044
6005.502853999999,10.559000000000001
6005.701104,10.542
6005.899554,10.526
6006.096853999999,10.471
6006.295104,10.421
6006.492854,10.495000000000001
6006.6911039999995,10.724
6006.889104,10.787
6007.086904,10.537
6007.285104,10.545
6007.483703999999,10.78
6007.680904,10.953
6007.879104,11.165000000000001
6008.077104,10.807
6008.275103999999,10.914
6008.473104,11.096
6008.671154,11.138
6008.869103999999,11.203
6009.067104,11.219
6009.265304,11.233
6009.463154,11.201
6009.661303999999,11.319
6009.859154,11.109
6010.057154,11.295
6010.256804,11.418000000000001
6010.453154,11.398
6010.651304,11.521
6010.8491539999995,11.511000000000001
6011.047154,11.239
6011.245354,10.939
6011.443354,10.937
6011.641353999999,10.942
6011.839304,11.142
6012.037154,10.992
6012.2353539999995,11.311
6012.433354,11.522
6012.631354,11.741
6012.8293539999995,11.72
6013.027354,11.445
6013.225354,11.578
6013.423354,11.46
6013.623154,11.477
6013.819353999999,11.488
6014.017354,11.527000000000001
6014.215354,11.644
6014.413353999999,11.732000000000001
6014.6115039999995,11.594
6014.809504,11.881
6015.007603999999,11.981
6015.205604,11.92
6015.403404,11.887
6015.601554,11.955
6015.799554,11.952
6015.997404,11.953
6016.195604,11.985
6016.3936539999995,12.157
6016.591554,12.19
6016.789554,12.251
6016.987553999999,12.263
6017.185654,12.218
6017.383653999999,12.284
6017.583054,12.441
6017.779554,12.309000000000001
6017.977804,12.334
6018.177304,12.412
6018.373654,12.585
6018.573453999999,12.694
6018.7695539999995,12.721
6018.9676039999995,12.739
6019.165803999999,12.717
6019.363703999999,12.817
6019.561854,12.917
6019.759604,12.891
6019.957604,12.98
6020.155804,12.973
6020.353803999999,12.856
6020.551804,12.925
6020.749804,12.98
6020.947803999999,12.953
6021.145853999999,13.047
6021.343854,13.02
6021.541854,13.045
6021.741604,13.106
6021.937604,13.473
6022.135854,13.39
6022.3338539999995,13.385
6022.532004,13.485
6022.731554,13.646
6022.927854,13.587
6023.323104,13.56
6023.5211039999995,13.559000000000001
6023.719104,13.496
6023.917104,13.406
6024.115354,13.540000000000001
6024.3131539999995,13.583
6024.511154,13.556000000000001
6024.709354,13.539
6024.9071539999995,13.566
6025.105154,13.394
6025.303154,13.341000000000001
6025.501154,13.281
6025.699353999999,13.328
6025.897153999999,13.487
6026.095154,13.382
6026.293404,13.274000000000001
6026.491204,13.34
6026.689404,13.222
6026.887404,12.977
6027.0854039999995,12.834
6027.283404,12.827
6027.481154,12.795
6027.6794039999995,12.724
6027.877404,12.698
6028.075404,12.790000000000001
6028.273454,12.72
6028.472554,12.638
6028.669454,12.665000000000001
6028.867454,12.666
6029.065603999999,12.738
6029.263454,12.512
6029.463054,12.479000000000001
6029.6596039999995,12.577
6029.857403999999,12.407
6030.055604,12.342
6030.2536039999995,12.339
6030.453054,12.358
6030.649654,12.125
6030.847454,12.163
6031.045604,12.08
6031.243603999999,12.094
6031.443254,12.048
6031.639604,11.922
6031.837603999999,11.976
6032.035454,11.765
6032.233654,11.8
6032.431654,11.653
6032.629653999999,11.656
6032.827654,11.653
6033.025904,11.724
6033.224053999999,11.672
6033.421654,11.542
6033.621204,11.63
6033.8176539999995,11.498000000000001
6034.0157039999995,11.539
6034.213704,11.579
6034.411704,11.478
6034.609804,11.351
6034.807704,11.394
6035.005654,11.445
6035.203904,11.455
6035.401653999999,11.487
6035.5998039999995,11.548
6035.797804,11.448
6035.996454,11.453
6036.193953999999,11.518
6036.391704,11.565
6036.589854,11.591000000000001
6036.787854,11.657
6036.985854,11.663
6037.183954,11.755
6037.3819539999995,11.841000000000001
6037.579854,11.870000000000001
6037.777854,11.958
6037.975853999999,11.921
6038.173954,12.063
6038.371953999999,12.06
6038.569904,12.141
6038.767903999999,12.081
6038.966104,12.226
6039.1641039999995,12.208
6039.361954,12.192
6039.560104,12.232000000000001
6039.7578539999995,12.173
6039.9559039999995,12.22
6040.154103999999,12.242
6040.352003999999,12.238
6040.550154,12.25
6040.748154,12.094
6040.945904,11.945
6041.144904,11.848
6041.342154,11.762
6041.540153999999,11.857000000000001
6041.738854,11.774000000000001
6041.936154,11.757
6042.134153999999,11.768
6042.332154,11.748000000000001
6042.727403999999,11.684000000000001
6043.123654,11.655
6043.321403999999,11.556000000000001
6043.519453999999,11.732000000000001
6043.717454,11.593
6043.915454,11.748000000000001
6044.113453999999,11.478
6044.311454,11.598
6044.509454,11.651
6044.707654,11.71
6044.905454,11.566
6045.103654,11.666
6045.3014539999995,11.727
6045.499454,11.72
6045.697654,11.833
6045.896454,11.783
6046.093704,11.935
6046.291703999999,11.775
6046.4907539999995,11.966000000000001
6046.687704,11.906
6046.885703999999,11.934000000000001
6047.083704,12.003
6047.281704,11.996
6047.479504,11.982000000000001
6047.677704,11.955
6047.875704,11.926
6048.075304,11.963000000000001
6048.271753999999,11.818
6048.469754,11.778
6048.6677039999995,11.658
6048.865704,11.597
6049.063854,11.607000000000001
6049.263454,11.683
6049.4597539999995,11.620000000000001
6049.657703999999,11.625
6049.855754,11.525
6050.053903999999,11.553
6050.251904,11.417
6050.449753999999,11.435
6050.6479039999995,11.447000000000001
6050.845754,11.284
6051.043904,11.503
6051.2437039999995,11.693
6051.439804,11.858
6051.637904,11.745000000000001
6051.835954,11.632
6052.033754,11.619
6052.231954,11.642
6052.429954,11.453
6052.627954,11.568
6052.825954,11.452
6053.023953999999,11.516
6053.221954,11.465
6053.419954,11.53
6053.617953999999,11.483
6053.815954,11.466000000000001
6054.014204,11.385
6054.212004,11.36
6054.409954,11.167
6054.608104,10.949
6054.8059539999995,10.709
6055.004204,10.708
6055.202004,10.606
6055.400004,10.482000000000001
6055.598104,10.336
6055.796104,10.197000000000001
6055.995054,9.971
6056.192254,9.877
6056.390004,9.667
6056.588454,9.446
6056.786153999999,9.167
6056.984203999999,9.096
6057.183854,8.839
6057.380254,8.58
6057.578154,8.432
6057.776154,8.249
6057.974404,7.988
6058.172254,7.587
6058.372004,7.243
6058.568204,6.7540000000000004
6058.766154,6.545
6058.964403999999,6.1770000000000005
6059.162404,5.649
6059.360254,5.205
6059.558403999999,4.864
6059.756203999999,4.457
6059.954404,3.919
6060.152454,3.65
6060.350304,3.1270000000000002
6060.548454,2.779
6060.746204,2.378
6060.9444539999995,1.921
6061.143454,1.633
6061.340454,1.4060000000000001
6061.538454,1.053
6061.736454,0.73
6061.934453999999,0.6950000000000001
6062.132454,0.6880000000000001
6062.330454,0.604
6062.7257039999995,0.47500000000000003
6063.121704,0.549
6063.319704,0.456
6063.5177539999995,0.34900000000000003
6063.715754,0.315
6063.914604,0.167
6064.112754,0.289
6064.309703999999,0.276
6064.508354,0.24
6064.705954,0.14
6064.903754,0.037
6065.102003999999,0.076
6065.299754,0.163
6065.497754,0.10200000000000001
6065.696003999999,0.037
6065.893754,0.074
6066.092004,0.10400000000000001
6066.289753999999,0.094
6066.487754,0.064
6066.686004,0.1
6066.883954,0.052000000000000005
6067.082754,0.109
6067.280003999999,0.089
6067.477804,0.097
6067.676004,0.195
6067.874003999999,0.223
6068.072004,0.184
6068.270004,0.06
6068.468003999999,0.026000000000000002
6068.666004,0.039
6068.865454,0.016
6069.062204,0.01
6069.260053999999,0.146
6069.458054,0.1
6069.656054,0.028
6069.854053999999,0.025
6070.053854,0.20800000000000002
6070.250054,0.155
6070.4480539999995,0.083
6070.646204,0.099
6070.844054,0.135
6071.042203999999,0.07200000000000001
6071.240253999999,0.123
6071.438104,0.106
6071.636254,0.044
6071.834054,0.055
6072.032854,0.061
6072.2302039999995,0.057
6072.4282539999995,0.057
6072.626254,0.107
6072.824254,0.053
6073.0222539999995,0.013000000000000001
6073.220254,0.066
6073.418254,0.047
6073.616254,0.084
6073.814254,0.091
6074.012503999999,0.037
6074.210254,0.012
6074.408254,0.085
6074.606404,0.10400000000000001
6074.8053039999995,0.07200000000000001
6075.002504,0.077
6075.200304,0.083
6075.398303999999,0.081
6075.5964539999995,0.07200000000000001
6075.794454,0.064
6075.993554,0.004
6076.190504,0.007
6076.388304,0.11800000000000001
6076.586453999999,0.052000000000000005
6076.784454,0.056
6076.982554,0.036000000000000004
6077.180654,0.084
6077.378304,0.07100000000000001
6077.576454,0.09
6077.774453999999,0.034
6077.972704,0.075
6078.170553999999,0.03
6078.368554,0.041
6078.566454,0.019
6078.766154,0.054
6078.962704,0.027
6079.160554,0.03
6079.3585539999995,0.046
6079.556704,0.133
6079.7545039999995,0.08600000000000001
6079.952754,0.018000000000000002
6080.151653999999,0.088
6080.348554,0.116
6080.546703999999,0.053
6080.744503999999,0.052000000000000005
6080.942754,0.068
6081.140754,0.016
6081.340404,0.064
6081.536754,0.07200000000000001
6081.734754,0.028
6081.934404,0.041
6082.130754,0.061
6082.328754,0.075
6082.724004,0.146
6082.922054,0.117
6083.120054,0.07200000000000001
6083.318004,0.037
6083.516004,0.07
6083.7140039999995,0.095
6083.912004,0.1
6084.110004,0.036000000000000004
6084.308054,0.125
6084.5060539999995,0.023
6084.704054,0.084
6084.902054,0.061
6085.100304,0.034
6085.298054,0.032
6085.496053999999,0.134
6085.694254,0.122
6085.892054,0.058
6086.090303999999,0.058
6086.288054,0.109
6086.486054,0.135
6086.684604,0.062
6086.882304,0.096
6087.080304,0.089
6087.2783039999995,0.076
6087.476054,0.126
6087.674304,0.029
6087.873654,0.145
6088.070304,0.075
6088.268304,0.125
6088.466104,0.08700000000000001
6088.664304,0.108
6088.862303999999,0.079
6089.060504,0.128
6089.258354,0.03
6089.456354,0.069
6089.654353999999,0.129
6089.852354,0.055
6090.050504,0.05
6090.2497539999995,0.068
6090.446354,0.057
6090.644504,0.099
6090.8426039999995,0.11800000000000001
6091.040554,0.053
6091.238554,0.047
6091.4363539999995,0.094
6091.634504,0.047
6091.832354,0.157
6092.030554,0.108
6092.228504,0.113
6092.426554,0.095
6092.624554,0.121
6092.822553999999,0.073
6093.020554,0.019
6093.218554,0.051000000000000004
6093.416703999999,0.068
6093.614554,0.117
6093.812554,0.126
6094.0105539999995,0.07
6094.208554,0.057
6094.406704,0.12
6094.604703999999,0.139
6094.8041539999995,0.021
6095.000803999999,0.033
6095.198604,0.017
6095.396753999999,0.139
6095.594754,0.127
6095.792603999999,0.091
6095.990804,0.079
6096.188803999999,0.078
6096.386603999999,0.042
6096.5847539999995,0.189
6096.782754,0.025
6096.980853999999,0.151
6097.178854,0.048
6097.376604,0.056
6097.574753999999,0.066
6097.773604,0.076
6097.972704,0.062
6098.168854,0.051000000000000004
6098.366954,0.111
6098.564754,0.12
6098.762804,0.096
6098.961004,0.07
6099.1605039999995,0.04
6099.356854,0.112
6099.555754,0.082
6099.752804,0.07100000000000001
6099.951004,0.11800000000000001
6100.149004,0.10400000000000001
6100.346853999999,0.033
6100.545004,0.022
6100.744304,0.094
6100.942704,0.126
6101.139053999999,0.093
6101.337054,0.181
6101.535054,0.049
6101.733204,0.045
6101.931054,0.076
6102.129054,0.131
6102.524304,0.151
6102.722304,0.233
6102.920303999999,0.028
6103.118304,0.065
6103.316304,0.035
6103.515554,0.081
6103.712304,0.085
6103.910554,0.111
6104.108354,0.08
6104.306353999999,0.1
6104.504554,0.113
6104.702354,0.114
6104.900353999999,0.14200000000000002
6105.098354,0.035
6105.296354,0.107
6105.4943539999995,0.116
6105.692553999999,0.082
6105.890354,0.047
6106.088604,0.076
6106.286354,0.055
6106.484404,0.037
6106.682604,0.17400000000000002
6106.880604,0.111
6107.078603999999,0.085
6107.276604,0.127
6107.474604,0.17300000000000001
6107.673454,0.151
6107.870604,0.108
6108.068604,0.077
6108.2666039999995,0.127
6108.464403999999,0.166
6108.662654,0.08700000000000001
6108.860654,0.048
6109.058803999999,0.135
6109.256604,0.08600000000000001
6109.454753999999,0.122
6109.652604,0.054
6109.851904,0.008
6110.048804,0.021
6110.246654,0.034
6110.444804,0.08700000000000001
6110.642653999999,0.095
6110.8408039999995,0.047
6111.038804,0.032
6111.236804,0.12
6111.434654,0.008
6111.632804,0.133
6111.830854,0.059000000000000004
6112.028854,0.089
6112.226854,0.025
6112.424854,0.094
6112.622853999999,0.077
6112.821104,0.17300000000000001
6113.018854,0.14300000000000002
6113.216853999999,0.039
6113.4150039999995,0.037
6113.612854,0.062
6113.812554,0.083
6114.008854,0.034
6114.206854,0.083
6114.405003999999,0.085
6114.603004,0.064
6114.801104,0.12
6114.9991039999995,0.053
6115.196854,0.021
6115.394854,0.016
6115.593003999999,0.006
6115.791154,0.064
6115.989103999999,0.073
6116.188303999999,0.0
6116.385053999999,0.02
6116.583054,0.015
6116.781304,0.05
6116.979154,0.017
6117.177103999999,0.028
6117.375054,0.019
6117.5730539999995,0.139
6117.772854,0.058
6117.969153999999,0.018000000000000002
6118.167154,0.066
6118.366954,0.097
6118.563053999999,0.019
6118.761304,0.067
6118.959304,0.158
6119.1571539999995,0.076
6119.355304,0.176
6119.553054,0.026000000000000002
6119.751303999999,0.022
6119.949304,0.042
6120.147304,0.049
6120.3453039999995,0.045
6120.543304,0.06
6120.741354,0.078
6120.939354,0.05
6121.1373539999995,0.043000000000000003
6121.335354,0.057
6121.533354,0.034
6121.733154,0.057
6122.126604,0.063
6122.522604,0.121
6122.720604,0.145
6122.9186039999995,0.015
6123.116604,0.005
6123.314604,0.055
6123.512854,0.14100000000000001
6123.710604,0.097
6123.908853999999,0.065
6124.107304,0.067
6124.304654,0.07100000000000001
6124.502853999999,0.031
6124.700604,0.064
6124.898854,0.022
6125.0982539999995,0.24
6125.294653999999,0.14
6125.492854,0.056
6125.6908539999995,0.011
6125.8889039999995,0.06
6126.086904,0.08700000000000001
6126.284654,0.08
6126.4829039999995,0.082
6126.680904,0.043000000000000003
6126.878904,0.021
6127.076904,0.066
6127.274654,0.08
6127.473504,0.05
6127.670904,0.1
6127.869054,0.024
6128.068504,0.035
6128.264904,0.147
6128.462904,0.026000000000000002
6128.660903999999,0.088
6128.859054,0.028
6129.056904,0.07
6129.254903999999,0.096
6129.453104,0.083
6129.652604,0.054
6129.849104,0.083
6130.047103999999,0.089
6130.244954,0.095
6130.443154,0.051000000000000004
6130.6409539999995,0.124
6130.839104,0.08
6131.038804,0.076
6131.234954,0.096
6131.433153999999,0.114
6131.631154,0.078
6131.829154,0.079
6132.027153999999,0.11900000000000001
6132.225154,0.11
6132.423154,0.045
6132.6211539999995,0.052000000000000005
6132.820704,0.116
6133.017154,0.14100000000000001
6133.2151539999995,0.07
6133.414404,0.17400000000000002
6133.611154,0.113
6133.809404,0.055
6134.008854,0.056
6134.205153999999,0.148
6134.4033039999995,0.123
6134.602954,0.048
6134.799403999999,0.028
6134.997404,0.08700000000000001
6135.195154,0.133
6135.393304,0.162
6135.591554,0.07100000000000001
6135.789404,0.126
6135.988854,0.127
6136.185203999999,0.041
6136.383354,0.026000000000000002
6136.582203999999,0.018000000000000002
6136.779404,0.105
6136.977403999999,0.082
6137.175404,0.005
6137.373603999999,0.044
6137.571604,0.134
6137.7695539999995,0.10200000000000001
6137.967454,0.097
6138.165454,0.025
6138.363354,0.097
6138.5616039999995,0.043000000000000003
6138.759604,0.085
6138.957604,0.043000000000000003
6139.155454,0.115
6139.353604,0.081
6139.553354,0.079
6139.749604,0.08700000000000001
6139.947604,0.113
6140.145504,0.036000000000000004
6140.3446539999995,0.149
6140.541654,0.065
6140.739603999999,0.094
6140.937604,0.16
6141.135604,0.1
6141.3336039999995,0.068
6141.531653999999,0.112
6141.729654,0.101
6142.124903999999,0.14100000000000001
6142.520904,0.114
6142.718903999999,0.063
6142.916904,0.009000000000000001
6143.114904,0.013000000000000001
6143.312954,0.058
6143.510953999999,0.041
6143.709154,0.083
6143.9069039999995,0.061
6144.104904,0.112
6144.302904,0.152
6144.501154,0.031
6144.699154,0.08600000000000001
6144.897153999999,0.046
6145.094954,0.024
6145.293454,0.051000000000000004
6145.491204,0.093
6145.689203999999,0.048
6145.887204,0.099
6146.085153999999,0.043000000000000003
6146.282953999999,0.044
6146.481154,0.114
6146.679354,0.045
6146.877203999999,0.008
6147.075204,0.014
6147.273004,0.019
6147.4712039999995,0.044
6147.669354,0.054
6147.867354,0.085
6148.0652039999995,0.053
6148.2641539999995,0.027
6148.461203999999,0.061
6148.659353999999,0.088
6148.857354,0.107
6149.055203999999,0.225
6149.253253999999,0.161
6149.451254,0.126
6149.649404,0.038
6149.847404,0.031
6150.0454039999995,0.079
6150.243254,0.013000000000000001
6150.441404,0.094
6150.639404,0.181
6150.837404,0.07
6151.035403999999,0.707
6151.235004,0.728
6151.431454,1.091
6151.629653999999,0.9
6151.827404,1.224
6152.025404,1.278
6152.223554,1.137
6152.421404,1.655
6152.619654,2.101
6152.817454,2.566
6153.015453999999,2.957
6153.213454,3.281
6153.411604,3.611
6153.6097039999995,3.602
6153.807704,3.5460000000000003
6154.005454,3.854
6154.203603999999,3.975
6154.401604,4.098
6154.599654,4.308
6154.797704,4.478
6154.995454,4.538
6155.193504,4.42
6155.3934039999995,4.759
6155.589854,4.9590000000000005
6155.787703999999,4.779
6155.985704,4.673
6156.183454,4.966
6156.381604,5.133
6156.579954,5.6160000000000005
6156.777704,5.906
6156.9757039999995,6.23
6157.173854,6.533
6157.373304,6.721
6157.569853999999,6.94
6157.769804,7.32
6157.965754,7.578
6158.163754,7.727
6158.361653999999,7.86
6158.559654,8.125
6158.7578539999995,8.438
6158.9559039999995,8.55
6159.153754,8.631
6159.351904,8.691
6159.550104,8.784
6159.747904,8.947000000000001
6159.945904,9.082
6160.143904,9.142
6160.341904,9.214
6160.539654,9.408
6160.737904,9.433
6160.935904,9.435
6161.133903999999,9.518
6161.331953999999,9.697000000000001
6161.727154,9.901
6162.1232039999995,10.009
6162.321204,10.03
6162.519204,10.05
6162.717404,10.217
6162.915204,10.261000000000001
6163.1148539999995,10.284
6163.311454,10.291
6163.509204,10.373
6163.707453999999,10.475
6163.905204,10.568
6164.103204,10.76
6164.301203999999,10.739
6164.499454,10.723
6164.697454,10.759
6164.8954539999995,10.926
6165.093253999999,10.865
6165.291254,10.958
6165.489454,10.950000000000001
6165.687454,11.13
6165.885453999999,11.198
6166.083254,11.27
6166.281454,11.284
6166.479453999999,11.298
6166.677654,11.234
6166.875504,11.193
6167.074954,11.023
6167.271253999999,10.883000000000001
6167.469504,10.639
6167.667654,10.613
6167.865503999999,10.479000000000001
6168.063504,10.349
6168.261504,10.143
6168.4595039999995,10.025
6168.657654,10.079
6168.855704,10.14
6169.053554,9.969
6169.251703999999,9.795
6169.449504,9.726
6169.647653999999,9.631
6169.847304,9.431000000000001
6170.043654,9.370000000000001
6170.241553999999,9.187
6170.439703999999,9.200000000000001
6170.637704,9.1
6170.835704,8.886000000000001
6171.0337039999995,9.003
6171.231554,9.078
6171.429704,8.937
6171.6277039999995,9.045
6171.825704,8.798
6172.023703999999,8.666
6172.223604,8.514
6172.419704,8.411
6172.617953999999,8.314
6172.815753999999,8.189
6173.013754,8.174
6173.211754,8.126
6173.409753999999,8.012
6173.607954,7.832
6173.8059539999995,7.656000000000001
6174.003753999999,7.492
6174.201954,7.399
6174.399904,7.132000000000001
6174.5980039999995,6.942
6174.796004,6.853
6174.993754,6.628
6175.191954,6.622
6175.389904,6.307
6175.588003999999,6.126
6175.786004,6.182
6175.984004,6.141
6176.183403999999,6.104
6176.379903999999,6.105
6176.579554,5.804
6176.776054,5.8020000000000005
6176.974053999999,5.665
6177.171804,5.564
6177.369954,5.798
6177.568204,6.061
6177.766154,6.3020000000000005
6177.9640039999995,6.148
6178.162154,6.203
6178.359954,6.25
6178.558153999999,6.46
6178.756604,6.7330000000000005
6178.954054,6.9670000000000005
6179.152054,7.272
6179.350203999999,7.515000000000001
6179.548204,7.569
6179.746204,7.913
6179.944704,8.079
6180.142104,8.166
6180.340204,8.3
6180.5382039999995,8.35
6180.7362539999995,8.313
6180.934204,8.526
6181.133503999999,8.613
6181.3302539999995,8.745000000000001
6181.725453999999,8.821
6181.923503999999,8.858
6182.121504,8.933
6182.319504,9.091
6182.5175039999995,9.288
6182.717154,9.185
6182.913504,9.402000000000001
6183.1115039999995,9.364
6183.309504,9.302
6183.507504,9.429
6183.705754,9.473
6183.903504,9.52
6184.101554,9.55
6184.299754,9.543000000000001
6184.497554,9.718
6184.695753999999,9.64
